2026-02-22 04:30:29.299 | INFO     | __main__:main:156 - ============================================================
2026-02-22 04:30:29.299 | INFO     | __main__:main:157 - 모델: Qwen/Qwen2.5-14B-Instruct
2026-02-22 04:30:29.299 | INFO     | __main__:main:158 - 출력 경로: /root/SKN20-FINAL-2TEAM/SLLM_model/outputs/qwen2.5-14b-lora
2026-02-22 04:30:29.299 | INFO     | __main__:main:159 - epochs=2, batch_size=2, lr=3e-05
2026-02-22 04:30:29.299 | INFO     | __main__:main:160 - ============================================================
2026-02-22 04:30:33.308 | INFO     | __main__:load_sft_data:129 - 데이터 로드: 17377건 (/root/SKN20-FINAL-2TEAM/SLLM_model/data/sllm_qwen_data/sllm_train.xlsx)
2026-02-22 04:30:36.047 | INFO     | __main__:load_sft_data:145 - 유효 샘플: 17377건
2026-02-22 04:30:38.642 | INFO     | __main__:load_sft_data:129 - 데이터 로드: 4317건 (/root/SKN20-FINAL-2TEAM/SLLM_model/data/sllm_qwen_data/sllm_test.xlsx)
2026-02-22 04:30:39.521 | INFO     | __main__:load_sft_data:145 - 유효 샘플: 4317건
2026-02-22 04:38:30.593 | INFO     | __main__:main:300 - 학습 시작...
2026-02-22 04:39:10.745 | INFO     | __main__:on_log:99 - step=5 | loss=0.520800 | grad_norm=2.518854 | learning_rate=0.000000 | epoch=0.000575
2026-02-22 04:39:50.269 | INFO     | __main__:on_log:99 - step=10 | loss=0.649100 | grad_norm=1.350092 | learning_rate=0.000000 | epoch=0.001151
2026-02-22 04:40:29.849 | INFO     | __main__:on_log:99 - step=15 | loss=0.468900 | grad_norm=0.830088 | learning_rate=0.000000 | epoch=0.001726
2026-02-22 04:41:09.413 | INFO     | __main__:on_log:99 - step=20 | loss=0.535900 | grad_norm=0.945928 | learning_rate=0.000001 | epoch=0.002302
2026-02-22 04:41:49.004 | INFO     | __main__:on_log:99 - step=25 | loss=0.434800 | grad_norm=2.742305 | learning_rate=0.000001 | epoch=0.002877
2026-02-22 04:42:28.615 | INFO     | __main__:on_log:99 - step=30 | loss=0.537500 | grad_norm=0.534101 | learning_rate=0.000001 | epoch=0.003453
2026-02-22 04:43:08.235 | INFO     | __main__:on_log:99 - step=35 | loss=0.452600 | grad_norm=0.812422 | learning_rate=0.000001 | epoch=0.004028
2026-02-22 04:43:47.882 | INFO     | __main__:on_log:99 - step=40 | loss=0.363000 | grad_norm=0.480444 | learning_rate=0.000001 | epoch=0.004604
2026-02-22 04:44:27.481 | INFO     | __main__:on_log:99 - step=45 | loss=0.516100 | grad_norm=1.005695 | learning_rate=0.000002 | epoch=0.005179
2026-02-22 04:45:07.104 | INFO     | __main__:on_log:99 - step=50 | loss=0.483300 | grad_norm=0.744890 | learning_rate=0.000002 | epoch=0.005754
2026-02-22 04:45:46.727 | INFO     | __main__:on_log:99 - step=55 | loss=0.373700 | grad_norm=1.459334 | learning_rate=0.000002 | epoch=0.006330
2026-02-22 04:46:26.349 | INFO     | __main__:on_log:99 - step=60 | loss=0.457800 | grad_norm=0.644954 | learning_rate=0.000002 | epoch=0.006905
2026-02-22 04:47:05.978 | INFO     | __main__:on_log:99 - step=65 | loss=0.428400 | grad_norm=0.787146 | learning_rate=0.000002 | epoch=0.007481
2026-02-22 04:47:45.538 | INFO     | __main__:on_log:99 - step=70 | loss=0.611400 | grad_norm=1.337237 | learning_rate=0.000002 | epoch=0.008056
2026-02-22 04:48:25.161 | INFO     | __main__:on_log:99 - step=75 | loss=0.362600 | grad_norm=0.738890 | learning_rate=0.000003 | epoch=0.008632
2026-02-22 04:49:04.814 | INFO     | __main__:on_log:99 - step=80 | loss=0.407600 | grad_norm=0.684750 | learning_rate=0.000003 | epoch=0.009207
2026-02-22 04:49:44.434 | INFO     | __main__:on_log:99 - step=85 | loss=0.380100 | grad_norm=0.824908 | learning_rate=0.000003 | epoch=0.009782
2026-02-22 04:50:24.065 | INFO     | __main__:on_log:99 - step=90 | loss=0.428100 | grad_norm=0.878980 | learning_rate=0.000003 | epoch=0.010358
2026-02-22 04:51:03.636 | INFO     | __main__:on_log:99 - step=95 | loss=0.437500 | grad_norm=0.587908 | learning_rate=0.000003 | epoch=0.010933
2026-02-22 04:51:43.196 | INFO     | __main__:on_log:99 - step=100 | loss=0.396800 | grad_norm=0.774297 | learning_rate=0.000003 | epoch=0.011509
2026-02-22 04:52:22.743 | INFO     | __main__:on_log:99 - step=105 | loss=0.371600 | grad_norm=0.430775 | learning_rate=0.000004 | epoch=0.012084
2026-02-22 04:53:02.421 | INFO     | __main__:on_log:99 - step=110 | loss=0.335400 | grad_norm=0.473345 | learning_rate=0.000004 | epoch=0.012660
2026-02-22 04:53:41.974 | INFO     | __main__:on_log:99 - step=115 | loss=0.373300 | grad_norm=0.536788 | learning_rate=0.000004 | epoch=0.013235
2026-02-22 04:54:21.596 | INFO     | __main__:on_log:99 - step=120 | loss=0.314400 | grad_norm=0.458622 | learning_rate=0.000004 | epoch=0.013811
2026-02-22 04:55:01.213 | INFO     | __main__:on_log:99 - step=125 | loss=0.282900 | grad_norm=0.410261 | learning_rate=0.000004 | epoch=0.014386
2026-02-22 04:55:40.808 | INFO     | __main__:on_log:99 - step=130 | loss=0.296200 | grad_norm=0.948485 | learning_rate=0.000004 | epoch=0.014961
2026-02-22 04:56:20.472 | INFO     | __main__:on_log:99 - step=135 | loss=0.245900 | grad_norm=0.841589 | learning_rate=0.000005 | epoch=0.015537
2026-02-22 04:57:00.094 | INFO     | __main__:on_log:99 - step=140 | loss=0.272900 | grad_norm=0.582569 | learning_rate=0.000005 | epoch=0.016112
2026-02-22 04:57:39.715 | INFO     | __main__:on_log:99 - step=145 | loss=0.220900 | grad_norm=0.614822 | learning_rate=0.000005 | epoch=0.016688
2026-02-22 04:58:19.269 | INFO     | __main__:on_log:99 - step=150 | loss=0.254300 | grad_norm=0.683051 | learning_rate=0.000005 | epoch=0.017263
2026-02-22 04:58:58.887 | INFO     | __main__:on_log:99 - step=155 | loss=0.209900 | grad_norm=0.656719 | learning_rate=0.000005 | epoch=0.017839
2026-02-22 04:59:38.504 | INFO     | __main__:on_log:99 - step=160 | loss=0.210600 | grad_norm=0.427900 | learning_rate=0.000005 | epoch=0.018414
2026-02-22 05:00:18.162 | INFO     | __main__:on_log:99 - step=165 | loss=0.137300 | grad_norm=0.569022 | learning_rate=0.000006 | epoch=0.018990
2026-02-22 05:00:57.736 | INFO     | __main__:on_log:99 - step=170 | loss=0.198400 | grad_norm=0.622385 | learning_rate=0.000006 | epoch=0.019565
2026-02-22 05:01:37.327 | INFO     | __main__:on_log:99 - step=175 | loss=0.159200 | grad_norm=0.452859 | learning_rate=0.000006 | epoch=0.020140
2026-02-22 05:02:16.974 | INFO     | __main__:on_log:99 - step=180 | loss=0.192800 | grad_norm=0.584329 | learning_rate=0.000006 | epoch=0.020716
2026-02-22 05:02:56.543 | INFO     | __main__:on_log:99 - step=185 | loss=0.205000 | grad_norm=0.782007 | learning_rate=0.000006 | epoch=0.021291
2026-02-22 05:03:36.159 | INFO     | __main__:on_log:99 - step=190 | loss=0.163100 | grad_norm=0.941556 | learning_rate=0.000007 | epoch=0.021867
2026-02-22 05:04:15.819 | INFO     | __main__:on_log:99 - step=195 | loss=0.113900 | grad_norm=0.392053 | learning_rate=0.000007 | epoch=0.022442
2026-02-22 05:04:55.453 | INFO     | __main__:on_log:99 - step=200 | loss=0.185900 | grad_norm=0.359161 | learning_rate=0.000007 | epoch=0.023018
2026-02-22 05:05:35.043 | INFO     | __main__:on_log:99 - step=205 | loss=0.166800 | grad_norm=0.532334 | learning_rate=0.000007 | epoch=0.023593
2026-02-22 05:06:14.657 | INFO     | __main__:on_log:99 - step=210 | loss=0.150200 | grad_norm=1.291829 | learning_rate=0.000007 | epoch=0.024168
2026-02-22 05:06:54.230 | INFO     | __main__:on_log:99 - step=215 | loss=0.135300 | grad_norm=0.417749 | learning_rate=0.000007 | epoch=0.024744
2026-02-22 05:07:33.848 | INFO     | __main__:on_log:99 - step=220 | loss=0.195900 | grad_norm=0.500359 | learning_rate=0.000008 | epoch=0.025319
2026-02-22 05:08:13.468 | INFO     | __main__:on_log:99 - step=225 | loss=0.155300 | grad_norm=0.481675 | learning_rate=0.000008 | epoch=0.025895
2026-02-22 05:08:53.078 | INFO     | __main__:on_log:99 - step=230 | loss=0.167400 | grad_norm=0.862202 | learning_rate=0.000008 | epoch=0.026470
2026-02-22 05:09:32.720 | INFO     | __main__:on_log:99 - step=235 | loss=0.158700 | grad_norm=0.626829 | learning_rate=0.000008 | epoch=0.027046
2026-02-22 05:10:12.331 | INFO     | __main__:on_log:99 - step=240 | loss=0.109900 | grad_norm=0.977984 | learning_rate=0.000008 | epoch=0.027621
2026-02-22 05:10:51.919 | INFO     | __main__:on_log:99 - step=245 | loss=0.113100 | grad_norm=0.539541 | learning_rate=0.000008 | epoch=0.028197
2026-02-22 05:11:31.536 | INFO     | __main__:on_log:99 - step=250 | loss=0.122700 | grad_norm=0.817197 | learning_rate=0.000009 | epoch=0.028772
2026-02-22 05:12:11.138 | INFO     | __main__:on_log:99 - step=255 | loss=0.146400 | grad_norm=0.499786 | learning_rate=0.000009 | epoch=0.029347
2026-02-22 05:12:50.725 | INFO     | __main__:on_log:99 - step=260 | loss=0.124300 | grad_norm=0.619679 | learning_rate=0.000009 | epoch=0.029923
2026-02-22 05:13:30.330 | INFO     | __main__:on_log:99 - step=265 | loss=0.158300 | grad_norm=0.639617 | learning_rate=0.000009 | epoch=0.030498
2026-02-22 05:14:10.011 | INFO     | __main__:on_log:99 - step=270 | loss=0.120200 | grad_norm=0.671029 | learning_rate=0.000009 | epoch=0.031074
2026-02-22 05:14:49.621 | INFO     | __main__:on_log:99 - step=275 | loss=0.098400 | grad_norm=0.569817 | learning_rate=0.000009 | epoch=0.031649
2026-02-22 05:15:29.187 | INFO     | __main__:on_log:99 - step=280 | loss=0.132900 | grad_norm=0.640263 | learning_rate=0.000010 | epoch=0.032225
2026-02-22 05:16:08.818 | INFO     | __main__:on_log:99 - step=285 | loss=0.135900 | grad_norm=0.931569 | learning_rate=0.000010 | epoch=0.032800
2026-02-22 05:16:48.412 | INFO     | __main__:on_log:99 - step=290 | loss=0.081900 | grad_norm=0.530932 | learning_rate=0.000010 | epoch=0.033376
2026-02-22 05:17:28.021 | INFO     | __main__:on_log:99 - step=295 | loss=0.125100 | grad_norm=0.631969 | learning_rate=0.000010 | epoch=0.033951
2026-02-22 05:18:07.602 | INFO     | __main__:on_log:99 - step=300 | loss=0.160000 | grad_norm=0.787605 | learning_rate=0.000010 | epoch=0.034526
2026-02-22 05:18:47.215 | INFO     | __main__:on_log:99 - step=305 | loss=0.125300 | grad_norm=0.515687 | learning_rate=0.000010 | epoch=0.035102
2026-02-22 05:19:26.897 | INFO     | __main__:on_log:99 - step=310 | loss=0.098000 | grad_norm=0.760668 | learning_rate=0.000011 | epoch=0.035677
2026-02-22 05:20:06.491 | INFO     | __main__:on_log:99 - step=315 | loss=0.127400 | grad_norm=0.715540 | learning_rate=0.000011 | epoch=0.036253
2026-02-22 05:20:46.092 | INFO     | __main__:on_log:99 - step=320 | loss=0.096700 | grad_norm=0.698077 | learning_rate=0.000011 | epoch=0.036828
2026-02-22 05:21:25.735 | INFO     | __main__:on_log:99 - step=325 | loss=0.133500 | grad_norm=1.084308 | learning_rate=0.000011 | epoch=0.037404
2026-02-22 05:22:05.359 | INFO     | __main__:on_log:99 - step=330 | loss=0.111500 | grad_norm=0.879933 | learning_rate=0.000011 | epoch=0.037979
2026-02-22 05:22:44.987 | INFO     | __main__:on_log:99 - step=335 | loss=0.145800 | grad_norm=0.682596 | learning_rate=0.000012 | epoch=0.038554
2026-02-22 05:23:24.638 | INFO     | __main__:on_log:99 - step=340 | loss=0.119900 | grad_norm=0.597711 | learning_rate=0.000012 | epoch=0.039130
2026-02-22 05:24:04.238 | INFO     | __main__:on_log:99 - step=345 | loss=0.088800 | grad_norm=0.479651 | learning_rate=0.000012 | epoch=0.039705
2026-02-22 05:24:43.872 | INFO     | __main__:on_log:99 - step=350 | loss=0.090100 | grad_norm=0.623232 | learning_rate=0.000012 | epoch=0.040281
2026-02-22 05:25:23.491 | INFO     | __main__:on_log:99 - step=355 | loss=0.083500 | grad_norm=0.526598 | learning_rate=0.000012 | epoch=0.040856
2026-02-22 05:26:03.150 | INFO     | __main__:on_log:99 - step=360 | loss=0.119000 | grad_norm=0.685515 | learning_rate=0.000012 | epoch=0.041432
2026-02-22 05:26:42.731 | INFO     | __main__:on_log:99 - step=365 | loss=0.094800 | grad_norm=0.749155 | learning_rate=0.000013 | epoch=0.042007
2026-02-22 05:27:22.348 | INFO     | __main__:on_log:99 - step=370 | loss=0.130800 | grad_norm=0.596679 | learning_rate=0.000013 | epoch=0.042583
2026-02-22 05:28:01.985 | INFO     | __main__:on_log:99 - step=375 | loss=0.119600 | grad_norm=0.368893 | learning_rate=0.000013 | epoch=0.043158
2026-02-22 05:28:41.570 | INFO     | __main__:on_log:99 - step=380 | loss=0.107700 | grad_norm=0.532536 | learning_rate=0.000013 | epoch=0.043733
2026-02-22 05:29:21.156 | INFO     | __main__:on_log:99 - step=385 | loss=0.089800 | grad_norm=0.373489 | learning_rate=0.000013 | epoch=0.044309
2026-02-22 05:30:00.815 | INFO     | __main__:on_log:99 - step=390 | loss=0.106700 | grad_norm=0.376138 | learning_rate=0.000013 | epoch=0.044884
2026-02-22 05:30:40.363 | INFO     | __main__:on_log:99 - step=395 | loss=0.104700 | grad_norm=0.498090 | learning_rate=0.000014 | epoch=0.045460
2026-02-22 05:31:19.980 | INFO     | __main__:on_log:99 - step=400 | loss=0.110500 | grad_norm=0.313477 | learning_rate=0.000014 | epoch=0.046035
2026-02-22 05:31:59.548 | INFO     | __main__:on_log:99 - step=405 | loss=0.132400 | grad_norm=0.708840 | learning_rate=0.000014 | epoch=0.046611
2026-02-22 05:32:39.148 | INFO     | __main__:on_log:99 - step=410 | loss=0.097300 | grad_norm=0.702289 | learning_rate=0.000014 | epoch=0.047186
2026-02-22 05:33:18.701 | INFO     | __main__:on_log:99 - step=415 | loss=0.101900 | grad_norm=0.593733 | learning_rate=0.000014 | epoch=0.047762
2026-02-22 05:33:58.271 | INFO     | __main__:on_log:99 - step=420 | loss=0.079800 | grad_norm=0.538410 | learning_rate=0.000014 | epoch=0.048337
2026-02-22 05:34:37.913 | INFO     | __main__:on_log:99 - step=425 | loss=0.087300 | grad_norm=0.768788 | learning_rate=0.000015 | epoch=0.048912
2026-02-22 05:35:17.533 | INFO     | __main__:on_log:99 - step=430 | loss=0.107300 | grad_norm=0.593899 | learning_rate=0.000015 | epoch=0.049488
2026-02-22 05:35:57.110 | INFO     | __main__:on_log:99 - step=435 | loss=0.102600 | grad_norm=0.420266 | learning_rate=0.000015 | epoch=0.050063
2026-02-22 05:36:36.737 | INFO     | __main__:on_log:99 - step=440 | loss=0.081800 | grad_norm=0.454228 | learning_rate=0.000015 | epoch=0.050639
2026-02-22 05:37:16.333 | INFO     | __main__:on_log:99 - step=445 | loss=0.114500 | grad_norm=0.483933 | learning_rate=0.000015 | epoch=0.051214
2026-02-22 05:37:56.008 | INFO     | __main__:on_log:99 - step=450 | loss=0.103000 | grad_norm=0.716016 | learning_rate=0.000016 | epoch=0.051790
2026-02-22 05:38:35.634 | INFO     | __main__:on_log:99 - step=455 | loss=0.088100 | grad_norm=0.687783 | learning_rate=0.000016 | epoch=0.052365
2026-02-22 05:39:15.203 | INFO     | __main__:on_log:99 - step=460 | loss=0.098200 | grad_norm=0.676608 | learning_rate=0.000016 | epoch=0.052940
2026-02-22 05:39:54.772 | INFO     | __main__:on_log:99 - step=465 | loss=0.095000 | grad_norm=0.356738 | learning_rate=0.000016 | epoch=0.053516
2026-02-22 05:40:34.351 | INFO     | __main__:on_log:99 - step=470 | loss=0.094100 | grad_norm=0.754853 | learning_rate=0.000016 | epoch=0.054091
2026-02-22 05:41:13.974 | INFO     | __main__:on_log:99 - step=475 | loss=0.103500 | grad_norm=0.523284 | learning_rate=0.000016 | epoch=0.054667
2026-02-22 05:41:53.557 | INFO     | __main__:on_log:99 - step=480 | loss=0.110800 | grad_norm=0.379343 | learning_rate=0.000017 | epoch=0.055242
2026-02-22 05:42:33.195 | INFO     | __main__:on_log:99 - step=485 | loss=0.086000 | grad_norm=0.510024 | learning_rate=0.000017 | epoch=0.055818
2026-02-22 05:43:12.832 | INFO     | __main__:on_log:99 - step=490 | loss=0.068100 | grad_norm=0.428771 | learning_rate=0.000017 | epoch=0.056393
2026-02-22 05:43:52.423 | INFO     | __main__:on_log:99 - step=495 | loss=0.085600 | grad_norm=0.944088 | learning_rate=0.000017 | epoch=0.056969
2026-02-22 05:44:32.018 | INFO     | __main__:on_log:99 - step=500 | loss=0.093900 | grad_norm=0.446448 | learning_rate=0.000017 | epoch=0.057544
2026-02-22 05:45:11.621 | INFO     | __main__:on_log:99 - step=505 | loss=0.103000 | grad_norm=0.338107 | learning_rate=0.000017 | epoch=0.058119
2026-02-22 05:45:51.177 | INFO     | __main__:on_log:99 - step=510 | loss=0.094100 | grad_norm=0.507120 | learning_rate=0.000018 | epoch=0.058695
2026-02-22 05:46:30.757 | INFO     | __main__:on_log:99 - step=515 | loss=0.142800 | grad_norm=0.580074 | learning_rate=0.000018 | epoch=0.059270
2026-02-22 05:47:10.329 | INFO     | __main__:on_log:99 - step=520 | loss=0.114300 | grad_norm=0.367241 | learning_rate=0.000018 | epoch=0.059846
2026-02-22 05:47:49.973 | INFO     | __main__:on_log:99 - step=525 | loss=0.098300 | grad_norm=0.466057 | learning_rate=0.000018 | epoch=0.060421
2026-02-22 05:48:29.514 | INFO     | __main__:on_log:99 - step=530 | loss=0.103100 | grad_norm=0.468932 | learning_rate=0.000018 | epoch=0.060997
2026-02-22 05:49:09.126 | INFO     | __main__:on_log:99 - step=535 | loss=0.093200 | grad_norm=0.653246 | learning_rate=0.000018 | epoch=0.061572
2026-02-22 05:49:48.711 | INFO     | __main__:on_log:99 - step=540 | loss=0.079000 | grad_norm=0.361540 | learning_rate=0.000019 | epoch=0.062148
2026-02-22 05:50:28.327 | INFO     | __main__:on_log:99 - step=545 | loss=0.106600 | grad_norm=0.629084 | learning_rate=0.000019 | epoch=0.062723
2026-02-22 05:51:08.061 | INFO     | __main__:on_log:99 - step=550 | loss=0.074400 | grad_norm=0.393191 | learning_rate=0.000019 | epoch=0.063298
2026-02-22 05:51:47.655 | INFO     | __main__:on_log:99 - step=555 | loss=0.075500 | grad_norm=0.560905 | learning_rate=0.000019 | epoch=0.063874
2026-02-22 05:52:27.232 | INFO     | __main__:on_log:99 - step=560 | loss=0.109400 | grad_norm=0.543357 | learning_rate=0.000019 | epoch=0.064449
2026-02-22 05:53:06.851 | INFO     | __main__:on_log:99 - step=565 | loss=0.091800 | grad_norm=0.355615 | learning_rate=0.000019 | epoch=0.065025
2026-02-22 05:53:46.397 | INFO     | __main__:on_log:99 - step=570 | loss=0.086700 | grad_norm=0.911719 | learning_rate=0.000020 | epoch=0.065600
2026-02-22 05:54:26.005 | INFO     | __main__:on_log:99 - step=575 | loss=0.113800 | grad_norm=0.649296 | learning_rate=0.000020 | epoch=0.066176
2026-02-22 05:55:05.631 | INFO     | __main__:on_log:99 - step=580 | loss=0.111300 | grad_norm=0.481719 | learning_rate=0.000020 | epoch=0.066751
2026-02-22 05:55:45.333 | INFO     | __main__:on_log:99 - step=585 | loss=0.100900 | grad_norm=0.547769 | learning_rate=0.000020 | epoch=0.067327
2026-02-22 05:56:24.976 | INFO     | __main__:on_log:99 - step=590 | loss=0.089300 | grad_norm=0.838876 | learning_rate=0.000020 | epoch=0.067902
2026-02-22 05:57:04.540 | INFO     | __main__:on_log:99 - step=595 | loss=0.085800 | grad_norm=0.633420 | learning_rate=0.000021 | epoch=0.068477
2026-02-22 05:57:44.161 | INFO     | __main__:on_log:99 - step=600 | loss=0.084300 | grad_norm=1.020674 | learning_rate=0.000021 | epoch=0.069053
2026-02-22 05:58:23.792 | INFO     | __main__:on_log:99 - step=605 | loss=0.086400 | grad_norm=0.293362 | learning_rate=0.000021 | epoch=0.069628
2026-02-22 05:59:03.404 | INFO     | __main__:on_log:99 - step=610 | loss=0.110100 | grad_norm=0.466422 | learning_rate=0.000021 | epoch=0.070204
2026-02-22 05:59:43.012 | INFO     | __main__:on_log:99 - step=615 | loss=0.131000 | grad_norm=0.471359 | learning_rate=0.000021 | epoch=0.070779
2026-02-22 06:00:22.645 | INFO     | __main__:on_log:99 - step=620 | loss=0.107100 | grad_norm=0.573176 | learning_rate=0.000021 | epoch=0.071355
2026-02-22 06:01:02.240 | INFO     | __main__:on_log:99 - step=625 | loss=0.084100 | grad_norm=0.471072 | learning_rate=0.000022 | epoch=0.071930
2026-02-22 06:01:41.817 | INFO     | __main__:on_log:99 - step=630 | loss=0.070300 | grad_norm=0.484401 | learning_rate=0.000022 | epoch=0.072505
2026-02-22 06:02:21.432 | INFO     | __main__:on_log:99 - step=635 | loss=0.094200 | grad_norm=3.665912 | learning_rate=0.000022 | epoch=0.073081
2026-02-22 06:03:01.079 | INFO     | __main__:on_log:99 - step=640 | loss=0.077200 | grad_norm=0.553268 | learning_rate=0.000022 | epoch=0.073656
2026-02-22 06:03:40.693 | INFO     | __main__:on_log:99 - step=645 | loss=0.097600 | grad_norm=0.566938 | learning_rate=0.000022 | epoch=0.074232
2026-02-22 06:04:20.335 | INFO     | __main__:on_log:99 - step=650 | loss=0.109700 | grad_norm=0.706177 | learning_rate=0.000022 | epoch=0.074807
2026-02-22 06:04:59.973 | INFO     | __main__:on_log:99 - step=655 | loss=0.088800 | grad_norm=0.370307 | learning_rate=0.000023 | epoch=0.075383
2026-02-22 06:05:39.617 | INFO     | __main__:on_log:99 - step=660 | loss=0.094700 | grad_norm=0.575363 | learning_rate=0.000023 | epoch=0.075958
2026-02-22 06:06:19.243 | INFO     | __main__:on_log:99 - step=665 | loss=0.089400 | grad_norm=0.690716 | learning_rate=0.000023 | epoch=0.076534
2026-02-22 06:06:58.818 | INFO     | __main__:on_log:99 - step=670 | loss=0.079700 | grad_norm=0.736956 | learning_rate=0.000023 | epoch=0.077109
2026-02-22 06:07:38.352 | INFO     | __main__:on_log:99 - step=675 | loss=0.105900 | grad_norm=0.771190 | learning_rate=0.000023 | epoch=0.077684
2026-02-22 06:08:17.953 | INFO     | __main__:on_log:99 - step=680 | loss=0.089800 | grad_norm=0.394731 | learning_rate=0.000023 | epoch=0.078260
2026-02-22 06:08:57.568 | INFO     | __main__:on_log:99 - step=685 | loss=0.091100 | grad_norm=0.322594 | learning_rate=0.000024 | epoch=0.078835
2026-02-22 06:09:37.166 | INFO     | __main__:on_log:99 - step=690 | loss=0.084100 | grad_norm=1.323186 | learning_rate=0.000024 | epoch=0.079411
2026-02-22 06:10:16.784 | INFO     | __main__:on_log:99 - step=695 | loss=0.074200 | grad_norm=0.394476 | learning_rate=0.000024 | epoch=0.079986
2026-02-22 06:10:56.379 | INFO     | __main__:on_log:99 - step=700 | loss=0.081000 | grad_norm=1.068767 | learning_rate=0.000024 | epoch=0.080562
2026-02-22 06:11:36.022 | INFO     | __main__:on_log:99 - step=705 | loss=0.078900 | grad_norm=0.554453 | learning_rate=0.000024 | epoch=0.081137
2026-02-22 06:12:15.668 | INFO     | __main__:on_log:99 - step=710 | loss=0.076100 | grad_norm=0.532925 | learning_rate=0.000024 | epoch=0.081713
2026-02-22 06:12:55.269 | INFO     | __main__:on_log:99 - step=715 | loss=0.098100 | grad_norm=0.779556 | learning_rate=0.000025 | epoch=0.082288
2026-02-22 06:13:34.882 | INFO     | __main__:on_log:99 - step=720 | loss=0.056600 | grad_norm=0.640382 | learning_rate=0.000025 | epoch=0.082863
2026-02-22 06:14:14.467 | INFO     | __main__:on_log:99 - step=725 | loss=0.111000 | grad_norm=0.904947 | learning_rate=0.000025 | epoch=0.083439
2026-02-22 06:14:54.054 | INFO     | __main__:on_log:99 - step=730 | loss=0.103000 | grad_norm=0.763739 | learning_rate=0.000025 | epoch=0.084014
2026-02-22 06:15:33.595 | INFO     | __main__:on_log:99 - step=735 | loss=0.100600 | grad_norm=0.345191 | learning_rate=0.000025 | epoch=0.084590
2026-02-22 06:16:13.215 | INFO     | __main__:on_log:99 - step=740 | loss=0.077900 | grad_norm=0.478415 | learning_rate=0.000026 | epoch=0.085165
2026-02-22 06:16:52.778 | INFO     | __main__:on_log:99 - step=745 | loss=0.095600 | grad_norm=0.558750 | learning_rate=0.000026 | epoch=0.085741
2026-02-22 06:17:32.362 | INFO     | __main__:on_log:99 - step=750 | loss=0.102000 | grad_norm=0.597332 | learning_rate=0.000026 | epoch=0.086316
2026-02-22 06:18:11.955 | INFO     | __main__:on_log:99 - step=755 | loss=0.077200 | grad_norm=0.300316 | learning_rate=0.000026 | epoch=0.086891
2026-02-22 06:18:51.569 | INFO     | __main__:on_log:99 - step=760 | loss=0.081800 | grad_norm=0.634375 | learning_rate=0.000026 | epoch=0.087467
2026-02-22 06:19:31.186 | INFO     | __main__:on_log:99 - step=765 | loss=0.093800 | grad_norm=0.523362 | learning_rate=0.000026 | epoch=0.088042
2026-02-22 06:20:10.767 | INFO     | __main__:on_log:99 - step=770 | loss=0.101200 | grad_norm=0.511164 | learning_rate=0.000027 | epoch=0.088618
2026-02-22 06:20:50.356 | INFO     | __main__:on_log:99 - step=775 | loss=0.066400 | grad_norm=0.432821 | learning_rate=0.000027 | epoch=0.089193
2026-02-22 06:21:29.998 | INFO     | __main__:on_log:99 - step=780 | loss=0.076200 | grad_norm=0.491788 | learning_rate=0.000027 | epoch=0.089769
2026-02-22 06:22:09.601 | INFO     | __main__:on_log:99 - step=785 | loss=0.100400 | grad_norm=0.723912 | learning_rate=0.000027 | epoch=0.090344
2026-02-22 06:22:49.327 | INFO     | __main__:on_log:99 - step=790 | loss=0.074700 | grad_norm=0.478390 | learning_rate=0.000027 | epoch=0.090920
2026-02-22 06:23:28.930 | INFO     | __main__:on_log:99 - step=795 | loss=0.095800 | grad_norm=0.561376 | learning_rate=0.000027 | epoch=0.091495
2026-02-22 06:24:08.544 | INFO     | __main__:on_log:99 - step=800 | loss=0.098700 | grad_norm=0.577986 | learning_rate=0.000028 | epoch=0.092070
2026-02-22 06:24:48.123 | INFO     | __main__:on_log:99 - step=805 | loss=0.076900 | grad_norm=0.554022 | learning_rate=0.000028 | epoch=0.092646
2026-02-22 06:25:27.707 | INFO     | __main__:on_log:99 - step=810 | loss=0.081800 | grad_norm=0.328733 | learning_rate=0.000028 | epoch=0.093221
2026-02-22 06:26:07.375 | INFO     | __main__:on_log:99 - step=815 | loss=0.057100 | grad_norm=0.341842 | learning_rate=0.000028 | epoch=0.093797
2026-02-22 06:26:46.986 | INFO     | __main__:on_log:99 - step=820 | loss=0.079500 | grad_norm=0.288186 | learning_rate=0.000028 | epoch=0.094372
2026-02-22 06:27:26.585 | INFO     | __main__:on_log:99 - step=825 | loss=0.071800 | grad_norm=0.387373 | learning_rate=0.000028 | epoch=0.094948
2026-02-22 06:28:06.268 | INFO     | __main__:on_log:99 - step=830 | loss=0.094000 | grad_norm=0.549482 | learning_rate=0.000029 | epoch=0.095523
2026-02-22 06:28:45.866 | INFO     | __main__:on_log:99 - step=835 | loss=0.077600 | grad_norm=0.540778 | learning_rate=0.000029 | epoch=0.096099
2026-02-22 06:29:25.498 | INFO     | __main__:on_log:99 - step=840 | loss=0.041900 | grad_norm=0.530190 | learning_rate=0.000029 | epoch=0.096674
2026-02-22 06:30:05.143 | INFO     | __main__:on_log:99 - step=845 | loss=0.111200 | grad_norm=0.868713 | learning_rate=0.000029 | epoch=0.097249
2026-02-22 06:30:44.786 | INFO     | __main__:on_log:99 - step=850 | loss=0.069100 | grad_norm=0.388434 | learning_rate=0.000029 | epoch=0.097825
2026-02-22 06:31:24.355 | INFO     | __main__:on_log:99 - step=855 | loss=0.069400 | grad_norm=0.502698 | learning_rate=0.000029 | epoch=0.098400
2026-02-22 06:32:03.959 | INFO     | __main__:on_log:99 - step=860 | loss=0.080600 | grad_norm=0.591232 | learning_rate=0.000030 | epoch=0.098976
2026-02-22 06:32:43.615 | INFO     | __main__:on_log:99 - step=865 | loss=0.072800 | grad_norm=0.306601 | learning_rate=0.000030 | epoch=0.099551
2026-02-22 06:33:23.210 | INFO     | __main__:on_log:99 - step=870 | loss=0.097600 | grad_norm=0.870043 | learning_rate=0.000030 | epoch=0.100127
2026-02-22 06:34:02.765 | INFO     | __main__:on_log:99 - step=875 | loss=0.074100 | grad_norm=0.483836 | learning_rate=0.000030 | epoch=0.100702
2026-02-22 06:34:42.430 | INFO     | __main__:on_log:99 - step=880 | loss=0.078200 | grad_norm=0.353898 | learning_rate=0.000030 | epoch=0.101277
2026-02-22 06:35:22.008 | INFO     | __main__:on_log:99 - step=885 | loss=0.058600 | grad_norm=0.378484 | learning_rate=0.000030 | epoch=0.101853
2026-02-22 06:36:01.560 | INFO     | __main__:on_log:99 - step=890 | loss=0.072500 | grad_norm=0.444574 | learning_rate=0.000030 | epoch=0.102428
2026-02-22 06:36:41.141 | INFO     | __main__:on_log:99 - step=895 | loss=0.072000 | grad_norm=0.527312 | learning_rate=0.000030 | epoch=0.103004
2026-02-22 06:37:20.780 | INFO     | __main__:on_log:99 - step=900 | loss=0.064900 | grad_norm=0.579542 | learning_rate=0.000030 | epoch=0.103579
2026-02-22 06:38:00.395 | INFO     | __main__:on_log:99 - step=905 | loss=0.052000 | grad_norm=0.327371 | learning_rate=0.000030 | epoch=0.104155
2026-02-22 06:38:40.008 | INFO     | __main__:on_log:99 - step=910 | loss=0.075000 | grad_norm=0.400411 | learning_rate=0.000030 | epoch=0.104730
2026-02-22 06:39:19.637 | INFO     | __main__:on_log:99 - step=915 | loss=0.101100 | grad_norm=0.555361 | learning_rate=0.000030 | epoch=0.105306
2026-02-22 06:39:59.232 | INFO     | __main__:on_log:99 - step=920 | loss=0.065500 | grad_norm=0.484481 | learning_rate=0.000030 | epoch=0.105881
2026-02-22 06:40:38.880 | INFO     | __main__:on_log:99 - step=925 | loss=0.114500 | grad_norm=0.638603 | learning_rate=0.000030 | epoch=0.106456
2026-02-22 06:41:18.453 | INFO     | __main__:on_log:99 - step=930 | loss=0.090500 | grad_norm=0.580308 | learning_rate=0.000030 | epoch=0.107032
2026-02-22 06:41:58.058 | INFO     | __main__:on_log:99 - step=935 | loss=0.079000 | grad_norm=0.514720 | learning_rate=0.000030 | epoch=0.107607
2026-02-22 06:42:37.651 | INFO     | __main__:on_log:99 - step=940 | loss=0.073000 | grad_norm=0.532564 | learning_rate=0.000030 | epoch=0.108183
2026-02-22 06:43:17.220 | INFO     | __main__:on_log:99 - step=945 | loss=0.084800 | grad_norm=0.689757 | learning_rate=0.000030 | epoch=0.108758
2026-02-22 06:43:56.847 | INFO     | __main__:on_log:99 - step=950 | loss=0.083100 | grad_norm=0.856461 | learning_rate=0.000030 | epoch=0.109334
2026-02-22 06:44:36.503 | INFO     | __main__:on_log:99 - step=955 | loss=0.079900 | grad_norm=0.623120 | learning_rate=0.000030 | epoch=0.109909
2026-02-22 06:45:16.071 | INFO     | __main__:on_log:99 - step=960 | loss=0.094400 | grad_norm=0.678744 | learning_rate=0.000030 | epoch=0.110485
2026-02-22 06:45:55.674 | INFO     | __main__:on_log:99 - step=965 | loss=0.088900 | grad_norm=0.583992 | learning_rate=0.000030 | epoch=0.111060
2026-02-22 06:46:35.301 | INFO     | __main__:on_log:99 - step=970 | loss=0.088700 | grad_norm=0.271061 | learning_rate=0.000030 | epoch=0.111635
2026-02-22 06:47:14.924 | INFO     | __main__:on_log:99 - step=975 | loss=0.075300 | grad_norm=0.555807 | learning_rate=0.000030 | epoch=0.112211
2026-02-22 06:47:54.551 | INFO     | __main__:on_log:99 - step=980 | loss=0.072000 | grad_norm=0.531413 | learning_rate=0.000030 | epoch=0.112786
2026-02-22 06:48:34.168 | INFO     | __main__:on_log:99 - step=985 | loss=0.095900 | grad_norm=0.332621 | learning_rate=0.000030 | epoch=0.113362
2026-02-22 06:49:13.750 | INFO     | __main__:on_log:99 - step=990 | loss=0.118500 | grad_norm=0.663850 | learning_rate=0.000030 | epoch=0.113937
2026-02-22 06:49:53.329 | INFO     | __main__:on_log:99 - step=995 | loss=0.085900 | grad_norm=0.395738 | learning_rate=0.000030 | epoch=0.114513
2026-02-22 06:50:32.910 | INFO     | __main__:on_log:99 - step=1000 | loss=0.072200 | grad_norm=0.411903 | learning_rate=0.000030 | epoch=0.115088
2026-02-22 06:51:12.519 | INFO     | __main__:on_log:99 - step=1005 | loss=0.092200 | grad_norm=0.582554 | learning_rate=0.000030 | epoch=0.115663
2026-02-22 06:51:52.119 | INFO     | __main__:on_log:99 - step=1010 | loss=0.095600 | grad_norm=0.452149 | learning_rate=0.000030 | epoch=0.116239
2026-02-22 06:52:31.751 | INFO     | __main__:on_log:99 - step=1015 | loss=0.092700 | grad_norm=0.355928 | learning_rate=0.000030 | epoch=0.116814
2026-02-22 06:53:11.394 | INFO     | __main__:on_log:99 - step=1020 | loss=0.114800 | grad_norm=0.409395 | learning_rate=0.000030 | epoch=0.117390
2026-02-22 06:53:50.989 | INFO     | __main__:on_log:99 - step=1025 | loss=0.085300 | grad_norm=0.637378 | learning_rate=0.000030 | epoch=0.117965
2026-02-22 06:54:30.579 | INFO     | __main__:on_log:99 - step=1030 | loss=0.074800 | grad_norm=0.651599 | learning_rate=0.000030 | epoch=0.118541
2026-02-22 06:55:10.229 | INFO     | __main__:on_log:99 - step=1035 | loss=0.046600 | grad_norm=0.190791 | learning_rate=0.000030 | epoch=0.119116
2026-02-22 06:55:49.875 | INFO     | __main__:on_log:99 - step=1040 | loss=0.062800 | grad_norm=0.601412 | learning_rate=0.000030 | epoch=0.119692
2026-02-22 06:56:29.451 | INFO     | __main__:on_log:99 - step=1045 | loss=0.060800 | grad_norm=0.545969 | learning_rate=0.000030 | epoch=0.120267
2026-02-22 06:57:09.067 | INFO     | __main__:on_log:99 - step=1050 | loss=0.078000 | grad_norm=0.323733 | learning_rate=0.000030 | epoch=0.120842
2026-02-22 06:57:48.660 | INFO     | __main__:on_log:99 - step=1055 | loss=0.096700 | grad_norm=0.338525 | learning_rate=0.000030 | epoch=0.121418
2026-02-22 06:58:28.258 | INFO     | __main__:on_log:99 - step=1060 | loss=0.054200 | grad_norm=0.410620 | learning_rate=0.000030 | epoch=0.121993
2026-02-22 06:59:07.914 | INFO     | __main__:on_log:99 - step=1065 | loss=0.061300 | grad_norm=0.202402 | learning_rate=0.000030 | epoch=0.122569
2026-02-22 06:59:47.513 | INFO     | __main__:on_log:99 - step=1070 | loss=0.084400 | grad_norm=0.492502 | learning_rate=0.000030 | epoch=0.123144
2026-02-22 07:00:27.148 | INFO     | __main__:on_log:99 - step=1075 | loss=0.073700 | grad_norm=0.536099 | learning_rate=0.000030 | epoch=0.123720
2026-02-22 07:01:06.787 | INFO     | __main__:on_log:99 - step=1080 | loss=0.074100 | grad_norm=0.386656 | learning_rate=0.000030 | epoch=0.124295
2026-02-22 07:01:46.775 | INFO     | __main__:on_log:99 - step=1085 | loss=0.067700 | grad_norm=0.275566 | learning_rate=0.000030 | epoch=0.124871
2026-02-22 07:02:26.381 | INFO     | __main__:on_log:99 - step=1090 | loss=0.081500 | grad_norm=0.677107 | learning_rate=0.000030 | epoch=0.125446
2026-02-22 07:03:06.053 | INFO     | __main__:on_log:99 - step=1095 | loss=0.083700 | grad_norm=0.497320 | learning_rate=0.000030 | epoch=0.126021
2026-02-22 07:03:45.647 | INFO     | __main__:on_log:99 - step=1100 | loss=0.074700 | grad_norm=0.382830 | learning_rate=0.000030 | epoch=0.126597
2026-02-22 07:04:25.351 | INFO     | __main__:on_log:99 - step=1105 | loss=0.080600 | grad_norm=0.355747 | learning_rate=0.000030 | epoch=0.127172
2026-02-22 07:05:04.979 | INFO     | __main__:on_log:99 - step=1110 | loss=0.060200 | grad_norm=0.399661 | learning_rate=0.000030 | epoch=0.127748
2026-02-22 07:05:44.647 | INFO     | __main__:on_log:99 - step=1115 | loss=0.080300 | grad_norm=0.645692 | learning_rate=0.000030 | epoch=0.128323
2026-02-22 07:06:24.237 | INFO     | __main__:on_log:99 - step=1120 | loss=0.059600 | grad_norm=0.440813 | learning_rate=0.000030 | epoch=0.128899
2026-02-22 07:07:03.861 | INFO     | __main__:on_log:99 - step=1125 | loss=0.063500 | grad_norm=0.453707 | learning_rate=0.000030 | epoch=0.129474
2026-02-22 07:07:43.495 | INFO     | __main__:on_log:99 - step=1130 | loss=0.069000 | grad_norm=0.562528 | learning_rate=0.000030 | epoch=0.130049
2026-02-22 07:08:23.103 | INFO     | __main__:on_log:99 - step=1135 | loss=0.058600 | grad_norm=0.523519 | learning_rate=0.000030 | epoch=0.130625
2026-02-22 07:09:02.693 | INFO     | __main__:on_log:99 - step=1140 | loss=0.116800 | grad_norm=0.524909 | learning_rate=0.000030 | epoch=0.131200
2026-02-22 07:09:42.328 | INFO     | __main__:on_log:99 - step=1145 | loss=0.064900 | grad_norm=0.283633 | learning_rate=0.000030 | epoch=0.131776
2026-02-22 07:10:21.888 | INFO     | __main__:on_log:99 - step=1150 | loss=0.049400 | grad_norm=0.503192 | learning_rate=0.000029 | epoch=0.132351
2026-02-22 07:11:01.503 | INFO     | __main__:on_log:99 - step=1155 | loss=0.080400 | grad_norm=0.400929 | learning_rate=0.000029 | epoch=0.132927
2026-02-22 07:11:41.172 | INFO     | __main__:on_log:99 - step=1160 | loss=0.064000 | grad_norm=0.641609 | learning_rate=0.000029 | epoch=0.133502
2026-02-22 07:12:20.809 | INFO     | __main__:on_log:99 - step=1165 | loss=0.104500 | grad_norm=0.383910 | learning_rate=0.000029 | epoch=0.134078
2026-02-22 07:13:00.360 | INFO     | __main__:on_log:99 - step=1170 | loss=0.104500 | grad_norm=0.347912 | learning_rate=0.000029 | epoch=0.134653
2026-02-22 07:13:39.953 | INFO     | __main__:on_log:99 - step=1175 | loss=0.061900 | grad_norm=0.500993 | learning_rate=0.000029 | epoch=0.135228
2026-02-22 07:14:19.526 | INFO     | __main__:on_log:99 - step=1180 | loss=0.082400 | grad_norm=0.360343 | learning_rate=0.000029 | epoch=0.135804
2026-02-22 07:14:59.126 | INFO     | __main__:on_log:99 - step=1185 | loss=0.071300 | grad_norm=0.258140 | learning_rate=0.000029 | epoch=0.136379
2026-02-22 07:15:38.738 | INFO     | __main__:on_log:99 - step=1190 | loss=0.059500 | grad_norm=0.468607 | learning_rate=0.000029 | epoch=0.136955
2026-02-22 07:16:18.291 | INFO     | __main__:on_log:99 - step=1195 | loss=0.111000 | grad_norm=0.607366 | learning_rate=0.000029 | epoch=0.137530
2026-02-22 07:16:57.903 | INFO     | __main__:on_log:99 - step=1200 | loss=0.089200 | grad_norm=0.292672 | learning_rate=0.000029 | epoch=0.138106
2026-02-22 07:17:37.552 | INFO     | __main__:on_log:99 - step=1205 | loss=0.061000 | grad_norm=0.579258 | learning_rate=0.000029 | epoch=0.138681
2026-02-22 07:18:17.110 | INFO     | __main__:on_log:99 - step=1210 | loss=0.071800 | grad_norm=0.353566 | learning_rate=0.000029 | epoch=0.139257
2026-02-22 07:18:56.648 | INFO     | __main__:on_log:99 - step=1215 | loss=0.081600 | grad_norm=0.398912 | learning_rate=0.000029 | epoch=0.139832
2026-02-22 07:19:36.356 | INFO     | __main__:on_log:99 - step=1220 | loss=0.084800 | grad_norm=0.428614 | learning_rate=0.000029 | epoch=0.140407
2026-02-22 07:20:16.021 | INFO     | __main__:on_log:99 - step=1225 | loss=0.071000 | grad_norm=0.292791 | learning_rate=0.000029 | epoch=0.140983
2026-02-22 07:20:55.626 | INFO     | __main__:on_log:99 - step=1230 | loss=0.117000 | grad_norm=0.529244 | learning_rate=0.000029 | epoch=0.141558
2026-02-22 07:21:35.211 | INFO     | __main__:on_log:99 - step=1235 | loss=0.084600 | grad_norm=0.351778 | learning_rate=0.000029 | epoch=0.142134
2026-02-22 07:22:14.881 | INFO     | __main__:on_log:99 - step=1240 | loss=0.056300 | grad_norm=0.309023 | learning_rate=0.000029 | epoch=0.142709
2026-02-22 07:22:54.461 | INFO     | __main__:on_log:99 - step=1245 | loss=0.072900 | grad_norm=0.409978 | learning_rate=0.000029 | epoch=0.143285
2026-02-22 07:23:34.060 | INFO     | __main__:on_log:99 - step=1250 | loss=0.067800 | grad_norm=0.444412 | learning_rate=0.000029 | epoch=0.143860
2026-02-22 07:24:13.705 | INFO     | __main__:on_log:99 - step=1255 | loss=0.104000 | grad_norm=0.562688 | learning_rate=0.000029 | epoch=0.144435
2026-02-22 07:24:53.346 | INFO     | __main__:on_log:99 - step=1260 | loss=0.065800 | grad_norm=0.343845 | learning_rate=0.000029 | epoch=0.145011
2026-02-22 07:25:32.935 | INFO     | __main__:on_log:99 - step=1265 | loss=0.081000 | grad_norm=0.397480 | learning_rate=0.000029 | epoch=0.145586
2026-02-22 07:26:12.546 | INFO     | __main__:on_log:99 - step=1270 | loss=0.074500 | grad_norm=0.312909 | learning_rate=0.000029 | epoch=0.146162
2026-02-22 07:26:52.182 | INFO     | __main__:on_log:99 - step=1275 | loss=0.104300 | grad_norm=0.316762 | learning_rate=0.000029 | epoch=0.146737
2026-02-22 07:27:31.739 | INFO     | __main__:on_log:99 - step=1280 | loss=0.106500 | grad_norm=0.609559 | learning_rate=0.000029 | epoch=0.147313
2026-02-22 07:28:11.326 | INFO     | __main__:on_log:99 - step=1285 | loss=0.060800 | grad_norm=0.323835 | learning_rate=0.000029 | epoch=0.147888
2026-02-22 07:28:50.914 | INFO     | __main__:on_log:99 - step=1290 | loss=0.078600 | grad_norm=0.498702 | learning_rate=0.000029 | epoch=0.148464
2026-02-22 07:29:30.468 | INFO     | __main__:on_log:99 - step=1295 | loss=0.089800 | grad_norm=0.512360 | learning_rate=0.000029 | epoch=0.149039
2026-02-22 07:30:10.075 | INFO     | __main__:on_log:99 - step=1300 | loss=0.086400 | grad_norm=0.495808 | learning_rate=0.000029 | epoch=0.149614
2026-02-22 07:30:49.680 | INFO     | __main__:on_log:99 - step=1305 | loss=0.085800 | grad_norm=0.737581 | learning_rate=0.000029 | epoch=0.150190
2026-02-22 07:31:29.328 | INFO     | __main__:on_log:99 - step=1310 | loss=0.052800 | grad_norm=0.354673 | learning_rate=0.000029 | epoch=0.150765
2026-02-22 07:32:08.937 | INFO     | __main__:on_log:99 - step=1315 | loss=0.062200 | grad_norm=0.283454 | learning_rate=0.000029 | epoch=0.151341
2026-02-22 07:32:48.530 | INFO     | __main__:on_log:99 - step=1320 | loss=0.074100 | grad_norm=0.484225 | learning_rate=0.000029 | epoch=0.151916
2026-02-22 07:33:28.089 | INFO     | __main__:on_log:99 - step=1325 | loss=0.070000 | grad_norm=0.433514 | learning_rate=0.000029 | epoch=0.152492
2026-02-22 07:34:07.702 | INFO     | __main__:on_log:99 - step=1330 | loss=0.077600 | grad_norm=0.472986 | learning_rate=0.000029 | epoch=0.153067
2026-02-22 07:34:47.265 | INFO     | __main__:on_log:99 - step=1335 | loss=0.106200 | grad_norm=0.380804 | learning_rate=0.000029 | epoch=0.153643
2026-02-22 07:35:26.822 | INFO     | __main__:on_log:99 - step=1340 | loss=0.092600 | grad_norm=0.229123 | learning_rate=0.000029 | epoch=0.154218
2026-02-22 07:36:06.353 | INFO     | __main__:on_log:99 - step=1345 | loss=0.081500 | grad_norm=0.396939 | learning_rate=0.000029 | epoch=0.154793
2026-02-22 07:36:45.963 | INFO     | __main__:on_log:99 - step=1350 | loss=0.068400 | grad_norm=0.628939 | learning_rate=0.000029 | epoch=0.155369
2026-02-22 07:37:25.554 | INFO     | __main__:on_log:99 - step=1355 | loss=0.087000 | grad_norm=0.585090 | learning_rate=0.000029 | epoch=0.155944
2026-02-22 07:38:05.151 | INFO     | __main__:on_log:99 - step=1360 | loss=0.078500 | grad_norm=0.519180 | learning_rate=0.000029 | epoch=0.156520
2026-02-22 07:38:44.730 | INFO     | __main__:on_log:99 - step=1365 | loss=0.060200 | grad_norm=0.478952 | learning_rate=0.000029 | epoch=0.157095
2026-02-22 07:39:24.377 | INFO     | __main__:on_log:99 - step=1370 | loss=0.092000 | grad_norm=0.515044 | learning_rate=0.000029 | epoch=0.157671
2026-02-22 07:40:03.982 | INFO     | __main__:on_log:99 - step=1375 | loss=0.087200 | grad_norm=0.625442 | learning_rate=0.000029 | epoch=0.158246
2026-02-22 07:40:43.546 | INFO     | __main__:on_log:99 - step=1380 | loss=0.082800 | grad_norm=0.497124 | learning_rate=0.000029 | epoch=0.158821
2026-02-22 07:41:23.115 | INFO     | __main__:on_log:99 - step=1385 | loss=0.099400 | grad_norm=1.034527 | learning_rate=0.000029 | epoch=0.159397
2026-02-22 07:42:02.670 | INFO     | __main__:on_log:99 - step=1390 | loss=0.073700 | grad_norm=0.403223 | learning_rate=0.000029 | epoch=0.159972
2026-02-22 07:42:42.317 | INFO     | __main__:on_log:99 - step=1395 | loss=0.058900 | grad_norm=0.418946 | learning_rate=0.000029 | epoch=0.160548
2026-02-22 07:43:21.907 | INFO     | __main__:on_log:99 - step=1400 | loss=0.064800 | grad_norm=0.441805 | learning_rate=0.000029 | epoch=0.161123
2026-02-22 07:44:01.447 | INFO     | __main__:on_log:99 - step=1405 | loss=0.083700 | grad_norm=0.345727 | learning_rate=0.000029 | epoch=0.161699
2026-02-22 07:44:41.029 | INFO     | __main__:on_log:99 - step=1410 | loss=0.077600 | grad_norm=0.598513 | learning_rate=0.000029 | epoch=0.162274
2026-02-22 07:45:20.596 | INFO     | __main__:on_log:99 - step=1415 | loss=0.060800 | grad_norm=0.224679 | learning_rate=0.000029 | epoch=0.162850
2026-02-22 07:46:00.259 | INFO     | __main__:on_log:99 - step=1420 | loss=0.072200 | grad_norm=0.278371 | learning_rate=0.000029 | epoch=0.163425
2026-02-22 07:46:39.830 | INFO     | __main__:on_log:99 - step=1425 | loss=0.084400 | grad_norm=0.365995 | learning_rate=0.000029 | epoch=0.164000
2026-02-22 07:47:19.495 | INFO     | __main__:on_log:99 - step=1430 | loss=0.084200 | grad_norm=0.339768 | learning_rate=0.000029 | epoch=0.164576
2026-02-22 07:47:59.122 | INFO     | __main__:on_log:99 - step=1435 | loss=0.076600 | grad_norm=0.514064 | learning_rate=0.000029 | epoch=0.165151
2026-02-22 07:48:38.716 | INFO     | __main__:on_log:99 - step=1440 | loss=0.093400 | grad_norm=0.420850 | learning_rate=0.000029 | epoch=0.165727
2026-02-22 07:49:18.322 | INFO     | __main__:on_log:99 - step=1445 | loss=0.063500 | grad_norm=0.306129 | learning_rate=0.000029 | epoch=0.166302
2026-02-22 07:49:57.917 | INFO     | __main__:on_log:99 - step=1450 | loss=0.087900 | grad_norm=0.512276 | learning_rate=0.000029 | epoch=0.166878
2026-02-22 07:50:37.588 | INFO     | __main__:on_log:99 - step=1455 | loss=0.062700 | grad_norm=0.412940 | learning_rate=0.000029 | epoch=0.167453
2026-02-22 07:51:17.238 | INFO     | __main__:on_log:99 - step=1460 | loss=0.062900 | grad_norm=0.388406 | learning_rate=0.000029 | epoch=0.168029
2026-02-22 07:51:56.949 | INFO     | __main__:on_log:99 - step=1465 | loss=0.065500 | grad_norm=0.357854 | learning_rate=0.000029 | epoch=0.168604
2026-02-22 07:52:36.585 | INFO     | __main__:on_log:99 - step=1470 | loss=0.078700 | grad_norm=0.405009 | learning_rate=0.000029 | epoch=0.169179
2026-02-22 07:53:16.259 | INFO     | __main__:on_log:99 - step=1475 | loss=0.062700 | grad_norm=1.115149 | learning_rate=0.000029 | epoch=0.169755
2026-02-22 07:53:55.788 | INFO     | __main__:on_log:99 - step=1480 | loss=0.087700 | grad_norm=0.459184 | learning_rate=0.000029 | epoch=0.170330
2026-02-22 07:54:35.408 | INFO     | __main__:on_log:99 - step=1485 | loss=0.054700 | grad_norm=0.373892 | learning_rate=0.000029 | epoch=0.170906
2026-02-22 07:55:15.075 | INFO     | __main__:on_log:99 - step=1490 | loss=0.076600 | grad_norm=0.466513 | learning_rate=0.000029 | epoch=0.171481
2026-02-22 07:55:54.651 | INFO     | __main__:on_log:99 - step=1495 | loss=0.068700 | grad_norm=0.521956 | learning_rate=0.000029 | epoch=0.172057
2026-02-22 07:56:34.302 | INFO     | __main__:on_log:99 - step=1500 | loss=0.087900 | grad_norm=0.546965 | learning_rate=0.000029 | epoch=0.172632
2026-02-22 07:57:13.942 | INFO     | __main__:on_log:99 - step=1505 | loss=0.069700 | grad_norm=0.320774 | learning_rate=0.000029 | epoch=0.173208
2026-02-22 07:57:53.451 | INFO     | __main__:on_log:99 - step=1510 | loss=0.090600 | grad_norm=0.621892 | learning_rate=0.000029 | epoch=0.173783
2026-02-22 07:58:32.996 | INFO     | __main__:on_log:99 - step=1515 | loss=0.076800 | grad_norm=0.360466 | learning_rate=0.000029 | epoch=0.174358
2026-02-22 07:59:12.610 | INFO     | __main__:on_log:99 - step=1520 | loss=0.071000 | grad_norm=0.555726 | learning_rate=0.000029 | epoch=0.174934
2026-02-22 07:59:52.136 | INFO     | __main__:on_log:99 - step=1525 | loss=0.064800 | grad_norm=0.346657 | learning_rate=0.000029 | epoch=0.175509
2026-02-22 08:00:31.746 | INFO     | __main__:on_log:99 - step=1530 | loss=0.053500 | grad_norm=0.336424 | learning_rate=0.000029 | epoch=0.176085
2026-02-22 08:01:11.379 | INFO     | __main__:on_log:99 - step=1535 | loss=0.076600 | grad_norm=0.344359 | learning_rate=0.000029 | epoch=0.176660
2026-02-22 08:01:51.051 | INFO     | __main__:on_log:99 - step=1540 | loss=0.064000 | grad_norm=0.348835 | learning_rate=0.000029 | epoch=0.177236
2026-02-22 08:02:30.629 | INFO     | __main__:on_log:99 - step=1545 | loss=0.077400 | grad_norm=0.477576 | learning_rate=0.000029 | epoch=0.177811
2026-02-22 08:03:10.231 | INFO     | __main__:on_log:99 - step=1550 | loss=0.081300 | grad_norm=0.568779 | learning_rate=0.000029 | epoch=0.178386
2026-02-22 08:03:49.833 | INFO     | __main__:on_log:99 - step=1555 | loss=0.056900 | grad_norm=0.306091 | learning_rate=0.000029 | epoch=0.178962
2026-02-22 08:04:29.400 | INFO     | __main__:on_log:99 - step=1560 | loss=0.061800 | grad_norm=0.286277 | learning_rate=0.000029 | epoch=0.179537
2026-02-22 08:05:09.058 | INFO     | __main__:on_log:99 - step=1565 | loss=0.077700 | grad_norm=0.365645 | learning_rate=0.000029 | epoch=0.180113
2026-02-22 08:05:48.649 | INFO     | __main__:on_log:99 - step=1570 | loss=0.068000 | grad_norm=0.421803 | learning_rate=0.000029 | epoch=0.180688
2026-02-22 08:06:28.245 | INFO     | __main__:on_log:99 - step=1575 | loss=0.072700 | grad_norm=0.344260 | learning_rate=0.000029 | epoch=0.181264
2026-02-22 08:07:07.840 | INFO     | __main__:on_log:99 - step=1580 | loss=0.075100 | grad_norm=0.383522 | learning_rate=0.000029 | epoch=0.181839
2026-02-22 08:07:47.409 | INFO     | __main__:on_log:99 - step=1585 | loss=0.074800 | grad_norm=0.467698 | learning_rate=0.000029 | epoch=0.182415
2026-02-22 08:08:27.085 | INFO     | __main__:on_log:99 - step=1590 | loss=0.061100 | grad_norm=0.310562 | learning_rate=0.000029 | epoch=0.182990
2026-02-22 08:09:06.717 | INFO     | __main__:on_log:99 - step=1595 | loss=0.077000 | grad_norm=0.481216 | learning_rate=0.000029 | epoch=0.183565
2026-02-22 08:09:46.327 | INFO     | __main__:on_log:99 - step=1600 | loss=0.078700 | grad_norm=0.326759 | learning_rate=0.000029 | epoch=0.184141
2026-02-22 08:10:25.985 | INFO     | __main__:on_log:99 - step=1605 | loss=0.071700 | grad_norm=0.349938 | learning_rate=0.000029 | epoch=0.184716
2026-02-22 08:11:05.602 | INFO     | __main__:on_log:99 - step=1610 | loss=0.052000 | grad_norm=0.299728 | learning_rate=0.000029 | epoch=0.185292
2026-02-22 08:11:45.233 | INFO     | __main__:on_log:99 - step=1615 | loss=0.079700 | grad_norm=0.398917 | learning_rate=0.000029 | epoch=0.185867
2026-02-22 08:12:24.880 | INFO     | __main__:on_log:99 - step=1620 | loss=0.074900 | grad_norm=0.413970 | learning_rate=0.000029 | epoch=0.186443
2026-02-22 08:13:04.494 | INFO     | __main__:on_log:99 - step=1625 | loss=0.053500 | grad_norm=0.409499 | learning_rate=0.000029 | epoch=0.187018
2026-02-22 08:13:44.130 | INFO     | __main__:on_log:99 - step=1630 | loss=0.074800 | grad_norm=1.062001 | learning_rate=0.000029 | epoch=0.187594
2026-02-22 08:14:23.721 | INFO     | __main__:on_log:99 - step=1635 | loss=0.075900 | grad_norm=0.337783 | learning_rate=0.000029 | epoch=0.188169
2026-02-22 08:15:03.358 | INFO     | __main__:on_log:99 - step=1640 | loss=0.045200 | grad_norm=0.335946 | learning_rate=0.000029 | epoch=0.188744
2026-02-22 08:15:42.902 | INFO     | __main__:on_log:99 - step=1645 | loss=0.056400 | grad_norm=0.352304 | learning_rate=0.000029 | epoch=0.189320
2026-02-22 08:16:22.433 | INFO     | __main__:on_log:99 - step=1650 | loss=0.057700 | grad_norm=0.395562 | learning_rate=0.000029 | epoch=0.189895
2026-02-22 08:17:01.996 | INFO     | __main__:on_log:99 - step=1655 | loss=0.073100 | grad_norm=0.394678 | learning_rate=0.000029 | epoch=0.190471
2026-02-22 08:17:41.557 | INFO     | __main__:on_log:99 - step=1660 | loss=0.062900 | grad_norm=0.324725 | learning_rate=0.000029 | epoch=0.191046
2026-02-22 08:18:21.148 | INFO     | __main__:on_log:99 - step=1665 | loss=0.042600 | grad_norm=0.426175 | learning_rate=0.000029 | epoch=0.191622
2026-02-22 08:19:00.725 | INFO     | __main__:on_log:99 - step=1670 | loss=0.058300 | grad_norm=0.372812 | learning_rate=0.000029 | epoch=0.192197
2026-02-22 08:19:40.243 | INFO     | __main__:on_log:99 - step=1675 | loss=0.074200 | grad_norm=0.476531 | learning_rate=0.000029 | epoch=0.192772
2026-02-22 08:20:19.755 | INFO     | __main__:on_log:99 - step=1680 | loss=0.079600 | grad_norm=0.551625 | learning_rate=0.000029 | epoch=0.193348
2026-02-22 08:20:59.381 | INFO     | __main__:on_log:99 - step=1685 | loss=0.071800 | grad_norm=0.549441 | learning_rate=0.000029 | epoch=0.193923
2026-02-22 08:21:38.946 | INFO     | __main__:on_log:99 - step=1690 | loss=0.077400 | grad_norm=0.436198 | learning_rate=0.000029 | epoch=0.194499
2026-02-22 08:22:18.513 | INFO     | __main__:on_log:99 - step=1695 | loss=0.060700 | grad_norm=0.458900 | learning_rate=0.000029 | epoch=0.195074
2026-02-22 08:22:58.120 | INFO     | __main__:on_log:99 - step=1700 | loss=0.093400 | grad_norm=0.533456 | learning_rate=0.000028 | epoch=0.195650
2026-02-22 08:23:37.748 | INFO     | __main__:on_log:99 - step=1705 | loss=0.070500 | grad_norm=0.445261 | learning_rate=0.000028 | epoch=0.196225
2026-02-22 08:24:17.314 | INFO     | __main__:on_log:99 - step=1710 | loss=0.099400 | grad_norm=0.516618 | learning_rate=0.000028 | epoch=0.196801
2026-02-22 08:24:56.962 | INFO     | __main__:on_log:99 - step=1715 | loss=0.069300 | grad_norm=0.596683 | learning_rate=0.000028 | epoch=0.197376
2026-02-22 08:25:36.572 | INFO     | __main__:on_log:99 - step=1720 | loss=0.083700 | grad_norm=0.512847 | learning_rate=0.000028 | epoch=0.197951
2026-02-22 08:26:16.110 | INFO     | __main__:on_log:99 - step=1725 | loss=0.077000 | grad_norm=0.630032 | learning_rate=0.000028 | epoch=0.198527
2026-02-22 08:26:55.685 | INFO     | __main__:on_log:99 - step=1730 | loss=0.076100 | grad_norm=0.323546 | learning_rate=0.000028 | epoch=0.199102
2026-02-22 08:27:35.298 | INFO     | __main__:on_log:99 - step=1735 | loss=0.089600 | grad_norm=0.619713 | learning_rate=0.000028 | epoch=0.199678
2026-02-22 08:28:14.876 | INFO     | __main__:on_log:99 - step=1740 | loss=0.076900 | grad_norm=0.502629 | learning_rate=0.000028 | epoch=0.200253
2026-02-22 08:28:54.490 | INFO     | __main__:on_log:99 - step=1745 | loss=0.091400 | grad_norm=0.425758 | learning_rate=0.000028 | epoch=0.200829
2026-02-22 08:29:34.087 | INFO     | __main__:on_log:99 - step=1750 | loss=0.071400 | grad_norm=0.242321 | learning_rate=0.000028 | epoch=0.201404
2026-02-22 08:30:13.695 | INFO     | __main__:on_log:99 - step=1755 | loss=0.076300 | grad_norm=0.403132 | learning_rate=0.000028 | epoch=0.201980
2026-02-22 08:30:53.321 | INFO     | __main__:on_log:99 - step=1760 | loss=0.092100 | grad_norm=0.396846 | learning_rate=0.000028 | epoch=0.202555
2026-02-22 08:31:32.960 | INFO     | __main__:on_log:99 - step=1765 | loss=0.087200 | grad_norm=0.572673 | learning_rate=0.000028 | epoch=0.203130
2026-02-22 08:32:12.619 | INFO     | __main__:on_log:99 - step=1770 | loss=0.088600 | grad_norm=0.390828 | learning_rate=0.000028 | epoch=0.203706
2026-02-22 08:32:52.301 | INFO     | __main__:on_log:99 - step=1775 | loss=0.071000 | grad_norm=0.418738 | learning_rate=0.000028 | epoch=0.204281
2026-02-22 08:33:31.903 | INFO     | __main__:on_log:99 - step=1780 | loss=0.070500 | grad_norm=0.396368 | learning_rate=0.000028 | epoch=0.204857
2026-02-22 08:34:11.499 | INFO     | __main__:on_log:99 - step=1785 | loss=0.056600 | grad_norm=0.351143 | learning_rate=0.000028 | epoch=0.205432
2026-02-22 08:34:51.118 | INFO     | __main__:on_log:99 - step=1790 | loss=0.076200 | grad_norm=0.744193 | learning_rate=0.000028 | epoch=0.206008
2026-02-22 08:35:30.739 | INFO     | __main__:on_log:99 - step=1795 | loss=0.086200 | grad_norm=0.571464 | learning_rate=0.000028 | epoch=0.206583
2026-02-22 08:36:10.325 | INFO     | __main__:on_log:99 - step=1800 | loss=0.069800 | grad_norm=0.382773 | learning_rate=0.000028 | epoch=0.207158
2026-02-22 08:36:49.962 | INFO     | __main__:on_log:99 - step=1805 | loss=0.079900 | grad_norm=0.540288 | learning_rate=0.000028 | epoch=0.207734
2026-02-22 08:37:29.586 | INFO     | __main__:on_log:99 - step=1810 | loss=0.067800 | grad_norm=0.416332 | learning_rate=0.000028 | epoch=0.208309
2026-02-22 08:38:09.242 | INFO     | __main__:on_log:99 - step=1815 | loss=0.056700 | grad_norm=0.320570 | learning_rate=0.000028 | epoch=0.208885
2026-02-22 08:38:48.882 | INFO     | __main__:on_log:99 - step=1820 | loss=0.091700 | grad_norm=0.311780 | learning_rate=0.000028 | epoch=0.209460
2026-02-22 08:39:28.438 | INFO     | __main__:on_log:99 - step=1825 | loss=0.088300 | grad_norm=0.764687 | learning_rate=0.000028 | epoch=0.210036
2026-02-22 08:40:08.029 | INFO     | __main__:on_log:99 - step=1830 | loss=0.066000 | grad_norm=0.453012 | learning_rate=0.000028 | epoch=0.210611
2026-02-22 08:40:47.599 | INFO     | __main__:on_log:99 - step=1835 | loss=0.087200 | grad_norm=0.521558 | learning_rate=0.000028 | epoch=0.211187
2026-02-22 08:41:27.164 | INFO     | __main__:on_log:99 - step=1840 | loss=0.079400 | grad_norm=0.320922 | learning_rate=0.000028 | epoch=0.211762
2026-02-22 08:42:06.777 | INFO     | __main__:on_log:99 - step=1845 | loss=0.100400 | grad_norm=0.562200 | learning_rate=0.000028 | epoch=0.212337
2026-02-22 08:42:46.396 | INFO     | __main__:on_log:99 - step=1850 | loss=0.060200 | grad_norm=0.439405 | learning_rate=0.000028 | epoch=0.212913
2026-02-22 08:43:25.968 | INFO     | __main__:on_log:99 - step=1855 | loss=0.081600 | grad_norm=0.564981 | learning_rate=0.000028 | epoch=0.213488
2026-02-22 08:44:05.543 | INFO     | __main__:on_log:99 - step=1860 | loss=0.083300 | grad_norm=0.474751 | learning_rate=0.000028 | epoch=0.214064
2026-02-22 08:44:45.126 | INFO     | __main__:on_log:99 - step=1865 | loss=0.087300 | grad_norm=0.492621 | learning_rate=0.000028 | epoch=0.214639
2026-02-22 08:45:24.726 | INFO     | __main__:on_log:99 - step=1870 | loss=0.089900 | grad_norm=0.377934 | learning_rate=0.000028 | epoch=0.215215
2026-02-22 08:46:04.258 | INFO     | __main__:on_log:99 - step=1875 | loss=0.106100 | grad_norm=0.775809 | learning_rate=0.000028 | epoch=0.215790
2026-02-22 08:46:43.792 | INFO     | __main__:on_log:99 - step=1880 | loss=0.068600 | grad_norm=0.545593 | learning_rate=0.000028 | epoch=0.216366
2026-02-22 08:47:23.379 | INFO     | __main__:on_log:99 - step=1885 | loss=0.069500 | grad_norm=0.541750 | learning_rate=0.000028 | epoch=0.216941
2026-02-22 08:48:02.910 | INFO     | __main__:on_log:99 - step=1890 | loss=0.065000 | grad_norm=0.395709 | learning_rate=0.000028 | epoch=0.217516
2026-02-22 08:48:42.496 | INFO     | __main__:on_log:99 - step=1895 | loss=0.101600 | grad_norm=0.503047 | learning_rate=0.000028 | epoch=0.218092
2026-02-22 08:49:22.097 | INFO     | __main__:on_log:99 - step=1900 | loss=0.072700 | grad_norm=0.403442 | learning_rate=0.000028 | epoch=0.218667
2026-02-22 08:50:01.725 | INFO     | __main__:on_log:99 - step=1905 | loss=0.088400 | grad_norm=0.496676 | learning_rate=0.000028 | epoch=0.219243
2026-02-22 08:50:41.312 | INFO     | __main__:on_log:99 - step=1910 | loss=0.083900 | grad_norm=0.401516 | learning_rate=0.000028 | epoch=0.219818
2026-02-22 08:51:20.913 | INFO     | __main__:on_log:99 - step=1915 | loss=0.065400 | grad_norm=0.500362 | learning_rate=0.000028 | epoch=0.220394
2026-02-22 08:52:00.471 | INFO     | __main__:on_log:99 - step=1920 | loss=0.078100 | grad_norm=0.598386 | learning_rate=0.000028 | epoch=0.220969
2026-02-22 08:52:40.094 | INFO     | __main__:on_log:99 - step=1925 | loss=0.071600 | grad_norm=0.354948 | learning_rate=0.000028 | epoch=0.221544
2026-02-22 08:53:19.680 | INFO     | __main__:on_log:99 - step=1930 | loss=0.078900 | grad_norm=0.509897 | learning_rate=0.000028 | epoch=0.222120
2026-02-22 08:53:59.296 | INFO     | __main__:on_log:99 - step=1935 | loss=0.061500 | grad_norm=0.313990 | learning_rate=0.000028 | epoch=0.222695
2026-02-22 08:54:38.931 | INFO     | __main__:on_log:99 - step=1940 | loss=0.072600 | grad_norm=0.439047 | learning_rate=0.000028 | epoch=0.223271
2026-02-22 08:55:18.537 | INFO     | __main__:on_log:99 - step=1945 | loss=0.076600 | grad_norm=0.571813 | learning_rate=0.000028 | epoch=0.223846
2026-02-22 08:55:58.147 | INFO     | __main__:on_log:99 - step=1950 | loss=0.056900 | grad_norm=0.335079 | learning_rate=0.000028 | epoch=0.224422
2026-02-22 08:56:37.748 | INFO     | __main__:on_log:99 - step=1955 | loss=0.101700 | grad_norm=0.314009 | learning_rate=0.000028 | epoch=0.224997
2026-02-22 08:57:17.325 | INFO     | __main__:on_log:99 - step=1960 | loss=0.046100 | grad_norm=0.333419 | learning_rate=0.000028 | epoch=0.225573
2026-02-22 08:57:56.871 | INFO     | __main__:on_log:99 - step=1965 | loss=0.057800 | grad_norm=0.584599 | learning_rate=0.000028 | epoch=0.226148
2026-02-22 08:58:36.445 | INFO     | __main__:on_log:99 - step=1970 | loss=0.058700 | grad_norm=0.422929 | learning_rate=0.000028 | epoch=0.226723
2026-02-22 08:59:16.004 | INFO     | __main__:on_log:99 - step=1975 | loss=0.073400 | grad_norm=0.436395 | learning_rate=0.000028 | epoch=0.227299
2026-02-22 08:59:55.567 | INFO     | __main__:on_log:99 - step=1980 | loss=0.079100 | grad_norm=0.318654 | learning_rate=0.000028 | epoch=0.227874
2026-02-22 09:00:35.134 | INFO     | __main__:on_log:99 - step=1985 | loss=0.078900 | grad_norm=0.613393 | learning_rate=0.000028 | epoch=0.228450
2026-02-22 09:01:14.700 | INFO     | __main__:on_log:99 - step=1990 | loss=0.057400 | grad_norm=0.577367 | learning_rate=0.000028 | epoch=0.229025
2026-02-22 09:01:54.315 | INFO     | __main__:on_log:99 - step=1995 | loss=0.091300 | grad_norm=0.492068 | learning_rate=0.000028 | epoch=0.229601
2026-02-22 09:02:33.868 | INFO     | __main__:on_log:99 - step=2000 | loss=0.059600 | grad_norm=0.420704 | learning_rate=0.000028 | epoch=0.230176
2026-02-22 09:03:13.450 | INFO     | __main__:on_log:99 - step=2005 | loss=0.061100 | grad_norm=0.320947 | learning_rate=0.000028 | epoch=0.230752
2026-02-22 09:03:53.005 | INFO     | __main__:on_log:99 - step=2010 | loss=0.074700 | grad_norm=0.659107 | learning_rate=0.000028 | epoch=0.231327
2026-02-22 09:04:32.576 | INFO     | __main__:on_log:99 - step=2015 | loss=0.102300 | grad_norm=0.636445 | learning_rate=0.000028 | epoch=0.231902
2026-02-22 09:05:12.221 | INFO     | __main__:on_log:99 - step=2020 | loss=0.091100 | grad_norm=0.395337 | learning_rate=0.000028 | epoch=0.232478
2026-02-22 09:05:51.807 | INFO     | __main__:on_log:99 - step=2025 | loss=0.068300 | grad_norm=0.242876 | learning_rate=0.000028 | epoch=0.233053
2026-02-22 09:06:31.393 | INFO     | __main__:on_log:99 - step=2030 | loss=0.039300 | grad_norm=0.299944 | learning_rate=0.000028 | epoch=0.233629
2026-02-22 09:07:10.933 | INFO     | __main__:on_log:99 - step=2035 | loss=0.063500 | grad_norm=0.429099 | learning_rate=0.000028 | epoch=0.234204
2026-02-22 09:07:50.541 | INFO     | __main__:on_log:99 - step=2040 | loss=0.060400 | grad_norm=0.447130 | learning_rate=0.000028 | epoch=0.234780
2026-02-22 09:08:30.097 | INFO     | __main__:on_log:99 - step=2045 | loss=0.067100 | grad_norm=0.236568 | learning_rate=0.000028 | epoch=0.235355
2026-02-22 09:09:09.709 | INFO     | __main__:on_log:99 - step=2050 | loss=0.070800 | grad_norm=0.407797 | learning_rate=0.000028 | epoch=0.235930
2026-02-22 09:09:49.251 | INFO     | __main__:on_log:99 - step=2055 | loss=0.103500 | grad_norm=0.887273 | learning_rate=0.000028 | epoch=0.236506
2026-02-22 09:10:28.802 | INFO     | __main__:on_log:99 - step=2060 | loss=0.063700 | grad_norm=0.390399 | learning_rate=0.000028 | epoch=0.237081
2026-02-22 09:11:08.424 | INFO     | __main__:on_log:99 - step=2065 | loss=0.061000 | grad_norm=0.441329 | learning_rate=0.000028 | epoch=0.237657
2026-02-22 09:11:48.019 | INFO     | __main__:on_log:99 - step=2070 | loss=0.073600 | grad_norm=0.477017 | learning_rate=0.000028 | epoch=0.238232
2026-02-22 09:12:27.621 | INFO     | __main__:on_log:99 - step=2075 | loss=0.063700 | grad_norm=0.625117 | learning_rate=0.000028 | epoch=0.238808
2026-02-22 09:13:07.196 | INFO     | __main__:on_log:99 - step=2080 | loss=0.071600 | grad_norm=0.484065 | learning_rate=0.000028 | epoch=0.239383
2026-02-22 09:13:46.742 | INFO     | __main__:on_log:99 - step=2085 | loss=0.083600 | grad_norm=0.503357 | learning_rate=0.000028 | epoch=0.239959
2026-02-22 09:14:26.334 | INFO     | __main__:on_log:99 - step=2090 | loss=0.062600 | grad_norm=0.346321 | learning_rate=0.000028 | epoch=0.240534
2026-02-22 09:15:05.945 | INFO     | __main__:on_log:99 - step=2095 | loss=0.108200 | grad_norm=0.385166 | learning_rate=0.000028 | epoch=0.241109
2026-02-22 09:15:45.577 | INFO     | __main__:on_log:99 - step=2100 | loss=0.050000 | grad_norm=0.414755 | learning_rate=0.000028 | epoch=0.241685
2026-02-22 09:16:25.164 | INFO     | __main__:on_log:99 - step=2105 | loss=0.097000 | grad_norm=0.454889 | learning_rate=0.000028 | epoch=0.242260
2026-02-22 09:17:04.742 | INFO     | __main__:on_log:99 - step=2110 | loss=0.068300 | grad_norm=0.402299 | learning_rate=0.000028 | epoch=0.242836
2026-02-22 09:17:44.313 | INFO     | __main__:on_log:99 - step=2115 | loss=0.083700 | grad_norm=0.792109 | learning_rate=0.000028 | epoch=0.243411
2026-02-22 09:18:23.852 | INFO     | __main__:on_log:99 - step=2120 | loss=0.051400 | grad_norm=0.301128 | learning_rate=0.000028 | epoch=0.243987
2026-02-22 09:19:03.409 | INFO     | __main__:on_log:99 - step=2125 | loss=0.074400 | grad_norm=0.474413 | learning_rate=0.000028 | epoch=0.244562
2026-02-22 09:19:42.969 | INFO     | __main__:on_log:99 - step=2130 | loss=0.064600 | grad_norm=0.273959 | learning_rate=0.000028 | epoch=0.245138
2026-02-22 09:20:22.537 | INFO     | __main__:on_log:99 - step=2135 | loss=0.103500 | grad_norm=0.643218 | learning_rate=0.000028 | epoch=0.245713
2026-02-22 09:21:02.114 | INFO     | __main__:on_log:99 - step=2140 | loss=0.067000 | grad_norm=0.526748 | learning_rate=0.000028 | epoch=0.246288
2026-02-22 09:21:41.822 | INFO     | __main__:on_log:99 - step=2145 | loss=0.072900 | grad_norm=0.324921 | learning_rate=0.000028 | epoch=0.246864
2026-02-22 09:22:21.486 | INFO     | __main__:on_log:99 - step=2150 | loss=0.069600 | grad_norm=0.564509 | learning_rate=0.000028 | epoch=0.247439
2026-02-22 09:23:01.086 | INFO     | __main__:on_log:99 - step=2155 | loss=0.076400 | grad_norm=0.277555 | learning_rate=0.000028 | epoch=0.248015
2026-02-22 09:23:40.653 | INFO     | __main__:on_log:99 - step=2160 | loss=0.065100 | grad_norm=0.522950 | learning_rate=0.000028 | epoch=0.248590
2026-02-22 09:24:20.176 | INFO     | __main__:on_log:99 - step=2165 | loss=0.066300 | grad_norm=0.529772 | learning_rate=0.000028 | epoch=0.249166
2026-02-22 09:24:59.768 | INFO     | __main__:on_log:99 - step=2170 | loss=0.066300 | grad_norm=0.601314 | learning_rate=0.000028 | epoch=0.249741
2026-02-22 09:25:39.322 | INFO     | __main__:on_log:99 - step=2175 | loss=0.091900 | grad_norm=0.381129 | learning_rate=0.000028 | epoch=0.250316
2026-02-22 09:26:18.931 | INFO     | __main__:on_log:99 - step=2180 | loss=0.062700 | grad_norm=0.422272 | learning_rate=0.000028 | epoch=0.250892
2026-02-22 09:26:58.452 | INFO     | __main__:on_log:99 - step=2185 | loss=0.085200 | grad_norm=0.479385 | learning_rate=0.000028 | epoch=0.251467
2026-02-22 09:27:38.021 | INFO     | __main__:on_log:99 - step=2190 | loss=0.106100 | grad_norm=0.871964 | learning_rate=0.000028 | epoch=0.252043
2026-02-22 09:28:17.569 | INFO     | __main__:on_log:99 - step=2195 | loss=0.076400 | grad_norm=0.608815 | learning_rate=0.000028 | epoch=0.252618
2026-02-22 09:28:57.108 | INFO     | __main__:on_log:99 - step=2200 | loss=0.090400 | grad_norm=0.445214 | learning_rate=0.000028 | epoch=0.253194
2026-02-22 09:29:36.728 | INFO     | __main__:on_log:99 - step=2205 | loss=0.078500 | grad_norm=0.381063 | learning_rate=0.000028 | epoch=0.253769
2026-02-22 09:30:16.314 | INFO     | __main__:on_log:99 - step=2210 | loss=0.079100 | grad_norm=0.649366 | learning_rate=0.000028 | epoch=0.254345
2026-02-22 09:30:55.919 | INFO     | __main__:on_log:99 - step=2215 | loss=0.052400 | grad_norm=0.312022 | learning_rate=0.000028 | epoch=0.254920
2026-02-22 09:31:35.878 | INFO     | __main__:on_log:99 - step=2220 | loss=0.050800 | grad_norm=0.263216 | learning_rate=0.000028 | epoch=0.255495
2026-02-22 09:32:15.424 | INFO     | __main__:on_log:99 - step=2225 | loss=0.073500 | grad_norm=0.442473 | learning_rate=0.000028 | epoch=0.256071
2026-02-22 09:32:55.057 | INFO     | __main__:on_log:99 - step=2230 | loss=0.058700 | grad_norm=0.404593 | learning_rate=0.000028 | epoch=0.256646
2026-02-22 09:33:34.635 | INFO     | __main__:on_log:99 - step=2235 | loss=0.092600 | grad_norm=0.369542 | learning_rate=0.000028 | epoch=0.257222
2026-02-22 09:34:14.294 | INFO     | __main__:on_log:99 - step=2240 | loss=0.062800 | grad_norm=0.346157 | learning_rate=0.000028 | epoch=0.257797
2026-02-22 09:34:53.860 | INFO     | __main__:on_log:99 - step=2245 | loss=0.070200 | grad_norm=0.292183 | learning_rate=0.000028 | epoch=0.258373
2026-02-22 09:35:33.495 | INFO     | __main__:on_log:99 - step=2250 | loss=0.063900 | grad_norm=0.337243 | learning_rate=0.000027 | epoch=0.258948
2026-02-22 09:36:13.075 | INFO     | __main__:on_log:99 - step=2255 | loss=0.066800 | grad_norm=0.394808 | learning_rate=0.000027 | epoch=0.259524
2026-02-22 09:36:52.644 | INFO     | __main__:on_log:99 - step=2260 | loss=0.077000 | grad_norm=0.392676 | learning_rate=0.000027 | epoch=0.260099
2026-02-22 09:37:32.272 | INFO     | __main__:on_log:99 - step=2265 | loss=0.047700 | grad_norm=0.304015 | learning_rate=0.000027 | epoch=0.260674
2026-02-22 09:38:11.848 | INFO     | __main__:on_log:99 - step=2270 | loss=0.059800 | grad_norm=0.291535 | learning_rate=0.000027 | epoch=0.261250
2026-02-22 09:38:51.491 | INFO     | __main__:on_log:99 - step=2275 | loss=0.072500 | grad_norm=0.286928 | learning_rate=0.000027 | epoch=0.261825
2026-02-22 09:39:31.063 | INFO     | __main__:on_log:99 - step=2280 | loss=0.083600 | grad_norm=0.532205 | learning_rate=0.000027 | epoch=0.262401
2026-02-22 09:40:10.635 | INFO     | __main__:on_log:99 - step=2285 | loss=0.071700 | grad_norm=0.609175 | learning_rate=0.000027 | epoch=0.262976
2026-02-22 09:40:50.221 | INFO     | __main__:on_log:99 - step=2290 | loss=0.075300 | grad_norm=0.372741 | learning_rate=0.000027 | epoch=0.263552
2026-02-22 09:41:29.851 | INFO     | __main__:on_log:99 - step=2295 | loss=0.054400 | grad_norm=0.481966 | learning_rate=0.000027 | epoch=0.264127
2026-02-22 09:42:09.410 | INFO     | __main__:on_log:99 - step=2300 | loss=0.074100 | grad_norm=0.356930 | learning_rate=0.000027 | epoch=0.264702
2026-02-22 09:42:49.010 | INFO     | __main__:on_log:99 - step=2305 | loss=0.059600 | grad_norm=0.385437 | learning_rate=0.000027 | epoch=0.265278
2026-02-22 09:43:28.630 | INFO     | __main__:on_log:99 - step=2310 | loss=0.054700 | grad_norm=0.445669 | learning_rate=0.000027 | epoch=0.265853
2026-02-22 09:44:08.222 | INFO     | __main__:on_log:99 - step=2315 | loss=0.077100 | grad_norm=0.453861 | learning_rate=0.000027 | epoch=0.266429
2026-02-22 09:44:47.864 | INFO     | __main__:on_log:99 - step=2320 | loss=0.065700 | grad_norm=0.417096 | learning_rate=0.000027 | epoch=0.267004
2026-02-22 09:45:27.396 | INFO     | __main__:on_log:99 - step=2325 | loss=0.070100 | grad_norm=0.397604 | learning_rate=0.000027 | epoch=0.267580
2026-02-22 09:46:07.003 | INFO     | __main__:on_log:99 - step=2330 | loss=0.055100 | grad_norm=0.218349 | learning_rate=0.000027 | epoch=0.268155
2026-02-22 09:46:46.578 | INFO     | __main__:on_log:99 - step=2335 | loss=0.059600 | grad_norm=1.571581 | learning_rate=0.000027 | epoch=0.268731
2026-02-22 09:47:26.119 | INFO     | __main__:on_log:99 - step=2340 | loss=0.070300 | grad_norm=0.289913 | learning_rate=0.000027 | epoch=0.269306
2026-02-22 09:48:05.639 | INFO     | __main__:on_log:99 - step=2345 | loss=0.055900 | grad_norm=0.342455 | learning_rate=0.000027 | epoch=0.269881
2026-02-22 09:48:45.201 | INFO     | __main__:on_log:99 - step=2350 | loss=0.063500 | grad_norm=0.589860 | learning_rate=0.000027 | epoch=0.270457
2026-02-22 09:49:24.775 | INFO     | __main__:on_log:99 - step=2355 | loss=0.078400 | grad_norm=0.329768 | learning_rate=0.000027 | epoch=0.271032
2026-02-22 09:50:04.370 | INFO     | __main__:on_log:99 - step=2360 | loss=0.064100 | grad_norm=0.628703 | learning_rate=0.000027 | epoch=0.271608
2026-02-22 09:50:44.006 | INFO     | __main__:on_log:99 - step=2365 | loss=0.070100 | grad_norm=0.305214 | learning_rate=0.000027 | epoch=0.272183
2026-02-22 09:51:23.603 | INFO     | __main__:on_log:99 - step=2370 | loss=0.086600 | grad_norm=0.494078 | learning_rate=0.000027 | epoch=0.272759
2026-02-22 09:52:03.209 | INFO     | __main__:on_log:99 - step=2375 | loss=0.073000 | grad_norm=0.364028 | learning_rate=0.000027 | epoch=0.273334
2026-02-22 09:52:42.807 | INFO     | __main__:on_log:99 - step=2380 | loss=0.088600 | grad_norm=0.432352 | learning_rate=0.000027 | epoch=0.273910
2026-02-22 09:53:22.363 | INFO     | __main__:on_log:99 - step=2385 | loss=0.068200 | grad_norm=0.361959 | learning_rate=0.000027 | epoch=0.274485
2026-02-22 09:54:01.995 | INFO     | __main__:on_log:99 - step=2390 | loss=0.059600 | grad_norm=0.483038 | learning_rate=0.000027 | epoch=0.275060
2026-02-22 09:54:41.651 | INFO     | __main__:on_log:99 - step=2395 | loss=0.056500 | grad_norm=0.255414 | learning_rate=0.000027 | epoch=0.275636
2026-02-22 09:55:21.255 | INFO     | __main__:on_log:99 - step=2400 | loss=0.072600 | grad_norm=0.292313 | learning_rate=0.000027 | epoch=0.276211
2026-02-22 09:56:00.861 | INFO     | __main__:on_log:99 - step=2405 | loss=0.069900 | grad_norm=0.368408 | learning_rate=0.000027 | epoch=0.276787
2026-02-22 09:56:40.458 | INFO     | __main__:on_log:99 - step=2410 | loss=0.065200 | grad_norm=0.402459 | learning_rate=0.000027 | epoch=0.277362
2026-02-22 09:57:20.074 | INFO     | __main__:on_log:99 - step=2415 | loss=0.066500 | grad_norm=0.825310 | learning_rate=0.000027 | epoch=0.277938
2026-02-22 09:57:59.677 | INFO     | __main__:on_log:99 - step=2420 | loss=0.089000 | grad_norm=0.426203 | learning_rate=0.000027 | epoch=0.278513
2026-02-22 09:58:39.227 | INFO     | __main__:on_log:99 - step=2425 | loss=0.080900 | grad_norm=0.479890 | learning_rate=0.000027 | epoch=0.279089
2026-02-22 09:59:18.758 | INFO     | __main__:on_log:99 - step=2430 | loss=0.062100 | grad_norm=0.345616 | learning_rate=0.000027 | epoch=0.279664
2026-02-22 09:59:58.351 | INFO     | __main__:on_log:99 - step=2435 | loss=0.096800 | grad_norm=0.444157 | learning_rate=0.000027 | epoch=0.280239
2026-02-22 10:00:37.974 | INFO     | __main__:on_log:99 - step=2440 | loss=0.072000 | grad_norm=0.481378 | learning_rate=0.000027 | epoch=0.280815
2026-02-22 10:01:17.570 | INFO     | __main__:on_log:99 - step=2445 | loss=0.045200 | grad_norm=0.387480 | learning_rate=0.000027 | epoch=0.281390
2026-02-22 10:01:57.178 | INFO     | __main__:on_log:99 - step=2450 | loss=0.077800 | grad_norm=0.364348 | learning_rate=0.000027 | epoch=0.281966
2026-02-22 10:02:36.781 | INFO     | __main__:on_log:99 - step=2455 | loss=0.066400 | grad_norm=0.497038 | learning_rate=0.000027 | epoch=0.282541
2026-02-22 10:03:16.365 | INFO     | __main__:on_log:99 - step=2460 | loss=0.044500 | grad_norm=0.281685 | learning_rate=0.000027 | epoch=0.283117
2026-02-22 10:03:55.920 | INFO     | __main__:on_log:99 - step=2465 | loss=0.094300 | grad_norm=0.468680 | learning_rate=0.000027 | epoch=0.283692
2026-02-22 10:04:35.490 | INFO     | __main__:on_log:99 - step=2470 | loss=0.074400 | grad_norm=0.507337 | learning_rate=0.000027 | epoch=0.284267
2026-02-22 10:05:14.986 | INFO     | __main__:on_log:99 - step=2475 | loss=0.066500 | grad_norm=0.477082 | learning_rate=0.000027 | epoch=0.284843
2026-02-22 10:05:54.566 | INFO     | __main__:on_log:99 - step=2480 | loss=0.074600 | grad_norm=0.273361 | learning_rate=0.000027 | epoch=0.285418
2026-02-22 10:06:34.159 | INFO     | __main__:on_log:99 - step=2485 | loss=0.060700 | grad_norm=0.425515 | learning_rate=0.000027 | epoch=0.285994
2026-02-22 10:07:13.691 | INFO     | __main__:on_log:99 - step=2490 | loss=0.070400 | grad_norm=0.584332 | learning_rate=0.000027 | epoch=0.286569
2026-02-22 10:07:53.333 | INFO     | __main__:on_log:99 - step=2495 | loss=0.066400 | grad_norm=0.470629 | learning_rate=0.000027 | epoch=0.287145
2026-02-22 10:08:32.872 | INFO     | __main__:on_log:99 - step=2500 | loss=0.086500 | grad_norm=0.430609 | learning_rate=0.000027 | epoch=0.287720
2026-02-22 10:09:12.425 | INFO     | __main__:on_log:99 - step=2505 | loss=0.087300 | grad_norm=0.485320 | learning_rate=0.000027 | epoch=0.288296
2026-02-22 10:09:52.021 | INFO     | __main__:on_log:99 - step=2510 | loss=0.071500 | grad_norm=0.505487 | learning_rate=0.000027 | epoch=0.288871
2026-02-22 10:10:31.552 | INFO     | __main__:on_log:99 - step=2515 | loss=0.070600 | grad_norm=0.475093 | learning_rate=0.000027 | epoch=0.289446
2026-02-22 10:11:11.093 | INFO     | __main__:on_log:99 - step=2520 | loss=0.087300 | grad_norm=0.438744 | learning_rate=0.000027 | epoch=0.290022
2026-02-22 10:11:50.617 | INFO     | __main__:on_log:99 - step=2525 | loss=0.063100 | grad_norm=0.315350 | learning_rate=0.000027 | epoch=0.290597
2026-02-22 10:12:30.221 | INFO     | __main__:on_log:99 - step=2530 | loss=0.065100 | grad_norm=0.301288 | learning_rate=0.000027 | epoch=0.291173
2026-02-22 10:13:09.788 | INFO     | __main__:on_log:99 - step=2535 | loss=0.074900 | grad_norm=0.659042 | learning_rate=0.000027 | epoch=0.291748
2026-02-22 10:13:49.458 | INFO     | __main__:on_log:99 - step=2540 | loss=0.084900 | grad_norm=0.405299 | learning_rate=0.000027 | epoch=0.292324
2026-02-22 10:14:29.119 | INFO     | __main__:on_log:99 - step=2545 | loss=0.067700 | grad_norm=0.365865 | learning_rate=0.000027 | epoch=0.292899
2026-02-22 10:15:08.717 | INFO     | __main__:on_log:99 - step=2550 | loss=0.091000 | grad_norm=0.436016 | learning_rate=0.000027 | epoch=0.293475
2026-02-22 10:15:48.307 | INFO     | __main__:on_log:99 - step=2555 | loss=0.077200 | grad_norm=0.406843 | learning_rate=0.000027 | epoch=0.294050
2026-02-22 10:16:27.869 | INFO     | __main__:on_log:99 - step=2560 | loss=0.078200 | grad_norm=0.393134 | learning_rate=0.000027 | epoch=0.294625
2026-02-22 10:17:07.475 | INFO     | __main__:on_log:99 - step=2565 | loss=0.056300 | grad_norm=0.629463 | learning_rate=0.000027 | epoch=0.295201
2026-02-22 10:17:47.062 | INFO     | __main__:on_log:99 - step=2570 | loss=0.088700 | grad_norm=0.394701 | learning_rate=0.000027 | epoch=0.295776
2026-02-22 10:18:26.644 | INFO     | __main__:on_log:99 - step=2575 | loss=0.067500 | grad_norm=0.440015 | learning_rate=0.000027 | epoch=0.296352
2026-02-22 10:19:06.199 | INFO     | __main__:on_log:99 - step=2580 | loss=0.101400 | grad_norm=0.464957 | learning_rate=0.000027 | epoch=0.296927
2026-02-22 10:19:45.777 | INFO     | __main__:on_log:99 - step=2585 | loss=0.050300 | grad_norm=0.380442 | learning_rate=0.000027 | epoch=0.297503
2026-02-22 10:20:25.317 | INFO     | __main__:on_log:99 - step=2590 | loss=0.061800 | grad_norm=0.272581 | learning_rate=0.000027 | epoch=0.298078
2026-02-22 10:21:04.932 | INFO     | __main__:on_log:99 - step=2595 | loss=0.055900 | grad_norm=0.483456 | learning_rate=0.000027 | epoch=0.298653
2026-02-22 10:21:44.503 | INFO     | __main__:on_log:99 - step=2600 | loss=0.070300 | grad_norm=0.460181 | learning_rate=0.000027 | epoch=0.299229
2026-02-22 10:22:24.075 | INFO     | __main__:on_log:99 - step=2605 | loss=0.050000 | grad_norm=0.522725 | learning_rate=0.000027 | epoch=0.299804
2026-02-22 10:23:03.652 | INFO     | __main__:on_log:99 - step=2610 | loss=0.092200 | grad_norm=0.372101 | learning_rate=0.000027 | epoch=0.300380
2026-02-22 10:23:43.261 | INFO     | __main__:on_log:99 - step=2615 | loss=0.072100 | grad_norm=0.350936 | learning_rate=0.000027 | epoch=0.300955
2026-02-22 10:24:22.894 | INFO     | __main__:on_log:99 - step=2620 | loss=0.073800 | grad_norm=0.651710 | learning_rate=0.000027 | epoch=0.301531
2026-02-22 10:25:02.455 | INFO     | __main__:on_log:99 - step=2625 | loss=0.070200 | grad_norm=0.531601 | learning_rate=0.000027 | epoch=0.302106
2026-02-22 10:25:42.017 | INFO     | __main__:on_log:99 - step=2630 | loss=0.069800 | grad_norm=0.497871 | learning_rate=0.000027 | epoch=0.302682
2026-02-22 10:26:21.607 | INFO     | __main__:on_log:99 - step=2635 | loss=0.069300 | grad_norm=0.505307 | learning_rate=0.000027 | epoch=0.303257
2026-02-22 10:27:01.309 | INFO     | __main__:on_log:99 - step=2640 | loss=0.080400 | grad_norm=0.220438 | learning_rate=0.000027 | epoch=0.303832
2026-02-22 10:27:40.917 | INFO     | __main__:on_log:99 - step=2645 | loss=0.058700 | grad_norm=0.367026 | learning_rate=0.000027 | epoch=0.304408
2026-02-22 10:28:20.511 | INFO     | __main__:on_log:99 - step=2650 | loss=0.061900 | grad_norm=0.264721 | learning_rate=0.000027 | epoch=0.304983
2026-02-22 10:29:00.149 | INFO     | __main__:on_log:99 - step=2655 | loss=0.085100 | grad_norm=0.570977 | learning_rate=0.000027 | epoch=0.305559
2026-02-22 10:29:39.792 | INFO     | __main__:on_log:99 - step=2660 | loss=0.053100 | grad_norm=0.445256 | learning_rate=0.000027 | epoch=0.306134
2026-02-22 10:30:19.368 | INFO     | __main__:on_log:99 - step=2665 | loss=0.050000 | grad_norm=0.306264 | learning_rate=0.000027 | epoch=0.306710
2026-02-22 10:30:58.923 | INFO     | __main__:on_log:99 - step=2670 | loss=0.074100 | grad_norm=0.346777 | learning_rate=0.000027 | epoch=0.307285
2026-02-22 10:31:38.557 | INFO     | __main__:on_log:99 - step=2675 | loss=0.071300 | grad_norm=0.420464 | learning_rate=0.000027 | epoch=0.307861
2026-02-22 10:32:18.154 | INFO     | __main__:on_log:99 - step=2680 | loss=0.080700 | grad_norm=0.324073 | learning_rate=0.000027 | epoch=0.308436
2026-02-22 10:32:57.722 | INFO     | __main__:on_log:99 - step=2685 | loss=0.069500 | grad_norm=0.379573 | learning_rate=0.000027 | epoch=0.309011
2026-02-22 10:33:37.310 | INFO     | __main__:on_log:99 - step=2690 | loss=0.076500 | grad_norm=0.332511 | learning_rate=0.000027 | epoch=0.309587
2026-02-22 10:34:16.864 | INFO     | __main__:on_log:99 - step=2695 | loss=0.074300 | grad_norm=0.604572 | learning_rate=0.000027 | epoch=0.310162
2026-02-22 10:34:56.432 | INFO     | __main__:on_log:99 - step=2700 | loss=0.060200 | grad_norm=0.457164 | learning_rate=0.000027 | epoch=0.310738
2026-02-22 10:35:36.048 | INFO     | __main__:on_log:99 - step=2705 | loss=0.055500 | grad_norm=0.237132 | learning_rate=0.000027 | epoch=0.311313
2026-02-22 10:36:15.624 | INFO     | __main__:on_log:99 - step=2710 | loss=0.091100 | grad_norm=0.505961 | learning_rate=0.000027 | epoch=0.311889
2026-02-22 10:36:55.220 | INFO     | __main__:on_log:99 - step=2715 | loss=0.067300 | grad_norm=0.291710 | learning_rate=0.000027 | epoch=0.312464
2026-02-22 10:37:34.799 | INFO     | __main__:on_log:99 - step=2720 | loss=0.064000 | grad_norm=0.431595 | learning_rate=0.000027 | epoch=0.313039
2026-02-22 10:38:14.357 | INFO     | __main__:on_log:99 - step=2725 | loss=0.071300 | grad_norm=0.457320 | learning_rate=0.000027 | epoch=0.313615
2026-02-22 10:38:53.942 | INFO     | __main__:on_log:99 - step=2730 | loss=0.062100 | grad_norm=0.457589 | learning_rate=0.000027 | epoch=0.314190
2026-02-22 10:39:33.569 | INFO     | __main__:on_log:99 - step=2735 | loss=0.080900 | grad_norm=0.271369 | learning_rate=0.000027 | epoch=0.314766
2026-02-22 10:40:13.108 | INFO     | __main__:on_log:99 - step=2740 | loss=0.065100 | grad_norm=0.461754 | learning_rate=0.000027 | epoch=0.315341
2026-02-22 10:40:52.728 | INFO     | __main__:on_log:99 - step=2745 | loss=0.071400 | grad_norm=0.332021 | learning_rate=0.000027 | epoch=0.315917
2026-02-22 10:41:32.274 | INFO     | __main__:on_log:99 - step=2750 | loss=0.075800 | grad_norm=0.450542 | learning_rate=0.000027 | epoch=0.316492
2026-02-22 10:42:11.878 | INFO     | __main__:on_log:99 - step=2755 | loss=0.058600 | grad_norm=0.293847 | learning_rate=0.000027 | epoch=0.317068
2026-02-22 10:42:51.456 | INFO     | __main__:on_log:99 - step=2760 | loss=0.064800 | grad_norm=0.546140 | learning_rate=0.000027 | epoch=0.317643
2026-02-22 10:43:30.990 | INFO     | __main__:on_log:99 - step=2765 | loss=0.069600 | grad_norm=0.401472 | learning_rate=0.000027 | epoch=0.318218
2026-02-22 10:44:10.570 | INFO     | __main__:on_log:99 - step=2770 | loss=0.071700 | grad_norm=0.305627 | learning_rate=0.000027 | epoch=0.318794
2026-02-22 10:44:50.148 | INFO     | __main__:on_log:99 - step=2775 | loss=0.068900 | grad_norm=0.473099 | learning_rate=0.000027 | epoch=0.319369
2026-02-22 10:45:29.676 | INFO     | __main__:on_log:99 - step=2780 | loss=0.059700 | grad_norm=0.439537 | learning_rate=0.000027 | epoch=0.319945
2026-02-22 10:46:09.247 | INFO     | __main__:on_log:99 - step=2785 | loss=0.082200 | grad_norm=0.437672 | learning_rate=0.000027 | epoch=0.320520
2026-02-22 10:46:48.836 | INFO     | __main__:on_log:99 - step=2790 | loss=0.060700 | grad_norm=0.384572 | learning_rate=0.000027 | epoch=0.321096
2026-02-22 10:47:28.432 | INFO     | __main__:on_log:99 - step=2795 | loss=0.066100 | grad_norm=0.464070 | learning_rate=0.000027 | epoch=0.321671
2026-02-22 10:48:07.944 | INFO     | __main__:on_log:99 - step=2800 | loss=0.058500 | grad_norm=0.356003 | learning_rate=0.000026 | epoch=0.322247
2026-02-22 10:48:47.498 | INFO     | __main__:on_log:99 - step=2805 | loss=0.066600 | grad_norm=0.362905 | learning_rate=0.000026 | epoch=0.322822
2026-02-22 10:49:27.123 | INFO     | __main__:on_log:99 - step=2810 | loss=0.054000 | grad_norm=0.227015 | learning_rate=0.000026 | epoch=0.323397
2026-02-22 10:50:06.723 | INFO     | __main__:on_log:99 - step=2815 | loss=0.051500 | grad_norm=0.241881 | learning_rate=0.000026 | epoch=0.323973
2026-02-22 10:50:46.302 | INFO     | __main__:on_log:99 - step=2820 | loss=0.078600 | grad_norm=0.450274 | learning_rate=0.000026 | epoch=0.324548
2026-02-22 10:51:25.893 | INFO     | __main__:on_log:99 - step=2825 | loss=0.080900 | grad_norm=0.647623 | learning_rate=0.000026 | epoch=0.325124
2026-02-22 10:52:05.481 | INFO     | __main__:on_log:99 - step=2830 | loss=0.086800 | grad_norm=0.466463 | learning_rate=0.000026 | epoch=0.325699
2026-02-22 10:52:45.021 | INFO     | __main__:on_log:99 - step=2835 | loss=0.069300 | grad_norm=0.442449 | learning_rate=0.000026 | epoch=0.326275
2026-02-22 10:53:24.611 | INFO     | __main__:on_log:99 - step=2840 | loss=0.047800 | grad_norm=0.465953 | learning_rate=0.000026 | epoch=0.326850
2026-02-22 10:54:04.126 | INFO     | __main__:on_log:99 - step=2845 | loss=0.096300 | grad_norm=0.498352 | learning_rate=0.000026 | epoch=0.327425
2026-02-22 10:54:43.787 | INFO     | __main__:on_log:99 - step=2850 | loss=0.080200 | grad_norm=0.438659 | learning_rate=0.000026 | epoch=0.328001
2026-02-22 10:55:23.359 | INFO     | __main__:on_log:99 - step=2855 | loss=0.086200 | grad_norm=0.424751 | learning_rate=0.000026 | epoch=0.328576
2026-02-22 10:56:02.923 | INFO     | __main__:on_log:99 - step=2860 | loss=0.086600 | grad_norm=0.800614 | learning_rate=0.000026 | epoch=0.329152
2026-02-22 10:56:42.489 | INFO     | __main__:on_log:99 - step=2865 | loss=0.080200 | grad_norm=0.246044 | learning_rate=0.000026 | epoch=0.329727
2026-02-22 10:57:22.093 | INFO     | __main__:on_log:99 - step=2870 | loss=0.065000 | grad_norm=0.268497 | learning_rate=0.000026 | epoch=0.330303
2026-02-22 10:58:01.763 | INFO     | __main__:on_log:99 - step=2875 | loss=0.066300 | grad_norm=0.499767 | learning_rate=0.000026 | epoch=0.330878
2026-02-22 10:58:41.375 | INFO     | __main__:on_log:99 - step=2880 | loss=0.065100 | grad_norm=0.445401 | learning_rate=0.000026 | epoch=0.331454
2026-02-22 10:59:20.942 | INFO     | __main__:on_log:99 - step=2885 | loss=0.073300 | grad_norm=0.570287 | learning_rate=0.000026 | epoch=0.332029
2026-02-22 11:00:00.610 | INFO     | __main__:on_log:99 - step=2890 | loss=0.054800 | grad_norm=0.243249 | learning_rate=0.000026 | epoch=0.332604
2026-02-22 11:00:40.226 | INFO     | __main__:on_log:99 - step=2895 | loss=0.075800 | grad_norm=0.412084 | learning_rate=0.000026 | epoch=0.333180
2026-02-22 11:01:19.806 | INFO     | __main__:on_log:99 - step=2900 | loss=0.072700 | grad_norm=0.536645 | learning_rate=0.000026 | epoch=0.333755
2026-02-22 11:01:59.380 | INFO     | __main__:on_log:99 - step=2905 | loss=0.051100 | grad_norm=0.241085 | learning_rate=0.000026 | epoch=0.334331
2026-02-22 11:02:39.033 | INFO     | __main__:on_log:99 - step=2910 | loss=0.061300 | grad_norm=0.470458 | learning_rate=0.000026 | epoch=0.334906
2026-02-22 11:03:18.645 | INFO     | __main__:on_log:99 - step=2915 | loss=0.059800 | grad_norm=0.473050 | learning_rate=0.000026 | epoch=0.335482
2026-02-22 11:03:58.209 | INFO     | __main__:on_log:99 - step=2920 | loss=0.069400 | grad_norm=0.548015 | learning_rate=0.000026 | epoch=0.336057
2026-02-22 11:04:37.880 | INFO     | __main__:on_log:99 - step=2925 | loss=0.072500 | grad_norm=0.404684 | learning_rate=0.000026 | epoch=0.336633
2026-02-22 11:05:17.459 | INFO     | __main__:on_log:99 - step=2930 | loss=0.054300 | grad_norm=0.528312 | learning_rate=0.000026 | epoch=0.337208
2026-02-22 11:05:56.999 | INFO     | __main__:on_log:99 - step=2935 | loss=0.067500 | grad_norm=0.484889 | learning_rate=0.000026 | epoch=0.337783
2026-02-22 11:06:36.549 | INFO     | __main__:on_log:99 - step=2940 | loss=0.071300 | grad_norm=0.609509 | learning_rate=0.000026 | epoch=0.338359
2026-02-22 11:07:16.171 | INFO     | __main__:on_log:99 - step=2945 | loss=0.062000 | grad_norm=0.273183 | learning_rate=0.000026 | epoch=0.338934
2026-02-22 11:07:55.698 | INFO     | __main__:on_log:99 - step=2950 | loss=0.076000 | grad_norm=0.427985 | learning_rate=0.000026 | epoch=0.339510
2026-02-22 11:08:35.283 | INFO     | __main__:on_log:99 - step=2955 | loss=0.079400 | grad_norm=0.269990 | learning_rate=0.000026 | epoch=0.340085
2026-02-22 11:09:14.856 | INFO     | __main__:on_log:99 - step=2960 | loss=0.071100 | grad_norm=0.519537 | learning_rate=0.000026 | epoch=0.340661
2026-02-22 11:09:54.485 | INFO     | __main__:on_log:99 - step=2965 | loss=0.051200 | grad_norm=0.320027 | learning_rate=0.000026 | epoch=0.341236
2026-02-22 11:10:34.049 | INFO     | __main__:on_log:99 - step=2970 | loss=0.062200 | grad_norm=0.339335 | learning_rate=0.000026 | epoch=0.341811
2026-02-22 11:11:13.668 | INFO     | __main__:on_log:99 - step=2975 | loss=0.055800 | grad_norm=0.566348 | learning_rate=0.000026 | epoch=0.342387
2026-02-22 11:11:53.287 | INFO     | __main__:on_log:99 - step=2980 | loss=0.062800 | grad_norm=0.511297 | learning_rate=0.000026 | epoch=0.342962
2026-02-22 11:12:32.843 | INFO     | __main__:on_log:99 - step=2985 | loss=0.055400 | grad_norm=0.334508 | learning_rate=0.000026 | epoch=0.343538
2026-02-22 11:13:12.404 | INFO     | __main__:on_log:99 - step=2990 | loss=0.076500 | grad_norm=0.570927 | learning_rate=0.000026 | epoch=0.344113
2026-02-22 11:13:51.976 | INFO     | __main__:on_log:99 - step=2995 | loss=0.070900 | grad_norm=0.366019 | learning_rate=0.000026 | epoch=0.344689
2026-02-22 11:14:31.562 | INFO     | __main__:on_log:99 - step=3000 | loss=0.078700 | grad_norm=0.378079 | learning_rate=0.000026 | epoch=0.345264
2026-02-22 11:15:11.133 | INFO     | __main__:on_log:99 - step=3005 | loss=0.057100 | grad_norm=0.402595 | learning_rate=0.000026 | epoch=0.345840
2026-02-22 11:15:50.681 | INFO     | __main__:on_log:99 - step=3010 | loss=0.072500 | grad_norm=0.416685 | learning_rate=0.000026 | epoch=0.346415
2026-02-22 11:16:30.236 | INFO     | __main__:on_log:99 - step=3015 | loss=0.060300 | grad_norm=0.344788 | learning_rate=0.000026 | epoch=0.346990
2026-02-22 11:17:09.824 | INFO     | __main__:on_log:99 - step=3020 | loss=0.073900 | grad_norm=0.359569 | learning_rate=0.000026 | epoch=0.347566
2026-02-22 11:17:49.368 | INFO     | __main__:on_log:99 - step=3025 | loss=0.082300 | grad_norm=1.079173 | learning_rate=0.000026 | epoch=0.348141
2026-02-22 11:18:29.034 | INFO     | __main__:on_log:99 - step=3030 | loss=0.047800 | grad_norm=0.283309 | learning_rate=0.000026 | epoch=0.348717
2026-02-22 11:19:08.634 | INFO     | __main__:on_log:99 - step=3035 | loss=0.074300 | grad_norm=0.418744 | learning_rate=0.000026 | epoch=0.349292
2026-02-22 11:19:48.235 | INFO     | __main__:on_log:99 - step=3040 | loss=0.061400 | grad_norm=0.570108 | learning_rate=0.000026 | epoch=0.349868
2026-02-22 11:20:27.846 | INFO     | __main__:on_log:99 - step=3045 | loss=0.063800 | grad_norm=0.455762 | learning_rate=0.000026 | epoch=0.350443
2026-02-22 11:21:07.407 | INFO     | __main__:on_log:99 - step=3050 | loss=0.071600 | grad_norm=0.471425 | learning_rate=0.000026 | epoch=0.351019
2026-02-22 11:21:46.968 | INFO     | __main__:on_log:99 - step=3055 | loss=0.090500 | grad_norm=0.344402 | learning_rate=0.000026 | epoch=0.351594
2026-02-22 11:22:26.559 | INFO     | __main__:on_log:99 - step=3060 | loss=0.063500 | grad_norm=0.291407 | learning_rate=0.000026 | epoch=0.352169
2026-02-22 11:23:06.278 | INFO     | __main__:on_log:99 - step=3065 | loss=0.051800 | grad_norm=0.231972 | learning_rate=0.000026 | epoch=0.352745
2026-02-22 11:23:45.901 | INFO     | __main__:on_log:99 - step=3070 | loss=0.059400 | grad_norm=0.499946 | learning_rate=0.000026 | epoch=0.353320
2026-02-22 11:24:25.539 | INFO     | __main__:on_log:99 - step=3075 | loss=0.067100 | grad_norm=0.361629 | learning_rate=0.000026 | epoch=0.353896
2026-02-22 11:25:05.129 | INFO     | __main__:on_log:99 - step=3080 | loss=0.063000 | grad_norm=0.234712 | learning_rate=0.000026 | epoch=0.354471
2026-02-22 11:25:44.742 | INFO     | __main__:on_log:99 - step=3085 | loss=0.066300 | grad_norm=0.605777 | learning_rate=0.000026 | epoch=0.355047
2026-02-22 11:26:24.334 | INFO     | __main__:on_log:99 - step=3090 | loss=0.058400 | grad_norm=0.465592 | learning_rate=0.000026 | epoch=0.355622
2026-02-22 11:27:03.873 | INFO     | __main__:on_log:99 - step=3095 | loss=0.082600 | grad_norm=0.571982 | learning_rate=0.000026 | epoch=0.356197
2026-02-22 11:27:43.448 | INFO     | __main__:on_log:99 - step=3100 | loss=0.083900 | grad_norm=0.271317 | learning_rate=0.000026 | epoch=0.356773
2026-02-22 11:28:22.960 | INFO     | __main__:on_log:99 - step=3105 | loss=0.067500 | grad_norm=0.406381 | learning_rate=0.000026 | epoch=0.357348
2026-02-22 11:29:02.507 | INFO     | __main__:on_log:99 - step=3110 | loss=0.065700 | grad_norm=0.417251 | learning_rate=0.000026 | epoch=0.357924
2026-02-22 11:29:42.062 | INFO     | __main__:on_log:99 - step=3115 | loss=0.060700 | grad_norm=0.488894 | learning_rate=0.000026 | epoch=0.358499
2026-02-22 11:30:21.638 | INFO     | __main__:on_log:99 - step=3120 | loss=0.082100 | grad_norm=0.463490 | learning_rate=0.000026 | epoch=0.359075
2026-02-22 11:31:01.229 | INFO     | __main__:on_log:99 - step=3125 | loss=0.067200 | grad_norm=0.365011 | learning_rate=0.000026 | epoch=0.359650
2026-02-22 11:31:40.773 | INFO     | __main__:on_log:99 - step=3130 | loss=0.102300 | grad_norm=0.544245 | learning_rate=0.000026 | epoch=0.360226
2026-02-22 11:32:20.379 | INFO     | __main__:on_log:99 - step=3135 | loss=0.048400 | grad_norm=0.216100 | learning_rate=0.000026 | epoch=0.360801
2026-02-22 11:32:59.911 | INFO     | __main__:on_log:99 - step=3140 | loss=0.076200 | grad_norm=0.520423 | learning_rate=0.000026 | epoch=0.361376
2026-02-22 11:33:39.497 | INFO     | __main__:on_log:99 - step=3145 | loss=0.044600 | grad_norm=0.298059 | learning_rate=0.000026 | epoch=0.361952
2026-02-22 11:34:19.025 | INFO     | __main__:on_log:99 - step=3150 | loss=0.050400 | grad_norm=0.269921 | learning_rate=0.000026 | epoch=0.362527
2026-02-22 11:34:58.606 | INFO     | __main__:on_log:99 - step=3155 | loss=0.099100 | grad_norm=0.496062 | learning_rate=0.000026 | epoch=0.363103
2026-02-22 11:35:38.164 | INFO     | __main__:on_log:99 - step=3160 | loss=0.057400 | grad_norm=0.296730 | learning_rate=0.000026 | epoch=0.363678
2026-02-22 11:36:17.698 | INFO     | __main__:on_log:99 - step=3165 | loss=0.062100 | grad_norm=0.371039 | learning_rate=0.000026 | epoch=0.364254
2026-02-22 11:36:57.233 | INFO     | __main__:on_log:99 - step=3170 | loss=0.054800 | grad_norm=0.448148 | learning_rate=0.000026 | epoch=0.364829
2026-02-22 11:37:36.790 | INFO     | __main__:on_log:99 - step=3175 | loss=0.061300 | grad_norm=0.386271 | learning_rate=0.000026 | epoch=0.365405
2026-02-22 11:38:16.338 | INFO     | __main__:on_log:99 - step=3180 | loss=0.079500 | grad_norm=0.458260 | learning_rate=0.000026 | epoch=0.365980
2026-02-22 11:38:55.945 | INFO     | __main__:on_log:99 - step=3185 | loss=0.074300 | grad_norm=0.423932 | learning_rate=0.000026 | epoch=0.366555
2026-02-22 11:39:35.503 | INFO     | __main__:on_log:99 - step=3190 | loss=0.082000 | grad_norm=0.547662 | learning_rate=0.000026 | epoch=0.367131
2026-02-22 11:40:15.030 | INFO     | __main__:on_log:99 - step=3195 | loss=0.050600 | grad_norm=0.321819 | learning_rate=0.000026 | epoch=0.367706
2026-02-22 11:40:54.541 | INFO     | __main__:on_log:99 - step=3200 | loss=0.098800 | grad_norm=0.546996 | learning_rate=0.000026 | epoch=0.368282
2026-02-22 11:41:34.146 | INFO     | __main__:on_log:99 - step=3205 | loss=0.082800 | grad_norm=0.346068 | learning_rate=0.000026 | epoch=0.368857
2026-02-22 11:42:13.663 | INFO     | __main__:on_log:99 - step=3210 | loss=0.064900 | grad_norm=0.371262 | learning_rate=0.000026 | epoch=0.369433
2026-02-22 11:42:53.220 | INFO     | __main__:on_log:99 - step=3215 | loss=0.076900 | grad_norm=0.319854 | learning_rate=0.000026 | epoch=0.370008
2026-02-22 11:43:32.755 | INFO     | __main__:on_log:99 - step=3220 | loss=0.075000 | grad_norm=0.276015 | learning_rate=0.000026 | epoch=0.370583
2026-02-22 11:44:12.299 | INFO     | __main__:on_log:99 - step=3225 | loss=0.063000 | grad_norm=0.390865 | learning_rate=0.000026 | epoch=0.371159
2026-02-22 11:44:51.871 | INFO     | __main__:on_log:99 - step=3230 | loss=0.067900 | grad_norm=0.337724 | learning_rate=0.000026 | epoch=0.371734
2026-02-22 11:45:31.530 | INFO     | __main__:on_log:99 - step=3235 | loss=0.062300 | grad_norm=0.555642 | learning_rate=0.000026 | epoch=0.372310
2026-02-22 11:46:11.092 | INFO     | __main__:on_log:99 - step=3240 | loss=0.074100 | grad_norm=0.397694 | learning_rate=0.000026 | epoch=0.372885
2026-02-22 11:46:50.665 | INFO     | __main__:on_log:99 - step=3245 | loss=0.077100 | grad_norm=0.429623 | learning_rate=0.000026 | epoch=0.373461
2026-02-22 11:47:30.247 | INFO     | __main__:on_log:99 - step=3250 | loss=0.077500 | grad_norm=0.740877 | learning_rate=0.000026 | epoch=0.374036
2026-02-22 11:48:09.811 | INFO     | __main__:on_log:99 - step=3255 | loss=0.067200 | grad_norm=0.314324 | learning_rate=0.000026 | epoch=0.374612
2026-02-22 11:48:49.407 | INFO     | __main__:on_log:99 - step=3260 | loss=0.062500 | grad_norm=0.610838 | learning_rate=0.000026 | epoch=0.375187
2026-02-22 11:49:28.988 | INFO     | __main__:on_log:99 - step=3265 | loss=0.067700 | grad_norm=0.351404 | learning_rate=0.000026 | epoch=0.375762
2026-02-22 11:50:08.560 | INFO     | __main__:on_log:99 - step=3270 | loss=0.057000 | grad_norm=0.431063 | learning_rate=0.000026 | epoch=0.376338
2026-02-22 11:50:48.079 | INFO     | __main__:on_log:99 - step=3275 | loss=0.058600 | grad_norm=0.443608 | learning_rate=0.000026 | epoch=0.376913
2026-02-22 11:51:27.698 | INFO     | __main__:on_log:99 - step=3280 | loss=0.047300 | grad_norm=0.307520 | learning_rate=0.000026 | epoch=0.377489
2026-02-22 11:52:07.285 | INFO     | __main__:on_log:99 - step=3285 | loss=0.044800 | grad_norm=0.356498 | learning_rate=0.000026 | epoch=0.378064
2026-02-22 11:52:46.890 | INFO     | __main__:on_log:99 - step=3290 | loss=0.045100 | grad_norm=0.356112 | learning_rate=0.000026 | epoch=0.378640
2026-02-22 11:53:26.437 | INFO     | __main__:on_log:99 - step=3295 | loss=0.079400 | grad_norm=0.453053 | learning_rate=0.000026 | epoch=0.379215
2026-02-22 11:54:05.987 | INFO     | __main__:on_log:99 - step=3300 | loss=0.055200 | grad_norm=0.320607 | learning_rate=0.000026 | epoch=0.379791
2026-02-22 11:54:45.509 | INFO     | __main__:on_log:99 - step=3305 | loss=0.074500 | grad_norm=0.448271 | learning_rate=0.000026 | epoch=0.380366
2026-02-22 11:55:25.132 | INFO     | __main__:on_log:99 - step=3310 | loss=0.069400 | grad_norm=0.392828 | learning_rate=0.000026 | epoch=0.380941
2026-02-22 11:56:04.756 | INFO     | __main__:on_log:99 - step=3315 | loss=0.061700 | grad_norm=0.409908 | learning_rate=0.000026 | epoch=0.381517
2026-02-22 11:56:44.336 | INFO     | __main__:on_log:99 - step=3320 | loss=0.059200 | grad_norm=0.318200 | learning_rate=0.000026 | epoch=0.382092
2026-02-22 11:57:24.035 | INFO     | __main__:on_log:99 - step=3325 | loss=0.051100 | grad_norm=0.322996 | learning_rate=0.000026 | epoch=0.382668
2026-02-22 11:58:03.615 | INFO     | __main__:on_log:99 - step=3330 | loss=0.059100 | grad_norm=0.362266 | learning_rate=0.000026 | epoch=0.383243
2026-02-22 11:58:43.184 | INFO     | __main__:on_log:99 - step=3335 | loss=0.063500 | grad_norm=0.488709 | learning_rate=0.000026 | epoch=0.383819
2026-02-22 11:59:22.735 | INFO     | __main__:on_log:99 - step=3340 | loss=0.074900 | grad_norm=0.364389 | learning_rate=0.000026 | epoch=0.384394
2026-02-22 12:00:02.305 | INFO     | __main__:on_log:99 - step=3345 | loss=0.065200 | grad_norm=0.331932 | learning_rate=0.000026 | epoch=0.384970
2026-02-22 12:00:41.881 | INFO     | __main__:on_log:99 - step=3350 | loss=0.073700 | grad_norm=0.541177 | learning_rate=0.000025 | epoch=0.385545
2026-02-22 12:01:21.660 | INFO     | __main__:on_log:99 - step=3355 | loss=0.053100 | grad_norm=0.588885 | learning_rate=0.000025 | epoch=0.386120
2026-02-22 12:02:01.252 | INFO     | __main__:on_log:99 - step=3360 | loss=0.067000 | grad_norm=0.396149 | learning_rate=0.000025 | epoch=0.386696
2026-02-22 12:02:40.814 | INFO     | __main__:on_log:99 - step=3365 | loss=0.057800 | grad_norm=0.354570 | learning_rate=0.000025 | epoch=0.387271
2026-02-22 12:03:20.367 | INFO     | __main__:on_log:99 - step=3370 | loss=0.088700 | grad_norm=0.345086 | learning_rate=0.000025 | epoch=0.387847
2026-02-22 12:03:59.959 | INFO     | __main__:on_log:99 - step=3375 | loss=0.053400 | grad_norm=0.301718 | learning_rate=0.000025 | epoch=0.388422
2026-02-22 12:04:39.545 | INFO     | __main__:on_log:99 - step=3380 | loss=0.070300 | grad_norm=0.339927 | learning_rate=0.000025 | epoch=0.388998
2026-02-22 12:05:19.148 | INFO     | __main__:on_log:99 - step=3385 | loss=0.039400 | grad_norm=0.335788 | learning_rate=0.000025 | epoch=0.389573
2026-02-22 12:05:58.730 | INFO     | __main__:on_log:99 - step=3390 | loss=0.067700 | grad_norm=0.407686 | learning_rate=0.000025 | epoch=0.390148
2026-02-22 12:06:38.287 | INFO     | __main__:on_log:99 - step=3395 | loss=0.063600 | grad_norm=0.313434 | learning_rate=0.000025 | epoch=0.390724
2026-02-22 12:07:17.842 | INFO     | __main__:on_log:99 - step=3400 | loss=0.053900 | grad_norm=0.283466 | learning_rate=0.000025 | epoch=0.391299
2026-02-22 12:07:57.473 | INFO     | __main__:on_log:99 - step=3405 | loss=0.073300 | grad_norm=0.510309 | learning_rate=0.000025 | epoch=0.391875
2026-02-22 12:08:37.019 | INFO     | __main__:on_log:99 - step=3410 | loss=0.053100 | grad_norm=0.275737 | learning_rate=0.000025 | epoch=0.392450
2026-02-22 12:09:16.567 | INFO     | __main__:on_log:99 - step=3415 | loss=0.069400 | grad_norm=0.375458 | learning_rate=0.000025 | epoch=0.393026
2026-02-22 12:09:56.154 | INFO     | __main__:on_log:99 - step=3420 | loss=0.085600 | grad_norm=0.572576 | learning_rate=0.000025 | epoch=0.393601
2026-02-22 12:10:35.692 | INFO     | __main__:on_log:99 - step=3425 | loss=0.081200 | grad_norm=0.557797 | learning_rate=0.000025 | epoch=0.394177
2026-02-22 12:11:15.291 | INFO     | __main__:on_log:99 - step=3430 | loss=0.066400 | grad_norm=0.233375 | learning_rate=0.000025 | epoch=0.394752
2026-02-22 12:11:54.866 | INFO     | __main__:on_log:99 - step=3435 | loss=0.059000 | grad_norm=0.425640 | learning_rate=0.000025 | epoch=0.395327
2026-02-22 12:12:34.408 | INFO     | __main__:on_log:99 - step=3440 | loss=0.066000 | grad_norm=0.432819 | learning_rate=0.000025 | epoch=0.395903
2026-02-22 12:13:14.004 | INFO     | __main__:on_log:99 - step=3445 | loss=0.058100 | grad_norm=0.315668 | learning_rate=0.000025 | epoch=0.396478
2026-02-22 12:13:53.614 | INFO     | __main__:on_log:99 - step=3450 | loss=0.057400 | grad_norm=0.333304 | learning_rate=0.000025 | epoch=0.397054
2026-02-22 12:14:33.170 | INFO     | __main__:on_log:99 - step=3455 | loss=0.065500 | grad_norm=0.697155 | learning_rate=0.000025 | epoch=0.397629
2026-02-22 12:15:12.731 | INFO     | __main__:on_log:99 - step=3460 | loss=0.077400 | grad_norm=0.503399 | learning_rate=0.000025 | epoch=0.398205
2026-02-22 12:15:52.356 | INFO     | __main__:on_log:99 - step=3465 | loss=0.058100 | grad_norm=0.336458 | learning_rate=0.000025 | epoch=0.398780
2026-02-22 12:16:31.925 | INFO     | __main__:on_log:99 - step=3470 | loss=0.075800 | grad_norm=0.340123 | learning_rate=0.000025 | epoch=0.399356
2026-02-22 12:17:11.512 | INFO     | __main__:on_log:99 - step=3475 | loss=0.051500 | grad_norm=0.281578 | learning_rate=0.000025 | epoch=0.399931
2026-02-22 12:17:51.031 | INFO     | __main__:on_log:99 - step=3480 | loss=0.082100 | grad_norm=0.466741 | learning_rate=0.000025 | epoch=0.400506
2026-02-22 12:18:30.608 | INFO     | __main__:on_log:99 - step=3485 | loss=0.064700 | grad_norm=0.383407 | learning_rate=0.000025 | epoch=0.401082
2026-02-22 12:19:10.246 | INFO     | __main__:on_log:99 - step=3490 | loss=0.066200 | grad_norm=0.273525 | learning_rate=0.000025 | epoch=0.401657
2026-02-22 12:19:49.809 | INFO     | __main__:on_log:99 - step=3495 | loss=0.078400 | grad_norm=0.547261 | learning_rate=0.000025 | epoch=0.402233
2026-02-22 12:20:29.355 | INFO     | __main__:on_log:99 - step=3500 | loss=0.062000 | grad_norm=0.370250 | learning_rate=0.000025 | epoch=0.402808
2026-02-22 12:21:08.903 | INFO     | __main__:on_log:99 - step=3505 | loss=0.058100 | grad_norm=0.585984 | learning_rate=0.000025 | epoch=0.403384
2026-02-22 12:21:48.381 | INFO     | __main__:on_log:99 - step=3510 | loss=0.064000 | grad_norm=0.398285 | learning_rate=0.000025 | epoch=0.403959
2026-02-22 12:22:27.944 | INFO     | __main__:on_log:99 - step=3515 | loss=0.081700 | grad_norm=0.483417 | learning_rate=0.000025 | epoch=0.404534
2026-02-22 12:23:07.497 | INFO     | __main__:on_log:99 - step=3520 | loss=0.056300 | grad_norm=0.257746 | learning_rate=0.000025 | epoch=0.405110
2026-02-22 12:23:47.013 | INFO     | __main__:on_log:99 - step=3525 | loss=0.085500 | grad_norm=0.608087 | learning_rate=0.000025 | epoch=0.405685
2026-02-22 12:24:26.566 | INFO     | __main__:on_log:99 - step=3530 | loss=0.061000 | grad_norm=0.364923 | learning_rate=0.000025 | epoch=0.406261
2026-02-22 12:25:06.112 | INFO     | __main__:on_log:99 - step=3535 | loss=0.051200 | grad_norm=0.306843 | learning_rate=0.000025 | epoch=0.406836
2026-02-22 12:25:45.658 | INFO     | __main__:on_log:99 - step=3540 | loss=0.084300 | grad_norm=0.869592 | learning_rate=0.000025 | epoch=0.407412
2026-02-22 12:26:25.222 | INFO     | __main__:on_log:99 - step=3545 | loss=0.065700 | grad_norm=0.544479 | learning_rate=0.000025 | epoch=0.407987
2026-02-22 12:27:04.812 | INFO     | __main__:on_log:99 - step=3550 | loss=0.094000 | grad_norm=0.470134 | learning_rate=0.000025 | epoch=0.408563
2026-02-22 12:27:44.354 | INFO     | __main__:on_log:99 - step=3555 | loss=0.062700 | grad_norm=0.353758 | learning_rate=0.000025 | epoch=0.409138
2026-02-22 12:28:23.955 | INFO     | __main__:on_log:99 - step=3560 | loss=0.067700 | grad_norm=0.591041 | learning_rate=0.000025 | epoch=0.409713
2026-02-22 12:29:03.519 | INFO     | __main__:on_log:99 - step=3565 | loss=0.074400 | grad_norm=0.315618 | learning_rate=0.000025 | epoch=0.410289
2026-02-22 12:29:43.121 | INFO     | __main__:on_log:99 - step=3570 | loss=0.062700 | grad_norm=0.371528 | learning_rate=0.000025 | epoch=0.410864
2026-02-22 12:30:22.690 | INFO     | __main__:on_log:99 - step=3575 | loss=0.076500 | grad_norm=0.496169 | learning_rate=0.000025 | epoch=0.411440
2026-02-22 12:31:02.315 | INFO     | __main__:on_log:99 - step=3580 | loss=0.049700 | grad_norm=0.385135 | learning_rate=0.000025 | epoch=0.412015
2026-02-22 12:31:41.875 | INFO     | __main__:on_log:99 - step=3585 | loss=0.055100 | grad_norm=0.417637 | learning_rate=0.000025 | epoch=0.412591
2026-02-22 12:32:21.469 | INFO     | __main__:on_log:99 - step=3590 | loss=0.061100 | grad_norm=0.310459 | learning_rate=0.000025 | epoch=0.413166
2026-02-22 12:33:01.045 | INFO     | __main__:on_log:99 - step=3595 | loss=0.057300 | grad_norm=0.280062 | learning_rate=0.000025 | epoch=0.413742
2026-02-22 12:33:40.593 | INFO     | __main__:on_log:99 - step=3600 | loss=0.065700 | grad_norm=0.474269 | learning_rate=0.000025 | epoch=0.414317
2026-02-22 12:34:20.152 | INFO     | __main__:on_log:99 - step=3605 | loss=0.050700 | grad_norm=0.439300 | learning_rate=0.000025 | epoch=0.414892
2026-02-22 12:34:59.751 | INFO     | __main__:on_log:99 - step=3610 | loss=0.108200 | grad_norm=0.693125 | learning_rate=0.000025 | epoch=0.415468
2026-02-22 12:35:39.392 | INFO     | __main__:on_log:99 - step=3615 | loss=0.093200 | grad_norm=0.552548 | learning_rate=0.000025 | epoch=0.416043
2026-02-22 12:36:18.971 | INFO     | __main__:on_log:99 - step=3620 | loss=0.064100 | grad_norm=0.316522 | learning_rate=0.000025 | epoch=0.416619
2026-02-22 12:36:58.582 | INFO     | __main__:on_log:99 - step=3625 | loss=0.061000 | grad_norm=0.314936 | learning_rate=0.000025 | epoch=0.417194
2026-02-22 12:37:38.109 | INFO     | __main__:on_log:99 - step=3630 | loss=0.064100 | grad_norm=0.295722 | learning_rate=0.000025 | epoch=0.417770
2026-02-22 12:38:17.684 | INFO     | __main__:on_log:99 - step=3635 | loss=0.051500 | grad_norm=0.536908 | learning_rate=0.000025 | epoch=0.418345
2026-02-22 12:38:57.360 | INFO     | __main__:on_log:99 - step=3640 | loss=0.067100 | grad_norm=0.299814 | learning_rate=0.000025 | epoch=0.418920
2026-02-22 12:39:36.974 | INFO     | __main__:on_log:99 - step=3645 | loss=0.051700 | grad_norm=0.359049 | learning_rate=0.000025 | epoch=0.419496
2026-02-22 12:40:16.568 | INFO     | __main__:on_log:99 - step=3650 | loss=0.059800 | grad_norm=0.468026 | learning_rate=0.000025 | epoch=0.420071
2026-02-22 12:40:56.147 | INFO     | __main__:on_log:99 - step=3655 | loss=0.102300 | grad_norm=0.537177 | learning_rate=0.000025 | epoch=0.420647
2026-02-22 12:41:35.747 | INFO     | __main__:on_log:99 - step=3660 | loss=0.052100 | grad_norm=0.418837 | learning_rate=0.000025 | epoch=0.421222
2026-02-22 12:42:15.330 | INFO     | __main__:on_log:99 - step=3665 | loss=0.073600 | grad_norm=0.520032 | learning_rate=0.000025 | epoch=0.421798
2026-02-22 12:42:54.947 | INFO     | __main__:on_log:99 - step=3670 | loss=0.047600 | grad_norm=0.310704 | learning_rate=0.000025 | epoch=0.422373
2026-02-22 12:43:34.505 | INFO     | __main__:on_log:99 - step=3675 | loss=0.057100 | grad_norm=0.409038 | learning_rate=0.000025 | epoch=0.422949
2026-02-22 12:44:14.107 | INFO     | __main__:on_log:99 - step=3680 | loss=0.044700 | grad_norm=0.346201 | learning_rate=0.000025 | epoch=0.423524
2026-02-22 12:44:53.638 | INFO     | __main__:on_log:99 - step=3685 | loss=0.083000 | grad_norm=0.582914 | learning_rate=0.000025 | epoch=0.424099
2026-02-22 12:45:33.171 | INFO     | __main__:on_log:99 - step=3690 | loss=0.057000 | grad_norm=0.474297 | learning_rate=0.000025 | epoch=0.424675
2026-02-22 12:46:12.735 | INFO     | __main__:on_log:99 - step=3695 | loss=0.081400 | grad_norm=0.783522 | learning_rate=0.000025 | epoch=0.425250
2026-02-22 12:46:52.323 | INFO     | __main__:on_log:99 - step=3700 | loss=0.048000 | grad_norm=0.322250 | learning_rate=0.000025 | epoch=0.425826
2026-02-22 12:47:31.875 | INFO     | __main__:on_log:99 - step=3705 | loss=0.091100 | grad_norm=0.551906 | learning_rate=0.000025 | epoch=0.426401
2026-02-22 12:48:11.490 | INFO     | __main__:on_log:99 - step=3710 | loss=0.061300 | grad_norm=0.344344 | learning_rate=0.000025 | epoch=0.426977
2026-02-22 12:48:51.050 | INFO     | __main__:on_log:99 - step=3715 | loss=0.070400 | grad_norm=0.428511 | learning_rate=0.000025 | epoch=0.427552
2026-02-22 12:49:30.582 | INFO     | __main__:on_log:99 - step=3720 | loss=0.061700 | grad_norm=0.708382 | learning_rate=0.000025 | epoch=0.428128
2026-02-22 12:50:10.186 | INFO     | __main__:on_log:99 - step=3725 | loss=0.072900 | grad_norm=0.388290 | learning_rate=0.000025 | epoch=0.428703
2026-02-22 12:50:49.743 | INFO     | __main__:on_log:99 - step=3730 | loss=0.055100 | grad_norm=0.272957 | learning_rate=0.000025 | epoch=0.429278
2026-02-22 12:51:29.319 | INFO     | __main__:on_log:99 - step=3735 | loss=0.047100 | grad_norm=0.368829 | learning_rate=0.000025 | epoch=0.429854
2026-02-22 12:52:08.882 | INFO     | __main__:on_log:99 - step=3740 | loss=0.079900 | grad_norm=0.495965 | learning_rate=0.000025 | epoch=0.430429
2026-02-22 12:52:48.463 | INFO     | __main__:on_log:99 - step=3745 | loss=0.057200 | grad_norm=0.245547 | learning_rate=0.000025 | epoch=0.431005
2026-02-22 12:53:28.000 | INFO     | __main__:on_log:99 - step=3750 | loss=0.067500 | grad_norm=0.466587 | learning_rate=0.000025 | epoch=0.431580
2026-02-22 12:54:07.554 | INFO     | __main__:on_log:99 - step=3755 | loss=0.066800 | grad_norm=0.436485 | learning_rate=0.000025 | epoch=0.432156
2026-02-22 12:54:47.102 | INFO     | __main__:on_log:99 - step=3760 | loss=0.091200 | grad_norm=0.483238 | learning_rate=0.000025 | epoch=0.432731
2026-02-22 12:55:26.703 | INFO     | __main__:on_log:99 - step=3765 | loss=0.069200 | grad_norm=0.379190 | learning_rate=0.000025 | epoch=0.433306
2026-02-22 12:56:06.266 | INFO     | __main__:on_log:99 - step=3770 | loss=0.070500 | grad_norm=1.043243 | learning_rate=0.000025 | epoch=0.433882
2026-02-22 12:56:45.821 | INFO     | __main__:on_log:99 - step=3775 | loss=0.069700 | grad_norm=0.558612 | learning_rate=0.000025 | epoch=0.434457
2026-02-22 12:57:25.377 | INFO     | __main__:on_log:99 - step=3780 | loss=0.065500 | grad_norm=0.605091 | learning_rate=0.000025 | epoch=0.435033
2026-02-22 12:58:04.962 | INFO     | __main__:on_log:99 - step=3785 | loss=0.056600 | grad_norm=0.355087 | learning_rate=0.000025 | epoch=0.435608
2026-02-22 12:58:44.552 | INFO     | __main__:on_log:99 - step=3790 | loss=0.068200 | grad_norm=0.222850 | learning_rate=0.000025 | epoch=0.436184
2026-02-22 12:59:24.146 | INFO     | __main__:on_log:99 - step=3795 | loss=0.059600 | grad_norm=0.383239 | learning_rate=0.000025 | epoch=0.436759
2026-02-22 13:00:03.712 | INFO     | __main__:on_log:99 - step=3800 | loss=0.071700 | grad_norm=0.594195 | learning_rate=0.000025 | epoch=0.437335
2026-02-22 13:00:43.394 | INFO     | __main__:on_log:99 - step=3805 | loss=0.060700 | grad_norm=0.308780 | learning_rate=0.000025 | epoch=0.437910
2026-02-22 13:01:23.008 | INFO     | __main__:on_log:99 - step=3810 | loss=0.064900 | grad_norm=0.282753 | learning_rate=0.000025 | epoch=0.438485
2026-02-22 13:02:02.499 | INFO     | __main__:on_log:99 - step=3815 | loss=0.072300 | grad_norm=0.658077 | learning_rate=0.000025 | epoch=0.439061
2026-02-22 13:02:42.002 | INFO     | __main__:on_log:99 - step=3820 | loss=0.049900 | grad_norm=0.355254 | learning_rate=0.000025 | epoch=0.439636
2026-02-22 13:03:21.485 | INFO     | __main__:on_log:99 - step=3825 | loss=0.052800 | grad_norm=0.457262 | learning_rate=0.000025 | epoch=0.440212
2026-02-22 13:04:01.021 | INFO     | __main__:on_log:99 - step=3830 | loss=0.057800 | grad_norm=0.286063 | learning_rate=0.000025 | epoch=0.440787
2026-02-22 13:04:40.583 | INFO     | __main__:on_log:99 - step=3835 | loss=0.062100 | grad_norm=0.481160 | learning_rate=0.000025 | epoch=0.441363
2026-02-22 13:05:20.077 | INFO     | __main__:on_log:99 - step=3840 | loss=0.075900 | grad_norm=0.345459 | learning_rate=0.000025 | epoch=0.441938
2026-02-22 13:05:59.577 | INFO     | __main__:on_log:99 - step=3845 | loss=0.055000 | grad_norm=0.273225 | learning_rate=0.000025 | epoch=0.442514
2026-02-22 13:06:39.127 | INFO     | __main__:on_log:99 - step=3850 | loss=0.055900 | grad_norm=0.353707 | learning_rate=0.000025 | epoch=0.443089
2026-02-22 13:07:18.647 | INFO     | __main__:on_log:99 - step=3855 | loss=0.074900 | grad_norm=0.375108 | learning_rate=0.000025 | epoch=0.443664
2026-02-22 13:07:58.134 | INFO     | __main__:on_log:99 - step=3860 | loss=0.060900 | grad_norm=0.408996 | learning_rate=0.000025 | epoch=0.444240
2026-02-22 13:08:37.683 | INFO     | __main__:on_log:99 - step=3865 | loss=0.051800 | grad_norm=0.326261 | learning_rate=0.000025 | epoch=0.444815
2026-02-22 13:09:17.158 | INFO     | __main__:on_log:99 - step=3870 | loss=0.073500 | grad_norm=0.342454 | learning_rate=0.000025 | epoch=0.445391
2026-02-22 13:09:56.650 | INFO     | __main__:on_log:99 - step=3875 | loss=0.061700 | grad_norm=0.517593 | learning_rate=0.000025 | epoch=0.445966
2026-02-22 13:10:36.151 | INFO     | __main__:on_log:99 - step=3880 | loss=0.063200 | grad_norm=0.410916 | learning_rate=0.000025 | epoch=0.446542
2026-02-22 13:11:15.635 | INFO     | __main__:on_log:99 - step=3885 | loss=0.049400 | grad_norm=0.398090 | learning_rate=0.000025 | epoch=0.447117
2026-02-22 13:11:55.123 | INFO     | __main__:on_log:99 - step=3890 | loss=0.073400 | grad_norm=0.495039 | learning_rate=0.000025 | epoch=0.447692
2026-02-22 13:12:34.582 | INFO     | __main__:on_log:99 - step=3895 | loss=0.080200 | grad_norm=0.542422 | learning_rate=0.000025 | epoch=0.448268
2026-02-22 13:13:14.093 | INFO     | __main__:on_log:99 - step=3900 | loss=0.069800 | grad_norm=0.358545 | learning_rate=0.000024 | epoch=0.448843
2026-02-22 13:13:53.555 | INFO     | __main__:on_log:99 - step=3905 | loss=0.060700 | grad_norm=0.610093 | learning_rate=0.000024 | epoch=0.449419
2026-02-22 13:14:33.045 | INFO     | __main__:on_log:99 - step=3910 | loss=0.059000 | grad_norm=0.322389 | learning_rate=0.000024 | epoch=0.449994
2026-02-22 13:15:12.609 | INFO     | __main__:on_log:99 - step=3915 | loss=0.051200 | grad_norm=0.278713 | learning_rate=0.000024 | epoch=0.450570
2026-02-22 13:15:52.086 | INFO     | __main__:on_log:99 - step=3920 | loss=0.075300 | grad_norm=0.501177 | learning_rate=0.000024 | epoch=0.451145
2026-02-22 13:16:31.632 | INFO     | __main__:on_log:99 - step=3925 | loss=0.075800 | grad_norm=0.255666 | learning_rate=0.000024 | epoch=0.451721
2026-02-22 13:17:11.159 | INFO     | __main__:on_log:99 - step=3930 | loss=0.050100 | grad_norm=0.328632 | learning_rate=0.000024 | epoch=0.452296
2026-02-22 13:17:50.653 | INFO     | __main__:on_log:99 - step=3935 | loss=0.065500 | grad_norm=0.515304 | learning_rate=0.000024 | epoch=0.452871
2026-02-22 13:18:30.175 | INFO     | __main__:on_log:99 - step=3940 | loss=0.067600 | grad_norm=0.407073 | learning_rate=0.000024 | epoch=0.453447
2026-02-22 13:19:09.714 | INFO     | __main__:on_log:99 - step=3945 | loss=0.065200 | grad_norm=0.323919 | learning_rate=0.000024 | epoch=0.454022
2026-02-22 13:19:49.195 | INFO     | __main__:on_log:99 - step=3950 | loss=0.066800 | grad_norm=0.254140 | learning_rate=0.000024 | epoch=0.454598
2026-02-22 13:20:28.757 | INFO     | __main__:on_log:99 - step=3955 | loss=0.055500 | grad_norm=0.638493 | learning_rate=0.000024 | epoch=0.455173
2026-02-22 13:21:08.226 | INFO     | __main__:on_log:99 - step=3960 | loss=0.060400 | grad_norm=0.323362 | learning_rate=0.000024 | epoch=0.455749
2026-02-22 13:21:47.703 | INFO     | __main__:on_log:99 - step=3965 | loss=0.074500 | grad_norm=0.426924 | learning_rate=0.000024 | epoch=0.456324
2026-02-22 13:22:27.173 | INFO     | __main__:on_log:99 - step=3970 | loss=0.059400 | grad_norm=0.286119 | learning_rate=0.000024 | epoch=0.456900
2026-02-22 13:23:06.634 | INFO     | __main__:on_log:99 - step=3975 | loss=0.062500 | grad_norm=0.259728 | learning_rate=0.000024 | epoch=0.457475
2026-02-22 13:23:46.159 | INFO     | __main__:on_log:99 - step=3980 | loss=0.057000 | grad_norm=0.330222 | learning_rate=0.000024 | epoch=0.458050
2026-02-22 13:24:25.696 | INFO     | __main__:on_log:99 - step=3985 | loss=0.066100 | grad_norm=0.356693 | learning_rate=0.000024 | epoch=0.458626
2026-02-22 13:25:05.263 | INFO     | __main__:on_log:99 - step=3990 | loss=0.053500 | grad_norm=0.291636 | learning_rate=0.000024 | epoch=0.459201
2026-02-22 13:25:44.796 | INFO     | __main__:on_log:99 - step=3995 | loss=0.061900 | grad_norm=0.242154 | learning_rate=0.000024 | epoch=0.459777
2026-02-22 13:26:24.290 | INFO     | __main__:on_log:99 - step=4000 | loss=0.065900 | grad_norm=0.600896 | learning_rate=0.000024 | epoch=0.460352
2026-02-22 13:27:03.842 | INFO     | __main__:on_log:99 - step=4005 | loss=0.067200 | grad_norm=0.339230 | learning_rate=0.000024 | epoch=0.460928
2026-02-22 13:27:43.328 | INFO     | __main__:on_log:99 - step=4010 | loss=0.074000 | grad_norm=0.384696 | learning_rate=0.000024 | epoch=0.461503
2026-02-22 13:28:22.836 | INFO     | __main__:on_log:99 - step=4015 | loss=0.085100 | grad_norm=0.418746 | learning_rate=0.000024 | epoch=0.462078
2026-02-22 13:29:02.317 | INFO     | __main__:on_log:99 - step=4020 | loss=0.045700 | grad_norm=0.309350 | learning_rate=0.000024 | epoch=0.462654
2026-02-22 13:29:41.800 | INFO     | __main__:on_log:99 - step=4025 | loss=0.075900 | grad_norm=0.466349 | learning_rate=0.000024 | epoch=0.463229
2026-02-22 13:30:21.315 | INFO     | __main__:on_log:99 - step=4030 | loss=0.065400 | grad_norm=0.346943 | learning_rate=0.000024 | epoch=0.463805
2026-02-22 13:31:00.789 | INFO     | __main__:on_log:99 - step=4035 | loss=0.045600 | grad_norm=0.329268 | learning_rate=0.000024 | epoch=0.464380
2026-02-22 13:31:40.328 | INFO     | __main__:on_log:99 - step=4040 | loss=0.055500 | grad_norm=0.304056 | learning_rate=0.000024 | epoch=0.464956
2026-02-22 13:32:19.783 | INFO     | __main__:on_log:99 - step=4045 | loss=0.065100 | grad_norm=0.362085 | learning_rate=0.000024 | epoch=0.465531
2026-02-22 13:32:59.284 | INFO     | __main__:on_log:99 - step=4050 | loss=0.053400 | grad_norm=0.310988 | learning_rate=0.000024 | epoch=0.466107
2026-02-22 13:33:38.709 | INFO     | __main__:on_log:99 - step=4055 | loss=0.065200 | grad_norm=0.309480 | learning_rate=0.000024 | epoch=0.466682
2026-02-22 13:34:18.214 | INFO     | __main__:on_log:99 - step=4060 | loss=0.069000 | grad_norm=0.440523 | learning_rate=0.000024 | epoch=0.467257
2026-02-22 13:34:57.671 | INFO     | __main__:on_log:99 - step=4065 | loss=0.060500 | grad_norm=0.404265 | learning_rate=0.000024 | epoch=0.467833
2026-02-22 13:35:37.167 | INFO     | __main__:on_log:99 - step=4070 | loss=0.054900 | grad_norm=0.425923 | learning_rate=0.000024 | epoch=0.468408
2026-02-22 13:36:16.636 | INFO     | __main__:on_log:99 - step=4075 | loss=0.078200 | grad_norm=0.450454 | learning_rate=0.000024 | epoch=0.468984
2026-02-22 13:36:56.114 | INFO     | __main__:on_log:99 - step=4080 | loss=0.049100 | grad_norm=0.240267 | learning_rate=0.000024 | epoch=0.469559
2026-02-22 13:37:35.568 | INFO     | __main__:on_log:99 - step=4085 | loss=0.050000 | grad_norm=0.404341 | learning_rate=0.000024 | epoch=0.470135
2026-02-22 13:38:15.028 | INFO     | __main__:on_log:99 - step=4090 | loss=0.096900 | grad_norm=0.780081 | learning_rate=0.000024 | epoch=0.470710
2026-02-22 13:38:54.472 | INFO     | __main__:on_log:99 - step=4095 | loss=0.064200 | grad_norm=0.469005 | learning_rate=0.000024 | epoch=0.471286
2026-02-22 13:39:33.928 | INFO     | __main__:on_log:99 - step=4100 | loss=0.061100 | grad_norm=0.433379 | learning_rate=0.000024 | epoch=0.471861
2026-02-22 13:40:13.426 | INFO     | __main__:on_log:99 - step=4105 | loss=0.044300 | grad_norm=0.393153 | learning_rate=0.000024 | epoch=0.472436
2026-02-22 13:40:52.876 | INFO     | __main__:on_log:99 - step=4110 | loss=0.066900 | grad_norm=0.439739 | learning_rate=0.000024 | epoch=0.473012
2026-02-22 13:41:32.364 | INFO     | __main__:on_log:99 - step=4115 | loss=0.076700 | grad_norm=0.399770 | learning_rate=0.000024 | epoch=0.473587
2026-02-22 13:42:11.900 | INFO     | __main__:on_log:99 - step=4120 | loss=0.057400 | grad_norm=0.315507 | learning_rate=0.000024 | epoch=0.474163
2026-02-22 13:42:51.413 | INFO     | __main__:on_log:99 - step=4125 | loss=0.083400 | grad_norm=0.680574 | learning_rate=0.000024 | epoch=0.474738
2026-02-22 13:43:30.927 | INFO     | __main__:on_log:99 - step=4130 | loss=0.088600 | grad_norm=0.655725 | learning_rate=0.000024 | epoch=0.475314
2026-02-22 13:44:10.428 | INFO     | __main__:on_log:99 - step=4135 | loss=0.075900 | grad_norm=0.326485 | learning_rate=0.000024 | epoch=0.475889
2026-02-22 13:44:49.905 | INFO     | __main__:on_log:99 - step=4140 | loss=0.090800 | grad_norm=0.304698 | learning_rate=0.000024 | epoch=0.476464
2026-02-22 13:45:29.450 | INFO     | __main__:on_log:99 - step=4145 | loss=0.065500 | grad_norm=0.287552 | learning_rate=0.000024 | epoch=0.477040
2026-02-22 13:46:09.005 | INFO     | __main__:on_log:99 - step=4150 | loss=0.073900 | grad_norm=0.671538 | learning_rate=0.000024 | epoch=0.477615
2026-02-22 13:46:48.483 | INFO     | __main__:on_log:99 - step=4155 | loss=0.057600 | grad_norm=0.281792 | learning_rate=0.000024 | epoch=0.478191
2026-02-22 13:47:28.043 | INFO     | __main__:on_log:99 - step=4160 | loss=0.045600 | grad_norm=0.338211 | learning_rate=0.000024 | epoch=0.478766
2026-02-22 13:48:07.557 | INFO     | __main__:on_log:99 - step=4165 | loss=0.067000 | grad_norm=0.415475 | learning_rate=0.000024 | epoch=0.479342
2026-02-22 13:48:47.106 | INFO     | __main__:on_log:99 - step=4170 | loss=0.057900 | grad_norm=0.456667 | learning_rate=0.000024 | epoch=0.479917
2026-02-22 13:49:26.663 | INFO     | __main__:on_log:99 - step=4175 | loss=0.041400 | grad_norm=0.298951 | learning_rate=0.000024 | epoch=0.480493
2026-02-22 13:50:06.206 | INFO     | __main__:on_log:99 - step=4180 | loss=0.067600 | grad_norm=0.559513 | learning_rate=0.000024 | epoch=0.481068
2026-02-22 13:50:45.706 | INFO     | __main__:on_log:99 - step=4185 | loss=0.058700 | grad_norm=0.521570 | learning_rate=0.000024 | epoch=0.481643
2026-02-22 13:51:25.185 | INFO     | __main__:on_log:99 - step=4190 | loss=0.067700 | grad_norm=0.381055 | learning_rate=0.000024 | epoch=0.482219
2026-02-22 13:52:04.718 | INFO     | __main__:on_log:99 - step=4195 | loss=0.055100 | grad_norm=0.455805 | learning_rate=0.000024 | epoch=0.482794
2026-02-22 13:52:44.267 | INFO     | __main__:on_log:99 - step=4200 | loss=0.055200 | grad_norm=0.293725 | learning_rate=0.000024 | epoch=0.483370
2026-02-22 13:53:23.748 | INFO     | __main__:on_log:99 - step=4205 | loss=0.058900 | grad_norm=0.267073 | learning_rate=0.000024 | epoch=0.483945
2026-02-22 13:54:03.229 | INFO     | __main__:on_log:99 - step=4210 | loss=0.051900 | grad_norm=0.287724 | learning_rate=0.000024 | epoch=0.484521
2026-02-22 13:54:42.750 | INFO     | __main__:on_log:99 - step=4215 | loss=0.080400 | grad_norm=0.427680 | learning_rate=0.000024 | epoch=0.485096
2026-02-22 13:55:22.249 | INFO     | __main__:on_log:99 - step=4220 | loss=0.065400 | grad_norm=0.288128 | learning_rate=0.000024 | epoch=0.485672
2026-02-22 13:56:01.734 | INFO     | __main__:on_log:99 - step=4225 | loss=0.056100 | grad_norm=0.329367 | learning_rate=0.000024 | epoch=0.486247
2026-02-22 13:56:41.291 | INFO     | __main__:on_log:99 - step=4230 | loss=0.084500 | grad_norm=0.310250 | learning_rate=0.000024 | epoch=0.486822
2026-02-22 13:57:20.811 | INFO     | __main__:on_log:99 - step=4235 | loss=0.050600 | grad_norm=0.244030 | learning_rate=0.000024 | epoch=0.487398
2026-02-22 13:58:00.284 | INFO     | __main__:on_log:99 - step=4240 | loss=0.048700 | grad_norm=0.194079 | learning_rate=0.000024 | epoch=0.487973
2026-02-22 13:58:39.753 | INFO     | __main__:on_log:99 - step=4245 | loss=0.058700 | grad_norm=0.381927 | learning_rate=0.000024 | epoch=0.488549
2026-02-22 13:59:19.219 | INFO     | __main__:on_log:99 - step=4250 | loss=0.052500 | grad_norm=0.407754 | learning_rate=0.000024 | epoch=0.489124
2026-02-22 13:59:58.644 | INFO     | __main__:on_log:99 - step=4255 | loss=0.073600 | grad_norm=0.457386 | learning_rate=0.000024 | epoch=0.489700
2026-02-22 14:00:38.095 | INFO     | __main__:on_log:99 - step=4260 | loss=0.057300 | grad_norm=0.352805 | learning_rate=0.000024 | epoch=0.490275
2026-02-22 14:01:17.604 | INFO     | __main__:on_log:99 - step=4265 | loss=0.049400 | grad_norm=0.234101 | learning_rate=0.000024 | epoch=0.490851
2026-02-22 14:01:57.099 | INFO     | __main__:on_log:99 - step=4270 | loss=0.058000 | grad_norm=0.272328 | learning_rate=0.000024 | epoch=0.491426
2026-02-22 14:02:36.597 | INFO     | __main__:on_log:99 - step=4275 | loss=0.054700 | grad_norm=0.197144 | learning_rate=0.000024 | epoch=0.492001
2026-02-22 14:03:16.070 | INFO     | __main__:on_log:99 - step=4280 | loss=0.068300 | grad_norm=0.458967 | learning_rate=0.000024 | epoch=0.492577
2026-02-22 14:03:55.532 | INFO     | __main__:on_log:99 - step=4285 | loss=0.064000 | grad_norm=0.365864 | learning_rate=0.000024 | epoch=0.493152
2026-02-22 14:04:34.945 | INFO     | __main__:on_log:99 - step=4290 | loss=0.080700 | grad_norm=0.808129 | learning_rate=0.000024 | epoch=0.493728
2026-02-22 14:05:14.406 | INFO     | __main__:on_log:99 - step=4295 | loss=0.068000 | grad_norm=0.429709 | learning_rate=0.000024 | epoch=0.494303
2026-02-22 14:05:53.868 | INFO     | __main__:on_log:99 - step=4300 | loss=0.073600 | grad_norm=0.483830 | learning_rate=0.000024 | epoch=0.494879
2026-02-22 14:06:33.389 | INFO     | __main__:on_log:99 - step=4305 | loss=0.055300 | grad_norm=0.459331 | learning_rate=0.000024 | epoch=0.495454
2026-02-22 14:07:12.848 | INFO     | __main__:on_log:99 - step=4310 | loss=0.053000 | grad_norm=0.524268 | learning_rate=0.000024 | epoch=0.496029
2026-02-22 14:07:52.353 | INFO     | __main__:on_log:99 - step=4315 | loss=0.084400 | grad_norm=0.435370 | learning_rate=0.000024 | epoch=0.496605
2026-02-22 14:08:31.811 | INFO     | __main__:on_log:99 - step=4320 | loss=0.083900 | grad_norm=0.413904 | learning_rate=0.000024 | epoch=0.497180
2026-02-22 14:09:11.326 | INFO     | __main__:on_log:99 - step=4325 | loss=0.061600 | grad_norm=0.395906 | learning_rate=0.000024 | epoch=0.497756
2026-02-22 14:09:50.861 | INFO     | __main__:on_log:99 - step=4330 | loss=0.053000 | grad_norm=0.323789 | learning_rate=0.000024 | epoch=0.498331
2026-02-22 14:10:30.323 | INFO     | __main__:on_log:99 - step=4335 | loss=0.079400 | grad_norm=0.527675 | learning_rate=0.000024 | epoch=0.498907
2026-02-22 14:11:09.877 | INFO     | __main__:on_log:99 - step=4340 | loss=0.072100 | grad_norm=0.299614 | learning_rate=0.000024 | epoch=0.499482
2026-02-22 14:11:49.417 | INFO     | __main__:on_log:99 - step=4345 | loss=0.048800 | grad_norm=0.312325 | learning_rate=0.000024 | epoch=0.500058
2026-02-22 14:12:28.878 | INFO     | __main__:on_log:99 - step=4350 | loss=0.067400 | grad_norm=0.427029 | learning_rate=0.000024 | epoch=0.500633
2026-02-22 14:13:08.388 | INFO     | __main__:on_log:99 - step=4355 | loss=0.053700 | grad_norm=0.475095 | learning_rate=0.000024 | epoch=0.501208
2026-02-22 14:13:47.846 | INFO     | __main__:on_log:99 - step=4360 | loss=0.046000 | grad_norm=0.452507 | learning_rate=0.000024 | epoch=0.501784
2026-02-22 14:14:27.279 | INFO     | __main__:on_log:99 - step=4365 | loss=0.090000 | grad_norm=0.549194 | learning_rate=0.000024 | epoch=0.502359
2026-02-22 14:15:06.728 | INFO     | __main__:on_log:99 - step=4370 | loss=0.049800 | grad_norm=0.328563 | learning_rate=0.000024 | epoch=0.502935
2026-02-22 14:15:46.202 | INFO     | __main__:on_log:99 - step=4375 | loss=0.068900 | grad_norm=0.365825 | learning_rate=0.000024 | epoch=0.503510
2026-02-22 14:16:25.708 | INFO     | __main__:on_log:99 - step=4380 | loss=0.051000 | grad_norm=0.329309 | learning_rate=0.000024 | epoch=0.504086
2026-02-22 14:17:05.197 | INFO     | __main__:on_log:99 - step=4385 | loss=0.068500 | grad_norm=0.392325 | learning_rate=0.000024 | epoch=0.504661
2026-02-22 14:17:44.683 | INFO     | __main__:on_log:99 - step=4390 | loss=0.062200 | grad_norm=0.440462 | learning_rate=0.000024 | epoch=0.505237
2026-02-22 14:18:24.209 | INFO     | __main__:on_log:99 - step=4395 | loss=0.052700 | grad_norm=0.379805 | learning_rate=0.000024 | epoch=0.505812
2026-02-22 14:19:03.709 | INFO     | __main__:on_log:99 - step=4400 | loss=0.060100 | grad_norm=0.330633 | learning_rate=0.000024 | epoch=0.506387
2026-02-22 14:19:43.188 | INFO     | __main__:on_log:99 - step=4405 | loss=0.065800 | grad_norm=0.294160 | learning_rate=0.000024 | epoch=0.506963
2026-02-22 14:20:22.708 | INFO     | __main__:on_log:99 - step=4410 | loss=0.051600 | grad_norm=0.233412 | learning_rate=0.000024 | epoch=0.507538
2026-02-22 14:21:02.201 | INFO     | __main__:on_log:99 - step=4415 | loss=0.061900 | grad_norm=0.476677 | learning_rate=0.000024 | epoch=0.508114
2026-02-22 14:21:41.694 | INFO     | __main__:on_log:99 - step=4420 | loss=0.056000 | grad_norm=0.313466 | learning_rate=0.000024 | epoch=0.508689
2026-02-22 14:22:21.181 | INFO     | __main__:on_log:99 - step=4425 | loss=0.081400 | grad_norm=0.611897 | learning_rate=0.000024 | epoch=0.509265
2026-02-22 14:23:00.693 | INFO     | __main__:on_log:99 - step=4430 | loss=0.054900 | grad_norm=0.369057 | learning_rate=0.000024 | epoch=0.509840
2026-02-22 14:23:40.221 | INFO     | __main__:on_log:99 - step=4435 | loss=0.076600 | grad_norm=0.319686 | learning_rate=0.000024 | epoch=0.510415
2026-02-22 14:24:19.720 | INFO     | __main__:on_log:99 - step=4440 | loss=0.069000 | grad_norm=0.491615 | learning_rate=0.000024 | epoch=0.510991
2026-02-22 14:24:59.248 | INFO     | __main__:on_log:99 - step=4445 | loss=0.055200 | grad_norm=0.544053 | learning_rate=0.000024 | epoch=0.511566
2026-02-22 14:25:38.783 | INFO     | __main__:on_log:99 - step=4450 | loss=0.074100 | grad_norm=0.348328 | learning_rate=0.000023 | epoch=0.512142
2026-02-22 14:26:18.285 | INFO     | __main__:on_log:99 - step=4455 | loss=0.079000 | grad_norm=0.551713 | learning_rate=0.000023 | epoch=0.512717
2026-02-22 14:26:57.720 | INFO     | __main__:on_log:99 - step=4460 | loss=0.079400 | grad_norm=0.356778 | learning_rate=0.000023 | epoch=0.513293
2026-02-22 14:27:37.306 | INFO     | __main__:on_log:99 - step=4465 | loss=0.059800 | grad_norm=0.198844 | learning_rate=0.000023 | epoch=0.513868
2026-02-22 14:28:16.815 | INFO     | __main__:on_log:99 - step=4470 | loss=0.060500 | grad_norm=0.216332 | learning_rate=0.000023 | epoch=0.514444
2026-02-22 14:28:56.354 | INFO     | __main__:on_log:99 - step=4475 | loss=0.060800 | grad_norm=0.430144 | learning_rate=0.000023 | epoch=0.515019
2026-02-22 14:29:35.832 | INFO     | __main__:on_log:99 - step=4480 | loss=0.061600 | grad_norm=0.364259 | learning_rate=0.000023 | epoch=0.515594
2026-02-22 14:30:15.330 | INFO     | __main__:on_log:99 - step=4485 | loss=0.079600 | grad_norm=0.459243 | learning_rate=0.000023 | epoch=0.516170
2026-02-22 14:30:55.190 | INFO     | __main__:on_log:99 - step=4490 | loss=0.049300 | grad_norm=0.282901 | learning_rate=0.000023 | epoch=0.516745
2026-02-22 14:31:34.680 | INFO     | __main__:on_log:99 - step=4495 | loss=0.049300 | grad_norm=0.484965 | learning_rate=0.000023 | epoch=0.517321
2026-02-22 14:32:14.190 | INFO     | __main__:on_log:99 - step=4500 | loss=0.049800 | grad_norm=0.275392 | learning_rate=0.000023 | epoch=0.517896
2026-02-22 14:32:53.689 | INFO     | __main__:on_log:99 - step=4505 | loss=0.060900 | grad_norm=0.276776 | learning_rate=0.000023 | epoch=0.518472
2026-02-22 14:33:33.156 | INFO     | __main__:on_log:99 - step=4510 | loss=0.064500 | grad_norm=0.288978 | learning_rate=0.000023 | epoch=0.519047
2026-02-22 14:34:12.689 | INFO     | __main__:on_log:99 - step=4515 | loss=0.048400 | grad_norm=0.244816 | learning_rate=0.000023 | epoch=0.519623
2026-02-22 14:34:52.220 | INFO     | __main__:on_log:99 - step=4520 | loss=0.072200 | grad_norm=0.340894 | learning_rate=0.000023 | epoch=0.520198
2026-02-22 14:35:31.650 | INFO     | __main__:on_log:99 - step=4525 | loss=0.058000 | grad_norm=0.395088 | learning_rate=0.000023 | epoch=0.520773
2026-02-22 14:36:11.157 | INFO     | __main__:on_log:99 - step=4530 | loss=0.047600 | grad_norm=0.514749 | learning_rate=0.000023 | epoch=0.521349
2026-02-22 14:36:50.616 | INFO     | __main__:on_log:99 - step=4535 | loss=0.053100 | grad_norm=0.291828 | learning_rate=0.000023 | epoch=0.521924
2026-02-22 14:37:30.152 | INFO     | __main__:on_log:99 - step=4540 | loss=0.054400 | grad_norm=0.292385 | learning_rate=0.000023 | epoch=0.522500
2026-02-22 14:38:09.718 | INFO     | __main__:on_log:99 - step=4545 | loss=0.059100 | grad_norm=0.363102 | learning_rate=0.000023 | epoch=0.523075
2026-02-22 14:38:49.226 | INFO     | __main__:on_log:99 - step=4550 | loss=0.062500 | grad_norm=0.321170 | learning_rate=0.000023 | epoch=0.523651
2026-02-22 14:39:28.754 | INFO     | __main__:on_log:99 - step=4555 | loss=0.052700 | grad_norm=0.338668 | learning_rate=0.000023 | epoch=0.524226
2026-02-22 14:40:08.224 | INFO     | __main__:on_log:99 - step=4560 | loss=0.067600 | grad_norm=0.396998 | learning_rate=0.000023 | epoch=0.524801
2026-02-22 14:40:47.742 | INFO     | __main__:on_log:99 - step=4565 | loss=0.065700 | grad_norm=0.384578 | learning_rate=0.000023 | epoch=0.525377
2026-02-22 14:41:27.277 | INFO     | __main__:on_log:99 - step=4570 | loss=0.045400 | grad_norm=0.268211 | learning_rate=0.000023 | epoch=0.525952
2026-02-22 14:42:06.760 | INFO     | __main__:on_log:99 - step=4575 | loss=0.072300 | grad_norm=0.440905 | learning_rate=0.000023 | epoch=0.526528
2026-02-22 14:42:46.237 | INFO     | __main__:on_log:99 - step=4580 | loss=0.052100 | grad_norm=0.371447 | learning_rate=0.000023 | epoch=0.527103
2026-02-22 14:43:25.761 | INFO     | __main__:on_log:99 - step=4585 | loss=0.040500 | grad_norm=0.323930 | learning_rate=0.000023 | epoch=0.527679
2026-02-22 14:44:05.277 | INFO     | __main__:on_log:99 - step=4590 | loss=0.062100 | grad_norm=0.469451 | learning_rate=0.000023 | epoch=0.528254
2026-02-22 14:44:44.775 | INFO     | __main__:on_log:99 - step=4595 | loss=0.069500 | grad_norm=0.504541 | learning_rate=0.000023 | epoch=0.528830
2026-02-22 14:45:24.314 | INFO     | __main__:on_log:99 - step=4600 | loss=0.043200 | grad_norm=0.306233 | learning_rate=0.000023 | epoch=0.529405
2026-02-22 14:46:03.833 | INFO     | __main__:on_log:99 - step=4605 | loss=0.066500 | grad_norm=0.344156 | learning_rate=0.000023 | epoch=0.529980
2026-02-22 14:46:43.274 | INFO     | __main__:on_log:99 - step=4610 | loss=0.066900 | grad_norm=0.430693 | learning_rate=0.000023 | epoch=0.530556
2026-02-22 14:47:22.761 | INFO     | __main__:on_log:99 - step=4615 | loss=0.067100 | grad_norm=0.291438 | learning_rate=0.000023 | epoch=0.531131
2026-02-22 14:48:02.254 | INFO     | __main__:on_log:99 - step=4620 | loss=0.059500 | grad_norm=0.315787 | learning_rate=0.000023 | epoch=0.531707
2026-02-22 14:48:41.782 | INFO     | __main__:on_log:99 - step=4625 | loss=0.058200 | grad_norm=0.500513 | learning_rate=0.000023 | epoch=0.532282
2026-02-22 14:49:21.344 | INFO     | __main__:on_log:99 - step=4630 | loss=0.057700 | grad_norm=0.310434 | learning_rate=0.000023 | epoch=0.532858
2026-02-22 14:50:00.838 | INFO     | __main__:on_log:99 - step=4635 | loss=0.071500 | grad_norm=0.389445 | learning_rate=0.000023 | epoch=0.533433
2026-02-22 14:50:40.365 | INFO     | __main__:on_log:99 - step=4640 | loss=0.056800 | grad_norm=0.521914 | learning_rate=0.000023 | epoch=0.534009
2026-02-22 14:51:19.876 | INFO     | __main__:on_log:99 - step=4645 | loss=0.056900 | grad_norm=0.317537 | learning_rate=0.000023 | epoch=0.534584
2026-02-22 14:51:59.399 | INFO     | __main__:on_log:99 - step=4650 | loss=0.050000 | grad_norm=0.306168 | learning_rate=0.000023 | epoch=0.535159
2026-02-22 14:52:38.924 | INFO     | __main__:on_log:99 - step=4655 | loss=0.079300 | grad_norm=0.431517 | learning_rate=0.000023 | epoch=0.535735
2026-02-22 14:53:18.443 | INFO     | __main__:on_log:99 - step=4660 | loss=0.065700 | grad_norm=0.406113 | learning_rate=0.000023 | epoch=0.536310
2026-02-22 14:53:57.913 | INFO     | __main__:on_log:99 - step=4665 | loss=0.056800 | grad_norm=0.394569 | learning_rate=0.000023 | epoch=0.536886
2026-02-22 14:54:37.435 | INFO     | __main__:on_log:99 - step=4670 | loss=0.053000 | grad_norm=0.332241 | learning_rate=0.000023 | epoch=0.537461
2026-02-22 14:55:16.970 | INFO     | __main__:on_log:99 - step=4675 | loss=0.069700 | grad_norm=0.198832 | learning_rate=0.000023 | epoch=0.538037
2026-02-22 14:55:56.449 | INFO     | __main__:on_log:99 - step=4680 | loss=0.063800 | grad_norm=0.489332 | learning_rate=0.000023 | epoch=0.538612
2026-02-22 14:56:35.902 | INFO     | __main__:on_log:99 - step=4685 | loss=0.076700 | grad_norm=0.549180 | learning_rate=0.000023 | epoch=0.539187
2026-02-22 14:57:15.428 | INFO     | __main__:on_log:99 - step=4690 | loss=0.072500 | grad_norm=0.885193 | learning_rate=0.000023 | epoch=0.539763
2026-02-22 14:57:54.944 | INFO     | __main__:on_log:99 - step=4695 | loss=0.067500 | grad_norm=0.329277 | learning_rate=0.000023 | epoch=0.540338
2026-02-22 14:58:34.442 | INFO     | __main__:on_log:99 - step=4700 | loss=0.054500 | grad_norm=0.293724 | learning_rate=0.000023 | epoch=0.540914
2026-02-22 14:59:13.950 | INFO     | __main__:on_log:99 - step=4705 | loss=0.070200 | grad_norm=0.422494 | learning_rate=0.000023 | epoch=0.541489
2026-02-22 14:59:53.450 | INFO     | __main__:on_log:99 - step=4710 | loss=0.065100 | grad_norm=0.530354 | learning_rate=0.000023 | epoch=0.542065
2026-02-22 15:00:32.955 | INFO     | __main__:on_log:99 - step=4715 | loss=0.049200 | grad_norm=0.269905 | learning_rate=0.000023 | epoch=0.542640
2026-02-22 15:01:12.447 | INFO     | __main__:on_log:99 - step=4720 | loss=0.057300 | grad_norm=0.394194 | learning_rate=0.000023 | epoch=0.543216
2026-02-22 15:01:52.004 | INFO     | __main__:on_log:99 - step=4725 | loss=0.078400 | grad_norm=0.417014 | learning_rate=0.000023 | epoch=0.543791
2026-02-22 15:02:31.549 | INFO     | __main__:on_log:99 - step=4730 | loss=0.058000 | grad_norm=0.362941 | learning_rate=0.000023 | epoch=0.544366
2026-02-22 15:03:11.041 | INFO     | __main__:on_log:99 - step=4735 | loss=0.078200 | grad_norm=1.049881 | learning_rate=0.000023 | epoch=0.544942
2026-02-22 15:03:50.527 | INFO     | __main__:on_log:99 - step=4740 | loss=0.062100 | grad_norm=0.447140 | learning_rate=0.000023 | epoch=0.545517
2026-02-22 15:04:30.047 | INFO     | __main__:on_log:99 - step=4745 | loss=0.054000 | grad_norm=0.383632 | learning_rate=0.000023 | epoch=0.546093
2026-02-22 15:05:09.620 | INFO     | __main__:on_log:99 - step=4750 | loss=0.073100 | grad_norm=0.456479 | learning_rate=0.000023 | epoch=0.546668
2026-02-22 15:05:49.118 | INFO     | __main__:on_log:99 - step=4755 | loss=0.065800 | grad_norm=0.411748 | learning_rate=0.000023 | epoch=0.547244
2026-02-22 15:06:28.636 | INFO     | __main__:on_log:99 - step=4760 | loss=0.056800 | grad_norm=0.284927 | learning_rate=0.000023 | epoch=0.547819
2026-02-22 15:07:08.099 | INFO     | __main__:on_log:99 - step=4765 | loss=0.072900 | grad_norm=0.473601 | learning_rate=0.000023 | epoch=0.548395
2026-02-22 15:07:47.617 | INFO     | __main__:on_log:99 - step=4770 | loss=0.091800 | grad_norm=0.320996 | learning_rate=0.000023 | epoch=0.548970
2026-02-22 15:08:27.066 | INFO     | __main__:on_log:99 - step=4775 | loss=0.088100 | grad_norm=0.421025 | learning_rate=0.000023 | epoch=0.549545
2026-02-22 15:09:06.551 | INFO     | __main__:on_log:99 - step=4780 | loss=0.050600 | grad_norm=0.625961 | learning_rate=0.000023 | epoch=0.550121
2026-02-22 15:09:46.070 | INFO     | __main__:on_log:99 - step=4785 | loss=0.050200 | grad_norm=0.299100 | learning_rate=0.000023 | epoch=0.550696
2026-02-22 15:10:25.624 | INFO     | __main__:on_log:99 - step=4790 | loss=0.064400 | grad_norm=0.272231 | learning_rate=0.000023 | epoch=0.551272
2026-02-22 15:11:05.153 | INFO     | __main__:on_log:99 - step=4795 | loss=0.059300 | grad_norm=0.402646 | learning_rate=0.000023 | epoch=0.551847
2026-02-22 15:11:44.638 | INFO     | __main__:on_log:99 - step=4800 | loss=0.066500 | grad_norm=0.352525 | learning_rate=0.000023 | epoch=0.552423
2026-02-22 15:12:24.105 | INFO     | __main__:on_log:99 - step=4805 | loss=0.066800 | grad_norm=0.234009 | learning_rate=0.000023 | epoch=0.552998
2026-02-22 15:13:03.611 | INFO     | __main__:on_log:99 - step=4810 | loss=0.089200 | grad_norm=0.520466 | learning_rate=0.000023 | epoch=0.553573
2026-02-22 15:13:43.087 | INFO     | __main__:on_log:99 - step=4815 | loss=0.062700 | grad_norm=0.389061 | learning_rate=0.000023 | epoch=0.554149
2026-02-22 15:14:22.563 | INFO     | __main__:on_log:99 - step=4820 | loss=0.074300 | grad_norm=0.344913 | learning_rate=0.000023 | epoch=0.554724
2026-02-22 15:15:02.089 | INFO     | __main__:on_log:99 - step=4825 | loss=0.072600 | grad_norm=0.473075 | learning_rate=0.000023 | epoch=0.555300
2026-02-22 15:15:41.603 | INFO     | __main__:on_log:99 - step=4830 | loss=0.046500 | grad_norm=0.545431 | learning_rate=0.000023 | epoch=0.555875
2026-02-22 15:16:21.088 | INFO     | __main__:on_log:99 - step=4835 | loss=0.078100 | grad_norm=0.406914 | learning_rate=0.000023 | epoch=0.556451
2026-02-22 15:17:00.636 | INFO     | __main__:on_log:99 - step=4840 | loss=0.055700 | grad_norm=0.320816 | learning_rate=0.000023 | epoch=0.557026
2026-02-22 15:17:40.187 | INFO     | __main__:on_log:99 - step=4845 | loss=0.061900 | grad_norm=0.416799 | learning_rate=0.000023 | epoch=0.557602
2026-02-22 15:18:19.765 | INFO     | __main__:on_log:99 - step=4850 | loss=0.066000 | grad_norm=0.400429 | learning_rate=0.000023 | epoch=0.558177
2026-02-22 15:18:59.309 | INFO     | __main__:on_log:99 - step=4855 | loss=0.056400 | grad_norm=0.368351 | learning_rate=0.000023 | epoch=0.558752
2026-02-22 15:19:38.795 | INFO     | __main__:on_log:99 - step=4860 | loss=0.058000 | grad_norm=0.266522 | learning_rate=0.000023 | epoch=0.559328
2026-02-22 15:20:18.275 | INFO     | __main__:on_log:99 - step=4865 | loss=0.062600 | grad_norm=0.410574 | learning_rate=0.000023 | epoch=0.559903
2026-02-22 15:20:57.722 | INFO     | __main__:on_log:99 - step=4870 | loss=0.078400 | grad_norm=0.524761 | learning_rate=0.000023 | epoch=0.560479
2026-02-22 15:21:37.235 | INFO     | __main__:on_log:99 - step=4875 | loss=0.076000 | grad_norm=0.393573 | learning_rate=0.000023 | epoch=0.561054
2026-02-22 15:22:16.792 | INFO     | __main__:on_log:99 - step=4880 | loss=0.050900 | grad_norm=0.327998 | learning_rate=0.000023 | epoch=0.561630
2026-02-22 15:22:56.322 | INFO     | __main__:on_log:99 - step=4885 | loss=0.061400 | grad_norm=0.276894 | learning_rate=0.000023 | epoch=0.562205
2026-02-22 15:23:35.834 | INFO     | __main__:on_log:99 - step=4890 | loss=0.061100 | grad_norm=0.465751 | learning_rate=0.000023 | epoch=0.562781
2026-02-22 15:24:15.349 | INFO     | __main__:on_log:99 - step=4895 | loss=0.053400 | grad_norm=0.335881 | learning_rate=0.000023 | epoch=0.563356
2026-02-22 15:24:54.868 | INFO     | __main__:on_log:99 - step=4900 | loss=0.055100 | grad_norm=0.360242 | learning_rate=0.000023 | epoch=0.563931
2026-02-22 15:25:34.376 | INFO     | __main__:on_log:99 - step=4905 | loss=0.058800 | grad_norm=0.350216 | learning_rate=0.000023 | epoch=0.564507
2026-02-22 15:26:13.933 | INFO     | __main__:on_log:99 - step=4910 | loss=0.077500 | grad_norm=0.233800 | learning_rate=0.000023 | epoch=0.565082
2026-02-22 15:26:53.463 | INFO     | __main__:on_log:99 - step=4915 | loss=0.049300 | grad_norm=0.345212 | learning_rate=0.000023 | epoch=0.565658
2026-02-22 15:27:33.003 | INFO     | __main__:on_log:99 - step=4920 | loss=0.078400 | grad_norm=0.267177 | learning_rate=0.000023 | epoch=0.566233
2026-02-22 15:28:12.499 | INFO     | __main__:on_log:99 - step=4925 | loss=0.063100 | grad_norm=0.419838 | learning_rate=0.000023 | epoch=0.566809
2026-02-22 15:28:51.987 | INFO     | __main__:on_log:99 - step=4930 | loss=0.055600 | grad_norm=0.354531 | learning_rate=0.000023 | epoch=0.567384
2026-02-22 15:29:31.524 | INFO     | __main__:on_log:99 - step=4935 | loss=0.063600 | grad_norm=0.552326 | learning_rate=0.000023 | epoch=0.567959
2026-02-22 15:30:11.077 | INFO     | __main__:on_log:99 - step=4940 | loss=0.063900 | grad_norm=0.549921 | learning_rate=0.000023 | epoch=0.568535
2026-02-22 15:30:50.602 | INFO     | __main__:on_log:99 - step=4945 | loss=0.059300 | grad_norm=0.292781 | learning_rate=0.000023 | epoch=0.569110
2026-02-22 15:31:30.100 | INFO     | __main__:on_log:99 - step=4950 | loss=0.061300 | grad_norm=0.378319 | learning_rate=0.000023 | epoch=0.569686
2026-02-22 15:32:09.586 | INFO     | __main__:on_log:99 - step=4955 | loss=0.069600 | grad_norm=0.604677 | learning_rate=0.000023 | epoch=0.570261
2026-02-22 15:32:49.085 | INFO     | __main__:on_log:99 - step=4960 | loss=0.059700 | grad_norm=0.461605 | learning_rate=0.000023 | epoch=0.570837
2026-02-22 15:33:28.614 | INFO     | __main__:on_log:99 - step=4965 | loss=0.060300 | grad_norm=0.345986 | learning_rate=0.000023 | epoch=0.571412
2026-02-22 15:34:08.150 | INFO     | __main__:on_log:99 - step=4970 | loss=0.045500 | grad_norm=0.360820 | learning_rate=0.000023 | epoch=0.571988
2026-02-22 15:34:47.663 | INFO     | __main__:on_log:99 - step=4975 | loss=0.057100 | grad_norm=0.365580 | learning_rate=0.000023 | epoch=0.572563
2026-02-22 15:35:27.154 | INFO     | __main__:on_log:99 - step=4980 | loss=0.066400 | grad_norm=0.528363 | learning_rate=0.000023 | epoch=0.573138
2026-02-22 15:36:06.638 | INFO     | __main__:on_log:99 - step=4985 | loss=0.060100 | grad_norm=0.404773 | learning_rate=0.000023 | epoch=0.573714
2026-02-22 15:36:46.103 | INFO     | __main__:on_log:99 - step=4990 | loss=0.063200 | grad_norm=0.658893 | learning_rate=0.000023 | epoch=0.574289
2026-02-22 15:37:25.567 | INFO     | __main__:on_log:99 - step=4995 | loss=0.068800 | grad_norm=0.496305 | learning_rate=0.000023 | epoch=0.574865
2026-02-22 15:38:05.041 | INFO     | __main__:on_log:99 - step=5000 | loss=0.073500 | grad_norm=0.485373 | learning_rate=0.000022 | epoch=0.575440
2026-02-22 17:00:00.718 | INFO     | __main__:on_log:99 - step=5000 | epoch=0.575440
2026-02-22 17:00:41.282 | INFO     | __main__:on_log:99 - step=5005 | loss=0.058000 | grad_norm=0.216712 | learning_rate=0.000022 | epoch=0.576016
2026-02-22 17:01:20.869 | INFO     | __main__:on_log:99 - step=5010 | loss=0.061500 | grad_norm=0.568740 | learning_rate=0.000022 | epoch=0.576591
2026-02-22 17:02:00.491 | INFO     | __main__:on_log:99 - step=5015 | loss=0.082800 | grad_norm=1.010700 | learning_rate=0.000022 | epoch=0.577167
2026-02-22 17:02:40.111 | INFO     | __main__:on_log:99 - step=5020 | loss=0.069600 | grad_norm=0.298630 | learning_rate=0.000022 | epoch=0.577742
2026-02-22 17:03:19.697 | INFO     | __main__:on_log:99 - step=5025 | loss=0.071600 | grad_norm=0.398690 | learning_rate=0.000022 | epoch=0.578317
2026-02-22 17:03:59.256 | INFO     | __main__:on_log:99 - step=5030 | loss=0.043500 | grad_norm=0.365604 | learning_rate=0.000022 | epoch=0.578893
2026-02-22 17:04:38.860 | INFO     | __main__:on_log:99 - step=5035 | loss=0.100100 | grad_norm=0.327762 | learning_rate=0.000022 | epoch=0.579468
2026-02-22 17:05:18.402 | INFO     | __main__:on_log:99 - step=5040 | loss=0.065200 | grad_norm=0.433036 | learning_rate=0.000022 | epoch=0.580044
2026-02-22 17:05:58.003 | INFO     | __main__:on_log:99 - step=5045 | loss=0.052100 | grad_norm=0.368865 | learning_rate=0.000022 | epoch=0.580619
2026-02-22 17:06:37.588 | INFO     | __main__:on_log:99 - step=5050 | loss=0.059400 | grad_norm=0.505912 | learning_rate=0.000022 | epoch=0.581195
2026-02-22 17:07:17.150 | INFO     | __main__:on_log:99 - step=5055 | loss=0.066100 | grad_norm=0.465110 | learning_rate=0.000022 | epoch=0.581770
2026-02-22 17:07:56.682 | INFO     | __main__:on_log:99 - step=5060 | loss=0.073200 | grad_norm=0.714983 | learning_rate=0.000022 | epoch=0.582345
2026-02-22 17:08:36.239 | INFO     | __main__:on_log:99 - step=5065 | loss=0.086700 | grad_norm=0.366087 | learning_rate=0.000022 | epoch=0.582921
2026-02-22 17:09:15.798 | INFO     | __main__:on_log:99 - step=5070 | loss=0.050500 | grad_norm=0.322318 | learning_rate=0.000022 | epoch=0.583496
2026-02-22 17:09:55.477 | INFO     | __main__:on_log:99 - step=5075 | loss=0.070300 | grad_norm=0.459869 | learning_rate=0.000022 | epoch=0.584072
2026-02-22 17:10:35.166 | INFO     | __main__:on_log:99 - step=5080 | loss=0.077100 | grad_norm=0.514114 | learning_rate=0.000022 | epoch=0.584647
2026-02-22 17:11:14.715 | INFO     | __main__:on_log:99 - step=5085 | loss=0.083500 | grad_norm=0.537194 | learning_rate=0.000022 | epoch=0.585223
2026-02-22 17:11:54.270 | INFO     | __main__:on_log:99 - step=5090 | loss=0.052500 | grad_norm=0.229468 | learning_rate=0.000022 | epoch=0.585798
2026-02-22 17:12:33.841 | INFO     | __main__:on_log:99 - step=5095 | loss=0.073500 | grad_norm=0.360943 | learning_rate=0.000022 | epoch=0.586374
2026-02-22 17:13:13.456 | INFO     | __main__:on_log:99 - step=5100 | loss=0.069200 | grad_norm=0.224949 | learning_rate=0.000022 | epoch=0.586949
2026-02-22 17:13:53.130 | INFO     | __main__:on_log:99 - step=5105 | loss=0.044100 | grad_norm=0.277253 | learning_rate=0.000022 | epoch=0.587524
2026-02-22 17:14:32.732 | INFO     | __main__:on_log:99 - step=5110 | loss=0.056600 | grad_norm=0.552819 | learning_rate=0.000022 | epoch=0.588100
2026-02-22 17:15:12.326 | INFO     | __main__:on_log:99 - step=5115 | loss=0.051900 | grad_norm=0.309008 | learning_rate=0.000022 | epoch=0.588675
2026-02-22 17:15:51.982 | INFO     | __main__:on_log:99 - step=5120 | loss=0.057800 | grad_norm=0.283720 | learning_rate=0.000022 | epoch=0.589251
2026-02-22 17:16:31.584 | INFO     | __main__:on_log:99 - step=5125 | loss=0.061700 | grad_norm=0.391937 | learning_rate=0.000022 | epoch=0.589826
2026-02-22 17:17:11.146 | INFO     | __main__:on_log:99 - step=5130 | loss=0.056200 | grad_norm=0.282407 | learning_rate=0.000022 | epoch=0.590402
2026-02-22 17:17:50.772 | INFO     | __main__:on_log:99 - step=5135 | loss=0.060400 | grad_norm=0.462618 | learning_rate=0.000022 | epoch=0.590977
2026-02-22 17:18:30.366 | INFO     | __main__:on_log:99 - step=5140 | loss=0.053000 | grad_norm=0.556476 | learning_rate=0.000022 | epoch=0.591553
2026-02-22 17:19:09.964 | INFO     | __main__:on_log:99 - step=5145 | loss=0.064900 | grad_norm=0.288419 | learning_rate=0.000022 | epoch=0.592128
2026-02-22 17:19:49.612 | INFO     | __main__:on_log:99 - step=5150 | loss=0.053600 | grad_norm=0.243517 | learning_rate=0.000022 | epoch=0.592703
2026-02-22 17:20:29.191 | INFO     | __main__:on_log:99 - step=5155 | loss=0.063200 | grad_norm=0.587157 | learning_rate=0.000022 | epoch=0.593279
2026-02-22 17:21:08.773 | INFO     | __main__:on_log:99 - step=5160 | loss=0.065300 | grad_norm=0.339187 | learning_rate=0.000022 | epoch=0.593854
2026-02-22 17:21:48.310 | INFO     | __main__:on_log:99 - step=5165 | loss=0.042600 | grad_norm=0.450222 | learning_rate=0.000022 | epoch=0.594430
2026-02-22 17:22:27.846 | INFO     | __main__:on_log:99 - step=5170 | loss=0.083200 | grad_norm=0.338937 | learning_rate=0.000022 | epoch=0.595005
2026-02-22 17:23:07.425 | INFO     | __main__:on_log:99 - step=5175 | loss=0.062000 | grad_norm=0.430341 | learning_rate=0.000022 | epoch=0.595581
2026-02-22 17:23:47.037 | INFO     | __main__:on_log:99 - step=5180 | loss=0.053700 | grad_norm=0.373134 | learning_rate=0.000022 | epoch=0.596156
2026-02-22 17:24:26.695 | INFO     | __main__:on_log:99 - step=5185 | loss=0.063300 | grad_norm=0.299186 | learning_rate=0.000022 | epoch=0.596731
2026-02-22 17:25:06.286 | INFO     | __main__:on_log:99 - step=5190 | loss=0.070700 | grad_norm=0.398438 | learning_rate=0.000022 | epoch=0.597307
2026-02-22 17:25:45.889 | INFO     | __main__:on_log:99 - step=5195 | loss=0.088300 | grad_norm=0.665138 | learning_rate=0.000022 | epoch=0.597882
2026-02-22 17:26:25.446 | INFO     | __main__:on_log:99 - step=5200 | loss=0.074000 | grad_norm=0.322533 | learning_rate=0.000022 | epoch=0.598458
2026-02-22 17:27:04.993 | INFO     | __main__:on_log:99 - step=5205 | loss=0.061300 | grad_norm=0.427028 | learning_rate=0.000022 | epoch=0.599033
2026-02-22 17:27:44.571 | INFO     | __main__:on_log:99 - step=5210 | loss=0.050600 | grad_norm=0.398424 | learning_rate=0.000022 | epoch=0.599609
2026-02-22 17:28:24.155 | INFO     | __main__:on_log:99 - step=5215 | loss=0.066700 | grad_norm=0.360595 | learning_rate=0.000022 | epoch=0.600184
2026-02-22 17:29:03.710 | INFO     | __main__:on_log:99 - step=5220 | loss=0.054400 | grad_norm=0.394340 | learning_rate=0.000022 | epoch=0.600760
2026-02-22 17:29:43.283 | INFO     | __main__:on_log:99 - step=5225 | loss=0.072700 | grad_norm=0.483388 | learning_rate=0.000022 | epoch=0.601335
2026-02-22 17:30:22.896 | INFO     | __main__:on_log:99 - step=5230 | loss=0.072900 | grad_norm=0.594655 | learning_rate=0.000022 | epoch=0.601910
2026-02-22 17:31:02.440 | INFO     | __main__:on_log:99 - step=5235 | loss=0.053400 | grad_norm=0.578938 | learning_rate=0.000022 | epoch=0.602486
2026-02-22 17:31:42.050 | INFO     | __main__:on_log:99 - step=5240 | loss=0.054600 | grad_norm=0.386757 | learning_rate=0.000022 | epoch=0.603061
2026-02-22 17:32:21.625 | INFO     | __main__:on_log:99 - step=5245 | loss=0.065000 | grad_norm=0.340348 | learning_rate=0.000022 | epoch=0.603637
2026-02-22 17:33:01.158 | INFO     | __main__:on_log:99 - step=5250 | loss=0.066700 | grad_norm=0.489567 | learning_rate=0.000022 | epoch=0.604212
2026-02-22 17:33:40.747 | INFO     | __main__:on_log:99 - step=5255 | loss=0.091400 | grad_norm=0.430250 | learning_rate=0.000022 | epoch=0.604788
2026-02-22 17:34:20.335 | INFO     | __main__:on_log:99 - step=5260 | loss=0.072700 | grad_norm=0.539090 | learning_rate=0.000022 | epoch=0.605363
2026-02-22 17:34:59.888 | INFO     | __main__:on_log:99 - step=5265 | loss=0.059200 | grad_norm=0.239639 | learning_rate=0.000022 | epoch=0.605939
2026-02-22 17:35:39.452 | INFO     | __main__:on_log:99 - step=5270 | loss=0.063600 | grad_norm=0.388982 | learning_rate=0.000022 | epoch=0.606514
2026-02-22 17:36:19.061 | INFO     | __main__:on_log:99 - step=5275 | loss=0.064600 | grad_norm=0.309880 | learning_rate=0.000022 | epoch=0.607089
2026-02-22 17:36:58.730 | INFO     | __main__:on_log:99 - step=5280 | loss=0.063900 | grad_norm=0.240386 | learning_rate=0.000022 | epoch=0.607665
2026-02-22 17:37:38.349 | INFO     | __main__:on_log:99 - step=5285 | loss=0.076500 | grad_norm=0.254885 | learning_rate=0.000022 | epoch=0.608240
2026-02-22 17:38:17.947 | INFO     | __main__:on_log:99 - step=5290 | loss=0.065200 | grad_norm=0.261174 | learning_rate=0.000022 | epoch=0.608816
2026-02-22 17:38:57.508 | INFO     | __main__:on_log:99 - step=5295 | loss=0.055300 | grad_norm=0.473595 | learning_rate=0.000022 | epoch=0.609391
2026-02-22 17:39:37.089 | INFO     | __main__:on_log:99 - step=5300 | loss=0.066800 | grad_norm=0.350318 | learning_rate=0.000022 | epoch=0.609967
2026-02-22 17:40:16.664 | INFO     | __main__:on_log:99 - step=5305 | loss=0.066700 | grad_norm=0.472363 | learning_rate=0.000022 | epoch=0.610542
2026-02-22 17:40:56.232 | INFO     | __main__:on_log:99 - step=5310 | loss=0.060400 | grad_norm=0.346611 | learning_rate=0.000022 | epoch=0.611118
2026-02-22 17:41:35.801 | INFO     | __main__:on_log:99 - step=5315 | loss=0.056800 | grad_norm=0.338954 | learning_rate=0.000022 | epoch=0.611693
2026-02-22 17:42:15.364 | INFO     | __main__:on_log:99 - step=5320 | loss=0.076500 | grad_norm=0.315980 | learning_rate=0.000022 | epoch=0.612268
2026-02-22 17:42:54.965 | INFO     | __main__:on_log:99 - step=5325 | loss=0.073200 | grad_norm=0.242390 | learning_rate=0.000022 | epoch=0.612844
2026-02-22 17:43:34.566 | INFO     | __main__:on_log:99 - step=5330 | loss=0.062400 | grad_norm=0.370541 | learning_rate=0.000022 | epoch=0.613419
2026-02-22 17:44:14.149 | INFO     | __main__:on_log:99 - step=5335 | loss=0.070700 | grad_norm=0.382830 | learning_rate=0.000022 | epoch=0.613995
2026-02-22 17:44:53.742 | INFO     | __main__:on_log:99 - step=5340 | loss=0.085700 | grad_norm=0.342358 | learning_rate=0.000022 | epoch=0.614570
2026-02-22 17:45:33.344 | INFO     | __main__:on_log:99 - step=5345 | loss=0.051300 | grad_norm=0.411708 | learning_rate=0.000022 | epoch=0.615146
2026-02-22 17:46:12.980 | INFO     | __main__:on_log:99 - step=5350 | loss=0.071100 | grad_norm=0.486604 | learning_rate=0.000022 | epoch=0.615721
2026-02-22 17:46:52.609 | INFO     | __main__:on_log:99 - step=5355 | loss=0.058300 | grad_norm=0.298403 | learning_rate=0.000022 | epoch=0.616296
2026-02-22 17:47:32.212 | INFO     | __main__:on_log:99 - step=5360 | loss=0.046100 | grad_norm=0.260836 | learning_rate=0.000022 | epoch=0.616872
2026-02-22 17:48:11.899 | INFO     | __main__:on_log:99 - step=5365 | loss=0.043800 | grad_norm=0.245180 | learning_rate=0.000022 | epoch=0.617447
2026-02-22 17:48:51.505 | INFO     | __main__:on_log:99 - step=5370 | loss=0.057300 | grad_norm=0.320088 | learning_rate=0.000022 | epoch=0.618023
2026-02-22 17:49:31.085 | INFO     | __main__:on_log:99 - step=5375 | loss=0.077100 | grad_norm=0.389104 | learning_rate=0.000022 | epoch=0.618598
2026-02-22 17:50:10.696 | INFO     | __main__:on_log:99 - step=5380 | loss=0.051900 | grad_norm=0.262663 | learning_rate=0.000022 | epoch=0.619174
2026-02-22 17:50:50.275 | INFO     | __main__:on_log:99 - step=5385 | loss=0.067500 | grad_norm=0.247289 | learning_rate=0.000022 | epoch=0.619749
2026-02-22 17:51:29.874 | INFO     | __main__:on_log:99 - step=5390 | loss=0.042200 | grad_norm=0.402672 | learning_rate=0.000022 | epoch=0.620325
2026-02-22 17:52:09.523 | INFO     | __main__:on_log:99 - step=5395 | loss=0.055300 | grad_norm=0.308261 | learning_rate=0.000022 | epoch=0.620900
2026-02-22 17:52:49.066 | INFO     | __main__:on_log:99 - step=5400 | loss=0.066500 | grad_norm=0.545964 | learning_rate=0.000022 | epoch=0.621475
2026-02-22 17:53:28.627 | INFO     | __main__:on_log:99 - step=5405 | loss=0.058400 | grad_norm=0.363176 | learning_rate=0.000022 | epoch=0.622051
2026-02-22 17:54:08.226 | INFO     | __main__:on_log:99 - step=5410 | loss=0.052800 | grad_norm=0.312498 | learning_rate=0.000022 | epoch=0.622626
2026-02-22 17:54:47.780 | INFO     | __main__:on_log:99 - step=5415 | loss=0.044700 | grad_norm=0.520326 | learning_rate=0.000022 | epoch=0.623202
2026-02-22 17:55:27.347 | INFO     | __main__:on_log:99 - step=5420 | loss=0.043600 | grad_norm=0.302103 | learning_rate=0.000022 | epoch=0.623777
2026-02-22 17:56:06.913 | INFO     | __main__:on_log:99 - step=5425 | loss=0.052400 | grad_norm=0.275523 | learning_rate=0.000022 | epoch=0.624353
2026-02-22 17:56:46.462 | INFO     | __main__:on_log:99 - step=5430 | loss=0.050900 | grad_norm=0.398309 | learning_rate=0.000022 | epoch=0.624928
2026-02-22 17:57:26.037 | INFO     | __main__:on_log:99 - step=5435 | loss=0.076400 | grad_norm=0.613802 | learning_rate=0.000022 | epoch=0.625504
2026-02-22 17:58:05.662 | INFO     | __main__:on_log:99 - step=5440 | loss=0.066100 | grad_norm=0.509609 | learning_rate=0.000022 | epoch=0.626079
2026-02-22 17:58:45.219 | INFO     | __main__:on_log:99 - step=5445 | loss=0.057000 | grad_norm=0.397335 | learning_rate=0.000022 | epoch=0.626654
2026-02-22 17:59:24.827 | INFO     | __main__:on_log:99 - step=5450 | loss=0.068000 | grad_norm=0.385712 | learning_rate=0.000022 | epoch=0.627230
2026-02-22 18:00:04.446 | INFO     | __main__:on_log:99 - step=5455 | loss=0.052100 | grad_norm=0.328662 | learning_rate=0.000022 | epoch=0.627805
2026-02-22 18:00:44.045 | INFO     | __main__:on_log:99 - step=5460 | loss=0.059300 | grad_norm=0.277803 | learning_rate=0.000022 | epoch=0.628381
2026-02-22 18:01:23.587 | INFO     | __main__:on_log:99 - step=5465 | loss=0.079600 | grad_norm=0.622404 | learning_rate=0.000022 | epoch=0.628956
2026-02-22 18:02:03.163 | INFO     | __main__:on_log:99 - step=5470 | loss=0.051700 | grad_norm=0.307364 | learning_rate=0.000022 | epoch=0.629532
2026-02-22 18:02:42.847 | INFO     | __main__:on_log:99 - step=5475 | loss=0.055700 | grad_norm=0.250344 | learning_rate=0.000022 | epoch=0.630107
2026-02-22 18:03:22.469 | INFO     | __main__:on_log:99 - step=5480 | loss=0.078900 | grad_norm=0.401526 | learning_rate=0.000022 | epoch=0.630682
2026-02-22 18:04:02.129 | INFO     | __main__:on_log:99 - step=5485 | loss=0.061900 | grad_norm=0.296952 | learning_rate=0.000022 | epoch=0.631258
2026-02-22 18:04:41.675 | INFO     | __main__:on_log:99 - step=5490 | loss=0.059400 | grad_norm=0.287945 | learning_rate=0.000022 | epoch=0.631833
2026-02-22 18:05:21.336 | INFO     | __main__:on_log:99 - step=5495 | loss=0.064200 | grad_norm=0.314923 | learning_rate=0.000022 | epoch=0.632409
2026-02-22 18:06:00.906 | INFO     | __main__:on_log:99 - step=5500 | loss=0.066200 | grad_norm=1.541054 | learning_rate=0.000022 | epoch=0.632984
2026-02-22 18:06:40.540 | INFO     | __main__:on_log:99 - step=5505 | loss=0.058400 | grad_norm=0.307919 | learning_rate=0.000022 | epoch=0.633560
2026-02-22 18:07:20.149 | INFO     | __main__:on_log:99 - step=5510 | loss=0.057800 | grad_norm=0.535635 | learning_rate=0.000022 | epoch=0.634135
2026-02-22 18:07:59.717 | INFO     | __main__:on_log:99 - step=5515 | loss=0.051400 | grad_norm=0.443607 | learning_rate=0.000022 | epoch=0.634711
2026-02-22 18:08:39.368 | INFO     | __main__:on_log:99 - step=5520 | loss=0.044800 | grad_norm=0.177874 | learning_rate=0.000022 | epoch=0.635286
2026-02-22 18:09:18.991 | INFO     | __main__:on_log:99 - step=5525 | loss=0.069300 | grad_norm=0.295303 | learning_rate=0.000022 | epoch=0.635861
2026-02-22 18:09:58.618 | INFO     | __main__:on_log:99 - step=5530 | loss=0.078600 | grad_norm=0.405550 | learning_rate=0.000022 | epoch=0.636437
2026-02-22 18:10:38.167 | INFO     | __main__:on_log:99 - step=5535 | loss=0.068400 | grad_norm=0.515000 | learning_rate=0.000022 | epoch=0.637012
2026-02-22 18:11:17.769 | INFO     | __main__:on_log:99 - step=5540 | loss=0.052600 | grad_norm=0.327681 | learning_rate=0.000022 | epoch=0.637588
2026-02-22 18:11:57.328 | INFO     | __main__:on_log:99 - step=5545 | loss=0.081100 | grad_norm=0.442942 | learning_rate=0.000022 | epoch=0.638163
2026-02-22 18:12:36.889 | INFO     | __main__:on_log:99 - step=5550 | loss=0.073400 | grad_norm=0.517759 | learning_rate=0.000021 | epoch=0.638739
2026-02-22 18:13:16.502 | INFO     | __main__:on_log:99 - step=5555 | loss=0.069100 | grad_norm=0.435173 | learning_rate=0.000021 | epoch=0.639314
2026-02-22 18:13:56.076 | INFO     | __main__:on_log:99 - step=5560 | loss=0.065200 | grad_norm=0.229623 | learning_rate=0.000021 | epoch=0.639890
2026-02-22 18:14:35.674 | INFO     | __main__:on_log:99 - step=5565 | loss=0.052900 | grad_norm=0.348006 | learning_rate=0.000021 | epoch=0.640465
2026-02-22 18:15:15.331 | INFO     | __main__:on_log:99 - step=5570 | loss=0.073200 | grad_norm=0.210563 | learning_rate=0.000021 | epoch=0.641040
2026-02-22 18:15:54.910 | INFO     | __main__:on_log:99 - step=5575 | loss=0.056500 | grad_norm=0.736336 | learning_rate=0.000021 | epoch=0.641616
2026-02-22 18:16:34.458 | INFO     | __main__:on_log:99 - step=5580 | loss=0.065900 | grad_norm=0.469235 | learning_rate=0.000021 | epoch=0.642191
2026-02-22 18:17:14.046 | INFO     | __main__:on_log:99 - step=5585 | loss=0.047300 | grad_norm=0.334989 | learning_rate=0.000021 | epoch=0.642767
2026-02-22 18:17:53.594 | INFO     | __main__:on_log:99 - step=5590 | loss=0.066400 | grad_norm=0.419009 | learning_rate=0.000021 | epoch=0.643342
2026-02-22 18:18:33.177 | INFO     | __main__:on_log:99 - step=5595 | loss=0.074700 | grad_norm=0.312141 | learning_rate=0.000021 | epoch=0.643918
2026-02-22 18:19:12.801 | INFO     | __main__:on_log:99 - step=5600 | loss=0.049500 | grad_norm=0.248712 | learning_rate=0.000021 | epoch=0.644493
2026-02-22 18:19:52.353 | INFO     | __main__:on_log:99 - step=5605 | loss=0.057400 | grad_norm=0.435829 | learning_rate=0.000021 | epoch=0.645068
2026-02-22 18:20:31.932 | INFO     | __main__:on_log:99 - step=5610 | loss=0.107300 | grad_norm=0.464284 | learning_rate=0.000021 | epoch=0.645644
2026-02-22 18:21:11.523 | INFO     | __main__:on_log:99 - step=5615 | loss=0.079700 | grad_norm=0.306986 | learning_rate=0.000021 | epoch=0.646219
2026-02-22 18:21:51.097 | INFO     | __main__:on_log:99 - step=5620 | loss=0.049500 | grad_norm=0.381031 | learning_rate=0.000021 | epoch=0.646795
2026-02-22 18:22:30.741 | INFO     | __main__:on_log:99 - step=5625 | loss=0.057700 | grad_norm=0.455052 | learning_rate=0.000021 | epoch=0.647370
2026-02-22 18:23:10.332 | INFO     | __main__:on_log:99 - step=5630 | loss=0.079100 | grad_norm=0.444699 | learning_rate=0.000021 | epoch=0.647946
2026-02-22 18:23:49.874 | INFO     | __main__:on_log:99 - step=5635 | loss=0.073600 | grad_norm=0.312862 | learning_rate=0.000021 | epoch=0.648521
2026-02-22 18:24:29.472 | INFO     | __main__:on_log:99 - step=5640 | loss=0.046000 | grad_norm=0.402089 | learning_rate=0.000021 | epoch=0.649097
2026-02-22 18:25:09.013 | INFO     | __main__:on_log:99 - step=5645 | loss=0.068300 | grad_norm=0.440147 | learning_rate=0.000021 | epoch=0.649672
2026-02-22 18:25:48.575 | INFO     | __main__:on_log:99 - step=5650 | loss=0.054700 | grad_norm=0.454068 | learning_rate=0.000021 | epoch=0.650247
2026-02-22 18:26:28.151 | INFO     | __main__:on_log:99 - step=5655 | loss=0.062000 | grad_norm=0.360690 | learning_rate=0.000021 | epoch=0.650823
2026-02-22 18:27:07.751 | INFO     | __main__:on_log:99 - step=5660 | loss=0.054100 | grad_norm=0.250661 | learning_rate=0.000021 | epoch=0.651398
2026-02-22 18:27:47.290 | INFO     | __main__:on_log:99 - step=5665 | loss=0.040200 | grad_norm=0.281822 | learning_rate=0.000021 | epoch=0.651974
2026-02-22 18:28:26.884 | INFO     | __main__:on_log:99 - step=5670 | loss=0.057400 | grad_norm=0.490748 | learning_rate=0.000021 | epoch=0.652549
2026-02-22 18:29:06.517 | INFO     | __main__:on_log:99 - step=5675 | loss=0.067200 | grad_norm=0.364590 | learning_rate=0.000021 | epoch=0.653125
2026-02-22 18:29:46.124 | INFO     | __main__:on_log:99 - step=5680 | loss=0.051400 | grad_norm=1.600930 | learning_rate=0.000021 | epoch=0.653700
2026-02-22 18:30:25.706 | INFO     | __main__:on_log:99 - step=5685 | loss=0.067700 | grad_norm=0.670609 | learning_rate=0.000021 | epoch=0.654276
2026-02-22 18:31:05.301 | INFO     | __main__:on_log:99 - step=5690 | loss=0.062600 | grad_norm=0.388063 | learning_rate=0.000021 | epoch=0.654851
2026-02-22 18:31:44.881 | INFO     | __main__:on_log:99 - step=5695 | loss=0.091400 | grad_norm=0.374093 | learning_rate=0.000021 | epoch=0.655426
2026-02-22 18:32:24.488 | INFO     | __main__:on_log:99 - step=5700 | loss=0.058100 | grad_norm=0.422148 | learning_rate=0.000021 | epoch=0.656002
2026-02-22 18:33:04.053 | INFO     | __main__:on_log:99 - step=5705 | loss=0.062700 | grad_norm=0.507486 | learning_rate=0.000021 | epoch=0.656577
2026-02-22 18:33:43.676 | INFO     | __main__:on_log:99 - step=5710 | loss=0.054000 | grad_norm=0.298325 | learning_rate=0.000021 | epoch=0.657153
2026-02-22 18:34:23.307 | INFO     | __main__:on_log:99 - step=5715 | loss=0.063700 | grad_norm=0.421932 | learning_rate=0.000021 | epoch=0.657728
2026-02-22 18:35:02.877 | INFO     | __main__:on_log:99 - step=5720 | loss=0.059200 | grad_norm=0.758013 | learning_rate=0.000021 | epoch=0.658304
2026-02-22 18:35:42.462 | INFO     | __main__:on_log:99 - step=5725 | loss=0.071100 | grad_norm=0.607214 | learning_rate=0.000021 | epoch=0.658879
2026-02-22 18:36:22.069 | INFO     | __main__:on_log:99 - step=5730 | loss=0.054000 | grad_norm=0.211793 | learning_rate=0.000021 | epoch=0.659454
2026-02-22 18:37:01.628 | INFO     | __main__:on_log:99 - step=5735 | loss=0.058800 | grad_norm=0.224040 | learning_rate=0.000021 | epoch=0.660030
2026-02-22 18:37:41.207 | INFO     | __main__:on_log:99 - step=5740 | loss=0.053600 | grad_norm=0.391575 | learning_rate=0.000021 | epoch=0.660605
2026-02-22 18:38:20.820 | INFO     | __main__:on_log:99 - step=5745 | loss=0.082800 | grad_norm=0.448285 | learning_rate=0.000021 | epoch=0.661181
2026-02-22 18:39:00.467 | INFO     | __main__:on_log:99 - step=5750 | loss=0.066400 | grad_norm=0.399515 | learning_rate=0.000021 | epoch=0.661756
2026-02-22 18:39:40.061 | INFO     | __main__:on_log:99 - step=5755 | loss=0.082800 | grad_norm=0.486832 | learning_rate=0.000021 | epoch=0.662332
2026-02-22 18:40:19.680 | INFO     | __main__:on_log:99 - step=5760 | loss=0.073000 | grad_norm=0.499293 | learning_rate=0.000021 | epoch=0.662907
2026-02-22 18:40:59.243 | INFO     | __main__:on_log:99 - step=5765 | loss=0.054100 | grad_norm=0.399254 | learning_rate=0.000021 | epoch=0.663483
2026-02-22 18:41:38.921 | INFO     | __main__:on_log:99 - step=5770 | loss=0.067600 | grad_norm=0.358812 | learning_rate=0.000021 | epoch=0.664058
2026-02-22 18:42:18.504 | INFO     | __main__:on_log:99 - step=5775 | loss=0.062700 | grad_norm=0.385884 | learning_rate=0.000021 | epoch=0.664633
2026-02-22 18:42:58.124 | INFO     | __main__:on_log:99 - step=5780 | loss=0.049500 | grad_norm=0.420635 | learning_rate=0.000021 | epoch=0.665209
2026-02-22 18:43:37.687 | INFO     | __main__:on_log:99 - step=5785 | loss=0.061000 | grad_norm=0.394376 | learning_rate=0.000021 | epoch=0.665784
2026-02-22 18:44:17.261 | INFO     | __main__:on_log:99 - step=5790 | loss=0.059400 | grad_norm=0.358828 | learning_rate=0.000021 | epoch=0.666360
2026-02-22 18:44:56.878 | INFO     | __main__:on_log:99 - step=5795 | loss=0.042400 | grad_norm=0.358631 | learning_rate=0.000021 | epoch=0.666935
2026-02-22 18:45:36.504 | INFO     | __main__:on_log:99 - step=5800 | loss=0.058800 | grad_norm=0.470953 | learning_rate=0.000021 | epoch=0.667511
2026-02-22 18:46:16.040 | INFO     | __main__:on_log:99 - step=5805 | loss=0.093100 | grad_norm=0.666522 | learning_rate=0.000021 | epoch=0.668086
2026-02-22 18:46:55.635 | INFO     | __main__:on_log:99 - step=5810 | loss=0.061200 | grad_norm=0.350385 | learning_rate=0.000021 | epoch=0.668662
2026-02-22 18:47:35.162 | INFO     | __main__:on_log:99 - step=5815 | loss=0.054400 | grad_norm=0.469347 | learning_rate=0.000021 | epoch=0.669237
2026-02-22 18:48:14.708 | INFO     | __main__:on_log:99 - step=5820 | loss=0.066100 | grad_norm=0.303296 | learning_rate=0.000021 | epoch=0.669812
2026-02-22 18:48:54.343 | INFO     | __main__:on_log:99 - step=5825 | loss=0.058700 | grad_norm=0.356138 | learning_rate=0.000021 | epoch=0.670388
2026-02-22 18:49:33.961 | INFO     | __main__:on_log:99 - step=5830 | loss=0.053900 | grad_norm=0.286993 | learning_rate=0.000021 | epoch=0.670963
2026-02-22 18:50:13.559 | INFO     | __main__:on_log:99 - step=5835 | loss=0.061100 | grad_norm=0.490091 | learning_rate=0.000021 | epoch=0.671539
2026-02-22 18:50:53.225 | INFO     | __main__:on_log:99 - step=5840 | loss=0.044200 | grad_norm=0.305408 | learning_rate=0.000021 | epoch=0.672114
2026-02-22 18:51:32.798 | INFO     | __main__:on_log:99 - step=5845 | loss=0.063900 | grad_norm=0.595785 | learning_rate=0.000021 | epoch=0.672690
2026-02-22 18:52:12.317 | INFO     | __main__:on_log:99 - step=5850 | loss=0.057100 | grad_norm=0.394352 | learning_rate=0.000021 | epoch=0.673265
2026-02-22 18:52:51.905 | INFO     | __main__:on_log:99 - step=5855 | loss=0.075400 | grad_norm=0.366212 | learning_rate=0.000021 | epoch=0.673840
2026-02-22 18:53:31.553 | INFO     | __main__:on_log:99 - step=5860 | loss=0.073100 | grad_norm=0.386625 | learning_rate=0.000021 | epoch=0.674416
2026-02-22 18:54:11.157 | INFO     | __main__:on_log:99 - step=5865 | loss=0.062300 | grad_norm=0.537147 | learning_rate=0.000021 | epoch=0.674991
2026-02-22 18:54:50.763 | INFO     | __main__:on_log:99 - step=5870 | loss=0.058200 | grad_norm=0.260758 | learning_rate=0.000021 | epoch=0.675567
2026-02-22 18:55:30.343 | INFO     | __main__:on_log:99 - step=5875 | loss=0.046700 | grad_norm=0.379401 | learning_rate=0.000021 | epoch=0.676142
2026-02-22 18:56:09.931 | INFO     | __main__:on_log:99 - step=5880 | loss=0.062000 | grad_norm=0.279009 | learning_rate=0.000021 | epoch=0.676718
2026-02-22 18:56:49.505 | INFO     | __main__:on_log:99 - step=5885 | loss=0.064400 | grad_norm=0.273065 | learning_rate=0.000021 | epoch=0.677293
2026-02-22 18:57:29.105 | INFO     | __main__:on_log:99 - step=5890 | loss=0.060600 | grad_norm=0.370943 | learning_rate=0.000021 | epoch=0.677869
2026-02-22 18:58:08.802 | INFO     | __main__:on_log:99 - step=5895 | loss=0.054300 | grad_norm=0.635793 | learning_rate=0.000021 | epoch=0.678444
2026-02-22 18:58:48.441 | INFO     | __main__:on_log:99 - step=5900 | loss=0.065900 | grad_norm=0.440164 | learning_rate=0.000021 | epoch=0.679019
2026-02-22 18:59:28.030 | INFO     | __main__:on_log:99 - step=5905 | loss=0.034800 | grad_norm=0.265523 | learning_rate=0.000021 | epoch=0.679595
2026-02-22 19:00:07.658 | INFO     | __main__:on_log:99 - step=5910 | loss=0.071400 | grad_norm=0.533784 | learning_rate=0.000021 | epoch=0.680170
2026-02-22 19:00:47.271 | INFO     | __main__:on_log:99 - step=5915 | loss=0.064900 | grad_norm=0.406498 | learning_rate=0.000021 | epoch=0.680746
2026-02-22 19:01:26.887 | INFO     | __main__:on_log:99 - step=5920 | loss=0.067100 | grad_norm=0.461389 | learning_rate=0.000021 | epoch=0.681321
2026-02-22 19:02:06.541 | INFO     | __main__:on_log:99 - step=5925 | loss=0.063500 | grad_norm=0.379140 | learning_rate=0.000021 | epoch=0.681897
2026-02-22 19:02:46.168 | INFO     | __main__:on_log:99 - step=5930 | loss=0.061300 | grad_norm=0.225583 | learning_rate=0.000021 | epoch=0.682472
2026-02-22 19:03:25.793 | INFO     | __main__:on_log:99 - step=5935 | loss=0.043600 | grad_norm=0.323004 | learning_rate=0.000021 | epoch=0.683048
2026-02-22 19:04:05.394 | INFO     | __main__:on_log:99 - step=5940 | loss=0.077800 | grad_norm=0.544995 | learning_rate=0.000021 | epoch=0.683623
2026-02-22 19:04:45.022 | INFO     | __main__:on_log:99 - step=5945 | loss=0.047400 | grad_norm=0.378824 | learning_rate=0.000021 | epoch=0.684198
2026-02-22 19:05:24.650 | INFO     | __main__:on_log:99 - step=5950 | loss=0.051700 | grad_norm=0.292093 | learning_rate=0.000021 | epoch=0.684774
2026-02-22 19:06:04.229 | INFO     | __main__:on_log:99 - step=5955 | loss=0.054200 | grad_norm=0.447795 | learning_rate=0.000021 | epoch=0.685349
2026-02-22 19:06:43.804 | INFO     | __main__:on_log:99 - step=5960 | loss=0.068600 | grad_norm=0.328062 | learning_rate=0.000021 | epoch=0.685925
2026-02-22 19:07:23.447 | INFO     | __main__:on_log:99 - step=5965 | loss=0.051600 | grad_norm=0.340786 | learning_rate=0.000021 | epoch=0.686500
2026-02-22 19:08:03.037 | INFO     | __main__:on_log:99 - step=5970 | loss=0.059800 | grad_norm=0.267991 | learning_rate=0.000021 | epoch=0.687076
2026-02-22 19:08:42.591 | INFO     | __main__:on_log:99 - step=5975 | loss=0.075700 | grad_norm=0.448220 | learning_rate=0.000021 | epoch=0.687651
2026-02-22 19:09:22.171 | INFO     | __main__:on_log:99 - step=5980 | loss=0.070500 | grad_norm=0.431353 | learning_rate=0.000021 | epoch=0.688226
2026-02-22 19:10:01.773 | INFO     | __main__:on_log:99 - step=5985 | loss=0.035500 | grad_norm=0.319407 | learning_rate=0.000021 | epoch=0.688802
2026-02-22 19:10:41.379 | INFO     | __main__:on_log:99 - step=5990 | loss=0.066800 | grad_norm=0.640614 | learning_rate=0.000021 | epoch=0.689377
2026-02-22 19:11:20.973 | INFO     | __main__:on_log:99 - step=5995 | loss=0.034500 | grad_norm=0.244151 | learning_rate=0.000021 | epoch=0.689953
2026-02-22 19:12:00.555 | INFO     | __main__:on_log:99 - step=6000 | loss=0.054600 | grad_norm=0.448285 | learning_rate=0.000021 | epoch=0.690528
2026-02-22 19:12:40.169 | INFO     | __main__:on_log:99 - step=6005 | loss=0.067200 | grad_norm=0.296831 | learning_rate=0.000021 | epoch=0.691104
2026-02-22 19:13:19.710 | INFO     | __main__:on_log:99 - step=6010 | loss=0.066700 | grad_norm=0.342802 | learning_rate=0.000021 | epoch=0.691679
2026-02-22 19:13:59.240 | INFO     | __main__:on_log:99 - step=6015 | loss=0.052900 | grad_norm=0.274396 | learning_rate=0.000021 | epoch=0.692255
2026-02-22 19:14:38.836 | INFO     | __main__:on_log:99 - step=6020 | loss=0.079700 | grad_norm=0.283604 | learning_rate=0.000021 | epoch=0.692830
2026-02-22 19:15:18.470 | INFO     | __main__:on_log:99 - step=6025 | loss=0.050100 | grad_norm=0.433689 | learning_rate=0.000021 | epoch=0.693405
2026-02-22 19:15:58.032 | INFO     | __main__:on_log:99 - step=6030 | loss=0.064300 | grad_norm=0.453308 | learning_rate=0.000021 | epoch=0.693981
2026-02-22 19:16:37.617 | INFO     | __main__:on_log:99 - step=6035 | loss=0.052000 | grad_norm=0.380030 | learning_rate=0.000021 | epoch=0.694556
2026-02-22 19:17:17.208 | INFO     | __main__:on_log:99 - step=6040 | loss=0.075700 | grad_norm=0.495318 | learning_rate=0.000021 | epoch=0.695132
2026-02-22 19:17:56.859 | INFO     | __main__:on_log:99 - step=6045 | loss=0.080300 | grad_norm=0.304877 | learning_rate=0.000021 | epoch=0.695707
2026-02-22 19:18:36.423 | INFO     | __main__:on_log:99 - step=6050 | loss=0.076400 | grad_norm=0.437053 | learning_rate=0.000021 | epoch=0.696283
2026-02-22 19:19:16.039 | INFO     | __main__:on_log:99 - step=6055 | loss=0.067300 | grad_norm=0.378736 | learning_rate=0.000021 | epoch=0.696858
2026-02-22 19:19:55.583 | INFO     | __main__:on_log:99 - step=6060 | loss=0.089900 | grad_norm=0.493147 | learning_rate=0.000021 | epoch=0.697434
2026-02-22 19:20:35.236 | INFO     | __main__:on_log:99 - step=6065 | loss=0.051100 | grad_norm=0.491763 | learning_rate=0.000021 | epoch=0.698009
2026-02-22 19:21:14.846 | INFO     | __main__:on_log:99 - step=6070 | loss=0.057700 | grad_norm=0.344646 | learning_rate=0.000021 | epoch=0.698584
2026-02-22 19:21:54.431 | INFO     | __main__:on_log:99 - step=6075 | loss=0.064800 | grad_norm=0.453385 | learning_rate=0.000021 | epoch=0.699160
2026-02-22 19:22:34.035 | INFO     | __main__:on_log:99 - step=6080 | loss=0.046600 | grad_norm=0.378091 | learning_rate=0.000021 | epoch=0.699735
2026-02-22 19:23:13.621 | INFO     | __main__:on_log:99 - step=6085 | loss=0.055800 | grad_norm=0.253401 | learning_rate=0.000021 | epoch=0.700311
2026-02-22 19:23:53.217 | INFO     | __main__:on_log:99 - step=6090 | loss=0.061500 | grad_norm=0.432318 | learning_rate=0.000021 | epoch=0.700886
2026-02-22 19:24:32.793 | INFO     | __main__:on_log:99 - step=6095 | loss=0.056400 | grad_norm=0.414465 | learning_rate=0.000021 | epoch=0.701462
2026-02-22 19:25:12.386 | INFO     | __main__:on_log:99 - step=6100 | loss=0.053600 | grad_norm=0.406054 | learning_rate=0.000020 | epoch=0.702037
2026-02-22 19:25:51.988 | INFO     | __main__:on_log:99 - step=6105 | loss=0.043700 | grad_norm=0.284141 | learning_rate=0.000020 | epoch=0.702612
2026-02-22 19:26:31.533 | INFO     | __main__:on_log:99 - step=6110 | loss=0.058700 | grad_norm=0.446361 | learning_rate=0.000020 | epoch=0.703188
2026-02-22 19:27:11.120 | INFO     | __main__:on_log:99 - step=6115 | loss=0.067400 | grad_norm=0.490508 | learning_rate=0.000020 | epoch=0.703763
2026-02-22 19:27:50.717 | INFO     | __main__:on_log:99 - step=6120 | loss=0.061100 | grad_norm=0.253128 | learning_rate=0.000020 | epoch=0.704339
2026-02-22 19:28:30.330 | INFO     | __main__:on_log:99 - step=6125 | loss=0.047700 | grad_norm=0.479138 | learning_rate=0.000020 | epoch=0.704914
2026-02-22 19:29:09.917 | INFO     | __main__:on_log:99 - step=6130 | loss=0.063100 | grad_norm=0.545870 | learning_rate=0.000020 | epoch=0.705490
2026-02-22 19:29:49.528 | INFO     | __main__:on_log:99 - step=6135 | loss=0.037200 | grad_norm=0.266873 | learning_rate=0.000020 | epoch=0.706065
2026-02-22 19:30:29.121 | INFO     | __main__:on_log:99 - step=6140 | loss=0.067200 | grad_norm=0.440155 | learning_rate=0.000020 | epoch=0.706641
2026-02-22 19:31:08.696 | INFO     | __main__:on_log:99 - step=6145 | loss=0.058900 | grad_norm=0.490183 | learning_rate=0.000020 | epoch=0.707216
2026-02-22 19:31:48.223 | INFO     | __main__:on_log:99 - step=6150 | loss=0.069500 | grad_norm=0.499041 | learning_rate=0.000020 | epoch=0.707791
2026-02-22 19:32:27.808 | INFO     | __main__:on_log:99 - step=6155 | loss=0.067900 | grad_norm=0.354904 | learning_rate=0.000020 | epoch=0.708367
2026-02-22 19:33:07.395 | INFO     | __main__:on_log:99 - step=6160 | loss=0.060500 | grad_norm=0.328546 | learning_rate=0.000020 | epoch=0.708942
2026-02-22 19:33:46.986 | INFO     | __main__:on_log:99 - step=6165 | loss=0.052900 | grad_norm=0.274638 | learning_rate=0.000020 | epoch=0.709518
2026-02-22 19:34:26.582 | INFO     | __main__:on_log:99 - step=6170 | loss=0.065400 | grad_norm=0.449673 | learning_rate=0.000020 | epoch=0.710093
2026-02-22 19:35:06.140 | INFO     | __main__:on_log:99 - step=6175 | loss=0.073900 | grad_norm=0.358997 | learning_rate=0.000020 | epoch=0.710669
2026-02-22 19:35:45.710 | INFO     | __main__:on_log:99 - step=6180 | loss=0.091100 | grad_norm=0.468627 | learning_rate=0.000020 | epoch=0.711244
2026-02-22 19:36:25.337 | INFO     | __main__:on_log:99 - step=6185 | loss=0.063400 | grad_norm=0.551499 | learning_rate=0.000020 | epoch=0.711820
2026-02-22 19:37:04.975 | INFO     | __main__:on_log:99 - step=6190 | loss=0.046200 | grad_norm=0.257837 | learning_rate=0.000020 | epoch=0.712395
2026-02-22 19:37:44.570 | INFO     | __main__:on_log:99 - step=6195 | loss=0.052400 | grad_norm=0.337572 | learning_rate=0.000020 | epoch=0.712970
2026-02-22 19:38:24.184 | INFO     | __main__:on_log:99 - step=6200 | loss=0.067100 | grad_norm=0.507380 | learning_rate=0.000020 | epoch=0.713546
2026-02-22 19:39:03.752 | INFO     | __main__:on_log:99 - step=6205 | loss=0.058400 | grad_norm=0.283125 | learning_rate=0.000020 | epoch=0.714121
2026-02-22 19:39:43.313 | INFO     | __main__:on_log:99 - step=6210 | loss=0.072900 | grad_norm=0.424850 | learning_rate=0.000020 | epoch=0.714697
2026-02-22 19:40:22.908 | INFO     | __main__:on_log:99 - step=6215 | loss=0.044800 | grad_norm=0.313055 | learning_rate=0.000020 | epoch=0.715272
2026-02-22 19:41:02.533 | INFO     | __main__:on_log:99 - step=6220 | loss=0.061600 | grad_norm=0.249352 | learning_rate=0.000020 | epoch=0.715848
2026-02-22 19:41:42.212 | INFO     | __main__:on_log:99 - step=6225 | loss=0.060000 | grad_norm=0.427425 | learning_rate=0.000020 | epoch=0.716423
2026-02-22 19:42:21.781 | INFO     | __main__:on_log:99 - step=6230 | loss=0.061600 | grad_norm=0.223548 | learning_rate=0.000020 | epoch=0.716999
2026-02-22 19:43:01.367 | INFO     | __main__:on_log:99 - step=6235 | loss=0.052300 | grad_norm=0.409316 | learning_rate=0.000020 | epoch=0.717574
2026-02-22 19:43:40.970 | INFO     | __main__:on_log:99 - step=6240 | loss=0.061700 | grad_norm=0.371146 | learning_rate=0.000020 | epoch=0.718149
2026-02-22 19:44:20.541 | INFO     | __main__:on_log:99 - step=6245 | loss=0.074500 | grad_norm=0.296664 | learning_rate=0.000020 | epoch=0.718725
2026-02-22 19:45:00.146 | INFO     | __main__:on_log:99 - step=6250 | loss=0.063700 | grad_norm=0.365045 | learning_rate=0.000020 | epoch=0.719300
2026-02-22 19:45:39.743 | INFO     | __main__:on_log:99 - step=6255 | loss=0.065600 | grad_norm=0.415970 | learning_rate=0.000020 | epoch=0.719876
2026-02-22 19:46:19.357 | INFO     | __main__:on_log:99 - step=6260 | loss=0.065400 | grad_norm=0.493336 | learning_rate=0.000020 | epoch=0.720451
2026-02-22 19:46:58.933 | INFO     | __main__:on_log:99 - step=6265 | loss=0.072200 | grad_norm=0.647641 | learning_rate=0.000020 | epoch=0.721027
2026-02-22 19:47:38.503 | INFO     | __main__:on_log:99 - step=6270 | loss=0.072200 | grad_norm=0.214578 | learning_rate=0.000020 | epoch=0.721602
2026-02-22 19:48:18.061 | INFO     | __main__:on_log:99 - step=6275 | loss=0.054900 | grad_norm=0.292011 | learning_rate=0.000020 | epoch=0.722177
2026-02-22 19:48:57.680 | INFO     | __main__:on_log:99 - step=6280 | loss=0.056300 | grad_norm=0.604011 | learning_rate=0.000020 | epoch=0.722753
2026-02-22 19:49:37.283 | INFO     | __main__:on_log:99 - step=6285 | loss=0.045800 | grad_norm=0.464887 | learning_rate=0.000020 | epoch=0.723328
2026-02-22 19:50:16.878 | INFO     | __main__:on_log:99 - step=6290 | loss=0.084700 | grad_norm=0.665765 | learning_rate=0.000020 | epoch=0.723904
2026-02-22 19:50:56.506 | INFO     | __main__:on_log:99 - step=6295 | loss=0.048400 | grad_norm=1.160601 | learning_rate=0.000020 | epoch=0.724479
2026-02-22 19:51:36.108 | INFO     | __main__:on_log:99 - step=6300 | loss=0.041100 | grad_norm=0.296497 | learning_rate=0.000020 | epoch=0.725055
2026-02-22 19:52:15.687 | INFO     | __main__:on_log:99 - step=6305 | loss=0.061700 | grad_norm=0.483389 | learning_rate=0.000020 | epoch=0.725630
2026-02-22 19:52:55.236 | INFO     | __main__:on_log:99 - step=6310 | loss=0.074400 | grad_norm=0.415436 | learning_rate=0.000020 | epoch=0.726206
2026-02-22 19:53:34.807 | INFO     | __main__:on_log:99 - step=6315 | loss=0.044200 | grad_norm=0.285201 | learning_rate=0.000020 | epoch=0.726781
2026-02-22 19:54:14.371 | INFO     | __main__:on_log:99 - step=6320 | loss=0.063800 | grad_norm=0.511747 | learning_rate=0.000020 | epoch=0.727356
2026-02-22 19:54:53.936 | INFO     | __main__:on_log:99 - step=6325 | loss=0.054100 | grad_norm=0.284647 | learning_rate=0.000020 | epoch=0.727932
2026-02-22 19:55:33.526 | INFO     | __main__:on_log:99 - step=6330 | loss=0.063600 | grad_norm=0.341369 | learning_rate=0.000020 | epoch=0.728507
2026-02-22 19:56:13.109 | INFO     | __main__:on_log:99 - step=6335 | loss=0.046100 | grad_norm=0.341379 | learning_rate=0.000020 | epoch=0.729083
2026-02-22 19:56:52.672 | INFO     | __main__:on_log:99 - step=6340 | loss=0.067500 | grad_norm=0.456128 | learning_rate=0.000020 | epoch=0.729658
2026-02-22 19:57:32.255 | INFO     | __main__:on_log:99 - step=6345 | loss=0.065600 | grad_norm=0.304323 | learning_rate=0.000020 | epoch=0.730234
2026-02-22 19:58:11.824 | INFO     | __main__:on_log:99 - step=6350 | loss=0.046700 | grad_norm=0.421120 | learning_rate=0.000020 | epoch=0.730809
2026-02-22 19:58:51.377 | INFO     | __main__:on_log:99 - step=6355 | loss=0.081000 | grad_norm=0.474047 | learning_rate=0.000020 | epoch=0.731385
2026-02-22 19:59:30.936 | INFO     | __main__:on_log:99 - step=6360 | loss=0.043700 | grad_norm=0.405752 | learning_rate=0.000020 | epoch=0.731960
2026-02-22 20:00:10.520 | INFO     | __main__:on_log:99 - step=6365 | loss=0.068200 | grad_norm=0.354578 | learning_rate=0.000020 | epoch=0.732535
2026-02-22 20:00:50.105 | INFO     | __main__:on_log:99 - step=6370 | loss=0.070900 | grad_norm=0.418816 | learning_rate=0.000020 | epoch=0.733111
2026-02-22 20:01:29.692 | INFO     | __main__:on_log:99 - step=6375 | loss=0.056300 | grad_norm=0.312586 | learning_rate=0.000020 | epoch=0.733686
2026-02-22 20:02:09.311 | INFO     | __main__:on_log:99 - step=6380 | loss=0.053800 | grad_norm=0.233287 | learning_rate=0.000020 | epoch=0.734262
2026-02-22 20:02:48.917 | INFO     | __main__:on_log:99 - step=6385 | loss=0.082500 | grad_norm=0.667146 | learning_rate=0.000020 | epoch=0.734837
2026-02-22 20:03:28.567 | INFO     | __main__:on_log:99 - step=6390 | loss=0.082500 | grad_norm=0.488767 | learning_rate=0.000020 | epoch=0.735413
2026-02-22 20:04:08.187 | INFO     | __main__:on_log:99 - step=6395 | loss=0.048500 | grad_norm=0.386872 | learning_rate=0.000020 | epoch=0.735988
2026-02-22 20:04:47.774 | INFO     | __main__:on_log:99 - step=6400 | loss=0.050300 | grad_norm=0.346471 | learning_rate=0.000020 | epoch=0.736563
2026-02-22 20:05:27.350 | INFO     | __main__:on_log:99 - step=6405 | loss=0.047600 | grad_norm=0.355380 | learning_rate=0.000020 | epoch=0.737139
2026-02-22 20:06:06.942 | INFO     | __main__:on_log:99 - step=6410 | loss=0.071500 | grad_norm=0.433126 | learning_rate=0.000020 | epoch=0.737714
2026-02-22 20:06:46.499 | INFO     | __main__:on_log:99 - step=6415 | loss=0.056800 | grad_norm=0.393091 | learning_rate=0.000020 | epoch=0.738290
2026-02-22 20:07:26.118 | INFO     | __main__:on_log:99 - step=6420 | loss=0.069600 | grad_norm=0.426483 | learning_rate=0.000020 | epoch=0.738865
2026-02-22 20:08:05.684 | INFO     | __main__:on_log:99 - step=6425 | loss=0.053900 | grad_norm=0.319824 | learning_rate=0.000020 | epoch=0.739441
2026-02-22 20:08:45.265 | INFO     | __main__:on_log:99 - step=6430 | loss=0.056700 | grad_norm=0.285552 | learning_rate=0.000020 | epoch=0.740016
2026-02-22 20:09:24.801 | INFO     | __main__:on_log:99 - step=6435 | loss=0.053600 | grad_norm=0.439459 | learning_rate=0.000020 | epoch=0.740592
2026-02-22 20:10:04.395 | INFO     | __main__:on_log:99 - step=6440 | loss=0.063000 | grad_norm=0.361044 | learning_rate=0.000020 | epoch=0.741167
2026-02-22 20:10:43.966 | INFO     | __main__:on_log:99 - step=6445 | loss=0.049900 | grad_norm=0.405660 | learning_rate=0.000020 | epoch=0.741742
2026-02-22 20:11:23.583 | INFO     | __main__:on_log:99 - step=6450 | loss=0.070900 | grad_norm=0.384888 | learning_rate=0.000020 | epoch=0.742318
2026-02-22 20:12:03.112 | INFO     | __main__:on_log:99 - step=6455 | loss=0.059500 | grad_norm=0.501009 | learning_rate=0.000020 | epoch=0.742893
2026-02-22 20:12:42.683 | INFO     | __main__:on_log:99 - step=6460 | loss=0.068300 | grad_norm=0.474210 | learning_rate=0.000020 | epoch=0.743469
2026-02-22 20:13:22.244 | INFO     | __main__:on_log:99 - step=6465 | loss=0.057600 | grad_norm=0.380386 | learning_rate=0.000020 | epoch=0.744044
2026-02-22 20:14:01.906 | INFO     | __main__:on_log:99 - step=6470 | loss=0.055700 | grad_norm=0.261323 | learning_rate=0.000020 | epoch=0.744620
2026-02-22 20:14:41.501 | INFO     | __main__:on_log:99 - step=6475 | loss=0.074600 | grad_norm=0.444535 | learning_rate=0.000020 | epoch=0.745195
2026-02-22 20:15:21.095 | INFO     | __main__:on_log:99 - step=6480 | loss=0.056600 | grad_norm=0.365025 | learning_rate=0.000020 | epoch=0.745771
2026-02-22 20:16:00.695 | INFO     | __main__:on_log:99 - step=6485 | loss=0.072600 | grad_norm=0.473795 | learning_rate=0.000020 | epoch=0.746346
2026-02-22 20:16:40.245 | INFO     | __main__:on_log:99 - step=6490 | loss=0.073900 | grad_norm=0.616696 | learning_rate=0.000020 | epoch=0.746921
2026-02-22 20:17:19.889 | INFO     | __main__:on_log:99 - step=6495 | loss=0.054900 | grad_norm=0.279549 | learning_rate=0.000020 | epoch=0.747497
2026-02-22 20:17:59.486 | INFO     | __main__:on_log:99 - step=6500 | loss=0.058600 | grad_norm=0.386807 | learning_rate=0.000020 | epoch=0.748072
2026-02-22 20:18:39.019 | INFO     | __main__:on_log:99 - step=6505 | loss=0.045500 | grad_norm=0.251759 | learning_rate=0.000020 | epoch=0.748648
2026-02-22 20:19:18.570 | INFO     | __main__:on_log:99 - step=6510 | loss=0.063300 | grad_norm=0.477656 | learning_rate=0.000020 | epoch=0.749223
2026-02-22 20:19:58.180 | INFO     | __main__:on_log:99 - step=6515 | loss=0.079600 | grad_norm=0.452462 | learning_rate=0.000020 | epoch=0.749799
2026-02-22 20:20:37.758 | INFO     | __main__:on_log:99 - step=6520 | loss=0.078300 | grad_norm=0.396822 | learning_rate=0.000020 | epoch=0.750374
2026-02-22 20:21:17.334 | INFO     | __main__:on_log:99 - step=6525 | loss=0.077200 | grad_norm=0.377710 | learning_rate=0.000020 | epoch=0.750949
2026-02-22 20:21:56.986 | INFO     | __main__:on_log:99 - step=6530 | loss=0.041800 | grad_norm=0.269758 | learning_rate=0.000020 | epoch=0.751525
2026-02-22 20:22:36.526 | INFO     | __main__:on_log:99 - step=6535 | loss=0.054300 | grad_norm=0.285976 | learning_rate=0.000020 | epoch=0.752100
2026-02-22 20:23:16.038 | INFO     | __main__:on_log:99 - step=6540 | loss=0.085200 | grad_norm=0.708027 | learning_rate=0.000020 | epoch=0.752676
2026-02-22 20:23:55.634 | INFO     | __main__:on_log:99 - step=6545 | loss=0.065300 | grad_norm=0.319588 | learning_rate=0.000020 | epoch=0.753251
2026-02-22 20:24:35.203 | INFO     | __main__:on_log:99 - step=6550 | loss=0.068700 | grad_norm=0.853528 | learning_rate=0.000020 | epoch=0.753827
2026-02-22 20:25:14.756 | INFO     | __main__:on_log:99 - step=6555 | loss=0.061400 | grad_norm=0.347794 | learning_rate=0.000020 | epoch=0.754402
2026-02-22 20:25:54.450 | INFO     | __main__:on_log:99 - step=6560 | loss=0.056000 | grad_norm=0.395182 | learning_rate=0.000020 | epoch=0.754978
2026-02-22 20:26:34.023 | INFO     | __main__:on_log:99 - step=6565 | loss=0.049400 | grad_norm=0.293817 | learning_rate=0.000020 | epoch=0.755553
2026-02-22 20:27:13.575 | INFO     | __main__:on_log:99 - step=6570 | loss=0.069700 | grad_norm=0.380765 | learning_rate=0.000020 | epoch=0.756128
2026-02-22 20:27:53.210 | INFO     | __main__:on_log:99 - step=6575 | loss=0.067400 | grad_norm=0.299543 | learning_rate=0.000020 | epoch=0.756704
2026-02-22 20:28:32.760 | INFO     | __main__:on_log:99 - step=6580 | loss=0.054200 | grad_norm=0.469272 | learning_rate=0.000020 | epoch=0.757279
2026-02-22 20:29:12.339 | INFO     | __main__:on_log:99 - step=6585 | loss=0.070100 | grad_norm=0.357246 | learning_rate=0.000020 | epoch=0.757855
2026-02-22 20:29:51.970 | INFO     | __main__:on_log:99 - step=6590 | loss=0.058200 | grad_norm=0.516474 | learning_rate=0.000020 | epoch=0.758430
2026-02-22 20:30:31.562 | INFO     | __main__:on_log:99 - step=6595 | loss=0.058800 | grad_norm=0.476758 | learning_rate=0.000020 | epoch=0.759006
2026-02-22 20:31:11.121 | INFO     | __main__:on_log:99 - step=6600 | loss=0.066800 | grad_norm=0.379331 | learning_rate=0.000020 | epoch=0.759581
2026-02-22 20:31:50.681 | INFO     | __main__:on_log:99 - step=6605 | loss=0.045400 | grad_norm=0.305892 | learning_rate=0.000020 | epoch=0.760157
2026-02-22 20:32:30.259 | INFO     | __main__:on_log:99 - step=6610 | loss=0.054800 | grad_norm=0.437708 | learning_rate=0.000020 | epoch=0.760732
2026-02-22 20:33:09.845 | INFO     | __main__:on_log:99 - step=6615 | loss=0.061000 | grad_norm=0.501719 | learning_rate=0.000020 | epoch=0.761307
2026-02-22 20:33:49.450 | INFO     | __main__:on_log:99 - step=6620 | loss=0.071000 | grad_norm=0.363182 | learning_rate=0.000020 | epoch=0.761883
2026-02-22 20:34:29.071 | INFO     | __main__:on_log:99 - step=6625 | loss=0.041200 | grad_norm=0.199065 | learning_rate=0.000020 | epoch=0.762458
2026-02-22 20:35:08.620 | INFO     | __main__:on_log:99 - step=6630 | loss=0.056600 | grad_norm=0.318004 | learning_rate=0.000020 | epoch=0.763034
2026-02-22 20:35:48.170 | INFO     | __main__:on_log:99 - step=6635 | loss=0.046700 | grad_norm=0.422019 | learning_rate=0.000020 | epoch=0.763609
2026-02-22 20:36:27.796 | INFO     | __main__:on_log:99 - step=6640 | loss=0.047100 | grad_norm=0.222175 | learning_rate=0.000020 | epoch=0.764185
2026-02-22 20:37:07.376 | INFO     | __main__:on_log:99 - step=6645 | loss=0.055600 | grad_norm=0.300398 | learning_rate=0.000020 | epoch=0.764760
2026-02-22 20:37:46.889 | INFO     | __main__:on_log:99 - step=6650 | loss=0.059200 | grad_norm=0.518387 | learning_rate=0.000019 | epoch=0.765335
2026-02-22 20:38:26.470 | INFO     | __main__:on_log:99 - step=6655 | loss=0.065600 | grad_norm=0.485718 | learning_rate=0.000019 | epoch=0.765911
2026-02-22 20:39:06.061 | INFO     | __main__:on_log:99 - step=6660 | loss=0.067600 | grad_norm=0.519092 | learning_rate=0.000019 | epoch=0.766486
2026-02-22 20:39:45.645 | INFO     | __main__:on_log:99 - step=6665 | loss=0.071700 | grad_norm=0.493621 | learning_rate=0.000019 | epoch=0.767062
2026-02-22 20:40:25.197 | INFO     | __main__:on_log:99 - step=6670 | loss=0.058000 | grad_norm=0.443820 | learning_rate=0.000019 | epoch=0.767637
2026-02-22 20:41:04.775 | INFO     | __main__:on_log:99 - step=6675 | loss=0.042600 | grad_norm=0.372610 | learning_rate=0.000019 | epoch=0.768213
2026-02-22 20:41:44.397 | INFO     | __main__:on_log:99 - step=6680 | loss=0.063900 | grad_norm=0.452579 | learning_rate=0.000019 | epoch=0.768788
2026-02-22 20:42:23.966 | INFO     | __main__:on_log:99 - step=6685 | loss=0.060100 | grad_norm=0.495330 | learning_rate=0.000019 | epoch=0.769364
2026-02-22 20:43:03.536 | INFO     | __main__:on_log:99 - step=6690 | loss=0.061400 | grad_norm=0.282376 | learning_rate=0.000019 | epoch=0.769939
2026-02-22 20:43:43.089 | INFO     | __main__:on_log:99 - step=6695 | loss=0.072000 | grad_norm=0.374134 | learning_rate=0.000019 | epoch=0.770514
2026-02-22 20:44:22.654 | INFO     | __main__:on_log:99 - step=6700 | loss=0.063200 | grad_norm=0.373161 | learning_rate=0.000019 | epoch=0.771090
2026-02-22 20:45:02.275 | INFO     | __main__:on_log:99 - step=6705 | loss=0.062800 | grad_norm=0.427836 | learning_rate=0.000019 | epoch=0.771665
2026-02-22 20:45:41.828 | INFO     | __main__:on_log:99 - step=6710 | loss=0.053400 | grad_norm=0.369043 | learning_rate=0.000019 | epoch=0.772241
2026-02-22 20:46:21.351 | INFO     | __main__:on_log:99 - step=6715 | loss=0.051800 | grad_norm=0.217854 | learning_rate=0.000019 | epoch=0.772816
2026-02-22 20:47:00.901 | INFO     | __main__:on_log:99 - step=6720 | loss=0.090400 | grad_norm=0.316669 | learning_rate=0.000019 | epoch=0.773392
2026-02-22 20:47:40.503 | INFO     | __main__:on_log:99 - step=6725 | loss=0.066500 | grad_norm=0.358646 | learning_rate=0.000019 | epoch=0.773967
2026-02-22 20:48:20.066 | INFO     | __main__:on_log:99 - step=6730 | loss=0.068500 | grad_norm=0.672442 | learning_rate=0.000019 | epoch=0.774543
2026-02-22 20:48:59.598 | INFO     | __main__:on_log:99 - step=6735 | loss=0.068700 | grad_norm=0.558497 | learning_rate=0.000019 | epoch=0.775118
2026-02-22 20:49:39.141 | INFO     | __main__:on_log:99 - step=6740 | loss=0.066900 | grad_norm=0.484703 | learning_rate=0.000019 | epoch=0.775693
2026-02-22 20:50:18.727 | INFO     | __main__:on_log:99 - step=6745 | loss=0.053100 | grad_norm=0.278645 | learning_rate=0.000019 | epoch=0.776269
2026-02-22 20:50:58.349 | INFO     | __main__:on_log:99 - step=6750 | loss=0.046200 | grad_norm=0.204830 | learning_rate=0.000019 | epoch=0.776844
2026-02-22 20:51:37.940 | INFO     | __main__:on_log:99 - step=6755 | loss=0.077500 | grad_norm=0.501434 | learning_rate=0.000019 | epoch=0.777420
2026-02-22 20:52:17.448 | INFO     | __main__:on_log:99 - step=6760 | loss=0.052100 | grad_norm=0.322380 | learning_rate=0.000019 | epoch=0.777995
2026-02-22 20:52:57.035 | INFO     | __main__:on_log:99 - step=6765 | loss=0.054600 | grad_norm=0.451269 | learning_rate=0.000019 | epoch=0.778571
2026-02-22 20:53:36.622 | INFO     | __main__:on_log:99 - step=6770 | loss=0.066800 | grad_norm=0.452318 | learning_rate=0.000019 | epoch=0.779146
2026-02-22 20:54:16.202 | INFO     | __main__:on_log:99 - step=6775 | loss=0.055500 | grad_norm=0.414355 | learning_rate=0.000019 | epoch=0.779721
2026-02-22 20:54:55.800 | INFO     | __main__:on_log:99 - step=6780 | loss=0.051200 | grad_norm=0.484152 | learning_rate=0.000019 | epoch=0.780297
2026-02-22 20:55:35.365 | INFO     | __main__:on_log:99 - step=6785 | loss=0.058900 | grad_norm=0.570236 | learning_rate=0.000019 | epoch=0.780872
2026-02-22 20:56:14.903 | INFO     | __main__:on_log:99 - step=6790 | loss=0.066600 | grad_norm=0.663195 | learning_rate=0.000019 | epoch=0.781448
2026-02-22 20:56:54.449 | INFO     | __main__:on_log:99 - step=6795 | loss=0.041100 | grad_norm=0.302021 | learning_rate=0.000019 | epoch=0.782023
2026-02-22 20:57:34.033 | INFO     | __main__:on_log:99 - step=6800 | loss=0.062500 | grad_norm=0.446101 | learning_rate=0.000019 | epoch=0.782599
2026-02-22 20:58:13.642 | INFO     | __main__:on_log:99 - step=6805 | loss=0.043400 | grad_norm=0.235400 | learning_rate=0.000019 | epoch=0.783174
2026-02-22 20:58:53.267 | INFO     | __main__:on_log:99 - step=6810 | loss=0.048200 | grad_norm=0.412062 | learning_rate=0.000019 | epoch=0.783750
2026-02-22 20:59:32.837 | INFO     | __main__:on_log:99 - step=6815 | loss=0.067600 | grad_norm=0.429570 | learning_rate=0.000019 | epoch=0.784325
2026-02-22 21:00:12.358 | INFO     | __main__:on_log:99 - step=6820 | loss=0.085500 | grad_norm=0.314270 | learning_rate=0.000019 | epoch=0.784900
2026-02-22 21:00:51.891 | INFO     | __main__:on_log:99 - step=6825 | loss=0.078900 | grad_norm=0.351297 | learning_rate=0.000019 | epoch=0.785476
2026-02-22 21:01:31.401 | INFO     | __main__:on_log:99 - step=6830 | loss=0.060400 | grad_norm=0.260267 | learning_rate=0.000019 | epoch=0.786051
2026-02-22 21:02:10.945 | INFO     | __main__:on_log:99 - step=6835 | loss=0.053100 | grad_norm=0.324186 | learning_rate=0.000019 | epoch=0.786627
2026-02-22 21:02:50.482 | INFO     | __main__:on_log:99 - step=6840 | loss=0.056500 | grad_norm=0.261597 | learning_rate=0.000019 | epoch=0.787202
2026-02-22 21:03:30.049 | INFO     | __main__:on_log:99 - step=6845 | loss=0.051300 | grad_norm=0.340172 | learning_rate=0.000019 | epoch=0.787778
2026-02-22 21:04:09.650 | INFO     | __main__:on_log:99 - step=6850 | loss=0.070600 | grad_norm=0.252384 | learning_rate=0.000019 | epoch=0.788353
2026-02-22 21:04:49.148 | INFO     | __main__:on_log:99 - step=6855 | loss=0.060200 | grad_norm=0.211840 | learning_rate=0.000019 | epoch=0.788929
2026-02-22 21:05:28.724 | INFO     | __main__:on_log:99 - step=6860 | loss=0.057200 | grad_norm=0.375295 | learning_rate=0.000019 | epoch=0.789504
2026-02-22 21:06:08.288 | INFO     | __main__:on_log:99 - step=6865 | loss=0.047800 | grad_norm=0.474057 | learning_rate=0.000019 | epoch=0.790079
2026-02-22 21:06:47.886 | INFO     | __main__:on_log:99 - step=6870 | loss=0.054200 | grad_norm=0.432476 | learning_rate=0.000019 | epoch=0.790655
2026-02-22 21:07:27.433 | INFO     | __main__:on_log:99 - step=6875 | loss=0.055400 | grad_norm=0.303337 | learning_rate=0.000019 | epoch=0.791230
2026-02-22 21:08:07.018 | INFO     | __main__:on_log:99 - step=6880 | loss=0.041700 | grad_norm=0.465384 | learning_rate=0.000019 | epoch=0.791806
2026-02-22 21:08:46.582 | INFO     | __main__:on_log:99 - step=6885 | loss=0.092600 | grad_norm=0.690001 | learning_rate=0.000019 | epoch=0.792381
2026-02-22 21:09:26.075 | INFO     | __main__:on_log:99 - step=6890 | loss=0.048500 | grad_norm=0.270986 | learning_rate=0.000019 | epoch=0.792957
2026-02-22 21:10:05.612 | INFO     | __main__:on_log:99 - step=6895 | loss=0.058300 | grad_norm=0.283060 | learning_rate=0.000019 | epoch=0.793532
2026-02-22 21:10:45.276 | INFO     | __main__:on_log:99 - step=6900 | loss=0.037200 | grad_norm=0.223927 | learning_rate=0.000019 | epoch=0.794107
2026-02-22 21:11:24.850 | INFO     | __main__:on_log:99 - step=6905 | loss=0.060500 | grad_norm=0.311519 | learning_rate=0.000019 | epoch=0.794683
2026-02-22 21:12:04.385 | INFO     | __main__:on_log:99 - step=6910 | loss=0.056800 | grad_norm=0.373129 | learning_rate=0.000019 | epoch=0.795258
2026-02-22 21:12:43.937 | INFO     | __main__:on_log:99 - step=6915 | loss=0.053000 | grad_norm=0.459952 | learning_rate=0.000019 | epoch=0.795834
2026-02-22 21:13:23.500 | INFO     | __main__:on_log:99 - step=6920 | loss=0.051700 | grad_norm=0.372709 | learning_rate=0.000019 | epoch=0.796409
2026-02-22 21:14:03.142 | INFO     | __main__:on_log:99 - step=6925 | loss=0.063700 | grad_norm=0.296972 | learning_rate=0.000019 | epoch=0.796985
2026-02-22 21:14:42.710 | INFO     | __main__:on_log:99 - step=6930 | loss=0.069600 | grad_norm=0.365004 | learning_rate=0.000019 | epoch=0.797560
2026-02-22 21:15:22.272 | INFO     | __main__:on_log:99 - step=6935 | loss=0.085500 | grad_norm=0.372223 | learning_rate=0.000019 | epoch=0.798136
2026-02-22 21:16:01.795 | INFO     | __main__:on_log:99 - step=6940 | loss=0.056800 | grad_norm=0.365066 | learning_rate=0.000019 | epoch=0.798711
2026-02-22 21:16:41.367 | INFO     | __main__:on_log:99 - step=6945 | loss=0.078100 | grad_norm=0.282675 | learning_rate=0.000019 | epoch=0.799286
2026-02-22 21:17:20.953 | INFO     | __main__:on_log:99 - step=6950 | loss=0.069300 | grad_norm=0.294290 | learning_rate=0.000019 | epoch=0.799862
2026-02-22 21:18:00.496 | INFO     | __main__:on_log:99 - step=6955 | loss=0.091400 | grad_norm=0.308673 | learning_rate=0.000019 | epoch=0.800437
2026-02-22 21:18:40.065 | INFO     | __main__:on_log:99 - step=6960 | loss=0.050500 | grad_norm=0.293412 | learning_rate=0.000019 | epoch=0.801013
2026-02-22 21:19:19.733 | INFO     | __main__:on_log:99 - step=6965 | loss=0.055300 | grad_norm=0.307917 | learning_rate=0.000019 | epoch=0.801588
2026-02-22 21:19:59.319 | INFO     | __main__:on_log:99 - step=6970 | loss=0.070600 | grad_norm=0.294911 | learning_rate=0.000019 | epoch=0.802164
2026-02-22 21:20:38.924 | INFO     | __main__:on_log:99 - step=6975 | loss=0.058100 | grad_norm=0.352979 | learning_rate=0.000019 | epoch=0.802739
2026-02-22 21:21:18.457 | INFO     | __main__:on_log:99 - step=6980 | loss=0.070100 | grad_norm=0.491308 | learning_rate=0.000019 | epoch=0.803315
2026-02-22 21:21:57.985 | INFO     | __main__:on_log:99 - step=6985 | loss=0.055100 | grad_norm=0.484238 | learning_rate=0.000019 | epoch=0.803890
2026-02-22 21:22:37.618 | INFO     | __main__:on_log:99 - step=6990 | loss=0.041900 | grad_norm=0.308913 | learning_rate=0.000019 | epoch=0.804465
2026-02-22 21:23:17.120 | INFO     | __main__:on_log:99 - step=6995 | loss=0.101900 | grad_norm=0.420836 | learning_rate=0.000019 | epoch=0.805041
2026-02-22 21:23:56.693 | INFO     | __main__:on_log:99 - step=7000 | loss=0.061300 | grad_norm=0.786125 | learning_rate=0.000019 | epoch=0.805616
2026-02-22 21:24:36.233 | INFO     | __main__:on_log:99 - step=7005 | loss=0.046900 | grad_norm=0.247596 | learning_rate=0.000019 | epoch=0.806192
2026-02-22 21:25:15.807 | INFO     | __main__:on_log:99 - step=7010 | loss=0.050900 | grad_norm=0.208129 | learning_rate=0.000019 | epoch=0.806767
2026-02-22 21:25:55.344 | INFO     | __main__:on_log:99 - step=7015 | loss=0.068400 | grad_norm=0.470631 | learning_rate=0.000019 | epoch=0.807343
2026-02-22 21:26:34.947 | INFO     | __main__:on_log:99 - step=7020 | loss=0.088000 | grad_norm=0.442079 | learning_rate=0.000019 | epoch=0.807918
2026-02-22 21:27:14.612 | INFO     | __main__:on_log:99 - step=7025 | loss=0.046100 | grad_norm=0.179155 | learning_rate=0.000019 | epoch=0.808493
2026-02-22 21:27:54.222 | INFO     | __main__:on_log:99 - step=7030 | loss=0.063300 | grad_norm=0.442597 | learning_rate=0.000019 | epoch=0.809069
2026-02-22 21:28:33.864 | INFO     | __main__:on_log:99 - step=7035 | loss=0.069200 | grad_norm=0.342894 | learning_rate=0.000019 | epoch=0.809644
2026-02-22 21:29:13.446 | INFO     | __main__:on_log:99 - step=7040 | loss=0.054900 | grad_norm=0.290612 | learning_rate=0.000019 | epoch=0.810220
2026-02-22 21:29:53.045 | INFO     | __main__:on_log:99 - step=7045 | loss=0.047800 | grad_norm=0.270195 | learning_rate=0.000019 | epoch=0.810795
2026-02-22 21:30:32.610 | INFO     | __main__:on_log:99 - step=7050 | loss=0.051100 | grad_norm=0.341492 | learning_rate=0.000019 | epoch=0.811371
2026-02-22 21:31:12.137 | INFO     | __main__:on_log:99 - step=7055 | loss=0.061400 | grad_norm=0.728590 | learning_rate=0.000019 | epoch=0.811946
2026-02-22 21:31:51.765 | INFO     | __main__:on_log:99 - step=7060 | loss=0.084000 | grad_norm=0.407602 | learning_rate=0.000019 | epoch=0.812522
2026-02-22 21:32:31.351 | INFO     | __main__:on_log:99 - step=7065 | loss=0.084300 | grad_norm=0.391035 | learning_rate=0.000019 | epoch=0.813097
2026-02-22 21:33:10.904 | INFO     | __main__:on_log:99 - step=7070 | loss=0.090200 | grad_norm=0.477625 | learning_rate=0.000019 | epoch=0.813672
2026-02-22 21:33:50.452 | INFO     | __main__:on_log:99 - step=7075 | loss=0.065500 | grad_norm=0.261576 | learning_rate=0.000019 | epoch=0.814248
2026-02-22 21:34:30.018 | INFO     | __main__:on_log:99 - step=7080 | loss=0.040500 | grad_norm=0.319018 | learning_rate=0.000019 | epoch=0.814823
2026-02-22 21:35:09.719 | INFO     | __main__:on_log:99 - step=7085 | loss=0.062700 | grad_norm=0.385242 | learning_rate=0.000019 | epoch=0.815399
2026-02-22 21:35:49.343 | INFO     | __main__:on_log:99 - step=7090 | loss=0.058100 | grad_norm=0.285921 | learning_rate=0.000019 | epoch=0.815974
2026-02-22 21:36:28.933 | INFO     | __main__:on_log:99 - step=7095 | loss=0.071600 | grad_norm=0.365545 | learning_rate=0.000019 | epoch=0.816550
2026-02-22 21:37:08.552 | INFO     | __main__:on_log:99 - step=7100 | loss=0.064000 | grad_norm=0.185210 | learning_rate=0.000019 | epoch=0.817125
2026-02-22 21:37:48.124 | INFO     | __main__:on_log:99 - step=7105 | loss=0.072500 | grad_norm=0.423726 | learning_rate=0.000019 | epoch=0.817701
2026-02-22 21:38:27.724 | INFO     | __main__:on_log:99 - step=7110 | loss=0.074300 | grad_norm=0.350267 | learning_rate=0.000019 | epoch=0.818276
2026-02-22 21:39:07.334 | INFO     | __main__:on_log:99 - step=7115 | loss=0.057800 | grad_norm=0.252826 | learning_rate=0.000019 | epoch=0.818851
2026-02-22 21:39:46.947 | INFO     | __main__:on_log:99 - step=7120 | loss=0.051400 | grad_norm=0.308487 | learning_rate=0.000019 | epoch=0.819427
2026-02-22 21:40:26.580 | INFO     | __main__:on_log:99 - step=7125 | loss=0.069600 | grad_norm=0.480045 | learning_rate=0.000019 | epoch=0.820002
2026-02-22 21:41:06.187 | INFO     | __main__:on_log:99 - step=7130 | loss=0.064900 | grad_norm=0.457236 | learning_rate=0.000019 | epoch=0.820578
2026-02-22 21:41:45.758 | INFO     | __main__:on_log:99 - step=7135 | loss=0.090300 | grad_norm=0.556892 | learning_rate=0.000019 | epoch=0.821153
2026-02-22 21:42:25.322 | INFO     | __main__:on_log:99 - step=7140 | loss=0.054100 | grad_norm=0.249222 | learning_rate=0.000019 | epoch=0.821729
2026-02-22 21:43:04.849 | INFO     | __main__:on_log:99 - step=7145 | loss=0.064400 | grad_norm=0.344266 | learning_rate=0.000019 | epoch=0.822304
2026-02-22 21:43:44.395 | INFO     | __main__:on_log:99 - step=7150 | loss=0.053900 | grad_norm=0.207629 | learning_rate=0.000019 | epoch=0.822880
2026-02-22 21:44:23.905 | INFO     | __main__:on_log:99 - step=7155 | loss=0.062900 | grad_norm=0.522512 | learning_rate=0.000019 | epoch=0.823455
2026-02-22 21:45:03.433 | INFO     | __main__:on_log:99 - step=7160 | loss=0.056500 | grad_norm=0.397591 | learning_rate=0.000019 | epoch=0.824030
2026-02-22 21:45:42.977 | INFO     | __main__:on_log:99 - step=7165 | loss=0.058200 | grad_norm=0.489216 | learning_rate=0.000019 | epoch=0.824606
2026-02-22 21:46:22.544 | INFO     | __main__:on_log:99 - step=7170 | loss=0.064800 | grad_norm=0.463497 | learning_rate=0.000019 | epoch=0.825181
2026-02-22 21:47:02.161 | INFO     | __main__:on_log:99 - step=7175 | loss=0.054600 | grad_norm=0.392824 | learning_rate=0.000019 | epoch=0.825757
2026-02-22 21:47:41.846 | INFO     | __main__:on_log:99 - step=7180 | loss=0.061700 | grad_norm=0.375934 | learning_rate=0.000019 | epoch=0.826332
2026-02-22 21:48:21.437 | INFO     | __main__:on_log:99 - step=7185 | loss=0.079800 | grad_norm=0.451094 | learning_rate=0.000019 | epoch=0.826908
2026-02-22 21:49:00.990 | INFO     | __main__:on_log:99 - step=7190 | loss=0.067100 | grad_norm=0.578881 | learning_rate=0.000019 | epoch=0.827483
2026-02-22 21:49:40.654 | INFO     | __main__:on_log:99 - step=7195 | loss=0.051700 | grad_norm=0.283522 | learning_rate=0.000019 | epoch=0.828058
2026-02-22 21:50:20.231 | INFO     | __main__:on_log:99 - step=7200 | loss=0.046900 | grad_norm=0.281137 | learning_rate=0.000018 | epoch=0.828634
2026-02-22 21:50:59.810 | INFO     | __main__:on_log:99 - step=7205 | loss=0.054100 | grad_norm=0.571574 | learning_rate=0.000018 | epoch=0.829209
2026-02-22 21:51:39.431 | INFO     | __main__:on_log:99 - step=7210 | loss=0.067700 | grad_norm=0.298330 | learning_rate=0.000018 | epoch=0.829785
2026-02-22 21:52:19.081 | INFO     | __main__:on_log:99 - step=7215 | loss=0.051600 | grad_norm=0.283381 | learning_rate=0.000018 | epoch=0.830360
2026-02-22 21:52:58.642 | INFO     | __main__:on_log:99 - step=7220 | loss=0.050300 | grad_norm=0.299409 | learning_rate=0.000018 | epoch=0.830936
2026-02-22 21:53:38.257 | INFO     | __main__:on_log:99 - step=7225 | loss=0.069200 | grad_norm=0.384340 | learning_rate=0.000018 | epoch=0.831511
2026-02-22 21:54:17.860 | INFO     | __main__:on_log:99 - step=7230 | loss=0.054700 | grad_norm=0.333168 | learning_rate=0.000018 | epoch=0.832087
2026-02-22 21:54:57.452 | INFO     | __main__:on_log:99 - step=7235 | loss=0.038200 | grad_norm=0.502663 | learning_rate=0.000018 | epoch=0.832662
2026-02-22 21:55:37.098 | INFO     | __main__:on_log:99 - step=7240 | loss=0.065100 | grad_norm=0.209845 | learning_rate=0.000018 | epoch=0.833237
2026-02-22 21:56:16.745 | INFO     | __main__:on_log:99 - step=7245 | loss=0.070100 | grad_norm=0.490649 | learning_rate=0.000018 | epoch=0.833813
2026-02-22 21:56:56.301 | INFO     | __main__:on_log:99 - step=7250 | loss=0.073500 | grad_norm=0.499849 | learning_rate=0.000018 | epoch=0.834388
2026-02-22 21:57:35.874 | INFO     | __main__:on_log:99 - step=7255 | loss=0.049200 | grad_norm=0.329148 | learning_rate=0.000018 | epoch=0.834964
2026-02-22 21:58:15.457 | INFO     | __main__:on_log:99 - step=7260 | loss=0.055100 | grad_norm=0.373071 | learning_rate=0.000018 | epoch=0.835539
2026-02-22 21:58:55.018 | INFO     | __main__:on_log:99 - step=7265 | loss=0.042800 | grad_norm=0.435456 | learning_rate=0.000018 | epoch=0.836115
2026-02-22 21:59:34.646 | INFO     | __main__:on_log:99 - step=7270 | loss=0.053600 | grad_norm=0.363541 | learning_rate=0.000018 | epoch=0.836690
2026-02-22 22:00:14.202 | INFO     | __main__:on_log:99 - step=7275 | loss=0.064000 | grad_norm=0.423557 | learning_rate=0.000018 | epoch=0.837266
2026-02-22 22:00:53.764 | INFO     | __main__:on_log:99 - step=7280 | loss=0.063900 | grad_norm=0.245108 | learning_rate=0.000018 | epoch=0.837841
2026-02-22 22:01:33.361 | INFO     | __main__:on_log:99 - step=7285 | loss=0.058100 | grad_norm=0.374170 | learning_rate=0.000018 | epoch=0.838416
2026-02-22 22:02:12.961 | INFO     | __main__:on_log:99 - step=7290 | loss=0.062300 | grad_norm=0.277102 | learning_rate=0.000018 | epoch=0.838992
2026-02-22 22:02:52.609 | INFO     | __main__:on_log:99 - step=7295 | loss=0.058800 | grad_norm=0.348541 | learning_rate=0.000018 | epoch=0.839567
2026-02-22 22:03:32.169 | INFO     | __main__:on_log:99 - step=7300 | loss=0.040700 | grad_norm=0.261826 | learning_rate=0.000018 | epoch=0.840143
2026-02-22 22:04:11.745 | INFO     | __main__:on_log:99 - step=7305 | loss=0.057700 | grad_norm=0.476454 | learning_rate=0.000018 | epoch=0.840718
2026-02-22 22:04:51.281 | INFO     | __main__:on_log:99 - step=7310 | loss=0.048900 | grad_norm=0.409397 | learning_rate=0.000018 | epoch=0.841294
2026-02-22 22:05:30.844 | INFO     | __main__:on_log:99 - step=7315 | loss=0.068100 | grad_norm=0.457948 | learning_rate=0.000018 | epoch=0.841869
2026-02-22 22:06:10.434 | INFO     | __main__:on_log:99 - step=7320 | loss=0.054600 | grad_norm=0.250530 | learning_rate=0.000018 | epoch=0.842444
2026-02-22 22:06:50.000 | INFO     | __main__:on_log:99 - step=7325 | loss=0.048600 | grad_norm=0.287156 | learning_rate=0.000018 | epoch=0.843020
2026-02-22 22:07:29.543 | INFO     | __main__:on_log:99 - step=7330 | loss=0.058400 | grad_norm=0.272089 | learning_rate=0.000018 | epoch=0.843595
2026-02-22 22:08:09.096 | INFO     | __main__:on_log:99 - step=7335 | loss=0.073700 | grad_norm=0.531754 | learning_rate=0.000018 | epoch=0.844171
2026-02-22 22:08:48.663 | INFO     | __main__:on_log:99 - step=7340 | loss=0.055700 | grad_norm=0.270773 | learning_rate=0.000018 | epoch=0.844746
2026-02-22 22:09:28.294 | INFO     | __main__:on_log:99 - step=7345 | loss=0.048600 | grad_norm=0.311015 | learning_rate=0.000018 | epoch=0.845322
2026-02-22 22:10:07.855 | INFO     | __main__:on_log:99 - step=7350 | loss=0.058500 | grad_norm=0.523547 | learning_rate=0.000018 | epoch=0.845897
2026-02-22 22:10:47.423 | INFO     | __main__:on_log:99 - step=7355 | loss=0.044700 | grad_norm=0.295836 | learning_rate=0.000018 | epoch=0.846473
2026-02-22 22:11:26.979 | INFO     | __main__:on_log:99 - step=7360 | loss=0.058400 | grad_norm=0.431724 | learning_rate=0.000018 | epoch=0.847048
2026-02-22 22:12:06.595 | INFO     | __main__:on_log:99 - step=7365 | loss=0.062600 | grad_norm=0.697191 | learning_rate=0.000018 | epoch=0.847623
2026-02-22 22:12:46.186 | INFO     | __main__:on_log:99 - step=7370 | loss=0.036200 | grad_norm=0.245697 | learning_rate=0.000018 | epoch=0.848199
2026-02-22 22:13:25.765 | INFO     | __main__:on_log:99 - step=7375 | loss=0.043400 | grad_norm=0.266397 | learning_rate=0.000018 | epoch=0.848774
2026-02-22 22:14:05.403 | INFO     | __main__:on_log:99 - step=7380 | loss=0.055200 | grad_norm=0.347356 | learning_rate=0.000018 | epoch=0.849350
2026-02-22 22:14:44.979 | INFO     | __main__:on_log:99 - step=7385 | loss=0.085900 | grad_norm=0.341308 | learning_rate=0.000018 | epoch=0.849925
2026-02-22 22:15:24.544 | INFO     | __main__:on_log:99 - step=7390 | loss=0.061700 | grad_norm=0.298993 | learning_rate=0.000018 | epoch=0.850501
2026-02-22 22:16:04.151 | INFO     | __main__:on_log:99 - step=7395 | loss=0.053700 | grad_norm=0.419773 | learning_rate=0.000018 | epoch=0.851076
2026-02-22 22:16:43.760 | INFO     | __main__:on_log:99 - step=7400 | loss=0.050400 | grad_norm=0.244279 | learning_rate=0.000018 | epoch=0.851652
2026-02-22 22:17:23.403 | INFO     | __main__:on_log:99 - step=7405 | loss=0.053200 | grad_norm=0.319209 | learning_rate=0.000018 | epoch=0.852227
2026-02-22 22:18:02.961 | INFO     | __main__:on_log:99 - step=7410 | loss=0.063600 | grad_norm=0.280849 | learning_rate=0.000018 | epoch=0.852802
2026-02-22 22:18:42.493 | INFO     | __main__:on_log:99 - step=7415 | loss=0.058700 | grad_norm=0.486306 | learning_rate=0.000018 | epoch=0.853378
2026-02-22 22:19:22.081 | INFO     | __main__:on_log:99 - step=7420 | loss=0.061100 | grad_norm=0.338763 | learning_rate=0.000018 | epoch=0.853953
2026-02-22 22:20:01.672 | INFO     | __main__:on_log:99 - step=7425 | loss=0.062200 | grad_norm=0.475846 | learning_rate=0.000018 | epoch=0.854529
2026-02-22 22:20:41.266 | INFO     | __main__:on_log:99 - step=7430 | loss=0.063700 | grad_norm=0.444009 | learning_rate=0.000018 | epoch=0.855104
2026-02-22 22:21:20.855 | INFO     | __main__:on_log:99 - step=7435 | loss=0.054200 | grad_norm=0.548561 | learning_rate=0.000018 | epoch=0.855680
2026-02-22 22:22:00.445 | INFO     | __main__:on_log:99 - step=7440 | loss=0.054700 | grad_norm=0.404561 | learning_rate=0.000018 | epoch=0.856255
2026-02-22 22:22:40.033 | INFO     | __main__:on_log:99 - step=7445 | loss=0.049000 | grad_norm=0.384714 | learning_rate=0.000018 | epoch=0.856830
2026-02-22 22:23:19.588 | INFO     | __main__:on_log:99 - step=7450 | loss=0.061200 | grad_norm=0.264639 | learning_rate=0.000018 | epoch=0.857406
2026-02-22 22:23:59.134 | INFO     | __main__:on_log:99 - step=7455 | loss=0.077300 | grad_norm=0.437710 | learning_rate=0.000018 | epoch=0.857981
2026-02-22 22:24:38.643 | INFO     | __main__:on_log:99 - step=7460 | loss=0.069100 | grad_norm=0.416322 | learning_rate=0.000018 | epoch=0.858557
2026-02-22 22:25:18.135 | INFO     | __main__:on_log:99 - step=7465 | loss=0.053700 | grad_norm=0.471473 | learning_rate=0.000018 | epoch=0.859132
2026-02-22 22:25:57.720 | INFO     | __main__:on_log:99 - step=7470 | loss=0.075600 | grad_norm=0.469744 | learning_rate=0.000018 | epoch=0.859708
2026-02-22 22:26:37.274 | INFO     | __main__:on_log:99 - step=7475 | loss=0.065000 | grad_norm=0.365717 | learning_rate=0.000018 | epoch=0.860283
2026-02-22 22:27:16.851 | INFO     | __main__:on_log:99 - step=7480 | loss=0.061300 | grad_norm=0.380735 | learning_rate=0.000018 | epoch=0.860859
2026-02-22 22:27:56.343 | INFO     | __main__:on_log:99 - step=7485 | loss=0.058600 | grad_norm=0.319064 | learning_rate=0.000018 | epoch=0.861434
2026-02-22 22:28:35.915 | INFO     | __main__:on_log:99 - step=7490 | loss=0.055000 | grad_norm=0.392747 | learning_rate=0.000018 | epoch=0.862009
2026-02-22 22:29:15.517 | INFO     | __main__:on_log:99 - step=7495 | loss=0.038800 | grad_norm=0.281196 | learning_rate=0.000018 | epoch=0.862585
2026-02-22 22:29:55.071 | INFO     | __main__:on_log:99 - step=7500 | loss=0.067500 | grad_norm=0.248280 | learning_rate=0.000018 | epoch=0.863160
2026-02-22 22:30:34.697 | INFO     | __main__:on_log:99 - step=7505 | loss=0.051700 | grad_norm=0.434698 | learning_rate=0.000018 | epoch=0.863736
2026-02-22 22:31:14.290 | INFO     | __main__:on_log:99 - step=7510 | loss=0.052700 | grad_norm=0.275813 | learning_rate=0.000018 | epoch=0.864311
2026-02-22 22:31:53.933 | INFO     | __main__:on_log:99 - step=7515 | loss=0.059500 | grad_norm=0.506569 | learning_rate=0.000018 | epoch=0.864887
2026-02-22 22:32:33.508 | INFO     | __main__:on_log:99 - step=7520 | loss=0.079500 | grad_norm=0.399076 | learning_rate=0.000018 | epoch=0.865462
2026-02-22 22:33:13.115 | INFO     | __main__:on_log:99 - step=7525 | loss=0.067600 | grad_norm=0.472125 | learning_rate=0.000018 | epoch=0.866038
2026-02-22 22:33:52.715 | INFO     | __main__:on_log:99 - step=7530 | loss=0.067400 | grad_norm=0.428404 | learning_rate=0.000018 | epoch=0.866613
2026-02-22 22:34:32.353 | INFO     | __main__:on_log:99 - step=7535 | loss=0.050000 | grad_norm=0.348452 | learning_rate=0.000018 | epoch=0.867188
2026-02-22 22:35:11.962 | INFO     | __main__:on_log:99 - step=7540 | loss=0.068900 | grad_norm=0.299178 | learning_rate=0.000018 | epoch=0.867764
2026-02-22 22:35:51.562 | INFO     | __main__:on_log:99 - step=7545 | loss=0.067000 | grad_norm=0.729279 | learning_rate=0.000018 | epoch=0.868339
2026-02-22 22:36:31.166 | INFO     | __main__:on_log:99 - step=7550 | loss=0.051800 | grad_norm=0.459289 | learning_rate=0.000018 | epoch=0.868915
2026-02-22 22:37:10.795 | INFO     | __main__:on_log:99 - step=7555 | loss=0.045800 | grad_norm=0.227825 | learning_rate=0.000018 | epoch=0.869490
2026-02-22 22:37:50.377 | INFO     | __main__:on_log:99 - step=7560 | loss=0.058400 | grad_norm=0.373313 | learning_rate=0.000018 | epoch=0.870066
2026-02-22 22:38:29.912 | INFO     | __main__:on_log:99 - step=7565 | loss=0.071500 | grad_norm=0.479718 | learning_rate=0.000018 | epoch=0.870641
2026-02-22 22:39:09.471 | INFO     | __main__:on_log:99 - step=7570 | loss=0.074900 | grad_norm=0.294748 | learning_rate=0.000018 | epoch=0.871216
2026-02-22 22:39:49.056 | INFO     | __main__:on_log:99 - step=7575 | loss=0.069100 | grad_norm=0.276732 | learning_rate=0.000018 | epoch=0.871792
2026-02-22 22:40:28.650 | INFO     | __main__:on_log:99 - step=7580 | loss=0.063200 | grad_norm=0.467873 | learning_rate=0.000018 | epoch=0.872367
2026-02-22 22:41:08.275 | INFO     | __main__:on_log:99 - step=7585 | loss=0.062600 | grad_norm=0.370427 | learning_rate=0.000018 | epoch=0.872943
2026-02-22 22:41:47.888 | INFO     | __main__:on_log:99 - step=7590 | loss=0.055700 | grad_norm=0.343713 | learning_rate=0.000018 | epoch=0.873518
2026-02-22 22:42:27.472 | INFO     | __main__:on_log:99 - step=7595 | loss=0.053500 | grad_norm=0.353374 | learning_rate=0.000018 | epoch=0.874094
2026-02-22 22:43:07.044 | INFO     | __main__:on_log:99 - step=7600 | loss=0.055200 | grad_norm=0.312294 | learning_rate=0.000018 | epoch=0.874669
2026-02-22 22:43:46.606 | INFO     | __main__:on_log:99 - step=7605 | loss=0.076300 | grad_norm=0.380682 | learning_rate=0.000018 | epoch=0.875245
2026-02-22 22:44:26.178 | INFO     | __main__:on_log:99 - step=7610 | loss=0.064200 | grad_norm=0.472625 | learning_rate=0.000018 | epoch=0.875820
2026-02-22 22:45:05.799 | INFO     | __main__:on_log:99 - step=7615 | loss=0.071500 | grad_norm=0.395834 | learning_rate=0.000018 | epoch=0.876395
2026-02-22 22:45:45.427 | INFO     | __main__:on_log:99 - step=7620 | loss=0.065400 | grad_norm=0.332916 | learning_rate=0.000018 | epoch=0.876971
2026-02-22 22:46:25.027 | INFO     | __main__:on_log:99 - step=7625 | loss=0.062600 | grad_norm=0.384467 | learning_rate=0.000018 | epoch=0.877546
2026-02-22 22:47:04.593 | INFO     | __main__:on_log:99 - step=7630 | loss=0.061600 | grad_norm=0.374134 | learning_rate=0.000018 | epoch=0.878122
2026-02-22 22:47:44.219 | INFO     | __main__:on_log:99 - step=7635 | loss=0.065900 | grad_norm=0.541192 | learning_rate=0.000018 | epoch=0.878697
2026-02-22 22:48:23.784 | INFO     | __main__:on_log:99 - step=7640 | loss=0.061100 | grad_norm=0.426953 | learning_rate=0.000018 | epoch=0.879273
2026-02-22 22:49:03.354 | INFO     | __main__:on_log:99 - step=7645 | loss=0.038800 | grad_norm=0.241706 | learning_rate=0.000018 | epoch=0.879848
2026-02-22 22:49:42.898 | INFO     | __main__:on_log:99 - step=7650 | loss=0.076200 | grad_norm=0.724279 | learning_rate=0.000018 | epoch=0.880424
2026-02-22 22:50:22.483 | INFO     | __main__:on_log:99 - step=7655 | loss=0.056900 | grad_norm=0.337437 | learning_rate=0.000018 | epoch=0.880999
2026-02-22 22:51:02.017 | INFO     | __main__:on_log:99 - step=7660 | loss=0.054800 | grad_norm=0.362686 | learning_rate=0.000018 | epoch=0.881574
2026-02-22 22:51:41.617 | INFO     | __main__:on_log:99 - step=7665 | loss=0.053700 | grad_norm=0.316497 | learning_rate=0.000018 | epoch=0.882150
2026-02-22 22:52:21.223 | INFO     | __main__:on_log:99 - step=7670 | loss=0.063300 | grad_norm=0.439017 | learning_rate=0.000018 | epoch=0.882725
2026-02-22 22:53:00.814 | INFO     | __main__:on_log:99 - step=7675 | loss=0.073800 | grad_norm=0.420440 | learning_rate=0.000018 | epoch=0.883301
2026-02-22 22:53:40.359 | INFO     | __main__:on_log:99 - step=7680 | loss=0.063400 | grad_norm=0.304040 | learning_rate=0.000018 | epoch=0.883876
2026-02-22 22:54:20.018 | INFO     | __main__:on_log:99 - step=7685 | loss=0.042900 | grad_norm=0.275045 | learning_rate=0.000018 | epoch=0.884452
2026-02-22 22:54:59.593 | INFO     | __main__:on_log:99 - step=7690 | loss=0.051300 | grad_norm=0.509597 | learning_rate=0.000018 | epoch=0.885027
2026-02-22 22:55:39.159 | INFO     | __main__:on_log:99 - step=7695 | loss=0.043400 | grad_norm=0.371796 | learning_rate=0.000018 | epoch=0.885602
2026-02-22 22:56:18.743 | INFO     | __main__:on_log:99 - step=7700 | loss=0.065600 | grad_norm=0.343960 | learning_rate=0.000018 | epoch=0.886178
2026-02-22 22:56:58.380 | INFO     | __main__:on_log:99 - step=7705 | loss=0.072500 | grad_norm=0.471160 | learning_rate=0.000018 | epoch=0.886753
2026-02-22 22:57:38.049 | INFO     | __main__:on_log:99 - step=7710 | loss=0.053400 | grad_norm=0.321008 | learning_rate=0.000018 | epoch=0.887329
2026-02-22 22:58:17.574 | INFO     | __main__:on_log:99 - step=7715 | loss=0.061300 | grad_norm=0.320981 | learning_rate=0.000018 | epoch=0.887904
2026-02-22 22:58:57.129 | INFO     | __main__:on_log:99 - step=7720 | loss=0.071900 | grad_norm=0.312569 | learning_rate=0.000018 | epoch=0.888480
2026-02-22 22:59:36.707 | INFO     | __main__:on_log:99 - step=7725 | loss=0.049800 | grad_norm=0.295693 | learning_rate=0.000018 | epoch=0.889055
2026-02-22 23:00:16.333 | INFO     | __main__:on_log:99 - step=7730 | loss=0.049400 | grad_norm=0.273956 | learning_rate=0.000018 | epoch=0.889631
2026-02-22 23:00:55.964 | INFO     | __main__:on_log:99 - step=7735 | loss=0.072600 | grad_norm=0.287561 | learning_rate=0.000018 | epoch=0.890206
2026-02-22 23:01:35.576 | INFO     | __main__:on_log:99 - step=7740 | loss=0.059100 | grad_norm=0.515134 | learning_rate=0.000018 | epoch=0.890781
2026-02-22 23:02:15.141 | INFO     | __main__:on_log:99 - step=7745 | loss=0.058300 | grad_norm=0.458665 | learning_rate=0.000018 | epoch=0.891357
2026-02-22 23:02:54.718 | INFO     | __main__:on_log:99 - step=7750 | loss=0.073200 | grad_norm=0.409430 | learning_rate=0.000017 | epoch=0.891932
2026-02-22 23:03:34.377 | INFO     | __main__:on_log:99 - step=7755 | loss=0.053200 | grad_norm=0.281416 | learning_rate=0.000017 | epoch=0.892508
2026-02-22 23:04:14.001 | INFO     | __main__:on_log:99 - step=7760 | loss=0.071500 | grad_norm=0.336177 | learning_rate=0.000017 | epoch=0.893083
2026-02-22 23:04:53.672 | INFO     | __main__:on_log:99 - step=7765 | loss=0.080000 | grad_norm=0.332474 | learning_rate=0.000017 | epoch=0.893659
2026-02-22 23:05:33.289 | INFO     | __main__:on_log:99 - step=7770 | loss=0.073300 | grad_norm=0.358126 | learning_rate=0.000017 | epoch=0.894234
2026-02-22 23:06:12.840 | INFO     | __main__:on_log:99 - step=7775 | loss=0.056000 | grad_norm=0.439199 | learning_rate=0.000017 | epoch=0.894810
2026-02-22 23:06:52.417 | INFO     | __main__:on_log:99 - step=7780 | loss=0.044600 | grad_norm=0.508623 | learning_rate=0.000017 | epoch=0.895385
2026-02-22 23:07:32.002 | INFO     | __main__:on_log:99 - step=7785 | loss=0.076100 | grad_norm=0.335466 | learning_rate=0.000017 | epoch=0.895960
2026-02-22 23:08:11.602 | INFO     | __main__:on_log:99 - step=7790 | loss=0.052100 | grad_norm=0.576556 | learning_rate=0.000017 | epoch=0.896536
2026-02-22 23:08:51.184 | INFO     | __main__:on_log:99 - step=7795 | loss=0.058100 | grad_norm=0.427485 | learning_rate=0.000017 | epoch=0.897111
2026-02-22 23:09:30.764 | INFO     | __main__:on_log:99 - step=7800 | loss=0.074900 | grad_norm=0.304725 | learning_rate=0.000017 | epoch=0.897687
2026-02-22 23:10:10.325 | INFO     | __main__:on_log:99 - step=7805 | loss=0.066400 | grad_norm=0.544306 | learning_rate=0.000017 | epoch=0.898262
2026-02-22 23:10:49.864 | INFO     | __main__:on_log:99 - step=7810 | loss=0.056400 | grad_norm=0.336461 | learning_rate=0.000017 | epoch=0.898838
2026-02-22 23:11:29.431 | INFO     | __main__:on_log:99 - step=7815 | loss=0.052200 | grad_norm=0.292402 | learning_rate=0.000017 | epoch=0.899413
2026-02-22 23:12:08.948 | INFO     | __main__:on_log:99 - step=7820 | loss=0.075900 | grad_norm=0.587121 | learning_rate=0.000017 | epoch=0.899988
2026-02-22 23:12:48.500 | INFO     | __main__:on_log:99 - step=7825 | loss=0.052300 | grad_norm=0.319434 | learning_rate=0.000017 | epoch=0.900564
2026-02-22 23:13:28.057 | INFO     | __main__:on_log:99 - step=7830 | loss=0.042000 | grad_norm=0.599519 | learning_rate=0.000017 | epoch=0.901139
2026-02-22 23:14:07.581 | INFO     | __main__:on_log:99 - step=7835 | loss=0.057500 | grad_norm=0.370442 | learning_rate=0.000017 | epoch=0.901715
2026-02-22 23:14:47.160 | INFO     | __main__:on_log:99 - step=7840 | loss=0.050100 | grad_norm=0.290524 | learning_rate=0.000017 | epoch=0.902290
2026-02-22 23:15:26.685 | INFO     | __main__:on_log:99 - step=7845 | loss=0.068900 | grad_norm=0.375899 | learning_rate=0.000017 | epoch=0.902866
2026-02-22 23:16:06.246 | INFO     | __main__:on_log:99 - step=7850 | loss=0.074400 | grad_norm=0.355069 | learning_rate=0.000017 | epoch=0.903441
2026-02-22 23:16:45.768 | INFO     | __main__:on_log:99 - step=7855 | loss=0.077900 | grad_norm=0.440927 | learning_rate=0.000017 | epoch=0.904017
2026-02-22 23:17:25.359 | INFO     | __main__:on_log:99 - step=7860 | loss=0.057900 | grad_norm=0.377685 | learning_rate=0.000017 | epoch=0.904592
2026-02-22 23:18:04.899 | INFO     | __main__:on_log:99 - step=7865 | loss=0.078600 | grad_norm=0.410572 | learning_rate=0.000017 | epoch=0.905167
2026-02-22 23:18:44.489 | INFO     | __main__:on_log:99 - step=7870 | loss=0.046000 | grad_norm=0.239691 | learning_rate=0.000017 | epoch=0.905743
2026-02-22 23:19:24.082 | INFO     | __main__:on_log:99 - step=7875 | loss=0.057400 | grad_norm=0.288583 | learning_rate=0.000017 | epoch=0.906318
2026-02-22 23:20:03.667 | INFO     | __main__:on_log:99 - step=7880 | loss=0.041900 | grad_norm=0.284037 | learning_rate=0.000017 | epoch=0.906894
2026-02-22 23:20:43.253 | INFO     | __main__:on_log:99 - step=7885 | loss=0.056300 | grad_norm=0.278435 | learning_rate=0.000017 | epoch=0.907469
2026-02-22 23:21:22.879 | INFO     | __main__:on_log:99 - step=7890 | loss=0.056900 | grad_norm=0.488128 | learning_rate=0.000017 | epoch=0.908045
2026-02-22 23:22:02.449 | INFO     | __main__:on_log:99 - step=7895 | loss=0.042800 | grad_norm=0.273674 | learning_rate=0.000017 | epoch=0.908620
2026-02-22 23:22:41.985 | INFO     | __main__:on_log:99 - step=7900 | loss=0.063000 | grad_norm=0.405666 | learning_rate=0.000017 | epoch=0.909196
2026-02-22 23:23:21.512 | INFO     | __main__:on_log:99 - step=7905 | loss=0.066000 | grad_norm=0.321799 | learning_rate=0.000017 | epoch=0.909771
2026-02-22 23:24:01.080 | INFO     | __main__:on_log:99 - step=7910 | loss=0.071600 | grad_norm=0.373712 | learning_rate=0.000017 | epoch=0.910346
2026-02-22 23:24:40.694 | INFO     | __main__:on_log:99 - step=7915 | loss=0.051100 | grad_norm=0.314690 | learning_rate=0.000017 | epoch=0.910922
2026-02-22 23:25:20.327 | INFO     | __main__:on_log:99 - step=7920 | loss=0.050100 | grad_norm=0.317020 | learning_rate=0.000017 | epoch=0.911497
2026-02-22 23:25:59.995 | INFO     | __main__:on_log:99 - step=7925 | loss=0.056200 | grad_norm=0.245648 | learning_rate=0.000017 | epoch=0.912073
2026-02-22 23:26:39.554 | INFO     | __main__:on_log:99 - step=7930 | loss=0.043700 | grad_norm=0.299278 | learning_rate=0.000017 | epoch=0.912648
2026-02-22 23:27:19.121 | INFO     | __main__:on_log:99 - step=7935 | loss=0.050600 | grad_norm=0.366486 | learning_rate=0.000017 | epoch=0.913224
2026-02-22 23:27:58.707 | INFO     | __main__:on_log:99 - step=7940 | loss=0.046700 | grad_norm=0.260727 | learning_rate=0.000017 | epoch=0.913799
2026-02-22 23:28:38.295 | INFO     | __main__:on_log:99 - step=7945 | loss=0.072900 | grad_norm=0.589933 | learning_rate=0.000017 | epoch=0.914374
2026-02-22 23:29:17.842 | INFO     | __main__:on_log:99 - step=7950 | loss=0.056300 | grad_norm=0.370584 | learning_rate=0.000017 | epoch=0.914950
2026-02-22 23:29:57.472 | INFO     | __main__:on_log:99 - step=7955 | loss=0.048600 | grad_norm=0.294688 | learning_rate=0.000017 | epoch=0.915525
2026-02-22 23:30:37.128 | INFO     | __main__:on_log:99 - step=7960 | loss=0.081900 | grad_norm=0.272278 | learning_rate=0.000017 | epoch=0.916101
2026-02-22 23:31:16.715 | INFO     | __main__:on_log:99 - step=7965 | loss=0.042700 | grad_norm=0.324500 | learning_rate=0.000017 | epoch=0.916676
2026-02-22 23:31:56.309 | INFO     | __main__:on_log:99 - step=7970 | loss=0.058700 | grad_norm=0.350972 | learning_rate=0.000017 | epoch=0.917252
2026-02-22 23:32:35.843 | INFO     | __main__:on_log:99 - step=7975 | loss=0.051700 | grad_norm=0.522881 | learning_rate=0.000017 | epoch=0.917827
2026-02-22 23:33:15.389 | INFO     | __main__:on_log:99 - step=7980 | loss=0.067000 | grad_norm=0.400249 | learning_rate=0.000017 | epoch=0.918403
2026-02-22 23:33:54.908 | INFO     | __main__:on_log:99 - step=7985 | loss=0.056800 | grad_norm=0.416721 | learning_rate=0.000017 | epoch=0.918978
2026-02-22 23:34:34.534 | INFO     | __main__:on_log:99 - step=7990 | loss=0.059700 | grad_norm=0.387348 | learning_rate=0.000017 | epoch=0.919553
2026-02-22 23:35:14.121 | INFO     | __main__:on_log:99 - step=7995 | loss=0.049100 | grad_norm=0.301443 | learning_rate=0.000017 | epoch=0.920129
2026-02-22 23:35:53.676 | INFO     | __main__:on_log:99 - step=8000 | loss=0.055100 | grad_norm=0.325191 | learning_rate=0.000017 | epoch=0.920704
2026-02-22 23:36:33.241 | INFO     | __main__:on_log:99 - step=8005 | loss=0.071300 | grad_norm=0.357053 | learning_rate=0.000017 | epoch=0.921280
2026-02-22 23:37:12.849 | INFO     | __main__:on_log:99 - step=8010 | loss=0.053400 | grad_norm=0.434832 | learning_rate=0.000017 | epoch=0.921855
2026-02-22 23:37:52.440 | INFO     | __main__:on_log:99 - step=8015 | loss=0.062500 | grad_norm=0.582908 | learning_rate=0.000017 | epoch=0.922431
2026-02-22 23:38:32.102 | INFO     | __main__:on_log:99 - step=8020 | loss=0.062800 | grad_norm=0.352748 | learning_rate=0.000017 | epoch=0.923006
2026-02-22 23:39:11.703 | INFO     | __main__:on_log:99 - step=8025 | loss=0.056200 | grad_norm=0.295322 | learning_rate=0.000017 | epoch=0.923582
2026-02-22 23:39:51.313 | INFO     | __main__:on_log:99 - step=8030 | loss=0.062800 | grad_norm=0.493537 | learning_rate=0.000017 | epoch=0.924157
2026-02-22 23:40:30.889 | INFO     | __main__:on_log:99 - step=8035 | loss=0.054600 | grad_norm=0.213652 | learning_rate=0.000017 | epoch=0.924732
2026-02-22 23:41:10.427 | INFO     | __main__:on_log:99 - step=8040 | loss=0.071400 | grad_norm=0.490698 | learning_rate=0.000017 | epoch=0.925308
2026-02-22 23:41:49.990 | INFO     | __main__:on_log:99 - step=8045 | loss=0.073700 | grad_norm=0.608381 | learning_rate=0.000017 | epoch=0.925883
2026-02-22 23:42:29.532 | INFO     | __main__:on_log:99 - step=8050 | loss=0.068400 | grad_norm=0.479246 | learning_rate=0.000017 | epoch=0.926459
2026-02-22 23:43:09.092 | INFO     | __main__:on_log:99 - step=8055 | loss=0.079900 | grad_norm=0.400754 | learning_rate=0.000017 | epoch=0.927034
2026-02-22 23:43:46.904 | INFO     | __main__:on_log:99 - step=8060 | loss=0.065100 | grad_norm=0.967750 | learning_rate=0.000017 | epoch=0.927610
2026-02-22 23:44:26.445 | INFO     | __main__:on_log:99 - step=8065 | loss=0.077800 | grad_norm=0.446462 | learning_rate=0.000017 | epoch=0.928185
2026-02-22 23:45:06.061 | INFO     | __main__:on_log:99 - step=8070 | loss=0.066200 | grad_norm=0.574641 | learning_rate=0.000017 | epoch=0.928761
2026-02-22 23:45:45.641 | INFO     | __main__:on_log:99 - step=8075 | loss=0.054700 | grad_norm=0.260946 | learning_rate=0.000017 | epoch=0.929336
2026-02-22 23:46:25.187 | INFO     | __main__:on_log:99 - step=8080 | loss=0.072300 | grad_norm=0.678484 | learning_rate=0.000017 | epoch=0.929911
2026-02-22 23:47:04.764 | INFO     | __main__:on_log:99 - step=8085 | loss=0.055900 | grad_norm=0.306039 | learning_rate=0.000017 | epoch=0.930487
2026-02-22 23:47:44.371 | INFO     | __main__:on_log:99 - step=8090 | loss=0.049700 | grad_norm=0.426278 | learning_rate=0.000017 | epoch=0.931062
2026-02-22 23:48:23.967 | INFO     | __main__:on_log:99 - step=8095 | loss=0.075600 | grad_norm=0.318128 | learning_rate=0.000017 | epoch=0.931638
2026-02-22 23:49:03.573 | INFO     | __main__:on_log:99 - step=8100 | loss=0.064400 | grad_norm=0.302043 | learning_rate=0.000017 | epoch=0.932213
2026-02-22 23:49:43.137 | INFO     | __main__:on_log:99 - step=8105 | loss=0.071600 | grad_norm=0.481154 | learning_rate=0.000017 | epoch=0.932789
2026-02-22 23:50:22.678 | INFO     | __main__:on_log:99 - step=8110 | loss=0.069300 | grad_norm=0.436026 | learning_rate=0.000017 | epoch=0.933364
2026-02-22 23:51:02.255 | INFO     | __main__:on_log:99 - step=8115 | loss=0.067600 | grad_norm=0.521671 | learning_rate=0.000017 | epoch=0.933939
2026-02-22 23:51:41.927 | INFO     | __main__:on_log:99 - step=8120 | loss=0.044900 | grad_norm=0.434102 | learning_rate=0.000017 | epoch=0.934515
2026-02-22 23:52:21.539 | INFO     | __main__:on_log:99 - step=8125 | loss=0.056600 | grad_norm=0.399542 | learning_rate=0.000017 | epoch=0.935090
2026-02-22 23:53:01.157 | INFO     | __main__:on_log:99 - step=8130 | loss=0.053200 | grad_norm=0.413691 | learning_rate=0.000017 | epoch=0.935666
2026-02-22 23:53:40.794 | INFO     | __main__:on_log:99 - step=8135 | loss=0.056000 | grad_norm=0.370548 | learning_rate=0.000017 | epoch=0.936241
2026-02-22 23:54:20.390 | INFO     | __main__:on_log:99 - step=8140 | loss=0.065400 | grad_norm=0.344352 | learning_rate=0.000017 | epoch=0.936817
2026-02-22 23:55:00.026 | INFO     | __main__:on_log:99 - step=8145 | loss=0.053200 | grad_norm=0.275864 | learning_rate=0.000017 | epoch=0.937392
2026-02-22 23:55:39.627 | INFO     | __main__:on_log:99 - step=8150 | loss=0.077800 | grad_norm=0.638802 | learning_rate=0.000017 | epoch=0.937968
2026-02-22 23:56:19.216 | INFO     | __main__:on_log:99 - step=8155 | loss=0.051000 | grad_norm=0.265390 | learning_rate=0.000017 | epoch=0.938543
2026-02-22 23:56:58.772 | INFO     | __main__:on_log:99 - step=8160 | loss=0.093000 | grad_norm=0.389733 | learning_rate=0.000017 | epoch=0.939118
2026-02-22 23:57:38.346 | INFO     | __main__:on_log:99 - step=8165 | loss=0.040800 | grad_norm=0.347241 | learning_rate=0.000017 | epoch=0.939694
2026-02-22 23:58:17.944 | INFO     | __main__:on_log:99 - step=8170 | loss=0.062500 | grad_norm=0.322579 | learning_rate=0.000017 | epoch=0.940269
2026-02-22 23:58:57.572 | INFO     | __main__:on_log:99 - step=8175 | loss=0.046900 | grad_norm=0.473261 | learning_rate=0.000017 | epoch=0.940845
2026-02-22 23:59:37.220 | INFO     | __main__:on_log:99 - step=8180 | loss=0.049200 | grad_norm=0.484098 | learning_rate=0.000017 | epoch=0.941420
2026-02-23 00:00:16.827 | INFO     | __main__:on_log:99 - step=8185 | loss=0.049800 | grad_norm=0.268729 | learning_rate=0.000017 | epoch=0.941996
2026-02-23 00:00:56.471 | INFO     | __main__:on_log:99 - step=8190 | loss=0.063700 | grad_norm=0.535166 | learning_rate=0.000017 | epoch=0.942571
2026-02-23 00:01:36.080 | INFO     | __main__:on_log:99 - step=8195 | loss=0.077200 | grad_norm=0.441408 | learning_rate=0.000017 | epoch=0.943147
2026-02-23 00:02:15.757 | INFO     | __main__:on_log:99 - step=8200 | loss=0.070600 | grad_norm=0.447187 | learning_rate=0.000017 | epoch=0.943722
2026-02-23 00:02:55.417 | INFO     | __main__:on_log:99 - step=8205 | loss=0.076400 | grad_norm=0.470697 | learning_rate=0.000017 | epoch=0.944297
2026-02-23 00:03:35.021 | INFO     | __main__:on_log:99 - step=8210 | loss=0.052500 | grad_norm=0.280813 | learning_rate=0.000017 | epoch=0.944873
2026-02-23 00:04:14.632 | INFO     | __main__:on_log:99 - step=8215 | loss=0.055900 | grad_norm=0.363103 | learning_rate=0.000017 | epoch=0.945448
2026-02-23 00:04:54.283 | INFO     | __main__:on_log:99 - step=8220 | loss=0.051800 | grad_norm=0.352669 | learning_rate=0.000017 | epoch=0.946024
2026-02-23 00:05:33.880 | INFO     | __main__:on_log:99 - step=8225 | loss=0.055800 | grad_norm=0.189329 | learning_rate=0.000017 | epoch=0.946599
2026-02-23 00:06:13.479 | INFO     | __main__:on_log:99 - step=8230 | loss=0.042800 | grad_norm=0.362515 | learning_rate=0.000017 | epoch=0.947175
2026-02-23 00:06:53.046 | INFO     | __main__:on_log:99 - step=8235 | loss=0.055200 | grad_norm=0.312440 | learning_rate=0.000017 | epoch=0.947750
2026-02-23 00:07:32.659 | INFO     | __main__:on_log:99 - step=8240 | loss=0.067300 | grad_norm=0.296300 | learning_rate=0.000017 | epoch=0.948325
2026-02-23 00:08:12.261 | INFO     | __main__:on_log:99 - step=8245 | loss=0.064400 | grad_norm=0.206810 | learning_rate=0.000017 | epoch=0.948901
2026-02-23 00:08:51.859 | INFO     | __main__:on_log:99 - step=8250 | loss=0.059800 | grad_norm=0.229637 | learning_rate=0.000017 | epoch=0.949476
2026-02-23 00:09:31.506 | INFO     | __main__:on_log:99 - step=8255 | loss=0.058300 | grad_norm=0.202460 | learning_rate=0.000017 | epoch=0.950052
2026-02-23 00:10:11.111 | INFO     | __main__:on_log:99 - step=8260 | loss=0.063300 | grad_norm=0.306461 | learning_rate=0.000017 | epoch=0.950627
2026-02-23 00:10:50.690 | INFO     | __main__:on_log:99 - step=8265 | loss=0.057400 | grad_norm=0.209012 | learning_rate=0.000017 | epoch=0.951203
2026-02-23 00:11:30.312 | INFO     | __main__:on_log:99 - step=8270 | loss=0.063500 | grad_norm=0.244004 | learning_rate=0.000017 | epoch=0.951778
2026-02-23 00:12:09.919 | INFO     | __main__:on_log:99 - step=8275 | loss=0.059300 | grad_norm=0.301025 | learning_rate=0.000017 | epoch=0.952354
2026-02-23 00:12:49.499 | INFO     | __main__:on_log:99 - step=8280 | loss=0.033800 | grad_norm=0.280427 | learning_rate=0.000017 | epoch=0.952929
2026-02-23 00:13:29.089 | INFO     | __main__:on_log:99 - step=8285 | loss=0.064400 | grad_norm=0.298509 | learning_rate=0.000017 | epoch=0.953504
2026-02-23 00:14:08.751 | INFO     | __main__:on_log:99 - step=8290 | loss=0.064500 | grad_norm=0.318069 | learning_rate=0.000017 | epoch=0.954080
2026-02-23 00:14:48.367 | INFO     | __main__:on_log:99 - step=8295 | loss=0.048200 | grad_norm=0.293968 | learning_rate=0.000017 | epoch=0.954655
2026-02-23 00:15:28.002 | INFO     | __main__:on_log:99 - step=8300 | loss=0.059500 | grad_norm=0.232236 | learning_rate=0.000016 | epoch=0.955231
2026-02-23 00:16:07.617 | INFO     | __main__:on_log:99 - step=8305 | loss=0.067900 | grad_norm=0.558579 | learning_rate=0.000016 | epoch=0.955806
2026-02-23 00:16:47.277 | INFO     | __main__:on_log:99 - step=8310 | loss=0.040500 | grad_norm=0.371434 | learning_rate=0.000016 | epoch=0.956382
2026-02-23 00:17:26.852 | INFO     | __main__:on_log:99 - step=8315 | loss=0.074100 | grad_norm=0.597587 | learning_rate=0.000016 | epoch=0.956957
2026-02-23 00:18:06.474 | INFO     | __main__:on_log:99 - step=8320 | loss=0.057500 | grad_norm=0.377346 | learning_rate=0.000016 | epoch=0.957533
2026-02-23 00:18:46.072 | INFO     | __main__:on_log:99 - step=8325 | loss=0.068900 | grad_norm=0.335388 | learning_rate=0.000016 | epoch=0.958108
2026-02-23 00:19:25.683 | INFO     | __main__:on_log:99 - step=8330 | loss=0.058800 | grad_norm=0.396304 | learning_rate=0.000016 | epoch=0.958683
2026-02-23 00:20:05.255 | INFO     | __main__:on_log:99 - step=8335 | loss=0.068900 | grad_norm=0.401509 | learning_rate=0.000016 | epoch=0.959259
2026-02-23 00:20:44.815 | INFO     | __main__:on_log:99 - step=8340 | loss=0.067800 | grad_norm=0.328672 | learning_rate=0.000016 | epoch=0.959834
2026-02-23 00:21:24.487 | INFO     | __main__:on_log:99 - step=8345 | loss=0.065000 | grad_norm=0.334956 | learning_rate=0.000016 | epoch=0.960410
2026-02-23 00:22:04.100 | INFO     | __main__:on_log:99 - step=8350 | loss=0.058000 | grad_norm=0.388626 | learning_rate=0.000016 | epoch=0.960985
2026-02-23 00:22:43.768 | INFO     | __main__:on_log:99 - step=8355 | loss=0.053900 | grad_norm=0.246769 | learning_rate=0.000016 | epoch=0.961561
2026-02-23 00:23:23.362 | INFO     | __main__:on_log:99 - step=8360 | loss=0.057700 | grad_norm=0.494756 | learning_rate=0.000016 | epoch=0.962136
2026-02-23 00:24:02.959 | INFO     | __main__:on_log:99 - step=8365 | loss=0.052000 | grad_norm=0.425073 | learning_rate=0.000016 | epoch=0.962711
2026-02-23 00:24:42.550 | INFO     | __main__:on_log:99 - step=8370 | loss=0.056300 | grad_norm=0.349146 | learning_rate=0.000016 | epoch=0.963287
2026-02-23 00:25:22.223 | INFO     | __main__:on_log:99 - step=8375 | loss=0.062500 | grad_norm=0.419038 | learning_rate=0.000016 | epoch=0.963862
2026-02-23 00:26:01.891 | INFO     | __main__:on_log:99 - step=8380 | loss=0.052400 | grad_norm=0.265298 | learning_rate=0.000016 | epoch=0.964438
2026-02-23 00:26:41.514 | INFO     | __main__:on_log:99 - step=8385 | loss=0.043300 | grad_norm=0.400770 | learning_rate=0.000016 | epoch=0.965013
2026-02-23 00:27:21.180 | INFO     | __main__:on_log:99 - step=8390 | loss=0.043000 | grad_norm=0.295332 | learning_rate=0.000016 | epoch=0.965589
2026-02-23 00:28:00.815 | INFO     | __main__:on_log:99 - step=8395 | loss=0.057700 | grad_norm=0.393466 | learning_rate=0.000016 | epoch=0.966164
2026-02-23 00:28:40.452 | INFO     | __main__:on_log:99 - step=8400 | loss=0.050900 | grad_norm=0.276617 | learning_rate=0.000016 | epoch=0.966740
2026-02-23 00:29:20.119 | INFO     | __main__:on_log:99 - step=8405 | loss=0.053200 | grad_norm=0.297559 | learning_rate=0.000016 | epoch=0.967315
2026-02-23 00:29:59.750 | INFO     | __main__:on_log:99 - step=8410 | loss=0.056900 | grad_norm=0.214506 | learning_rate=0.000016 | epoch=0.967890
2026-02-23 00:30:39.393 | INFO     | __main__:on_log:99 - step=8415 | loss=0.056900 | grad_norm=0.481916 | learning_rate=0.000016 | epoch=0.968466
2026-02-23 00:31:19.016 | INFO     | __main__:on_log:99 - step=8420 | loss=0.064800 | grad_norm=0.399987 | learning_rate=0.000016 | epoch=0.969041
2026-02-23 00:31:58.611 | INFO     | __main__:on_log:99 - step=8425 | loss=0.044900 | grad_norm=0.304078 | learning_rate=0.000016 | epoch=0.969617
2026-02-23 00:32:38.211 | INFO     | __main__:on_log:99 - step=8430 | loss=0.049900 | grad_norm=0.384441 | learning_rate=0.000016 | epoch=0.970192
2026-02-23 00:33:17.847 | INFO     | __main__:on_log:99 - step=8435 | loss=0.059000 | grad_norm=0.470013 | learning_rate=0.000016 | epoch=0.970768
2026-02-23 00:33:57.443 | INFO     | __main__:on_log:99 - step=8440 | loss=0.059800 | grad_norm=0.391514 | learning_rate=0.000016 | epoch=0.971343
2026-02-23 00:34:37.036 | INFO     | __main__:on_log:99 - step=8445 | loss=0.058200 | grad_norm=0.465942 | learning_rate=0.000016 | epoch=0.971919
2026-02-23 00:35:16.632 | INFO     | __main__:on_log:99 - step=8450 | loss=0.067400 | grad_norm=0.348370 | learning_rate=0.000016 | epoch=0.972494
2026-02-23 00:35:56.239 | INFO     | __main__:on_log:99 - step=8455 | loss=0.049800 | grad_norm=0.256196 | learning_rate=0.000016 | epoch=0.973069
2026-02-23 00:36:35.944 | INFO     | __main__:on_log:99 - step=8460 | loss=0.052900 | grad_norm=0.341422 | learning_rate=0.000016 | epoch=0.973645
2026-02-23 00:37:15.539 | INFO     | __main__:on_log:99 - step=8465 | loss=0.044200 | grad_norm=0.311437 | learning_rate=0.000016 | epoch=0.974220
2026-02-23 00:37:55.149 | INFO     | __main__:on_log:99 - step=8470 | loss=0.078400 | grad_norm=0.680940 | learning_rate=0.000016 | epoch=0.974796
2026-02-23 00:38:34.825 | INFO     | __main__:on_log:99 - step=8475 | loss=0.063300 | grad_norm=0.379005 | learning_rate=0.000016 | epoch=0.975371
2026-02-23 00:39:14.411 | INFO     | __main__:on_log:99 - step=8480 | loss=0.070900 | grad_norm=0.453818 | learning_rate=0.000016 | epoch=0.975947
2026-02-23 00:39:54.020 | INFO     | __main__:on_log:99 - step=8485 | loss=0.058100 | grad_norm=0.356126 | learning_rate=0.000016 | epoch=0.976522
2026-02-23 00:40:33.619 | INFO     | __main__:on_log:99 - step=8490 | loss=0.060900 | grad_norm=0.460507 | learning_rate=0.000016 | epoch=0.977097
2026-02-23 00:41:13.203 | INFO     | __main__:on_log:99 - step=8495 | loss=0.048600 | grad_norm=0.362504 | learning_rate=0.000016 | epoch=0.977673
2026-02-23 00:41:52.786 | INFO     | __main__:on_log:99 - step=8500 | loss=0.060800 | grad_norm=0.299149 | learning_rate=0.000016 | epoch=0.978248
2026-02-23 00:42:32.384 | INFO     | __main__:on_log:99 - step=8505 | loss=0.058300 | grad_norm=0.403847 | learning_rate=0.000016 | epoch=0.978824
2026-02-23 00:43:11.971 | INFO     | __main__:on_log:99 - step=8510 | loss=0.039700 | grad_norm=0.340620 | learning_rate=0.000016 | epoch=0.979399
2026-02-23 00:43:51.556 | INFO     | __main__:on_log:99 - step=8515 | loss=0.066300 | grad_norm=0.405907 | learning_rate=0.000016 | epoch=0.979975
2026-02-23 00:44:31.106 | INFO     | __main__:on_log:99 - step=8520 | loss=0.063200 | grad_norm=0.396448 | learning_rate=0.000016 | epoch=0.980550
2026-02-23 00:45:10.723 | INFO     | __main__:on_log:99 - step=8525 | loss=0.062800 | grad_norm=0.406606 | learning_rate=0.000016 | epoch=0.981126
2026-02-23 00:45:50.376 | INFO     | __main__:on_log:99 - step=8530 | loss=0.055900 | grad_norm=0.250504 | learning_rate=0.000016 | epoch=0.981701
2026-02-23 00:46:29.962 | INFO     | __main__:on_log:99 - step=8535 | loss=0.044500 | grad_norm=0.386230 | learning_rate=0.000016 | epoch=0.982276
2026-02-23 00:47:09.558 | INFO     | __main__:on_log:99 - step=8540 | loss=0.077500 | grad_norm=0.479346 | learning_rate=0.000016 | epoch=0.982852
2026-02-23 00:47:49.119 | INFO     | __main__:on_log:99 - step=8545 | loss=0.066900 | grad_norm=0.338771 | learning_rate=0.000016 | epoch=0.983427
2026-02-23 00:48:28.781 | INFO     | __main__:on_log:99 - step=8550 | loss=0.069500 | grad_norm=0.343146 | learning_rate=0.000016 | epoch=0.984003
2026-02-23 00:49:08.407 | INFO     | __main__:on_log:99 - step=8555 | loss=0.055200 | grad_norm=0.325665 | learning_rate=0.000016 | epoch=0.984578
2026-02-23 00:49:48.052 | INFO     | __main__:on_log:99 - step=8560 | loss=0.052300 | grad_norm=0.455029 | learning_rate=0.000016 | epoch=0.985154
2026-02-23 00:50:27.691 | INFO     | __main__:on_log:99 - step=8565 | loss=0.078900 | grad_norm=0.514544 | learning_rate=0.000016 | epoch=0.985729
2026-02-23 00:51:07.319 | INFO     | __main__:on_log:99 - step=8570 | loss=0.053000 | grad_norm=0.334730 | learning_rate=0.000016 | epoch=0.986305
2026-02-23 00:51:46.860 | INFO     | __main__:on_log:99 - step=8575 | loss=0.063000 | grad_norm=0.494639 | learning_rate=0.000016 | epoch=0.986880
2026-02-23 00:52:26.458 | INFO     | __main__:on_log:99 - step=8580 | loss=0.043600 | grad_norm=0.274354 | learning_rate=0.000016 | epoch=0.987455
2026-02-23 00:53:06.054 | INFO     | __main__:on_log:99 - step=8585 | loss=0.043100 | grad_norm=0.248081 | learning_rate=0.000016 | epoch=0.988031
2026-02-23 00:53:45.618 | INFO     | __main__:on_log:99 - step=8590 | loss=0.052200 | grad_norm=0.209331 | learning_rate=0.000016 | epoch=0.988606
2026-02-23 00:54:25.197 | INFO     | __main__:on_log:99 - step=8595 | loss=0.057900 | grad_norm=0.349035 | learning_rate=0.000016 | epoch=0.989182
2026-02-23 00:55:04.835 | INFO     | __main__:on_log:99 - step=8600 | loss=0.065600 | grad_norm=0.390279 | learning_rate=0.000016 | epoch=0.989757
2026-02-23 00:55:44.460 | INFO     | __main__:on_log:99 - step=8605 | loss=0.050600 | grad_norm=0.298489 | learning_rate=0.000016 | epoch=0.990333
2026-02-23 00:56:24.085 | INFO     | __main__:on_log:99 - step=8610 | loss=0.060000 | grad_norm=0.507585 | learning_rate=0.000016 | epoch=0.990908
2026-02-23 00:57:03.690 | INFO     | __main__:on_log:99 - step=8615 | loss=0.060300 | grad_norm=0.455710 | learning_rate=0.000016 | epoch=0.991483
2026-02-23 00:57:43.304 | INFO     | __main__:on_log:99 - step=8620 | loss=0.061000 | grad_norm=0.246846 | learning_rate=0.000016 | epoch=0.992059
2026-02-23 00:58:22.940 | INFO     | __main__:on_log:99 - step=8625 | loss=0.045600 | grad_norm=0.289846 | learning_rate=0.000016 | epoch=0.992634
2026-02-23 00:59:02.539 | INFO     | __main__:on_log:99 - step=8630 | loss=0.067700 | grad_norm=0.624675 | learning_rate=0.000016 | epoch=0.993210
2026-02-23 00:59:42.158 | INFO     | __main__:on_log:99 - step=8635 | loss=0.068700 | grad_norm=0.380859 | learning_rate=0.000016 | epoch=0.993785
2026-02-23 01:00:21.716 | INFO     | __main__:on_log:99 - step=8640 | loss=0.063700 | grad_norm=0.433816 | learning_rate=0.000016 | epoch=0.994361
2026-02-23 01:01:01.284 | INFO     | __main__:on_log:99 - step=8645 | loss=0.059800 | grad_norm=0.447795 | learning_rate=0.000016 | epoch=0.994936
2026-02-23 01:01:40.841 | INFO     | __main__:on_log:99 - step=8650 | loss=0.056400 | grad_norm=0.230489 | learning_rate=0.000016 | epoch=0.995512
2026-02-23 01:02:20.393 | INFO     | __main__:on_log:99 - step=8655 | loss=0.071600 | grad_norm=0.430099 | learning_rate=0.000016 | epoch=0.996087
2026-02-23 01:02:59.938 | INFO     | __main__:on_log:99 - step=8660 | loss=0.039900 | grad_norm=0.241410 | learning_rate=0.000016 | epoch=0.996662
2026-02-23 01:03:39.565 | INFO     | __main__:on_log:99 - step=8665 | loss=0.062700 | grad_norm=0.309451 | learning_rate=0.000016 | epoch=0.997238
2026-02-23 01:04:19.160 | INFO     | __main__:on_log:99 - step=8670 | loss=0.046300 | grad_norm=0.265999 | learning_rate=0.000016 | epoch=0.997813
2026-02-23 01:04:58.764 | INFO     | __main__:on_log:99 - step=8675 | loss=0.069900 | grad_norm=0.267872 | learning_rate=0.000016 | epoch=0.998389
2026-02-23 01:05:38.373 | INFO     | __main__:on_log:99 - step=8680 | loss=0.064900 | grad_norm=0.313690 | learning_rate=0.000016 | epoch=0.998964
2026-02-23 01:06:18.014 | INFO     | __main__:on_log:99 - step=8685 | loss=0.053400 | grad_norm=0.222415 | learning_rate=0.000016 | epoch=0.999540
2026-02-23 01:06:53.912 | INFO     | __main__:on_log:99 - step=8690 | loss=0.058200 | grad_norm=0.432921 | learning_rate=0.000016 | epoch=1.000115
2026-02-23 01:07:33.466 | INFO     | __main__:on_log:99 - step=8695 | loss=0.053200 | grad_norm=0.310735 | learning_rate=0.000016 | epoch=1.000691
2026-02-23 01:08:13.054 | INFO     | __main__:on_log:99 - step=8700 | loss=0.053000 | grad_norm=0.383882 | learning_rate=0.000016 | epoch=1.001266
2026-02-23 01:08:52.648 | INFO     | __main__:on_log:99 - step=8705 | loss=0.046600 | grad_norm=0.283299 | learning_rate=0.000016 | epoch=1.001841
2026-02-23 01:09:32.263 | INFO     | __main__:on_log:99 - step=8710 | loss=0.045000 | grad_norm=0.384210 | learning_rate=0.000016 | epoch=1.002417
2026-02-23 01:10:11.836 | INFO     | __main__:on_log:99 - step=8715 | loss=0.047900 | grad_norm=0.376260 | learning_rate=0.000016 | epoch=1.002992
2026-02-23 01:10:51.446 | INFO     | __main__:on_log:99 - step=8720 | loss=0.058300 | grad_norm=0.555842 | learning_rate=0.000016 | epoch=1.003568
2026-02-23 01:11:31.129 | INFO     | __main__:on_log:99 - step=8725 | loss=0.038800 | grad_norm=0.220720 | learning_rate=0.000016 | epoch=1.004143
2026-02-23 01:12:10.683 | INFO     | __main__:on_log:99 - step=8730 | loss=0.055300 | grad_norm=0.438235 | learning_rate=0.000016 | epoch=1.004719
2026-02-23 01:12:50.282 | INFO     | __main__:on_log:99 - step=8735 | loss=0.044900 | grad_norm=0.259019 | learning_rate=0.000016 | epoch=1.005294
2026-02-23 01:13:29.830 | INFO     | __main__:on_log:99 - step=8740 | loss=0.064800 | grad_norm=0.538066 | learning_rate=0.000016 | epoch=1.005869
2026-02-23 01:14:09.427 | INFO     | __main__:on_log:99 - step=8745 | loss=0.065800 | grad_norm=0.385371 | learning_rate=0.000016 | epoch=1.006445
2026-02-23 01:14:48.987 | INFO     | __main__:on_log:99 - step=8750 | loss=0.056900 | grad_norm=0.615443 | learning_rate=0.000016 | epoch=1.007020
2026-02-23 01:15:28.608 | INFO     | __main__:on_log:99 - step=8755 | loss=0.073300 | grad_norm=0.400081 | learning_rate=0.000016 | epoch=1.007596
2026-02-23 01:16:08.148 | INFO     | __main__:on_log:99 - step=8760 | loss=0.046000 | grad_norm=0.443976 | learning_rate=0.000016 | epoch=1.008171
2026-02-23 01:16:47.743 | INFO     | __main__:on_log:99 - step=8765 | loss=0.046000 | grad_norm=0.364188 | learning_rate=0.000016 | epoch=1.008747
2026-02-23 01:17:27.324 | INFO     | __main__:on_log:99 - step=8770 | loss=0.048200 | grad_norm=0.340676 | learning_rate=0.000016 | epoch=1.009322
2026-02-23 01:18:06.885 | INFO     | __main__:on_log:99 - step=8775 | loss=0.042200 | grad_norm=0.289969 | learning_rate=0.000016 | epoch=1.009898
2026-02-23 01:18:46.495 | INFO     | __main__:on_log:99 - step=8780 | loss=0.035300 | grad_norm=0.351361 | learning_rate=0.000016 | epoch=1.010473
2026-02-23 01:19:26.093 | INFO     | __main__:on_log:99 - step=8785 | loss=0.051900 | grad_norm=0.374587 | learning_rate=0.000016 | epoch=1.011048
2026-02-23 01:20:05.662 | INFO     | __main__:on_log:99 - step=8790 | loss=0.080000 | grad_norm=0.440704 | learning_rate=0.000016 | epoch=1.011624
2026-02-23 01:20:45.315 | INFO     | __main__:on_log:99 - step=8795 | loss=0.051500 | grad_norm=0.305420 | learning_rate=0.000016 | epoch=1.012199
2026-02-23 01:21:24.921 | INFO     | __main__:on_log:99 - step=8800 | loss=0.041000 | grad_norm=0.271613 | learning_rate=0.000016 | epoch=1.012775
2026-02-23 01:22:04.551 | INFO     | __main__:on_log:99 - step=8805 | loss=0.052600 | grad_norm=0.293954 | learning_rate=0.000016 | epoch=1.013350
2026-02-23 01:22:44.168 | INFO     | __main__:on_log:99 - step=8810 | loss=0.041400 | grad_norm=0.413021 | learning_rate=0.000016 | epoch=1.013926
2026-02-23 01:23:23.730 | INFO     | __main__:on_log:99 - step=8815 | loss=0.069400 | grad_norm=0.440896 | learning_rate=0.000016 | epoch=1.014501
2026-02-23 01:24:03.316 | INFO     | __main__:on_log:99 - step=8820 | loss=0.057000 | grad_norm=0.627444 | learning_rate=0.000016 | epoch=1.015077
2026-02-23 01:24:42.894 | INFO     | __main__:on_log:99 - step=8825 | loss=0.050100 | grad_norm=0.351918 | learning_rate=0.000016 | epoch=1.015652
2026-02-23 01:25:22.481 | INFO     | __main__:on_log:99 - step=8830 | loss=0.062500 | grad_norm=0.321218 | learning_rate=0.000016 | epoch=1.016227
2026-02-23 01:26:02.012 | INFO     | __main__:on_log:99 - step=8835 | loss=0.068800 | grad_norm=0.482460 | learning_rate=0.000016 | epoch=1.016803
2026-02-23 01:26:41.598 | INFO     | __main__:on_log:99 - step=8840 | loss=0.051200 | grad_norm=0.393300 | learning_rate=0.000016 | epoch=1.017378
2026-02-23 01:27:21.158 | INFO     | __main__:on_log:99 - step=8845 | loss=0.048400 | grad_norm=0.439395 | learning_rate=0.000016 | epoch=1.017954
2026-02-23 01:28:00.794 | INFO     | __main__:on_log:99 - step=8850 | loss=0.057800 | grad_norm=0.421593 | learning_rate=0.000015 | epoch=1.018529
2026-02-23 01:28:40.433 | INFO     | __main__:on_log:99 - step=8855 | loss=0.042400 | grad_norm=0.327363 | learning_rate=0.000015 | epoch=1.019105
2026-02-23 01:29:20.054 | INFO     | __main__:on_log:99 - step=8860 | loss=0.068800 | grad_norm=0.284574 | learning_rate=0.000015 | epoch=1.019680
2026-02-23 01:29:59.677 | INFO     | __main__:on_log:99 - step=8865 | loss=0.061000 | grad_norm=0.436380 | learning_rate=0.000015 | epoch=1.020255
2026-02-23 01:30:39.318 | INFO     | __main__:on_log:99 - step=8870 | loss=0.054600 | grad_norm=0.277881 | learning_rate=0.000015 | epoch=1.020831
2026-02-23 01:31:18.951 | INFO     | __main__:on_log:99 - step=8875 | loss=0.050500 | grad_norm=0.358658 | learning_rate=0.000015 | epoch=1.021406
2026-02-23 01:31:58.570 | INFO     | __main__:on_log:99 - step=8880 | loss=0.044900 | grad_norm=0.430739 | learning_rate=0.000015 | epoch=1.021982
2026-02-23 01:32:38.136 | INFO     | __main__:on_log:99 - step=8885 | loss=0.065600 | grad_norm=0.409102 | learning_rate=0.000015 | epoch=1.022557
2026-02-23 01:33:17.677 | INFO     | __main__:on_log:99 - step=8890 | loss=0.039900 | grad_norm=0.311801 | learning_rate=0.000015 | epoch=1.023133
2026-02-23 01:33:57.296 | INFO     | __main__:on_log:99 - step=8895 | loss=0.049700 | grad_norm=0.327526 | learning_rate=0.000015 | epoch=1.023708
2026-02-23 01:34:36.880 | INFO     | __main__:on_log:99 - step=8900 | loss=0.059500 | grad_norm=0.328304 | learning_rate=0.000015 | epoch=1.024284
2026-02-23 01:35:16.508 | INFO     | __main__:on_log:99 - step=8905 | loss=0.058100 | grad_norm=0.313169 | learning_rate=0.000015 | epoch=1.024859
2026-02-23 01:35:56.132 | INFO     | __main__:on_log:99 - step=8910 | loss=0.063700 | grad_norm=0.620524 | learning_rate=0.000015 | epoch=1.025434
2026-02-23 01:36:35.810 | INFO     | __main__:on_log:99 - step=8915 | loss=0.068100 | grad_norm=0.445075 | learning_rate=0.000015 | epoch=1.026010
2026-02-23 01:37:15.458 | INFO     | __main__:on_log:99 - step=8920 | loss=0.032600 | grad_norm=0.254492 | learning_rate=0.000015 | epoch=1.026585
2026-02-23 01:37:55.092 | INFO     | __main__:on_log:99 - step=8925 | loss=0.051100 | grad_norm=0.310932 | learning_rate=0.000015 | epoch=1.027161
2026-02-23 01:38:34.639 | INFO     | __main__:on_log:99 - step=8930 | loss=0.053100 | grad_norm=0.352272 | learning_rate=0.000015 | epoch=1.027736
2026-02-23 01:39:14.265 | INFO     | __main__:on_log:99 - step=8935 | loss=0.038600 | grad_norm=0.382038 | learning_rate=0.000015 | epoch=1.028312
2026-02-23 01:39:53.899 | INFO     | __main__:on_log:99 - step=8940 | loss=0.056000 | grad_norm=0.278145 | learning_rate=0.000015 | epoch=1.028887
2026-02-23 01:40:33.529 | INFO     | __main__:on_log:99 - step=8945 | loss=0.043300 | grad_norm=0.326996 | learning_rate=0.000015 | epoch=1.029463
2026-02-23 01:41:13.133 | INFO     | __main__:on_log:99 - step=8950 | loss=0.055300 | grad_norm=0.324104 | learning_rate=0.000015 | epoch=1.030038
2026-02-23 01:41:52.719 | INFO     | __main__:on_log:99 - step=8955 | loss=0.050300 | grad_norm=0.297292 | learning_rate=0.000015 | epoch=1.030613
2026-02-23 01:42:32.335 | INFO     | __main__:on_log:99 - step=8960 | loss=0.049300 | grad_norm=0.213557 | learning_rate=0.000015 | epoch=1.031189
2026-02-23 01:43:11.907 | INFO     | __main__:on_log:99 - step=8965 | loss=0.057400 | grad_norm=0.495314 | learning_rate=0.000015 | epoch=1.031764
2026-02-23 01:43:51.536 | INFO     | __main__:on_log:99 - step=8970 | loss=0.054000 | grad_norm=0.297746 | learning_rate=0.000015 | epoch=1.032340
2026-02-23 01:44:31.166 | INFO     | __main__:on_log:99 - step=8975 | loss=0.059300 | grad_norm=0.399542 | learning_rate=0.000015 | epoch=1.032915
2026-02-23 01:45:10.690 | INFO     | __main__:on_log:99 - step=8980 | loss=0.058700 | grad_norm=0.431264 | learning_rate=0.000015 | epoch=1.033491
2026-02-23 01:45:50.218 | INFO     | __main__:on_log:99 - step=8985 | loss=0.045600 | grad_norm=0.435716 | learning_rate=0.000015 | epoch=1.034066
2026-02-23 01:46:29.799 | INFO     | __main__:on_log:99 - step=8990 | loss=0.057200 | grad_norm=0.337019 | learning_rate=0.000015 | epoch=1.034642
2026-02-23 01:47:09.357 | INFO     | __main__:on_log:99 - step=8995 | loss=0.045000 | grad_norm=0.345749 | learning_rate=0.000015 | epoch=1.035217
2026-02-23 01:47:48.955 | INFO     | __main__:on_log:99 - step=9000 | loss=0.057400 | grad_norm=0.505777 | learning_rate=0.000015 | epoch=1.035792
2026-02-23 01:48:28.548 | INFO     | __main__:on_log:99 - step=9005 | loss=0.053200 | grad_norm=0.467503 | learning_rate=0.000015 | epoch=1.036368
2026-02-23 01:49:08.109 | INFO     | __main__:on_log:99 - step=9010 | loss=0.061600 | grad_norm=0.280066 | learning_rate=0.000015 | epoch=1.036943
2026-02-23 01:49:47.752 | INFO     | __main__:on_log:99 - step=9015 | loss=0.054300 | grad_norm=0.361735 | learning_rate=0.000015 | epoch=1.037519
2026-02-23 01:50:27.357 | INFO     | __main__:on_log:99 - step=9020 | loss=0.053800 | grad_norm=0.421216 | learning_rate=0.000015 | epoch=1.038094
2026-02-23 01:51:06.932 | INFO     | __main__:on_log:99 - step=9025 | loss=0.047600 | grad_norm=0.419281 | learning_rate=0.000015 | epoch=1.038670
2026-02-23 01:51:46.476 | INFO     | __main__:on_log:99 - step=9030 | loss=0.061200 | grad_norm=0.481412 | learning_rate=0.000015 | epoch=1.039245
2026-02-23 01:52:26.065 | INFO     | __main__:on_log:99 - step=9035 | loss=0.059300 | grad_norm=0.582469 | learning_rate=0.000015 | epoch=1.039820
2026-02-23 01:53:05.604 | INFO     | __main__:on_log:99 - step=9040 | loss=0.047800 | grad_norm=0.347089 | learning_rate=0.000015 | epoch=1.040396
2026-02-23 01:53:45.222 | INFO     | __main__:on_log:99 - step=9045 | loss=0.042900 | grad_norm=0.286300 | learning_rate=0.000015 | epoch=1.040971
2026-02-23 01:54:24.814 | INFO     | __main__:on_log:99 - step=9050 | loss=0.044900 | grad_norm=0.513321 | learning_rate=0.000015 | epoch=1.041547
2026-02-23 01:55:04.498 | INFO     | __main__:on_log:99 - step=9055 | loss=0.042300 | grad_norm=0.307972 | learning_rate=0.000015 | epoch=1.042122
2026-02-23 01:55:44.084 | INFO     | __main__:on_log:99 - step=9060 | loss=0.053700 | grad_norm=0.479228 | learning_rate=0.000015 | epoch=1.042698
2026-02-23 01:56:23.676 | INFO     | __main__:on_log:99 - step=9065 | loss=0.055800 | grad_norm=0.515577 | learning_rate=0.000015 | epoch=1.043273
2026-02-23 01:57:03.306 | INFO     | __main__:on_log:99 - step=9070 | loss=0.058700 | grad_norm=0.221280 | learning_rate=0.000015 | epoch=1.043849
2026-02-23 01:57:42.835 | INFO     | __main__:on_log:99 - step=9075 | loss=0.045100 | grad_norm=0.333446 | learning_rate=0.000015 | epoch=1.044424
2026-02-23 01:58:22.379 | INFO     | __main__:on_log:99 - step=9080 | loss=0.045200 | grad_norm=0.281877 | learning_rate=0.000015 | epoch=1.044999
2026-02-23 01:59:01.914 | INFO     | __main__:on_log:99 - step=9085 | loss=0.055500 | grad_norm=0.499810 | learning_rate=0.000015 | epoch=1.045575
2026-02-23 01:59:41.557 | INFO     | __main__:on_log:99 - step=9090 | loss=0.041500 | grad_norm=0.445009 | learning_rate=0.000015 | epoch=1.046150
2026-02-23 02:00:21.122 | INFO     | __main__:on_log:99 - step=9095 | loss=0.048900 | grad_norm=0.435257 | learning_rate=0.000015 | epoch=1.046726
2026-02-23 02:01:00.724 | INFO     | __main__:on_log:99 - step=9100 | loss=0.047500 | grad_norm=0.329756 | learning_rate=0.000015 | epoch=1.047301
2026-02-23 02:01:40.292 | INFO     | __main__:on_log:99 - step=9105 | loss=0.050500 | grad_norm=0.284592 | learning_rate=0.000015 | epoch=1.047877
2026-02-23 02:02:19.866 | INFO     | __main__:on_log:99 - step=9110 | loss=0.066600 | grad_norm=0.333924 | learning_rate=0.000015 | epoch=1.048452
2026-02-23 02:02:59.398 | INFO     | __main__:on_log:99 - step=9115 | loss=0.052400 | grad_norm=0.486788 | learning_rate=0.000015 | epoch=1.049028
2026-02-23 02:03:39.030 | INFO     | __main__:on_log:99 - step=9120 | loss=0.047900 | grad_norm=1.009489 | learning_rate=0.000015 | epoch=1.049603
2026-02-23 02:04:18.628 | INFO     | __main__:on_log:99 - step=9125 | loss=0.051300 | grad_norm=0.451802 | learning_rate=0.000015 | epoch=1.050178
2026-02-23 02:04:58.243 | INFO     | __main__:on_log:99 - step=9130 | loss=0.042700 | grad_norm=0.312236 | learning_rate=0.000015 | epoch=1.050754
2026-02-23 02:05:37.822 | INFO     | __main__:on_log:99 - step=9135 | loss=0.053600 | grad_norm=0.462505 | learning_rate=0.000015 | epoch=1.051329
2026-02-23 02:06:17.424 | INFO     | __main__:on_log:99 - step=9140 | loss=0.057900 | grad_norm=0.370331 | learning_rate=0.000015 | epoch=1.051905
2026-02-23 02:06:57.033 | INFO     | __main__:on_log:99 - step=9145 | loss=0.063800 | grad_norm=0.628081 | learning_rate=0.000015 | epoch=1.052480
2026-02-23 02:07:36.636 | INFO     | __main__:on_log:99 - step=9150 | loss=0.059300 | grad_norm=0.549518 | learning_rate=0.000015 | epoch=1.053056
2026-02-23 02:08:16.204 | INFO     | __main__:on_log:99 - step=9155 | loss=0.045900 | grad_norm=0.374971 | learning_rate=0.000015 | epoch=1.053631
2026-02-23 02:08:55.774 | INFO     | __main__:on_log:99 - step=9160 | loss=0.035900 | grad_norm=0.294929 | learning_rate=0.000015 | epoch=1.054206
2026-02-23 02:09:35.367 | INFO     | __main__:on_log:99 - step=9165 | loss=0.059500 | grad_norm=0.352604 | learning_rate=0.000015 | epoch=1.054782
2026-02-23 02:10:14.969 | INFO     | __main__:on_log:99 - step=9170 | loss=0.063000 | grad_norm=0.636189 | learning_rate=0.000015 | epoch=1.055357
2026-02-23 02:10:54.512 | INFO     | __main__:on_log:99 - step=9175 | loss=0.048000 | grad_norm=0.501007 | learning_rate=0.000015 | epoch=1.055933
2026-02-23 02:11:34.100 | INFO     | __main__:on_log:99 - step=9180 | loss=0.045700 | grad_norm=0.203727 | learning_rate=0.000015 | epoch=1.056508
2026-02-23 02:12:13.676 | INFO     | __main__:on_log:99 - step=9185 | loss=0.071100 | grad_norm=0.444278 | learning_rate=0.000015 | epoch=1.057084
2026-02-23 02:12:53.340 | INFO     | __main__:on_log:99 - step=9190 | loss=0.044800 | grad_norm=0.743450 | learning_rate=0.000015 | epoch=1.057659
2026-02-23 02:13:32.948 | INFO     | __main__:on_log:99 - step=9195 | loss=0.045800 | grad_norm=0.300347 | learning_rate=0.000015 | epoch=1.058235
2026-02-23 02:14:12.534 | INFO     | __main__:on_log:99 - step=9200 | loss=0.050600 | grad_norm=0.306668 | learning_rate=0.000015 | epoch=1.058810
2026-02-23 02:14:52.390 | INFO     | __main__:on_log:99 - step=9205 | loss=0.057800 | grad_norm=0.552592 | learning_rate=0.000015 | epoch=1.059385
2026-02-23 02:15:31.989 | INFO     | __main__:on_log:99 - step=9210 | loss=0.049000 | grad_norm=0.204429 | learning_rate=0.000015 | epoch=1.059961
2026-02-23 02:16:11.749 | INFO     | __main__:on_log:99 - step=9215 | loss=0.045600 | grad_norm=0.211434 | learning_rate=0.000015 | epoch=1.060536
2026-02-23 02:16:51.352 | INFO     | __main__:on_log:99 - step=9220 | loss=0.039600 | grad_norm=0.318912 | learning_rate=0.000015 | epoch=1.061112
2026-02-23 02:17:30.972 | INFO     | __main__:on_log:99 - step=9225 | loss=0.043900 | grad_norm=0.300590 | learning_rate=0.000015 | epoch=1.061687
2026-02-23 02:18:10.596 | INFO     | __main__:on_log:99 - step=9230 | loss=0.055200 | grad_norm=0.451372 | learning_rate=0.000015 | epoch=1.062263
2026-02-23 02:18:50.178 | INFO     | __main__:on_log:99 - step=9235 | loss=0.043100 | grad_norm=0.423065 | learning_rate=0.000015 | epoch=1.062838
2026-02-23 02:19:29.841 | INFO     | __main__:on_log:99 - step=9240 | loss=0.043400 | grad_norm=0.345940 | learning_rate=0.000015 | epoch=1.063414
2026-02-23 02:20:09.470 | INFO     | __main__:on_log:99 - step=9245 | loss=0.048600 | grad_norm=0.294152 | learning_rate=0.000015 | epoch=1.063989
2026-02-23 02:20:49.123 | INFO     | __main__:on_log:99 - step=9250 | loss=0.050400 | grad_norm=0.378202 | learning_rate=0.000015 | epoch=1.064564
2026-02-23 02:21:28.719 | INFO     | __main__:on_log:99 - step=9255 | loss=0.040300 | grad_norm=0.580604 | learning_rate=0.000015 | epoch=1.065140
2026-02-23 02:22:08.367 | INFO     | __main__:on_log:99 - step=9260 | loss=0.061200 | grad_norm=0.305175 | learning_rate=0.000015 | epoch=1.065715
2026-02-23 02:22:47.961 | INFO     | __main__:on_log:99 - step=9265 | loss=0.049900 | grad_norm=0.294600 | learning_rate=0.000015 | epoch=1.066291
2026-02-23 02:23:27.640 | INFO     | __main__:on_log:99 - step=9270 | loss=0.048800 | grad_norm=0.378845 | learning_rate=0.000015 | epoch=1.066866
2026-02-23 02:24:07.250 | INFO     | __main__:on_log:99 - step=9275 | loss=0.045600 | grad_norm=0.285166 | learning_rate=0.000015 | epoch=1.067442
2026-02-23 02:24:46.817 | INFO     | __main__:on_log:99 - step=9280 | loss=0.059300 | grad_norm=0.436931 | learning_rate=0.000015 | epoch=1.068017
2026-02-23 02:25:26.387 | INFO     | __main__:on_log:99 - step=9285 | loss=0.058400 | grad_norm=0.424617 | learning_rate=0.000015 | epoch=1.068592
2026-02-23 02:26:06.020 | INFO     | __main__:on_log:99 - step=9290 | loss=0.041600 | grad_norm=0.466011 | learning_rate=0.000015 | epoch=1.069168
2026-02-23 02:26:45.572 | INFO     | __main__:on_log:99 - step=9295 | loss=0.049700 | grad_norm=0.442150 | learning_rate=0.000015 | epoch=1.069743
2026-02-23 02:27:25.165 | INFO     | __main__:on_log:99 - step=9300 | loss=0.045700 | grad_norm=0.241515 | learning_rate=0.000015 | epoch=1.070319
2026-02-23 02:28:04.805 | INFO     | __main__:on_log:99 - step=9305 | loss=0.044200 | grad_norm=0.346655 | learning_rate=0.000015 | epoch=1.070894
2026-02-23 02:28:44.411 | INFO     | __main__:on_log:99 - step=9310 | loss=0.043100 | grad_norm=0.364661 | learning_rate=0.000015 | epoch=1.071470
2026-02-23 02:29:24.029 | INFO     | __main__:on_log:99 - step=9315 | loss=0.056200 | grad_norm=0.448123 | learning_rate=0.000015 | epoch=1.072045
2026-02-23 02:30:03.686 | INFO     | __main__:on_log:99 - step=9320 | loss=0.046700 | grad_norm=0.434122 | learning_rate=0.000015 | epoch=1.072621
2026-02-23 02:30:43.270 | INFO     | __main__:on_log:99 - step=9325 | loss=0.061000 | grad_norm=0.468950 | learning_rate=0.000015 | epoch=1.073196
2026-02-23 02:31:22.896 | INFO     | __main__:on_log:99 - step=9330 | loss=0.052300 | grad_norm=0.618567 | learning_rate=0.000015 | epoch=1.073771
2026-02-23 02:32:02.463 | INFO     | __main__:on_log:99 - step=9335 | loss=0.066800 | grad_norm=0.366591 | learning_rate=0.000015 | epoch=1.074347
2026-02-23 02:32:42.027 | INFO     | __main__:on_log:99 - step=9340 | loss=0.076900 | grad_norm=0.567833 | learning_rate=0.000015 | epoch=1.074922
2026-02-23 02:33:21.609 | INFO     | __main__:on_log:99 - step=9345 | loss=0.040000 | grad_norm=0.381692 | learning_rate=0.000015 | epoch=1.075498
2026-02-23 02:34:01.210 | INFO     | __main__:on_log:99 - step=9350 | loss=0.046400 | grad_norm=0.362483 | learning_rate=0.000015 | epoch=1.076073
2026-02-23 02:34:40.840 | INFO     | __main__:on_log:99 - step=9355 | loss=0.056100 | grad_norm=0.553701 | learning_rate=0.000015 | epoch=1.076649
2026-02-23 02:35:20.435 | INFO     | __main__:on_log:99 - step=9360 | loss=0.037100 | grad_norm=0.298422 | learning_rate=0.000015 | epoch=1.077224
2026-02-23 02:36:00.059 | INFO     | __main__:on_log:99 - step=9365 | loss=0.060600 | grad_norm=0.484507 | learning_rate=0.000015 | epoch=1.077800
2026-02-23 02:36:39.692 | INFO     | __main__:on_log:99 - step=9370 | loss=0.051500 | grad_norm=0.306875 | learning_rate=0.000015 | epoch=1.078375
2026-02-23 02:37:19.373 | INFO     | __main__:on_log:99 - step=9375 | loss=0.042500 | grad_norm=0.330552 | learning_rate=0.000015 | epoch=1.078950
2026-02-23 02:37:58.969 | INFO     | __main__:on_log:99 - step=9380 | loss=0.048200 | grad_norm=0.544018 | learning_rate=0.000015 | epoch=1.079526
2026-02-23 02:38:38.576 | INFO     | __main__:on_log:99 - step=9385 | loss=0.052000 | grad_norm=0.404747 | learning_rate=0.000015 | epoch=1.080101
2026-02-23 02:39:18.172 | INFO     | __main__:on_log:99 - step=9390 | loss=0.051500 | grad_norm=0.468500 | learning_rate=0.000015 | epoch=1.080677
2026-02-23 02:39:57.753 | INFO     | __main__:on_log:99 - step=9395 | loss=0.056500 | grad_norm=0.402693 | learning_rate=0.000015 | epoch=1.081252
2026-02-23 02:40:37.414 | INFO     | __main__:on_log:99 - step=9400 | loss=0.054100 | grad_norm=0.265488 | learning_rate=0.000014 | epoch=1.081828
2026-02-23 02:41:17.038 | INFO     | __main__:on_log:99 - step=9405 | loss=0.035600 | grad_norm=0.231965 | learning_rate=0.000014 | epoch=1.082403
2026-02-23 02:41:56.621 | INFO     | __main__:on_log:99 - step=9410 | loss=0.054200 | grad_norm=0.433132 | learning_rate=0.000014 | epoch=1.082978
2026-02-23 02:42:36.215 | INFO     | __main__:on_log:99 - step=9415 | loss=0.039900 | grad_norm=0.409083 | learning_rate=0.000014 | epoch=1.083554
2026-02-23 02:43:15.808 | INFO     | __main__:on_log:99 - step=9420 | loss=0.061800 | grad_norm=0.432095 | learning_rate=0.000014 | epoch=1.084129
2026-02-23 02:43:55.382 | INFO     | __main__:on_log:99 - step=9425 | loss=0.060400 | grad_norm=0.508643 | learning_rate=0.000014 | epoch=1.084705
2026-02-23 02:44:34.945 | INFO     | __main__:on_log:99 - step=9430 | loss=0.042900 | grad_norm=0.701293 | learning_rate=0.000014 | epoch=1.085280
2026-02-23 02:45:14.482 | INFO     | __main__:on_log:99 - step=9435 | loss=0.053500 | grad_norm=0.523390 | learning_rate=0.000014 | epoch=1.085856
2026-02-23 02:45:54.073 | INFO     | __main__:on_log:99 - step=9440 | loss=0.049900 | grad_norm=0.323420 | learning_rate=0.000014 | epoch=1.086431
2026-02-23 02:46:33.661 | INFO     | __main__:on_log:99 - step=9445 | loss=0.054900 | grad_norm=0.341430 | learning_rate=0.000014 | epoch=1.087007
2026-02-23 02:47:13.203 | INFO     | __main__:on_log:99 - step=9450 | loss=0.046000 | grad_norm=0.340372 | learning_rate=0.000014 | epoch=1.087582
2026-02-23 02:47:52.754 | INFO     | __main__:on_log:99 - step=9455 | loss=0.038000 | grad_norm=0.279960 | learning_rate=0.000014 | epoch=1.088157
2026-02-23 02:48:32.314 | INFO     | __main__:on_log:99 - step=9460 | loss=0.044500 | grad_norm=0.326560 | learning_rate=0.000014 | epoch=1.088733
2026-02-23 02:49:11.895 | INFO     | __main__:on_log:99 - step=9465 | loss=0.038100 | grad_norm=0.534591 | learning_rate=0.000014 | epoch=1.089308
2026-02-23 02:49:51.475 | INFO     | __main__:on_log:99 - step=9470 | loss=0.050900 | grad_norm=0.518016 | learning_rate=0.000014 | epoch=1.089884
2026-02-23 02:50:31.125 | INFO     | __main__:on_log:99 - step=9475 | loss=0.044800 | grad_norm=0.272355 | learning_rate=0.000014 | epoch=1.090459
2026-02-23 02:51:10.702 | INFO     | __main__:on_log:99 - step=9480 | loss=0.053300 | grad_norm=0.495014 | learning_rate=0.000014 | epoch=1.091035
2026-02-23 02:51:50.301 | INFO     | __main__:on_log:99 - step=9485 | loss=0.062700 | grad_norm=0.358195 | learning_rate=0.000014 | epoch=1.091610
2026-02-23 02:52:29.842 | INFO     | __main__:on_log:99 - step=9490 | loss=0.058000 | grad_norm=0.583162 | learning_rate=0.000014 | epoch=1.092186
2026-02-23 02:53:09.463 | INFO     | __main__:on_log:99 - step=9495 | loss=0.059600 | grad_norm=0.261250 | learning_rate=0.000014 | epoch=1.092761
2026-02-23 02:53:49.002 | INFO     | __main__:on_log:99 - step=9500 | loss=0.055400 | grad_norm=0.511310 | learning_rate=0.000014 | epoch=1.093336
2026-02-23 02:54:28.597 | INFO     | __main__:on_log:99 - step=9505 | loss=0.047200 | grad_norm=0.310735 | learning_rate=0.000014 | epoch=1.093912
2026-02-23 02:55:08.188 | INFO     | __main__:on_log:99 - step=9510 | loss=0.053100 | grad_norm=0.364004 | learning_rate=0.000014 | epoch=1.094487
2026-02-23 02:55:47.824 | INFO     | __main__:on_log:99 - step=9515 | loss=0.057800 | grad_norm=0.451834 | learning_rate=0.000014 | epoch=1.095063
2026-02-23 02:56:27.453 | INFO     | __main__:on_log:99 - step=9520 | loss=0.033000 | grad_norm=0.477094 | learning_rate=0.000014 | epoch=1.095638
2026-02-23 02:57:07.001 | INFO     | __main__:on_log:99 - step=9525 | loss=0.038800 | grad_norm=0.271746 | learning_rate=0.000014 | epoch=1.096214
2026-02-23 02:57:46.576 | INFO     | __main__:on_log:99 - step=9530 | loss=0.059100 | grad_norm=0.347548 | learning_rate=0.000014 | epoch=1.096789
2026-02-23 02:58:26.126 | INFO     | __main__:on_log:99 - step=9535 | loss=0.058800 | grad_norm=0.402303 | learning_rate=0.000014 | epoch=1.097364
2026-02-23 02:59:05.738 | INFO     | __main__:on_log:99 - step=9540 | loss=0.044900 | grad_norm=0.388969 | learning_rate=0.000014 | epoch=1.097940
2026-02-23 02:59:45.313 | INFO     | __main__:on_log:99 - step=9545 | loss=0.068400 | grad_norm=0.617066 | learning_rate=0.000014 | epoch=1.098515
2026-02-23 03:00:24.900 | INFO     | __main__:on_log:99 - step=9550 | loss=0.046100 | grad_norm=0.356694 | learning_rate=0.000014 | epoch=1.099091
2026-02-23 03:01:04.478 | INFO     | __main__:on_log:99 - step=9555 | loss=0.063900 | grad_norm=0.498987 | learning_rate=0.000014 | epoch=1.099666
2026-02-23 03:01:44.075 | INFO     | __main__:on_log:99 - step=9560 | loss=0.056400 | grad_norm=0.513484 | learning_rate=0.000014 | epoch=1.100242
2026-02-23 03:02:23.728 | INFO     | __main__:on_log:99 - step=9565 | loss=0.040600 | grad_norm=0.358687 | learning_rate=0.000014 | epoch=1.100817
2026-02-23 03:03:03.411 | INFO     | __main__:on_log:99 - step=9570 | loss=0.051700 | grad_norm=0.429100 | learning_rate=0.000014 | epoch=1.101393
2026-02-23 03:03:42.999 | INFO     | __main__:on_log:99 - step=9575 | loss=0.040000 | grad_norm=0.227758 | learning_rate=0.000014 | epoch=1.101968
2026-02-23 03:04:22.659 | INFO     | __main__:on_log:99 - step=9580 | loss=0.046800 | grad_norm=0.445297 | learning_rate=0.000014 | epoch=1.102543
2026-02-23 03:05:02.201 | INFO     | __main__:on_log:99 - step=9585 | loss=0.049000 | grad_norm=0.329839 | learning_rate=0.000014 | epoch=1.103119
2026-02-23 03:05:41.854 | INFO     | __main__:on_log:99 - step=9590 | loss=0.055400 | grad_norm=0.658055 | learning_rate=0.000014 | epoch=1.103694
2026-02-23 03:06:21.422 | INFO     | __main__:on_log:99 - step=9595 | loss=0.044200 | grad_norm=0.424483 | learning_rate=0.000014 | epoch=1.104270
2026-02-23 03:07:01.006 | INFO     | __main__:on_log:99 - step=9600 | loss=0.060500 | grad_norm=0.236131 | learning_rate=0.000014 | epoch=1.104845
2026-02-23 03:07:40.604 | INFO     | __main__:on_log:99 - step=9605 | loss=0.064600 | grad_norm=0.464292 | learning_rate=0.000014 | epoch=1.105421
2026-02-23 03:08:20.244 | INFO     | __main__:on_log:99 - step=9610 | loss=0.051500 | grad_norm=0.370349 | learning_rate=0.000014 | epoch=1.105996
2026-02-23 03:08:59.808 | INFO     | __main__:on_log:99 - step=9615 | loss=0.038400 | grad_norm=0.361161 | learning_rate=0.000014 | epoch=1.106572
2026-02-23 03:09:39.372 | INFO     | __main__:on_log:99 - step=9620 | loss=0.051500 | grad_norm=0.684192 | learning_rate=0.000014 | epoch=1.107147
2026-02-23 03:10:18.968 | INFO     | __main__:on_log:99 - step=9625 | loss=0.038300 | grad_norm=0.425560 | learning_rate=0.000014 | epoch=1.107722
2026-02-23 03:10:58.529 | INFO     | __main__:on_log:99 - step=9630 | loss=0.049000 | grad_norm=0.364549 | learning_rate=0.000014 | epoch=1.108298
2026-02-23 03:11:38.139 | INFO     | __main__:on_log:99 - step=9635 | loss=0.042900 | grad_norm=0.322011 | learning_rate=0.000014 | epoch=1.108873
2026-02-23 03:12:17.766 | INFO     | __main__:on_log:99 - step=9640 | loss=0.042100 | grad_norm=0.560231 | learning_rate=0.000014 | epoch=1.109449
2026-02-23 03:12:57.356 | INFO     | __main__:on_log:99 - step=9645 | loss=0.044800 | grad_norm=0.288199 | learning_rate=0.000014 | epoch=1.110024
2026-02-23 03:13:36.889 | INFO     | __main__:on_log:99 - step=9650 | loss=0.062500 | grad_norm=0.404548 | learning_rate=0.000014 | epoch=1.110600
2026-02-23 03:14:16.505 | INFO     | __main__:on_log:99 - step=9655 | loss=0.046000 | grad_norm=0.327922 | learning_rate=0.000014 | epoch=1.111175
2026-02-23 03:14:56.128 | INFO     | __main__:on_log:99 - step=9660 | loss=0.072500 | grad_norm=0.508251 | learning_rate=0.000014 | epoch=1.111750
2026-02-23 03:15:35.805 | INFO     | __main__:on_log:99 - step=9665 | loss=0.052000 | grad_norm=0.398140 | learning_rate=0.000014 | epoch=1.112326
2026-02-23 03:16:15.465 | INFO     | __main__:on_log:99 - step=9670 | loss=0.037700 | grad_norm=0.384146 | learning_rate=0.000014 | epoch=1.112901
2026-02-23 03:16:55.044 | INFO     | __main__:on_log:99 - step=9675 | loss=0.048400 | grad_norm=0.341215 | learning_rate=0.000014 | epoch=1.113477
2026-02-23 03:17:34.716 | INFO     | __main__:on_log:99 - step=9680 | loss=0.059400 | grad_norm=0.590010 | learning_rate=0.000014 | epoch=1.114052
2026-02-23 03:18:14.342 | INFO     | __main__:on_log:99 - step=9685 | loss=0.054500 | grad_norm=0.460445 | learning_rate=0.000014 | epoch=1.114628
2026-02-23 03:18:53.950 | INFO     | __main__:on_log:99 - step=9690 | loss=0.067500 | grad_norm=0.337962 | learning_rate=0.000014 | epoch=1.115203
2026-02-23 03:19:33.590 | INFO     | __main__:on_log:99 - step=9695 | loss=0.065700 | grad_norm=0.328683 | learning_rate=0.000014 | epoch=1.115779
2026-02-23 03:20:13.280 | INFO     | __main__:on_log:99 - step=9700 | loss=0.053900 | grad_norm=0.502550 | learning_rate=0.000014 | epoch=1.116354
2026-02-23 03:20:52.837 | INFO     | __main__:on_log:99 - step=9705 | loss=0.064800 | grad_norm=0.544501 | learning_rate=0.000014 | epoch=1.116929
2026-02-23 03:21:32.413 | INFO     | __main__:on_log:99 - step=9710 | loss=0.080500 | grad_norm=0.331796 | learning_rate=0.000014 | epoch=1.117505
2026-02-23 03:22:12.024 | INFO     | __main__:on_log:99 - step=9715 | loss=0.039500 | grad_norm=0.392148 | learning_rate=0.000014 | epoch=1.118080
2026-02-23 03:22:51.671 | INFO     | __main__:on_log:99 - step=9720 | loss=0.048000 | grad_norm=0.251650 | learning_rate=0.000014 | epoch=1.118656
2026-02-23 03:23:31.289 | INFO     | __main__:on_log:99 - step=9725 | loss=0.051300 | grad_norm=0.436634 | learning_rate=0.000014 | epoch=1.119231
2026-02-23 03:24:10.873 | INFO     | __main__:on_log:99 - step=9730 | loss=0.047100 | grad_norm=0.609148 | learning_rate=0.000014 | epoch=1.119807
2026-02-23 03:24:50.506 | INFO     | __main__:on_log:99 - step=9735 | loss=0.039100 | grad_norm=0.443516 | learning_rate=0.000014 | epoch=1.120382
2026-02-23 03:25:30.137 | INFO     | __main__:on_log:99 - step=9740 | loss=0.038400 | grad_norm=0.248385 | learning_rate=0.000014 | epoch=1.120958
2026-02-23 03:26:09.711 | INFO     | __main__:on_log:99 - step=9745 | loss=0.040100 | grad_norm=0.310012 | learning_rate=0.000014 | epoch=1.121533
2026-02-23 03:26:49.282 | INFO     | __main__:on_log:99 - step=9750 | loss=0.040700 | grad_norm=0.359882 | learning_rate=0.000014 | epoch=1.122108
2026-02-23 03:27:28.847 | INFO     | __main__:on_log:99 - step=9755 | loss=0.054900 | grad_norm=0.345331 | learning_rate=0.000014 | epoch=1.122684
2026-02-23 03:28:08.438 | INFO     | __main__:on_log:99 - step=9760 | loss=0.050300 | grad_norm=0.491523 | learning_rate=0.000014 | epoch=1.123259
2026-02-23 03:28:48.150 | INFO     | __main__:on_log:99 - step=9765 | loss=0.054200 | grad_norm=0.668857 | learning_rate=0.000014 | epoch=1.123835
2026-02-23 03:29:27.779 | INFO     | __main__:on_log:99 - step=9770 | loss=0.042400 | grad_norm=0.486641 | learning_rate=0.000014 | epoch=1.124410
2026-02-23 03:30:07.463 | INFO     | __main__:on_log:99 - step=9775 | loss=0.050800 | grad_norm=0.413511 | learning_rate=0.000014 | epoch=1.124986
2026-02-23 03:30:47.025 | INFO     | __main__:on_log:99 - step=9780 | loss=0.064500 | grad_norm=0.397184 | learning_rate=0.000014 | epoch=1.125561
2026-02-23 03:31:26.608 | INFO     | __main__:on_log:99 - step=9785 | loss=0.046000 | grad_norm=0.531502 | learning_rate=0.000014 | epoch=1.126136
2026-02-23 03:32:06.219 | INFO     | __main__:on_log:99 - step=9790 | loss=0.038200 | grad_norm=0.265706 | learning_rate=0.000014 | epoch=1.126712
2026-02-23 03:32:45.859 | INFO     | __main__:on_log:99 - step=9795 | loss=0.049200 | grad_norm=0.347977 | learning_rate=0.000014 | epoch=1.127287
2026-02-23 03:33:25.474 | INFO     | __main__:on_log:99 - step=9800 | loss=0.050200 | grad_norm=0.508708 | learning_rate=0.000014 | epoch=1.127863
2026-02-23 03:34:05.087 | INFO     | __main__:on_log:99 - step=9805 | loss=0.052700 | grad_norm=0.240144 | learning_rate=0.000014 | epoch=1.128438
2026-02-23 03:34:44.662 | INFO     | __main__:on_log:99 - step=9810 | loss=0.049200 | grad_norm=0.266634 | learning_rate=0.000014 | epoch=1.129014
2026-02-23 03:35:24.245 | INFO     | __main__:on_log:99 - step=9815 | loss=0.036800 | grad_norm=0.385715 | learning_rate=0.000014 | epoch=1.129589
2026-02-23 03:36:03.854 | INFO     | __main__:on_log:99 - step=9820 | loss=0.051200 | grad_norm=0.373907 | learning_rate=0.000014 | epoch=1.130165
2026-02-23 03:36:43.525 | INFO     | __main__:on_log:99 - step=9825 | loss=0.038200 | grad_norm=0.352302 | learning_rate=0.000014 | epoch=1.130740
2026-02-23 03:37:23.135 | INFO     | __main__:on_log:99 - step=9830 | loss=0.045000 | grad_norm=0.931298 | learning_rate=0.000014 | epoch=1.131315
2026-02-23 03:38:02.825 | INFO     | __main__:on_log:99 - step=9835 | loss=0.050500 | grad_norm=0.313804 | learning_rate=0.000014 | epoch=1.131891
2026-02-23 03:38:42.454 | INFO     | __main__:on_log:99 - step=9840 | loss=0.041000 | grad_norm=0.292842 | learning_rate=0.000014 | epoch=1.132466
2026-02-23 03:39:22.056 | INFO     | __main__:on_log:99 - step=9845 | loss=0.055500 | grad_norm=0.352341 | learning_rate=0.000014 | epoch=1.133042
2026-02-23 03:40:01.686 | INFO     | __main__:on_log:99 - step=9850 | loss=0.040600 | grad_norm=0.203385 | learning_rate=0.000014 | epoch=1.133617
2026-02-23 03:40:41.265 | INFO     | __main__:on_log:99 - step=9855 | loss=0.063300 | grad_norm=0.471404 | learning_rate=0.000014 | epoch=1.134193
2026-02-23 03:41:20.879 | INFO     | __main__:on_log:99 - step=9860 | loss=0.070300 | grad_norm=0.455346 | learning_rate=0.000014 | epoch=1.134768
2026-02-23 03:42:00.460 | INFO     | __main__:on_log:99 - step=9865 | loss=0.061700 | grad_norm=0.477456 | learning_rate=0.000014 | epoch=1.135344
2026-02-23 03:42:40.053 | INFO     | __main__:on_log:99 - step=9870 | loss=0.055900 | grad_norm=0.562761 | learning_rate=0.000014 | epoch=1.135919
2026-02-23 03:43:19.642 | INFO     | __main__:on_log:99 - step=9875 | loss=0.064800 | grad_norm=0.323269 | learning_rate=0.000014 | epoch=1.136494
2026-02-23 03:43:59.190 | INFO     | __main__:on_log:99 - step=9880 | loss=0.043700 | grad_norm=0.503314 | learning_rate=0.000014 | epoch=1.137070
2026-02-23 03:44:38.807 | INFO     | __main__:on_log:99 - step=9885 | loss=0.060700 | grad_norm=0.657999 | learning_rate=0.000014 | epoch=1.137645
2026-02-23 03:45:18.460 | INFO     | __main__:on_log:99 - step=9890 | loss=0.050100 | grad_norm=0.291967 | learning_rate=0.000014 | epoch=1.138221
2026-02-23 03:45:58.040 | INFO     | __main__:on_log:99 - step=9895 | loss=0.051800 | grad_norm=0.262084 | learning_rate=0.000014 | epoch=1.138796
2026-02-23 03:46:37.595 | INFO     | __main__:on_log:99 - step=9900 | loss=0.055900 | grad_norm=0.374114 | learning_rate=0.000014 | epoch=1.139372
2026-02-23 03:47:17.160 | INFO     | __main__:on_log:99 - step=9905 | loss=0.044500 | grad_norm=0.222690 | learning_rate=0.000014 | epoch=1.139947
2026-02-23 03:47:56.758 | INFO     | __main__:on_log:99 - step=9910 | loss=0.048600 | grad_norm=0.431370 | learning_rate=0.000014 | epoch=1.140522
2026-02-23 03:48:36.374 | INFO     | __main__:on_log:99 - step=9915 | loss=0.043100 | grad_norm=0.551218 | learning_rate=0.000014 | epoch=1.141098
2026-02-23 03:49:15.951 | INFO     | __main__:on_log:99 - step=9920 | loss=0.043800 | grad_norm=0.356586 | learning_rate=0.000014 | epoch=1.141673
2026-02-23 03:49:55.533 | INFO     | __main__:on_log:99 - step=9925 | loss=0.055800 | grad_norm=0.478800 | learning_rate=0.000014 | epoch=1.142249
2026-02-23 03:50:35.114 | INFO     | __main__:on_log:99 - step=9930 | loss=0.040800 | grad_norm=0.355508 | learning_rate=0.000014 | epoch=1.142824
2026-02-23 03:51:14.674 | INFO     | __main__:on_log:99 - step=9935 | loss=0.041300 | grad_norm=0.367453 | learning_rate=0.000014 | epoch=1.143400
2026-02-23 03:51:54.269 | INFO     | __main__:on_log:99 - step=9940 | loss=0.062500 | grad_norm=0.317195 | learning_rate=0.000014 | epoch=1.143975
2026-02-23 03:52:33.845 | INFO     | __main__:on_log:99 - step=9945 | loss=0.052900 | grad_norm=0.437530 | learning_rate=0.000014 | epoch=1.144551
2026-02-23 03:53:13.456 | INFO     | __main__:on_log:99 - step=9950 | loss=0.069100 | grad_norm=0.647463 | learning_rate=0.000013 | epoch=1.145126
2026-02-23 03:53:53.068 | INFO     | __main__:on_log:99 - step=9955 | loss=0.052400 | grad_norm=0.436279 | learning_rate=0.000013 | epoch=1.145701
2026-02-23 03:54:32.750 | INFO     | __main__:on_log:99 - step=9960 | loss=0.049400 | grad_norm=0.693097 | learning_rate=0.000013 | epoch=1.146277
2026-02-23 03:55:12.283 | INFO     | __main__:on_log:99 - step=9965 | loss=0.050300 | grad_norm=0.441350 | learning_rate=0.000013 | epoch=1.146852
2026-02-23 03:55:51.873 | INFO     | __main__:on_log:99 - step=9970 | loss=0.058000 | grad_norm=0.345559 | learning_rate=0.000013 | epoch=1.147428
2026-02-23 03:56:31.519 | INFO     | __main__:on_log:99 - step=9975 | loss=0.054200 | grad_norm=0.652264 | learning_rate=0.000013 | epoch=1.148003
2026-02-23 03:57:11.071 | INFO     | __main__:on_log:99 - step=9980 | loss=0.042900 | grad_norm=0.357236 | learning_rate=0.000013 | epoch=1.148579
2026-02-23 03:57:50.646 | INFO     | __main__:on_log:99 - step=9985 | loss=0.054400 | grad_norm=0.293761 | learning_rate=0.000013 | epoch=1.149154
2026-02-23 03:58:30.214 | INFO     | __main__:on_log:99 - step=9990 | loss=0.042700 | grad_norm=0.333416 | learning_rate=0.000013 | epoch=1.149730
2026-02-23 03:59:09.876 | INFO     | __main__:on_log:99 - step=9995 | loss=0.040800 | grad_norm=0.267057 | learning_rate=0.000013 | epoch=1.150305
2026-02-23 03:59:49.430 | INFO     | __main__:on_log:99 - step=10000 | loss=0.046600 | grad_norm=0.301484 | learning_rate=0.000013 | epoch=1.150880
2026-02-23 05:21:49.403 | INFO     | __main__:on_log:99 - step=10000 | epoch=1.150880
2026-02-23 05:22:29.515 | INFO     | __main__:on_log:99 - step=10005 | loss=0.050800 | grad_norm=0.426902 | learning_rate=0.000013 | epoch=1.151456
2026-02-23 05:23:08.986 | INFO     | __main__:on_log:99 - step=10010 | loss=0.041000 | grad_norm=0.358932 | learning_rate=0.000013 | epoch=1.152031
2026-02-23 05:23:48.452 | INFO     | __main__:on_log:99 - step=10015 | loss=0.051100 | grad_norm=0.315486 | learning_rate=0.000013 | epoch=1.152607
2026-02-23 05:24:27.880 | INFO     | __main__:on_log:99 - step=10020 | loss=0.057600 | grad_norm=0.586758 | learning_rate=0.000013 | epoch=1.153182
2026-02-23 05:25:07.286 | INFO     | __main__:on_log:99 - step=10025 | loss=0.081100 | grad_norm=0.516432 | learning_rate=0.000013 | epoch=1.153758
2026-02-23 05:25:46.805 | INFO     | __main__:on_log:99 - step=10030 | loss=0.045500 | grad_norm=0.650081 | learning_rate=0.000013 | epoch=1.154333
2026-02-23 05:26:26.279 | INFO     | __main__:on_log:99 - step=10035 | loss=0.034300 | grad_norm=0.378965 | learning_rate=0.000013 | epoch=1.154909
2026-02-23 05:27:05.741 | INFO     | __main__:on_log:99 - step=10040 | loss=0.052300 | grad_norm=0.439621 | learning_rate=0.000013 | epoch=1.155484
2026-02-23 05:27:45.207 | INFO     | __main__:on_log:99 - step=10045 | loss=0.046900 | grad_norm=0.415198 | learning_rate=0.000013 | epoch=1.156059
2026-02-23 05:28:24.675 | INFO     | __main__:on_log:99 - step=10050 | loss=0.060200 | grad_norm=0.456149 | learning_rate=0.000013 | epoch=1.156635
2026-02-23 05:29:04.153 | INFO     | __main__:on_log:99 - step=10055 | loss=0.053800 | grad_norm=0.355813 | learning_rate=0.000013 | epoch=1.157210
2026-02-23 05:29:43.683 | INFO     | __main__:on_log:99 - step=10060 | loss=0.069100 | grad_norm=0.496246 | learning_rate=0.000013 | epoch=1.157786
2026-02-23 05:30:23.258 | INFO     | __main__:on_log:99 - step=10065 | loss=0.054900 | grad_norm=0.342031 | learning_rate=0.000013 | epoch=1.158361
2026-02-23 05:31:02.889 | INFO     | __main__:on_log:99 - step=10070 | loss=0.051900 | grad_norm=0.262006 | learning_rate=0.000013 | epoch=1.158937
2026-02-23 05:31:42.405 | INFO     | __main__:on_log:99 - step=10075 | loss=0.040300 | grad_norm=0.238408 | learning_rate=0.000013 | epoch=1.159512
2026-02-23 05:32:21.981 | INFO     | __main__:on_log:99 - step=10080 | loss=0.047400 | grad_norm=0.249088 | learning_rate=0.000013 | epoch=1.160087
2026-02-23 05:33:01.461 | INFO     | __main__:on_log:99 - step=10085 | loss=0.047900 | grad_norm=0.657127 | learning_rate=0.000013 | epoch=1.160663
2026-02-23 05:33:40.964 | INFO     | __main__:on_log:99 - step=10090 | loss=0.047000 | grad_norm=0.460035 | learning_rate=0.000013 | epoch=1.161238
2026-02-23 05:34:20.517 | INFO     | __main__:on_log:99 - step=10095 | loss=0.044300 | grad_norm=0.284935 | learning_rate=0.000013 | epoch=1.161814
2026-02-23 05:35:00.053 | INFO     | __main__:on_log:99 - step=10100 | loss=0.055000 | grad_norm=0.369665 | learning_rate=0.000013 | epoch=1.162389
