2026-02-16 08:20:13.473 | INFO     | __main__:train_model:165 - ============================================================
2026-02-16 08:20:13.474 | INFO     | __main__:train_model:166 - 모델 학습 시작: Qwen/Qwen2.5-1.5B-Instruct
2026-02-16 08:20:13.474 | INFO     | __main__:train_model:167 - 출력 경로: /root/SKN20-FINAL-2TEAM/SLLM_model/outputs/qwen2.5-1.5b-lora
2026-02-16 08:20:13.474 | INFO     | __main__:train_model:168 - LoRA r=16, alpha=32, lr=3e-05, epochs=5
2026-02-16 08:20:13.474 | INFO     | __main__:train_model:169 - ============================================================
2026-02-16 08:20:16.560 | INFO     | __main__:load_sft_data:139 - 학습 데이터: 2869건
2026-02-16 08:20:17.086 | INFO     | __main__:load_sft_data:155 - 유효 샘플: 2869건
2026-02-16 08:21:09.901 | INFO     | __main__:train_model:303 - 학습 시작...
2026-02-16 08:21:17.258 | INFO     | __main__:on_log:109 - step=5 | loss=0.664965 | grad_norm=0.759119 | learning_rate=0.000000 | epoch=0.003484
2026-02-16 08:21:23.731 | INFO     | __main__:on_log:109 - step=10 | loss=0.619367 | grad_norm=0.915887 | learning_rate=0.000001 | epoch=0.006969
2026-02-16 08:21:30.228 | INFO     | __main__:on_log:109 - step=15 | loss=0.651500 | grad_norm=0.485923 | learning_rate=0.000001 | epoch=0.010453
2026-02-16 08:21:36.738 | INFO     | __main__:on_log:109 - step=20 | loss=0.665405 | grad_norm=0.581171 | learning_rate=0.000002 | epoch=0.013937
2026-02-16 08:21:43.240 | INFO     | __main__:on_log:109 - step=25 | loss=0.743969 | grad_norm=1.409055 | learning_rate=0.000002 | epoch=0.017422
2026-02-16 08:21:50.018 | INFO     | __main__:on_log:109 - step=30 | loss=0.663194 | grad_norm=0.783510 | learning_rate=0.000002 | epoch=0.020906
2026-02-16 08:21:56.523 | INFO     | __main__:on_log:109 - step=35 | loss=0.781444 | grad_norm=1.305330 | learning_rate=0.000003 | epoch=0.024390
2026-02-16 08:22:03.072 | INFO     | __main__:on_log:109 - step=40 | loss=0.667102 | grad_norm=1.163018 | learning_rate=0.000003 | epoch=0.027875
2026-02-16 08:22:09.674 | INFO     | __main__:on_log:109 - step=45 | loss=0.620884 | grad_norm=1.267939 | learning_rate=0.000004 | epoch=0.031359
2026-02-16 08:22:16.245 | INFO     | __main__:on_log:109 - step=50 | loss=0.628896 | grad_norm=0.825886 | learning_rate=0.000004 | epoch=0.034843
2026-02-16 08:22:23.655 | INFO     | __main__:on_log:109 - step=55 | loss=0.523017 | grad_norm=0.802697 | learning_rate=0.000005 | epoch=0.038328
2026-02-16 08:22:30.247 | INFO     | __main__:on_log:109 - step=60 | loss=0.757275 | grad_norm=1.302821 | learning_rate=0.000005 | epoch=0.041812
2026-02-16 08:22:36.476 | INFO     | __main__:on_log:109 - step=65 | loss=0.509615 | grad_norm=1.063075 | learning_rate=0.000005 | epoch=0.045296
2026-02-16 08:22:43.069 | INFO     | __main__:on_log:109 - step=70 | loss=0.537145 | grad_norm=0.865410 | learning_rate=0.000006 | epoch=0.048780
2026-02-16 08:22:49.623 | INFO     | __main__:on_log:109 - step=75 | loss=0.661411 | grad_norm=0.854780 | learning_rate=0.000006 | epoch=0.052265
2026-02-16 08:22:56.422 | INFO     | __main__:on_log:109 - step=80 | loss=0.560921 | grad_norm=0.932719 | learning_rate=0.000007 | epoch=0.055749
2026-02-16 08:23:02.988 | INFO     | __main__:on_log:109 - step=85 | loss=0.456463 | grad_norm=0.695989 | learning_rate=0.000007 | epoch=0.059233
2026-02-16 08:23:09.556 | INFO     | __main__:on_log:109 - step=90 | loss=0.496642 | grad_norm=1.066764 | learning_rate=0.000007 | epoch=0.062718
2026-02-16 08:23:16.129 | INFO     | __main__:on_log:109 - step=95 | loss=0.449754 | grad_norm=0.576488 | learning_rate=0.000008 | epoch=0.066202
2026-02-16 08:23:22.725 | INFO     | __main__:on_log:109 - step=100 | loss=0.462017 | grad_norm=0.889013 | learning_rate=0.000008 | epoch=0.069686
2026-02-16 08:23:30.091 | INFO     | __main__:on_log:109 - step=105 | loss=0.524978 | grad_norm=0.631392 | learning_rate=0.000009 | epoch=0.073171
2026-02-16 08:23:36.668 | INFO     | __main__:on_log:109 - step=110 | loss=0.453402 | grad_norm=0.982133 | learning_rate=0.000009 | epoch=0.076655
2026-02-16 08:23:43.238 | INFO     | __main__:on_log:109 - step=115 | loss=0.421098 | grad_norm=0.922262 | learning_rate=0.000010 | epoch=0.080139
2026-02-16 08:23:49.814 | INFO     | __main__:on_log:109 - step=120 | loss=0.418178 | grad_norm=0.899386 | learning_rate=0.000010 | epoch=0.083624
2026-02-16 08:23:56.403 | INFO     | __main__:on_log:109 - step=125 | loss=0.378457 | grad_norm=0.677467 | learning_rate=0.000010 | epoch=0.087108
2026-02-16 08:24:02.538 | INFO     | __main__:on_log:109 - step=130 | loss=0.164502 | grad_norm=1.094339 | learning_rate=0.000011 | epoch=0.090592
2026-02-16 08:24:09.108 | INFO     | __main__:on_log:109 - step=135 | loss=0.300396 | grad_norm=1.089293 | learning_rate=0.000011 | epoch=0.094077
2026-02-16 08:24:15.707 | INFO     | __main__:on_log:109 - step=140 | loss=0.203431 | grad_norm=0.731467 | learning_rate=0.000012 | epoch=0.097561
2026-02-16 08:24:22.288 | INFO     | __main__:on_log:109 - step=145 | loss=0.312897 | grad_norm=0.811006 | learning_rate=0.000012 | epoch=0.101045
2026-02-16 08:24:28.898 | INFO     | __main__:on_log:109 - step=150 | loss=0.303290 | grad_norm=0.804868 | learning_rate=0.000012 | epoch=0.104530
2026-02-16 08:24:36.315 | INFO     | __main__:on_log:109 - step=155 | loss=0.329105 | grad_norm=0.859226 | learning_rate=0.000013 | epoch=0.108014
2026-02-16 08:24:42.914 | INFO     | __main__:on_log:109 - step=160 | loss=0.172978 | grad_norm=0.447493 | learning_rate=0.000013 | epoch=0.111498
2026-02-16 08:24:49.533 | INFO     | __main__:on_log:109 - step=165 | loss=0.233997 | grad_norm=0.696058 | learning_rate=0.000014 | epoch=0.114983
2026-02-16 08:24:55.782 | INFO     | __main__:on_log:109 - step=170 | loss=0.241388 | grad_norm=0.000000 | learning_rate=0.000014 | epoch=0.118467
2026-02-16 08:25:02.042 | INFO     | __main__:on_log:109 - step=175 | loss=0.242171 | grad_norm=0.755717 | learning_rate=0.000015 | epoch=0.121951
2026-02-16 08:25:08.907 | INFO     | __main__:on_log:109 - step=180 | loss=0.314143 | grad_norm=0.922654 | learning_rate=0.000015 | epoch=0.125436
2026-02-16 08:25:15.169 | INFO     | __main__:on_log:109 - step=185 | loss=0.155838 | grad_norm=0.472351 | learning_rate=0.000015 | epoch=0.128920
2026-02-16 08:25:21.759 | INFO     | __main__:on_log:109 - step=190 | loss=0.246132 | grad_norm=0.816652 | learning_rate=0.000016 | epoch=0.132404
2026-02-16 08:25:28.349 | INFO     | __main__:on_log:109 - step=195 | loss=0.205535 | grad_norm=0.650039 | learning_rate=0.000016 | epoch=0.135889
2026-02-16 08:25:34.982 | INFO     | __main__:on_log:109 - step=200 | loss=0.258963 | grad_norm=0.579455 | learning_rate=0.000017 | epoch=0.139373
2026-02-16 08:25:41.704 | INFO     | __main__:on_log:109 - step=205 | loss=0.214161 | grad_norm=0.528720 | learning_rate=0.000017 | epoch=0.142857
2026-02-16 08:25:47.964 | INFO     | __main__:on_log:109 - step=210 | loss=0.195898 | grad_norm=0.670567 | learning_rate=0.000017 | epoch=0.146341
2026-02-16 08:25:54.517 | INFO     | __main__:on_log:109 - step=215 | loss=0.202884 | grad_norm=0.617765 | learning_rate=0.000018 | epoch=0.149826
2026-02-16 08:26:00.772 | INFO     | __main__:on_log:109 - step=220 | loss=0.201158 | grad_norm=1.010547 | learning_rate=0.000018 | epoch=0.153310
2026-02-16 08:26:07.358 | INFO     | __main__:on_log:109 - step=225 | loss=0.217826 | grad_norm=0.885922 | learning_rate=0.000019 | epoch=0.156794
2026-02-16 08:26:14.116 | INFO     | __main__:on_log:109 - step=230 | loss=0.197195 | grad_norm=0.618942 | learning_rate=0.000019 | epoch=0.160279
2026-02-16 08:26:20.746 | INFO     | __main__:on_log:109 - step=235 | loss=0.216912 | grad_norm=0.764239 | learning_rate=0.000020 | epoch=0.163763
2026-02-16 08:26:27.333 | INFO     | __main__:on_log:109 - step=240 | loss=0.177783 | grad_norm=0.976210 | learning_rate=0.000020 | epoch=0.167247
2026-02-16 08:26:33.916 | INFO     | __main__:on_log:109 - step=245 | loss=0.173946 | grad_norm=0.642125 | learning_rate=0.000020 | epoch=0.170732
2026-02-16 08:26:40.171 | INFO     | __main__:on_log:109 - step=250 | loss=0.173153 | grad_norm=1.082471 | learning_rate=0.000021 | epoch=0.174216
2026-02-16 08:26:47.310 | INFO     | __main__:on_log:109 - step=255 | loss=0.205050 | grad_norm=1.030734 | learning_rate=0.000021 | epoch=0.177700
2026-02-16 08:26:53.879 | INFO     | __main__:on_log:109 - step=260 | loss=0.223228 | grad_norm=0.741993 | learning_rate=0.000022 | epoch=0.181185
2026-02-16 08:27:00.479 | INFO     | __main__:on_log:109 - step=265 | loss=0.181424 | grad_norm=0.547584 | learning_rate=0.000022 | epoch=0.184669
2026-02-16 08:27:07.081 | INFO     | __main__:on_log:109 - step=270 | loss=0.183316 | grad_norm=0.834969 | learning_rate=0.000022 | epoch=0.188153
2026-02-16 08:27:13.663 | INFO     | __main__:on_log:109 - step=275 | loss=0.269763 | grad_norm=1.139105 | learning_rate=0.000023 | epoch=0.191638
2026-02-16 08:27:20.275 | INFO     | __main__:on_log:109 - step=280 | loss=0.157334 | grad_norm=0.847795 | learning_rate=0.000023 | epoch=0.195122
2026-02-16 08:27:27.138 | INFO     | __main__:on_log:109 - step=285 | loss=0.232551 | grad_norm=0.753639 | learning_rate=0.000024 | epoch=0.198606
2026-02-16 08:27:33.752 | INFO     | __main__:on_log:109 - step=290 | loss=0.237526 | grad_norm=0.906713 | learning_rate=0.000024 | epoch=0.202091
2026-02-16 08:27:40.363 | INFO     | __main__:on_log:109 - step=295 | loss=0.186241 | grad_norm=0.886724 | learning_rate=0.000025 | epoch=0.205575
2026-02-16 08:27:46.953 | INFO     | __main__:on_log:109 - step=300 | loss=0.202060 | grad_norm=0.837791 | learning_rate=0.000025 | epoch=0.209059
2026-02-16 08:27:54.145 | INFO     | __main__:on_log:109 - step=305 | loss=0.241213 | grad_norm=0.931941 | learning_rate=0.000025 | epoch=0.212544
2026-02-16 08:28:00.403 | INFO     | __main__:on_log:109 - step=310 | loss=0.100529 | grad_norm=1.382286 | learning_rate=0.000026 | epoch=0.216028
2026-02-16 08:28:07.201 | INFO     | __main__:on_log:109 - step=315 | loss=0.194202 | grad_norm=0.830936 | learning_rate=0.000026 | epoch=0.219512
2026-02-16 08:28:13.783 | INFO     | __main__:on_log:109 - step=320 | loss=0.190721 | grad_norm=0.703583 | learning_rate=0.000027 | epoch=0.222997
2026-02-16 08:28:20.405 | INFO     | __main__:on_log:109 - step=325 | loss=0.205159 | grad_norm=0.960693 | learning_rate=0.000027 | epoch=0.226481
2026-02-16 08:28:27.006 | INFO     | __main__:on_log:109 - step=330 | loss=0.174389 | grad_norm=0.650763 | learning_rate=0.000027 | epoch=0.229965
2026-02-16 08:28:33.597 | INFO     | __main__:on_log:109 - step=335 | loss=0.220446 | grad_norm=1.427732 | learning_rate=0.000028 | epoch=0.233449
2026-02-16 08:28:40.210 | INFO     | __main__:on_log:109 - step=340 | loss=0.162948 | grad_norm=1.526193 | learning_rate=0.000028 | epoch=0.236934
2026-02-16 08:28:47.156 | INFO     | __main__:on_log:109 - step=345 | loss=0.176767 | grad_norm=1.002210 | learning_rate=0.000029 | epoch=0.240418
2026-02-16 08:28:53.724 | INFO     | __main__:on_log:109 - step=350 | loss=0.156954 | grad_norm=1.426143 | learning_rate=0.000029 | epoch=0.243902
2026-02-16 08:29:01.036 | INFO     | __main__:on_log:109 - step=355 | loss=0.180802 | grad_norm=0.902383 | learning_rate=0.000030 | epoch=0.247387
2026-02-16 08:29:07.645 | INFO     | __main__:on_log:109 - step=360 | loss=0.253425 | grad_norm=1.217274 | learning_rate=0.000030 | epoch=0.250871
2026-02-16 08:29:14.258 | INFO     | __main__:on_log:109 - step=365 | loss=0.155273 | grad_norm=0.969598 | learning_rate=0.000030 | epoch=0.254355
2026-02-16 08:29:20.512 | INFO     | __main__:on_log:109 - step=370 | loss=0.158561 | grad_norm=1.020742 | learning_rate=0.000030 | epoch=0.257840
2026-02-16 08:29:27.357 | INFO     | __main__:on_log:109 - step=375 | loss=0.191550 | grad_norm=1.023458 | learning_rate=0.000030 | epoch=0.261324
2026-02-16 08:29:33.620 | INFO     | __main__:on_log:109 - step=380 | loss=0.216787 | grad_norm=0.585839 | learning_rate=0.000030 | epoch=0.264808
2026-02-16 08:29:40.231 | INFO     | __main__:on_log:109 - step=385 | loss=0.185262 | grad_norm=0.799782 | learning_rate=0.000030 | epoch=0.268293
2026-02-16 08:29:46.849 | INFO     | __main__:on_log:109 - step=390 | loss=0.170118 | grad_norm=0.637622 | learning_rate=0.000030 | epoch=0.271777
2026-02-16 08:29:53.114 | INFO     | __main__:on_log:109 - step=395 | loss=0.157086 | grad_norm=1.071046 | learning_rate=0.000030 | epoch=0.275261
2026-02-16 08:29:59.709 | INFO     | __main__:on_log:109 - step=400 | loss=0.122853 | grad_norm=0.827956 | learning_rate=0.000030 | epoch=0.278746
2026-02-16 08:30:07.206 | INFO     | __main__:on_log:109 - step=405 | loss=0.141082 | grad_norm=0.918470 | learning_rate=0.000030 | epoch=0.282230
2026-02-16 08:30:13.766 | INFO     | __main__:on_log:109 - step=410 | loss=0.174816 | grad_norm=0.982134 | learning_rate=0.000030 | epoch=0.285714
2026-02-16 08:30:20.383 | INFO     | __main__:on_log:109 - step=415 | loss=0.174340 | grad_norm=0.825096 | learning_rate=0.000030 | epoch=0.289199
2026-02-16 08:30:26.991 | INFO     | __main__:on_log:109 - step=420 | loss=0.130635 | grad_norm=0.931663 | learning_rate=0.000030 | epoch=0.292683
2026-02-16 08:30:33.588 | INFO     | __main__:on_log:109 - step=425 | loss=0.129999 | grad_norm=0.758810 | learning_rate=0.000030 | epoch=0.296167
2026-02-16 08:30:40.189 | INFO     | __main__:on_log:109 - step=430 | loss=0.172689 | grad_norm=0.810563 | learning_rate=0.000030 | epoch=0.299652
2026-02-16 08:30:47.062 | INFO     | __main__:on_log:109 - step=435 | loss=0.191485 | grad_norm=0.652370 | learning_rate=0.000030 | epoch=0.303136
2026-02-16 08:30:53.682 | INFO     | __main__:on_log:109 - step=440 | loss=0.193988 | grad_norm=1.168948 | learning_rate=0.000030 | epoch=0.306620
2026-02-16 08:31:00.302 | INFO     | __main__:on_log:109 - step=445 | loss=0.148045 | grad_norm=0.688265 | learning_rate=0.000030 | epoch=0.310105
2026-02-16 08:31:06.901 | INFO     | __main__:on_log:109 - step=450 | loss=0.182158 | grad_norm=0.507408 | learning_rate=0.000030 | epoch=0.313589
2026-02-16 08:31:14.123 | INFO     | __main__:on_log:109 - step=455 | loss=0.157579 | grad_norm=0.670148 | learning_rate=0.000030 | epoch=0.317073
2026-02-16 08:31:20.727 | INFO     | __main__:on_log:109 - step=460 | loss=0.172378 | grad_norm=0.755989 | learning_rate=0.000030 | epoch=0.320557
2026-02-16 08:31:27.552 | INFO     | __main__:on_log:109 - step=465 | loss=0.147032 | grad_norm=0.964631 | learning_rate=0.000030 | epoch=0.324042
2026-02-16 08:31:34.186 | INFO     | __main__:on_log:109 - step=470 | loss=0.139785 | grad_norm=0.631742 | learning_rate=0.000030 | epoch=0.327526
2026-02-16 08:31:40.461 | INFO     | __main__:on_log:109 - step=475 | loss=0.128894 | grad_norm=0.873289 | learning_rate=0.000029 | epoch=0.331010
2026-02-16 08:31:47.045 | INFO     | __main__:on_log:109 - step=480 | loss=0.151346 | grad_norm=1.005666 | learning_rate=0.000029 | epoch=0.334495
2026-02-16 08:31:53.632 | INFO     | __main__:on_log:109 - step=485 | loss=0.142355 | grad_norm=0.854304 | learning_rate=0.000029 | epoch=0.337979
2026-02-16 08:32:00.220 | INFO     | __main__:on_log:109 - step=490 | loss=0.135945 | grad_norm=0.728360 | learning_rate=0.000029 | epoch=0.341463
2026-02-16 08:32:07.002 | INFO     | __main__:on_log:109 - step=495 | loss=0.121838 | grad_norm=0.859521 | learning_rate=0.000029 | epoch=0.344948
2026-02-16 08:32:13.587 | INFO     | __main__:on_log:109 - step=500 | loss=0.207685 | grad_norm=1.395849 | learning_rate=0.000029 | epoch=0.348432
2026-02-16 08:32:20.725 | INFO     | __main__:on_log:109 - step=505 | loss=0.128439 | grad_norm=0.926493 | learning_rate=0.000029 | epoch=0.351916
2026-02-16 08:32:27.292 | INFO     | __main__:on_log:109 - step=510 | loss=0.182351 | grad_norm=0.913261 | learning_rate=0.000029 | epoch=0.355401
2026-02-16 08:32:33.865 | INFO     | __main__:on_log:109 - step=515 | loss=0.144934 | grad_norm=1.370880 | learning_rate=0.000029 | epoch=0.358885
2026-02-16 08:32:40.490 | INFO     | __main__:on_log:109 - step=520 | loss=0.132825 | grad_norm=1.186458 | learning_rate=0.000029 | epoch=0.362369
2026-02-16 08:32:47.278 | INFO     | __main__:on_log:109 - step=525 | loss=0.133785 | grad_norm=0.622420 | learning_rate=0.000029 | epoch=0.365854
2026-02-16 08:32:53.874 | INFO     | __main__:on_log:109 - step=530 | loss=0.190516 | grad_norm=0.947535 | learning_rate=0.000029 | epoch=0.369338
2026-02-16 08:33:00.453 | INFO     | __main__:on_log:109 - step=535 | loss=0.130981 | grad_norm=1.166736 | learning_rate=0.000029 | epoch=0.372822
2026-02-16 08:33:06.676 | INFO     | __main__:on_log:109 - step=540 | loss=0.118261 | grad_norm=0.863116 | learning_rate=0.000029 | epoch=0.376307
2026-02-16 08:33:13.286 | INFO     | __main__:on_log:109 - step=545 | loss=0.151156 | grad_norm=0.635060 | learning_rate=0.000029 | epoch=0.379791
2026-02-16 08:33:19.870 | INFO     | __main__:on_log:109 - step=550 | loss=0.179717 | grad_norm=0.896625 | learning_rate=0.000029 | epoch=0.383275
2026-02-16 08:33:27.323 | INFO     | __main__:on_log:109 - step=555 | loss=0.112278 | grad_norm=0.672736 | learning_rate=0.000029 | epoch=0.386760
2026-02-16 08:33:33.909 | INFO     | __main__:on_log:109 - step=560 | loss=0.144064 | grad_norm=1.004149 | learning_rate=0.000029 | epoch=0.390244
2026-02-16 08:33:40.494 | INFO     | __main__:on_log:109 - step=565 | loss=0.203965 | grad_norm=1.463616 | learning_rate=0.000029 | epoch=0.393728
2026-02-16 08:33:47.088 | INFO     | __main__:on_log:109 - step=570 | loss=0.178713 | grad_norm=0.728122 | learning_rate=0.000029 | epoch=0.397213
2026-02-16 08:33:53.672 | INFO     | __main__:on_log:109 - step=575 | loss=0.156890 | grad_norm=1.084169 | learning_rate=0.000029 | epoch=0.400697
2026-02-16 08:33:59.860 | INFO     | __main__:on_log:109 - step=580 | loss=0.154040 | grad_norm=0.816837 | learning_rate=0.000029 | epoch=0.404181
2026-02-16 08:34:06.701 | INFO     | __main__:on_log:109 - step=585 | loss=0.128252 | grad_norm=0.810917 | learning_rate=0.000029 | epoch=0.407666
2026-02-16 08:34:13.304 | INFO     | __main__:on_log:109 - step=590 | loss=0.120765 | grad_norm=0.480180 | learning_rate=0.000029 | epoch=0.411150
2026-02-16 08:34:19.907 | INFO     | __main__:on_log:109 - step=595 | loss=0.189034 | grad_norm=0.956979 | learning_rate=0.000029 | epoch=0.414634
2026-02-16 08:34:26.487 | INFO     | __main__:on_log:109 - step=600 | loss=0.140649 | grad_norm=0.761544 | learning_rate=0.000029 | epoch=0.418118
2026-02-16 08:34:33.713 | INFO     | __main__:on_log:109 - step=605 | loss=0.147099 | grad_norm=1.111393 | learning_rate=0.000029 | epoch=0.421603
2026-02-16 08:34:40.297 | INFO     | __main__:on_log:109 - step=610 | loss=0.131417 | grad_norm=0.681417 | learning_rate=0.000029 | epoch=0.425087
2026-02-16 08:34:47.118 | INFO     | __main__:on_log:109 - step=615 | loss=0.100904 | grad_norm=0.301879 | learning_rate=0.000029 | epoch=0.428571
2026-02-16 08:34:53.712 | INFO     | __main__:on_log:109 - step=620 | loss=0.233466 | grad_norm=0.804631 | learning_rate=0.000029 | epoch=0.432056
2026-02-16 08:35:00.307 | INFO     | __main__:on_log:109 - step=625 | loss=0.123798 | grad_norm=0.932707 | learning_rate=0.000029 | epoch=0.435540
2026-02-16 08:35:06.907 | INFO     | __main__:on_log:109 - step=630 | loss=0.146531 | grad_norm=0.759663 | learning_rate=0.000029 | epoch=0.439024
2026-02-16 08:35:13.488 | INFO     | __main__:on_log:109 - step=635 | loss=0.124980 | grad_norm=0.617656 | learning_rate=0.000029 | epoch=0.442509
2026-02-16 08:35:20.057 | INFO     | __main__:on_log:109 - step=640 | loss=0.136638 | grad_norm=0.819290 | learning_rate=0.000029 | epoch=0.445993
2026-02-16 08:35:26.872 | INFO     | __main__:on_log:109 - step=645 | loss=0.124646 | grad_norm=1.018385 | learning_rate=0.000029 | epoch=0.449477
2026-02-16 08:35:33.484 | INFO     | __main__:on_log:109 - step=650 | loss=0.119296 | grad_norm=1.024848 | learning_rate=0.000029 | epoch=0.452962
2026-02-16 08:35:40.694 | INFO     | __main__:on_log:109 - step=655 | loss=0.121082 | grad_norm=0.801570 | learning_rate=0.000029 | epoch=0.456446
2026-02-16 08:35:47.281 | INFO     | __main__:on_log:109 - step=660 | loss=0.179195 | grad_norm=0.858461 | learning_rate=0.000029 | epoch=0.459930
2026-02-16 08:35:53.878 | INFO     | __main__:on_log:109 - step=665 | loss=0.146814 | grad_norm=0.744565 | learning_rate=0.000029 | epoch=0.463415
2026-02-16 08:36:00.475 | INFO     | __main__:on_log:109 - step=670 | loss=0.102092 | grad_norm=0.991579 | learning_rate=0.000029 | epoch=0.466899
2026-02-16 08:36:07.274 | INFO     | __main__:on_log:109 - step=675 | loss=0.119130 | grad_norm=0.844892 | learning_rate=0.000029 | epoch=0.470383
2026-02-16 08:36:13.896 | INFO     | __main__:on_log:109 - step=680 | loss=0.145936 | grad_norm=0.565535 | learning_rate=0.000029 | epoch=0.473868
2026-02-16 08:36:20.493 | INFO     | __main__:on_log:109 - step=685 | loss=0.142860 | grad_norm=0.916211 | learning_rate=0.000029 | epoch=0.477352
2026-02-16 08:36:27.079 | INFO     | __main__:on_log:109 - step=690 | loss=0.114517 | grad_norm=0.751759 | learning_rate=0.000029 | epoch=0.480836
2026-02-16 08:36:33.684 | INFO     | __main__:on_log:109 - step=695 | loss=0.118208 | grad_norm=1.034885 | learning_rate=0.000029 | epoch=0.484321
2026-02-16 08:36:40.307 | INFO     | __main__:on_log:109 - step=700 | loss=0.142314 | grad_norm=1.439138 | learning_rate=0.000029 | epoch=0.487805
2026-02-16 08:36:47.811 | INFO     | __main__:on_log:109 - step=705 | loss=0.133314 | grad_norm=0.548115 | learning_rate=0.000028 | epoch=0.491289
2026-02-16 08:36:54.447 | INFO     | __main__:on_log:109 - step=710 | loss=0.154905 | grad_norm=1.285185 | learning_rate=0.000028 | epoch=0.494774
2026-02-16 08:37:01.061 | INFO     | __main__:on_log:109 - step=715 | loss=0.131882 | grad_norm=0.688485 | learning_rate=0.000028 | epoch=0.498258
2026-02-16 08:37:07.662 | INFO     | __main__:on_log:109 - step=720 | loss=0.132584 | grad_norm=0.792277 | learning_rate=0.000028 | epoch=0.501742
2026-02-16 08:37:14.244 | INFO     | __main__:on_log:109 - step=725 | loss=0.121736 | grad_norm=1.705596 | learning_rate=0.000028 | epoch=0.505226
2026-02-16 08:37:20.494 | INFO     | __main__:on_log:109 - step=730 | loss=0.112096 | grad_norm=1.186124 | learning_rate=0.000028 | epoch=0.508711
2026-02-16 08:37:27.364 | INFO     | __main__:on_log:109 - step=735 | loss=0.174434 | grad_norm=0.876936 | learning_rate=0.000028 | epoch=0.512195
2026-02-16 08:37:33.969 | INFO     | __main__:on_log:109 - step=740 | loss=0.136048 | grad_norm=0.602950 | learning_rate=0.000028 | epoch=0.515679
2026-02-16 08:37:40.550 | INFO     | __main__:on_log:109 - step=745 | loss=0.112825 | grad_norm=0.758175 | learning_rate=0.000028 | epoch=0.519164
2026-02-16 08:37:47.168 | INFO     | __main__:on_log:109 - step=750 | loss=0.103098 | grad_norm=1.890398 | learning_rate=0.000028 | epoch=0.522648
2026-02-16 08:37:54.346 | INFO     | __main__:on_log:109 - step=755 | loss=0.151164 | grad_norm=0.550560 | learning_rate=0.000028 | epoch=0.526132
2026-02-16 08:38:00.944 | INFO     | __main__:on_log:109 - step=760 | loss=0.118222 | grad_norm=0.914793 | learning_rate=0.000028 | epoch=0.529617
2026-02-16 08:38:07.818 | INFO     | __main__:on_log:109 - step=765 | loss=0.151894 | grad_norm=0.671175 | learning_rate=0.000028 | epoch=0.533101
2026-02-16 08:38:14.436 | INFO     | __main__:on_log:109 - step=770 | loss=0.160856 | grad_norm=0.732504 | learning_rate=0.000028 | epoch=0.536585
2026-02-16 08:38:21.042 | INFO     | __main__:on_log:109 - step=775 | loss=0.111853 | grad_norm=0.698991 | learning_rate=0.000028 | epoch=0.540070
2026-02-16 08:38:27.298 | INFO     | __main__:on_log:109 - step=780 | loss=0.104938 | grad_norm=0.693158 | learning_rate=0.000028 | epoch=0.543554
2026-02-16 08:38:33.898 | INFO     | __main__:on_log:109 - step=785 | loss=0.113210 | grad_norm=0.863795 | learning_rate=0.000028 | epoch=0.547038
2026-02-16 08:38:40.515 | INFO     | __main__:on_log:109 - step=790 | loss=0.157865 | grad_norm=0.719183 | learning_rate=0.000028 | epoch=0.550523
2026-02-16 08:38:47.417 | INFO     | __main__:on_log:109 - step=795 | loss=0.137088 | grad_norm=0.663615 | learning_rate=0.000028 | epoch=0.554007
2026-02-16 08:38:53.687 | INFO     | __main__:on_log:109 - step=800 | loss=0.089282 | grad_norm=1.227623 | learning_rate=0.000028 | epoch=0.557491
2026-02-16 08:39:00.827 | INFO     | __main__:on_log:109 - step=805 | loss=0.112640 | grad_norm=1.123777 | learning_rate=0.000028 | epoch=0.560976
2026-02-16 08:39:07.449 | INFO     | __main__:on_log:109 - step=810 | loss=0.103594 | grad_norm=0.754740 | learning_rate=0.000028 | epoch=0.564460
2026-02-16 08:39:14.060 | INFO     | __main__:on_log:109 - step=815 | loss=0.145019 | grad_norm=1.234175 | learning_rate=0.000028 | epoch=0.567944
2026-02-16 08:39:20.314 | INFO     | __main__:on_log:109 - step=820 | loss=0.113888 | grad_norm=1.638910 | learning_rate=0.000028 | epoch=0.571429
2026-02-16 08:39:27.168 | INFO     | __main__:on_log:109 - step=825 | loss=0.117367 | grad_norm=0.847448 | learning_rate=0.000028 | epoch=0.574913
2026-02-16 08:39:33.774 | INFO     | __main__:on_log:109 - step=830 | loss=0.158140 | grad_norm=0.740018 | learning_rate=0.000028 | epoch=0.578397
2026-02-16 08:39:40.380 | INFO     | __main__:on_log:109 - step=835 | loss=0.146284 | grad_norm=0.789809 | learning_rate=0.000028 | epoch=0.581882
2026-02-16 08:39:46.994 | INFO     | __main__:on_log:109 - step=840 | loss=0.157043 | grad_norm=0.976583 | learning_rate=0.000028 | epoch=0.585366
2026-02-16 08:39:53.624 | INFO     | __main__:on_log:109 - step=845 | loss=0.149710 | grad_norm=1.007313 | learning_rate=0.000028 | epoch=0.588850
2026-02-16 08:40:00.213 | INFO     | __main__:on_log:109 - step=850 | loss=0.149411 | grad_norm=0.671639 | learning_rate=0.000028 | epoch=0.592334
2026-02-16 08:40:07.724 | INFO     | __main__:on_log:109 - step=855 | loss=0.116925 | grad_norm=0.928467 | learning_rate=0.000028 | epoch=0.595819
2026-02-16 08:40:14.357 | INFO     | __main__:on_log:109 - step=860 | loss=0.113556 | grad_norm=0.543425 | learning_rate=0.000028 | epoch=0.599303
2026-02-16 08:40:20.988 | INFO     | __main__:on_log:109 - step=865 | loss=0.141998 | grad_norm=0.907526 | learning_rate=0.000028 | epoch=0.602787
2026-02-16 08:40:27.576 | INFO     | __main__:on_log:109 - step=870 | loss=0.106929 | grad_norm=0.892969 | learning_rate=0.000028 | epoch=0.606272
2026-02-16 08:40:34.158 | INFO     | __main__:on_log:109 - step=875 | loss=0.157024 | grad_norm=1.071245 | learning_rate=0.000028 | epoch=0.609756
2026-02-16 08:40:40.772 | INFO     | __main__:on_log:109 - step=880 | loss=0.129984 | grad_norm=0.638886 | learning_rate=0.000028 | epoch=0.613240
2026-02-16 08:40:47.678 | INFO     | __main__:on_log:109 - step=885 | loss=0.127323 | grad_norm=0.665403 | learning_rate=0.000028 | epoch=0.616725
2026-02-16 08:40:54.311 | INFO     | __main__:on_log:109 - step=890 | loss=0.111056 | grad_norm=0.675584 | learning_rate=0.000028 | epoch=0.620209
2026-02-16 08:41:00.910 | INFO     | __main__:on_log:109 - step=895 | loss=0.107740 | grad_norm=1.378817 | learning_rate=0.000028 | epoch=0.623693
2026-02-16 08:41:07.546 | INFO     | __main__:on_log:109 - step=900 | loss=0.182846 | grad_norm=0.915239 | learning_rate=0.000028 | epoch=0.627178
2026-02-16 08:41:14.746 | INFO     | __main__:on_log:109 - step=905 | loss=0.119786 | grad_norm=0.837824 | learning_rate=0.000028 | epoch=0.630662
2026-02-16 08:41:21.329 | INFO     | __main__:on_log:109 - step=910 | loss=0.116088 | grad_norm=0.867575 | learning_rate=0.000028 | epoch=0.634146
2026-02-16 08:41:28.115 | INFO     | __main__:on_log:109 - step=915 | loss=0.122407 | grad_norm=0.578221 | learning_rate=0.000028 | epoch=0.637631
2026-02-16 08:41:34.677 | INFO     | __main__:on_log:109 - step=920 | loss=0.130903 | grad_norm=0.879165 | learning_rate=0.000028 | epoch=0.641115
2026-02-16 08:41:41.265 | INFO     | __main__:on_log:109 - step=925 | loss=0.145483 | grad_norm=0.787880 | learning_rate=0.000028 | epoch=0.644599
2026-02-16 08:41:47.854 | INFO     | __main__:on_log:109 - step=930 | loss=0.131316 | grad_norm=0.718601 | learning_rate=0.000027 | epoch=0.648084
2026-02-16 08:41:54.442 | INFO     | __main__:on_log:109 - step=935 | loss=0.165306 | grad_norm=1.084003 | learning_rate=0.000027 | epoch=0.651568
2026-02-16 08:42:01.005 | INFO     | __main__:on_log:109 - step=940 | loss=0.132692 | grad_norm=0.813155 | learning_rate=0.000027 | epoch=0.655052
2026-02-16 08:42:07.861 | INFO     | __main__:on_log:109 - step=945 | loss=0.088248 | grad_norm=0.670980 | learning_rate=0.000027 | epoch=0.658537
2026-02-16 08:42:14.416 | INFO     | __main__:on_log:109 - step=950 | loss=0.130034 | grad_norm=0.898270 | learning_rate=0.000027 | epoch=0.662021
2026-02-16 08:42:21.764 | INFO     | __main__:on_log:109 - step=955 | loss=0.110488 | grad_norm=0.807036 | learning_rate=0.000027 | epoch=0.665505
2026-02-16 08:42:28.345 | INFO     | __main__:on_log:109 - step=960 | loss=0.140563 | grad_norm=1.177030 | learning_rate=0.000027 | epoch=0.668990
2026-02-16 08:42:34.946 | INFO     | __main__:on_log:109 - step=965 | loss=0.111719 | grad_norm=0.980254 | learning_rate=0.000027 | epoch=0.672474
2026-02-16 08:42:41.188 | INFO     | __main__:on_log:109 - step=970 | loss=0.092378 | grad_norm=0.774720 | learning_rate=0.000027 | epoch=0.675958
2026-02-16 08:42:48.051 | INFO     | __main__:on_log:109 - step=975 | loss=0.117534 | grad_norm=0.825357 | learning_rate=0.000027 | epoch=0.679443
2026-02-16 08:42:54.674 | INFO     | __main__:on_log:109 - step=980 | loss=0.093637 | grad_norm=0.611031 | learning_rate=0.000027 | epoch=0.682927
2026-02-16 08:43:01.314 | INFO     | __main__:on_log:109 - step=985 | loss=0.135679 | grad_norm=1.765980 | learning_rate=0.000027 | epoch=0.686411
2026-02-16 08:43:07.940 | INFO     | __main__:on_log:109 - step=990 | loss=0.110745 | grad_norm=0.663156 | learning_rate=0.000027 | epoch=0.689895
2026-02-16 08:43:14.550 | INFO     | __main__:on_log:109 - step=995 | loss=0.093109 | grad_norm=0.693742 | learning_rate=0.000027 | epoch=0.693380
2026-02-16 08:43:21.096 | INFO     | __main__:on_log:109 - step=1000 | loss=0.128037 | grad_norm=0.654289 | learning_rate=0.000027 | epoch=0.696864
2026-02-16 08:43:28.539 | INFO     | __main__:on_log:109 - step=1005 | loss=0.094994 | grad_norm=0.979361 | learning_rate=0.000027 | epoch=0.700348
2026-02-16 08:43:35.147 | INFO     | __main__:on_log:109 - step=1010 | loss=0.134847 | grad_norm=0.603455 | learning_rate=0.000027 | epoch=0.703833
2026-02-16 08:43:41.762 | INFO     | __main__:on_log:109 - step=1015 | loss=0.083570 | grad_norm=0.703234 | learning_rate=0.000027 | epoch=0.707317
2026-02-16 08:43:48.394 | INFO     | __main__:on_log:109 - step=1020 | loss=0.093210 | grad_norm=1.021051 | learning_rate=0.000027 | epoch=0.710801
2026-02-16 08:43:54.993 | INFO     | __main__:on_log:109 - step=1025 | loss=0.064774 | grad_norm=0.645794 | learning_rate=0.000027 | epoch=0.714286
2026-02-16 08:44:01.584 | INFO     | __main__:on_log:109 - step=1030 | loss=0.107638 | grad_norm=0.889923 | learning_rate=0.000027 | epoch=0.717770
2026-02-16 08:44:08.483 | INFO     | __main__:on_log:109 - step=1035 | loss=0.106216 | grad_norm=0.994345 | learning_rate=0.000027 | epoch=0.721254
2026-02-16 08:44:15.107 | INFO     | __main__:on_log:109 - step=1040 | loss=0.146838 | grad_norm=0.748693 | learning_rate=0.000027 | epoch=0.724739
2026-02-16 08:44:21.718 | INFO     | __main__:on_log:109 - step=1045 | loss=0.067841 | grad_norm=0.629797 | learning_rate=0.000027 | epoch=0.728223
2026-02-16 08:44:28.332 | INFO     | __main__:on_log:109 - step=1050 | loss=0.116682 | grad_norm=0.579537 | learning_rate=0.000027 | epoch=0.731707
2026-02-16 08:44:35.558 | INFO     | __main__:on_log:109 - step=1055 | loss=0.099079 | grad_norm=0.721697 | learning_rate=0.000027 | epoch=0.735192
2026-02-16 08:44:42.145 | INFO     | __main__:on_log:109 - step=1060 | loss=0.117144 | grad_norm=0.649499 | learning_rate=0.000027 | epoch=0.738676
2026-02-16 08:44:48.640 | INFO     | __main__:on_log:109 - step=1065 | loss=0.095381 | grad_norm=0.647821 | learning_rate=0.000027 | epoch=0.742160
2026-02-16 08:44:55.246 | INFO     | __main__:on_log:109 - step=1070 | loss=0.109389 | grad_norm=0.794668 | learning_rate=0.000027 | epoch=0.745645
2026-02-16 08:45:01.879 | INFO     | __main__:on_log:109 - step=1075 | loss=0.151933 | grad_norm=1.116981 | learning_rate=0.000027 | epoch=0.749129
2026-02-16 08:45:08.474 | INFO     | __main__:on_log:109 - step=1080 | loss=0.135671 | grad_norm=0.925047 | learning_rate=0.000027 | epoch=0.752613
2026-02-16 08:45:15.108 | INFO     | __main__:on_log:109 - step=1085 | loss=0.150135 | grad_norm=0.887645 | learning_rate=0.000027 | epoch=0.756098
2026-02-16 08:45:21.687 | INFO     | __main__:on_log:109 - step=1090 | loss=0.168633 | grad_norm=1.014248 | learning_rate=0.000027 | epoch=0.759582
2026-02-16 08:45:28.581 | INFO     | __main__:on_log:109 - step=1095 | loss=0.127876 | grad_norm=0.707349 | learning_rate=0.000027 | epoch=0.763066
2026-02-16 08:45:35.187 | INFO     | __main__:on_log:109 - step=1100 | loss=0.119667 | grad_norm=0.666434 | learning_rate=0.000027 | epoch=0.766551
2026-02-16 08:45:42.402 | INFO     | __main__:on_log:109 - step=1105 | loss=0.114888 | grad_norm=0.790535 | learning_rate=0.000027 | epoch=0.770035
2026-02-16 08:45:49.027 | INFO     | __main__:on_log:109 - step=1110 | loss=0.146708 | grad_norm=1.112152 | learning_rate=0.000027 | epoch=0.773519
2026-02-16 08:45:55.625 | INFO     | __main__:on_log:109 - step=1115 | loss=0.120591 | grad_norm=0.971594 | learning_rate=0.000027 | epoch=0.777003
2026-02-16 08:46:02.237 | INFO     | __main__:on_log:109 - step=1120 | loss=0.139761 | grad_norm=1.228614 | learning_rate=0.000027 | epoch=0.780488
2026-02-16 08:46:09.029 | INFO     | __main__:on_log:109 - step=1125 | loss=0.114044 | grad_norm=1.685922 | learning_rate=0.000027 | epoch=0.783972
2026-02-16 08:46:15.595 | INFO     | __main__:on_log:109 - step=1130 | loss=0.139423 | grad_norm=1.190072 | learning_rate=0.000027 | epoch=0.787456
2026-02-16 08:46:22.201 | INFO     | __main__:on_log:109 - step=1135 | loss=0.180544 | grad_norm=0.536167 | learning_rate=0.000027 | epoch=0.790941
2026-02-16 08:46:28.805 | INFO     | __main__:on_log:109 - step=1140 | loss=0.096076 | grad_norm=0.901490 | learning_rate=0.000027 | epoch=0.794425
2026-02-16 08:46:35.425 | INFO     | __main__:on_log:109 - step=1145 | loss=0.135909 | grad_norm=0.469690 | learning_rate=0.000027 | epoch=0.797909
2026-02-16 08:46:42.002 | INFO     | __main__:on_log:109 - step=1150 | loss=0.133368 | grad_norm=1.104529 | learning_rate=0.000027 | epoch=0.801394
2026-02-16 08:46:49.463 | INFO     | __main__:on_log:109 - step=1155 | loss=0.088586 | grad_norm=0.671394 | learning_rate=0.000027 | epoch=0.804878
2026-02-16 08:46:56.090 | INFO     | __main__:on_log:109 - step=1160 | loss=0.122833 | grad_norm=0.757050 | learning_rate=0.000026 | epoch=0.808362
2026-02-16 08:47:02.685 | INFO     | __main__:on_log:109 - step=1165 | loss=0.135443 | grad_norm=0.765038 | learning_rate=0.000026 | epoch=0.811847
2026-02-16 08:47:09.297 | INFO     | __main__:on_log:109 - step=1170 | loss=0.086336 | grad_norm=0.636219 | learning_rate=0.000026 | epoch=0.815331
2026-02-16 08:47:15.914 | INFO     | __main__:on_log:109 - step=1175 | loss=0.166560 | grad_norm=0.894905 | learning_rate=0.000026 | epoch=0.818815
2026-02-16 08:47:22.485 | INFO     | __main__:on_log:109 - step=1180 | loss=0.119103 | grad_norm=0.954021 | learning_rate=0.000026 | epoch=0.822300
2026-02-16 08:47:28.728 | INFO     | __main__:on_log:109 - step=1185 | loss=0.068233 | grad_norm=0.942119 | learning_rate=0.000026 | epoch=0.825784
2026-02-16 08:47:35.349 | INFO     | __main__:on_log:109 - step=1190 | loss=0.114159 | grad_norm=0.573354 | learning_rate=0.000026 | epoch=0.829268
2026-02-16 08:47:41.944 | INFO     | __main__:on_log:109 - step=1195 | loss=0.102579 | grad_norm=0.753095 | learning_rate=0.000026 | epoch=0.832753
2026-02-16 08:47:48.560 | INFO     | __main__:on_log:109 - step=1200 | loss=0.130857 | grad_norm=0.962086 | learning_rate=0.000026 | epoch=0.836237
2026-02-16 08:47:55.753 | INFO     | __main__:on_log:109 - step=1205 | loss=0.146917 | grad_norm=0.755620 | learning_rate=0.000026 | epoch=0.839721
2026-02-16 08:48:02.339 | INFO     | __main__:on_log:109 - step=1210 | loss=0.090205 | grad_norm=0.950203 | learning_rate=0.000026 | epoch=0.843206
2026-02-16 08:48:09.185 | INFO     | __main__:on_log:109 - step=1215 | loss=0.153238 | grad_norm=0.829246 | learning_rate=0.000026 | epoch=0.846690
2026-02-16 08:48:15.453 | INFO     | __main__:on_log:109 - step=1220 | loss=0.141651 | grad_norm=0.731350 | learning_rate=0.000026 | epoch=0.850174
2026-02-16 08:48:22.074 | INFO     | __main__:on_log:109 - step=1225 | loss=0.147524 | grad_norm=0.756200 | learning_rate=0.000026 | epoch=0.853659
2026-02-16 08:48:28.714 | INFO     | __main__:on_log:109 - step=1230 | loss=0.125018 | grad_norm=0.473810 | learning_rate=0.000026 | epoch=0.857143
2026-02-16 08:48:35.333 | INFO     | __main__:on_log:109 - step=1235 | loss=0.163102 | grad_norm=0.724007 | learning_rate=0.000026 | epoch=0.860627
2026-02-16 08:48:41.951 | INFO     | __main__:on_log:109 - step=1240 | loss=0.120452 | grad_norm=0.871653 | learning_rate=0.000026 | epoch=0.864111
2026-02-16 08:48:48.814 | INFO     | __main__:on_log:109 - step=1245 | loss=0.104474 | grad_norm=0.674312 | learning_rate=0.000026 | epoch=0.867596
2026-02-16 08:48:55.415 | INFO     | __main__:on_log:109 - step=1250 | loss=0.113029 | grad_norm=0.934347 | learning_rate=0.000026 | epoch=0.871080
2026-02-16 08:49:02.242 | INFO     | __main__:on_log:109 - step=1255 | loss=0.106370 | grad_norm=0.584912 | learning_rate=0.000026 | epoch=0.874564
2026-02-16 08:49:08.846 | INFO     | __main__:on_log:109 - step=1260 | loss=0.112318 | grad_norm=0.569153 | learning_rate=0.000026 | epoch=0.878049
2026-02-16 08:49:15.441 | INFO     | __main__:on_log:109 - step=1265 | loss=0.116679 | grad_norm=1.048363 | learning_rate=0.000026 | epoch=0.881533
2026-02-16 08:49:22.034 | INFO     | __main__:on_log:109 - step=1270 | loss=0.091731 | grad_norm=0.670711 | learning_rate=0.000026 | epoch=0.885017
2026-02-16 08:49:28.881 | INFO     | __main__:on_log:109 - step=1275 | loss=0.112623 | grad_norm=1.128209 | learning_rate=0.000026 | epoch=0.888502
2026-02-16 08:49:35.492 | INFO     | __main__:on_log:109 - step=1280 | loss=0.093538 | grad_norm=0.992392 | learning_rate=0.000026 | epoch=0.891986
2026-02-16 08:49:42.107 | INFO     | __main__:on_log:109 - step=1285 | loss=0.154757 | grad_norm=1.013018 | learning_rate=0.000026 | epoch=0.895470
2026-02-16 08:49:48.359 | INFO     | __main__:on_log:109 - step=1290 | loss=0.126916 | grad_norm=0.000000 | learning_rate=0.000026 | epoch=0.898955
2026-02-16 08:49:54.618 | INFO     | __main__:on_log:109 - step=1295 | loss=0.097062 | grad_norm=0.291462 | learning_rate=0.000026 | epoch=0.902439
2026-02-16 08:50:01.202 | INFO     | __main__:on_log:109 - step=1300 | loss=0.115852 | grad_norm=0.913808 | learning_rate=0.000026 | epoch=0.905923
2026-02-16 08:50:08.676 | INFO     | __main__:on_log:109 - step=1305 | loss=0.102512 | grad_norm=0.904385 | learning_rate=0.000026 | epoch=0.909408
2026-02-16 08:50:15.269 | INFO     | __main__:on_log:109 - step=1310 | loss=0.124193 | grad_norm=0.748019 | learning_rate=0.000026 | epoch=0.912892
2026-02-16 08:50:21.870 | INFO     | __main__:on_log:109 - step=1315 | loss=0.106604 | grad_norm=0.565340 | learning_rate=0.000026 | epoch=0.916376
2026-02-16 08:50:28.461 | INFO     | __main__:on_log:109 - step=1320 | loss=0.090394 | grad_norm=0.919762 | learning_rate=0.000026 | epoch=0.919861
2026-02-16 08:50:35.053 | INFO     | __main__:on_log:109 - step=1325 | loss=0.134231 | grad_norm=0.941769 | learning_rate=0.000026 | epoch=0.923345
2026-02-16 08:50:41.635 | INFO     | __main__:on_log:109 - step=1330 | loss=0.090120 | grad_norm=0.697925 | learning_rate=0.000026 | epoch=0.926829
2026-02-16 08:50:48.557 | INFO     | __main__:on_log:109 - step=1335 | loss=0.112023 | grad_norm=0.795542 | learning_rate=0.000026 | epoch=0.930314
2026-02-16 08:50:55.124 | INFO     | __main__:on_log:109 - step=1340 | loss=0.145754 | grad_norm=0.635966 | learning_rate=0.000026 | epoch=0.933798
2026-02-16 08:51:01.744 | INFO     | __main__:on_log:109 - step=1345 | loss=0.094728 | grad_norm=0.726570 | learning_rate=0.000026 | epoch=0.937282
2026-02-16 08:51:08.349 | INFO     | __main__:on_log:109 - step=1350 | loss=0.152664 | grad_norm=0.992279 | learning_rate=0.000026 | epoch=0.940767
2026-02-16 08:51:15.603 | INFO     | __main__:on_log:109 - step=1355 | loss=0.114329 | grad_norm=0.909299 | learning_rate=0.000026 | epoch=0.944251
2026-02-16 08:51:22.229 | INFO     | __main__:on_log:109 - step=1360 | loss=0.095306 | grad_norm=0.683325 | learning_rate=0.000026 | epoch=0.947735
2026-02-16 08:51:29.110 | INFO     | __main__:on_log:109 - step=1365 | loss=0.105464 | grad_norm=0.548718 | learning_rate=0.000026 | epoch=0.951220
2026-02-16 08:51:35.738 | INFO     | __main__:on_log:109 - step=1370 | loss=0.084496 | grad_norm=0.963916 | learning_rate=0.000026 | epoch=0.954704
2026-02-16 08:51:42.366 | INFO     | __main__:on_log:109 - step=1375 | loss=0.148528 | grad_norm=1.884007 | learning_rate=0.000026 | epoch=0.958188
2026-02-16 08:51:48.979 | INFO     | __main__:on_log:109 - step=1380 | loss=0.106532 | grad_norm=1.731433 | learning_rate=0.000026 | epoch=0.961672
2026-02-16 08:51:55.577 | INFO     | __main__:on_log:109 - step=1385 | loss=0.073123 | grad_norm=0.464776 | learning_rate=0.000025 | epoch=0.965157
2026-02-16 08:52:02.191 | INFO     | __main__:on_log:109 - step=1390 | loss=0.096335 | grad_norm=0.375743 | learning_rate=0.000025 | epoch=0.968641
2026-02-16 08:52:09.011 | INFO     | __main__:on_log:109 - step=1395 | loss=0.070849 | grad_norm=0.510419 | learning_rate=0.000025 | epoch=0.972125
2026-02-16 08:52:15.593 | INFO     | __main__:on_log:109 - step=1400 | loss=0.114192 | grad_norm=0.681764 | learning_rate=0.000025 | epoch=0.975610
2026-02-16 08:52:22.743 | INFO     | __main__:on_log:109 - step=1405 | loss=0.164541 | grad_norm=0.897947 | learning_rate=0.000025 | epoch=0.979094
2026-02-16 08:52:29.311 | INFO     | __main__:on_log:109 - step=1410 | loss=0.143980 | grad_norm=1.388640 | learning_rate=0.000025 | epoch=0.982578
2026-02-16 08:52:35.925 | INFO     | __main__:on_log:109 - step=1415 | loss=0.119551 | grad_norm=1.261580 | learning_rate=0.000025 | epoch=0.986063
2026-02-16 08:52:42.186 | INFO     | __main__:on_log:109 - step=1420 | loss=0.064461 | grad_norm=0.605394 | learning_rate=0.000025 | epoch=0.989547
2026-02-16 08:52:48.995 | INFO     | __main__:on_log:109 - step=1425 | loss=0.081316 | grad_norm=0.487497 | learning_rate=0.000025 | epoch=0.993031
2026-02-16 08:52:55.605 | INFO     | __main__:on_log:109 - step=1430 | loss=0.082875 | grad_norm=0.401721 | learning_rate=0.000025 | epoch=0.996516
2026-02-16 08:53:01.616 | INFO     | __main__:on_log:109 - step=1435 | loss=0.179652 | grad_norm=1.627156 | learning_rate=0.000025 | epoch=1.000000
2026-02-16 08:53:08.242 | INFO     | __main__:on_log:109 - step=1440 | loss=0.088916 | grad_norm=0.652527 | learning_rate=0.000025 | epoch=1.003484
2026-02-16 08:53:14.876 | INFO     | __main__:on_log:109 - step=1445 | loss=0.076340 | grad_norm=0.609639 | learning_rate=0.000025 | epoch=1.006969
2026-02-16 08:53:21.705 | INFO     | __main__:on_log:109 - step=1450 | loss=0.095520 | grad_norm=0.786670 | learning_rate=0.000025 | epoch=1.010453
2026-02-16 08:53:28.977 | INFO     | __main__:on_log:109 - step=1455 | loss=0.125727 | grad_norm=0.663112 | learning_rate=0.000025 | epoch=1.013937
2026-02-16 08:53:35.193 | INFO     | __main__:on_log:109 - step=1460 | loss=0.082869 | grad_norm=0.698405 | learning_rate=0.000025 | epoch=1.017422
2026-02-16 08:53:41.805 | INFO     | __main__:on_log:109 - step=1465 | loss=0.122184 | grad_norm=0.682389 | learning_rate=0.000025 | epoch=1.020906
2026-02-16 08:53:48.411 | INFO     | __main__:on_log:109 - step=1470 | loss=0.082361 | grad_norm=0.801003 | learning_rate=0.000025 | epoch=1.024390
2026-02-16 08:53:55.274 | INFO     | __main__:on_log:109 - step=1475 | loss=0.137690 | grad_norm=0.787282 | learning_rate=0.000025 | epoch=1.027875
2026-02-16 08:54:01.871 | INFO     | __main__:on_log:109 - step=1480 | loss=0.118031 | grad_norm=0.538059 | learning_rate=0.000025 | epoch=1.031359
2026-02-16 08:54:08.482 | INFO     | __main__:on_log:109 - step=1485 | loss=0.135590 | grad_norm=0.904376 | learning_rate=0.000025 | epoch=1.034843
2026-02-16 08:54:15.060 | INFO     | __main__:on_log:109 - step=1490 | loss=0.117058 | grad_norm=0.905151 | learning_rate=0.000025 | epoch=1.038328
2026-02-16 08:54:21.666 | INFO     | __main__:on_log:109 - step=1495 | loss=0.084124 | grad_norm=0.685815 | learning_rate=0.000025 | epoch=1.041812
2026-02-16 08:54:28.117 | INFO     | __main__:on_log:109 - step=1500 | loss=0.086427 | grad_norm=0.480058 | learning_rate=0.000025 | epoch=1.045296
2026-02-16 08:54:35.267 | INFO     | __main__:on_log:109 - step=1505 | loss=0.082599 | grad_norm=0.778701 | learning_rate=0.000025 | epoch=1.048780
2026-02-16 08:54:41.877 | INFO     | __main__:on_log:109 - step=1510 | loss=0.138227 | grad_norm=0.745320 | learning_rate=0.000025 | epoch=1.052265
2026-02-16 08:54:48.460 | INFO     | __main__:on_log:109 - step=1515 | loss=0.082335 | grad_norm=0.576812 | learning_rate=0.000025 | epoch=1.055749
2026-02-16 08:54:55.073 | INFO     | __main__:on_log:109 - step=1520 | loss=0.124625 | grad_norm=0.719971 | learning_rate=0.000025 | epoch=1.059233
2026-02-16 08:55:01.892 | INFO     | __main__:on_log:109 - step=1525 | loss=0.095057 | grad_norm=0.831553 | learning_rate=0.000025 | epoch=1.062718
2026-02-16 08:55:08.492 | INFO     | __main__:on_log:109 - step=1530 | loss=0.083055 | grad_norm=0.631379 | learning_rate=0.000025 | epoch=1.066202
2026-02-16 08:55:15.079 | INFO     | __main__:on_log:109 - step=1535 | loss=0.087958 | grad_norm=0.810971 | learning_rate=0.000025 | epoch=1.069686
2026-02-16 08:55:21.694 | INFO     | __main__:on_log:109 - step=1540 | loss=0.105809 | grad_norm=0.544839 | learning_rate=0.000025 | epoch=1.073171
2026-02-16 08:55:28.296 | INFO     | __main__:on_log:109 - step=1545 | loss=0.109190 | grad_norm=0.599087 | learning_rate=0.000025 | epoch=1.076655
2026-02-16 08:55:35.154 | INFO     | __main__:on_log:109 - step=1550 | loss=0.101447 | grad_norm=0.602041 | learning_rate=0.000025 | epoch=1.080139
2026-02-16 08:55:42.417 | INFO     | __main__:on_log:109 - step=1555 | loss=0.051067 | grad_norm=1.110384 | learning_rate=0.000025 | epoch=1.083624
2026-02-16 08:55:49.073 | INFO     | __main__:on_log:109 - step=1560 | loss=0.117651 | grad_norm=0.991664 | learning_rate=0.000025 | epoch=1.087108
2026-02-16 08:55:55.665 | INFO     | __main__:on_log:109 - step=1565 | loss=0.108279 | grad_norm=1.090111 | learning_rate=0.000025 | epoch=1.090592
2026-02-16 08:56:02.285 | INFO     | __main__:on_log:109 - step=1570 | loss=0.064010 | grad_norm=0.847298 | learning_rate=0.000025 | epoch=1.094077
2026-02-16 08:56:09.146 | INFO     | __main__:on_log:109 - step=1575 | loss=0.078667 | grad_norm=0.611147 | learning_rate=0.000025 | epoch=1.097561
2026-02-16 08:56:15.747 | INFO     | __main__:on_log:109 - step=1580 | loss=0.088593 | grad_norm=0.915006 | learning_rate=0.000025 | epoch=1.101045
2026-02-16 08:56:22.336 | INFO     | __main__:on_log:109 - step=1585 | loss=0.102929 | grad_norm=0.603319 | learning_rate=0.000025 | epoch=1.104530
2026-02-16 08:56:28.927 | INFO     | __main__:on_log:109 - step=1590 | loss=0.132127 | grad_norm=0.992170 | learning_rate=0.000025 | epoch=1.108014
2026-02-16 08:56:35.514 | INFO     | __main__:on_log:109 - step=1595 | loss=0.103812 | grad_norm=0.850917 | learning_rate=0.000025 | epoch=1.111498
2026-02-16 08:56:42.136 | INFO     | __main__:on_log:109 - step=1600 | loss=0.097330 | grad_norm=1.051872 | learning_rate=0.000025 | epoch=1.114983
2026-02-16 08:56:49.561 | INFO     | __main__:on_log:109 - step=1605 | loss=0.082129 | grad_norm=0.700015 | learning_rate=0.000025 | epoch=1.118467
2026-02-16 08:56:56.177 | INFO     | __main__:on_log:109 - step=1610 | loss=0.092489 | grad_norm=0.458230 | learning_rate=0.000024 | epoch=1.121951
2026-02-16 08:57:02.388 | INFO     | __main__:on_log:109 - step=1615 | loss=0.119556 | grad_norm=0.701441 | learning_rate=0.000024 | epoch=1.125436
2026-02-16 08:57:08.971 | INFO     | __main__:on_log:109 - step=1620 | loss=0.090195 | grad_norm=0.967984 | learning_rate=0.000024 | epoch=1.128920
2026-02-16 08:57:15.573 | INFO     | __main__:on_log:109 - step=1625 | loss=0.102452 | grad_norm=1.612125 | learning_rate=0.000024 | epoch=1.132404
2026-02-16 08:57:22.140 | INFO     | __main__:on_log:109 - step=1630 | loss=0.144021 | grad_norm=1.249690 | learning_rate=0.000024 | epoch=1.135889
2026-02-16 08:57:28.625 | INFO     | __main__:on_log:109 - step=1635 | loss=0.104207 | grad_norm=0.668925 | learning_rate=0.000024 | epoch=1.139373
2026-02-16 08:57:34.887 | INFO     | __main__:on_log:109 - step=1640 | loss=0.132612 | grad_norm=1.260237 | learning_rate=0.000024 | epoch=1.142857
2026-02-16 08:57:41.469 | INFO     | __main__:on_log:109 - step=1645 | loss=0.068824 | grad_norm=1.597183 | learning_rate=0.000024 | epoch=1.146341
2026-02-16 08:57:48.053 | INFO     | __main__:on_log:109 - step=1650 | loss=0.083597 | grad_norm=0.525733 | learning_rate=0.000024 | epoch=1.149826
2026-02-16 08:57:55.324 | INFO     | __main__:on_log:109 - step=1655 | loss=0.124589 | grad_norm=0.498597 | learning_rate=0.000024 | epoch=1.153310
2026-02-16 08:58:02.108 | INFO     | __main__:on_log:109 - step=1660 | loss=0.060491 | grad_norm=0.622213 | learning_rate=0.000024 | epoch=1.156794
2026-02-16 08:58:08.710 | INFO     | __main__:on_log:109 - step=1665 | loss=0.092674 | grad_norm=0.981103 | learning_rate=0.000024 | epoch=1.160279
2026-02-16 08:58:15.327 | INFO     | __main__:on_log:109 - step=1670 | loss=0.101924 | grad_norm=0.939743 | learning_rate=0.000024 | epoch=1.163763
2026-02-16 08:58:21.960 | INFO     | __main__:on_log:109 - step=1675 | loss=0.083390 | grad_norm=0.926628 | learning_rate=0.000024 | epoch=1.167247
2026-02-16 08:58:28.538 | INFO     | __main__:on_log:109 - step=1680 | loss=0.166380 | grad_norm=0.617028 | learning_rate=0.000024 | epoch=1.170732
2026-02-16 08:58:35.342 | INFO     | __main__:on_log:109 - step=1685 | loss=0.120296 | grad_norm=0.804075 | learning_rate=0.000024 | epoch=1.174216
2026-02-16 08:58:41.942 | INFO     | __main__:on_log:109 - step=1690 | loss=0.116880 | grad_norm=1.165894 | learning_rate=0.000024 | epoch=1.177700
2026-02-16 08:58:48.552 | INFO     | __main__:on_log:109 - step=1695 | loss=0.121681 | grad_norm=0.967907 | learning_rate=0.000024 | epoch=1.181185
2026-02-16 08:58:55.163 | INFO     | __main__:on_log:109 - step=1700 | loss=0.096257 | grad_norm=0.858480 | learning_rate=0.000024 | epoch=1.184669
2026-02-16 08:59:02.401 | INFO     | __main__:on_log:109 - step=1705 | loss=0.105812 | grad_norm=1.141164 | learning_rate=0.000024 | epoch=1.188153
2026-02-16 08:59:09.259 | INFO     | __main__:on_log:109 - step=1710 | loss=0.098096 | grad_norm=0.939166 | learning_rate=0.000024 | epoch=1.191638
2026-02-16 08:59:15.874 | INFO     | __main__:on_log:109 - step=1715 | loss=0.091554 | grad_norm=0.560363 | learning_rate=0.000024 | epoch=1.195122
2026-02-16 08:59:22.126 | INFO     | __main__:on_log:109 - step=1720 | loss=0.074058 | grad_norm=0.734560 | learning_rate=0.000024 | epoch=1.198606
2026-02-16 08:59:28.352 | INFO     | __main__:on_log:109 - step=1725 | loss=0.098130 | grad_norm=0.892968 | learning_rate=0.000024 | epoch=1.202091
2026-02-16 08:59:34.971 | INFO     | __main__:on_log:109 - step=1730 | loss=0.124798 | grad_norm=1.535757 | learning_rate=0.000024 | epoch=1.205575
2026-02-16 08:59:41.793 | INFO     | __main__:on_log:109 - step=1735 | loss=0.065108 | grad_norm=0.606553 | learning_rate=0.000024 | epoch=1.209059
2026-02-16 08:59:48.095 | INFO     | __main__:on_log:109 - step=1740 | loss=0.100019 | grad_norm=0.698894 | learning_rate=0.000024 | epoch=1.212544
2026-02-16 08:59:54.705 | INFO     | __main__:on_log:109 - step=1745 | loss=0.080125 | grad_norm=1.135293 | learning_rate=0.000024 | epoch=1.216028
2026-02-16 09:00:01.318 | INFO     | __main__:on_log:109 - step=1750 | loss=0.120277 | grad_norm=1.167184 | learning_rate=0.000024 | epoch=1.219512
2026-02-16 09:00:08.628 | INFO     | __main__:on_log:109 - step=1755 | loss=0.098585 | grad_norm=0.996053 | learning_rate=0.000024 | epoch=1.222997
2026-02-16 09:00:15.405 | INFO     | __main__:on_log:109 - step=1760 | loss=0.110702 | grad_norm=1.202304 | learning_rate=0.000024 | epoch=1.226481
2026-02-16 09:00:22.035 | INFO     | __main__:on_log:109 - step=1765 | loss=0.076429 | grad_norm=0.691158 | learning_rate=0.000024 | epoch=1.229965
2026-02-16 09:00:28.648 | INFO     | __main__:on_log:109 - step=1770 | loss=0.109990 | grad_norm=0.962964 | learning_rate=0.000024 | epoch=1.233449
2026-02-16 09:00:35.247 | INFO     | __main__:on_log:109 - step=1775 | loss=0.123550 | grad_norm=0.709150 | learning_rate=0.000024 | epoch=1.236934
2026-02-16 09:00:41.831 | INFO     | __main__:on_log:109 - step=1780 | loss=0.125449 | grad_norm=0.858705 | learning_rate=0.000024 | epoch=1.240418
2026-02-16 09:00:48.294 | INFO     | __main__:on_log:109 - step=1785 | loss=0.080889 | grad_norm=0.633803 | learning_rate=0.000024 | epoch=1.243902
2026-02-16 09:00:54.536 | INFO     | __main__:on_log:109 - step=1790 | loss=0.117639 | grad_norm=1.124221 | learning_rate=0.000024 | epoch=1.247387
2026-02-16 09:01:01.154 | INFO     | __main__:on_log:109 - step=1795 | loss=0.053686 | grad_norm=0.883606 | learning_rate=0.000024 | epoch=1.250871
2026-02-16 09:01:07.746 | INFO     | __main__:on_log:109 - step=1800 | loss=0.111631 | grad_norm=1.203302 | learning_rate=0.000024 | epoch=1.254355
2026-02-16 09:01:14.962 | INFO     | __main__:on_log:109 - step=1805 | loss=0.111397 | grad_norm=0.584605 | learning_rate=0.000024 | epoch=1.257840
2026-02-16 09:01:21.779 | INFO     | __main__:on_log:109 - step=1810 | loss=0.123465 | grad_norm=1.164353 | learning_rate=0.000024 | epoch=1.261324
2026-02-16 09:01:27.712 | INFO     | __main__:on_log:109 - step=1815 | loss=0.100736 | grad_norm=0.819036 | learning_rate=0.000024 | epoch=1.264808
2026-02-16 09:01:34.333 | INFO     | __main__:on_log:109 - step=1820 | loss=0.084186 | grad_norm=0.650146 | learning_rate=0.000024 | epoch=1.268293
2026-02-16 09:01:40.977 | INFO     | __main__:on_log:109 - step=1825 | loss=0.098554 | grad_norm=0.498951 | learning_rate=0.000024 | epoch=1.271777
2026-02-16 09:01:47.571 | INFO     | __main__:on_log:109 - step=1830 | loss=0.088835 | grad_norm=0.737152 | learning_rate=0.000024 | epoch=1.275261
2026-02-16 09:01:54.447 | INFO     | __main__:on_log:109 - step=1835 | loss=0.092482 | grad_norm=0.893169 | learning_rate=0.000024 | epoch=1.278746
2026-02-16 09:02:01.070 | INFO     | __main__:on_log:109 - step=1840 | loss=0.110270 | grad_norm=0.694593 | learning_rate=0.000023 | epoch=1.282230
2026-02-16 09:02:07.727 | INFO     | __main__:on_log:109 - step=1845 | loss=0.107883 | grad_norm=1.179926 | learning_rate=0.000023 | epoch=1.285714
2026-02-16 09:02:13.999 | INFO     | __main__:on_log:109 - step=1850 | loss=0.077505 | grad_norm=0.769934 | learning_rate=0.000023 | epoch=1.289199
2026-02-16 09:02:21.239 | INFO     | __main__:on_log:109 - step=1855 | loss=0.082114 | grad_norm=1.150990 | learning_rate=0.000023 | epoch=1.292683
2026-02-16 09:02:28.050 | INFO     | __main__:on_log:109 - step=1860 | loss=0.093921 | grad_norm=1.028693 | learning_rate=0.000023 | epoch=1.296167
2026-02-16 09:02:34.675 | INFO     | __main__:on_log:109 - step=1865 | loss=0.083388 | grad_norm=0.790185 | learning_rate=0.000023 | epoch=1.299652
2026-02-16 09:02:41.291 | INFO     | __main__:on_log:109 - step=1870 | loss=0.106789 | grad_norm=0.900858 | learning_rate=0.000023 | epoch=1.303136
2026-02-16 09:02:47.910 | INFO     | __main__:on_log:109 - step=1875 | loss=0.098153 | grad_norm=1.223131 | learning_rate=0.000023 | epoch=1.306620
2026-02-16 09:02:54.548 | INFO     | __main__:on_log:109 - step=1880 | loss=0.067770 | grad_norm=0.740394 | learning_rate=0.000023 | epoch=1.310105
2026-02-16 09:03:01.372 | INFO     | __main__:on_log:109 - step=1885 | loss=0.103051 | grad_norm=0.570069 | learning_rate=0.000023 | epoch=1.313589
2026-02-16 09:03:08.001 | INFO     | __main__:on_log:109 - step=1890 | loss=0.101543 | grad_norm=0.986397 | learning_rate=0.000023 | epoch=1.317073
2026-02-16 09:03:14.603 | INFO     | __main__:on_log:109 - step=1895 | loss=0.083353 | grad_norm=0.763240 | learning_rate=0.000023 | epoch=1.320557
2026-02-16 09:03:21.233 | INFO     | __main__:on_log:109 - step=1900 | loss=0.105602 | grad_norm=1.313323 | learning_rate=0.000023 | epoch=1.324042
2026-02-16 09:03:28.451 | INFO     | __main__:on_log:109 - step=1905 | loss=0.070269 | grad_norm=0.465714 | learning_rate=0.000023 | epoch=1.327526
2026-02-16 09:03:35.338 | INFO     | __main__:on_log:109 - step=1910 | loss=0.075317 | grad_norm=0.780928 | learning_rate=0.000023 | epoch=1.331010
2026-02-16 09:03:41.963 | INFO     | __main__:on_log:109 - step=1915 | loss=0.099688 | grad_norm=0.739516 | learning_rate=0.000023 | epoch=1.334495
2026-02-16 09:03:48.263 | INFO     | __main__:on_log:109 - step=1920 | loss=0.076423 | grad_norm=0.718825 | learning_rate=0.000023 | epoch=1.337979
2026-02-16 09:03:54.878 | INFO     | __main__:on_log:109 - step=1925 | loss=0.111558 | grad_norm=0.735129 | learning_rate=0.000023 | epoch=1.341463
2026-02-16 09:04:01.467 | INFO     | __main__:on_log:109 - step=1930 | loss=0.085070 | grad_norm=0.565241 | learning_rate=0.000023 | epoch=1.344948
2026-02-16 09:04:08.080 | INFO     | __main__:on_log:109 - step=1935 | loss=0.101847 | grad_norm=0.672989 | learning_rate=0.000023 | epoch=1.348432
2026-02-16 09:04:14.995 | INFO     | __main__:on_log:109 - step=1940 | loss=0.095628 | grad_norm=1.051679 | learning_rate=0.000023 | epoch=1.351916
2026-02-16 09:04:21.600 | INFO     | __main__:on_log:109 - step=1945 | loss=0.067565 | grad_norm=0.819310 | learning_rate=0.000023 | epoch=1.355401
2026-02-16 09:04:28.235 | INFO     | __main__:on_log:109 - step=1950 | loss=0.097166 | grad_norm=0.870727 | learning_rate=0.000023 | epoch=1.358885
2026-02-16 09:04:35.058 | INFO     | __main__:on_log:109 - step=1955 | loss=0.081189 | grad_norm=0.696949 | learning_rate=0.000023 | epoch=1.362369
2026-02-16 09:04:41.886 | INFO     | __main__:on_log:109 - step=1960 | loss=0.116696 | grad_norm=0.631434 | learning_rate=0.000023 | epoch=1.365854
2026-02-16 09:04:48.517 | INFO     | __main__:on_log:109 - step=1965 | loss=0.129234 | grad_norm=0.939520 | learning_rate=0.000023 | epoch=1.369338
2026-02-16 09:04:55.159 | INFO     | __main__:on_log:109 - step=1970 | loss=0.109876 | grad_norm=0.848136 | learning_rate=0.000023 | epoch=1.372822
2026-02-16 09:05:01.807 | INFO     | __main__:on_log:109 - step=1975 | loss=0.114490 | grad_norm=0.608818 | learning_rate=0.000023 | epoch=1.376307
2026-02-16 09:05:08.460 | INFO     | __main__:on_log:109 - step=1980 | loss=0.076678 | grad_norm=0.838268 | learning_rate=0.000023 | epoch=1.379791
2026-02-16 09:05:15.054 | INFO     | __main__:on_log:109 - step=1985 | loss=0.124960 | grad_norm=1.081455 | learning_rate=0.000023 | epoch=1.383275
2026-02-16 09:05:21.846 | INFO     | __main__:on_log:109 - step=1990 | loss=0.117543 | grad_norm=1.831199 | learning_rate=0.000023 | epoch=1.386760
2026-02-16 09:05:28.449 | INFO     | __main__:on_log:109 - step=1995 | loss=0.094546 | grad_norm=0.762840 | learning_rate=0.000023 | epoch=1.390244
2026-02-16 09:05:35.063 | INFO     | __main__:on_log:109 - step=2000 | loss=0.090891 | grad_norm=0.761380 | learning_rate=0.000023 | epoch=1.393728
2026-02-16 09:05:42.350 | INFO     | __main__:on_log:109 - step=2005 | loss=0.094184 | grad_norm=0.578018 | learning_rate=0.000023 | epoch=1.397213
2026-02-16 09:05:48.635 | INFO     | __main__:on_log:109 - step=2010 | loss=0.111092 | grad_norm=0.699263 | learning_rate=0.000023 | epoch=1.400697
2026-02-16 09:05:55.474 | INFO     | __main__:on_log:109 - step=2015 | loss=0.112531 | grad_norm=0.780931 | learning_rate=0.000023 | epoch=1.404181
2026-02-16 09:06:02.087 | INFO     | __main__:on_log:109 - step=2020 | loss=0.105970 | grad_norm=0.794821 | learning_rate=0.000023 | epoch=1.407666
2026-02-16 09:06:08.684 | INFO     | __main__:on_log:109 - step=2025 | loss=0.097594 | grad_norm=0.942388 | learning_rate=0.000023 | epoch=1.411150
2026-02-16 09:06:15.294 | INFO     | __main__:on_log:109 - step=2030 | loss=0.078290 | grad_norm=0.929251 | learning_rate=0.000023 | epoch=1.414634
2026-02-16 09:06:21.570 | INFO     | __main__:on_log:109 - step=2035 | loss=0.098469 | grad_norm=0.874349 | learning_rate=0.000023 | epoch=1.418118
2026-02-16 09:06:28.392 | INFO     | __main__:on_log:109 - step=2040 | loss=0.061815 | grad_norm=0.687981 | learning_rate=0.000023 | epoch=1.421603
2026-02-16 09:06:34.654 | INFO     | __main__:on_log:109 - step=2045 | loss=0.086247 | grad_norm=0.659885 | learning_rate=0.000023 | epoch=1.425087
2026-02-16 09:06:40.911 | INFO     | __main__:on_log:109 - step=2050 | loss=0.094760 | grad_norm=0.614139 | learning_rate=0.000023 | epoch=1.428571
2026-02-16 09:06:48.159 | INFO     | __main__:on_log:109 - step=2055 | loss=0.117453 | grad_norm=1.156593 | learning_rate=0.000023 | epoch=1.432056
2026-02-16 09:06:54.775 | INFO     | __main__:on_log:109 - step=2060 | loss=0.092484 | grad_norm=1.749868 | learning_rate=0.000023 | epoch=1.435540
2026-02-16 09:07:01.596 | INFO     | __main__:on_log:109 - step=2065 | loss=0.111280 | grad_norm=0.608198 | learning_rate=0.000022 | epoch=1.439024
2026-02-16 09:07:08.198 | INFO     | __main__:on_log:109 - step=2070 | loss=0.079519 | grad_norm=0.765046 | learning_rate=0.000022 | epoch=1.442509
2026-02-16 09:07:14.788 | INFO     | __main__:on_log:109 - step=2075 | loss=0.137537 | grad_norm=1.208138 | learning_rate=0.000022 | epoch=1.445993
2026-02-16 09:07:21.383 | INFO     | __main__:on_log:109 - step=2080 | loss=0.123966 | grad_norm=1.364965 | learning_rate=0.000022 | epoch=1.449477
2026-02-16 09:07:28.000 | INFO     | __main__:on_log:109 - step=2085 | loss=0.089011 | grad_norm=0.851021 | learning_rate=0.000022 | epoch=1.452962
2026-02-16 09:07:34.867 | INFO     | __main__:on_log:109 - step=2090 | loss=0.119766 | grad_norm=0.899842 | learning_rate=0.000022 | epoch=1.456446
2026-02-16 09:07:41.470 | INFO     | __main__:on_log:109 - step=2095 | loss=0.085276 | grad_norm=0.798718 | learning_rate=0.000022 | epoch=1.459930
2026-02-16 09:07:48.080 | INFO     | __main__:on_log:109 - step=2100 | loss=0.081321 | grad_norm=0.656844 | learning_rate=0.000022 | epoch=1.463415
2026-02-16 09:07:55.304 | INFO     | __main__:on_log:109 - step=2105 | loss=0.085673 | grad_norm=0.755802 | learning_rate=0.000022 | epoch=1.466899
2026-02-16 09:08:01.559 | INFO     | __main__:on_log:109 - step=2110 | loss=0.086556 | grad_norm=0.936074 | learning_rate=0.000022 | epoch=1.470383
2026-02-16 09:08:08.404 | INFO     | __main__:on_log:109 - step=2115 | loss=0.078190 | grad_norm=0.674174 | learning_rate=0.000022 | epoch=1.473868
2026-02-16 09:08:14.983 | INFO     | __main__:on_log:109 - step=2120 | loss=0.100784 | grad_norm=0.976014 | learning_rate=0.000022 | epoch=1.477352
2026-02-16 09:08:21.585 | INFO     | __main__:on_log:109 - step=2125 | loss=0.104034 | grad_norm=0.855737 | learning_rate=0.000022 | epoch=1.480836
2026-02-16 09:08:28.172 | INFO     | __main__:on_log:109 - step=2130 | loss=0.098368 | grad_norm=0.821863 | learning_rate=0.000022 | epoch=1.484321
2026-02-16 09:08:34.793 | INFO     | __main__:on_log:109 - step=2135 | loss=0.084946 | grad_norm=0.795608 | learning_rate=0.000022 | epoch=1.487805
2026-02-16 09:08:41.646 | INFO     | __main__:on_log:109 - step=2140 | loss=0.107729 | grad_norm=0.683704 | learning_rate=0.000022 | epoch=1.491289
2026-02-16 09:08:48.267 | INFO     | __main__:on_log:109 - step=2145 | loss=0.091079 | grad_norm=0.663994 | learning_rate=0.000022 | epoch=1.494774
2026-02-16 09:08:54.878 | INFO     | __main__:on_log:109 - step=2150 | loss=0.103054 | grad_norm=0.969995 | learning_rate=0.000022 | epoch=1.498258
2026-02-16 09:09:02.130 | INFO     | __main__:on_log:109 - step=2155 | loss=0.076889 | grad_norm=0.599467 | learning_rate=0.000022 | epoch=1.501742
2026-02-16 09:09:08.725 | INFO     | __main__:on_log:109 - step=2160 | loss=0.094669 | grad_norm=0.759493 | learning_rate=0.000022 | epoch=1.505226
2026-02-16 09:09:15.631 | INFO     | __main__:on_log:109 - step=2165 | loss=0.074545 | grad_norm=0.683798 | learning_rate=0.000022 | epoch=1.508711
2026-02-16 09:09:22.235 | INFO     | __main__:on_log:109 - step=2170 | loss=0.076655 | grad_norm=1.202257 | learning_rate=0.000022 | epoch=1.512195
2026-02-16 09:09:28.846 | INFO     | __main__:on_log:109 - step=2175 | loss=0.088581 | grad_norm=0.670366 | learning_rate=0.000022 | epoch=1.515679
2026-02-16 09:09:35.441 | INFO     | __main__:on_log:109 - step=2180 | loss=0.102990 | grad_norm=1.263039 | learning_rate=0.000022 | epoch=1.519164
2026-02-16 09:09:42.062 | INFO     | __main__:on_log:109 - step=2185 | loss=0.066888 | grad_norm=0.649825 | learning_rate=0.000022 | epoch=1.522648
2026-02-16 09:09:48.664 | INFO     | __main__:on_log:109 - step=2190 | loss=0.097355 | grad_norm=0.737966 | learning_rate=0.000022 | epoch=1.526132
2026-02-16 09:09:55.438 | INFO     | __main__:on_log:109 - step=2195 | loss=0.095258 | grad_norm=0.834199 | learning_rate=0.000022 | epoch=1.529617
2026-02-16 09:10:01.683 | INFO     | __main__:on_log:109 - step=2200 | loss=0.109901 | grad_norm=0.000000 | learning_rate=0.000022 | epoch=1.533101
2026-02-16 09:10:09.672 | INFO     | __main__:on_log:109 - step=2205 | loss=0.083208 | grad_norm=0.945608 | learning_rate=0.000022 | epoch=1.536585
2026-02-16 09:10:16.288 | INFO     | __main__:on_log:109 - step=2210 | loss=0.100582 | grad_norm=0.871597 | learning_rate=0.000022 | epoch=1.540070
2026-02-16 09:10:22.907 | INFO     | __main__:on_log:109 - step=2215 | loss=0.105089 | grad_norm=0.456750 | learning_rate=0.000022 | epoch=1.543554
2026-02-16 09:10:29.764 | INFO     | __main__:on_log:109 - step=2220 | loss=0.088884 | grad_norm=0.795207 | learning_rate=0.000022 | epoch=1.547038
2026-02-16 09:10:35.981 | INFO     | __main__:on_log:109 - step=2225 | loss=0.052257 | grad_norm=0.589556 | learning_rate=0.000022 | epoch=1.550523
2026-02-16 09:10:42.579 | INFO     | __main__:on_log:109 - step=2230 | loss=0.091926 | grad_norm=1.399881 | learning_rate=0.000022 | epoch=1.554007
2026-02-16 09:10:49.179 | INFO     | __main__:on_log:109 - step=2235 | loss=0.087086 | grad_norm=0.406182 | learning_rate=0.000022 | epoch=1.557491
2026-02-16 09:10:55.802 | INFO     | __main__:on_log:109 - step=2240 | loss=0.103503 | grad_norm=0.713949 | learning_rate=0.000022 | epoch=1.560976
2026-02-16 09:11:02.664 | INFO     | __main__:on_log:109 - step=2245 | loss=0.077268 | grad_norm=1.306765 | learning_rate=0.000022 | epoch=1.564460
2026-02-16 09:11:09.254 | INFO     | __main__:on_log:109 - step=2250 | loss=0.072558 | grad_norm=0.455586 | learning_rate=0.000022 | epoch=1.567944
2026-02-16 09:11:16.490 | INFO     | __main__:on_log:109 - step=2255 | loss=0.104479 | grad_norm=1.041087 | learning_rate=0.000022 | epoch=1.571429
2026-02-16 09:11:23.027 | INFO     | __main__:on_log:109 - step=2260 | loss=0.089402 | grad_norm=0.814006 | learning_rate=0.000022 | epoch=1.574913
2026-02-16 09:11:29.643 | INFO     | __main__:on_log:109 - step=2265 | loss=0.123292 | grad_norm=0.632622 | learning_rate=0.000022 | epoch=1.578397
2026-02-16 09:11:36.432 | INFO     | __main__:on_log:109 - step=2270 | loss=0.144012 | grad_norm=0.870181 | learning_rate=0.000022 | epoch=1.581882
2026-02-16 09:11:43.052 | INFO     | __main__:on_log:109 - step=2275 | loss=0.092215 | grad_norm=0.504342 | learning_rate=0.000022 | epoch=1.585366
2026-02-16 09:11:49.636 | INFO     | __main__:on_log:109 - step=2280 | loss=0.105607 | grad_norm=0.847243 | learning_rate=0.000022 | epoch=1.588850
2026-02-16 09:11:56.226 | INFO     | __main__:on_log:109 - step=2285 | loss=0.106298 | grad_norm=0.947294 | learning_rate=0.000022 | epoch=1.592334
2026-02-16 09:12:02.776 | INFO     | __main__:on_log:109 - step=2290 | loss=0.139865 | grad_norm=1.895460 | learning_rate=0.000022 | epoch=1.595819
2026-02-16 09:12:09.575 | INFO     | __main__:on_log:109 - step=2295 | loss=0.077675 | grad_norm=0.714092 | learning_rate=0.000021 | epoch=1.599303
2026-02-16 09:12:16.182 | INFO     | __main__:on_log:109 - step=2300 | loss=0.090326 | grad_norm=0.591404 | learning_rate=0.000021 | epoch=1.602787
2026-02-16 09:12:23.009 | INFO     | __main__:on_log:109 - step=2305 | loss=0.098409 | grad_norm=0.572908 | learning_rate=0.000021 | epoch=1.606272
2026-02-16 09:12:29.593 | INFO     | __main__:on_log:109 - step=2310 | loss=0.068510 | grad_norm=0.427538 | learning_rate=0.000021 | epoch=1.609756
2026-02-16 09:12:36.178 | INFO     | __main__:on_log:109 - step=2315 | loss=0.099350 | grad_norm=0.835817 | learning_rate=0.000021 | epoch=1.613240
2026-02-16 09:12:43.039 | INFO     | __main__:on_log:109 - step=2320 | loss=0.089465 | grad_norm=1.054010 | learning_rate=0.000021 | epoch=1.616725
2026-02-16 09:12:49.642 | INFO     | __main__:on_log:109 - step=2325 | loss=0.107740 | grad_norm=0.747571 | learning_rate=0.000021 | epoch=1.620209
2026-02-16 09:12:56.255 | INFO     | __main__:on_log:109 - step=2330 | loss=0.112427 | grad_norm=0.872687 | learning_rate=0.000021 | epoch=1.623693
2026-02-16 09:13:02.890 | INFO     | __main__:on_log:109 - step=2335 | loss=0.092817 | grad_norm=0.868628 | learning_rate=0.000021 | epoch=1.627178
2026-02-16 09:13:09.184 | INFO     | __main__:on_log:109 - step=2340 | loss=0.073744 | grad_norm=0.600752 | learning_rate=0.000021 | epoch=1.630662
2026-02-16 09:13:15.690 | INFO     | __main__:on_log:109 - step=2345 | loss=0.066129 | grad_norm=0.387994 | learning_rate=0.000021 | epoch=1.634146
2026-02-16 09:13:22.301 | INFO     | __main__:on_log:109 - step=2350 | loss=0.068696 | grad_norm=0.739320 | learning_rate=0.000021 | epoch=1.637631
2026-02-16 09:13:29.531 | INFO     | __main__:on_log:109 - step=2355 | loss=0.068031 | grad_norm=0.755696 | learning_rate=0.000021 | epoch=1.641115
2026-02-16 09:13:36.122 | INFO     | __main__:on_log:109 - step=2360 | loss=0.107646 | grad_norm=1.993895 | learning_rate=0.000021 | epoch=1.644599
2026-02-16 09:13:42.738 | INFO     | __main__:on_log:109 - step=2365 | loss=0.061462 | grad_norm=0.921975 | learning_rate=0.000021 | epoch=1.648084
2026-02-16 09:13:49.181 | INFO     | __main__:on_log:109 - step=2370 | loss=0.117016 | grad_norm=0.854037 | learning_rate=0.000021 | epoch=1.651568
2026-02-16 09:13:55.754 | INFO     | __main__:on_log:109 - step=2375 | loss=0.126080 | grad_norm=0.667507 | learning_rate=0.000021 | epoch=1.655052
2026-02-16 09:14:02.377 | INFO     | __main__:on_log:109 - step=2380 | loss=0.056256 | grad_norm=0.935981 | learning_rate=0.000021 | epoch=1.658537
2026-02-16 09:14:08.627 | INFO     | __main__:on_log:109 - step=2385 | loss=0.083297 | grad_norm=0.736379 | learning_rate=0.000021 | epoch=1.662021
2026-02-16 09:14:15.206 | INFO     | __main__:on_log:109 - step=2390 | loss=0.109977 | grad_norm=1.121050 | learning_rate=0.000021 | epoch=1.665505
2026-02-16 09:14:21.734 | INFO     | __main__:on_log:109 - step=2395 | loss=0.084310 | grad_norm=0.011996 | learning_rate=0.000021 | epoch=1.668990
2026-02-16 09:14:28.335 | INFO     | __main__:on_log:109 - step=2400 | loss=0.086822 | grad_norm=1.203419 | learning_rate=0.000021 | epoch=1.672474
2026-02-16 09:14:35.546 | INFO     | __main__:on_log:109 - step=2405 | loss=0.095542 | grad_norm=1.383807 | learning_rate=0.000021 | epoch=1.675958
2026-02-16 09:14:42.101 | INFO     | __main__:on_log:109 - step=2410 | loss=0.099338 | grad_norm=1.025451 | learning_rate=0.000021 | epoch=1.679443
2026-02-16 09:14:48.705 | INFO     | __main__:on_log:109 - step=2415 | loss=0.089587 | grad_norm=0.897829 | learning_rate=0.000021 | epoch=1.682927
2026-02-16 09:14:55.535 | INFO     | __main__:on_log:109 - step=2420 | loss=0.105125 | grad_norm=0.917632 | learning_rate=0.000021 | epoch=1.686411
2026-02-16 09:15:02.112 | INFO     | __main__:on_log:109 - step=2425 | loss=0.108777 | grad_norm=0.965405 | learning_rate=0.000021 | epoch=1.689895
2026-02-16 09:15:08.713 | INFO     | __main__:on_log:109 - step=2430 | loss=0.074187 | grad_norm=0.830844 | learning_rate=0.000021 | epoch=1.693380
2026-02-16 09:15:15.334 | INFO     | __main__:on_log:109 - step=2435 | loss=0.084708 | grad_norm=0.757244 | learning_rate=0.000021 | epoch=1.696864
2026-02-16 09:15:21.944 | INFO     | __main__:on_log:109 - step=2440 | loss=0.086781 | grad_norm=0.807247 | learning_rate=0.000021 | epoch=1.700348
2026-02-16 09:15:28.774 | INFO     | __main__:on_log:109 - step=2445 | loss=0.084142 | grad_norm=0.995235 | learning_rate=0.000021 | epoch=1.703833
2026-02-16 09:15:35.412 | INFO     | __main__:on_log:109 - step=2450 | loss=0.092754 | grad_norm=0.893757 | learning_rate=0.000021 | epoch=1.707317
2026-02-16 09:15:42.698 | INFO     | __main__:on_log:109 - step=2455 | loss=0.085596 | grad_norm=0.952797 | learning_rate=0.000021 | epoch=1.710801
2026-02-16 09:15:49.310 | INFO     | __main__:on_log:109 - step=2460 | loss=0.110379 | grad_norm=0.634186 | learning_rate=0.000021 | epoch=1.714286
2026-02-16 09:15:55.916 | INFO     | __main__:on_log:109 - step=2465 | loss=0.059524 | grad_norm=1.121788 | learning_rate=0.000021 | epoch=1.717770
2026-02-16 09:16:02.542 | INFO     | __main__:on_log:109 - step=2470 | loss=0.095873 | grad_norm=0.851003 | learning_rate=0.000021 | epoch=1.721254
2026-02-16 09:16:09.418 | INFO     | __main__:on_log:109 - step=2475 | loss=0.097655 | grad_norm=0.877981 | learning_rate=0.000021 | epoch=1.724739
2026-02-16 09:16:15.665 | INFO     | __main__:on_log:109 - step=2480 | loss=0.050407 | grad_norm=0.268027 | learning_rate=0.000021 | epoch=1.728223
2026-02-16 09:16:22.272 | INFO     | __main__:on_log:109 - step=2485 | loss=0.066912 | grad_norm=0.612982 | learning_rate=0.000021 | epoch=1.731707
2026-02-16 09:16:28.858 | INFO     | __main__:on_log:109 - step=2490 | loss=0.084368 | grad_norm=0.545752 | learning_rate=0.000021 | epoch=1.735192
2026-02-16 09:16:35.471 | INFO     | __main__:on_log:109 - step=2495 | loss=0.103735 | grad_norm=1.138719 | learning_rate=0.000021 | epoch=1.738676
2026-02-16 09:16:42.277 | INFO     | __main__:on_log:109 - step=2500 | loss=0.104624 | grad_norm=2.187913 | learning_rate=0.000021 | epoch=1.742160
2026-02-16 09:16:49.565 | INFO     | __main__:on_log:109 - step=2505 | loss=0.115008 | grad_norm=1.506150 | learning_rate=0.000021 | epoch=1.745645
2026-02-16 09:16:56.161 | INFO     | __main__:on_log:109 - step=2510 | loss=0.100199 | grad_norm=1.029254 | learning_rate=0.000021 | epoch=1.749129
2026-02-16 09:17:02.725 | INFO     | __main__:on_log:109 - step=2515 | loss=0.110021 | grad_norm=0.709172 | learning_rate=0.000021 | epoch=1.752613
2026-02-16 09:17:09.312 | INFO     | __main__:on_log:109 - step=2520 | loss=0.067785 | grad_norm=0.881119 | learning_rate=0.000020 | epoch=1.756098
2026-02-16 09:17:16.137 | INFO     | __main__:on_log:109 - step=2525 | loss=0.064688 | grad_norm=0.498226 | learning_rate=0.000020 | epoch=1.759582
2026-02-16 09:17:22.724 | INFO     | __main__:on_log:109 - step=2530 | loss=0.092056 | grad_norm=0.958641 | learning_rate=0.000020 | epoch=1.763066
2026-02-16 09:17:29.286 | INFO     | __main__:on_log:109 - step=2535 | loss=0.097954 | grad_norm=1.204509 | learning_rate=0.000020 | epoch=1.766551
2026-02-16 09:17:35.857 | INFO     | __main__:on_log:109 - step=2540 | loss=0.078086 | grad_norm=0.654280 | learning_rate=0.000020 | epoch=1.770035
2026-02-16 09:17:42.396 | INFO     | __main__:on_log:109 - step=2545 | loss=0.140674 | grad_norm=0.806514 | learning_rate=0.000020 | epoch=1.773519
2026-02-16 09:17:48.980 | INFO     | __main__:on_log:109 - step=2550 | loss=0.091531 | grad_norm=0.763449 | learning_rate=0.000020 | epoch=1.777003
2026-02-16 09:17:56.362 | INFO     | __main__:on_log:109 - step=2555 | loss=0.107765 | grad_norm=0.944700 | learning_rate=0.000020 | epoch=1.780488
2026-02-16 09:18:02.932 | INFO     | __main__:on_log:109 - step=2560 | loss=0.084660 | grad_norm=0.760682 | learning_rate=0.000020 | epoch=1.783972
2026-02-16 09:18:09.488 | INFO     | __main__:on_log:109 - step=2565 | loss=0.102075 | grad_norm=0.830829 | learning_rate=0.000020 | epoch=1.787456
2026-02-16 09:18:16.045 | INFO     | __main__:on_log:109 - step=2570 | loss=0.109257 | grad_norm=0.743804 | learning_rate=0.000020 | epoch=1.790941
2026-02-16 09:18:22.642 | INFO     | __main__:on_log:109 - step=2575 | loss=0.114342 | grad_norm=0.630620 | learning_rate=0.000020 | epoch=1.794425
2026-02-16 09:18:29.265 | INFO     | __main__:on_log:109 - step=2580 | loss=0.123481 | grad_norm=1.013277 | learning_rate=0.000020 | epoch=1.797909
2026-02-16 09:18:36.144 | INFO     | __main__:on_log:109 - step=2585 | loss=0.090206 | grad_norm=0.553729 | learning_rate=0.000020 | epoch=1.801394
2026-02-16 09:18:42.767 | INFO     | __main__:on_log:109 - step=2590 | loss=0.104419 | grad_norm=1.000684 | learning_rate=0.000020 | epoch=1.804878
2026-02-16 09:18:49.395 | INFO     | __main__:on_log:109 - step=2595 | loss=0.085883 | grad_norm=0.876505 | learning_rate=0.000020 | epoch=1.808362
2026-02-16 09:18:56.032 | INFO     | __main__:on_log:109 - step=2600 | loss=0.081077 | grad_norm=0.694031 | learning_rate=0.000020 | epoch=1.811847
2026-02-16 09:19:03.207 | INFO     | __main__:on_log:109 - step=2605 | loss=0.111726 | grad_norm=1.036578 | learning_rate=0.000020 | epoch=1.815331
2026-02-16 09:19:10.062 | INFO     | __main__:on_log:109 - step=2610 | loss=0.103394 | grad_norm=1.051340 | learning_rate=0.000020 | epoch=1.818815
2026-02-16 09:19:16.653 | INFO     | __main__:on_log:109 - step=2615 | loss=0.118743 | grad_norm=0.913817 | learning_rate=0.000020 | epoch=1.822300
2026-02-16 09:19:23.231 | INFO     | __main__:on_log:109 - step=2620 | loss=0.083621 | grad_norm=1.143277 | learning_rate=0.000020 | epoch=1.825784
2026-02-16 09:19:29.825 | INFO     | __main__:on_log:109 - step=2625 | loss=0.109455 | grad_norm=1.414379 | learning_rate=0.000020 | epoch=1.829268
2026-02-16 09:19:36.454 | INFO     | __main__:on_log:109 - step=2630 | loss=0.106750 | grad_norm=0.854317 | learning_rate=0.000020 | epoch=1.832753
2026-02-16 09:19:43.061 | INFO     | __main__:on_log:109 - step=2635 | loss=0.078807 | grad_norm=0.522082 | learning_rate=0.000020 | epoch=1.836237
2026-02-16 09:19:49.878 | INFO     | __main__:on_log:109 - step=2640 | loss=0.103141 | grad_norm=0.994113 | learning_rate=0.000020 | epoch=1.839721
2026-02-16 09:19:56.477 | INFO     | __main__:on_log:109 - step=2645 | loss=0.114971 | grad_norm=0.970644 | learning_rate=0.000020 | epoch=1.843206
2026-02-16 09:20:02.750 | INFO     | __main__:on_log:109 - step=2650 | loss=0.063460 | grad_norm=0.502012 | learning_rate=0.000020 | epoch=1.846690
2026-02-16 09:20:09.934 | INFO     | __main__:on_log:109 - step=2655 | loss=0.074092 | grad_norm=1.298092 | learning_rate=0.000020 | epoch=1.850174
2026-02-16 09:20:16.551 | INFO     | __main__:on_log:109 - step=2660 | loss=0.067303 | grad_norm=0.690947 | learning_rate=0.000020 | epoch=1.853659
2026-02-16 09:20:23.149 | INFO     | __main__:on_log:109 - step=2665 | loss=0.117279 | grad_norm=0.999862 | learning_rate=0.000020 | epoch=1.857143
2026-02-16 09:20:30.096 | INFO     | __main__:on_log:109 - step=2670 | loss=0.087521 | grad_norm=0.843089 | learning_rate=0.000020 | epoch=1.860627
2026-02-16 09:20:36.739 | INFO     | __main__:on_log:109 - step=2675 | loss=0.086916 | grad_norm=0.749610 | learning_rate=0.000020 | epoch=1.864111
2026-02-16 09:20:43.362 | INFO     | __main__:on_log:109 - step=2680 | loss=0.117629 | grad_norm=0.960417 | learning_rate=0.000020 | epoch=1.867596
2026-02-16 09:20:49.997 | INFO     | __main__:on_log:109 - step=2685 | loss=0.095015 | grad_norm=0.719870 | learning_rate=0.000020 | epoch=1.871080
2026-02-16 09:20:56.621 | INFO     | __main__:on_log:109 - step=2690 | loss=0.099690 | grad_norm=0.881236 | learning_rate=0.000020 | epoch=1.874564
2026-02-16 09:21:03.445 | INFO     | __main__:on_log:109 - step=2695 | loss=0.090737 | grad_norm=0.933986 | learning_rate=0.000020 | epoch=1.878049
2026-02-16 09:21:10.083 | INFO     | __main__:on_log:109 - step=2700 | loss=0.085039 | grad_norm=0.896228 | learning_rate=0.000020 | epoch=1.881533
2026-02-16 09:21:17.285 | INFO     | __main__:on_log:109 - step=2705 | loss=0.084146 | grad_norm=0.858983 | learning_rate=0.000020 | epoch=1.885017
2026-02-16 09:21:23.881 | INFO     | __main__:on_log:109 - step=2710 | loss=0.109709 | grad_norm=0.811897 | learning_rate=0.000020 | epoch=1.888502
2026-02-16 09:21:30.473 | INFO     | __main__:on_log:109 - step=2715 | loss=0.083749 | grad_norm=1.044490 | learning_rate=0.000020 | epoch=1.891986
2026-02-16 09:21:37.062 | INFO     | __main__:on_log:109 - step=2720 | loss=0.093430 | grad_norm=0.848252 | learning_rate=0.000020 | epoch=1.895470
2026-02-16 09:21:43.828 | INFO     | __main__:on_log:109 - step=2725 | loss=0.098545 | grad_norm=0.685843 | learning_rate=0.000020 | epoch=1.898955
2026-02-16 09:21:50.454 | INFO     | __main__:on_log:109 - step=2730 | loss=0.103444 | grad_norm=0.745786 | learning_rate=0.000020 | epoch=1.902439
2026-02-16 09:21:57.036 | INFO     | __main__:on_log:109 - step=2735 | loss=0.082036 | grad_norm=0.917573 | learning_rate=0.000020 | epoch=1.905923
2026-02-16 09:22:03.288 | INFO     | __main__:on_log:109 - step=2740 | loss=0.107972 | grad_norm=0.932997 | learning_rate=0.000020 | epoch=1.909408
2026-02-16 09:22:09.534 | INFO     | __main__:on_log:109 - step=2745 | loss=0.087904 | grad_norm=0.714615 | learning_rate=0.000020 | epoch=1.912892
2026-02-16 09:22:16.104 | INFO     | __main__:on_log:109 - step=2750 | loss=0.090019 | grad_norm=1.286094 | learning_rate=0.000019 | epoch=1.916376
2026-02-16 09:22:23.499 | INFO     | __main__:on_log:109 - step=2755 | loss=0.080374 | grad_norm=1.101111 | learning_rate=0.000019 | epoch=1.919861
2026-02-16 09:22:30.084 | INFO     | __main__:on_log:109 - step=2760 | loss=0.074707 | grad_norm=0.882405 | learning_rate=0.000019 | epoch=1.923345
2026-02-16 09:22:36.725 | INFO     | __main__:on_log:109 - step=2765 | loss=0.104929 | grad_norm=1.045616 | learning_rate=0.000019 | epoch=1.926829
2026-02-16 09:22:43.342 | INFO     | __main__:on_log:109 - step=2770 | loss=0.095565 | grad_norm=1.266943 | learning_rate=0.000019 | epoch=1.930314
2026-02-16 09:22:49.971 | INFO     | __main__:on_log:109 - step=2775 | loss=0.088215 | grad_norm=1.136685 | learning_rate=0.000019 | epoch=1.933798
2026-02-16 09:22:56.777 | INFO     | __main__:on_log:109 - step=2780 | loss=0.095507 | grad_norm=0.730832 | learning_rate=0.000019 | epoch=1.937282
2026-02-16 09:23:03.348 | INFO     | __main__:on_log:109 - step=2785 | loss=0.087810 | grad_norm=0.596590 | learning_rate=0.000019 | epoch=1.940767
2026-02-16 09:23:09.931 | INFO     | __main__:on_log:109 - step=2790 | loss=0.075789 | grad_norm=0.888422 | learning_rate=0.000019 | epoch=1.944251
2026-02-16 09:23:16.544 | INFO     | __main__:on_log:109 - step=2795 | loss=0.072497 | grad_norm=0.778643 | learning_rate=0.000019 | epoch=1.947735
2026-02-16 09:23:23.110 | INFO     | __main__:on_log:109 - step=2800 | loss=0.073307 | grad_norm=0.714247 | learning_rate=0.000019 | epoch=1.951220
2026-02-16 09:23:30.511 | INFO     | __main__:on_log:109 - step=2805 | loss=0.106937 | grad_norm=1.006348 | learning_rate=0.000019 | epoch=1.954704
2026-02-16 09:23:37.110 | INFO     | __main__:on_log:109 - step=2810 | loss=0.081958 | grad_norm=0.914799 | learning_rate=0.000019 | epoch=1.958188
2026-02-16 09:23:43.713 | INFO     | __main__:on_log:109 - step=2815 | loss=0.073684 | grad_norm=0.741834 | learning_rate=0.000019 | epoch=1.961672
2026-02-16 09:23:50.287 | INFO     | __main__:on_log:109 - step=2820 | loss=0.088830 | grad_norm=1.434963 | learning_rate=0.000019 | epoch=1.965157
2026-02-16 09:23:56.882 | INFO     | __main__:on_log:109 - step=2825 | loss=0.089452 | grad_norm=0.565573 | learning_rate=0.000019 | epoch=1.968641
2026-02-16 09:24:03.731 | INFO     | __main__:on_log:109 - step=2830 | loss=0.083197 | grad_norm=0.674937 | learning_rate=0.000019 | epoch=1.972125
2026-02-16 09:24:10.307 | INFO     | __main__:on_log:109 - step=2835 | loss=0.129651 | grad_norm=1.470856 | learning_rate=0.000019 | epoch=1.975610
2026-02-16 09:24:16.906 | INFO     | __main__:on_log:109 - step=2840 | loss=0.107163 | grad_norm=1.022077 | learning_rate=0.000019 | epoch=1.979094
2026-02-16 09:24:23.159 | INFO     | __main__:on_log:109 - step=2845 | loss=0.074937 | grad_norm=0.691821 | learning_rate=0.000019 | epoch=1.982578
2026-02-16 09:24:29.742 | INFO     | __main__:on_log:109 - step=2850 | loss=0.080079 | grad_norm=0.847274 | learning_rate=0.000019 | epoch=1.986063
2026-02-16 09:24:41.143 | INFO     | __main__:on_log:109 - step=2855 | loss=0.064182 | grad_norm=0.712261 | learning_rate=0.000019 | epoch=1.989547
2026-02-16 09:24:47.751 | INFO     | __main__:on_log:109 - step=2860 | loss=0.096220 | grad_norm=0.992104 | learning_rate=0.000019 | epoch=1.993031
2026-02-16 09:24:54.291 | INFO     | __main__:on_log:109 - step=2865 | loss=0.097486 | grad_norm=0.870615 | learning_rate=0.000019 | epoch=1.996516
2026-02-16 09:25:00.261 | INFO     | __main__:on_log:109 - step=2870 | loss=0.099170 | grad_norm=1.711008 | learning_rate=0.000019 | epoch=2.000000
2026-02-16 09:25:07.094 | INFO     | __main__:on_log:109 - step=2875 | loss=0.079264 | grad_norm=0.602924 | learning_rate=0.000019 | epoch=2.003484
2026-02-16 09:25:13.687 | INFO     | __main__:on_log:109 - step=2880 | loss=0.070869 | grad_norm=0.811800 | learning_rate=0.000019 | epoch=2.006969
2026-02-16 09:25:20.283 | INFO     | __main__:on_log:109 - step=2885 | loss=0.044307 | grad_norm=1.032374 | learning_rate=0.000019 | epoch=2.010453
2026-02-16 09:25:26.889 | INFO     | __main__:on_log:109 - step=2890 | loss=0.070155 | grad_norm=0.474579 | learning_rate=0.000019 | epoch=2.013937
2026-02-16 09:25:33.498 | INFO     | __main__:on_log:109 - step=2895 | loss=0.094661 | grad_norm=0.893559 | learning_rate=0.000019 | epoch=2.017422
2026-02-16 09:25:40.087 | INFO     | __main__:on_log:109 - step=2900 | loss=0.053658 | grad_norm=0.311498 | learning_rate=0.000019 | epoch=2.020906
2026-02-16 09:25:46.812 | INFO     | __main__:on_log:109 - step=2905 | loss=0.050797 | grad_norm=0.497271 | learning_rate=0.000019 | epoch=2.024390
2026-02-16 09:25:53.430 | INFO     | __main__:on_log:109 - step=2910 | loss=0.064701 | grad_norm=1.141987 | learning_rate=0.000019 | epoch=2.027875
2026-02-16 09:25:59.700 | INFO     | __main__:on_log:109 - step=2915 | loss=0.062927 | grad_norm=1.759634 | learning_rate=0.000019 | epoch=2.031359
2026-02-16 09:26:06.300 | INFO     | __main__:on_log:109 - step=2920 | loss=0.072301 | grad_norm=0.869762 | learning_rate=0.000019 | epoch=2.034843
2026-02-16 09:26:12.898 | INFO     | __main__:on_log:109 - step=2925 | loss=0.073451 | grad_norm=0.803481 | learning_rate=0.000019 | epoch=2.038328
2026-02-16 09:26:19.488 | INFO     | __main__:on_log:109 - step=2930 | loss=0.090099 | grad_norm=1.090637 | learning_rate=0.000019 | epoch=2.041812
2026-02-16 09:26:26.275 | INFO     | __main__:on_log:109 - step=2935 | loss=0.078798 | grad_norm=0.853867 | learning_rate=0.000019 | epoch=2.045296
2026-02-16 09:26:32.886 | INFO     | __main__:on_log:109 - step=2940 | loss=0.077265 | grad_norm=0.898983 | learning_rate=0.000019 | epoch=2.048780
2026-02-16 09:26:39.481 | INFO     | __main__:on_log:109 - step=2945 | loss=0.071680 | grad_norm=0.823637 | learning_rate=0.000019 | epoch=2.052265
2026-02-16 09:26:46.108 | INFO     | __main__:on_log:109 - step=2950 | loss=0.067052 | grad_norm=0.687093 | learning_rate=0.000019 | epoch=2.055749
2026-02-16 09:26:53.312 | INFO     | __main__:on_log:109 - step=2955 | loss=0.096149 | grad_norm=1.357010 | learning_rate=0.000019 | epoch=2.059233
2026-02-16 09:27:00.149 | INFO     | __main__:on_log:109 - step=2960 | loss=0.064956 | grad_norm=0.527873 | learning_rate=0.000019 | epoch=2.062718
2026-02-16 09:27:06.756 | INFO     | __main__:on_log:109 - step=2965 | loss=0.078320 | grad_norm=0.914310 | learning_rate=0.000019 | epoch=2.066202
2026-02-16 09:27:13.352 | INFO     | __main__:on_log:109 - step=2970 | loss=0.092401 | grad_norm=0.827289 | learning_rate=0.000019 | epoch=2.069686
2026-02-16 09:27:19.985 | INFO     | __main__:on_log:109 - step=2975 | loss=0.055312 | grad_norm=0.544281 | learning_rate=0.000018 | epoch=2.073171
2026-02-16 09:27:26.251 | INFO     | __main__:on_log:109 - step=2980 | loss=0.035082 | grad_norm=0.949009 | learning_rate=0.000018 | epoch=2.076655
2026-02-16 09:27:32.852 | INFO     | __main__:on_log:109 - step=2985 | loss=0.063997 | grad_norm=1.427375 | learning_rate=0.000018 | epoch=2.080139
2026-02-16 09:27:39.358 | INFO     | __main__:on_log:109 - step=2990 | loss=0.072460 | grad_norm=0.902719 | learning_rate=0.000018 | epoch=2.083624
2026-02-16 09:27:45.975 | INFO     | __main__:on_log:109 - step=2995 | loss=0.077937 | grad_norm=0.967037 | learning_rate=0.000018 | epoch=2.087108
2026-02-16 09:27:52.618 | INFO     | __main__:on_log:109 - step=3000 | loss=0.063695 | grad_norm=0.811577 | learning_rate=0.000018 | epoch=2.090592
2026-02-16 09:27:59.915 | INFO     | __main__:on_log:109 - step=3005 | loss=0.094881 | grad_norm=0.689786 | learning_rate=0.000018 | epoch=2.094077
2026-02-16 09:28:06.572 | INFO     | __main__:on_log:109 - step=3010 | loss=0.081779 | grad_norm=0.731454 | learning_rate=0.000018 | epoch=2.097561
2026-02-16 09:28:13.191 | INFO     | __main__:on_log:109 - step=3015 | loss=0.062212 | grad_norm=0.907471 | learning_rate=0.000018 | epoch=2.101045
2026-02-16 09:28:20.102 | INFO     | __main__:on_log:109 - step=3020 | loss=0.076096 | grad_norm=0.937525 | learning_rate=0.000018 | epoch=2.104530
2026-02-16 09:28:26.671 | INFO     | __main__:on_log:109 - step=3025 | loss=0.069021 | grad_norm=0.896273 | learning_rate=0.000018 | epoch=2.108014
2026-02-16 09:28:33.271 | INFO     | __main__:on_log:109 - step=3030 | loss=0.099501 | grad_norm=0.865018 | learning_rate=0.000018 | epoch=2.111498
2026-02-16 09:28:39.869 | INFO     | __main__:on_log:109 - step=3035 | loss=0.065461 | grad_norm=0.996973 | learning_rate=0.000018 | epoch=2.114983
2026-02-16 09:28:46.442 | INFO     | __main__:on_log:109 - step=3040 | loss=0.081210 | grad_norm=1.455349 | learning_rate=0.000018 | epoch=2.118467
2026-02-16 09:28:53.261 | INFO     | __main__:on_log:109 - step=3045 | loss=0.061378 | grad_norm=0.767366 | learning_rate=0.000018 | epoch=2.121951
2026-02-16 09:28:59.510 | INFO     | __main__:on_log:109 - step=3050 | loss=0.069044 | grad_norm=0.000000 | learning_rate=0.000018 | epoch=2.125436
2026-02-16 09:29:06.733 | INFO     | __main__:on_log:109 - step=3055 | loss=0.062630 | grad_norm=0.879524 | learning_rate=0.000018 | epoch=2.128920
2026-02-16 09:29:13.358 | INFO     | __main__:on_log:109 - step=3060 | loss=0.086267 | grad_norm=1.333611 | learning_rate=0.000018 | epoch=2.132404
2026-02-16 09:29:19.619 | INFO     | __main__:on_log:109 - step=3065 | loss=0.076203 | grad_norm=1.024157 | learning_rate=0.000018 | epoch=2.135889
2026-02-16 09:29:26.251 | INFO     | __main__:on_log:109 - step=3070 | loss=0.061725 | grad_norm=0.437241 | learning_rate=0.000018 | epoch=2.139373
2026-02-16 09:29:33.025 | INFO     | __main__:on_log:109 - step=3075 | loss=0.087341 | grad_norm=1.224707 | learning_rate=0.000018 | epoch=2.142857
2026-02-16 09:29:39.605 | INFO     | __main__:on_log:109 - step=3080 | loss=0.096116 | grad_norm=1.044423 | learning_rate=0.000018 | epoch=2.146341
2026-02-16 09:29:46.216 | INFO     | __main__:on_log:109 - step=3085 | loss=0.080185 | grad_norm=0.788755 | learning_rate=0.000018 | epoch=2.149826
2026-02-16 09:29:52.790 | INFO     | __main__:on_log:109 - step=3090 | loss=0.084199 | grad_norm=1.116181 | learning_rate=0.000018 | epoch=2.153310
2026-02-16 09:29:59.405 | INFO     | __main__:on_log:109 - step=3095 | loss=0.066263 | grad_norm=0.986446 | learning_rate=0.000018 | epoch=2.156794
2026-02-16 09:30:06.021 | INFO     | __main__:on_log:109 - step=3100 | loss=0.123318 | grad_norm=1.275235 | learning_rate=0.000018 | epoch=2.160279
2026-02-16 09:30:13.413 | INFO     | __main__:on_log:109 - step=3105 | loss=0.086212 | grad_norm=1.095495 | learning_rate=0.000018 | epoch=2.163763
2026-02-16 09:30:20.031 | INFO     | __main__:on_log:109 - step=3110 | loss=0.059067 | grad_norm=0.582887 | learning_rate=0.000018 | epoch=2.167247
2026-02-16 09:30:26.669 | INFO     | __main__:on_log:109 - step=3115 | loss=0.091882 | grad_norm=1.001486 | learning_rate=0.000018 | epoch=2.170732
2026-02-16 09:30:32.929 | INFO     | __main__:on_log:109 - step=3120 | loss=0.061458 | grad_norm=0.512768 | learning_rate=0.000018 | epoch=2.174216
2026-02-16 09:30:39.507 | INFO     | __main__:on_log:109 - step=3125 | loss=0.083585 | grad_norm=0.850975 | learning_rate=0.000018 | epoch=2.177700
2026-02-16 09:30:46.079 | INFO     | __main__:on_log:109 - step=3130 | loss=0.069510 | grad_norm=1.304365 | learning_rate=0.000018 | epoch=2.181185
2026-02-16 09:30:52.853 | INFO     | __main__:on_log:109 - step=3135 | loss=0.106899 | grad_norm=1.065832 | learning_rate=0.000018 | epoch=2.184669
2026-02-16 09:30:59.465 | INFO     | __main__:on_log:109 - step=3140 | loss=0.088860 | grad_norm=0.932372 | learning_rate=0.000018 | epoch=2.188153
2026-02-16 09:31:06.036 | INFO     | __main__:on_log:109 - step=3145 | loss=0.053574 | grad_norm=0.327652 | learning_rate=0.000018 | epoch=2.191638
2026-02-16 09:31:12.641 | INFO     | __main__:on_log:109 - step=3150 | loss=0.076662 | grad_norm=0.676877 | learning_rate=0.000018 | epoch=2.195122
2026-02-16 09:31:19.803 | INFO     | __main__:on_log:109 - step=3155 | loss=0.053297 | grad_norm=0.892753 | learning_rate=0.000018 | epoch=2.198606
2026-02-16 09:31:26.628 | INFO     | __main__:on_log:109 - step=3160 | loss=0.077314 | grad_norm=1.225758 | learning_rate=0.000018 | epoch=2.202091
2026-02-16 09:31:33.211 | INFO     | __main__:on_log:109 - step=3165 | loss=0.071548 | grad_norm=0.728827 | learning_rate=0.000018 | epoch=2.205575
2026-02-16 09:31:39.812 | INFO     | __main__:on_log:109 - step=3170 | loss=0.067345 | grad_norm=1.051088 | learning_rate=0.000018 | epoch=2.209059
2026-02-16 09:31:46.430 | INFO     | __main__:on_log:109 - step=3175 | loss=0.094544 | grad_norm=1.182458 | learning_rate=0.000018 | epoch=2.212544
2026-02-16 09:31:53.045 | INFO     | __main__:on_log:109 - step=3180 | loss=0.097462 | grad_norm=1.108783 | learning_rate=0.000018 | epoch=2.216028
2026-02-16 09:31:59.652 | INFO     | __main__:on_log:109 - step=3185 | loss=0.077315 | grad_norm=0.812734 | learning_rate=0.000018 | epoch=2.219512
2026-02-16 09:32:06.573 | INFO     | __main__:on_log:109 - step=3190 | loss=0.066430 | grad_norm=0.612568 | learning_rate=0.000018 | epoch=2.222997
2026-02-16 09:32:13.166 | INFO     | __main__:on_log:109 - step=3195 | loss=0.077139 | grad_norm=0.985739 | learning_rate=0.000018 | epoch=2.226481
2026-02-16 09:32:19.786 | INFO     | __main__:on_log:109 - step=3200 | loss=0.079310 | grad_norm=0.809980 | learning_rate=0.000018 | epoch=2.229965
2026-02-16 09:32:27.063 | INFO     | __main__:on_log:109 - step=3205 | loss=0.070674 | grad_norm=1.046811 | learning_rate=0.000017 | epoch=2.233449
2026-02-16 09:32:33.685 | INFO     | __main__:on_log:109 - step=3210 | loss=0.048348 | grad_norm=0.554947 | learning_rate=0.000017 | epoch=2.236934
2026-02-16 09:32:40.290 | INFO     | __main__:on_log:109 - step=3215 | loss=0.102477 | grad_norm=0.860307 | learning_rate=0.000017 | epoch=2.240418
2026-02-16 09:32:47.129 | INFO     | __main__:on_log:109 - step=3220 | loss=0.113062 | grad_norm=0.711516 | learning_rate=0.000017 | epoch=2.243902
2026-02-16 09:32:53.740 | INFO     | __main__:on_log:109 - step=3225 | loss=0.085638 | grad_norm=0.881081 | learning_rate=0.000017 | epoch=2.247387
2026-02-16 09:33:00.337 | INFO     | __main__:on_log:109 - step=3230 | loss=0.079927 | grad_norm=0.474503 | learning_rate=0.000017 | epoch=2.250871
2026-02-16 09:33:06.939 | INFO     | __main__:on_log:109 - step=3235 | loss=0.069917 | grad_norm=1.027803 | learning_rate=0.000017 | epoch=2.254355
2026-02-16 09:33:13.584 | INFO     | __main__:on_log:109 - step=3240 | loss=0.071408 | grad_norm=1.702048 | learning_rate=0.000017 | epoch=2.257840
2026-02-16 09:33:20.471 | INFO     | __main__:on_log:109 - step=3245 | loss=0.048087 | grad_norm=0.646867 | learning_rate=0.000017 | epoch=2.261324
2026-02-16 09:33:27.069 | INFO     | __main__:on_log:109 - step=3250 | loss=0.072566 | grad_norm=0.841809 | learning_rate=0.000017 | epoch=2.264808
2026-02-16 09:33:34.260 | INFO     | __main__:on_log:109 - step=3255 | loss=0.087388 | grad_norm=0.951322 | learning_rate=0.000017 | epoch=2.268293
2026-02-16 09:33:40.861 | INFO     | __main__:on_log:109 - step=3260 | loss=0.074413 | grad_norm=0.719986 | learning_rate=0.000017 | epoch=2.271777
2026-02-16 09:33:47.125 | INFO     | __main__:on_log:109 - step=3265 | loss=0.069018 | grad_norm=0.820528 | learning_rate=0.000017 | epoch=2.275261
2026-02-16 09:33:53.395 | INFO     | __main__:on_log:109 - step=3270 | loss=0.068276 | grad_norm=0.792498 | learning_rate=0.000017 | epoch=2.278746
2026-02-16 09:34:00.197 | INFO     | __main__:on_log:109 - step=3275 | loss=0.113330 | grad_norm=1.864474 | learning_rate=0.000017 | epoch=2.282230
2026-02-16 09:34:06.818 | INFO     | __main__:on_log:109 - step=3280 | loss=0.067622 | grad_norm=0.777205 | learning_rate=0.000017 | epoch=2.285714
2026-02-16 09:34:13.455 | INFO     | __main__:on_log:109 - step=3285 | loss=0.061341 | grad_norm=0.245404 | learning_rate=0.000017 | epoch=2.289199
2026-02-16 09:34:20.077 | INFO     | __main__:on_log:109 - step=3290 | loss=0.104435 | grad_norm=1.497959 | learning_rate=0.000017 | epoch=2.292683
2026-02-16 09:34:26.663 | INFO     | __main__:on_log:109 - step=3295 | loss=0.068807 | grad_norm=0.698380 | learning_rate=0.000017 | epoch=2.296167
2026-02-16 09:34:33.265 | INFO     | __main__:on_log:109 - step=3300 | loss=0.072047 | grad_norm=0.932920 | learning_rate=0.000017 | epoch=2.299652
2026-02-16 09:34:40.811 | INFO     | __main__:on_log:109 - step=3305 | loss=0.060073 | grad_norm=0.861348 | learning_rate=0.000017 | epoch=2.303136
2026-02-16 09:34:47.448 | INFO     | __main__:on_log:109 - step=3310 | loss=0.079330 | grad_norm=0.707845 | learning_rate=0.000017 | epoch=2.306620
2026-02-16 09:34:54.010 | INFO     | __main__:on_log:109 - step=3315 | loss=0.083854 | grad_norm=1.456846 | learning_rate=0.000017 | epoch=2.310105
2026-02-16 09:35:00.608 | INFO     | __main__:on_log:109 - step=3320 | loss=0.077847 | grad_norm=0.727924 | learning_rate=0.000017 | epoch=2.313589
2026-02-16 09:35:07.274 | INFO     | __main__:on_log:109 - step=3325 | loss=0.057353 | grad_norm=0.911567 | learning_rate=0.000017 | epoch=2.317073
2026-02-16 09:35:14.132 | INFO     | __main__:on_log:109 - step=3330 | loss=0.077387 | grad_norm=1.134631 | learning_rate=0.000017 | epoch=2.320557
2026-02-16 09:35:20.748 | INFO     | __main__:on_log:109 - step=3335 | loss=0.107312 | grad_norm=1.822347 | learning_rate=0.000017 | epoch=2.324042
2026-02-16 09:35:27.353 | INFO     | __main__:on_log:109 - step=3340 | loss=0.091559 | grad_norm=0.740152 | learning_rate=0.000017 | epoch=2.327526
2026-02-16 09:35:33.964 | INFO     | __main__:on_log:109 - step=3345 | loss=0.090079 | grad_norm=0.843851 | learning_rate=0.000017 | epoch=2.331010
2026-02-16 09:35:40.246 | INFO     | __main__:on_log:109 - step=3350 | loss=0.086432 | grad_norm=1.015802 | learning_rate=0.000017 | epoch=2.334495
2026-02-16 09:35:47.645 | INFO     | __main__:on_log:109 - step=3355 | loss=0.065876 | grad_norm=0.805569 | learning_rate=0.000017 | epoch=2.337979
2026-02-16 09:35:54.264 | INFO     | __main__:on_log:109 - step=3360 | loss=0.049069 | grad_norm=0.532921 | learning_rate=0.000017 | epoch=2.341463
2026-02-16 09:36:00.865 | INFO     | __main__:on_log:109 - step=3365 | loss=0.125431 | grad_norm=0.871766 | learning_rate=0.000017 | epoch=2.344948
2026-02-16 09:36:07.472 | INFO     | __main__:on_log:109 - step=3370 | loss=0.083946 | grad_norm=1.289208 | learning_rate=0.000017 | epoch=2.348432
2026-02-16 09:36:14.078 | INFO     | __main__:on_log:109 - step=3375 | loss=0.057404 | grad_norm=0.872923 | learning_rate=0.000017 | epoch=2.351916
2026-02-16 09:36:20.704 | INFO     | __main__:on_log:109 - step=3380 | loss=0.041058 | grad_norm=0.420503 | learning_rate=0.000017 | epoch=2.355401
2026-02-16 09:36:27.556 | INFO     | __main__:on_log:109 - step=3385 | loss=0.080664 | grad_norm=0.925523 | learning_rate=0.000017 | epoch=2.358885
2026-02-16 09:36:34.155 | INFO     | __main__:on_log:109 - step=3390 | loss=0.064828 | grad_norm=0.962236 | learning_rate=0.000017 | epoch=2.362369
2026-02-16 09:36:40.069 | INFO     | __main__:on_log:109 - step=3395 | loss=0.066926 | grad_norm=0.340611 | learning_rate=0.000017 | epoch=2.365854
2026-02-16 09:36:46.680 | INFO     | __main__:on_log:109 - step=3400 | loss=0.068264 | grad_norm=1.119875 | learning_rate=0.000017 | epoch=2.369338
2026-02-16 09:36:53.924 | INFO     | __main__:on_log:109 - step=3405 | loss=0.090318 | grad_norm=1.052632 | learning_rate=0.000017 | epoch=2.372822
2026-02-16 09:37:00.552 | INFO     | __main__:on_log:109 - step=3410 | loss=0.080760 | grad_norm=1.090297 | learning_rate=0.000017 | epoch=2.376307
2026-02-16 09:37:07.379 | INFO     | __main__:on_log:109 - step=3415 | loss=0.064458 | grad_norm=0.987457 | learning_rate=0.000017 | epoch=2.379791
2026-02-16 09:37:13.929 | INFO     | __main__:on_log:109 - step=3420 | loss=0.057057 | grad_norm=1.046872 | learning_rate=0.000017 | epoch=2.383275
2026-02-16 09:37:20.505 | INFO     | __main__:on_log:109 - step=3425 | loss=0.092925 | grad_norm=1.058277 | learning_rate=0.000017 | epoch=2.386760
2026-02-16 09:37:27.102 | INFO     | __main__:on_log:109 - step=3430 | loss=0.056374 | grad_norm=0.735064 | learning_rate=0.000016 | epoch=2.390244
2026-02-16 09:37:33.679 | INFO     | __main__:on_log:109 - step=3435 | loss=0.067677 | grad_norm=1.312246 | learning_rate=0.000016 | epoch=2.393728
2026-02-16 09:37:40.303 | INFO     | __main__:on_log:109 - step=3440 | loss=0.047528 | grad_norm=1.171153 | learning_rate=0.000016 | epoch=2.397213
2026-02-16 09:37:47.163 | INFO     | __main__:on_log:109 - step=3445 | loss=0.058631 | grad_norm=0.892664 | learning_rate=0.000016 | epoch=2.400697
2026-02-16 09:37:53.754 | INFO     | __main__:on_log:109 - step=3450 | loss=0.102730 | grad_norm=0.669283 | learning_rate=0.000016 | epoch=2.404181
2026-02-16 09:38:00.890 | INFO     | __main__:on_log:109 - step=3455 | loss=0.079035 | grad_norm=1.054291 | learning_rate=0.000016 | epoch=2.407666
2026-02-16 09:38:07.509 | INFO     | __main__:on_log:109 - step=3460 | loss=0.094298 | grad_norm=1.272421 | learning_rate=0.000016 | epoch=2.411150
2026-02-16 09:38:14.124 | INFO     | __main__:on_log:109 - step=3465 | loss=0.064748 | grad_norm=0.753688 | learning_rate=0.000016 | epoch=2.414634
2026-02-16 09:38:21.047 | INFO     | __main__:on_log:109 - step=3470 | loss=0.056286 | grad_norm=1.340749 | learning_rate=0.000016 | epoch=2.418118
2026-02-16 09:38:27.658 | INFO     | __main__:on_log:109 - step=3475 | loss=0.066317 | grad_norm=0.714128 | learning_rate=0.000016 | epoch=2.421603
2026-02-16 09:38:34.239 | INFO     | __main__:on_log:109 - step=3480 | loss=0.071917 | grad_norm=0.800903 | learning_rate=0.000016 | epoch=2.425087
2026-02-16 09:38:40.862 | INFO     | __main__:on_log:109 - step=3485 | loss=0.055637 | grad_norm=0.548462 | learning_rate=0.000016 | epoch=2.428571
2026-02-16 09:38:47.128 | INFO     | __main__:on_log:109 - step=3490 | loss=0.054315 | grad_norm=1.121387 | learning_rate=0.000016 | epoch=2.432056
2026-02-16 09:38:53.725 | INFO     | __main__:on_log:109 - step=3495 | loss=0.068563 | grad_norm=0.827488 | learning_rate=0.000016 | epoch=2.435540
2026-02-16 09:39:00.514 | INFO     | __main__:on_log:109 - step=3500 | loss=0.097457 | grad_norm=0.920449 | learning_rate=0.000016 | epoch=2.439024
2026-02-16 09:39:07.724 | INFO     | __main__:on_log:109 - step=3505 | loss=0.071144 | grad_norm=0.615047 | learning_rate=0.000016 | epoch=2.442509
2026-02-16 09:39:13.988 | INFO     | __main__:on_log:109 - step=3510 | loss=0.055254 | grad_norm=0.921956 | learning_rate=0.000016 | epoch=2.445993
2026-02-16 09:39:20.583 | INFO     | __main__:on_log:109 - step=3515 | loss=0.067505 | grad_norm=0.781745 | learning_rate=0.000016 | epoch=2.449477
2026-02-16 09:39:27.189 | INFO     | __main__:on_log:109 - step=3520 | loss=0.090189 | grad_norm=1.378494 | learning_rate=0.000016 | epoch=2.452962
2026-02-16 09:39:33.811 | INFO     | __main__:on_log:109 - step=3525 | loss=0.087671 | grad_norm=0.599857 | learning_rate=0.000016 | epoch=2.456446
2026-02-16 09:39:40.677 | INFO     | __main__:on_log:109 - step=3530 | loss=0.075421 | grad_norm=0.557525 | learning_rate=0.000016 | epoch=2.459930
2026-02-16 09:39:47.290 | INFO     | __main__:on_log:109 - step=3535 | loss=0.087211 | grad_norm=0.797006 | learning_rate=0.000016 | epoch=2.463415
2026-02-16 09:39:53.879 | INFO     | __main__:on_log:109 - step=3540 | loss=0.081592 | grad_norm=0.698584 | learning_rate=0.000016 | epoch=2.466899
2026-02-16 09:40:00.461 | INFO     | __main__:on_log:109 - step=3545 | loss=0.095768 | grad_norm=0.791839 | learning_rate=0.000016 | epoch=2.470383
2026-02-16 09:40:07.115 | INFO     | __main__:on_log:109 - step=3550 | loss=0.075285 | grad_norm=1.226788 | learning_rate=0.000016 | epoch=2.473868
2026-02-16 09:40:14.358 | INFO     | __main__:on_log:109 - step=3555 | loss=0.060565 | grad_norm=0.458273 | learning_rate=0.000016 | epoch=2.477352
2026-02-16 09:40:21.170 | INFO     | __main__:on_log:109 - step=3560 | loss=0.095835 | grad_norm=0.664536 | learning_rate=0.000016 | epoch=2.480836
2026-02-16 09:40:27.760 | INFO     | __main__:on_log:109 - step=3565 | loss=0.105169 | grad_norm=0.849901 | learning_rate=0.000016 | epoch=2.484321
2026-02-16 09:40:34.362 | INFO     | __main__:on_log:109 - step=3570 | loss=0.071823 | grad_norm=0.787043 | learning_rate=0.000016 | epoch=2.487805
2026-02-16 09:40:41.010 | INFO     | __main__:on_log:109 - step=3575 | loss=0.072309 | grad_norm=0.713305 | learning_rate=0.000016 | epoch=2.491289
2026-02-16 09:40:47.266 | INFO     | __main__:on_log:109 - step=3580 | loss=0.062805 | grad_norm=0.736037 | learning_rate=0.000016 | epoch=2.494774
2026-02-16 09:40:53.877 | INFO     | __main__:on_log:109 - step=3585 | loss=0.085685 | grad_norm=0.926666 | learning_rate=0.000016 | epoch=2.498258
2026-02-16 09:41:00.706 | INFO     | __main__:on_log:109 - step=3590 | loss=0.111151 | grad_norm=0.784276 | learning_rate=0.000016 | epoch=2.501742
2026-02-16 09:41:07.332 | INFO     | __main__:on_log:109 - step=3595 | loss=0.068015 | grad_norm=0.531632 | learning_rate=0.000016 | epoch=2.505226
2026-02-16 09:41:13.924 | INFO     | __main__:on_log:109 - step=3600 | loss=0.060225 | grad_norm=1.275382 | learning_rate=0.000016 | epoch=2.508711
2026-02-16 09:41:21.135 | INFO     | __main__:on_log:109 - step=3605 | loss=0.062426 | grad_norm=0.481448 | learning_rate=0.000016 | epoch=2.512195
2026-02-16 09:41:27.722 | INFO     | __main__:on_log:109 - step=3610 | loss=0.068351 | grad_norm=0.954038 | learning_rate=0.000016 | epoch=2.515679
2026-02-16 09:41:34.320 | INFO     | __main__:on_log:109 - step=3615 | loss=0.079484 | grad_norm=1.372067 | learning_rate=0.000016 | epoch=2.519164
2026-02-16 09:41:41.103 | INFO     | __main__:on_log:109 - step=3620 | loss=0.036854 | grad_norm=1.266056 | learning_rate=0.000016 | epoch=2.522648
2026-02-16 09:41:47.721 | INFO     | __main__:on_log:109 - step=3625 | loss=0.073974 | grad_norm=0.462607 | learning_rate=0.000016 | epoch=2.526132
2026-02-16 09:41:54.337 | INFO     | __main__:on_log:109 - step=3630 | loss=0.078619 | grad_norm=0.845566 | learning_rate=0.000016 | epoch=2.529617
2026-02-16 09:42:00.952 | INFO     | __main__:on_log:109 - step=3635 | loss=0.082498 | grad_norm=1.257281 | learning_rate=0.000016 | epoch=2.533101
2026-02-16 09:42:07.574 | INFO     | __main__:on_log:109 - step=3640 | loss=0.066639 | grad_norm=0.779996 | learning_rate=0.000016 | epoch=2.536585
2026-02-16 09:42:13.810 | INFO     | __main__:on_log:109 - step=3645 | loss=0.059541 | grad_norm=0.836648 | learning_rate=0.000016 | epoch=2.540070
2026-02-16 09:42:20.647 | INFO     | __main__:on_log:109 - step=3650 | loss=0.075972 | grad_norm=0.817841 | learning_rate=0.000016 | epoch=2.543554
2026-02-16 09:42:27.875 | INFO     | __main__:on_log:109 - step=3655 | loss=0.085261 | grad_norm=1.730047 | learning_rate=0.000015 | epoch=2.547038
2026-02-16 09:42:34.145 | INFO     | __main__:on_log:109 - step=3660 | loss=0.072072 | grad_norm=0.000000 | learning_rate=0.000015 | epoch=2.550523
2026-02-16 09:42:40.765 | INFO     | __main__:on_log:109 - step=3665 | loss=0.045883 | grad_norm=0.724266 | learning_rate=0.000015 | epoch=2.554007
2026-02-16 09:42:47.377 | INFO     | __main__:on_log:109 - step=3670 | loss=0.058486 | grad_norm=0.739824 | learning_rate=0.000015 | epoch=2.557491
2026-02-16 09:42:53.995 | INFO     | __main__:on_log:109 - step=3675 | loss=0.059856 | grad_norm=0.828146 | learning_rate=0.000015 | epoch=2.560976
2026-02-16 09:43:00.854 | INFO     | __main__:on_log:109 - step=3680 | loss=0.106413 | grad_norm=0.922735 | learning_rate=0.000015 | epoch=2.564460
2026-02-16 09:43:07.444 | INFO     | __main__:on_log:109 - step=3685 | loss=0.056317 | grad_norm=1.008091 | learning_rate=0.000015 | epoch=2.567944
2026-02-16 09:43:14.048 | INFO     | __main__:on_log:109 - step=3690 | loss=0.060125 | grad_norm=0.845270 | learning_rate=0.000015 | epoch=2.571429
2026-02-16 09:43:20.667 | INFO     | __main__:on_log:109 - step=3695 | loss=0.106129 | grad_norm=0.871500 | learning_rate=0.000015 | epoch=2.574913
2026-02-16 09:43:27.263 | INFO     | __main__:on_log:109 - step=3700 | loss=0.090413 | grad_norm=1.403525 | learning_rate=0.000015 | epoch=2.578397
2026-02-16 09:43:34.699 | INFO     | __main__:on_log:109 - step=3705 | loss=0.079154 | grad_norm=1.557823 | learning_rate=0.000015 | epoch=2.581882
2026-02-16 09:43:40.623 | INFO     | __main__:on_log:109 - step=3710 | loss=0.054077 | grad_norm=0.610873 | learning_rate=0.000015 | epoch=2.585366
2026-02-16 09:43:47.252 | INFO     | __main__:on_log:109 - step=3715 | loss=0.061368 | grad_norm=0.879278 | learning_rate=0.000015 | epoch=2.588850
2026-02-16 09:43:53.861 | INFO     | __main__:on_log:109 - step=3720 | loss=0.058877 | grad_norm=0.856271 | learning_rate=0.000015 | epoch=2.592334
2026-02-16 09:44:00.467 | INFO     | __main__:on_log:109 - step=3725 | loss=0.077898 | grad_norm=1.539501 | learning_rate=0.000015 | epoch=2.595819
2026-02-16 09:44:07.069 | INFO     | __main__:on_log:109 - step=3730 | loss=0.061693 | grad_norm=0.983284 | learning_rate=0.000015 | epoch=2.599303
2026-02-16 09:44:13.927 | INFO     | __main__:on_log:109 - step=3735 | loss=0.075388 | grad_norm=0.608306 | learning_rate=0.000015 | epoch=2.602787
2026-02-16 09:44:20.197 | INFO     | __main__:on_log:109 - step=3740 | loss=0.089452 | grad_norm=0.939097 | learning_rate=0.000015 | epoch=2.606272
2026-02-16 09:44:26.788 | INFO     | __main__:on_log:109 - step=3745 | loss=0.082423 | grad_norm=1.045011 | learning_rate=0.000015 | epoch=2.609756
2026-02-16 09:44:33.041 | INFO     | __main__:on_log:109 - step=3750 | loss=0.069069 | grad_norm=0.399513 | learning_rate=0.000015 | epoch=2.613240
2026-02-16 09:44:40.266 | INFO     | __main__:on_log:109 - step=3755 | loss=0.058496 | grad_norm=1.002100 | learning_rate=0.000015 | epoch=2.616725
2026-02-16 09:44:47.036 | INFO     | __main__:on_log:109 - step=3760 | loss=0.093043 | grad_norm=1.332004 | learning_rate=0.000015 | epoch=2.620209
2026-02-16 09:44:53.615 | INFO     | __main__:on_log:109 - step=3765 | loss=0.074238 | grad_norm=0.820231 | learning_rate=0.000015 | epoch=2.623693
2026-02-16 09:45:00.227 | INFO     | __main__:on_log:109 - step=3770 | loss=0.087199 | grad_norm=1.065873 | learning_rate=0.000015 | epoch=2.627178
2026-02-16 09:45:06.816 | INFO     | __main__:on_log:109 - step=3775 | loss=0.104672 | grad_norm=0.975207 | learning_rate=0.000015 | epoch=2.630662
2026-02-16 09:45:13.431 | INFO     | __main__:on_log:109 - step=3780 | loss=0.069067 | grad_norm=0.977483 | learning_rate=0.000015 | epoch=2.634146
2026-02-16 09:45:20.015 | INFO     | __main__:on_log:109 - step=3785 | loss=0.108366 | grad_norm=1.194034 | learning_rate=0.000015 | epoch=2.637631
2026-02-16 09:45:26.897 | INFO     | __main__:on_log:109 - step=3790 | loss=0.079253 | grad_norm=0.723146 | learning_rate=0.000015 | epoch=2.641115
2026-02-16 09:45:33.536 | INFO     | __main__:on_log:109 - step=3795 | loss=0.086605 | grad_norm=0.897515 | learning_rate=0.000015 | epoch=2.644599
2026-02-16 09:45:40.180 | INFO     | __main__:on_log:109 - step=3800 | loss=0.072645 | grad_norm=0.684869 | learning_rate=0.000015 | epoch=2.648084
2026-02-16 09:45:47.401 | INFO     | __main__:on_log:109 - step=3805 | loss=0.069651 | grad_norm=1.220820 | learning_rate=0.000015 | epoch=2.651568
2026-02-16 09:45:53.995 | INFO     | __main__:on_log:109 - step=3810 | loss=0.055315 | grad_norm=1.003215 | learning_rate=0.000015 | epoch=2.655052
2026-02-16 09:46:00.609 | INFO     | __main__:on_log:109 - step=3815 | loss=0.077781 | grad_norm=0.934039 | learning_rate=0.000015 | epoch=2.658537
2026-02-16 09:46:07.473 | INFO     | __main__:on_log:109 - step=3820 | loss=0.090871 | grad_norm=0.936682 | learning_rate=0.000015 | epoch=2.662021
2026-02-16 09:46:14.106 | INFO     | __main__:on_log:109 - step=3825 | loss=0.093793 | grad_norm=1.962537 | learning_rate=0.000015 | epoch=2.665505
2026-02-16 09:46:20.745 | INFO     | __main__:on_log:109 - step=3830 | loss=0.062728 | grad_norm=0.737181 | learning_rate=0.000015 | epoch=2.668990
2026-02-16 09:46:27.316 | INFO     | __main__:on_log:109 - step=3835 | loss=0.082650 | grad_norm=0.885407 | learning_rate=0.000015 | epoch=2.672474
2026-02-16 09:46:33.949 | INFO     | __main__:on_log:109 - step=3840 | loss=0.065047 | grad_norm=1.060217 | learning_rate=0.000015 | epoch=2.675958
2026-02-16 09:46:40.754 | INFO     | __main__:on_log:109 - step=3845 | loss=0.068065 | grad_norm=1.184428 | learning_rate=0.000015 | epoch=2.679443
2026-02-16 09:46:47.332 | INFO     | __main__:on_log:109 - step=3850 | loss=0.085423 | grad_norm=1.807697 | learning_rate=0.000015 | epoch=2.682927
2026-02-16 09:46:54.602 | INFO     | __main__:on_log:109 - step=3855 | loss=0.074593 | grad_norm=0.740300 | learning_rate=0.000015 | epoch=2.686411
2026-02-16 09:47:00.886 | INFO     | __main__:on_log:109 - step=3860 | loss=0.061897 | grad_norm=0.591380 | learning_rate=0.000015 | epoch=2.689895
2026-02-16 09:47:07.521 | INFO     | __main__:on_log:109 - step=3865 | loss=0.104141 | grad_norm=1.482728 | learning_rate=0.000015 | epoch=2.693380
2026-02-16 09:47:14.104 | INFO     | __main__:on_log:109 - step=3870 | loss=0.056221 | grad_norm=1.003887 | learning_rate=0.000015 | epoch=2.696864
2026-02-16 09:47:20.597 | INFO     | __main__:on_log:109 - step=3875 | loss=0.056492 | grad_norm=0.734544 | learning_rate=0.000015 | epoch=2.700348
2026-02-16 09:47:27.212 | INFO     | __main__:on_log:109 - step=3880 | loss=0.094129 | grad_norm=1.122979 | learning_rate=0.000015 | epoch=2.703833
2026-02-16 09:47:33.806 | INFO     | __main__:on_log:109 - step=3885 | loss=0.059699 | grad_norm=0.822703 | learning_rate=0.000014 | epoch=2.707317
2026-02-16 09:47:40.413 | INFO     | __main__:on_log:109 - step=3890 | loss=0.043918 | grad_norm=0.511428 | learning_rate=0.000014 | epoch=2.710801
2026-02-16 09:47:46.694 | INFO     | __main__:on_log:109 - step=3895 | loss=0.082998 | grad_norm=0.545136 | learning_rate=0.000014 | epoch=2.714286
2026-02-16 09:47:53.526 | INFO     | __main__:on_log:109 - step=3900 | loss=0.087906 | grad_norm=0.710035 | learning_rate=0.000014 | epoch=2.717770
2026-02-16 09:48:00.352 | INFO     | __main__:on_log:109 - step=3905 | loss=0.086988 | grad_norm=0.822093 | learning_rate=0.000014 | epoch=2.721254
2026-02-16 09:48:06.902 | INFO     | __main__:on_log:109 - step=3910 | loss=0.068033 | grad_norm=0.792852 | learning_rate=0.000014 | epoch=2.724739
2026-02-16 09:48:13.481 | INFO     | __main__:on_log:109 - step=3915 | loss=0.070836 | grad_norm=1.253830 | learning_rate=0.000014 | epoch=2.728223
2026-02-16 09:48:20.129 | INFO     | __main__:on_log:109 - step=3920 | loss=0.061143 | grad_norm=1.659615 | learning_rate=0.000014 | epoch=2.731707
2026-02-16 09:48:26.940 | INFO     | __main__:on_log:109 - step=3925 | loss=0.091316 | grad_norm=1.263631 | learning_rate=0.000014 | epoch=2.735192
2026-02-16 09:48:33.558 | INFO     | __main__:on_log:109 - step=3930 | loss=0.086095 | grad_norm=1.164729 | learning_rate=0.000014 | epoch=2.738676
2026-02-16 09:48:40.178 | INFO     | __main__:on_log:109 - step=3935 | loss=0.073278 | grad_norm=0.576292 | learning_rate=0.000014 | epoch=2.742160
2026-02-16 09:48:46.802 | INFO     | __main__:on_log:109 - step=3940 | loss=0.091420 | grad_norm=0.880046 | learning_rate=0.000014 | epoch=2.745645
2026-02-16 09:48:53.382 | INFO     | __main__:on_log:109 - step=3945 | loss=0.064038 | grad_norm=1.173854 | learning_rate=0.000014 | epoch=2.749129
2026-02-16 09:49:00.134 | INFO     | __main__:on_log:109 - step=3950 | loss=0.098139 | grad_norm=1.017482 | learning_rate=0.000014 | epoch=2.752613
2026-02-16 09:49:07.364 | INFO     | __main__:on_log:109 - step=3955 | loss=0.088272 | grad_norm=0.816693 | learning_rate=0.000014 | epoch=2.756098
2026-02-16 09:49:13.975 | INFO     | __main__:on_log:109 - step=3960 | loss=0.047244 | grad_norm=0.425084 | learning_rate=0.000014 | epoch=2.759582
2026-02-16 09:49:20.556 | INFO     | __main__:on_log:109 - step=3965 | loss=0.088290 | grad_norm=1.016045 | learning_rate=0.000014 | epoch=2.763066
2026-02-16 09:49:27.178 | INFO     | __main__:on_log:109 - step=3970 | loss=0.081708 | grad_norm=0.791200 | learning_rate=0.000014 | epoch=2.766551
2026-02-16 09:49:33.992 | INFO     | __main__:on_log:109 - step=3975 | loss=0.069094 | grad_norm=0.742765 | learning_rate=0.000014 | epoch=2.770035
2026-02-16 09:49:40.591 | INFO     | __main__:on_log:109 - step=3980 | loss=0.103640 | grad_norm=1.250461 | learning_rate=0.000014 | epoch=2.773519
2026-02-16 09:49:47.256 | INFO     | __main__:on_log:109 - step=3985 | loss=0.091363 | grad_norm=1.073845 | learning_rate=0.000014 | epoch=2.777003
2026-02-16 09:49:53.862 | INFO     | __main__:on_log:109 - step=3990 | loss=0.067901 | grad_norm=1.288039 | learning_rate=0.000014 | epoch=2.780488
2026-02-16 09:50:00.469 | INFO     | __main__:on_log:109 - step=3995 | loss=0.087541 | grad_norm=0.592585 | learning_rate=0.000014 | epoch=2.783972
2026-02-16 09:50:07.298 | INFO     | __main__:on_log:109 - step=4000 | loss=0.054075 | grad_norm=0.932829 | learning_rate=0.000014 | epoch=2.787456
2026-02-16 09:50:14.495 | INFO     | __main__:on_log:109 - step=4005 | loss=0.085302 | grad_norm=0.928475 | learning_rate=0.000014 | epoch=2.790941
2026-02-16 09:50:21.117 | INFO     | __main__:on_log:109 - step=4010 | loss=0.082895 | grad_norm=0.802204 | learning_rate=0.000014 | epoch=2.794425
2026-02-16 09:50:27.721 | INFO     | __main__:on_log:109 - step=4015 | loss=0.077350 | grad_norm=0.694946 | learning_rate=0.000014 | epoch=2.797909
2026-02-16 09:50:34.343 | INFO     | __main__:on_log:109 - step=4020 | loss=0.087463 | grad_norm=1.095558 | learning_rate=0.000014 | epoch=2.801394
2026-02-16 09:50:41.154 | INFO     | __main__:on_log:109 - step=4025 | loss=0.084079 | grad_norm=0.817289 | learning_rate=0.000014 | epoch=2.804878
2026-02-16 09:50:47.791 | INFO     | __main__:on_log:109 - step=4030 | loss=0.083018 | grad_norm=0.970850 | learning_rate=0.000014 | epoch=2.808362
2026-02-16 09:50:54.402 | INFO     | __main__:on_log:109 - step=4035 | loss=0.081586 | grad_norm=1.679184 | learning_rate=0.000014 | epoch=2.811847
2026-02-16 09:51:00.987 | INFO     | __main__:on_log:109 - step=4040 | loss=0.110552 | grad_norm=0.889834 | learning_rate=0.000014 | epoch=2.815331
2026-02-16 09:51:07.592 | INFO     | __main__:on_log:109 - step=4045 | loss=0.100965 | grad_norm=0.844541 | learning_rate=0.000014 | epoch=2.818815
2026-02-16 09:51:14.189 | INFO     | __main__:on_log:109 - step=4050 | loss=0.080706 | grad_norm=0.797346 | learning_rate=0.000014 | epoch=2.822300
2026-02-16 09:51:21.732 | INFO     | __main__:on_log:109 - step=4055 | loss=0.083438 | grad_norm=0.942038 | learning_rate=0.000014 | epoch=2.825784
2026-02-16 09:51:28.355 | INFO     | __main__:on_log:109 - step=4060 | loss=0.095517 | grad_norm=0.862664 | learning_rate=0.000014 | epoch=2.829268
2026-02-16 09:51:34.606 | INFO     | __main__:on_log:109 - step=4065 | loss=0.084595 | grad_norm=0.868979 | learning_rate=0.000014 | epoch=2.832753
2026-02-16 09:51:41.185 | INFO     | __main__:on_log:109 - step=4070 | loss=0.116065 | grad_norm=1.534001 | learning_rate=0.000014 | epoch=2.836237
2026-02-16 09:51:47.786 | INFO     | __main__:on_log:109 - step=4075 | loss=0.087167 | grad_norm=1.043360 | learning_rate=0.000014 | epoch=2.839721
2026-02-16 09:51:54.397 | INFO     | __main__:on_log:109 - step=4080 | loss=0.083039 | grad_norm=1.020251 | learning_rate=0.000014 | epoch=2.843206
2026-02-16 09:52:01.277 | INFO     | __main__:on_log:109 - step=4085 | loss=0.070968 | grad_norm=0.895643 | learning_rate=0.000014 | epoch=2.846690
2026-02-16 09:52:07.825 | INFO     | __main__:on_log:109 - step=4090 | loss=0.096628 | grad_norm=0.935613 | learning_rate=0.000014 | epoch=2.850174
2026-02-16 09:52:14.415 | INFO     | __main__:on_log:109 - step=4095 | loss=0.102135 | grad_norm=0.711754 | learning_rate=0.000014 | epoch=2.853659
2026-02-16 09:52:21.029 | INFO     | __main__:on_log:109 - step=4100 | loss=0.074970 | grad_norm=0.996957 | learning_rate=0.000014 | epoch=2.857143
2026-02-16 09:52:28.347 | INFO     | __main__:on_log:109 - step=4105 | loss=0.044180 | grad_norm=0.876404 | learning_rate=0.000014 | epoch=2.860627
2026-02-16 09:52:35.239 | INFO     | __main__:on_log:109 - step=4110 | loss=0.085021 | grad_norm=1.439635 | learning_rate=0.000013 | epoch=2.864111
2026-02-16 09:52:41.847 | INFO     | __main__:on_log:109 - step=4115 | loss=0.110334 | grad_norm=0.809652 | learning_rate=0.000013 | epoch=2.867596
2026-02-16 09:52:48.466 | INFO     | __main__:on_log:109 - step=4120 | loss=0.077560 | grad_norm=0.596577 | learning_rate=0.000013 | epoch=2.871080
2026-02-16 09:52:55.024 | INFO     | __main__:on_log:109 - step=4125 | loss=0.103188 | grad_norm=0.915816 | learning_rate=0.000013 | epoch=2.874564
2026-02-16 09:53:01.613 | INFO     | __main__:on_log:109 - step=4130 | loss=0.077633 | grad_norm=0.462762 | learning_rate=0.000013 | epoch=2.878049
2026-02-16 09:53:08.231 | INFO     | __main__:on_log:109 - step=4135 | loss=0.077557 | grad_norm=0.826188 | learning_rate=0.000013 | epoch=2.881533
2026-02-16 09:53:15.074 | INFO     | __main__:on_log:109 - step=4140 | loss=0.071597 | grad_norm=1.024439 | learning_rate=0.000013 | epoch=2.885017
2026-02-16 09:53:21.669 | INFO     | __main__:on_log:109 - step=4145 | loss=0.084742 | grad_norm=0.707613 | learning_rate=0.000013 | epoch=2.888502
2026-02-16 09:53:28.275 | INFO     | __main__:on_log:109 - step=4150 | loss=0.057593 | grad_norm=0.820424 | learning_rate=0.000013 | epoch=2.891986
2026-02-16 09:53:35.499 | INFO     | __main__:on_log:109 - step=4155 | loss=0.082272 | grad_norm=0.714474 | learning_rate=0.000013 | epoch=2.895470
2026-02-16 09:53:42.099 | INFO     | __main__:on_log:109 - step=4160 | loss=0.073316 | grad_norm=0.665532 | learning_rate=0.000013 | epoch=2.898955
2026-02-16 09:53:48.679 | INFO     | __main__:on_log:109 - step=4165 | loss=0.062037 | grad_norm=0.702323 | learning_rate=0.000013 | epoch=2.902439
2026-02-16 09:53:55.514 | INFO     | __main__:on_log:109 - step=4170 | loss=0.096754 | grad_norm=0.475547 | learning_rate=0.000013 | epoch=2.905923
2026-02-16 09:54:01.752 | INFO     | __main__:on_log:109 - step=4175 | loss=0.075275 | grad_norm=0.008983 | learning_rate=0.000013 | epoch=2.909408
2026-02-16 09:54:08.339 | INFO     | __main__:on_log:109 - step=4180 | loss=0.065167 | grad_norm=1.020311 | learning_rate=0.000013 | epoch=2.912892
2026-02-16 09:54:14.576 | INFO     | __main__:on_log:109 - step=4185 | loss=0.066058 | grad_norm=0.897085 | learning_rate=0.000013 | epoch=2.916376
2026-02-16 09:54:21.186 | INFO     | __main__:on_log:109 - step=4190 | loss=0.068991 | grad_norm=1.061012 | learning_rate=0.000013 | epoch=2.919861
2026-02-16 09:54:28.016 | INFO     | __main__:on_log:109 - step=4195 | loss=0.079179 | grad_norm=1.015438 | learning_rate=0.000013 | epoch=2.923345
2026-02-16 09:54:34.653 | INFO     | __main__:on_log:109 - step=4200 | loss=0.075260 | grad_norm=0.625426 | learning_rate=0.000013 | epoch=2.926829
2026-02-16 09:54:41.901 | INFO     | __main__:on_log:109 - step=4205 | loss=0.108281 | grad_norm=0.857520 | learning_rate=0.000013 | epoch=2.930314
2026-02-16 09:54:48.524 | INFO     | __main__:on_log:109 - step=4210 | loss=0.074670 | grad_norm=1.131563 | learning_rate=0.000013 | epoch=2.933798
2026-02-16 09:54:54.763 | INFO     | __main__:on_log:109 - step=4215 | loss=0.052604 | grad_norm=0.029636 | learning_rate=0.000013 | epoch=2.937282
2026-02-16 09:55:01.380 | INFO     | __main__:on_log:109 - step=4220 | loss=0.058004 | grad_norm=1.263456 | learning_rate=0.000013 | epoch=2.940767
2026-02-16 09:55:08.209 | INFO     | __main__:on_log:109 - step=4225 | loss=0.071933 | grad_norm=0.865816 | learning_rate=0.000013 | epoch=2.944251
2026-02-16 09:55:14.806 | INFO     | __main__:on_log:109 - step=4230 | loss=0.083426 | grad_norm=1.034222 | learning_rate=0.000013 | epoch=2.947735
2026-02-16 09:55:21.408 | INFO     | __main__:on_log:109 - step=4235 | loss=0.075669 | grad_norm=1.076970 | learning_rate=0.000013 | epoch=2.951220
2026-02-16 09:55:27.970 | INFO     | __main__:on_log:109 - step=4240 | loss=0.085232 | grad_norm=0.989490 | learning_rate=0.000013 | epoch=2.954704
2026-02-16 09:55:34.588 | INFO     | __main__:on_log:109 - step=4245 | loss=0.079831 | grad_norm=0.598990 | learning_rate=0.000013 | epoch=2.958188
2026-02-16 09:55:41.194 | INFO     | __main__:on_log:109 - step=4250 | loss=0.058614 | grad_norm=0.530075 | learning_rate=0.000013 | epoch=2.961672
2026-02-16 09:55:48.753 | INFO     | __main__:on_log:109 - step=4255 | loss=0.080645 | grad_norm=1.093396 | learning_rate=0.000013 | epoch=2.965157
2026-02-16 09:55:55.019 | INFO     | __main__:on_log:109 - step=4260 | loss=0.091107 | grad_norm=1.011308 | learning_rate=0.000013 | epoch=2.968641
2026-02-16 09:56:01.607 | INFO     | __main__:on_log:109 - step=4265 | loss=0.062110 | grad_norm=0.994462 | learning_rate=0.000013 | epoch=2.972125
2026-02-16 09:56:08.234 | INFO     | __main__:on_log:109 - step=4270 | loss=0.081017 | grad_norm=0.683123 | learning_rate=0.000013 | epoch=2.975610
2026-02-16 09:56:14.832 | INFO     | __main__:on_log:109 - step=4275 | loss=0.057791 | grad_norm=0.496540 | learning_rate=0.000013 | epoch=2.979094
2026-02-16 09:56:21.363 | INFO     | __main__:on_log:109 - step=4280 | loss=0.069626 | grad_norm=0.762814 | learning_rate=0.000013 | epoch=2.982578
2026-02-16 09:56:27.944 | INFO     | __main__:on_log:109 - step=4285 | loss=0.059757 | grad_norm=1.286138 | learning_rate=0.000013 | epoch=2.986063
2026-02-16 09:56:34.569 | INFO     | __main__:on_log:109 - step=4290 | loss=0.076419 | grad_norm=2.065677 | learning_rate=0.000013 | epoch=2.989547
2026-02-16 09:56:41.176 | INFO     | __main__:on_log:109 - step=4295 | loss=0.092706 | grad_norm=1.247229 | learning_rate=0.000013 | epoch=2.993031
2026-02-16 09:56:47.776 | INFO     | __main__:on_log:109 - step=4300 | loss=0.063484 | grad_norm=0.360771 | learning_rate=0.000013 | epoch=2.996516
2026-02-16 09:56:54.370 | INFO     | __main__:on_log:109 - step=4305 | loss=0.080427 | grad_norm=1.445662 | learning_rate=0.000013 | epoch=3.000000
2026-02-16 09:57:00.902 | INFO     | __main__:on_log:109 - step=4310 | loss=0.046851 | grad_norm=0.528520 | learning_rate=0.000013 | epoch=3.003484
2026-02-16 09:57:07.498 | INFO     | __main__:on_log:109 - step=4315 | loss=0.056164 | grad_norm=0.779115 | learning_rate=0.000013 | epoch=3.006969
2026-02-16 09:57:14.068 | INFO     | __main__:on_log:109 - step=4320 | loss=0.080067 | grad_norm=1.307744 | learning_rate=0.000013 | epoch=3.010453
2026-02-16 09:57:20.666 | INFO     | __main__:on_log:109 - step=4325 | loss=0.066701 | grad_norm=0.627400 | learning_rate=0.000013 | epoch=3.013937
2026-02-16 09:57:27.562 | INFO     | __main__:on_log:109 - step=4330 | loss=0.070489 | grad_norm=0.784352 | learning_rate=0.000013 | epoch=3.017422
2026-02-16 09:57:34.156 | INFO     | __main__:on_log:109 - step=4335 | loss=0.060798 | grad_norm=1.031220 | learning_rate=0.000013 | epoch=3.020906
2026-02-16 09:57:40.747 | INFO     | __main__:on_log:109 - step=4340 | loss=0.059196 | grad_norm=1.077358 | learning_rate=0.000012 | epoch=3.024390
2026-02-16 09:57:47.301 | INFO     | __main__:on_log:109 - step=4345 | loss=0.066417 | grad_norm=1.007683 | learning_rate=0.000012 | epoch=3.027875
2026-02-16 09:57:53.882 | INFO     | __main__:on_log:109 - step=4350 | loss=0.054898 | grad_norm=0.707365 | learning_rate=0.000012 | epoch=3.031359
2026-02-16 09:58:01.386 | INFO     | __main__:on_log:109 - step=4355 | loss=0.067319 | grad_norm=1.091974 | learning_rate=0.000012 | epoch=3.034843
2026-02-16 09:58:07.970 | INFO     | __main__:on_log:109 - step=4360 | loss=0.061416 | grad_norm=0.617428 | learning_rate=0.000012 | epoch=3.038328
2026-02-16 09:58:14.557 | INFO     | __main__:on_log:109 - step=4365 | loss=0.055365 | grad_norm=1.306278 | learning_rate=0.000012 | epoch=3.041812
2026-02-16 09:58:21.137 | INFO     | __main__:on_log:109 - step=4370 | loss=0.062328 | grad_norm=0.761938 | learning_rate=0.000012 | epoch=3.045296
2026-02-16 09:58:27.772 | INFO     | __main__:on_log:109 - step=4375 | loss=0.048832 | grad_norm=0.818970 | learning_rate=0.000012 | epoch=3.048780
2026-02-16 09:58:34.681 | INFO     | __main__:on_log:109 - step=4380 | loss=0.064578 | grad_norm=1.035221 | learning_rate=0.000012 | epoch=3.052265
2026-02-16 09:58:41.272 | INFO     | __main__:on_log:109 - step=4385 | loss=0.059645 | grad_norm=1.555899 | learning_rate=0.000012 | epoch=3.055749
2026-02-16 09:58:47.860 | INFO     | __main__:on_log:109 - step=4390 | loss=0.057312 | grad_norm=0.897116 | learning_rate=0.000012 | epoch=3.059233
2026-02-16 09:58:54.458 | INFO     | __main__:on_log:109 - step=4395 | loss=0.042252 | grad_norm=0.983579 | learning_rate=0.000012 | epoch=3.062718
2026-02-16 09:59:01.219 | INFO     | __main__:on_log:109 - step=4400 | loss=0.090381 | grad_norm=1.432730 | learning_rate=0.000012 | epoch=3.066202
2026-02-16 09:59:08.564 | INFO     | __main__:on_log:109 - step=4405 | loss=0.051187 | grad_norm=0.824960 | learning_rate=0.000012 | epoch=3.069686
2026-02-16 09:59:15.146 | INFO     | __main__:on_log:109 - step=4410 | loss=0.065090 | grad_norm=1.008459 | learning_rate=0.000012 | epoch=3.073171
2026-02-16 09:59:21.358 | INFO     | __main__:on_log:109 - step=4415 | loss=0.058004 | grad_norm=2.254838 | learning_rate=0.000012 | epoch=3.076655
2026-02-16 09:59:27.966 | INFO     | __main__:on_log:109 - step=4420 | loss=0.079219 | grad_norm=1.172546 | learning_rate=0.000012 | epoch=3.080139
2026-02-16 09:59:34.589 | INFO     | __main__:on_log:109 - step=4425 | loss=0.040851 | grad_norm=0.590818 | learning_rate=0.000012 | epoch=3.083624
2026-02-16 09:59:41.450 | INFO     | __main__:on_log:109 - step=4430 | loss=0.041257 | grad_norm=0.738798 | learning_rate=0.000012 | epoch=3.087108
2026-02-16 09:59:48.039 | INFO     | __main__:on_log:109 - step=4435 | loss=0.087909 | grad_norm=0.918190 | learning_rate=0.000012 | epoch=3.090592
2026-02-16 09:59:54.669 | INFO     | __main__:on_log:109 - step=4440 | loss=0.050634 | grad_norm=0.729931 | learning_rate=0.000012 | epoch=3.094077
2026-02-16 10:00:01.292 | INFO     | __main__:on_log:109 - step=4445 | loss=0.049205 | grad_norm=0.703689 | learning_rate=0.000012 | epoch=3.097561
2026-02-16 10:00:07.897 | INFO     | __main__:on_log:109 - step=4450 | loss=0.063796 | grad_norm=1.174092 | learning_rate=0.000012 | epoch=3.101045
2026-02-16 10:00:15.278 | INFO     | __main__:on_log:109 - step=4455 | loss=0.070080 | grad_norm=1.087590 | learning_rate=0.000012 | epoch=3.104530
2026-02-16 10:00:21.883 | INFO     | __main__:on_log:109 - step=4460 | loss=0.061237 | grad_norm=0.937266 | learning_rate=0.000012 | epoch=3.108014
2026-02-16 10:00:28.476 | INFO     | __main__:on_log:109 - step=4465 | loss=0.060118 | grad_norm=0.759193 | learning_rate=0.000012 | epoch=3.111498
2026-02-16 10:00:35.075 | INFO     | __main__:on_log:109 - step=4470 | loss=0.075693 | grad_norm=1.272608 | learning_rate=0.000012 | epoch=3.114983
2026-02-16 10:00:41.712 | INFO     | __main__:on_log:109 - step=4475 | loss=0.053757 | grad_norm=0.591877 | learning_rate=0.000012 | epoch=3.118467
2026-02-16 10:00:48.330 | INFO     | __main__:on_log:109 - step=4480 | loss=0.044997 | grad_norm=0.957875 | learning_rate=0.000012 | epoch=3.121951
2026-02-16 10:00:55.187 | INFO     | __main__:on_log:109 - step=4485 | loss=0.073441 | grad_norm=1.723832 | learning_rate=0.000012 | epoch=3.125436
2026-02-16 10:01:01.784 | INFO     | __main__:on_log:109 - step=4490 | loss=0.074631 | grad_norm=1.772386 | learning_rate=0.000012 | epoch=3.128920
2026-02-16 10:01:07.681 | INFO     | __main__:on_log:109 - step=4495 | loss=0.042117 | grad_norm=0.000000 | learning_rate=0.000012 | epoch=3.132404
2026-02-16 10:01:14.285 | INFO     | __main__:on_log:109 - step=4500 | loss=0.056617 | grad_norm=0.903990 | learning_rate=0.000012 | epoch=3.135889
2026-02-16 10:01:21.556 | INFO     | __main__:on_log:109 - step=4505 | loss=0.043489 | grad_norm=1.198813 | learning_rate=0.000012 | epoch=3.139373
2026-02-16 10:01:28.384 | INFO     | __main__:on_log:109 - step=4510 | loss=0.063842 | grad_norm=1.034947 | learning_rate=0.000012 | epoch=3.142857
2026-02-16 10:01:35.006 | INFO     | __main__:on_log:109 - step=4515 | loss=0.045001 | grad_norm=0.939880 | learning_rate=0.000012 | epoch=3.146341
2026-02-16 10:01:41.631 | INFO     | __main__:on_log:109 - step=4520 | loss=0.066120 | grad_norm=0.912157 | learning_rate=0.000012 | epoch=3.149826
2026-02-16 10:01:48.262 | INFO     | __main__:on_log:109 - step=4525 | loss=0.066253 | grad_norm=1.671657 | learning_rate=0.000012 | epoch=3.153310
2026-02-16 10:01:54.816 | INFO     | __main__:on_log:109 - step=4530 | loss=0.061045 | grad_norm=0.904595 | learning_rate=0.000012 | epoch=3.156794
2026-02-16 10:02:01.439 | INFO     | __main__:on_log:109 - step=4535 | loss=0.047593 | grad_norm=1.367808 | learning_rate=0.000012 | epoch=3.160279
2026-02-16 10:02:08.281 | INFO     | __main__:on_log:109 - step=4540 | loss=0.069976 | grad_norm=0.597349 | learning_rate=0.000012 | epoch=3.163763
2026-02-16 10:02:14.896 | INFO     | __main__:on_log:109 - step=4545 | loss=0.066610 | grad_norm=0.893182 | learning_rate=0.000012 | epoch=3.167247
2026-02-16 10:02:21.480 | INFO     | __main__:on_log:109 - step=4550 | loss=0.100056 | grad_norm=0.797504 | learning_rate=0.000012 | epoch=3.170732
2026-02-16 10:02:28.679 | INFO     | __main__:on_log:109 - step=4555 | loss=0.058510 | grad_norm=1.074288 | learning_rate=0.000012 | epoch=3.174216
2026-02-16 10:02:35.306 | INFO     | __main__:on_log:109 - step=4560 | loss=0.071490 | grad_norm=1.355856 | learning_rate=0.000012 | epoch=3.177700
2026-02-16 10:02:41.959 | INFO     | __main__:on_log:109 - step=4565 | loss=0.047353 | grad_norm=0.623583 | learning_rate=0.000011 | epoch=3.181185
2026-02-16 10:02:48.784 | INFO     | __main__:on_log:109 - step=4570 | loss=0.064506 | grad_norm=1.455508 | learning_rate=0.000011 | epoch=3.184669
2026-02-16 10:02:55.384 | INFO     | __main__:on_log:109 - step=4575 | loss=0.092814 | grad_norm=1.318344 | learning_rate=0.000011 | epoch=3.188153
2026-02-16 10:03:02.018 | INFO     | __main__:on_log:109 - step=4580 | loss=0.064802 | grad_norm=0.836065 | learning_rate=0.000011 | epoch=3.191638
2026-02-16 10:03:08.657 | INFO     | __main__:on_log:109 - step=4585 | loss=0.052014 | grad_norm=1.010526 | learning_rate=0.000011 | epoch=3.195122
2026-02-16 10:03:14.918 | INFO     | __main__:on_log:109 - step=4590 | loss=0.056100 | grad_norm=1.286873 | learning_rate=0.000011 | epoch=3.198606
2026-02-16 10:03:21.425 | INFO     | __main__:on_log:109 - step=4595 | loss=0.059118 | grad_norm=1.953833 | learning_rate=0.000011 | epoch=3.202091
2026-02-16 10:03:28.011 | INFO     | __main__:on_log:109 - step=4600 | loss=0.060955 | grad_norm=1.183351 | learning_rate=0.000011 | epoch=3.205575
2026-02-16 10:03:35.195 | INFO     | __main__:on_log:109 - step=4605 | loss=0.055878 | grad_norm=0.796927 | learning_rate=0.000011 | epoch=3.209059
2026-02-16 10:03:41.788 | INFO     | __main__:on_log:109 - step=4610 | loss=0.060760 | grad_norm=0.999205 | learning_rate=0.000011 | epoch=3.212544
2026-02-16 10:03:48.392 | INFO     | __main__:on_log:109 - step=4615 | loss=0.055519 | grad_norm=1.079555 | learning_rate=0.000011 | epoch=3.216028
2026-02-16 10:03:55.001 | INFO     | __main__:on_log:109 - step=4620 | loss=0.052690 | grad_norm=1.238095 | learning_rate=0.000011 | epoch=3.219512
2026-02-16 10:04:01.505 | INFO     | __main__:on_log:109 - step=4625 | loss=0.041444 | grad_norm=1.239942 | learning_rate=0.000011 | epoch=3.222997
2026-02-16 10:04:08.099 | INFO     | __main__:on_log:109 - step=4630 | loss=0.061672 | grad_norm=0.976820 | learning_rate=0.000011 | epoch=3.226481
2026-02-16 10:04:14.339 | INFO     | __main__:on_log:109 - step=4635 | loss=0.055074 | grad_norm=0.869360 | learning_rate=0.000011 | epoch=3.229965
2026-02-16 10:04:20.961 | INFO     | __main__:on_log:109 - step=4640 | loss=0.056761 | grad_norm=0.641230 | learning_rate=0.000011 | epoch=3.233449
2026-02-16 10:04:27.554 | INFO     | __main__:on_log:109 - step=4645 | loss=0.064952 | grad_norm=1.326557 | learning_rate=0.000011 | epoch=3.236934
2026-02-16 10:04:34.200 | INFO     | __main__:on_log:109 - step=4650 | loss=0.050080 | grad_norm=0.881278 | learning_rate=0.000011 | epoch=3.240418
2026-02-16 10:04:41.658 | INFO     | __main__:on_log:109 - step=4655 | loss=0.058757 | grad_norm=0.481721 | learning_rate=0.000011 | epoch=3.243902
2026-02-16 10:04:48.257 | INFO     | __main__:on_log:109 - step=4660 | loss=0.074249 | grad_norm=0.952404 | learning_rate=0.000011 | epoch=3.247387
2026-02-16 10:04:54.892 | INFO     | __main__:on_log:109 - step=4665 | loss=0.051283 | grad_norm=1.780829 | learning_rate=0.000011 | epoch=3.250871
2026-02-16 10:05:01.463 | INFO     | __main__:on_log:109 - step=4670 | loss=0.070651 | grad_norm=0.889323 | learning_rate=0.000011 | epoch=3.254355
2026-02-16 10:05:08.087 | INFO     | __main__:on_log:109 - step=4675 | loss=0.053133 | grad_norm=0.730248 | learning_rate=0.000011 | epoch=3.257840
2026-02-16 10:05:14.890 | INFO     | __main__:on_log:109 - step=4680 | loss=0.057905 | grad_norm=1.278322 | learning_rate=0.000011 | epoch=3.261324
2026-02-16 10:05:21.485 | INFO     | __main__:on_log:109 - step=4685 | loss=0.077919 | grad_norm=1.583448 | learning_rate=0.000011 | epoch=3.264808
2026-02-16 10:05:28.084 | INFO     | __main__:on_log:109 - step=4690 | loss=0.053044 | grad_norm=0.751931 | learning_rate=0.000011 | epoch=3.268293
2026-02-16 10:05:34.703 | INFO     | __main__:on_log:109 - step=4695 | loss=0.060225 | grad_norm=1.233380 | learning_rate=0.000011 | epoch=3.271777
2026-02-16 10:05:40.948 | INFO     | __main__:on_log:109 - step=4700 | loss=0.056835 | grad_norm=1.162511 | learning_rate=0.000011 | epoch=3.275261
2026-02-16 10:05:48.151 | INFO     | __main__:on_log:109 - step=4705 | loss=0.067754 | grad_norm=0.913843 | learning_rate=0.000011 | epoch=3.278746
2026-02-16 10:05:54.951 | INFO     | __main__:on_log:109 - step=4710 | loss=0.051146 | grad_norm=0.992790 | learning_rate=0.000011 | epoch=3.282230
2026-02-16 10:06:01.564 | INFO     | __main__:on_log:109 - step=4715 | loss=0.042475 | grad_norm=1.275548 | learning_rate=0.000011 | epoch=3.285714
2026-02-16 10:06:08.192 | INFO     | __main__:on_log:109 - step=4720 | loss=0.047915 | grad_norm=0.860266 | learning_rate=0.000011 | epoch=3.289199
2026-02-16 10:06:14.839 | INFO     | __main__:on_log:109 - step=4725 | loss=0.074860 | grad_norm=0.891690 | learning_rate=0.000011 | epoch=3.292683
2026-02-16 10:06:21.454 | INFO     | __main__:on_log:109 - step=4730 | loss=0.064581 | grad_norm=1.082248 | learning_rate=0.000011 | epoch=3.296167
2026-02-16 10:06:28.056 | INFO     | __main__:on_log:109 - step=4735 | loss=0.050491 | grad_norm=1.120845 | learning_rate=0.000011 | epoch=3.299652
2026-02-16 10:06:34.873 | INFO     | __main__:on_log:109 - step=4740 | loss=0.091686 | grad_norm=1.654303 | learning_rate=0.000011 | epoch=3.303136
2026-02-16 10:06:41.156 | INFO     | __main__:on_log:109 - step=4745 | loss=0.060831 | grad_norm=0.531639 | learning_rate=0.000011 | epoch=3.306620
2026-02-16 10:06:47.779 | INFO     | __main__:on_log:109 - step=4750 | loss=0.050941 | grad_norm=1.039117 | learning_rate=0.000011 | epoch=3.310105
2026-02-16 10:06:54.994 | INFO     | __main__:on_log:109 - step=4755 | loss=0.047018 | grad_norm=0.603266 | learning_rate=0.000011 | epoch=3.313589
2026-02-16 10:07:01.607 | INFO     | __main__:on_log:109 - step=4760 | loss=0.080500 | grad_norm=1.213880 | learning_rate=0.000011 | epoch=3.317073
2026-02-16 10:07:08.445 | INFO     | __main__:on_log:109 - step=4765 | loss=0.076273 | grad_norm=1.213757 | learning_rate=0.000011 | epoch=3.320557
2026-02-16 10:07:15.052 | INFO     | __main__:on_log:109 - step=4770 | loss=0.059736 | grad_norm=0.871104 | learning_rate=0.000011 | epoch=3.324042
2026-02-16 10:07:21.677 | INFO     | __main__:on_log:109 - step=4775 | loss=0.085332 | grad_norm=0.919945 | learning_rate=0.000011 | epoch=3.327526
2026-02-16 10:07:28.311 | INFO     | __main__:on_log:109 - step=4780 | loss=0.077375 | grad_norm=0.922288 | learning_rate=0.000011 | epoch=3.331010
2026-02-16 10:07:34.932 | INFO     | __main__:on_log:109 - step=4785 | loss=0.059722 | grad_norm=0.560843 | learning_rate=0.000011 | epoch=3.334495
2026-02-16 10:07:41.501 | INFO     | __main__:on_log:109 - step=4790 | loss=0.075241 | grad_norm=0.964099 | learning_rate=0.000011 | epoch=3.337979
2026-02-16 10:07:47.599 | INFO     | __main__:on_log:109 - step=4795 | loss=0.052896 | grad_norm=1.346148 | learning_rate=0.000010 | epoch=3.341463
2026-02-16 10:07:54.179 | INFO     | __main__:on_log:109 - step=4800 | loss=0.054578 | grad_norm=1.181808 | learning_rate=0.000010 | epoch=3.344948
2026-02-16 10:08:01.519 | INFO     | __main__:on_log:109 - step=4805 | loss=0.029652 | grad_norm=0.761982 | learning_rate=0.000010 | epoch=3.348432
2026-02-16 10:08:08.149 | INFO     | __main__:on_log:109 - step=4810 | loss=0.057504 | grad_norm=1.188673 | learning_rate=0.000010 | epoch=3.351916
2026-02-16 10:08:14.758 | INFO     | __main__:on_log:109 - step=4815 | loss=0.060092 | grad_norm=0.970729 | learning_rate=0.000010 | epoch=3.355401
2026-02-16 10:08:21.303 | INFO     | __main__:on_log:109 - step=4820 | loss=0.059147 | grad_norm=0.834867 | learning_rate=0.000010 | epoch=3.358885
2026-02-16 10:08:28.096 | INFO     | __main__:on_log:109 - step=4825 | loss=0.052810 | grad_norm=0.943983 | learning_rate=0.000010 | epoch=3.362369
2026-02-16 10:08:34.368 | INFO     | __main__:on_log:109 - step=4830 | loss=0.050230 | grad_norm=1.131555 | learning_rate=0.000010 | epoch=3.365854
2026-02-16 10:08:41.041 | INFO     | __main__:on_log:109 - step=4835 | loss=0.057829 | grad_norm=1.259620 | learning_rate=0.000010 | epoch=3.369338
2026-02-16 10:08:47.605 | INFO     | __main__:on_log:109 - step=4840 | loss=0.088879 | grad_norm=2.180437 | learning_rate=0.000010 | epoch=3.372822
2026-02-16 10:08:54.201 | INFO     | __main__:on_log:109 - step=4845 | loss=0.078146 | grad_norm=0.682484 | learning_rate=0.000010 | epoch=3.376307
2026-02-16 10:09:01.021 | INFO     | __main__:on_log:109 - step=4850 | loss=0.067295 | grad_norm=0.901269 | learning_rate=0.000010 | epoch=3.379791
2026-02-16 10:09:08.244 | INFO     | __main__:on_log:109 - step=4855 | loss=0.054001 | grad_norm=1.254815 | learning_rate=0.000010 | epoch=3.383275
2026-02-16 10:09:14.498 | INFO     | __main__:on_log:109 - step=4860 | loss=0.057809 | grad_norm=1.112399 | learning_rate=0.000010 | epoch=3.386760
2026-02-16 10:09:21.085 | INFO     | __main__:on_log:109 - step=4865 | loss=0.081313 | grad_norm=0.988999 | learning_rate=0.000010 | epoch=3.390244
2026-02-16 10:09:27.689 | INFO     | __main__:on_log:109 - step=4870 | loss=0.060165 | grad_norm=0.996306 | learning_rate=0.000010 | epoch=3.393728
2026-02-16 10:09:34.483 | INFO     | __main__:on_log:109 - step=4875 | loss=0.060132 | grad_norm=1.876245 | learning_rate=0.000010 | epoch=3.397213
2026-02-16 10:09:41.084 | INFO     | __main__:on_log:109 - step=4880 | loss=0.050046 | grad_norm=1.269412 | learning_rate=0.000010 | epoch=3.400697
2026-02-16 10:09:47.714 | INFO     | __main__:on_log:109 - step=4885 | loss=0.057370 | grad_norm=1.272435 | learning_rate=0.000010 | epoch=3.404181
2026-02-16 10:09:53.929 | INFO     | __main__:on_log:109 - step=4890 | loss=0.052889 | grad_norm=2.338598 | learning_rate=0.000010 | epoch=3.407666
2026-02-16 10:10:00.529 | INFO     | __main__:on_log:109 - step=4895 | loss=0.050809 | grad_norm=0.808377 | learning_rate=0.000010 | epoch=3.411150
2026-02-16 10:10:07.145 | INFO     | __main__:on_log:109 - step=4900 | loss=0.058813 | grad_norm=0.941681 | learning_rate=0.000010 | epoch=3.414634
2026-02-16 10:10:14.547 | INFO     | __main__:on_log:109 - step=4905 | loss=0.080646 | grad_norm=1.034911 | learning_rate=0.000010 | epoch=3.418118
2026-02-16 10:10:21.137 | INFO     | __main__:on_log:109 - step=4910 | loss=0.061095 | grad_norm=1.368695 | learning_rate=0.000010 | epoch=3.421603
2026-02-16 10:10:27.772 | INFO     | __main__:on_log:109 - step=4915 | loss=0.036325 | grad_norm=0.701206 | learning_rate=0.000010 | epoch=3.425087
2026-02-16 10:10:34.360 | INFO     | __main__:on_log:109 - step=4920 | loss=0.082887 | grad_norm=1.412138 | learning_rate=0.000010 | epoch=3.428571
2026-02-16 10:10:40.968 | INFO     | __main__:on_log:109 - step=4925 | loss=0.058197 | grad_norm=1.182636 | learning_rate=0.000010 | epoch=3.432056
2026-02-16 10:10:47.773 | INFO     | __main__:on_log:109 - step=4930 | loss=0.061779 | grad_norm=1.044416 | learning_rate=0.000010 | epoch=3.435540
2026-02-16 10:10:54.016 | INFO     | __main__:on_log:109 - step=4935 | loss=0.046104 | grad_norm=0.355841 | learning_rate=0.000010 | epoch=3.439024
2026-02-16 10:11:00.585 | INFO     | __main__:on_log:109 - step=4940 | loss=0.065022 | grad_norm=1.648485 | learning_rate=0.000010 | epoch=3.442509
2026-02-16 10:11:07.202 | INFO     | __main__:on_log:109 - step=4945 | loss=0.072638 | grad_norm=1.042117 | learning_rate=0.000010 | epoch=3.445993
2026-02-16 10:11:13.802 | INFO     | __main__:on_log:109 - step=4950 | loss=0.067923 | grad_norm=1.510220 | learning_rate=0.000010 | epoch=3.449477
2026-02-16 10:11:21.340 | INFO     | __main__:on_log:109 - step=4955 | loss=0.045374 | grad_norm=0.588306 | learning_rate=0.000010 | epoch=3.452962
2026-02-16 10:11:27.979 | INFO     | __main__:on_log:109 - step=4960 | loss=0.055388 | grad_norm=0.846919 | learning_rate=0.000010 | epoch=3.456446
2026-02-16 10:11:34.556 | INFO     | __main__:on_log:109 - step=4965 | loss=0.055858 | grad_norm=1.172042 | learning_rate=0.000010 | epoch=3.459930
2026-02-16 10:11:41.158 | INFO     | __main__:on_log:109 - step=4970 | loss=0.047692 | grad_norm=0.742419 | learning_rate=0.000010 | epoch=3.463415
2026-02-16 10:11:47.747 | INFO     | __main__:on_log:109 - step=4975 | loss=0.062511 | grad_norm=1.029955 | learning_rate=0.000010 | epoch=3.466899
2026-02-16 10:11:54.630 | INFO     | __main__:on_log:109 - step=4980 | loss=0.060056 | grad_norm=1.139185 | learning_rate=0.000010 | epoch=3.470383
2026-02-16 10:12:01.223 | INFO     | __main__:on_log:109 - step=4985 | loss=0.070331 | grad_norm=0.870890 | learning_rate=0.000010 | epoch=3.473868
2026-02-16 10:12:07.848 | INFO     | __main__:on_log:109 - step=4990 | loss=0.059619 | grad_norm=1.516293 | learning_rate=0.000010 | epoch=3.477352
2026-02-16 10:12:14.451 | INFO     | __main__:on_log:109 - step=4995 | loss=0.107983 | grad_norm=1.062798 | learning_rate=0.000010 | epoch=3.480836
2026-02-16 10:12:20.665 | INFO     | __main__:on_log:109 - step=5000 | loss=0.053964 | grad_norm=1.045705 | learning_rate=0.000010 | epoch=3.484321
2026-02-16 10:12:28.021 | INFO     | __main__:on_log:109 - step=5005 | loss=0.072503 | grad_norm=0.983757 | learning_rate=0.000010 | epoch=3.487805
2026-02-16 10:12:34.649 | INFO     | __main__:on_log:109 - step=5010 | loss=0.055268 | grad_norm=0.998783 | learning_rate=0.000010 | epoch=3.491289
2026-02-16 10:12:41.265 | INFO     | __main__:on_log:109 - step=5015 | loss=0.067301 | grad_norm=1.879003 | learning_rate=0.000010 | epoch=3.494774
2026-02-16 10:12:47.869 | INFO     | __main__:on_log:109 - step=5020 | loss=0.079074 | grad_norm=0.898611 | learning_rate=0.000009 | epoch=3.498258
2026-02-16 10:12:54.483 | INFO     | __main__:on_log:109 - step=5025 | loss=0.098197 | grad_norm=1.426095 | learning_rate=0.000009 | epoch=3.501742
2026-02-16 10:13:01.300 | INFO     | __main__:on_log:109 - step=5030 | loss=0.042297 | grad_norm=0.636769 | learning_rate=0.000009 | epoch=3.505226
2026-02-16 10:13:07.604 | INFO     | __main__:on_log:109 - step=5035 | loss=0.071236 | grad_norm=1.112719 | learning_rate=0.000009 | epoch=3.508711
2026-02-16 10:13:14.203 | INFO     | __main__:on_log:109 - step=5040 | loss=0.056819 | grad_norm=0.889501 | learning_rate=0.000009 | epoch=3.512195
2026-02-16 10:13:20.810 | INFO     | __main__:on_log:109 - step=5045 | loss=0.051662 | grad_norm=1.360365 | learning_rate=0.000009 | epoch=3.515679
2026-02-16 10:13:27.410 | INFO     | __main__:on_log:109 - step=5050 | loss=0.065313 | grad_norm=1.205832 | learning_rate=0.000009 | epoch=3.519164
2026-02-16 10:13:34.476 | INFO     | __main__:on_log:109 - step=5055 | loss=0.072610 | grad_norm=0.719397 | learning_rate=0.000009 | epoch=3.522648
2026-02-16 10:13:41.088 | INFO     | __main__:on_log:109 - step=5060 | loss=0.045464 | grad_norm=1.340056 | learning_rate=0.000009 | epoch=3.526132
2026-02-16 10:13:47.716 | INFO     | __main__:on_log:109 - step=5065 | loss=0.053086 | grad_norm=1.080391 | learning_rate=0.000009 | epoch=3.529617
2026-02-16 10:13:54.302 | INFO     | __main__:on_log:109 - step=5070 | loss=0.045268 | grad_norm=1.023011 | learning_rate=0.000009 | epoch=3.533101
2026-02-16 10:14:00.888 | INFO     | __main__:on_log:109 - step=5075 | loss=0.048832 | grad_norm=0.675716 | learning_rate=0.000009 | epoch=3.536585
2026-02-16 10:14:07.367 | INFO     | __main__:on_log:109 - step=5080 | loss=0.066849 | grad_norm=0.860223 | learning_rate=0.000009 | epoch=3.540070
2026-02-16 10:14:13.980 | INFO     | __main__:on_log:109 - step=5085 | loss=0.067784 | grad_norm=0.921499 | learning_rate=0.000009 | epoch=3.543554
2026-02-16 10:14:20.582 | INFO     | __main__:on_log:109 - step=5090 | loss=0.076906 | grad_norm=1.631804 | learning_rate=0.000009 | epoch=3.547038
2026-02-16 10:14:27.196 | INFO     | __main__:on_log:109 - step=5095 | loss=0.068886 | grad_norm=1.154658 | learning_rate=0.000009 | epoch=3.550523
2026-02-16 10:14:33.811 | INFO     | __main__:on_log:109 - step=5100 | loss=0.054114 | grad_norm=0.954436 | learning_rate=0.000009 | epoch=3.554007
2026-02-16 10:14:41.385 | INFO     | __main__:on_log:109 - step=5105 | loss=0.056007 | grad_norm=1.316988 | learning_rate=0.000009 | epoch=3.557491
2026-02-16 10:14:47.667 | INFO     | __main__:on_log:109 - step=5110 | loss=0.033510 | grad_norm=0.846160 | learning_rate=0.000009 | epoch=3.560976
2026-02-16 10:14:54.269 | INFO     | __main__:on_log:109 - step=5115 | loss=0.046454 | grad_norm=1.384452 | learning_rate=0.000009 | epoch=3.564460
2026-02-16 10:15:00.879 | INFO     | __main__:on_log:109 - step=5120 | loss=0.081629 | grad_norm=1.345673 | learning_rate=0.000009 | epoch=3.567944
2026-02-16 10:15:07.461 | INFO     | __main__:on_log:109 - step=5125 | loss=0.052133 | grad_norm=1.481732 | learning_rate=0.000009 | epoch=3.571429
2026-02-16 10:15:13.936 | INFO     | __main__:on_log:109 - step=5130 | loss=0.062056 | grad_norm=1.438139 | learning_rate=0.000009 | epoch=3.574913
2026-02-16 10:15:19.792 | INFO     | __main__:on_log:109 - step=5135 | loss=0.028725 | grad_norm=0.884767 | learning_rate=0.000009 | epoch=3.578397
2026-02-16 10:15:26.355 | INFO     | __main__:on_log:109 - step=5140 | loss=0.064776 | grad_norm=1.170893 | learning_rate=0.000009 | epoch=3.581882
2026-02-16 10:15:32.989 | INFO     | __main__:on_log:109 - step=5145 | loss=0.052835 | grad_norm=0.647344 | learning_rate=0.000009 | epoch=3.585366
2026-02-16 10:15:39.596 | INFO     | __main__:on_log:109 - step=5150 | loss=0.064752 | grad_norm=1.107432 | learning_rate=0.000009 | epoch=3.588850
2026-02-16 10:15:47.039 | INFO     | __main__:on_log:109 - step=5155 | loss=0.072348 | grad_norm=0.946735 | learning_rate=0.000009 | epoch=3.592334
2026-02-16 10:15:53.671 | INFO     | __main__:on_log:109 - step=5160 | loss=0.053920 | grad_norm=1.398325 | learning_rate=0.000009 | epoch=3.595819
2026-02-16 10:16:00.274 | INFO     | __main__:on_log:109 - step=5165 | loss=0.063660 | grad_norm=0.713739 | learning_rate=0.000009 | epoch=3.599303
2026-02-16 10:16:06.871 | INFO     | __main__:on_log:109 - step=5170 | loss=0.102505 | grad_norm=1.444624 | learning_rate=0.000009 | epoch=3.602787
2026-02-16 10:16:13.458 | INFO     | __main__:on_log:109 - step=5175 | loss=0.063923 | grad_norm=0.781026 | learning_rate=0.000009 | epoch=3.606272
2026-02-16 10:16:20.342 | INFO     | __main__:on_log:109 - step=5180 | loss=0.062467 | grad_norm=0.565682 | learning_rate=0.000009 | epoch=3.609756
2026-02-16 10:16:26.948 | INFO     | __main__:on_log:109 - step=5185 | loss=0.054057 | grad_norm=1.264072 | learning_rate=0.000009 | epoch=3.613240
2026-02-16 10:16:33.226 | INFO     | __main__:on_log:109 - step=5190 | loss=0.044962 | grad_norm=0.936271 | learning_rate=0.000009 | epoch=3.616725
2026-02-16 10:16:39.487 | INFO     | __main__:on_log:109 - step=5195 | loss=0.029570 | grad_norm=0.564797 | learning_rate=0.000009 | epoch=3.620209
2026-02-16 10:16:46.100 | INFO     | __main__:on_log:109 - step=5200 | loss=0.049114 | grad_norm=0.935222 | learning_rate=0.000009 | epoch=3.623693
2026-02-16 10:16:52.941 | INFO     | __main__:on_log:109 - step=5205 | loss=0.038761 | grad_norm=1.260192 | learning_rate=0.000009 | epoch=3.627178
2026-02-16 10:16:59.580 | INFO     | __main__:on_log:109 - step=5210 | loss=0.059028 | grad_norm=0.781189 | learning_rate=0.000009 | epoch=3.630662
2026-02-16 10:17:06.162 | INFO     | __main__:on_log:109 - step=5215 | loss=0.052499 | grad_norm=0.882753 | learning_rate=0.000009 | epoch=3.634146
2026-02-16 10:17:12.770 | INFO     | __main__:on_log:109 - step=5220 | loss=0.073537 | grad_norm=0.814561 | learning_rate=0.000009 | epoch=3.637631
2026-02-16 10:17:19.377 | INFO     | __main__:on_log:109 - step=5225 | loss=0.074330 | grad_norm=1.144668 | learning_rate=0.000009 | epoch=3.641115
2026-02-16 10:17:26.220 | INFO     | __main__:on_log:109 - step=5230 | loss=0.061484 | grad_norm=0.555702 | learning_rate=0.000009 | epoch=3.644599
2026-02-16 10:17:32.819 | INFO     | __main__:on_log:109 - step=5235 | loss=0.042127 | grad_norm=0.815026 | learning_rate=0.000009 | epoch=3.648084
2026-02-16 10:17:39.418 | INFO     | __main__:on_log:109 - step=5240 | loss=0.066039 | grad_norm=0.781708 | learning_rate=0.000009 | epoch=3.651568
2026-02-16 10:17:46.053 | INFO     | __main__:on_log:109 - step=5245 | loss=0.077391 | grad_norm=1.270627 | learning_rate=0.000008 | epoch=3.655052
2026-02-16 10:17:52.687 | INFO     | __main__:on_log:109 - step=5250 | loss=0.059372 | grad_norm=0.631929 | learning_rate=0.000008 | epoch=3.658537
2026-02-16 10:18:00.101 | INFO     | __main__:on_log:109 - step=5255 | loss=0.046388 | grad_norm=0.657171 | learning_rate=0.000008 | epoch=3.662021
2026-02-16 10:18:06.733 | INFO     | __main__:on_log:109 - step=5260 | loss=0.058214 | grad_norm=0.733348 | learning_rate=0.000008 | epoch=3.665505
2026-02-16 10:18:13.327 | INFO     | __main__:on_log:109 - step=5265 | loss=0.057180 | grad_norm=1.133996 | learning_rate=0.000008 | epoch=3.668990
2026-02-16 10:18:19.914 | INFO     | __main__:on_log:109 - step=5270 | loss=0.057071 | grad_norm=1.438778 | learning_rate=0.000008 | epoch=3.672474
2026-02-16 10:18:26.533 | INFO     | __main__:on_log:109 - step=5275 | loss=0.054506 | grad_norm=1.161994 | learning_rate=0.000008 | epoch=3.675958
2026-02-16 10:18:33.151 | INFO     | __main__:on_log:109 - step=5280 | loss=0.090783 | grad_norm=1.226543 | learning_rate=0.000008 | epoch=3.679443
2026-02-16 10:18:39.614 | INFO     | __main__:on_log:109 - step=5285 | loss=0.041195 | grad_norm=1.325228 | learning_rate=0.000008 | epoch=3.682927
2026-02-16 10:18:46.187 | INFO     | __main__:on_log:109 - step=5290 | loss=0.061121 | grad_norm=1.086468 | learning_rate=0.000008 | epoch=3.686411
2026-02-16 10:18:52.767 | INFO     | __main__:on_log:109 - step=5295 | loss=0.076211 | grad_norm=1.777395 | learning_rate=0.000008 | epoch=3.689895
2026-02-16 10:18:59.370 | INFO     | __main__:on_log:109 - step=5300 | loss=0.044544 | grad_norm=0.899348 | learning_rate=0.000008 | epoch=3.693380
2026-02-16 10:19:06.630 | INFO     | __main__:on_log:109 - step=5305 | loss=0.072107 | grad_norm=1.723634 | learning_rate=0.000008 | epoch=3.696864
2026-02-16 10:19:13.460 | INFO     | __main__:on_log:109 - step=5310 | loss=0.049815 | grad_norm=0.940425 | learning_rate=0.000008 | epoch=3.700348
2026-02-16 10:19:20.095 | INFO     | __main__:on_log:109 - step=5315 | loss=0.085540 | grad_norm=1.034418 | learning_rate=0.000008 | epoch=3.703833
2026-02-16 10:19:26.697 | INFO     | __main__:on_log:109 - step=5320 | loss=0.055922 | grad_norm=1.020421 | learning_rate=0.000008 | epoch=3.707317
2026-02-16 10:19:33.284 | INFO     | __main__:on_log:109 - step=5325 | loss=0.055281 | grad_norm=1.134249 | learning_rate=0.000008 | epoch=3.710801
2026-02-16 10:19:39.841 | INFO     | __main__:on_log:109 - step=5330 | loss=0.101198 | grad_norm=1.726439 | learning_rate=0.000008 | epoch=3.714286
2026-02-16 10:19:46.706 | INFO     | __main__:on_log:109 - step=5335 | loss=0.050830 | grad_norm=0.715933 | learning_rate=0.000008 | epoch=3.717770
2026-02-16 10:19:53.342 | INFO     | __main__:on_log:109 - step=5340 | loss=0.061778 | grad_norm=0.988531 | learning_rate=0.000008 | epoch=3.721254
2026-02-16 10:19:59.960 | INFO     | __main__:on_log:109 - step=5345 | loss=0.053726 | grad_norm=0.638201 | learning_rate=0.000008 | epoch=3.724739
2026-02-16 10:20:06.570 | INFO     | __main__:on_log:109 - step=5350 | loss=0.084401 | grad_norm=1.338335 | learning_rate=0.000008 | epoch=3.728223
2026-02-16 10:20:13.811 | INFO     | __main__:on_log:109 - step=5355 | loss=0.087634 | grad_norm=0.841474 | learning_rate=0.000008 | epoch=3.731707
2026-02-16 10:20:20.713 | INFO     | __main__:on_log:109 - step=5360 | loss=0.059208 | grad_norm=0.908651 | learning_rate=0.000008 | epoch=3.735192
2026-02-16 10:20:27.325 | INFO     | __main__:on_log:109 - step=5365 | loss=0.067329 | grad_norm=0.873847 | learning_rate=0.000008 | epoch=3.738676
2026-02-16 10:20:33.908 | INFO     | __main__:on_log:109 - step=5370 | loss=0.069464 | grad_norm=1.528616 | learning_rate=0.000008 | epoch=3.742160
2026-02-16 10:20:40.535 | INFO     | __main__:on_log:109 - step=5375 | loss=0.056212 | grad_norm=1.210247 | learning_rate=0.000008 | epoch=3.745645
2026-02-16 10:20:47.133 | INFO     | __main__:on_log:109 - step=5380 | loss=0.070919 | grad_norm=1.079844 | learning_rate=0.000008 | epoch=3.749129
2026-02-16 10:20:53.975 | INFO     | __main__:on_log:109 - step=5385 | loss=0.073541 | grad_norm=1.451013 | learning_rate=0.000008 | epoch=3.752613
2026-02-16 10:21:00.596 | INFO     | __main__:on_log:109 - step=5390 | loss=0.097529 | grad_norm=1.223155 | learning_rate=0.000008 | epoch=3.756098
2026-02-16 10:21:07.230 | INFO     | __main__:on_log:109 - step=5395 | loss=0.061449 | grad_norm=1.006541 | learning_rate=0.000008 | epoch=3.759582
2026-02-16 10:21:13.845 | INFO     | __main__:on_log:109 - step=5400 | loss=0.053570 | grad_norm=1.118598 | learning_rate=0.000008 | epoch=3.763066
2026-02-16 10:21:21.117 | INFO     | __main__:on_log:109 - step=5405 | loss=0.057041 | grad_norm=1.506562 | learning_rate=0.000008 | epoch=3.766551
2026-02-16 10:21:27.938 | INFO     | __main__:on_log:109 - step=5410 | loss=0.058505 | grad_norm=1.598944 | learning_rate=0.000008 | epoch=3.770035
2026-02-16 10:21:34.197 | INFO     | __main__:on_log:109 - step=5415 | loss=0.057309 | grad_norm=0.659993 | learning_rate=0.000008 | epoch=3.773519
2026-02-16 10:21:40.802 | INFO     | __main__:on_log:109 - step=5420 | loss=0.065801 | grad_norm=0.773339 | learning_rate=0.000008 | epoch=3.777003
2026-02-16 10:21:47.408 | INFO     | __main__:on_log:109 - step=5425 | loss=0.069712 | grad_norm=1.351010 | learning_rate=0.000008 | epoch=3.780488
2026-02-16 10:21:54.013 | INFO     | __main__:on_log:109 - step=5430 | loss=0.062778 | grad_norm=0.780227 | learning_rate=0.000008 | epoch=3.783972
2026-02-16 10:22:00.804 | INFO     | __main__:on_log:109 - step=5435 | loss=0.067805 | grad_norm=1.317577 | learning_rate=0.000008 | epoch=3.787456
2026-02-16 10:22:07.379 | INFO     | __main__:on_log:109 - step=5440 | loss=0.071329 | grad_norm=0.767951 | learning_rate=0.000008 | epoch=3.790941
2026-02-16 10:22:13.963 | INFO     | __main__:on_log:109 - step=5445 | loss=0.076576 | grad_norm=0.701247 | learning_rate=0.000008 | epoch=3.794425
2026-02-16 10:22:20.594 | INFO     | __main__:on_log:109 - step=5450 | loss=0.053838 | grad_norm=1.414459 | learning_rate=0.000008 | epoch=3.797909
2026-02-16 10:22:27.838 | INFO     | __main__:on_log:109 - step=5455 | loss=0.051919 | grad_norm=0.982818 | learning_rate=0.000008 | epoch=3.801394
2026-02-16 10:22:34.655 | INFO     | __main__:on_log:109 - step=5460 | loss=0.064455 | grad_norm=0.955867 | learning_rate=0.000008 | epoch=3.804878
2026-02-16 10:22:40.905 | INFO     | __main__:on_log:109 - step=5465 | loss=0.047114 | grad_norm=1.373196 | learning_rate=0.000008 | epoch=3.808362
2026-02-16 10:22:47.485 | INFO     | __main__:on_log:109 - step=5470 | loss=0.063122 | grad_norm=1.742634 | learning_rate=0.000008 | epoch=3.811847
2026-02-16 10:22:54.074 | INFO     | __main__:on_log:109 - step=5475 | loss=0.095312 | grad_norm=1.952232 | learning_rate=0.000007 | epoch=3.815331
2026-02-16 10:23:00.687 | INFO     | __main__:on_log:109 - step=5480 | loss=0.075405 | grad_norm=0.649407 | learning_rate=0.000007 | epoch=3.818815
2026-02-16 10:23:07.498 | INFO     | __main__:on_log:109 - step=5485 | loss=0.061640 | grad_norm=0.858967 | learning_rate=0.000007 | epoch=3.822300
2026-02-16 10:23:14.089 | INFO     | __main__:on_log:109 - step=5490 | loss=0.052308 | grad_norm=0.558833 | learning_rate=0.000007 | epoch=3.825784
2026-02-16 10:23:20.671 | INFO     | __main__:on_log:109 - step=5495 | loss=0.063733 | grad_norm=0.932385 | learning_rate=0.000007 | epoch=3.829268
2026-02-16 10:23:27.278 | INFO     | __main__:on_log:109 - step=5500 | loss=0.058180 | grad_norm=0.910624 | learning_rate=0.000007 | epoch=3.832753
2026-02-16 10:23:34.467 | INFO     | __main__:on_log:109 - step=5505 | loss=0.077889 | grad_norm=1.325385 | learning_rate=0.000007 | epoch=3.836237
2026-02-16 10:23:41.075 | INFO     | __main__:on_log:109 - step=5510 | loss=0.060338 | grad_norm=1.241299 | learning_rate=0.000007 | epoch=3.839721
2026-02-16 10:23:47.919 | INFO     | __main__:on_log:109 - step=5515 | loss=0.054366 | grad_norm=1.324485 | learning_rate=0.000007 | epoch=3.843206
2026-02-16 10:23:54.177 | INFO     | __main__:on_log:109 - step=5520 | loss=0.066584 | grad_norm=1.352165 | learning_rate=0.000007 | epoch=3.846690
2026-02-16 10:24:00.783 | INFO     | __main__:on_log:109 - step=5525 | loss=0.041226 | grad_norm=0.671099 | learning_rate=0.000007 | epoch=3.850174
2026-02-16 10:24:07.047 | INFO     | __main__:on_log:109 - step=5530 | loss=0.032225 | grad_norm=0.073343 | learning_rate=0.000007 | epoch=3.853659
2026-02-16 10:24:13.657 | INFO     | __main__:on_log:109 - step=5535 | loss=0.057724 | grad_norm=0.727604 | learning_rate=0.000007 | epoch=3.857143
2026-02-16 10:24:20.406 | INFO     | __main__:on_log:109 - step=5540 | loss=0.069616 | grad_norm=0.839083 | learning_rate=0.000007 | epoch=3.860627
2026-02-16 10:24:26.998 | INFO     | __main__:on_log:109 - step=5545 | loss=0.084266 | grad_norm=0.802229 | learning_rate=0.000007 | epoch=3.864111
2026-02-16 10:24:33.577 | INFO     | __main__:on_log:109 - step=5550 | loss=0.045921 | grad_norm=1.263073 | learning_rate=0.000007 | epoch=3.867596
2026-02-16 10:24:40.738 | INFO     | __main__:on_log:109 - step=5555 | loss=0.053457 | grad_norm=0.759836 | learning_rate=0.000007 | epoch=3.871080
2026-02-16 10:24:47.325 | INFO     | __main__:on_log:109 - step=5560 | loss=0.050837 | grad_norm=0.766170 | learning_rate=0.000007 | epoch=3.874564
2026-02-16 10:24:54.107 | INFO     | __main__:on_log:109 - step=5565 | loss=0.053110 | grad_norm=0.648200 | learning_rate=0.000007 | epoch=3.878049
2026-02-16 10:25:00.720 | INFO     | __main__:on_log:109 - step=5570 | loss=0.058419 | grad_norm=0.962226 | learning_rate=0.000007 | epoch=3.881533
2026-02-16 10:25:07.300 | INFO     | __main__:on_log:109 - step=5575 | loss=0.089976 | grad_norm=1.111376 | learning_rate=0.000007 | epoch=3.885017
2026-02-16 10:25:13.570 | INFO     | __main__:on_log:109 - step=5580 | loss=0.070049 | grad_norm=0.276155 | learning_rate=0.000007 | epoch=3.888502
2026-02-16 10:25:20.176 | INFO     | __main__:on_log:109 - step=5585 | loss=0.048910 | grad_norm=1.002348 | learning_rate=0.000007 | epoch=3.891986
2026-02-16 10:25:26.997 | INFO     | __main__:on_log:109 - step=5590 | loss=0.080075 | grad_norm=1.336108 | learning_rate=0.000007 | epoch=3.895470
2026-02-16 10:25:33.606 | INFO     | __main__:on_log:109 - step=5595 | loss=0.058356 | grad_norm=1.597776 | learning_rate=0.000007 | epoch=3.898955
2026-02-16 10:25:40.227 | INFO     | __main__:on_log:109 - step=5600 | loss=0.066971 | grad_norm=1.486022 | learning_rate=0.000007 | epoch=3.902439
2026-02-16 10:25:47.455 | INFO     | __main__:on_log:109 - step=5605 | loss=0.083699 | grad_norm=1.014203 | learning_rate=0.000007 | epoch=3.905923
2026-02-16 10:25:53.713 | INFO     | __main__:on_log:109 - step=5610 | loss=0.052416 | grad_norm=1.187291 | learning_rate=0.000007 | epoch=3.909408
2026-02-16 10:26:00.586 | INFO     | __main__:on_log:109 - step=5615 | loss=0.049670 | grad_norm=0.999989 | learning_rate=0.000007 | epoch=3.912892
2026-02-16 10:26:07.188 | INFO     | __main__:on_log:109 - step=5620 | loss=0.045389 | grad_norm=0.486133 | learning_rate=0.000007 | epoch=3.916376
2026-02-16 10:26:13.807 | INFO     | __main__:on_log:109 - step=5625 | loss=0.050211 | grad_norm=0.797444 | learning_rate=0.000007 | epoch=3.919861
2026-02-16 10:26:20.387 | INFO     | __main__:on_log:109 - step=5630 | loss=0.056229 | grad_norm=1.067906 | learning_rate=0.000007 | epoch=3.923345
2026-02-16 10:26:27.045 | INFO     | __main__:on_log:109 - step=5635 | loss=0.055519 | grad_norm=1.507506 | learning_rate=0.000007 | epoch=3.926829
2026-02-16 10:26:33.915 | INFO     | __main__:on_log:109 - step=5640 | loss=0.050044 | grad_norm=0.961049 | learning_rate=0.000007 | epoch=3.930314
2026-02-16 10:26:40.531 | INFO     | __main__:on_log:109 - step=5645 | loss=0.079964 | grad_norm=0.978319 | learning_rate=0.000007 | epoch=3.933798
2026-02-16 10:26:47.153 | INFO     | __main__:on_log:109 - step=5650 | loss=0.057293 | grad_norm=1.079678 | learning_rate=0.000007 | epoch=3.937282
2026-02-16 10:26:54.392 | INFO     | __main__:on_log:109 - step=5655 | loss=0.065136 | grad_norm=0.757666 | learning_rate=0.000007 | epoch=3.940767
2026-02-16 10:27:01.000 | INFO     | __main__:on_log:109 - step=5660 | loss=0.077412 | grad_norm=1.538626 | learning_rate=0.000007 | epoch=3.944251
2026-02-16 10:27:07.880 | INFO     | __main__:on_log:109 - step=5665 | loss=0.039461 | grad_norm=1.438043 | learning_rate=0.000007 | epoch=3.947735
2026-02-16 10:27:14.491 | INFO     | __main__:on_log:109 - step=5670 | loss=0.058917 | grad_norm=1.386941 | learning_rate=0.000007 | epoch=3.951220
2026-02-16 10:27:21.089 | INFO     | __main__:on_log:109 - step=5675 | loss=0.078456 | grad_norm=1.328075 | learning_rate=0.000007 | epoch=3.954704
2026-02-16 10:27:27.705 | INFO     | __main__:on_log:109 - step=5680 | loss=0.055632 | grad_norm=0.511773 | learning_rate=0.000007 | epoch=3.958188
2026-02-16 10:27:33.983 | INFO     | __main__:on_log:109 - step=5685 | loss=0.064776 | grad_norm=1.092926 | learning_rate=0.000007 | epoch=3.961672
2026-02-16 10:27:40.800 | INFO     | __main__:on_log:109 - step=5690 | loss=0.060692 | grad_norm=1.794756 | learning_rate=0.000007 | epoch=3.965157
2026-02-16 10:27:47.422 | INFO     | __main__:on_log:109 - step=5695 | loss=0.055113 | grad_norm=0.895226 | learning_rate=0.000007 | epoch=3.968641
2026-02-16 10:27:54.055 | INFO     | __main__:on_log:109 - step=5700 | loss=0.048895 | grad_norm=0.832581 | learning_rate=0.000006 | epoch=3.972125
2026-02-16 10:28:01.280 | INFO     | __main__:on_log:109 - step=5705 | loss=0.073986 | grad_norm=0.758484 | learning_rate=0.000006 | epoch=3.975610
2026-02-16 10:28:07.878 | INFO     | __main__:on_log:109 - step=5710 | loss=0.043276 | grad_norm=0.873515 | learning_rate=0.000006 | epoch=3.979094
2026-02-16 10:28:14.692 | INFO     | __main__:on_log:109 - step=5715 | loss=0.083211 | grad_norm=1.060753 | learning_rate=0.000006 | epoch=3.982578
2026-02-16 10:28:21.292 | INFO     | __main__:on_log:109 - step=5720 | loss=0.047876 | grad_norm=0.512329 | learning_rate=0.000006 | epoch=3.986063
2026-02-16 10:28:27.893 | INFO     | __main__:on_log:109 - step=5725 | loss=0.081950 | grad_norm=0.870142 | learning_rate=0.000006 | epoch=3.989547
2026-02-16 10:28:34.486 | INFO     | __main__:on_log:109 - step=5730 | loss=0.068597 | grad_norm=1.774861 | learning_rate=0.000006 | epoch=3.993031
2026-02-16 10:28:41.064 | INFO     | __main__:on_log:109 - step=5735 | loss=0.071682 | grad_norm=1.465513 | learning_rate=0.000006 | epoch=3.996516
2026-02-16 10:28:46.994 | INFO     | __main__:on_log:109 - step=5740 | loss=0.048821 | grad_norm=1.168715 | learning_rate=0.000006 | epoch=4.000000
2026-02-16 10:28:53.638 | INFO     | __main__:on_log:109 - step=5745 | loss=0.055791 | grad_norm=1.009628 | learning_rate=0.000006 | epoch=4.003484
2026-02-16 10:29:00.233 | INFO     | __main__:on_log:109 - step=5750 | loss=0.044808 | grad_norm=0.674910 | learning_rate=0.000006 | epoch=4.006969
2026-02-16 10:29:07.403 | INFO     | __main__:on_log:109 - step=5755 | loss=0.051356 | grad_norm=1.146116 | learning_rate=0.000006 | epoch=4.010453
2026-02-16 10:29:13.996 | INFO     | __main__:on_log:109 - step=5760 | loss=0.050976 | grad_norm=0.850767 | learning_rate=0.000006 | epoch=4.013937
2026-02-16 10:29:20.612 | INFO     | __main__:on_log:109 - step=5765 | loss=0.036588 | grad_norm=0.476148 | learning_rate=0.000006 | epoch=4.017422
2026-02-16 10:29:27.480 | INFO     | __main__:on_log:109 - step=5770 | loss=0.060507 | grad_norm=0.776243 | learning_rate=0.000006 | epoch=4.020906
2026-02-16 10:29:33.748 | INFO     | __main__:on_log:109 - step=5775 | loss=0.058891 | grad_norm=0.961782 | learning_rate=0.000006 | epoch=4.024390
2026-02-16 10:29:40.359 | INFO     | __main__:on_log:109 - step=5780 | loss=0.067114 | grad_norm=1.240826 | learning_rate=0.000006 | epoch=4.027875
2026-02-16 10:29:46.993 | INFO     | __main__:on_log:109 - step=5785 | loss=0.061194 | grad_norm=0.951082 | learning_rate=0.000006 | epoch=4.031359
2026-02-16 10:29:53.612 | INFO     | __main__:on_log:109 - step=5790 | loss=0.072128 | grad_norm=1.603145 | learning_rate=0.000006 | epoch=4.034843
2026-02-16 10:30:00.204 | INFO     | __main__:on_log:109 - step=5795 | loss=0.048068 | grad_norm=0.718900 | learning_rate=0.000006 | epoch=4.038328
2026-02-16 10:30:06.780 | INFO     | __main__:on_log:109 - step=5800 | loss=0.042770 | grad_norm=1.184646 | learning_rate=0.000006 | epoch=4.041812
2026-02-16 10:30:13.998 | INFO     | __main__:on_log:109 - step=5805 | loss=0.040491 | grad_norm=0.876659 | learning_rate=0.000006 | epoch=4.045296
2026-02-16 10:30:20.584 | INFO     | __main__:on_log:109 - step=5810 | loss=0.048703 | grad_norm=0.744028 | learning_rate=0.000006 | epoch=4.048780
2026-02-16 10:30:27.205 | INFO     | __main__:on_log:109 - step=5815 | loss=0.050980 | grad_norm=1.127624 | learning_rate=0.000006 | epoch=4.052265
2026-02-16 10:30:33.821 | INFO     | __main__:on_log:109 - step=5820 | loss=0.053046 | grad_norm=0.689859 | learning_rate=0.000006 | epoch=4.055749
2026-02-16 10:30:40.405 | INFO     | __main__:on_log:109 - step=5825 | loss=0.040843 | grad_norm=0.700048 | learning_rate=0.000006 | epoch=4.059233
2026-02-16 10:30:47.246 | INFO     | __main__:on_log:109 - step=5830 | loss=0.067753 | grad_norm=0.814242 | learning_rate=0.000006 | epoch=4.062718
2026-02-16 10:30:53.887 | INFO     | __main__:on_log:109 - step=5835 | loss=0.041998 | grad_norm=1.067671 | learning_rate=0.000006 | epoch=4.066202
2026-02-16 10:31:00.509 | INFO     | __main__:on_log:109 - step=5840 | loss=0.050993 | grad_norm=1.276419 | learning_rate=0.000006 | epoch=4.069686
2026-02-16 10:31:07.111 | INFO     | __main__:on_log:109 - step=5845 | loss=0.037070 | grad_norm=0.557969 | learning_rate=0.000006 | epoch=4.073171
2026-02-16 10:31:13.715 | INFO     | __main__:on_log:109 - step=5850 | loss=0.027119 | grad_norm=0.767961 | learning_rate=0.000006 | epoch=4.076655
2026-02-16 10:31:20.997 | INFO     | __main__:on_log:109 - step=5855 | loss=0.040112 | grad_norm=1.033919 | learning_rate=0.000006 | epoch=4.080139
2026-02-16 10:31:27.881 | INFO     | __main__:on_log:109 - step=5860 | loss=0.046371 | grad_norm=0.981401 | learning_rate=0.000006 | epoch=4.083624
2026-02-16 10:31:34.489 | INFO     | __main__:on_log:109 - step=5865 | loss=0.053981 | grad_norm=1.481488 | learning_rate=0.000006 | epoch=4.087108
2026-02-16 10:31:41.097 | INFO     | __main__:on_log:109 - step=5870 | loss=0.058139 | grad_norm=0.712943 | learning_rate=0.000006 | epoch=4.090592
2026-02-16 10:31:47.702 | INFO     | __main__:on_log:109 - step=5875 | loss=0.049622 | grad_norm=1.162740 | learning_rate=0.000006 | epoch=4.094077
2026-02-16 10:31:54.290 | INFO     | __main__:on_log:109 - step=5880 | loss=0.052700 | grad_norm=1.349175 | learning_rate=0.000006 | epoch=4.097561
2026-02-16 10:32:00.873 | INFO     | __main__:on_log:109 - step=5885 | loss=0.070778 | grad_norm=1.148023 | learning_rate=0.000006 | epoch=4.101045
2026-02-16 10:32:07.683 | INFO     | __main__:on_log:109 - step=5890 | loss=0.073076 | grad_norm=1.061487 | learning_rate=0.000006 | epoch=4.104530
2026-02-16 10:32:14.291 | INFO     | __main__:on_log:109 - step=5895 | loss=0.038145 | grad_norm=0.413408 | learning_rate=0.000006 | epoch=4.108014
2026-02-16 10:32:20.899 | INFO     | __main__:on_log:109 - step=5900 | loss=0.055003 | grad_norm=1.158767 | learning_rate=0.000006 | epoch=4.111498
2026-02-16 10:32:28.070 | INFO     | __main__:on_log:109 - step=5905 | loss=0.072410 | grad_norm=1.023148 | learning_rate=0.000006 | epoch=4.114983
2026-02-16 10:32:34.687 | INFO     | __main__:on_log:109 - step=5910 | loss=0.042838 | grad_norm=0.675750 | learning_rate=0.000006 | epoch=4.118467
2026-02-16 10:32:41.306 | INFO     | __main__:on_log:109 - step=5915 | loss=0.041144 | grad_norm=0.761948 | learning_rate=0.000006 | epoch=4.121951
2026-02-16 10:32:48.118 | INFO     | __main__:on_log:109 - step=5920 | loss=0.072253 | grad_norm=1.048644 | learning_rate=0.000006 | epoch=4.125436
2026-02-16 10:32:54.722 | INFO     | __main__:on_log:109 - step=5925 | loss=0.032699 | grad_norm=0.838456 | learning_rate=0.000006 | epoch=4.128920
2026-02-16 10:33:01.298 | INFO     | __main__:on_log:109 - step=5930 | loss=0.046791 | grad_norm=0.967494 | learning_rate=0.000005 | epoch=4.132404
2026-02-16 10:33:07.553 | INFO     | __main__:on_log:109 - step=5935 | loss=0.053084 | grad_norm=0.000000 | learning_rate=0.000005 | epoch=4.135889
2026-02-16 10:33:14.135 | INFO     | __main__:on_log:109 - step=5940 | loss=0.056115 | grad_norm=1.431347 | learning_rate=0.000005 | epoch=4.139373
2026-02-16 10:33:20.748 | INFO     | __main__:on_log:109 - step=5945 | loss=0.064661 | grad_norm=0.952957 | learning_rate=0.000005 | epoch=4.142857
2026-02-16 10:33:27.597 | INFO     | __main__:on_log:109 - step=5950 | loss=0.068614 | grad_norm=2.303126 | learning_rate=0.000005 | epoch=4.146341
2026-02-16 10:33:34.819 | INFO     | __main__:on_log:109 - step=5955 | loss=0.045731 | grad_norm=1.380146 | learning_rate=0.000005 | epoch=4.149826
2026-02-16 10:33:41.452 | INFO     | __main__:on_log:109 - step=5960 | loss=0.033911 | grad_norm=1.147401 | learning_rate=0.000005 | epoch=4.153310
2026-02-16 10:33:48.029 | INFO     | __main__:on_log:109 - step=5965 | loss=0.056742 | grad_norm=1.106585 | learning_rate=0.000005 | epoch=4.156794
2026-02-16 10:33:54.641 | INFO     | __main__:on_log:109 - step=5970 | loss=0.055874 | grad_norm=1.048652 | learning_rate=0.000005 | epoch=4.160279
2026-02-16 10:34:01.221 | INFO     | __main__:on_log:109 - step=5975 | loss=0.049363 | grad_norm=0.869447 | learning_rate=0.000005 | epoch=4.163763
2026-02-16 10:34:07.964 | INFO     | __main__:on_log:109 - step=5980 | loss=0.053141 | grad_norm=1.102600 | learning_rate=0.000005 | epoch=4.167247
2026-02-16 10:34:14.541 | INFO     | __main__:on_log:109 - step=5985 | loss=0.043065 | grad_norm=0.494380 | learning_rate=0.000005 | epoch=4.170732
2026-02-16 10:34:21.127 | INFO     | __main__:on_log:109 - step=5990 | loss=0.044998 | grad_norm=1.124125 | learning_rate=0.000005 | epoch=4.174216
2026-02-16 10:34:27.720 | INFO     | __main__:on_log:109 - step=5995 | loss=0.038725 | grad_norm=0.950683 | learning_rate=0.000005 | epoch=4.177700
2026-02-16 10:34:34.299 | INFO     | __main__:on_log:109 - step=6000 | loss=0.063311 | grad_norm=1.768852 | learning_rate=0.000005 | epoch=4.181185
2026-02-16 10:34:41.474 | INFO     | __main__:on_log:109 - step=6005 | loss=0.054837 | grad_norm=1.250011 | learning_rate=0.000005 | epoch=4.184669
2026-02-16 10:34:48.278 | INFO     | __main__:on_log:109 - step=6010 | loss=0.040137 | grad_norm=0.802534 | learning_rate=0.000005 | epoch=4.188153
2026-02-16 10:34:54.470 | INFO     | __main__:on_log:109 - step=6015 | loss=0.056213 | grad_norm=1.816692 | learning_rate=0.000005 | epoch=4.191638
2026-02-16 10:35:01.057 | INFO     | __main__:on_log:109 - step=6020 | loss=0.036582 | grad_norm=1.293301 | learning_rate=0.000005 | epoch=4.195122
2026-02-16 10:35:07.668 | INFO     | __main__:on_log:109 - step=6025 | loss=0.074230 | grad_norm=1.635226 | learning_rate=0.000005 | epoch=4.198606
2026-02-16 10:35:14.279 | INFO     | __main__:on_log:109 - step=6030 | loss=0.056353 | grad_norm=1.270499 | learning_rate=0.000005 | epoch=4.202091
2026-02-16 10:35:21.323 | INFO     | __main__:on_log:109 - step=6035 | loss=0.035301 | grad_norm=0.727982 | learning_rate=0.000005 | epoch=4.205575
2026-02-16 10:35:27.913 | INFO     | __main__:on_log:109 - step=6040 | loss=0.043290 | grad_norm=0.866354 | learning_rate=0.000005 | epoch=4.209059
2026-02-16 10:35:34.173 | INFO     | __main__:on_log:109 - step=6045 | loss=0.031825 | grad_norm=0.724371 | learning_rate=0.000005 | epoch=4.212544
2026-02-16 10:35:40.755 | INFO     | __main__:on_log:109 - step=6050 | loss=0.048414 | grad_norm=1.249621 | learning_rate=0.000005 | epoch=4.216028
2026-02-16 10:35:47.917 | INFO     | __main__:on_log:109 - step=6055 | loss=0.033277 | grad_norm=0.517108 | learning_rate=0.000005 | epoch=4.219512
2026-02-16 10:35:54.498 | INFO     | __main__:on_log:109 - step=6060 | loss=0.052986 | grad_norm=0.631994 | learning_rate=0.000005 | epoch=4.222997
2026-02-16 10:36:01.341 | INFO     | __main__:on_log:109 - step=6065 | loss=0.072523 | grad_norm=1.134312 | learning_rate=0.000005 | epoch=4.226481
2026-02-16 10:36:07.933 | INFO     | __main__:on_log:109 - step=6070 | loss=0.062736 | grad_norm=1.327714 | learning_rate=0.000005 | epoch=4.229965
2026-02-16 10:36:14.515 | INFO     | __main__:on_log:109 - step=6075 | loss=0.024500 | grad_norm=0.871531 | learning_rate=0.000005 | epoch=4.233449
2026-02-16 10:36:21.139 | INFO     | __main__:on_log:109 - step=6080 | loss=0.076594 | grad_norm=0.928672 | learning_rate=0.000005 | epoch=4.236934
2026-02-16 10:36:27.761 | INFO     | __main__:on_log:109 - step=6085 | loss=0.031806 | grad_norm=1.179990 | learning_rate=0.000005 | epoch=4.240418
2026-02-16 10:36:34.381 | INFO     | __main__:on_log:109 - step=6090 | loss=0.041215 | grad_norm=1.955506 | learning_rate=0.000005 | epoch=4.243902
2026-02-16 10:36:41.239 | INFO     | __main__:on_log:109 - step=6095 | loss=0.033952 | grad_norm=0.848755 | learning_rate=0.000005 | epoch=4.247387
2026-02-16 10:36:47.866 | INFO     | __main__:on_log:109 - step=6100 | loss=0.039634 | grad_norm=0.816807 | learning_rate=0.000005 | epoch=4.250871
2026-02-16 10:36:54.753 | INFO     | __main__:on_log:109 - step=6105 | loss=0.062568 | grad_norm=0.539992 | learning_rate=0.000005 | epoch=4.254355
2026-02-16 10:37:01.328 | INFO     | __main__:on_log:109 - step=6110 | loss=0.035071 | grad_norm=0.684874 | learning_rate=0.000005 | epoch=4.257840
2026-02-16 10:37:07.943 | INFO     | __main__:on_log:109 - step=6115 | loss=0.054210 | grad_norm=1.756575 | learning_rate=0.000005 | epoch=4.261324
2026-02-16 10:37:14.745 | INFO     | __main__:on_log:109 - step=6120 | loss=0.052861 | grad_norm=1.270408 | learning_rate=0.000005 | epoch=4.264808
2026-02-16 10:37:21.348 | INFO     | __main__:on_log:109 - step=6125 | loss=0.035908 | grad_norm=0.898103 | learning_rate=0.000005 | epoch=4.268293
2026-02-16 10:37:27.934 | INFO     | __main__:on_log:109 - step=6130 | loss=0.076299 | grad_norm=2.470841 | learning_rate=0.000005 | epoch=4.271777
2026-02-16 10:37:34.543 | INFO     | __main__:on_log:109 - step=6135 | loss=0.048290 | grad_norm=1.080973 | learning_rate=0.000005 | epoch=4.275261
2026-02-16 10:37:41.129 | INFO     | __main__:on_log:109 - step=6140 | loss=0.069343 | grad_norm=1.024678 | learning_rate=0.000005 | epoch=4.278746
2026-02-16 10:37:47.764 | INFO     | __main__:on_log:109 - step=6145 | loss=0.051145 | grad_norm=1.204337 | learning_rate=0.000005 | epoch=4.282230
2026-02-16 10:37:54.643 | INFO     | __main__:on_log:109 - step=6150 | loss=0.051226 | grad_norm=1.004563 | learning_rate=0.000005 | epoch=4.285714
2026-02-16 10:38:01.942 | INFO     | __main__:on_log:109 - step=6155 | loss=0.065043 | grad_norm=1.626351 | learning_rate=0.000004 | epoch=4.289199
2026-02-16 10:38:08.551 | INFO     | __main__:on_log:109 - step=6160 | loss=0.028057 | grad_norm=0.660517 | learning_rate=0.000004 | epoch=4.292683
2026-02-16 10:38:15.144 | INFO     | __main__:on_log:109 - step=6165 | loss=0.050880 | grad_norm=1.041958 | learning_rate=0.000004 | epoch=4.296167
2026-02-16 10:38:21.729 | INFO     | __main__:on_log:109 - step=6170 | loss=0.061472 | grad_norm=1.378043 | learning_rate=0.000004 | epoch=4.299652
2026-02-16 10:38:28.609 | INFO     | __main__:on_log:109 - step=6175 | loss=0.049541 | grad_norm=0.971151 | learning_rate=0.000004 | epoch=4.303136
2026-02-16 10:38:35.220 | INFO     | __main__:on_log:109 - step=6180 | loss=0.065636 | grad_norm=1.023003 | learning_rate=0.000004 | epoch=4.306620
2026-02-16 10:38:41.844 | INFO     | __main__:on_log:109 - step=6185 | loss=0.040168 | grad_norm=0.998242 | learning_rate=0.000004 | epoch=4.310105
2026-02-16 10:38:48.417 | INFO     | __main__:on_log:109 - step=6190 | loss=0.053166 | grad_norm=1.311710 | learning_rate=0.000004 | epoch=4.313589
2026-02-16 10:38:55.257 | INFO     | __main__:on_log:109 - step=6195 | loss=0.053063 | grad_norm=1.539101 | learning_rate=0.000004 | epoch=4.317073
2026-02-16 10:39:01.868 | INFO     | __main__:on_log:109 - step=6200 | loss=0.036945 | grad_norm=0.907307 | learning_rate=0.000004 | epoch=4.320557
2026-02-16 10:39:09.180 | INFO     | __main__:on_log:109 - step=6205 | loss=0.058800 | grad_norm=1.371348 | learning_rate=0.000004 | epoch=4.324042
2026-02-16 10:39:15.814 | INFO     | __main__:on_log:109 - step=6210 | loss=0.047318 | grad_norm=1.002461 | learning_rate=0.000004 | epoch=4.327526
2026-02-16 10:39:22.400 | INFO     | __main__:on_log:109 - step=6215 | loss=0.060236 | grad_norm=0.953606 | learning_rate=0.000004 | epoch=4.331010
2026-02-16 10:39:29.224 | INFO     | __main__:on_log:109 - step=6220 | loss=0.058187 | grad_norm=1.210644 | learning_rate=0.000004 | epoch=4.334495
2026-02-16 10:39:35.469 | INFO     | __main__:on_log:109 - step=6225 | loss=0.031755 | grad_norm=0.962135 | learning_rate=0.000004 | epoch=4.337979
2026-02-16 10:39:42.051 | INFO     | __main__:on_log:109 - step=6230 | loss=0.041087 | grad_norm=1.532531 | learning_rate=0.000004 | epoch=4.341463
2026-02-16 10:39:48.621 | INFO     | __main__:on_log:109 - step=6235 | loss=0.058463 | grad_norm=1.068793 | learning_rate=0.000004 | epoch=4.344948
2026-02-16 10:39:55.188 | INFO     | __main__:on_log:109 - step=6240 | loss=0.037734 | grad_norm=1.058663 | learning_rate=0.000004 | epoch=4.348432
2026-02-16 10:40:02.019 | INFO     | __main__:on_log:109 - step=6245 | loss=0.041108 | grad_norm=0.788050 | learning_rate=0.000004 | epoch=4.351916
2026-02-16 10:40:08.606 | INFO     | __main__:on_log:109 - step=6250 | loss=0.051811 | grad_norm=0.811426 | learning_rate=0.000004 | epoch=4.355401
2026-02-16 10:40:15.789 | INFO     | __main__:on_log:109 - step=6255 | loss=0.029832 | grad_norm=2.218891 | learning_rate=0.000004 | epoch=4.358885
2026-02-16 10:40:22.392 | INFO     | __main__:on_log:109 - step=6260 | loss=0.034736 | grad_norm=0.662053 | learning_rate=0.000004 | epoch=4.362369
2026-02-16 10:40:29.054 | INFO     | __main__:on_log:109 - step=6265 | loss=0.047801 | grad_norm=0.509599 | learning_rate=0.000004 | epoch=4.365854
2026-02-16 10:40:35.660 | INFO     | __main__:on_log:109 - step=6270 | loss=0.055967 | grad_norm=1.307015 | learning_rate=0.000004 | epoch=4.369338
2026-02-16 10:40:42.249 | INFO     | __main__:on_log:109 - step=6275 | loss=0.031791 | grad_norm=0.411863 | learning_rate=0.000004 | epoch=4.372822
2026-02-16 10:40:48.861 | INFO     | __main__:on_log:109 - step=6280 | loss=0.043905 | grad_norm=0.983464 | learning_rate=0.000004 | epoch=4.376307
2026-02-16 10:40:55.466 | INFO     | __main__:on_log:109 - step=6285 | loss=0.050794 | grad_norm=1.425472 | learning_rate=0.000004 | epoch=4.379791
2026-02-16 10:41:02.322 | INFO     | __main__:on_log:109 - step=6290 | loss=0.051481 | grad_norm=0.667057 | learning_rate=0.000004 | epoch=4.383275
2026-02-16 10:41:08.926 | INFO     | __main__:on_log:109 - step=6295 | loss=0.036416 | grad_norm=1.163246 | learning_rate=0.000004 | epoch=4.386760
2026-02-16 10:41:15.544 | INFO     | __main__:on_log:109 - step=6300 | loss=0.052637 | grad_norm=1.233343 | learning_rate=0.000004 | epoch=4.390244
2026-02-16 10:41:22.781 | INFO     | __main__:on_log:109 - step=6305 | loss=0.042151 | grad_norm=1.026163 | learning_rate=0.000004 | epoch=4.393728
2026-02-16 10:41:29.406 | INFO     | __main__:on_log:109 - step=6310 | loss=0.044993 | grad_norm=0.916869 | learning_rate=0.000004 | epoch=4.397213
2026-02-16 10:41:36.314 | INFO     | __main__:on_log:109 - step=6315 | loss=0.047015 | grad_norm=1.289379 | learning_rate=0.000004 | epoch=4.400697
2026-02-16 10:41:42.603 | INFO     | __main__:on_log:109 - step=6320 | loss=0.037195 | grad_norm=1.149173 | learning_rate=0.000004 | epoch=4.404181
2026-02-16 10:41:49.196 | INFO     | __main__:on_log:109 - step=6325 | loss=0.053500 | grad_norm=1.165644 | learning_rate=0.000004 | epoch=4.407666
2026-02-16 10:41:55.760 | INFO     | __main__:on_log:109 - step=6330 | loss=0.072995 | grad_norm=1.833578 | learning_rate=0.000004 | epoch=4.411150
2026-02-16 10:42:02.567 | INFO     | __main__:on_log:109 - step=6335 | loss=0.035060 | grad_norm=1.064068 | learning_rate=0.000004 | epoch=4.414634
2026-02-16 10:42:09.151 | INFO     | __main__:on_log:109 - step=6340 | loss=0.061087 | grad_norm=0.885812 | learning_rate=0.000004 | epoch=4.418118
2026-02-16 10:42:15.742 | INFO     | __main__:on_log:109 - step=6345 | loss=0.036448 | grad_norm=1.441719 | learning_rate=0.000004 | epoch=4.421603
2026-02-16 10:42:22.330 | INFO     | __main__:on_log:109 - step=6350 | loss=0.054406 | grad_norm=1.137318 | learning_rate=0.000004 | epoch=4.425087
2026-02-16 10:42:28.918 | INFO     | __main__:on_log:109 - step=6355 | loss=0.032394 | grad_norm=0.949838 | learning_rate=0.000004 | epoch=4.428571
2026-02-16 10:42:35.704 | INFO     | __main__:on_log:109 - step=6360 | loss=0.056623 | grad_norm=0.833143 | learning_rate=0.000004 | epoch=4.432056
2026-02-16 10:42:42.348 | INFO     | __main__:on_log:109 - step=6365 | loss=0.060761 | grad_norm=1.030781 | learning_rate=0.000004 | epoch=4.435540
2026-02-16 10:42:48.970 | INFO     | __main__:on_log:109 - step=6370 | loss=0.059249 | grad_norm=1.001848 | learning_rate=0.000004 | epoch=4.439024
2026-02-16 10:42:55.559 | INFO     | __main__:on_log:109 - step=6375 | loss=0.050386 | grad_norm=1.334560 | learning_rate=0.000004 | epoch=4.442509
2026-02-16 10:43:02.389 | INFO     | __main__:on_log:109 - step=6380 | loss=0.052631 | grad_norm=1.811919 | learning_rate=0.000004 | epoch=4.445993
2026-02-16 10:43:08.997 | INFO     | __main__:on_log:109 - step=6385 | loss=0.047744 | grad_norm=1.549564 | learning_rate=0.000003 | epoch=4.449477
2026-02-16 10:43:15.638 | INFO     | __main__:on_log:109 - step=6390 | loss=0.044114 | grad_norm=1.422607 | learning_rate=0.000003 | epoch=4.452962
2026-02-16 10:43:22.247 | INFO     | __main__:on_log:109 - step=6395 | loss=0.054330 | grad_norm=1.750080 | learning_rate=0.000003 | epoch=4.456446
2026-02-16 10:43:28.839 | INFO     | __main__:on_log:109 - step=6400 | loss=0.085507 | grad_norm=1.503811 | learning_rate=0.000003 | epoch=4.459930
2026-02-16 10:43:36.278 | INFO     | __main__:on_log:109 - step=6405 | loss=0.041237 | grad_norm=0.881631 | learning_rate=0.000003 | epoch=4.463415
2026-02-16 10:43:42.886 | INFO     | __main__:on_log:109 - step=6410 | loss=0.046998 | grad_norm=0.919578 | learning_rate=0.000003 | epoch=4.466899
2026-02-16 10:43:49.498 | INFO     | __main__:on_log:109 - step=6415 | loss=0.046919 | grad_norm=1.150052 | learning_rate=0.000003 | epoch=4.470383
2026-02-16 10:43:56.075 | INFO     | __main__:on_log:109 - step=6420 | loss=0.041623 | grad_norm=1.389724 | learning_rate=0.000003 | epoch=4.473868
2026-02-16 10:44:02.553 | INFO     | __main__:on_log:109 - step=6425 | loss=0.037119 | grad_norm=0.717104 | learning_rate=0.000003 | epoch=4.477352
2026-02-16 10:44:09.189 | INFO     | __main__:on_log:109 - step=6430 | loss=0.035743 | grad_norm=0.604795 | learning_rate=0.000003 | epoch=4.480836
2026-02-16 10:44:15.782 | INFO     | __main__:on_log:109 - step=6435 | loss=0.049635 | grad_norm=1.192541 | learning_rate=0.000003 | epoch=4.484321
2026-02-16 10:44:22.400 | INFO     | __main__:on_log:109 - step=6440 | loss=0.050946 | grad_norm=1.081670 | learning_rate=0.000003 | epoch=4.487805
2026-02-16 10:44:29.027 | INFO     | __main__:on_log:109 - step=6445 | loss=0.039232 | grad_norm=1.295763 | learning_rate=0.000003 | epoch=4.491289
2026-02-16 10:44:35.854 | INFO     | __main__:on_log:109 - step=6450 | loss=0.058367 | grad_norm=1.692722 | learning_rate=0.000003 | epoch=4.494774
2026-02-16 10:44:43.139 | INFO     | __main__:on_log:109 - step=6455 | loss=0.062223 | grad_norm=1.309321 | learning_rate=0.000003 | epoch=4.498258
2026-02-16 10:44:49.734 | INFO     | __main__:on_log:109 - step=6460 | loss=0.039724 | grad_norm=0.610738 | learning_rate=0.000003 | epoch=4.501742
2026-02-16 10:44:56.339 | INFO     | __main__:on_log:109 - step=6465 | loss=0.048926 | grad_norm=0.963346 | learning_rate=0.000003 | epoch=4.505226
2026-02-16 10:45:02.955 | INFO     | __main__:on_log:109 - step=6470 | loss=0.043027 | grad_norm=0.852771 | learning_rate=0.000003 | epoch=4.508711
2026-02-16 10:45:09.583 | INFO     | __main__:on_log:109 - step=6475 | loss=0.057876 | grad_norm=0.737460 | learning_rate=0.000003 | epoch=4.512195
2026-02-16 10:45:16.391 | INFO     | __main__:on_log:109 - step=6480 | loss=0.045570 | grad_norm=1.126544 | learning_rate=0.000003 | epoch=4.515679
2026-02-16 10:45:22.978 | INFO     | __main__:on_log:109 - step=6485 | loss=0.029307 | grad_norm=1.629790 | learning_rate=0.000003 | epoch=4.519164
2026-02-16 10:45:29.585 | INFO     | __main__:on_log:109 - step=6490 | loss=0.046344 | grad_norm=1.054527 | learning_rate=0.000003 | epoch=4.522648
2026-02-16 10:45:36.190 | INFO     | __main__:on_log:109 - step=6495 | loss=0.059742 | grad_norm=2.165025 | learning_rate=0.000003 | epoch=4.526132
2026-02-16 10:45:42.811 | INFO     | __main__:on_log:109 - step=6500 | loss=0.058561 | grad_norm=1.653145 | learning_rate=0.000003 | epoch=4.529617
2026-02-16 10:45:50.074 | INFO     | __main__:on_log:109 - step=6505 | loss=0.051453 | grad_norm=0.881482 | learning_rate=0.000003 | epoch=4.533101
2026-02-16 10:45:56.998 | INFO     | __main__:on_log:109 - step=6510 | loss=0.057230 | grad_norm=0.835935 | learning_rate=0.000003 | epoch=4.536585
2026-02-16 10:46:03.597 | INFO     | __main__:on_log:109 - step=6515 | loss=0.062246 | grad_norm=1.791522 | learning_rate=0.000003 | epoch=4.540070
2026-02-16 10:46:09.869 | INFO     | __main__:on_log:109 - step=6520 | loss=0.089059 | grad_norm=1.421498 | learning_rate=0.000003 | epoch=4.543554
2026-02-16 10:46:16.458 | INFO     | __main__:on_log:109 - step=6525 | loss=0.031771 | grad_norm=0.858624 | learning_rate=0.000003 | epoch=4.547038
2026-02-16 10:46:23.054 | INFO     | __main__:on_log:109 - step=6530 | loss=0.040807 | grad_norm=1.162918 | learning_rate=0.000003 | epoch=4.550523
2026-02-16 10:46:29.664 | INFO     | __main__:on_log:109 - step=6535 | loss=0.041947 | grad_norm=0.891318 | learning_rate=0.000003 | epoch=4.554007
2026-02-16 10:46:36.597 | INFO     | __main__:on_log:109 - step=6540 | loss=0.050638 | grad_norm=1.103913 | learning_rate=0.000003 | epoch=4.557491
2026-02-16 10:46:43.214 | INFO     | __main__:on_log:109 - step=6545 | loss=0.036335 | grad_norm=0.911721 | learning_rate=0.000003 | epoch=4.560976
2026-02-16 10:46:49.810 | INFO     | __main__:on_log:109 - step=6550 | loss=0.045242 | grad_norm=1.014229 | learning_rate=0.000003 | epoch=4.564460
2026-02-16 10:46:57.058 | INFO     | __main__:on_log:109 - step=6555 | loss=0.044001 | grad_norm=1.528713 | learning_rate=0.000003 | epoch=4.567944
2026-02-16 10:47:03.296 | INFO     | __main__:on_log:109 - step=6560 | loss=0.024098 | grad_norm=0.887905 | learning_rate=0.000003 | epoch=4.571429
2026-02-16 10:47:09.919 | INFO     | __main__:on_log:109 - step=6565 | loss=0.045404 | grad_norm=1.290860 | learning_rate=0.000003 | epoch=4.574913
2026-02-16 10:47:16.730 | INFO     | __main__:on_log:109 - step=6570 | loss=0.080750 | grad_norm=1.611397 | learning_rate=0.000003 | epoch=4.578397
2026-02-16 10:47:23.318 | INFO     | __main__:on_log:109 - step=6575 | loss=0.046692 | grad_norm=0.897111 | learning_rate=0.000003 | epoch=4.581882
2026-02-16 10:47:29.950 | INFO     | __main__:on_log:109 - step=6580 | loss=0.041148 | grad_norm=0.846159 | learning_rate=0.000003 | epoch=4.585366
2026-02-16 10:47:36.571 | INFO     | __main__:on_log:109 - step=6585 | loss=0.043895 | grad_norm=1.960639 | learning_rate=0.000003 | epoch=4.588850
2026-02-16 10:47:43.177 | INFO     | __main__:on_log:109 - step=6590 | loss=0.048403 | grad_norm=1.060498 | learning_rate=0.000003 | epoch=4.592334
2026-02-16 10:47:49.805 | INFO     | __main__:on_log:109 - step=6595 | loss=0.068300 | grad_norm=1.029326 | learning_rate=0.000003 | epoch=4.595819
2026-02-16 10:47:56.609 | INFO     | __main__:on_log:109 - step=6600 | loss=0.047128 | grad_norm=1.002701 | learning_rate=0.000003 | epoch=4.599303
2026-02-16 10:48:03.860 | INFO     | __main__:on_log:109 - step=6605 | loss=0.036740 | grad_norm=1.840321 | learning_rate=0.000003 | epoch=4.602787
2026-02-16 10:48:10.137 | INFO     | __main__:on_log:109 - step=6610 | loss=0.032383 | grad_norm=0.463510 | learning_rate=0.000002 | epoch=4.606272
2026-02-16 10:48:16.405 | INFO     | __main__:on_log:109 - step=6615 | loss=0.038027 | grad_norm=1.204616 | learning_rate=0.000002 | epoch=4.609756
2026-02-16 10:48:23.011 | INFO     | __main__:on_log:109 - step=6620 | loss=0.049120 | grad_norm=1.568483 | learning_rate=0.000002 | epoch=4.613240
2026-02-16 10:48:29.652 | INFO     | __main__:on_log:109 - step=6625 | loss=0.048357 | grad_norm=1.550463 | learning_rate=0.000002 | epoch=4.616725
2026-02-16 10:48:36.466 | INFO     | __main__:on_log:109 - step=6630 | loss=0.045039 | grad_norm=1.170072 | learning_rate=0.000002 | epoch=4.620209
2026-02-16 10:48:43.097 | INFO     | __main__:on_log:109 - step=6635 | loss=0.051877 | grad_norm=1.171505 | learning_rate=0.000002 | epoch=4.623693
2026-02-16 10:48:49.718 | INFO     | __main__:on_log:109 - step=6640 | loss=0.072513 | grad_norm=1.126581 | learning_rate=0.000002 | epoch=4.627178
2026-02-16 10:48:56.307 | INFO     | __main__:on_log:109 - step=6645 | loss=0.087588 | grad_norm=0.888393 | learning_rate=0.000002 | epoch=4.630662
2026-02-16 10:49:02.938 | INFO     | __main__:on_log:109 - step=6650 | loss=0.066094 | grad_norm=2.836275 | learning_rate=0.000002 | epoch=4.634146
2026-02-16 10:49:10.217 | INFO     | __main__:on_log:109 - step=6655 | loss=0.035581 | grad_norm=0.755392 | learning_rate=0.000002 | epoch=4.637631
2026-02-16 10:49:17.030 | INFO     | __main__:on_log:109 - step=6660 | loss=0.061562 | grad_norm=1.147887 | learning_rate=0.000002 | epoch=4.641115
2026-02-16 10:49:23.624 | INFO     | __main__:on_log:109 - step=6665 | loss=0.054841 | grad_norm=0.886382 | learning_rate=0.000002 | epoch=4.644599
2026-02-16 10:49:30.206 | INFO     | __main__:on_log:109 - step=6670 | loss=0.047863 | grad_norm=1.100193 | learning_rate=0.000002 | epoch=4.648084
2026-02-16 10:49:36.797 | INFO     | __main__:on_log:109 - step=6675 | loss=0.034418 | grad_norm=1.079639 | learning_rate=0.000002 | epoch=4.651568
2026-02-16 10:49:43.395 | INFO     | __main__:on_log:109 - step=6680 | loss=0.056923 | grad_norm=1.010505 | learning_rate=0.000002 | epoch=4.655052
2026-02-16 10:49:50.266 | INFO     | __main__:on_log:109 - step=6685 | loss=0.045460 | grad_norm=1.343070 | learning_rate=0.000002 | epoch=4.658537
2026-02-16 10:49:56.867 | INFO     | __main__:on_log:109 - step=6690 | loss=0.044936 | grad_norm=1.374410 | learning_rate=0.000002 | epoch=4.662021
2026-02-16 10:50:03.480 | INFO     | __main__:on_log:109 - step=6695 | loss=0.039998 | grad_norm=0.979631 | learning_rate=0.000002 | epoch=4.665505
2026-02-16 10:50:10.097 | INFO     | __main__:on_log:109 - step=6700 | loss=0.048112 | grad_norm=0.975469 | learning_rate=0.000002 | epoch=4.668990
2026-02-16 10:50:17.407 | INFO     | __main__:on_log:109 - step=6705 | loss=0.045349 | grad_norm=0.935336 | learning_rate=0.000002 | epoch=4.672474
2026-02-16 10:50:23.989 | INFO     | __main__:on_log:109 - step=6710 | loss=0.051058 | grad_norm=1.291061 | learning_rate=0.000002 | epoch=4.675958
2026-02-16 10:50:30.574 | INFO     | __main__:on_log:109 - step=6715 | loss=0.033440 | grad_norm=0.020878 | learning_rate=0.000002 | epoch=4.679443
2026-02-16 10:50:37.163 | INFO     | __main__:on_log:109 - step=6720 | loss=0.034133 | grad_norm=0.924147 | learning_rate=0.000002 | epoch=4.682927
2026-02-16 10:50:43.771 | INFO     | __main__:on_log:109 - step=6725 | loss=0.046262 | grad_norm=0.786110 | learning_rate=0.000002 | epoch=4.686411
2026-02-16 10:50:50.384 | INFO     | __main__:on_log:109 - step=6730 | loss=0.045181 | grad_norm=0.941579 | learning_rate=0.000002 | epoch=4.689895
2026-02-16 10:50:56.997 | INFO     | __main__:on_log:109 - step=6735 | loss=0.061935 | grad_norm=1.666210 | learning_rate=0.000002 | epoch=4.693380
2026-02-16 10:51:03.584 | INFO     | __main__:on_log:109 - step=6740 | loss=0.046833 | grad_norm=0.938531 | learning_rate=0.000002 | epoch=4.696864
2026-02-16 10:51:10.389 | INFO     | __main__:on_log:109 - step=6745 | loss=0.081974 | grad_norm=1.775822 | learning_rate=0.000002 | epoch=4.700348
2026-02-16 10:51:16.999 | INFO     | __main__:on_log:109 - step=6750 | loss=0.083505 | grad_norm=1.703644 | learning_rate=0.000002 | epoch=4.703833
2026-02-16 10:51:24.323 | INFO     | __main__:on_log:109 - step=6755 | loss=0.041419 | grad_norm=0.864190 | learning_rate=0.000002 | epoch=4.707317
2026-02-16 10:51:30.938 | INFO     | __main__:on_log:109 - step=6760 | loss=0.075518 | grad_norm=1.113825 | learning_rate=0.000002 | epoch=4.710801
2026-02-16 10:51:37.575 | INFO     | __main__:on_log:109 - step=6765 | loss=0.066299 | grad_norm=1.035024 | learning_rate=0.000002 | epoch=4.714286
2026-02-16 10:51:44.059 | INFO     | __main__:on_log:109 - step=6770 | loss=0.037492 | grad_norm=0.126623 | learning_rate=0.000002 | epoch=4.717770
2026-02-16 10:51:50.625 | INFO     | __main__:on_log:109 - step=6775 | loss=0.065070 | grad_norm=3.001589 | learning_rate=0.000002 | epoch=4.721254
2026-02-16 10:51:57.254 | INFO     | __main__:on_log:109 - step=6780 | loss=0.063240 | grad_norm=0.857359 | learning_rate=0.000002 | epoch=4.724739
2026-02-16 10:52:03.866 | INFO     | __main__:on_log:109 - step=6785 | loss=0.052584 | grad_norm=1.148905 | learning_rate=0.000002 | epoch=4.728223
2026-02-16 10:52:10.478 | INFO     | __main__:on_log:109 - step=6790 | loss=0.038578 | grad_norm=0.836722 | learning_rate=0.000002 | epoch=4.731707
2026-02-16 10:52:17.299 | INFO     | __main__:on_log:109 - step=6795 | loss=0.072880 | grad_norm=1.771849 | learning_rate=0.000002 | epoch=4.735192
2026-02-16 10:52:23.876 | INFO     | __main__:on_log:109 - step=6800 | loss=0.042096 | grad_norm=1.415676 | learning_rate=0.000002 | epoch=4.738676
2026-02-16 10:52:31.102 | INFO     | __main__:on_log:109 - step=6805 | loss=0.063447 | grad_norm=2.100968 | learning_rate=0.000002 | epoch=4.742160
2026-02-16 10:52:37.692 | INFO     | __main__:on_log:109 - step=6810 | loss=0.044636 | grad_norm=1.104393 | learning_rate=0.000002 | epoch=4.745645
2026-02-16 10:52:44.291 | INFO     | __main__:on_log:109 - step=6815 | loss=0.040699 | grad_norm=1.165439 | learning_rate=0.000002 | epoch=4.749129
2026-02-16 10:52:51.061 | INFO     | __main__:on_log:109 - step=6820 | loss=0.060976 | grad_norm=1.147383 | learning_rate=0.000002 | epoch=4.752613
2026-02-16 10:52:57.642 | INFO     | __main__:on_log:109 - step=6825 | loss=0.044014 | grad_norm=0.874818 | learning_rate=0.000002 | epoch=4.756098
2026-02-16 10:53:04.198 | INFO     | __main__:on_log:109 - step=6830 | loss=0.033617 | grad_norm=0.638739 | learning_rate=0.000002 | epoch=4.759582
2026-02-16 10:53:10.469 | INFO     | __main__:on_log:109 - step=6835 | loss=0.032109 | grad_norm=0.828620 | learning_rate=0.000002 | epoch=4.763066
2026-02-16 10:53:17.067 | INFO     | __main__:on_log:109 - step=6840 | loss=0.053440 | grad_norm=1.834868 | learning_rate=0.000001 | epoch=4.766551
2026-02-16 10:53:23.878 | INFO     | __main__:on_log:109 - step=6845 | loss=0.039430 | grad_norm=1.182794 | learning_rate=0.000001 | epoch=4.770035
2026-02-16 10:53:30.143 | INFO     | __main__:on_log:109 - step=6850 | loss=0.031636 | grad_norm=0.754606 | learning_rate=0.000001 | epoch=4.773519
2026-02-16 10:53:37.401 | INFO     | __main__:on_log:109 - step=6855 | loss=0.044656 | grad_norm=1.239066 | learning_rate=0.000001 | epoch=4.777003
2026-02-16 10:53:44.000 | INFO     | __main__:on_log:109 - step=6860 | loss=0.063947 | grad_norm=1.212314 | learning_rate=0.000001 | epoch=4.780488
2026-02-16 10:53:50.604 | INFO     | __main__:on_log:109 - step=6865 | loss=0.050381 | grad_norm=1.288957 | learning_rate=0.000001 | epoch=4.783972
2026-02-16 10:53:57.223 | INFO     | __main__:on_log:109 - step=6870 | loss=0.034749 | grad_norm=0.943634 | learning_rate=0.000001 | epoch=4.787456
2026-02-16 10:54:03.772 | INFO     | __main__:on_log:109 - step=6875 | loss=0.038251 | grad_norm=0.825656 | learning_rate=0.000001 | epoch=4.790941
2026-02-16 10:54:10.377 | INFO     | __main__:on_log:109 - step=6880 | loss=0.042297 | grad_norm=0.760226 | learning_rate=0.000001 | epoch=4.794425
2026-02-16 10:54:16.999 | INFO     | __main__:on_log:109 - step=6885 | loss=0.054272 | grad_norm=0.996454 | learning_rate=0.000001 | epoch=4.797909
2026-02-16 10:54:23.627 | INFO     | __main__:on_log:109 - step=6890 | loss=0.048740 | grad_norm=1.396161 | learning_rate=0.000001 | epoch=4.801394
2026-02-16 10:54:30.264 | INFO     | __main__:on_log:109 - step=6895 | loss=0.036103 | grad_norm=0.713410 | learning_rate=0.000001 | epoch=4.804878
2026-02-16 10:54:36.876 | INFO     | __main__:on_log:109 - step=6900 | loss=0.037192 | grad_norm=0.680955 | learning_rate=0.000001 | epoch=4.808362
2026-02-16 10:54:44.472 | INFO     | __main__:on_log:109 - step=6905 | loss=0.052480 | grad_norm=1.069821 | learning_rate=0.000001 | epoch=4.811847
2026-02-16 10:54:51.099 | INFO     | __main__:on_log:109 - step=6910 | loss=0.053299 | grad_norm=0.821068 | learning_rate=0.000001 | epoch=4.815331
2026-02-16 10:54:57.730 | INFO     | __main__:on_log:109 - step=6915 | loss=0.051074 | grad_norm=1.770200 | learning_rate=0.000001 | epoch=4.818815
2026-02-16 10:55:04.326 | INFO     | __main__:on_log:109 - step=6920 | loss=0.054830 | grad_norm=1.558628 | learning_rate=0.000001 | epoch=4.822300
2026-02-16 10:55:10.970 | INFO     | __main__:on_log:109 - step=6925 | loss=0.042143 | grad_norm=1.085606 | learning_rate=0.000001 | epoch=4.825784
2026-02-16 10:55:17.778 | INFO     | __main__:on_log:109 - step=6930 | loss=0.050892 | grad_norm=1.078510 | learning_rate=0.000001 | epoch=4.829268
2026-02-16 10:55:24.366 | INFO     | __main__:on_log:109 - step=6935 | loss=0.037524 | grad_norm=1.028148 | learning_rate=0.000001 | epoch=4.832753
2026-02-16 10:55:30.968 | INFO     | __main__:on_log:109 - step=6940 | loss=0.056699 | grad_norm=0.859563 | learning_rate=0.000001 | epoch=4.836237
2026-02-16 10:55:37.209 | INFO     | __main__:on_log:109 - step=6945 | loss=0.068802 | grad_norm=0.833640 | learning_rate=0.000001 | epoch=4.839721
2026-02-16 10:55:43.820 | INFO     | __main__:on_log:109 - step=6950 | loss=0.061503 | grad_norm=1.087504 | learning_rate=0.000001 | epoch=4.843206
2026-02-16 10:55:51.011 | INFO     | __main__:on_log:109 - step=6955 | loss=0.052866 | grad_norm=0.938097 | learning_rate=0.000001 | epoch=4.846690
2026-02-16 10:55:57.858 | INFO     | __main__:on_log:109 - step=6960 | loss=0.047382 | grad_norm=1.509831 | learning_rate=0.000001 | epoch=4.850174
2026-02-16 10:56:04.445 | INFO     | __main__:on_log:109 - step=6965 | loss=0.033934 | grad_norm=1.373620 | learning_rate=0.000001 | epoch=4.853659
2026-02-16 10:56:11.062 | INFO     | __main__:on_log:109 - step=6970 | loss=0.039091 | grad_norm=1.011305 | learning_rate=0.000001 | epoch=4.857143
2026-02-16 10:56:16.969 | INFO     | __main__:on_log:109 - step=6975 | loss=0.032933 | grad_norm=1.510367 | learning_rate=0.000001 | epoch=4.860627
2026-02-16 10:56:23.600 | INFO     | __main__:on_log:109 - step=6980 | loss=0.064468 | grad_norm=1.226267 | learning_rate=0.000001 | epoch=4.864111
2026-02-16 10:56:30.058 | INFO     | __main__:on_log:109 - step=6985 | loss=0.039281 | grad_norm=1.352921 | learning_rate=0.000001 | epoch=4.867596
2026-02-16 10:56:36.644 | INFO     | __main__:on_log:109 - step=6990 | loss=0.038433 | grad_norm=1.025459 | learning_rate=0.000001 | epoch=4.871080
2026-02-16 10:56:43.268 | INFO     | __main__:on_log:109 - step=6995 | loss=0.045930 | grad_norm=1.378950 | learning_rate=0.000001 | epoch=4.874564
2026-02-16 10:56:49.889 | INFO     | __main__:on_log:109 - step=7000 | loss=0.031649 | grad_norm=1.445938 | learning_rate=0.000001 | epoch=4.878049
2026-02-16 10:56:57.278 | INFO     | __main__:on_log:109 - step=7005 | loss=0.041317 | grad_norm=1.467795 | learning_rate=0.000001 | epoch=4.881533
2026-02-16 10:57:03.549 | INFO     | __main__:on_log:109 - step=7010 | loss=0.043271 | grad_norm=0.961491 | learning_rate=0.000001 | epoch=4.885017
2026-02-16 10:57:09.781 | INFO     | __main__:on_log:109 - step=7015 | loss=0.040344 | grad_norm=1.153828 | learning_rate=0.000001 | epoch=4.888502
2026-02-16 10:57:16.389 | INFO     | __main__:on_log:109 - step=7020 | loss=0.050627 | grad_norm=0.902216 | learning_rate=0.000001 | epoch=4.891986
2026-02-16 10:57:23.001 | INFO     | __main__:on_log:109 - step=7025 | loss=0.058050 | grad_norm=1.116682 | learning_rate=0.000001 | epoch=4.895470
2026-02-16 10:57:29.603 | INFO     | __main__:on_log:109 - step=7030 | loss=0.058430 | grad_norm=1.630402 | learning_rate=0.000001 | epoch=4.898955
2026-02-16 10:57:36.160 | INFO     | __main__:on_log:109 - step=7035 | loss=0.039153 | grad_norm=0.515285 | learning_rate=0.000001 | epoch=4.902439
2026-02-16 10:57:42.747 | INFO     | __main__:on_log:109 - step=7040 | loss=0.043997 | grad_norm=0.992651 | learning_rate=0.000001 | epoch=4.905923
2026-02-16 10:57:49.366 | INFO     | __main__:on_log:109 - step=7045 | loss=0.030652 | grad_norm=0.773885 | learning_rate=0.000001 | epoch=4.909408
2026-02-16 10:57:55.974 | INFO     | __main__:on_log:109 - step=7050 | loss=0.056580 | grad_norm=1.324583 | learning_rate=0.000001 | epoch=4.912892
2026-02-16 10:58:02.833 | INFO     | __main__:on_log:109 - step=7055 | loss=0.043144 | grad_norm=0.384811 | learning_rate=0.000001 | epoch=4.916376
2026-02-16 10:58:09.650 | INFO     | __main__:on_log:109 - step=7060 | loss=0.056983 | grad_norm=1.634139 | learning_rate=0.000001 | epoch=4.919861
2026-02-16 10:58:16.241 | INFO     | __main__:on_log:109 - step=7065 | loss=0.047279 | grad_norm=0.934282 | learning_rate=0.000000 | epoch=4.923345
2026-02-16 10:58:22.855 | INFO     | __main__:on_log:109 - step=7070 | loss=0.076750 | grad_norm=1.321827 | learning_rate=0.000000 | epoch=4.926829
2026-02-16 10:58:29.433 | INFO     | __main__:on_log:109 - step=7075 | loss=0.053607 | grad_norm=1.311759 | learning_rate=0.000000 | epoch=4.930314
2026-02-16 10:58:36.023 | INFO     | __main__:on_log:109 - step=7080 | loss=0.039473 | grad_norm=1.021962 | learning_rate=0.000000 | epoch=4.933798
2026-02-16 10:58:42.639 | INFO     | __main__:on_log:109 - step=7085 | loss=0.052139 | grad_norm=0.977763 | learning_rate=0.000000 | epoch=4.937282
2026-02-16 10:58:49.501 | INFO     | __main__:on_log:109 - step=7090 | loss=0.045196 | grad_norm=1.105454 | learning_rate=0.000000 | epoch=4.940767
2026-02-16 10:58:56.072 | INFO     | __main__:on_log:109 - step=7095 | loss=0.053747 | grad_norm=1.430963 | learning_rate=0.000000 | epoch=4.944251
2026-02-16 10:59:02.687 | INFO     | __main__:on_log:109 - step=7100 | loss=0.060626 | grad_norm=1.025615 | learning_rate=0.000000 | epoch=4.947735
2026-02-16 10:59:10.063 | INFO     | __main__:on_log:109 - step=7105 | loss=0.035858 | grad_norm=0.819981 | learning_rate=0.000000 | epoch=4.951220
2026-02-16 10:59:16.663 | INFO     | __main__:on_log:109 - step=7110 | loss=0.040350 | grad_norm=1.208831 | learning_rate=0.000000 | epoch=4.954704
2026-02-16 10:59:23.520 | INFO     | __main__:on_log:109 - step=7115 | loss=0.052857 | grad_norm=2.370978 | learning_rate=0.000000 | epoch=4.958188
2026-02-16 10:59:30.105 | INFO     | __main__:on_log:109 - step=7120 | loss=0.031949 | grad_norm=1.124775 | learning_rate=0.000000 | epoch=4.961672
2026-02-16 10:59:36.672 | INFO     | __main__:on_log:109 - step=7125 | loss=0.047915 | grad_norm=1.772583 | learning_rate=0.000000 | epoch=4.965157
2026-02-16 10:59:43.278 | INFO     | __main__:on_log:109 - step=7130 | loss=0.051080 | grad_norm=1.105311 | learning_rate=0.000000 | epoch=4.968641
2026-02-16 10:59:49.901 | INFO     | __main__:on_log:109 - step=7135 | loss=0.056595 | grad_norm=1.396430 | learning_rate=0.000000 | epoch=4.972125
2026-02-16 10:59:56.544 | INFO     | __main__:on_log:109 - step=7140 | loss=0.037483 | grad_norm=1.056743 | learning_rate=0.000000 | epoch=4.975610
2026-02-16 11:00:03.465 | INFO     | __main__:on_log:109 - step=7145 | loss=0.074607 | grad_norm=1.595430 | learning_rate=0.000000 | epoch=4.979094
2026-02-16 11:00:09.686 | INFO     | __main__:on_log:109 - step=7150 | loss=0.032815 | grad_norm=0.528733 | learning_rate=0.000000 | epoch=4.982578
2026-02-16 11:00:16.953 | INFO     | __main__:on_log:109 - step=7155 | loss=0.056522 | grad_norm=1.900249 | learning_rate=0.000000 | epoch=4.986063
2026-02-16 11:00:23.539 | INFO     | __main__:on_log:109 - step=7160 | loss=0.060296 | grad_norm=1.290063 | learning_rate=0.000000 | epoch=4.989547
2026-02-16 11:00:30.148 | INFO     | __main__:on_log:109 - step=7165 | loss=0.055510 | grad_norm=0.687358 | learning_rate=0.000000 | epoch=4.993031
2026-02-16 11:00:37.019 | INFO     | __main__:on_log:109 - step=7170 | loss=0.044840 | grad_norm=1.052652 | learning_rate=0.000000 | epoch=4.996516
2026-02-16 11:00:43.026 | INFO     | __main__:on_log:109 - step=7175 | loss=0.065485 | grad_norm=2.059661 | learning_rate=0.000000 | epoch=5.000000
2026-02-16 11:00:43.609 | INFO     | __main__:on_log:109 - step=7175 | epoch=5.000000
2026-02-16 11:00:44.127 | SUCCESS  | __main__:train_model:307 - 학습 완료! 저장 경로: /root/SKN20-FINAL-2TEAM/SLLM_model/outputs/qwen2.5-1.5b-lora
2026-02-16 11:00:44.150 | INFO     | __main__:train_model:312 - GPU 메모리 해제 완료
2026-02-16 11:00:44.220 | INFO     | __main__:main:352 - ============================================================
2026-02-16 11:00:44.220 | SUCCESS  | __main__:main:353 - 학습 완료 요약
2026-02-16 11:00:44.220 | INFO     | __main__:main:354 - ============================================================
2026-02-16 11:00:44.220 | INFO     | __main__:main:356 -   qwen: /root/SKN20-FINAL-2TEAM/SLLM_model/outputs/qwen2.5-1.5b-lora
2026-02-16 11:00:44.220 | INFO     | __main__:main:357 - 로그 저장 경로: /root/SKN20-FINAL-2TEAM/SLLM_model/logs
