2026-02-21 08:39:44.339 | INFO     | __main__:main:157 - ============================================================
2026-02-21 08:39:44.339 | INFO     | __main__:main:158 - 모델: Qwen/Qwen2.5-3B-Instruct
2026-02-21 08:39:44.339 | INFO     | __main__:main:159 - 출력 경로: /root/SKN20-FINAL-2TEAM/SLLM_model/outputs/qwen2.5-3b-lora
2026-02-21 08:39:44.339 | INFO     | __main__:main:160 - epochs=2, batch_size=2, lr=3e-05
2026-02-21 08:39:44.339 | INFO     | __main__:main:161 - ============================================================
2026-02-21 08:39:48.661 | INFO     | __main__:load_sft_data:129 - 데이터 로드: 17377건 (/root/SKN20-FINAL-2TEAM/SLLM_model/data/sllm_qwen_data/sllm_train.xlsx)
2026-02-21 08:39:51.387 | INFO     | __main__:load_sft_data:145 - 유효 샘플: 17377건
2026-02-21 08:39:53.970 | INFO     | __main__:load_sft_data:129 - 데이터 로드: 4317건 (/root/SKN20-FINAL-2TEAM/SLLM_model/data/sllm_qwen_data/sllm_test.xlsx)
2026-02-21 08:39:54.638 | INFO     | __main__:load_sft_data:145 - 유효 샘플: 4317건
2026-02-21 08:47:26.488 | INFO     | __main__:main:300 - 학습 시작...
2026-02-21 08:47:40.107 | INFO     | __main__:on_log:99 - step=5 | loss=0.585500 | grad_norm=1.585419 | learning_rate=0.000000 | epoch=0.000575
2026-02-21 08:47:52.996 | INFO     | __main__:on_log:99 - step=10 | loss=0.739900 | grad_norm=1.390556 | learning_rate=0.000000 | epoch=0.001151
2026-02-21 08:48:05.892 | INFO     | __main__:on_log:99 - step=15 | loss=0.546000 | grad_norm=0.975655 | learning_rate=0.000000 | epoch=0.001726
2026-02-21 08:48:18.786 | INFO     | __main__:on_log:99 - step=20 | loss=0.632700 | grad_norm=1.241493 | learning_rate=0.000001 | epoch=0.002302
2026-02-21 08:48:31.691 | INFO     | __main__:on_log:99 - step=25 | loss=0.511000 | grad_norm=0.606607 | learning_rate=0.000001 | epoch=0.002877
2026-02-21 08:48:44.604 | INFO     | __main__:on_log:99 - step=30 | loss=0.613600 | grad_norm=0.690915 | learning_rate=0.000001 | epoch=0.003453
2026-02-21 08:48:57.518 | INFO     | __main__:on_log:99 - step=35 | loss=0.544100 | grad_norm=0.932965 | learning_rate=0.000001 | epoch=0.004028
2026-02-21 08:49:10.439 | INFO     | __main__:on_log:99 - step=40 | loss=0.438900 | grad_norm=0.636692 | learning_rate=0.000001 | epoch=0.004604
2026-02-21 08:49:23.347 | INFO     | __main__:on_log:99 - step=45 | loss=0.591700 | grad_norm=0.864487 | learning_rate=0.000002 | epoch=0.005179
2026-02-21 08:49:36.262 | INFO     | __main__:on_log:99 - step=50 | loss=0.566800 | grad_norm=0.689156 | learning_rate=0.000002 | epoch=0.005754
2026-02-21 08:49:49.169 | INFO     | __main__:on_log:99 - step=55 | loss=0.445400 | grad_norm=1.219426 | learning_rate=0.000002 | epoch=0.006330
2026-02-21 08:50:02.080 | INFO     | __main__:on_log:99 - step=60 | loss=0.548400 | grad_norm=0.571052 | learning_rate=0.000002 | epoch=0.006905
2026-02-21 08:50:14.994 | INFO     | __main__:on_log:99 - step=65 | loss=0.501500 | grad_norm=0.874526 | learning_rate=0.000002 | epoch=0.007481
2026-02-21 08:50:27.893 | INFO     | __main__:on_log:99 - step=70 | loss=0.692200 | grad_norm=1.572839 | learning_rate=0.000002 | epoch=0.008056
2026-02-21 08:50:40.805 | INFO     | __main__:on_log:99 - step=75 | loss=0.420000 | grad_norm=1.023492 | learning_rate=0.000003 | epoch=0.008632
2026-02-21 08:50:53.723 | INFO     | __main__:on_log:99 - step=80 | loss=0.450900 | grad_norm=0.816285 | learning_rate=0.000003 | epoch=0.009207
2026-02-21 08:51:06.635 | INFO     | __main__:on_log:99 - step=85 | loss=0.431300 | grad_norm=0.443532 | learning_rate=0.000003 | epoch=0.009782
2026-02-21 08:51:19.545 | INFO     | __main__:on_log:99 - step=90 | loss=0.516100 | grad_norm=1.308704 | learning_rate=0.000003 | epoch=0.010358
2026-02-21 08:51:32.448 | INFO     | __main__:on_log:99 - step=95 | loss=0.504400 | grad_norm=0.620501 | learning_rate=0.000003 | epoch=0.010933
2026-02-21 08:51:45.347 | INFO     | __main__:on_log:99 - step=100 | loss=0.508500 | grad_norm=1.011998 | learning_rate=0.000003 | epoch=0.011509
2026-02-21 08:51:58.251 | INFO     | __main__:on_log:99 - step=105 | loss=0.470700 | grad_norm=0.798796 | learning_rate=0.000004 | epoch=0.012084
2026-02-21 08:52:11.170 | INFO     | __main__:on_log:99 - step=110 | loss=0.423000 | grad_norm=0.654840 | learning_rate=0.000004 | epoch=0.012660
2026-02-21 08:52:24.072 | INFO     | __main__:on_log:99 - step=115 | loss=0.453800 | grad_norm=0.837469 | learning_rate=0.000004 | epoch=0.013235
2026-02-21 08:52:36.994 | INFO     | __main__:on_log:99 - step=120 | loss=0.418000 | grad_norm=0.633607 | learning_rate=0.000004 | epoch=0.013811
2026-02-21 08:52:49.911 | INFO     | __main__:on_log:99 - step=125 | loss=0.374600 | grad_norm=0.659874 | learning_rate=0.000004 | epoch=0.014386
2026-02-21 08:53:02.829 | INFO     | __main__:on_log:99 - step=130 | loss=0.370300 | grad_norm=0.591488 | learning_rate=0.000004 | epoch=0.014961
2026-02-21 08:53:15.759 | INFO     | __main__:on_log:99 - step=135 | loss=0.329100 | grad_norm=0.879454 | learning_rate=0.000005 | epoch=0.015537
2026-02-21 08:53:28.684 | INFO     | __main__:on_log:99 - step=140 | loss=0.353500 | grad_norm=0.907324 | learning_rate=0.000005 | epoch=0.016112
2026-02-21 08:53:41.597 | INFO     | __main__:on_log:99 - step=145 | loss=0.311600 | grad_norm=0.915490 | learning_rate=0.000005 | epoch=0.016688
2026-02-21 08:53:54.499 | INFO     | __main__:on_log:99 - step=150 | loss=0.349000 | grad_norm=1.050415 | learning_rate=0.000005 | epoch=0.017263
2026-02-21 08:54:07.407 | INFO     | __main__:on_log:99 - step=155 | loss=0.291800 | grad_norm=0.891373 | learning_rate=0.000005 | epoch=0.017839
2026-02-21 08:54:20.315 | INFO     | __main__:on_log:99 - step=160 | loss=0.305300 | grad_norm=0.766435 | learning_rate=0.000005 | epoch=0.018414
2026-02-21 08:54:33.225 | INFO     | __main__:on_log:99 - step=165 | loss=0.209600 | grad_norm=0.642805 | learning_rate=0.000006 | epoch=0.018990
2026-02-21 08:54:46.125 | INFO     | __main__:on_log:99 - step=170 | loss=0.284100 | grad_norm=0.931576 | learning_rate=0.000006 | epoch=0.019565
2026-02-21 08:54:59.029 | INFO     | __main__:on_log:99 - step=175 | loss=0.243700 | grad_norm=0.714010 | learning_rate=0.000006 | epoch=0.020140
2026-02-21 08:55:11.940 | INFO     | __main__:on_log:99 - step=180 | loss=0.278900 | grad_norm=0.813263 | learning_rate=0.000006 | epoch=0.020716
2026-02-21 08:55:24.847 | INFO     | __main__:on_log:99 - step=185 | loss=0.296500 | grad_norm=1.075279 | learning_rate=0.000006 | epoch=0.021291
2026-02-21 08:55:37.750 | INFO     | __main__:on_log:99 - step=190 | loss=0.226300 | grad_norm=1.313129 | learning_rate=0.000007 | epoch=0.021867
2026-02-21 08:55:50.663 | INFO     | __main__:on_log:99 - step=195 | loss=0.169100 | grad_norm=0.462096 | learning_rate=0.000007 | epoch=0.022442
2026-02-21 08:56:03.574 | INFO     | __main__:on_log:99 - step=200 | loss=0.249100 | grad_norm=0.540289 | learning_rate=0.000007 | epoch=0.023018
2026-02-21 08:56:16.484 | INFO     | __main__:on_log:99 - step=205 | loss=0.244700 | grad_norm=0.716855 | learning_rate=0.000007 | epoch=0.023593
2026-02-21 08:56:29.400 | INFO     | __main__:on_log:99 - step=210 | loss=0.215200 | grad_norm=0.507019 | learning_rate=0.000007 | epoch=0.024168
2026-02-21 08:56:42.306 | INFO     | __main__:on_log:99 - step=215 | loss=0.195300 | grad_norm=0.780841 | learning_rate=0.000007 | epoch=0.024744
2026-02-21 08:56:55.216 | INFO     | __main__:on_log:99 - step=220 | loss=0.273600 | grad_norm=0.677848 | learning_rate=0.000008 | epoch=0.025319
2026-02-21 08:57:08.131 | INFO     | __main__:on_log:99 - step=225 | loss=0.218700 | grad_norm=0.543516 | learning_rate=0.000008 | epoch=0.025895
2026-02-21 08:57:21.054 | INFO     | __main__:on_log:99 - step=230 | loss=0.231600 | grad_norm=0.925189 | learning_rate=0.000008 | epoch=0.026470
2026-02-21 08:57:33.968 | INFO     | __main__:on_log:99 - step=235 | loss=0.222200 | grad_norm=0.767458 | learning_rate=0.000008 | epoch=0.027046
2026-02-21 08:57:46.881 | INFO     | __main__:on_log:99 - step=240 | loss=0.158100 | grad_norm=0.809080 | learning_rate=0.000008 | epoch=0.027621
2026-02-21 08:57:59.790 | INFO     | __main__:on_log:99 - step=245 | loss=0.168500 | grad_norm=0.665009 | learning_rate=0.000008 | epoch=0.028197
2026-02-21 08:58:12.719 | INFO     | __main__:on_log:99 - step=250 | loss=0.177200 | grad_norm=0.887039 | learning_rate=0.000009 | epoch=0.028772
2026-02-21 08:58:25.640 | INFO     | __main__:on_log:99 - step=255 | loss=0.217500 | grad_norm=0.633539 | learning_rate=0.000009 | epoch=0.029347
2026-02-21 08:58:38.554 | INFO     | __main__:on_log:99 - step=260 | loss=0.189600 | grad_norm=0.685930 | learning_rate=0.000009 | epoch=0.029923
2026-02-21 08:58:51.457 | INFO     | __main__:on_log:99 - step=265 | loss=0.243700 | grad_norm=0.756353 | learning_rate=0.000009 | epoch=0.030498
2026-02-21 08:59:04.373 | INFO     | __main__:on_log:99 - step=270 | loss=0.184400 | grad_norm=0.777935 | learning_rate=0.000009 | epoch=0.031074
2026-02-21 08:59:17.284 | INFO     | __main__:on_log:99 - step=275 | loss=0.149800 | grad_norm=0.698468 | learning_rate=0.000009 | epoch=0.031649
2026-02-21 08:59:30.187 | INFO     | __main__:on_log:99 - step=280 | loss=0.207800 | grad_norm=0.758037 | learning_rate=0.000010 | epoch=0.032225
2026-02-21 08:59:43.092 | INFO     | __main__:on_log:99 - step=285 | loss=0.183300 | grad_norm=1.187606 | learning_rate=0.000010 | epoch=0.032800
2026-02-21 08:59:55.996 | INFO     | __main__:on_log:99 - step=290 | loss=0.132400 | grad_norm=0.694741 | learning_rate=0.000010 | epoch=0.033376
2026-02-21 09:00:08.906 | INFO     | __main__:on_log:99 - step=295 | loss=0.186100 | grad_norm=0.618635 | learning_rate=0.000010 | epoch=0.033951
2026-02-21 09:00:21.817 | INFO     | __main__:on_log:99 - step=300 | loss=0.217400 | grad_norm=0.792680 | learning_rate=0.000010 | epoch=0.034526
2026-02-21 09:00:34.733 | INFO     | __main__:on_log:99 - step=305 | loss=0.178100 | grad_norm=0.639788 | learning_rate=0.000010 | epoch=0.035102
2026-02-21 09:00:47.659 | INFO     | __main__:on_log:99 - step=310 | loss=0.162100 | grad_norm=0.423813 | learning_rate=0.000011 | epoch=0.035677
2026-02-21 09:01:00.572 | INFO     | __main__:on_log:99 - step=315 | loss=0.200000 | grad_norm=0.932282 | learning_rate=0.000011 | epoch=0.036253
2026-02-21 09:01:13.479 | INFO     | __main__:on_log:99 - step=320 | loss=0.149000 | grad_norm=0.641970 | learning_rate=0.000011 | epoch=0.036828
2026-02-21 09:01:26.391 | INFO     | __main__:on_log:99 - step=325 | loss=0.183600 | grad_norm=0.824119 | learning_rate=0.000011 | epoch=0.037404
2026-02-21 09:01:39.304 | INFO     | __main__:on_log:99 - step=330 | loss=0.161800 | grad_norm=1.390665 | learning_rate=0.000011 | epoch=0.037979
2026-02-21 09:01:52.214 | INFO     | __main__:on_log:99 - step=335 | loss=0.206100 | grad_norm=1.016727 | learning_rate=0.000012 | epoch=0.038554
2026-02-21 09:02:05.135 | INFO     | __main__:on_log:99 - step=340 | loss=0.175900 | grad_norm=0.891534 | learning_rate=0.000012 | epoch=0.039130
2026-02-21 09:02:18.050 | INFO     | __main__:on_log:99 - step=345 | loss=0.140900 | grad_norm=0.702733 | learning_rate=0.000012 | epoch=0.039705
2026-02-21 09:02:30.968 | INFO     | __main__:on_log:99 - step=350 | loss=0.143900 | grad_norm=0.922847 | learning_rate=0.000012 | epoch=0.040281
2026-02-21 09:02:43.883 | INFO     | __main__:on_log:99 - step=355 | loss=0.129400 | grad_norm=0.597325 | learning_rate=0.000012 | epoch=0.040856
2026-02-21 09:02:56.802 | INFO     | __main__:on_log:99 - step=360 | loss=0.177300 | grad_norm=0.945071 | learning_rate=0.000012 | epoch=0.041432
2026-02-21 09:03:09.713 | INFO     | __main__:on_log:99 - step=365 | loss=0.144600 | grad_norm=0.979835 | learning_rate=0.000013 | epoch=0.042007
2026-02-21 09:03:22.625 | INFO     | __main__:on_log:99 - step=370 | loss=0.200600 | grad_norm=0.717790 | learning_rate=0.000013 | epoch=0.042583
2026-02-21 09:03:35.537 | INFO     | __main__:on_log:99 - step=375 | loss=0.166200 | grad_norm=0.515193 | learning_rate=0.000013 | epoch=0.043158
2026-02-21 09:03:48.442 | INFO     | __main__:on_log:99 - step=380 | loss=0.144400 | grad_norm=0.482378 | learning_rate=0.000013 | epoch=0.043733
2026-02-21 09:04:01.346 | INFO     | __main__:on_log:99 - step=385 | loss=0.136600 | grad_norm=0.570326 | learning_rate=0.000013 | epoch=0.044309
2026-02-21 09:04:14.268 | INFO     | __main__:on_log:99 - step=390 | loss=0.155800 | grad_norm=0.625618 | learning_rate=0.000013 | epoch=0.044884
2026-02-21 09:04:27.168 | INFO     | __main__:on_log:99 - step=395 | loss=0.167100 | grad_norm=0.737516 | learning_rate=0.000014 | epoch=0.045460
2026-02-21 09:04:40.089 | INFO     | __main__:on_log:99 - step=400 | loss=0.151900 | grad_norm=0.472250 | learning_rate=0.000014 | epoch=0.046035
2026-02-21 09:04:52.988 | INFO     | __main__:on_log:99 - step=405 | loss=0.189400 | grad_norm=1.000225 | learning_rate=0.000014 | epoch=0.046611
2026-02-21 09:05:05.892 | INFO     | __main__:on_log:99 - step=410 | loss=0.143000 | grad_norm=0.966884 | learning_rate=0.000014 | epoch=0.047186
2026-02-21 09:05:18.794 | INFO     | __main__:on_log:99 - step=415 | loss=0.150000 | grad_norm=0.773129 | learning_rate=0.000014 | epoch=0.047762
2026-02-21 09:05:31.698 | INFO     | __main__:on_log:99 - step=420 | loss=0.113400 | grad_norm=0.815114 | learning_rate=0.000014 | epoch=0.048337
2026-02-21 09:05:44.604 | INFO     | __main__:on_log:99 - step=425 | loss=0.122600 | grad_norm=0.709900 | learning_rate=0.000015 | epoch=0.048912
2026-02-21 09:05:57.515 | INFO     | __main__:on_log:99 - step=430 | loss=0.172000 | grad_norm=0.852714 | learning_rate=0.000015 | epoch=0.049488
2026-02-21 09:06:10.425 | INFO     | __main__:on_log:99 - step=435 | loss=0.149700 | grad_norm=0.621353 | learning_rate=0.000015 | epoch=0.050063
2026-02-21 09:06:23.342 | INFO     | __main__:on_log:99 - step=440 | loss=0.121500 | grad_norm=0.741720 | learning_rate=0.000015 | epoch=0.050639
2026-02-21 09:06:36.253 | INFO     | __main__:on_log:99 - step=445 | loss=0.165000 | grad_norm=0.684413 | learning_rate=0.000015 | epoch=0.051214
2026-02-21 09:06:49.172 | INFO     | __main__:on_log:99 - step=450 | loss=0.141900 | grad_norm=0.966707 | learning_rate=0.000016 | epoch=0.051790
2026-02-21 09:07:02.079 | INFO     | __main__:on_log:99 - step=455 | loss=0.131600 | grad_norm=1.043895 | learning_rate=0.000016 | epoch=0.052365
2026-02-21 09:07:14.992 | INFO     | __main__:on_log:99 - step=460 | loss=0.135500 | grad_norm=0.807329 | learning_rate=0.000016 | epoch=0.052940
2026-02-21 09:07:27.892 | INFO     | __main__:on_log:99 - step=465 | loss=0.127400 | grad_norm=0.664490 | learning_rate=0.000016 | epoch=0.053516
2026-02-21 09:07:40.797 | INFO     | __main__:on_log:99 - step=470 | loss=0.142500 | grad_norm=0.743978 | learning_rate=0.000016 | epoch=0.054091
2026-02-21 09:07:53.697 | INFO     | __main__:on_log:99 - step=475 | loss=0.141400 | grad_norm=0.839490 | learning_rate=0.000016 | epoch=0.054667
2026-02-21 09:08:06.607 | INFO     | __main__:on_log:99 - step=480 | loss=0.152000 | grad_norm=0.676220 | learning_rate=0.000017 | epoch=0.055242
2026-02-21 09:08:19.522 | INFO     | __main__:on_log:99 - step=485 | loss=0.122900 | grad_norm=0.703254 | learning_rate=0.000017 | epoch=0.055818
2026-02-21 09:08:32.430 | INFO     | __main__:on_log:99 - step=490 | loss=0.092500 | grad_norm=0.611564 | learning_rate=0.000017 | epoch=0.056393
2026-02-21 09:08:45.326 | INFO     | __main__:on_log:99 - step=495 | loss=0.126200 | grad_norm=1.144141 | learning_rate=0.000017 | epoch=0.056969
2026-02-21 09:08:58.228 | INFO     | __main__:on_log:99 - step=500 | loss=0.135600 | grad_norm=0.745109 | learning_rate=0.000017 | epoch=0.057544
2026-02-21 09:09:11.139 | INFO     | __main__:on_log:99 - step=505 | loss=0.161400 | grad_norm=0.476555 | learning_rate=0.000017 | epoch=0.058119
2026-02-21 09:09:24.041 | INFO     | __main__:on_log:99 - step=510 | loss=0.119800 | grad_norm=0.595154 | learning_rate=0.000018 | epoch=0.058695
2026-02-21 09:09:36.937 | INFO     | __main__:on_log:99 - step=515 | loss=0.188300 | grad_norm=0.641679 | learning_rate=0.000018 | epoch=0.059270
2026-02-21 09:09:49.823 | INFO     | __main__:on_log:99 - step=520 | loss=0.150900 | grad_norm=0.645266 | learning_rate=0.000018 | epoch=0.059846
2026-02-21 09:10:02.721 | INFO     | __main__:on_log:99 - step=525 | loss=0.129500 | grad_norm=0.602883 | learning_rate=0.000018 | epoch=0.060421
2026-02-21 09:10:15.619 | INFO     | __main__:on_log:99 - step=530 | loss=0.150400 | grad_norm=0.738016 | learning_rate=0.000018 | epoch=0.060997
2026-02-21 09:10:28.515 | INFO     | __main__:on_log:99 - step=535 | loss=0.142900 | grad_norm=0.595985 | learning_rate=0.000018 | epoch=0.061572
2026-02-21 09:10:41.416 | INFO     | __main__:on_log:99 - step=540 | loss=0.107400 | grad_norm=0.462653 | learning_rate=0.000019 | epoch=0.062148
2026-02-21 09:10:54.322 | INFO     | __main__:on_log:99 - step=545 | loss=0.142300 | grad_norm=1.031027 | learning_rate=0.000019 | epoch=0.062723
2026-02-21 09:11:07.254 | INFO     | __main__:on_log:99 - step=550 | loss=0.108500 | grad_norm=0.591362 | learning_rate=0.000019 | epoch=0.063298
2026-02-21 09:11:20.161 | INFO     | __main__:on_log:99 - step=555 | loss=0.110300 | grad_norm=0.580239 | learning_rate=0.000019 | epoch=0.063874
2026-02-21 09:11:33.067 | INFO     | __main__:on_log:99 - step=560 | loss=0.152300 | grad_norm=0.841546 | learning_rate=0.000019 | epoch=0.064449
2026-02-21 09:11:45.985 | INFO     | __main__:on_log:99 - step=565 | loss=0.132500 | grad_norm=0.578738 | learning_rate=0.000019 | epoch=0.065025
2026-02-21 09:11:58.900 | INFO     | __main__:on_log:99 - step=570 | loss=0.119700 | grad_norm=1.074786 | learning_rate=0.000020 | epoch=0.065600
2026-02-21 09:12:11.818 | INFO     | __main__:on_log:99 - step=575 | loss=0.165500 | grad_norm=0.849642 | learning_rate=0.000020 | epoch=0.066176
2026-02-21 09:12:24.735 | INFO     | __main__:on_log:99 - step=580 | loss=0.154200 | grad_norm=0.751007 | learning_rate=0.000020 | epoch=0.066751
2026-02-21 09:12:37.667 | INFO     | __main__:on_log:99 - step=585 | loss=0.144200 | grad_norm=0.725604 | learning_rate=0.000020 | epoch=0.067327
2026-02-21 09:12:50.583 | INFO     | __main__:on_log:99 - step=590 | loss=0.125300 | grad_norm=1.141760 | learning_rate=0.000020 | epoch=0.067902
2026-02-21 09:13:03.487 | INFO     | __main__:on_log:99 - step=595 | loss=0.127600 | grad_norm=0.748029 | learning_rate=0.000021 | epoch=0.068477
2026-02-21 09:13:16.394 | INFO     | __main__:on_log:99 - step=600 | loss=0.128800 | grad_norm=1.424689 | learning_rate=0.000021 | epoch=0.069053
2026-02-21 09:13:29.288 | INFO     | __main__:on_log:99 - step=605 | loss=0.122600 | grad_norm=0.505063 | learning_rate=0.000021 | epoch=0.069628
2026-02-21 09:13:42.181 | INFO     | __main__:on_log:99 - step=610 | loss=0.150200 | grad_norm=0.763493 | learning_rate=0.000021 | epoch=0.070204
2026-02-21 09:13:55.075 | INFO     | __main__:on_log:99 - step=615 | loss=0.170900 | grad_norm=0.827135 | learning_rate=0.000021 | epoch=0.070779
2026-02-21 09:14:07.970 | INFO     | __main__:on_log:99 - step=620 | loss=0.147900 | grad_norm=1.015784 | learning_rate=0.000021 | epoch=0.071355
2026-02-21 09:14:20.865 | INFO     | __main__:on_log:99 - step=625 | loss=0.115200 | grad_norm=0.650007 | learning_rate=0.000022 | epoch=0.071930
2026-02-21 09:14:33.752 | INFO     | __main__:on_log:99 - step=630 | loss=0.104100 | grad_norm=0.798743 | learning_rate=0.000022 | epoch=0.072505
2026-02-21 09:14:46.643 | INFO     | __main__:on_log:99 - step=635 | loss=0.129000 | grad_norm=0.753018 | learning_rate=0.000022 | epoch=0.073081
2026-02-21 09:14:59.537 | INFO     | __main__:on_log:99 - step=640 | loss=0.110500 | grad_norm=0.553721 | learning_rate=0.000022 | epoch=0.073656
2026-02-21 09:15:12.438 | INFO     | __main__:on_log:99 - step=645 | loss=0.126900 | grad_norm=0.728549 | learning_rate=0.000022 | epoch=0.074232
2026-02-21 09:15:25.348 | INFO     | __main__:on_log:99 - step=650 | loss=0.148300 | grad_norm=0.900385 | learning_rate=0.000022 | epoch=0.074807
2026-02-21 09:15:38.254 | INFO     | __main__:on_log:99 - step=655 | loss=0.127400 | grad_norm=0.650765 | learning_rate=0.000023 | epoch=0.075383
2026-02-21 09:15:51.162 | INFO     | __main__:on_log:99 - step=660 | loss=0.132800 | grad_norm=0.733172 | learning_rate=0.000023 | epoch=0.075958
2026-02-21 09:16:04.070 | INFO     | __main__:on_log:99 - step=665 | loss=0.134400 | grad_norm=0.973049 | learning_rate=0.000023 | epoch=0.076534
2026-02-21 09:16:16.973 | INFO     | __main__:on_log:99 - step=670 | loss=0.103700 | grad_norm=1.183225 | learning_rate=0.000023 | epoch=0.077109
2026-02-21 09:16:29.871 | INFO     | __main__:on_log:99 - step=675 | loss=0.128300 | grad_norm=0.850140 | learning_rate=0.000023 | epoch=0.077684
2026-02-21 09:16:42.777 | INFO     | __main__:on_log:99 - step=680 | loss=0.127600 | grad_norm=0.617413 | learning_rate=0.000023 | epoch=0.078260
2026-02-21 09:16:55.686 | INFO     | __main__:on_log:99 - step=685 | loss=0.130800 | grad_norm=0.555599 | learning_rate=0.000024 | epoch=0.078835
2026-02-21 09:17:08.593 | INFO     | __main__:on_log:99 - step=690 | loss=0.106900 | grad_norm=0.978815 | learning_rate=0.000024 | epoch=0.079411
2026-02-21 09:17:21.506 | INFO     | __main__:on_log:99 - step=695 | loss=0.099500 | grad_norm=0.445384 | learning_rate=0.000024 | epoch=0.079986
2026-02-21 09:17:34.417 | INFO     | __main__:on_log:99 - step=700 | loss=0.109200 | grad_norm=0.640341 | learning_rate=0.000024 | epoch=0.080562
2026-02-21 09:17:47.330 | INFO     | __main__:on_log:99 - step=705 | loss=0.112300 | grad_norm=0.849995 | learning_rate=0.000024 | epoch=0.081137
2026-02-21 09:18:00.242 | INFO     | __main__:on_log:99 - step=710 | loss=0.105600 | grad_norm=0.815447 | learning_rate=0.000024 | epoch=0.081713
2026-02-21 09:18:13.145 | INFO     | __main__:on_log:99 - step=715 | loss=0.122800 | grad_norm=0.855033 | learning_rate=0.000025 | epoch=0.082288
2026-02-21 09:18:26.054 | INFO     | __main__:on_log:99 - step=720 | loss=0.085600 | grad_norm=0.916969 | learning_rate=0.000025 | epoch=0.082863
2026-02-21 09:18:38.954 | INFO     | __main__:on_log:99 - step=725 | loss=0.157100 | grad_norm=1.318765 | learning_rate=0.000025 | epoch=0.083439
2026-02-21 09:18:51.857 | INFO     | __main__:on_log:99 - step=730 | loss=0.126300 | grad_norm=0.869795 | learning_rate=0.000025 | epoch=0.084014
2026-02-21 09:19:04.762 | INFO     | __main__:on_log:99 - step=735 | loss=0.127600 | grad_norm=0.518354 | learning_rate=0.000025 | epoch=0.084590
2026-02-21 09:19:17.676 | INFO     | __main__:on_log:99 - step=740 | loss=0.100300 | grad_norm=0.736805 | learning_rate=0.000026 | epoch=0.085165
2026-02-21 09:19:30.584 | INFO     | __main__:on_log:99 - step=745 | loss=0.129300 | grad_norm=0.729490 | learning_rate=0.000026 | epoch=0.085741
2026-02-21 09:19:43.490 | INFO     | __main__:on_log:99 - step=750 | loss=0.136300 | grad_norm=1.014352 | learning_rate=0.000026 | epoch=0.086316
2026-02-21 09:19:56.397 | INFO     | __main__:on_log:99 - step=755 | loss=0.111600 | grad_norm=0.470297 | learning_rate=0.000026 | epoch=0.086891
2026-02-21 09:20:09.306 | INFO     | __main__:on_log:99 - step=760 | loss=0.093300 | grad_norm=0.804055 | learning_rate=0.000026 | epoch=0.087467
2026-02-21 09:20:22.214 | INFO     | __main__:on_log:99 - step=765 | loss=0.133900 | grad_norm=0.659955 | learning_rate=0.000026 | epoch=0.088042
2026-02-21 09:20:35.109 | INFO     | __main__:on_log:99 - step=770 | loss=0.131800 | grad_norm=0.599073 | learning_rate=0.000027 | epoch=0.088618
2026-02-21 09:20:48.009 | INFO     | __main__:on_log:99 - step=775 | loss=0.086500 | grad_norm=0.594169 | learning_rate=0.000027 | epoch=0.089193
2026-02-21 09:21:00.920 | INFO     | __main__:on_log:99 - step=780 | loss=0.106500 | grad_norm=0.701278 | learning_rate=0.000027 | epoch=0.089769
2026-02-21 09:21:13.828 | INFO     | __main__:on_log:99 - step=785 | loss=0.148300 | grad_norm=1.004456 | learning_rate=0.000027 | epoch=0.090344
2026-02-21 09:21:26.738 | INFO     | __main__:on_log:99 - step=790 | loss=0.095900 | grad_norm=0.564026 | learning_rate=0.000027 | epoch=0.090920
2026-02-21 09:21:39.643 | INFO     | __main__:on_log:99 - step=795 | loss=0.128300 | grad_norm=0.707414 | learning_rate=0.000027 | epoch=0.091495
2026-02-21 09:21:52.537 | INFO     | __main__:on_log:99 - step=800 | loss=0.133300 | grad_norm=1.046519 | learning_rate=0.000028 | epoch=0.092070
2026-02-21 09:22:05.438 | INFO     | __main__:on_log:99 - step=805 | loss=0.094200 | grad_norm=0.753233 | learning_rate=0.000028 | epoch=0.092646
2026-02-21 09:22:18.355 | INFO     | __main__:on_log:99 - step=810 | loss=0.115600 | grad_norm=0.415968 | learning_rate=0.000028 | epoch=0.093221
2026-02-21 09:22:31.274 | INFO     | __main__:on_log:99 - step=815 | loss=0.077800 | grad_norm=0.469823 | learning_rate=0.000028 | epoch=0.093797
2026-02-21 09:22:44.184 | INFO     | __main__:on_log:99 - step=820 | loss=0.104100 | grad_norm=0.370376 | learning_rate=0.000028 | epoch=0.094372
2026-02-21 09:22:57.089 | INFO     | __main__:on_log:99 - step=825 | loss=0.087800 | grad_norm=0.538531 | learning_rate=0.000028 | epoch=0.094948
2026-02-21 09:23:10.009 | INFO     | __main__:on_log:99 - step=830 | loss=0.128200 | grad_norm=0.761660 | learning_rate=0.000029 | epoch=0.095523
2026-02-21 09:23:22.919 | INFO     | __main__:on_log:99 - step=835 | loss=0.105700 | grad_norm=0.725484 | learning_rate=0.000029 | epoch=0.096099
2026-02-21 09:23:35.836 | INFO     | __main__:on_log:99 - step=840 | loss=0.063000 | grad_norm=0.808983 | learning_rate=0.000029 | epoch=0.096674
2026-02-21 09:23:48.752 | INFO     | __main__:on_log:99 - step=845 | loss=0.146000 | grad_norm=1.367468 | learning_rate=0.000029 | epoch=0.097249
2026-02-21 09:24:01.664 | INFO     | __main__:on_log:99 - step=850 | loss=0.087700 | grad_norm=0.489716 | learning_rate=0.000029 | epoch=0.097825
2026-02-21 09:24:14.569 | INFO     | __main__:on_log:99 - step=855 | loss=0.102700 | grad_norm=0.715898 | learning_rate=0.000029 | epoch=0.098400
2026-02-21 09:24:27.476 | INFO     | __main__:on_log:99 - step=860 | loss=0.108900 | grad_norm=0.730166 | learning_rate=0.000030 | epoch=0.098976
2026-02-21 09:24:40.398 | INFO     | __main__:on_log:99 - step=865 | loss=0.100000 | grad_norm=0.513096 | learning_rate=0.000030 | epoch=0.099551
2026-02-21 09:24:53.297 | INFO     | __main__:on_log:99 - step=870 | loss=0.139600 | grad_norm=1.439220 | learning_rate=0.000030 | epoch=0.100127
2026-02-21 09:25:06.198 | INFO     | __main__:on_log:99 - step=875 | loss=0.097800 | grad_norm=0.553196 | learning_rate=0.000030 | epoch=0.100702
2026-02-21 09:25:19.109 | INFO     | __main__:on_log:99 - step=880 | loss=0.098800 | grad_norm=0.458632 | learning_rate=0.000030 | epoch=0.101277
2026-02-21 09:25:32.014 | INFO     | __main__:on_log:99 - step=885 | loss=0.086100 | grad_norm=1.035079 | learning_rate=0.000030 | epoch=0.101853
2026-02-21 09:25:44.919 | INFO     | __main__:on_log:99 - step=890 | loss=0.094700 | grad_norm=0.528831 | learning_rate=0.000030 | epoch=0.102428
2026-02-21 09:25:57.823 | INFO     | __main__:on_log:99 - step=895 | loss=0.098200 | grad_norm=0.741175 | learning_rate=0.000030 | epoch=0.103004
2026-02-21 09:26:10.742 | INFO     | __main__:on_log:99 - step=900 | loss=0.087300 | grad_norm=0.762485 | learning_rate=0.000030 | epoch=0.103579
2026-02-21 09:26:23.651 | INFO     | __main__:on_log:99 - step=905 | loss=0.067700 | grad_norm=0.487758 | learning_rate=0.000030 | epoch=0.104155
2026-02-21 09:26:36.561 | INFO     | __main__:on_log:99 - step=910 | loss=0.098300 | grad_norm=0.607733 | learning_rate=0.000030 | epoch=0.104730
2026-02-21 09:26:49.468 | INFO     | __main__:on_log:99 - step=915 | loss=0.128800 | grad_norm=0.583647 | learning_rate=0.000030 | epoch=0.105306
2026-02-21 09:27:02.371 | INFO     | __main__:on_log:99 - step=920 | loss=0.088800 | grad_norm=0.639176 | learning_rate=0.000030 | epoch=0.105881
2026-02-21 09:27:15.281 | INFO     | __main__:on_log:99 - step=925 | loss=0.141000 | grad_norm=0.785026 | learning_rate=0.000030 | epoch=0.106456
2026-02-21 09:27:28.170 | INFO     | __main__:on_log:99 - step=930 | loss=0.122400 | grad_norm=0.892413 | learning_rate=0.000030 | epoch=0.107032
2026-02-21 09:27:41.067 | INFO     | __main__:on_log:99 - step=935 | loss=0.100100 | grad_norm=0.760882 | learning_rate=0.000030 | epoch=0.107607
2026-02-21 09:27:53.955 | INFO     | __main__:on_log:99 - step=940 | loss=0.095600 | grad_norm=0.928770 | learning_rate=0.000030 | epoch=0.108183
2026-02-21 09:28:06.842 | INFO     | __main__:on_log:99 - step=945 | loss=0.109500 | grad_norm=1.046854 | learning_rate=0.000030 | epoch=0.108758
2026-02-21 09:28:19.733 | INFO     | __main__:on_log:99 - step=950 | loss=0.112700 | grad_norm=0.848534 | learning_rate=0.000030 | epoch=0.109334
2026-02-21 09:28:32.622 | INFO     | __main__:on_log:99 - step=955 | loss=0.115200 | grad_norm=0.485085 | learning_rate=0.000030 | epoch=0.109909
2026-02-21 09:28:45.511 | INFO     | __main__:on_log:99 - step=960 | loss=0.118500 | grad_norm=0.947360 | learning_rate=0.000030 | epoch=0.110485
2026-02-21 09:28:58.402 | INFO     | __main__:on_log:99 - step=965 | loss=0.124600 | grad_norm=0.781721 | learning_rate=0.000030 | epoch=0.111060
2026-02-21 09:29:11.301 | INFO     | __main__:on_log:99 - step=970 | loss=0.116600 | grad_norm=0.366390 | learning_rate=0.000030 | epoch=0.111635
2026-02-21 09:29:24.186 | INFO     | __main__:on_log:99 - step=975 | loss=0.094600 | grad_norm=0.949673 | learning_rate=0.000030 | epoch=0.112211
2026-02-21 09:29:37.066 | INFO     | __main__:on_log:99 - step=980 | loss=0.101400 | grad_norm=0.892960 | learning_rate=0.000030 | epoch=0.112786
2026-02-21 09:29:49.954 | INFO     | __main__:on_log:99 - step=985 | loss=0.124200 | grad_norm=0.506750 | learning_rate=0.000030 | epoch=0.113362
2026-02-21 09:30:02.862 | INFO     | __main__:on_log:99 - step=990 | loss=0.149700 | grad_norm=0.616385 | learning_rate=0.000030 | epoch=0.113937
2026-02-21 09:30:15.763 | INFO     | __main__:on_log:99 - step=995 | loss=0.114400 | grad_norm=0.570808 | learning_rate=0.000030 | epoch=0.114513
2026-02-21 09:30:28.661 | INFO     | __main__:on_log:99 - step=1000 | loss=0.099900 | grad_norm=0.723945 | learning_rate=0.000030 | epoch=0.115088
2026-02-21 09:30:41.562 | INFO     | __main__:on_log:99 - step=1005 | loss=0.133900 | grad_norm=0.825766 | learning_rate=0.000030 | epoch=0.115663
2026-02-21 09:30:54.466 | INFO     | __main__:on_log:99 - step=1010 | loss=0.127700 | grad_norm=0.678891 | learning_rate=0.000030 | epoch=0.116239
2026-02-21 09:31:07.373 | INFO     | __main__:on_log:99 - step=1015 | loss=0.117100 | grad_norm=0.516537 | learning_rate=0.000030 | epoch=0.116814
2026-02-21 09:31:20.280 | INFO     | __main__:on_log:99 - step=1020 | loss=0.142600 | grad_norm=0.607603 | learning_rate=0.000030 | epoch=0.117390
2026-02-21 09:31:33.182 | INFO     | __main__:on_log:99 - step=1025 | loss=0.108500 | grad_norm=0.857510 | learning_rate=0.000030 | epoch=0.117965
2026-02-21 09:31:46.074 | INFO     | __main__:on_log:99 - step=1030 | loss=0.098000 | grad_norm=0.621908 | learning_rate=0.000030 | epoch=0.118541
2026-02-21 09:31:58.985 | INFO     | __main__:on_log:99 - step=1035 | loss=0.068500 | grad_norm=0.360166 | learning_rate=0.000030 | epoch=0.119116
2026-02-21 09:32:11.889 | INFO     | __main__:on_log:99 - step=1040 | loss=0.085900 | grad_norm=0.971237 | learning_rate=0.000030 | epoch=0.119692
2026-02-21 09:32:24.788 | INFO     | __main__:on_log:99 - step=1045 | loss=0.092300 | grad_norm=0.693362 | learning_rate=0.000030 | epoch=0.120267
2026-02-21 09:32:37.685 | INFO     | __main__:on_log:99 - step=1050 | loss=0.107400 | grad_norm=0.492571 | learning_rate=0.000030 | epoch=0.120842
2026-02-21 09:32:50.581 | INFO     | __main__:on_log:99 - step=1055 | loss=0.120100 | grad_norm=0.765181 | learning_rate=0.000030 | epoch=0.121418
2026-02-21 09:33:03.484 | INFO     | __main__:on_log:99 - step=1060 | loss=0.078000 | grad_norm=0.558051 | learning_rate=0.000030 | epoch=0.121993
2026-02-21 09:33:16.386 | INFO     | __main__:on_log:99 - step=1065 | loss=0.075300 | grad_norm=0.347157 | learning_rate=0.000030 | epoch=0.122569
2026-02-21 09:33:29.283 | INFO     | __main__:on_log:99 - step=1070 | loss=0.116500 | grad_norm=0.828366 | learning_rate=0.000030 | epoch=0.123144
2026-02-21 09:33:42.180 | INFO     | __main__:on_log:99 - step=1075 | loss=0.100200 | grad_norm=0.744708 | learning_rate=0.000030 | epoch=0.123720
2026-02-21 09:33:55.080 | INFO     | __main__:on_log:99 - step=1080 | loss=0.094800 | grad_norm=0.697690 | learning_rate=0.000030 | epoch=0.124295
2026-02-21 09:34:07.982 | INFO     | __main__:on_log:99 - step=1085 | loss=0.097600 | grad_norm=0.542708 | learning_rate=0.000030 | epoch=0.124871
2026-02-21 09:34:20.886 | INFO     | __main__:on_log:99 - step=1090 | loss=0.105300 | grad_norm=1.097557 | learning_rate=0.000030 | epoch=0.125446
2026-02-21 09:34:33.788 | INFO     | __main__:on_log:99 - step=1095 | loss=0.104900 | grad_norm=0.668519 | learning_rate=0.000030 | epoch=0.126021
2026-02-21 09:34:46.688 | INFO     | __main__:on_log:99 - step=1100 | loss=0.090400 | grad_norm=0.460028 | learning_rate=0.000030 | epoch=0.126597
2026-02-21 09:34:59.594 | INFO     | __main__:on_log:99 - step=1105 | loss=0.110000 | grad_norm=0.685772 | learning_rate=0.000030 | epoch=0.127172
2026-02-21 09:35:12.493 | INFO     | __main__:on_log:99 - step=1110 | loss=0.081600 | grad_norm=0.608787 | learning_rate=0.000030 | epoch=0.127748
2026-02-21 09:35:25.396 | INFO     | __main__:on_log:99 - step=1115 | loss=0.106000 | grad_norm=0.783781 | learning_rate=0.000030 | epoch=0.128323
2026-02-21 09:35:38.290 | INFO     | __main__:on_log:99 - step=1120 | loss=0.079200 | grad_norm=0.606872 | learning_rate=0.000030 | epoch=0.128899
2026-02-21 09:35:51.191 | INFO     | __main__:on_log:99 - step=1125 | loss=0.086000 | grad_norm=0.590202 | learning_rate=0.000030 | epoch=0.129474
2026-02-21 09:36:04.097 | INFO     | __main__:on_log:99 - step=1130 | loss=0.088800 | grad_norm=0.831535 | learning_rate=0.000030 | epoch=0.130049
2026-02-21 09:36:17.002 | INFO     | __main__:on_log:99 - step=1135 | loss=0.077300 | grad_norm=0.662541 | learning_rate=0.000030 | epoch=0.130625
2026-02-21 09:36:29.906 | INFO     | __main__:on_log:99 - step=1140 | loss=0.143200 | grad_norm=0.853076 | learning_rate=0.000030 | epoch=0.131200
2026-02-21 09:36:42.813 | INFO     | __main__:on_log:99 - step=1145 | loss=0.092800 | grad_norm=0.480619 | learning_rate=0.000030 | epoch=0.131776
2026-02-21 09:36:55.715 | INFO     | __main__:on_log:99 - step=1150 | loss=0.068400 | grad_norm=0.587689 | learning_rate=0.000029 | epoch=0.132351
2026-02-21 09:37:08.622 | INFO     | __main__:on_log:99 - step=1155 | loss=0.102100 | grad_norm=0.593447 | learning_rate=0.000029 | epoch=0.132927
2026-02-21 09:37:21.530 | INFO     | __main__:on_log:99 - step=1160 | loss=0.081300 | grad_norm=0.559671 | learning_rate=0.000029 | epoch=0.133502
2026-02-21 09:37:34.440 | INFO     | __main__:on_log:99 - step=1165 | loss=0.138400 | grad_norm=0.586634 | learning_rate=0.000029 | epoch=0.134078
2026-02-21 09:37:47.339 | INFO     | __main__:on_log:99 - step=1170 | loss=0.151900 | grad_norm=0.627524 | learning_rate=0.000029 | epoch=0.134653
2026-02-21 09:38:00.246 | INFO     | __main__:on_log:99 - step=1175 | loss=0.077100 | grad_norm=0.685759 | learning_rate=0.000029 | epoch=0.135228
2026-02-21 09:38:13.146 | INFO     | __main__:on_log:99 - step=1180 | loss=0.113700 | grad_norm=0.644409 | learning_rate=0.000029 | epoch=0.135804
2026-02-21 09:38:26.049 | INFO     | __main__:on_log:99 - step=1185 | loss=0.097500 | grad_norm=0.490995 | learning_rate=0.000029 | epoch=0.136379
2026-02-21 09:38:38.954 | INFO     | __main__:on_log:99 - step=1190 | loss=0.082000 | grad_norm=0.429386 | learning_rate=0.000029 | epoch=0.136955
2026-02-21 09:38:51.858 | INFO     | __main__:on_log:99 - step=1195 | loss=0.123600 | grad_norm=0.753030 | learning_rate=0.000029 | epoch=0.137530
2026-02-21 09:39:04.768 | INFO     | __main__:on_log:99 - step=1200 | loss=0.115600 | grad_norm=0.511934 | learning_rate=0.000029 | epoch=0.138106
2026-02-21 09:39:17.682 | INFO     | __main__:on_log:99 - step=1205 | loss=0.072600 | grad_norm=0.851777 | learning_rate=0.000029 | epoch=0.138681
2026-02-21 09:39:30.589 | INFO     | __main__:on_log:99 - step=1210 | loss=0.088100 | grad_norm=0.582699 | learning_rate=0.000029 | epoch=0.139257
2026-02-21 09:39:43.486 | INFO     | __main__:on_log:99 - step=1215 | loss=0.104800 | grad_norm=0.731268 | learning_rate=0.000029 | epoch=0.139832
2026-02-21 09:39:56.405 | INFO     | __main__:on_log:99 - step=1220 | loss=0.110400 | grad_norm=0.572649 | learning_rate=0.000029 | epoch=0.140407
2026-02-21 09:40:09.315 | INFO     | __main__:on_log:99 - step=1225 | loss=0.097400 | grad_norm=0.585034 | learning_rate=0.000029 | epoch=0.140983
2026-02-21 09:40:22.207 | INFO     | __main__:on_log:99 - step=1230 | loss=0.156000 | grad_norm=0.831881 | learning_rate=0.000029 | epoch=0.141558
2026-02-21 09:40:35.112 | INFO     | __main__:on_log:99 - step=1235 | loss=0.107400 | grad_norm=0.533891 | learning_rate=0.000029 | epoch=0.142134
2026-02-21 09:40:48.022 | INFO     | __main__:on_log:99 - step=1240 | loss=0.069500 | grad_norm=0.490488 | learning_rate=0.000029 | epoch=0.142709
2026-02-21 09:41:00.919 | INFO     | __main__:on_log:99 - step=1245 | loss=0.084500 | grad_norm=0.620752 | learning_rate=0.000029 | epoch=0.143285
2026-02-21 09:41:13.816 | INFO     | __main__:on_log:99 - step=1250 | loss=0.094000 | grad_norm=0.792010 | learning_rate=0.000029 | epoch=0.143860
2026-02-21 09:41:26.718 | INFO     | __main__:on_log:99 - step=1255 | loss=0.132100 | grad_norm=0.762990 | learning_rate=0.000029 | epoch=0.144435
2026-02-21 09:41:39.617 | INFO     | __main__:on_log:99 - step=1260 | loss=0.084900 | grad_norm=0.480647 | learning_rate=0.000029 | epoch=0.145011
2026-02-21 09:41:52.514 | INFO     | __main__:on_log:99 - step=1265 | loss=0.106500 | grad_norm=0.788795 | learning_rate=0.000029 | epoch=0.145586
2026-02-21 09:42:05.413 | INFO     | __main__:on_log:99 - step=1270 | loss=0.097800 | grad_norm=0.434768 | learning_rate=0.000029 | epoch=0.146162
2026-02-21 09:42:18.321 | INFO     | __main__:on_log:99 - step=1275 | loss=0.135800 | grad_norm=0.486312 | learning_rate=0.000029 | epoch=0.146737
2026-02-21 09:42:31.219 | INFO     | __main__:on_log:99 - step=1280 | loss=0.141000 | grad_norm=1.009763 | learning_rate=0.000029 | epoch=0.147313
2026-02-21 09:42:44.113 | INFO     | __main__:on_log:99 - step=1285 | loss=0.086500 | grad_norm=0.621055 | learning_rate=0.000029 | epoch=0.147888
2026-02-21 09:42:57.007 | INFO     | __main__:on_log:99 - step=1290 | loss=0.103400 | grad_norm=0.612598 | learning_rate=0.000029 | epoch=0.148464
2026-02-21 09:43:09.902 | INFO     | __main__:on_log:99 - step=1295 | loss=0.110500 | grad_norm=0.739614 | learning_rate=0.000029 | epoch=0.149039
2026-02-21 09:43:22.792 | INFO     | __main__:on_log:99 - step=1300 | loss=0.103600 | grad_norm=0.799011 | learning_rate=0.000029 | epoch=0.149614
2026-02-21 09:43:35.681 | INFO     | __main__:on_log:99 - step=1305 | loss=0.106700 | grad_norm=0.879691 | learning_rate=0.000029 | epoch=0.150190
2026-02-21 09:43:48.576 | INFO     | __main__:on_log:99 - step=1310 | loss=0.075200 | grad_norm=0.454399 | learning_rate=0.000029 | epoch=0.150765
2026-02-21 09:44:01.465 | INFO     | __main__:on_log:99 - step=1315 | loss=0.080800 | grad_norm=0.472302 | learning_rate=0.000029 | epoch=0.151341
2026-02-21 09:44:14.356 | INFO     | __main__:on_log:99 - step=1320 | loss=0.099700 | grad_norm=0.773486 | learning_rate=0.000029 | epoch=0.151916
2026-02-21 09:44:27.242 | INFO     | __main__:on_log:99 - step=1325 | loss=0.096500 | grad_norm=0.646202 | learning_rate=0.000029 | epoch=0.152492
2026-02-21 09:44:40.133 | INFO     | __main__:on_log:99 - step=1330 | loss=0.091800 | grad_norm=0.681711 | learning_rate=0.000029 | epoch=0.153067
2026-02-21 09:44:53.019 | INFO     | __main__:on_log:99 - step=1335 | loss=0.132100 | grad_norm=0.584770 | learning_rate=0.000029 | epoch=0.153643
2026-02-21 09:45:05.904 | INFO     | __main__:on_log:99 - step=1340 | loss=0.111200 | grad_norm=0.337025 | learning_rate=0.000029 | epoch=0.154218
2026-02-21 09:45:18.798 | INFO     | __main__:on_log:99 - step=1345 | loss=0.109200 | grad_norm=0.608444 | learning_rate=0.000029 | epoch=0.154793
2026-02-21 09:45:31.704 | INFO     | __main__:on_log:99 - step=1350 | loss=0.091400 | grad_norm=0.638627 | learning_rate=0.000029 | epoch=0.155369
2026-02-21 09:45:44.597 | INFO     | __main__:on_log:99 - step=1355 | loss=0.113700 | grad_norm=0.793725 | learning_rate=0.000029 | epoch=0.155944
2026-02-21 09:45:57.487 | INFO     | __main__:on_log:99 - step=1360 | loss=0.107800 | grad_norm=0.704288 | learning_rate=0.000029 | epoch=0.156520
2026-02-21 09:46:10.374 | INFO     | __main__:on_log:99 - step=1365 | loss=0.079200 | grad_norm=0.771662 | learning_rate=0.000029 | epoch=0.157095
2026-02-21 09:46:23.281 | INFO     | __main__:on_log:99 - step=1370 | loss=0.121900 | grad_norm=0.611768 | learning_rate=0.000029 | epoch=0.157671
2026-02-21 09:46:36.181 | INFO     | __main__:on_log:99 - step=1375 | loss=0.106800 | grad_norm=0.765878 | learning_rate=0.000029 | epoch=0.158246
2026-02-21 09:46:49.069 | INFO     | __main__:on_log:99 - step=1380 | loss=0.115600 | grad_norm=0.728106 | learning_rate=0.000029 | epoch=0.158821
2026-02-21 09:47:01.966 | INFO     | __main__:on_log:99 - step=1385 | loss=0.119300 | grad_norm=1.005785 | learning_rate=0.000029 | epoch=0.159397
2026-02-21 09:47:14.855 | INFO     | __main__:on_log:99 - step=1390 | loss=0.094100 | grad_norm=0.639451 | learning_rate=0.000029 | epoch=0.159972
2026-02-21 09:47:27.758 | INFO     | __main__:on_log:99 - step=1395 | loss=0.068600 | grad_norm=0.551536 | learning_rate=0.000029 | epoch=0.160548
2026-02-21 09:47:40.648 | INFO     | __main__:on_log:99 - step=1400 | loss=0.071600 | grad_norm=0.548733 | learning_rate=0.000029 | epoch=0.161123
2026-02-21 09:47:53.543 | INFO     | __main__:on_log:99 - step=1405 | loss=0.107800 | grad_norm=0.498548 | learning_rate=0.000029 | epoch=0.161699
2026-02-21 09:48:06.435 | INFO     | __main__:on_log:99 - step=1410 | loss=0.094500 | grad_norm=0.825581 | learning_rate=0.000029 | epoch=0.162274
2026-02-21 09:48:19.323 | INFO     | __main__:on_log:99 - step=1415 | loss=0.089200 | grad_norm=0.326910 | learning_rate=0.000029 | epoch=0.162850
2026-02-21 09:48:32.227 | INFO     | __main__:on_log:99 - step=1420 | loss=0.090200 | grad_norm=0.425900 | learning_rate=0.000029 | epoch=0.163425
2026-02-21 09:48:45.123 | INFO     | __main__:on_log:99 - step=1425 | loss=0.106900 | grad_norm=0.524174 | learning_rate=0.000029 | epoch=0.164000
2026-02-21 09:48:58.028 | INFO     | __main__:on_log:99 - step=1430 | loss=0.111700 | grad_norm=0.541820 | learning_rate=0.000029 | epoch=0.164576
2026-02-21 09:49:10.926 | INFO     | __main__:on_log:99 - step=1435 | loss=0.098500 | grad_norm=0.622328 | learning_rate=0.000029 | epoch=0.165151
2026-02-21 09:49:23.820 | INFO     | __main__:on_log:99 - step=1440 | loss=0.111800 | grad_norm=0.543921 | learning_rate=0.000029 | epoch=0.165727
2026-02-21 09:49:36.709 | INFO     | __main__:on_log:99 - step=1445 | loss=0.077700 | grad_norm=0.456813 | learning_rate=0.000029 | epoch=0.166302
2026-02-21 09:49:49.613 | INFO     | __main__:on_log:99 - step=1450 | loss=0.110700 | grad_norm=0.796859 | learning_rate=0.000029 | epoch=0.166878
2026-02-21 09:50:02.532 | INFO     | __main__:on_log:99 - step=1455 | loss=0.078000 | grad_norm=0.747211 | learning_rate=0.000029 | epoch=0.167453
2026-02-21 09:50:15.451 | INFO     | __main__:on_log:99 - step=1460 | loss=0.078900 | grad_norm=0.573554 | learning_rate=0.000029 | epoch=0.168029
2026-02-21 09:50:28.375 | INFO     | __main__:on_log:99 - step=1465 | loss=0.083200 | grad_norm=0.551131 | learning_rate=0.000029 | epoch=0.168604
2026-02-21 09:50:41.274 | INFO     | __main__:on_log:99 - step=1470 | loss=0.099400 | grad_norm=0.489603 | learning_rate=0.000029 | epoch=0.169179
2026-02-21 09:50:54.187 | INFO     | __main__:on_log:99 - step=1475 | loss=0.085200 | grad_norm=0.659951 | learning_rate=0.000029 | epoch=0.169755
2026-02-21 09:51:07.087 | INFO     | __main__:on_log:99 - step=1480 | loss=0.113400 | grad_norm=0.790232 | learning_rate=0.000029 | epoch=0.170330
2026-02-21 09:51:19.994 | INFO     | __main__:on_log:99 - step=1485 | loss=0.076000 | grad_norm=0.585540 | learning_rate=0.000029 | epoch=0.170906
2026-02-21 09:51:32.891 | INFO     | __main__:on_log:99 - step=1490 | loss=0.103700 | grad_norm=0.734052 | learning_rate=0.000029 | epoch=0.171481
2026-02-21 09:51:45.791 | INFO     | __main__:on_log:99 - step=1495 | loss=0.085000 | grad_norm=0.412335 | learning_rate=0.000029 | epoch=0.172057
2026-02-21 09:51:58.698 | INFO     | __main__:on_log:99 - step=1500 | loss=0.111200 | grad_norm=0.760804 | learning_rate=0.000029 | epoch=0.172632
2026-02-21 09:52:11.603 | INFO     | __main__:on_log:99 - step=1505 | loss=0.089000 | grad_norm=0.520179 | learning_rate=0.000029 | epoch=0.173208
2026-02-21 09:52:24.503 | INFO     | __main__:on_log:99 - step=1510 | loss=0.105800 | grad_norm=0.749872 | learning_rate=0.000029 | epoch=0.173783
2026-02-21 09:52:37.402 | INFO     | __main__:on_log:99 - step=1515 | loss=0.105800 | grad_norm=0.647523 | learning_rate=0.000029 | epoch=0.174358
2026-02-21 09:52:50.300 | INFO     | __main__:on_log:99 - step=1520 | loss=0.088200 | grad_norm=0.910320 | learning_rate=0.000029 | epoch=0.174934
2026-02-21 09:53:03.203 | INFO     | __main__:on_log:99 - step=1525 | loss=0.082600 | grad_norm=0.593974 | learning_rate=0.000029 | epoch=0.175509
2026-02-21 09:53:16.110 | INFO     | __main__:on_log:99 - step=1530 | loss=0.070400 | grad_norm=0.442161 | learning_rate=0.000029 | epoch=0.176085
2026-02-21 09:53:29.022 | INFO     | __main__:on_log:99 - step=1535 | loss=0.092200 | grad_norm=0.491894 | learning_rate=0.000029 | epoch=0.176660
2026-02-21 09:53:41.925 | INFO     | __main__:on_log:99 - step=1540 | loss=0.078900 | grad_norm=0.482927 | learning_rate=0.000029 | epoch=0.177236
2026-02-21 09:53:54.817 | INFO     | __main__:on_log:99 - step=1545 | loss=0.095700 | grad_norm=0.706362 | learning_rate=0.000029 | epoch=0.177811
2026-02-21 09:54:07.717 | INFO     | __main__:on_log:99 - step=1550 | loss=0.103400 | grad_norm=0.645551 | learning_rate=0.000029 | epoch=0.178386
2026-02-21 09:54:20.610 | INFO     | __main__:on_log:99 - step=1555 | loss=0.075800 | grad_norm=0.482150 | learning_rate=0.000029 | epoch=0.178962
2026-02-21 09:54:33.506 | INFO     | __main__:on_log:99 - step=1560 | loss=0.075400 | grad_norm=0.452338 | learning_rate=0.000029 | epoch=0.179537
2026-02-21 09:54:46.411 | INFO     | __main__:on_log:99 - step=1565 | loss=0.097700 | grad_norm=0.618767 | learning_rate=0.000029 | epoch=0.180113
2026-02-21 09:54:59.311 | INFO     | __main__:on_log:99 - step=1570 | loss=0.084200 | grad_norm=0.690693 | learning_rate=0.000029 | epoch=0.180688
2026-02-21 09:55:12.208 | INFO     | __main__:on_log:99 - step=1575 | loss=0.090700 | grad_norm=0.533518 | learning_rate=0.000029 | epoch=0.181264
2026-02-21 09:55:25.108 | INFO     | __main__:on_log:99 - step=1580 | loss=0.098400 | grad_norm=0.507550 | learning_rate=0.000029 | epoch=0.181839
2026-02-21 09:55:38.004 | INFO     | __main__:on_log:99 - step=1585 | loss=0.102700 | grad_norm=0.789974 | learning_rate=0.000029 | epoch=0.182415
2026-02-21 09:55:50.904 | INFO     | __main__:on_log:99 - step=1590 | loss=0.083400 | grad_norm=0.468991 | learning_rate=0.000029 | epoch=0.182990
2026-02-21 09:56:03.806 | INFO     | __main__:on_log:99 - step=1595 | loss=0.097900 | grad_norm=0.739671 | learning_rate=0.000029 | epoch=0.183565
2026-02-21 09:56:16.701 | INFO     | __main__:on_log:99 - step=1600 | loss=0.102900 | grad_norm=0.582129 | learning_rate=0.000029 | epoch=0.184141
2026-02-21 09:56:29.608 | INFO     | __main__:on_log:99 - step=1605 | loss=0.090400 | grad_norm=0.541398 | learning_rate=0.000029 | epoch=0.184716
2026-02-21 09:56:42.502 | INFO     | __main__:on_log:99 - step=1610 | loss=0.060000 | grad_norm=0.528223 | learning_rate=0.000029 | epoch=0.185292
2026-02-21 09:56:55.405 | INFO     | __main__:on_log:99 - step=1615 | loss=0.099500 | grad_norm=0.684205 | learning_rate=0.000029 | epoch=0.185867
2026-02-21 09:57:08.310 | INFO     | __main__:on_log:99 - step=1620 | loss=0.096900 | grad_norm=0.699367 | learning_rate=0.000029 | epoch=0.186443
2026-02-21 09:57:21.211 | INFO     | __main__:on_log:99 - step=1625 | loss=0.070200 | grad_norm=0.701181 | learning_rate=0.000029 | epoch=0.187018
2026-02-21 09:57:34.103 | INFO     | __main__:on_log:99 - step=1630 | loss=0.096500 | grad_norm=0.594743 | learning_rate=0.000029 | epoch=0.187594
2026-02-21 09:57:46.998 | INFO     | __main__:on_log:99 - step=1635 | loss=0.102200 | grad_norm=0.529400 | learning_rate=0.000029 | epoch=0.188169
2026-02-21 09:57:59.895 | INFO     | __main__:on_log:99 - step=1640 | loss=0.063500 | grad_norm=0.533698 | learning_rate=0.000029 | epoch=0.188744
2026-02-21 09:58:12.790 | INFO     | __main__:on_log:99 - step=1645 | loss=0.072200 | grad_norm=0.542633 | learning_rate=0.000029 | epoch=0.189320
2026-02-21 09:58:25.683 | INFO     | __main__:on_log:99 - step=1650 | loss=0.074500 | grad_norm=0.693902 | learning_rate=0.000029 | epoch=0.189895
2026-02-21 09:58:38.575 | INFO     | __main__:on_log:99 - step=1655 | loss=0.090200 | grad_norm=0.659515 | learning_rate=0.000029 | epoch=0.190471
2026-02-21 09:58:51.469 | INFO     | __main__:on_log:99 - step=1660 | loss=0.081500 | grad_norm=0.562273 | learning_rate=0.000029 | epoch=0.191046
2026-02-21 09:59:04.369 | INFO     | __main__:on_log:99 - step=1665 | loss=0.056700 | grad_norm=0.416604 | learning_rate=0.000029 | epoch=0.191622
2026-02-21 09:59:17.269 | INFO     | __main__:on_log:99 - step=1670 | loss=0.069700 | grad_norm=0.793199 | learning_rate=0.000029 | epoch=0.192197
2026-02-21 09:59:30.164 | INFO     | __main__:on_log:99 - step=1675 | loss=0.099200 | grad_norm=0.489209 | learning_rate=0.000029 | epoch=0.192772
2026-02-21 09:59:43.058 | INFO     | __main__:on_log:99 - step=1680 | loss=0.104300 | grad_norm=0.608522 | learning_rate=0.000029 | epoch=0.193348
2026-02-21 09:59:55.957 | INFO     | __main__:on_log:99 - step=1685 | loss=0.088200 | grad_norm=0.778538 | learning_rate=0.000029 | epoch=0.193923
2026-02-21 10:00:08.852 | INFO     | __main__:on_log:99 - step=1690 | loss=0.104200 | grad_norm=0.626911 | learning_rate=0.000029 | epoch=0.194499
2026-02-21 10:00:21.748 | INFO     | __main__:on_log:99 - step=1695 | loss=0.075200 | grad_norm=0.589931 | learning_rate=0.000029 | epoch=0.195074
2026-02-21 10:00:34.638 | INFO     | __main__:on_log:99 - step=1700 | loss=0.110700 | grad_norm=0.759919 | learning_rate=0.000028 | epoch=0.195650
2026-02-21 10:00:47.533 | INFO     | __main__:on_log:99 - step=1705 | loss=0.096700 | grad_norm=0.478320 | learning_rate=0.000028 | epoch=0.196225
2026-02-21 10:01:00.429 | INFO     | __main__:on_log:99 - step=1710 | loss=0.118000 | grad_norm=0.752026 | learning_rate=0.000028 | epoch=0.196801
2026-02-21 10:01:13.329 | INFO     | __main__:on_log:99 - step=1715 | loss=0.086000 | grad_norm=0.773438 | learning_rate=0.000028 | epoch=0.197376
2026-02-21 10:01:26.224 | INFO     | __main__:on_log:99 - step=1720 | loss=0.114200 | grad_norm=0.701736 | learning_rate=0.000028 | epoch=0.197951
2026-02-21 10:01:39.128 | INFO     | __main__:on_log:99 - step=1725 | loss=0.105200 | grad_norm=0.835207 | learning_rate=0.000028 | epoch=0.198527
2026-02-21 10:01:52.022 | INFO     | __main__:on_log:99 - step=1730 | loss=0.089000 | grad_norm=0.505500 | learning_rate=0.000028 | epoch=0.199102
2026-02-21 10:02:04.918 | INFO     | __main__:on_log:99 - step=1735 | loss=0.113200 | grad_norm=1.081136 | learning_rate=0.000028 | epoch=0.199678
2026-02-21 10:02:17.816 | INFO     | __main__:on_log:99 - step=1740 | loss=0.100400 | grad_norm=0.705428 | learning_rate=0.000028 | epoch=0.200253
2026-02-21 10:02:30.712 | INFO     | __main__:on_log:99 - step=1745 | loss=0.112300 | grad_norm=0.596802 | learning_rate=0.000028 | epoch=0.200829
2026-02-21 10:02:43.604 | INFO     | __main__:on_log:99 - step=1750 | loss=0.093000 | grad_norm=0.385406 | learning_rate=0.000028 | epoch=0.201404
2026-02-21 10:02:56.497 | INFO     | __main__:on_log:99 - step=1755 | loss=0.095000 | grad_norm=0.489577 | learning_rate=0.000028 | epoch=0.201980
2026-02-21 10:03:09.393 | INFO     | __main__:on_log:99 - step=1760 | loss=0.114500 | grad_norm=0.533574 | learning_rate=0.000028 | epoch=0.202555
2026-02-21 10:03:22.292 | INFO     | __main__:on_log:99 - step=1765 | loss=0.113700 | grad_norm=0.816338 | learning_rate=0.000028 | epoch=0.203130
2026-02-21 10:03:35.192 | INFO     | __main__:on_log:99 - step=1770 | loss=0.111700 | grad_norm=0.568623 | learning_rate=0.000028 | epoch=0.203706
2026-02-21 10:03:48.093 | INFO     | __main__:on_log:99 - step=1775 | loss=0.093300 | grad_norm=0.641533 | learning_rate=0.000028 | epoch=0.204281
2026-02-21 10:04:00.992 | INFO     | __main__:on_log:99 - step=1780 | loss=0.093200 | grad_norm=0.626161 | learning_rate=0.000028 | epoch=0.204857
2026-02-21 10:04:13.888 | INFO     | __main__:on_log:99 - step=1785 | loss=0.070900 | grad_norm=0.646082 | learning_rate=0.000028 | epoch=0.205432
2026-02-21 10:04:26.786 | INFO     | __main__:on_log:99 - step=1790 | loss=0.098800 | grad_norm=0.586969 | learning_rate=0.000028 | epoch=0.206008
2026-02-21 10:04:39.682 | INFO     | __main__:on_log:99 - step=1795 | loss=0.107400 | grad_norm=0.757023 | learning_rate=0.000028 | epoch=0.206583
2026-02-21 10:04:52.573 | INFO     | __main__:on_log:99 - step=1800 | loss=0.099300 | grad_norm=0.701355 | learning_rate=0.000028 | epoch=0.207158
2026-02-21 10:05:05.468 | INFO     | __main__:on_log:99 - step=1805 | loss=0.100000 | grad_norm=0.749437 | learning_rate=0.000028 | epoch=0.207734
2026-02-21 10:05:18.365 | INFO     | __main__:on_log:99 - step=1810 | loss=0.088800 | grad_norm=0.581706 | learning_rate=0.000028 | epoch=0.208309
2026-02-21 10:05:31.262 | INFO     | __main__:on_log:99 - step=1815 | loss=0.072100 | grad_norm=0.466035 | learning_rate=0.000028 | epoch=0.208885
2026-02-21 10:05:44.161 | INFO     | __main__:on_log:99 - step=1820 | loss=0.125600 | grad_norm=0.532224 | learning_rate=0.000028 | epoch=0.209460
2026-02-21 10:05:57.050 | INFO     | __main__:on_log:99 - step=1825 | loss=0.117000 | grad_norm=0.905827 | learning_rate=0.000028 | epoch=0.210036
2026-02-21 10:06:09.938 | INFO     | __main__:on_log:99 - step=1830 | loss=0.083400 | grad_norm=0.652075 | learning_rate=0.000028 | epoch=0.210611
2026-02-21 10:06:22.840 | INFO     | __main__:on_log:99 - step=1835 | loss=0.110300 | grad_norm=0.534009 | learning_rate=0.000028 | epoch=0.211187
2026-02-21 10:06:35.741 | INFO     | __main__:on_log:99 - step=1840 | loss=0.097200 | grad_norm=0.537300 | learning_rate=0.000028 | epoch=0.211762
2026-02-21 10:06:48.642 | INFO     | __main__:on_log:99 - step=1845 | loss=0.118100 | grad_norm=0.943050 | learning_rate=0.000028 | epoch=0.212337
2026-02-21 10:07:01.548 | INFO     | __main__:on_log:99 - step=1850 | loss=0.077800 | grad_norm=0.713970 | learning_rate=0.000028 | epoch=0.212913
2026-02-21 10:07:14.451 | INFO     | __main__:on_log:99 - step=1855 | loss=0.093500 | grad_norm=0.819840 | learning_rate=0.000028 | epoch=0.213488
2026-02-21 10:07:27.346 | INFO     | __main__:on_log:99 - step=1860 | loss=0.096000 | grad_norm=0.687979 | learning_rate=0.000028 | epoch=0.214064
2026-02-21 10:07:40.249 | INFO     | __main__:on_log:99 - step=1865 | loss=0.105800 | grad_norm=0.717279 | learning_rate=0.000028 | epoch=0.214639
2026-02-21 10:07:53.150 | INFO     | __main__:on_log:99 - step=1870 | loss=0.120500 | grad_norm=0.583884 | learning_rate=0.000028 | epoch=0.215215
2026-02-21 10:08:06.047 | INFO     | __main__:on_log:99 - step=1875 | loss=0.134800 | grad_norm=0.941989 | learning_rate=0.000028 | epoch=0.215790
2026-02-21 10:08:18.933 | INFO     | __main__:on_log:99 - step=1880 | loss=0.095000 | grad_norm=0.836506 | learning_rate=0.000028 | epoch=0.216366
2026-02-21 10:08:31.822 | INFO     | __main__:on_log:99 - step=1885 | loss=0.082800 | grad_norm=0.719820 | learning_rate=0.000028 | epoch=0.216941
2026-02-21 10:08:44.709 | INFO     | __main__:on_log:99 - step=1890 | loss=0.080800 | grad_norm=0.595270 | learning_rate=0.000028 | epoch=0.217516
2026-02-21 10:08:57.591 | INFO     | __main__:on_log:99 - step=1895 | loss=0.130000 | grad_norm=0.785201 | learning_rate=0.000028 | epoch=0.218092
2026-02-21 10:09:10.473 | INFO     | __main__:on_log:99 - step=1900 | loss=0.097100 | grad_norm=0.644114 | learning_rate=0.000028 | epoch=0.218667
2026-02-21 10:09:23.368 | INFO     | __main__:on_log:99 - step=1905 | loss=0.118300 | grad_norm=0.641934 | learning_rate=0.000028 | epoch=0.219243
2026-02-21 10:09:36.263 | INFO     | __main__:on_log:99 - step=1910 | loss=0.100700 | grad_norm=0.612867 | learning_rate=0.000028 | epoch=0.219818
2026-02-21 10:09:49.157 | INFO     | __main__:on_log:99 - step=1915 | loss=0.087600 | grad_norm=0.746159 | learning_rate=0.000028 | epoch=0.220394
2026-02-21 10:10:02.053 | INFO     | __main__:on_log:99 - step=1920 | loss=0.105900 | grad_norm=0.866509 | learning_rate=0.000028 | epoch=0.220969
2026-02-21 10:10:14.957 | INFO     | __main__:on_log:99 - step=1925 | loss=0.094700 | grad_norm=0.660385 | learning_rate=0.000028 | epoch=0.221544
2026-02-21 10:10:27.853 | INFO     | __main__:on_log:99 - step=1930 | loss=0.093000 | grad_norm=0.676119 | learning_rate=0.000028 | epoch=0.222120
2026-02-21 10:10:40.752 | INFO     | __main__:on_log:99 - step=1935 | loss=0.084700 | grad_norm=0.506117 | learning_rate=0.000028 | epoch=0.222695
2026-02-21 10:10:53.653 | INFO     | __main__:on_log:99 - step=1940 | loss=0.092900 | grad_norm=0.549706 | learning_rate=0.000028 | epoch=0.223271
2026-02-21 10:11:06.554 | INFO     | __main__:on_log:99 - step=1945 | loss=0.097600 | grad_norm=0.817200 | learning_rate=0.000028 | epoch=0.223846
2026-02-21 10:11:19.462 | INFO     | __main__:on_log:99 - step=1950 | loss=0.072300 | grad_norm=0.503396 | learning_rate=0.000028 | epoch=0.224422
2026-02-21 10:11:32.356 | INFO     | __main__:on_log:99 - step=1955 | loss=0.134300 | grad_norm=0.510950 | learning_rate=0.000028 | epoch=0.224997
2026-02-21 10:11:45.253 | INFO     | __main__:on_log:99 - step=1960 | loss=0.056200 | grad_norm=0.526159 | learning_rate=0.000028 | epoch=0.225573
2026-02-21 10:11:58.149 | INFO     | __main__:on_log:99 - step=1965 | loss=0.073500 | grad_norm=0.598965 | learning_rate=0.000028 | epoch=0.226148
2026-02-21 10:12:11.051 | INFO     | __main__:on_log:99 - step=1970 | loss=0.072000 | grad_norm=0.667748 | learning_rate=0.000028 | epoch=0.226723
2026-02-21 10:12:23.947 | INFO     | __main__:on_log:99 - step=1975 | loss=0.100400 | grad_norm=0.743596 | learning_rate=0.000028 | epoch=0.227299
2026-02-21 10:12:36.846 | INFO     | __main__:on_log:99 - step=1980 | loss=0.100600 | grad_norm=0.427653 | learning_rate=0.000028 | epoch=0.227874
2026-02-21 10:12:49.739 | INFO     | __main__:on_log:99 - step=1985 | loss=0.099600 | grad_norm=0.934135 | learning_rate=0.000028 | epoch=0.228450
2026-02-21 10:13:02.636 | INFO     | __main__:on_log:99 - step=1990 | loss=0.071700 | grad_norm=0.776887 | learning_rate=0.000028 | epoch=0.229025
2026-02-21 10:13:15.540 | INFO     | __main__:on_log:99 - step=1995 | loss=0.108100 | grad_norm=0.607621 | learning_rate=0.000028 | epoch=0.229601
2026-02-21 10:13:28.439 | INFO     | __main__:on_log:99 - step=2000 | loss=0.079000 | grad_norm=0.626872 | learning_rate=0.000028 | epoch=0.230176
2026-02-21 10:13:41.342 | INFO     | __main__:on_log:99 - step=2005 | loss=0.078500 | grad_norm=0.593980 | learning_rate=0.000028 | epoch=0.230752
2026-02-21 10:13:54.241 | INFO     | __main__:on_log:99 - step=2010 | loss=0.087200 | grad_norm=1.000437 | learning_rate=0.000028 | epoch=0.231327
2026-02-21 10:14:07.140 | INFO     | __main__:on_log:99 - step=2015 | loss=0.130700 | grad_norm=1.137191 | learning_rate=0.000028 | epoch=0.231902
2026-02-21 10:14:20.046 | INFO     | __main__:on_log:99 - step=2020 | loss=0.109400 | grad_norm=0.713311 | learning_rate=0.000028 | epoch=0.232478
2026-02-21 10:14:32.941 | INFO     | __main__:on_log:99 - step=2025 | loss=0.086100 | grad_norm=0.400434 | learning_rate=0.000028 | epoch=0.233053
2026-02-21 10:14:45.833 | INFO     | __main__:on_log:99 - step=2030 | loss=0.052700 | grad_norm=0.395151 | learning_rate=0.000028 | epoch=0.233629
2026-02-21 10:14:58.724 | INFO     | __main__:on_log:99 - step=2035 | loss=0.090000 | grad_norm=0.837528 | learning_rate=0.000028 | epoch=0.234204
2026-02-21 10:15:11.616 | INFO     | __main__:on_log:99 - step=2040 | loss=0.068500 | grad_norm=0.651229 | learning_rate=0.000028 | epoch=0.234780
2026-02-21 10:15:24.511 | INFO     | __main__:on_log:99 - step=2045 | loss=0.088100 | grad_norm=0.328732 | learning_rate=0.000028 | epoch=0.235355
2026-02-21 10:15:37.416 | INFO     | __main__:on_log:99 - step=2050 | loss=0.084500 | grad_norm=0.608084 | learning_rate=0.000028 | epoch=0.235930
2026-02-21 10:15:50.316 | INFO     | __main__:on_log:99 - step=2055 | loss=0.137800 | grad_norm=1.328325 | learning_rate=0.000028 | epoch=0.236506
2026-02-21 10:16:03.215 | INFO     | __main__:on_log:99 - step=2060 | loss=0.085300 | grad_norm=0.884694 | learning_rate=0.000028 | epoch=0.237081
2026-02-21 10:16:16.123 | INFO     | __main__:on_log:99 - step=2065 | loss=0.077900 | grad_norm=0.567487 | learning_rate=0.000028 | epoch=0.237657
2026-02-21 10:16:29.023 | INFO     | __main__:on_log:99 - step=2070 | loss=0.091000 | grad_norm=0.853326 | learning_rate=0.000028 | epoch=0.238232
2026-02-21 10:16:41.927 | INFO     | __main__:on_log:99 - step=2075 | loss=0.072500 | grad_norm=0.816801 | learning_rate=0.000028 | epoch=0.238808
2026-02-21 10:16:54.824 | INFO     | __main__:on_log:99 - step=2080 | loss=0.087200 | grad_norm=0.613196 | learning_rate=0.000028 | epoch=0.239383
2026-02-21 10:17:07.728 | INFO     | __main__:on_log:99 - step=2085 | loss=0.103500 | grad_norm=0.784839 | learning_rate=0.000028 | epoch=0.239959
2026-02-21 10:17:20.632 | INFO     | __main__:on_log:99 - step=2090 | loss=0.079500 | grad_norm=0.581747 | learning_rate=0.000028 | epoch=0.240534
2026-02-21 10:17:33.537 | INFO     | __main__:on_log:99 - step=2095 | loss=0.140800 | grad_norm=0.584853 | learning_rate=0.000028 | epoch=0.241109
2026-02-21 10:17:46.447 | INFO     | __main__:on_log:99 - step=2100 | loss=0.061900 | grad_norm=0.575526 | learning_rate=0.000028 | epoch=0.241685
2026-02-21 10:17:59.366 | INFO     | __main__:on_log:99 - step=2105 | loss=0.111200 | grad_norm=0.649685 | learning_rate=0.000028 | epoch=0.242260
2026-02-21 10:18:12.290 | INFO     | __main__:on_log:99 - step=2110 | loss=0.082700 | grad_norm=0.620621 | learning_rate=0.000028 | epoch=0.242836
2026-02-21 10:18:25.214 | INFO     | __main__:on_log:99 - step=2115 | loss=0.117500 | grad_norm=1.305893 | learning_rate=0.000028 | epoch=0.243411
2026-02-21 10:18:38.131 | INFO     | __main__:on_log:99 - step=2120 | loss=0.069500 | grad_norm=0.481112 | learning_rate=0.000028 | epoch=0.243987
2026-02-21 10:18:51.057 | INFO     | __main__:on_log:99 - step=2125 | loss=0.092200 | grad_norm=0.426062 | learning_rate=0.000028 | epoch=0.244562
2026-02-21 10:19:03.974 | INFO     | __main__:on_log:99 - step=2130 | loss=0.077000 | grad_norm=0.412629 | learning_rate=0.000028 | epoch=0.245138
2026-02-21 10:19:16.905 | INFO     | __main__:on_log:99 - step=2135 | loss=0.132900 | grad_norm=0.989056 | learning_rate=0.000028 | epoch=0.245713
2026-02-21 10:19:29.837 | INFO     | __main__:on_log:99 - step=2140 | loss=0.077900 | grad_norm=0.899472 | learning_rate=0.000028 | epoch=0.246288
2026-02-21 10:19:42.788 | INFO     | __main__:on_log:99 - step=2145 | loss=0.099100 | grad_norm=0.568134 | learning_rate=0.000028 | epoch=0.246864
2026-02-21 10:19:55.728 | INFO     | __main__:on_log:99 - step=2150 | loss=0.090800 | grad_norm=0.542912 | learning_rate=0.000028 | epoch=0.247439
2026-02-21 10:20:08.668 | INFO     | __main__:on_log:99 - step=2155 | loss=0.094100 | grad_norm=0.436155 | learning_rate=0.000028 | epoch=0.248015
2026-02-21 10:20:21.602 | INFO     | __main__:on_log:99 - step=2160 | loss=0.090600 | grad_norm=0.987403 | learning_rate=0.000028 | epoch=0.248590
2026-02-21 10:20:34.524 | INFO     | __main__:on_log:99 - step=2165 | loss=0.084900 | grad_norm=0.748071 | learning_rate=0.000028 | epoch=0.249166
2026-02-21 10:20:47.441 | INFO     | __main__:on_log:99 - step=2170 | loss=0.081100 | grad_norm=0.779641 | learning_rate=0.000028 | epoch=0.249741
2026-02-21 10:21:00.350 | INFO     | __main__:on_log:99 - step=2175 | loss=0.111700 | grad_norm=0.578868 | learning_rate=0.000028 | epoch=0.250316
2026-02-21 10:21:13.262 | INFO     | __main__:on_log:99 - step=2180 | loss=0.088100 | grad_norm=0.616971 | learning_rate=0.000028 | epoch=0.250892
2026-02-21 10:21:26.173 | INFO     | __main__:on_log:99 - step=2185 | loss=0.100200 | grad_norm=0.657505 | learning_rate=0.000028 | epoch=0.251467
2026-02-21 10:21:39.092 | INFO     | __main__:on_log:99 - step=2190 | loss=0.136000 | grad_norm=1.249994 | learning_rate=0.000028 | epoch=0.252043
2026-02-21 10:21:52.009 | INFO     | __main__:on_log:99 - step=2195 | loss=0.087200 | grad_norm=0.857776 | learning_rate=0.000028 | epoch=0.252618
2026-02-21 10:22:04.919 | INFO     | __main__:on_log:99 - step=2200 | loss=0.117400 | grad_norm=0.626796 | learning_rate=0.000028 | epoch=0.253194
2026-02-21 10:22:17.841 | INFO     | __main__:on_log:99 - step=2205 | loss=0.107500 | grad_norm=0.581909 | learning_rate=0.000028 | epoch=0.253769
2026-02-21 10:22:30.755 | INFO     | __main__:on_log:99 - step=2210 | loss=0.095900 | grad_norm=0.674864 | learning_rate=0.000028 | epoch=0.254345
2026-02-21 10:22:43.672 | INFO     | __main__:on_log:99 - step=2215 | loss=0.063200 | grad_norm=0.379585 | learning_rate=0.000028 | epoch=0.254920
2026-02-21 10:22:56.597 | INFO     | __main__:on_log:99 - step=2220 | loss=0.064100 | grad_norm=0.487024 | learning_rate=0.000028 | epoch=0.255495
2026-02-21 10:23:09.506 | INFO     | __main__:on_log:99 - step=2225 | loss=0.089500 | grad_norm=0.752499 | learning_rate=0.000028 | epoch=0.256071
2026-02-21 10:23:22.423 | INFO     | __main__:on_log:99 - step=2230 | loss=0.076600 | grad_norm=0.501447 | learning_rate=0.000028 | epoch=0.256646
2026-02-21 10:23:35.333 | INFO     | __main__:on_log:99 - step=2235 | loss=0.109700 | grad_norm=0.551317 | learning_rate=0.000028 | epoch=0.257222
2026-02-21 10:23:48.261 | INFO     | __main__:on_log:99 - step=2240 | loss=0.078300 | grad_norm=0.593762 | learning_rate=0.000028 | epoch=0.257797
2026-02-21 10:24:01.169 | INFO     | __main__:on_log:99 - step=2245 | loss=0.082000 | grad_norm=0.483655 | learning_rate=0.000028 | epoch=0.258373
2026-02-21 10:24:14.088 | INFO     | __main__:on_log:99 - step=2250 | loss=0.092900 | grad_norm=0.552030 | learning_rate=0.000027 | epoch=0.258948
2026-02-21 10:24:27.013 | INFO     | __main__:on_log:99 - step=2255 | loss=0.081300 | grad_norm=0.583274 | learning_rate=0.000027 | epoch=0.259524
2026-02-21 10:24:39.927 | INFO     | __main__:on_log:99 - step=2260 | loss=0.102200 | grad_norm=0.581145 | learning_rate=0.000027 | epoch=0.260099
2026-02-21 10:24:52.845 | INFO     | __main__:on_log:99 - step=2265 | loss=0.065000 | grad_norm=0.388429 | learning_rate=0.000027 | epoch=0.260674
2026-02-21 10:25:05.750 | INFO     | __main__:on_log:99 - step=2270 | loss=0.075600 | grad_norm=0.449627 | learning_rate=0.000027 | epoch=0.261250
2026-02-21 10:25:18.681 | INFO     | __main__:on_log:99 - step=2275 | loss=0.083400 | grad_norm=0.409903 | learning_rate=0.000027 | epoch=0.261825
2026-02-21 10:25:31.599 | INFO     | __main__:on_log:99 - step=2280 | loss=0.097500 | grad_norm=0.723871 | learning_rate=0.000027 | epoch=0.262401
2026-02-21 10:25:44.512 | INFO     | __main__:on_log:99 - step=2285 | loss=0.090800 | grad_norm=0.971598 | learning_rate=0.000027 | epoch=0.262976
2026-02-21 10:25:57.433 | INFO     | __main__:on_log:99 - step=2290 | loss=0.096200 | grad_norm=0.575535 | learning_rate=0.000027 | epoch=0.263552
2026-02-21 10:26:10.356 | INFO     | __main__:on_log:99 - step=2295 | loss=0.064700 | grad_norm=0.545880 | learning_rate=0.000027 | epoch=0.264127
2026-02-21 10:26:23.265 | INFO     | __main__:on_log:99 - step=2300 | loss=0.084500 | grad_norm=0.530398 | learning_rate=0.000027 | epoch=0.264702
2026-02-21 10:26:36.178 | INFO     | __main__:on_log:99 - step=2305 | loss=0.084700 | grad_norm=0.577825 | learning_rate=0.000027 | epoch=0.265278
2026-02-21 10:26:49.096 | INFO     | __main__:on_log:99 - step=2310 | loss=0.074300 | grad_norm=0.577367 | learning_rate=0.000027 | epoch=0.265853
2026-02-21 10:27:02.010 | INFO     | __main__:on_log:99 - step=2315 | loss=0.100400 | grad_norm=0.662238 | learning_rate=0.000027 | epoch=0.266429
2026-02-21 10:27:14.922 | INFO     | __main__:on_log:99 - step=2320 | loss=0.086200 | grad_norm=0.561427 | learning_rate=0.000027 | epoch=0.267004
2026-02-21 10:27:27.828 | INFO     | __main__:on_log:99 - step=2325 | loss=0.081200 | grad_norm=0.626128 | learning_rate=0.000027 | epoch=0.267580
2026-02-21 10:27:40.729 | INFO     | __main__:on_log:99 - step=2330 | loss=0.066600 | grad_norm=0.431706 | learning_rate=0.000027 | epoch=0.268155
2026-02-21 10:27:53.627 | INFO     | __main__:on_log:99 - step=2335 | loss=0.072600 | grad_norm=0.486050 | learning_rate=0.000027 | epoch=0.268731
2026-02-21 10:28:06.525 | INFO     | __main__:on_log:99 - step=2340 | loss=0.089900 | grad_norm=0.440901 | learning_rate=0.000027 | epoch=0.269306
2026-02-21 10:28:19.427 | INFO     | __main__:on_log:99 - step=2345 | loss=0.069900 | grad_norm=0.579756 | learning_rate=0.000027 | epoch=0.269881
2026-02-21 10:28:32.327 | INFO     | __main__:on_log:99 - step=2350 | loss=0.073000 | grad_norm=0.649681 | learning_rate=0.000027 | epoch=0.270457
2026-02-21 10:28:45.216 | INFO     | __main__:on_log:99 - step=2355 | loss=0.095600 | grad_norm=0.498758 | learning_rate=0.000027 | epoch=0.271032
2026-02-21 10:28:58.125 | INFO     | __main__:on_log:99 - step=2360 | loss=0.071700 | grad_norm=0.981550 | learning_rate=0.000027 | epoch=0.271608
2026-02-21 10:29:11.027 | INFO     | __main__:on_log:99 - step=2365 | loss=0.094100 | grad_norm=0.629191 | learning_rate=0.000027 | epoch=0.272183
2026-02-21 10:29:23.922 | INFO     | __main__:on_log:99 - step=2370 | loss=0.110900 | grad_norm=0.669807 | learning_rate=0.000027 | epoch=0.272759
2026-02-21 10:29:36.831 | INFO     | __main__:on_log:99 - step=2375 | loss=0.089700 | grad_norm=0.613849 | learning_rate=0.000027 | epoch=0.273334
2026-02-21 10:29:49.738 | INFO     | __main__:on_log:99 - step=2380 | loss=0.109100 | grad_norm=0.839921 | learning_rate=0.000027 | epoch=0.273910
2026-02-21 10:30:02.632 | INFO     | __main__:on_log:99 - step=2385 | loss=0.079400 | grad_norm=0.642946 | learning_rate=0.000027 | epoch=0.274485
2026-02-21 10:30:15.543 | INFO     | __main__:on_log:99 - step=2390 | loss=0.072800 | grad_norm=0.511045 | learning_rate=0.000027 | epoch=0.275060
2026-02-21 10:30:28.462 | INFO     | __main__:on_log:99 - step=2395 | loss=0.073400 | grad_norm=0.373569 | learning_rate=0.000027 | epoch=0.275636
2026-02-21 10:30:41.384 | INFO     | __main__:on_log:99 - step=2400 | loss=0.087800 | grad_norm=0.469519 | learning_rate=0.000027 | epoch=0.276211
2026-02-21 10:30:54.311 | INFO     | __main__:on_log:99 - step=2405 | loss=0.082700 | grad_norm=0.547607 | learning_rate=0.000027 | epoch=0.276787
2026-02-21 10:31:07.217 | INFO     | __main__:on_log:99 - step=2410 | loss=0.078100 | grad_norm=0.604176 | learning_rate=0.000027 | epoch=0.277362
2026-02-21 10:31:20.129 | INFO     | __main__:on_log:99 - step=2415 | loss=0.086700 | grad_norm=0.771405 | learning_rate=0.000027 | epoch=0.277938
2026-02-21 10:31:33.036 | INFO     | __main__:on_log:99 - step=2420 | loss=0.123100 | grad_norm=0.422558 | learning_rate=0.000027 | epoch=0.278513
2026-02-21 10:31:45.930 | INFO     | __main__:on_log:99 - step=2425 | loss=0.102300 | grad_norm=0.722634 | learning_rate=0.000027 | epoch=0.279089
2026-02-21 10:31:58.830 | INFO     | __main__:on_log:99 - step=2430 | loss=0.075500 | grad_norm=0.536433 | learning_rate=0.000027 | epoch=0.279664
2026-02-21 10:32:11.741 | INFO     | __main__:on_log:99 - step=2435 | loss=0.115100 | grad_norm=0.682893 | learning_rate=0.000027 | epoch=0.280239
2026-02-21 10:32:24.648 | INFO     | __main__:on_log:99 - step=2440 | loss=0.097600 | grad_norm=0.922336 | learning_rate=0.000027 | epoch=0.280815
2026-02-21 10:32:37.552 | INFO     | __main__:on_log:99 - step=2445 | loss=0.058000 | grad_norm=0.495980 | learning_rate=0.000027 | epoch=0.281390
2026-02-21 10:32:50.460 | INFO     | __main__:on_log:99 - step=2450 | loss=0.107900 | grad_norm=0.465424 | learning_rate=0.000027 | epoch=0.281966
2026-02-21 10:33:03.363 | INFO     | __main__:on_log:99 - step=2455 | loss=0.080400 | grad_norm=0.655560 | learning_rate=0.000027 | epoch=0.282541
2026-02-21 10:33:16.272 | INFO     | __main__:on_log:99 - step=2460 | loss=0.063400 | grad_norm=0.656050 | learning_rate=0.000027 | epoch=0.283117
2026-02-21 10:33:29.180 | INFO     | __main__:on_log:99 - step=2465 | loss=0.121500 | grad_norm=0.746011 | learning_rate=0.000027 | epoch=0.283692
2026-02-21 10:33:42.084 | INFO     | __main__:on_log:99 - step=2470 | loss=0.091600 | grad_norm=0.756425 | learning_rate=0.000027 | epoch=0.284267
2026-02-21 10:33:54.982 | INFO     | __main__:on_log:99 - step=2475 | loss=0.085800 | grad_norm=0.832948 | learning_rate=0.000027 | epoch=0.284843
2026-02-21 10:34:07.889 | INFO     | __main__:on_log:99 - step=2480 | loss=0.086500 | grad_norm=0.400623 | learning_rate=0.000027 | epoch=0.285418
2026-02-21 10:34:20.803 | INFO     | __main__:on_log:99 - step=2485 | loss=0.082400 | grad_norm=0.686777 | learning_rate=0.000027 | epoch=0.285994
2026-02-21 10:34:33.702 | INFO     | __main__:on_log:99 - step=2490 | loss=0.088000 | grad_norm=0.622775 | learning_rate=0.000027 | epoch=0.286569
2026-02-21 10:34:46.614 | INFO     | __main__:on_log:99 - step=2495 | loss=0.077800 | grad_norm=0.711765 | learning_rate=0.000027 | epoch=0.287145
2026-02-21 10:34:59.516 | INFO     | __main__:on_log:99 - step=2500 | loss=0.104400 | grad_norm=0.600508 | learning_rate=0.000027 | epoch=0.287720
2026-02-21 10:35:12.428 | INFO     | __main__:on_log:99 - step=2505 | loss=0.113300 | grad_norm=0.703944 | learning_rate=0.000027 | epoch=0.288296
2026-02-21 10:35:25.601 | INFO     | __main__:on_log:99 - step=2510 | loss=0.091100 | grad_norm=0.727489 | learning_rate=0.000027 | epoch=0.288871
2026-02-21 10:35:38.501 | INFO     | __main__:on_log:99 - step=2515 | loss=0.079800 | grad_norm=0.648129 | learning_rate=0.000027 | epoch=0.289446
2026-02-21 10:35:51.403 | INFO     | __main__:on_log:99 - step=2520 | loss=0.103300 | grad_norm=0.675628 | learning_rate=0.000027 | epoch=0.290022
2026-02-21 10:36:04.304 | INFO     | __main__:on_log:99 - step=2525 | loss=0.082000 | grad_norm=0.499715 | learning_rate=0.000027 | epoch=0.290597
2026-02-21 10:36:17.213 | INFO     | __main__:on_log:99 - step=2530 | loss=0.076000 | grad_norm=0.447185 | learning_rate=0.000027 | epoch=0.291173
2026-02-21 10:36:30.113 | INFO     | __main__:on_log:99 - step=2535 | loss=0.092600 | grad_norm=0.906223 | learning_rate=0.000027 | epoch=0.291748
2026-02-21 10:36:43.041 | INFO     | __main__:on_log:99 - step=2540 | loss=0.113500 | grad_norm=0.572717 | learning_rate=0.000027 | epoch=0.292324
2026-02-21 10:36:55.952 | INFO     | __main__:on_log:99 - step=2545 | loss=0.088300 | grad_norm=0.490682 | learning_rate=0.000027 | epoch=0.292899
2026-02-21 10:37:08.854 | INFO     | __main__:on_log:99 - step=2550 | loss=0.113200 | grad_norm=0.645708 | learning_rate=0.000027 | epoch=0.293475
2026-02-21 10:37:21.766 | INFO     | __main__:on_log:99 - step=2555 | loss=0.099500 | grad_norm=0.529561 | learning_rate=0.000027 | epoch=0.294050
2026-02-21 10:37:34.668 | INFO     | __main__:on_log:99 - step=2560 | loss=0.095200 | grad_norm=0.491480 | learning_rate=0.000027 | epoch=0.294625
2026-02-21 10:37:47.572 | INFO     | __main__:on_log:99 - step=2565 | loss=0.062600 | grad_norm=0.680852 | learning_rate=0.000027 | epoch=0.295201
2026-02-21 10:38:00.481 | INFO     | __main__:on_log:99 - step=2570 | loss=0.115800 | grad_norm=0.683456 | learning_rate=0.000027 | epoch=0.295776
2026-02-21 10:38:13.381 | INFO     | __main__:on_log:99 - step=2575 | loss=0.080300 | grad_norm=0.586038 | learning_rate=0.000027 | epoch=0.296352
2026-02-21 10:38:26.298 | INFO     | __main__:on_log:99 - step=2580 | loss=0.122100 | grad_norm=0.579745 | learning_rate=0.000027 | epoch=0.296927
2026-02-21 10:38:39.223 | INFO     | __main__:on_log:99 - step=2585 | loss=0.067900 | grad_norm=0.577917 | learning_rate=0.000027 | epoch=0.297503
2026-02-21 10:38:52.132 | INFO     | __main__:on_log:99 - step=2590 | loss=0.077900 | grad_norm=0.532692 | learning_rate=0.000027 | epoch=0.298078
2026-02-21 10:39:05.064 | INFO     | __main__:on_log:99 - step=2595 | loss=0.070800 | grad_norm=0.775540 | learning_rate=0.000027 | epoch=0.298653
2026-02-21 10:39:17.992 | INFO     | __main__:on_log:99 - step=2600 | loss=0.091000 | grad_norm=0.612293 | learning_rate=0.000027 | epoch=0.299229
2026-02-21 10:39:30.905 | INFO     | __main__:on_log:99 - step=2605 | loss=0.055500 | grad_norm=0.687464 | learning_rate=0.000027 | epoch=0.299804
2026-02-21 10:39:43.814 | INFO     | __main__:on_log:99 - step=2610 | loss=0.110100 | grad_norm=0.817135 | learning_rate=0.000027 | epoch=0.300380
2026-02-21 10:39:56.728 | INFO     | __main__:on_log:99 - step=2615 | loss=0.084200 | grad_norm=0.475090 | learning_rate=0.000027 | epoch=0.300955
2026-02-21 10:40:09.644 | INFO     | __main__:on_log:99 - step=2620 | loss=0.091800 | grad_norm=0.951578 | learning_rate=0.000027 | epoch=0.301531
2026-02-21 10:40:22.550 | INFO     | __main__:on_log:99 - step=2625 | loss=0.085500 | grad_norm=0.728148 | learning_rate=0.000027 | epoch=0.302106
2026-02-21 10:40:35.456 | INFO     | __main__:on_log:99 - step=2630 | loss=0.087800 | grad_norm=0.650756 | learning_rate=0.000027 | epoch=0.302682
2026-02-21 10:40:48.362 | INFO     | __main__:on_log:99 - step=2635 | loss=0.086500 | grad_norm=0.698325 | learning_rate=0.000027 | epoch=0.303257
2026-02-21 10:41:01.287 | INFO     | __main__:on_log:99 - step=2640 | loss=0.105300 | grad_norm=0.367972 | learning_rate=0.000027 | epoch=0.303832
2026-02-21 10:41:14.199 | INFO     | __main__:on_log:99 - step=2645 | loss=0.074700 | grad_norm=0.491517 | learning_rate=0.000027 | epoch=0.304408
2026-02-21 10:41:27.105 | INFO     | __main__:on_log:99 - step=2650 | loss=0.071100 | grad_norm=0.380182 | learning_rate=0.000027 | epoch=0.304983
2026-02-21 10:41:40.012 | INFO     | __main__:on_log:99 - step=2655 | loss=0.103300 | grad_norm=0.685909 | learning_rate=0.000027 | epoch=0.305559
2026-02-21 10:41:52.928 | INFO     | __main__:on_log:99 - step=2660 | loss=0.064700 | grad_norm=0.623058 | learning_rate=0.000027 | epoch=0.306134
2026-02-21 10:42:05.830 | INFO     | __main__:on_log:99 - step=2665 | loss=0.054500 | grad_norm=0.427006 | learning_rate=0.000027 | epoch=0.306710
2026-02-21 10:42:18.728 | INFO     | __main__:on_log:99 - step=2670 | loss=0.088900 | grad_norm=0.426339 | learning_rate=0.000027 | epoch=0.307285
2026-02-21 10:42:31.637 | INFO     | __main__:on_log:99 - step=2675 | loss=0.094800 | grad_norm=0.621287 | learning_rate=0.000027 | epoch=0.307861
2026-02-21 10:42:44.547 | INFO     | __main__:on_log:99 - step=2680 | loss=0.102600 | grad_norm=0.566797 | learning_rate=0.000027 | epoch=0.308436
2026-02-21 10:42:57.443 | INFO     | __main__:on_log:99 - step=2685 | loss=0.087200 | grad_norm=0.562041 | learning_rate=0.000027 | epoch=0.309011
2026-02-21 10:43:10.355 | INFO     | __main__:on_log:99 - step=2690 | loss=0.095800 | grad_norm=0.468357 | learning_rate=0.000027 | epoch=0.309587
2026-02-21 10:43:23.260 | INFO     | __main__:on_log:99 - step=2695 | loss=0.102700 | grad_norm=1.002673 | learning_rate=0.000027 | epoch=0.310162
2026-02-21 10:43:36.163 | INFO     | __main__:on_log:99 - step=2700 | loss=0.077500 | grad_norm=0.669906 | learning_rate=0.000027 | epoch=0.310738
2026-02-21 10:43:49.070 | INFO     | __main__:on_log:99 - step=2705 | loss=0.072600 | grad_norm=0.427555 | learning_rate=0.000027 | epoch=0.311313
2026-02-21 10:44:01.969 | INFO     | __main__:on_log:99 - step=2710 | loss=0.113700 | grad_norm=0.808680 | learning_rate=0.000027 | epoch=0.311889
2026-02-21 10:44:14.875 | INFO     | __main__:on_log:99 - step=2715 | loss=0.082500 | grad_norm=0.477990 | learning_rate=0.000027 | epoch=0.312464
2026-02-21 10:44:27.778 | INFO     | __main__:on_log:99 - step=2720 | loss=0.083100 | grad_norm=0.695281 | learning_rate=0.000027 | epoch=0.313039
2026-02-21 10:44:40.679 | INFO     | __main__:on_log:99 - step=2725 | loss=0.089300 | grad_norm=0.750046 | learning_rate=0.000027 | epoch=0.313615
2026-02-21 10:44:53.588 | INFO     | __main__:on_log:99 - step=2730 | loss=0.075600 | grad_norm=0.593500 | learning_rate=0.000027 | epoch=0.314190
2026-02-21 10:45:06.533 | INFO     | __main__:on_log:99 - step=2735 | loss=0.102200 | grad_norm=0.418880 | learning_rate=0.000027 | epoch=0.314766
2026-02-21 10:45:19.440 | INFO     | __main__:on_log:99 - step=2740 | loss=0.088500 | grad_norm=0.913232 | learning_rate=0.000027 | epoch=0.315341
2026-02-21 10:45:32.352 | INFO     | __main__:on_log:99 - step=2745 | loss=0.088900 | grad_norm=0.464407 | learning_rate=0.000027 | epoch=0.315917
2026-02-21 10:45:45.260 | INFO     | __main__:on_log:99 - step=2750 | loss=0.088300 | grad_norm=0.627441 | learning_rate=0.000027 | epoch=0.316492
2026-02-21 10:45:58.174 | INFO     | __main__:on_log:99 - step=2755 | loss=0.084300 | grad_norm=0.478600 | learning_rate=0.000027 | epoch=0.317068
2026-02-21 10:46:11.083 | INFO     | __main__:on_log:99 - step=2760 | loss=0.082800 | grad_norm=0.912237 | learning_rate=0.000027 | epoch=0.317643
2026-02-21 10:46:23.983 | INFO     | __main__:on_log:99 - step=2765 | loss=0.086700 | grad_norm=0.617809 | learning_rate=0.000027 | epoch=0.318218
2026-02-21 10:46:36.888 | INFO     | __main__:on_log:99 - step=2770 | loss=0.089700 | grad_norm=0.432424 | learning_rate=0.000027 | epoch=0.318794
2026-02-21 10:46:49.798 | INFO     | __main__:on_log:99 - step=2775 | loss=0.086600 | grad_norm=0.771201 | learning_rate=0.000027 | epoch=0.319369
2026-02-21 10:47:02.702 | INFO     | __main__:on_log:99 - step=2780 | loss=0.077500 | grad_norm=0.532700 | learning_rate=0.000027 | epoch=0.319945
2026-02-21 10:47:15.613 | INFO     | __main__:on_log:99 - step=2785 | loss=0.099400 | grad_norm=0.619280 | learning_rate=0.000027 | epoch=0.320520
2026-02-21 10:47:28.509 | INFO     | __main__:on_log:99 - step=2790 | loss=0.074200 | grad_norm=0.633788 | learning_rate=0.000027 | epoch=0.321096
2026-02-21 10:47:41.411 | INFO     | __main__:on_log:99 - step=2795 | loss=0.081200 | grad_norm=0.717977 | learning_rate=0.000027 | epoch=0.321671
2026-02-21 10:47:54.305 | INFO     | __main__:on_log:99 - step=2800 | loss=0.081800 | grad_norm=0.589357 | learning_rate=0.000026 | epoch=0.322247
2026-02-21 10:48:07.206 | INFO     | __main__:on_log:99 - step=2805 | loss=0.079000 | grad_norm=0.516703 | learning_rate=0.000026 | epoch=0.322822
2026-02-21 10:48:20.114 | INFO     | __main__:on_log:99 - step=2810 | loss=0.070900 | grad_norm=0.363454 | learning_rate=0.000026 | epoch=0.323397
2026-02-21 10:48:33.019 | INFO     | __main__:on_log:99 - step=2815 | loss=0.069400 | grad_norm=0.428002 | learning_rate=0.000026 | epoch=0.323973
2026-02-21 10:48:45.923 | INFO     | __main__:on_log:99 - step=2820 | loss=0.110300 | grad_norm=0.856500 | learning_rate=0.000026 | epoch=0.324548
2026-02-21 10:48:58.828 | INFO     | __main__:on_log:99 - step=2825 | loss=0.105900 | grad_norm=0.911479 | learning_rate=0.000026 | epoch=0.325124
2026-02-21 10:49:11.737 | INFO     | __main__:on_log:99 - step=2830 | loss=0.109500 | grad_norm=0.575168 | learning_rate=0.000026 | epoch=0.325699
2026-02-21 10:49:24.646 | INFO     | __main__:on_log:99 - step=2835 | loss=0.088400 | grad_norm=0.639134 | learning_rate=0.000026 | epoch=0.326275
2026-02-21 10:49:37.550 | INFO     | __main__:on_log:99 - step=2840 | loss=0.059000 | grad_norm=0.589198 | learning_rate=0.000026 | epoch=0.326850
2026-02-21 10:49:50.451 | INFO     | __main__:on_log:99 - step=2845 | loss=0.109200 | grad_norm=0.725576 | learning_rate=0.000026 | epoch=0.327425
2026-02-21 10:50:03.355 | INFO     | __main__:on_log:99 - step=2850 | loss=0.106000 | grad_norm=0.582332 | learning_rate=0.000026 | epoch=0.328001
2026-02-21 10:50:16.265 | INFO     | __main__:on_log:99 - step=2855 | loss=0.105100 | grad_norm=0.631459 | learning_rate=0.000026 | epoch=0.328576
2026-02-21 10:50:29.158 | INFO     | __main__:on_log:99 - step=2860 | loss=0.106700 | grad_norm=1.062583 | learning_rate=0.000026 | epoch=0.329152
2026-02-21 10:50:42.051 | INFO     | __main__:on_log:99 - step=2865 | loss=0.097000 | grad_norm=0.379500 | learning_rate=0.000026 | epoch=0.329727
2026-02-21 10:50:54.955 | INFO     | __main__:on_log:99 - step=2870 | loss=0.085500 | grad_norm=0.427283 | learning_rate=0.000026 | epoch=0.330303
2026-02-21 10:51:07.867 | INFO     | __main__:on_log:99 - step=2875 | loss=0.081400 | grad_norm=0.647973 | learning_rate=0.000026 | epoch=0.330878
2026-02-21 10:51:20.768 | INFO     | __main__:on_log:99 - step=2880 | loss=0.083300 | grad_norm=0.641216 | learning_rate=0.000026 | epoch=0.331454
2026-02-21 10:51:33.668 | INFO     | __main__:on_log:99 - step=2885 | loss=0.085300 | grad_norm=0.851447 | learning_rate=0.000026 | epoch=0.332029
2026-02-21 10:51:46.578 | INFO     | __main__:on_log:99 - step=2890 | loss=0.078900 | grad_norm=0.462036 | learning_rate=0.000026 | epoch=0.332604
2026-02-21 10:51:59.475 | INFO     | __main__:on_log:99 - step=2895 | loss=0.093700 | grad_norm=0.647813 | learning_rate=0.000026 | epoch=0.333180
2026-02-21 10:52:12.363 | INFO     | __main__:on_log:99 - step=2900 | loss=0.093700 | grad_norm=0.771553 | learning_rate=0.000026 | epoch=0.333755
2026-02-21 10:52:25.262 | INFO     | __main__:on_log:99 - step=2905 | loss=0.076600 | grad_norm=0.365171 | learning_rate=0.000026 | epoch=0.334331
2026-02-21 10:52:38.165 | INFO     | __main__:on_log:99 - step=2910 | loss=0.077700 | grad_norm=0.733846 | learning_rate=0.000026 | epoch=0.334906
2026-02-21 10:52:51.058 | INFO     | __main__:on_log:99 - step=2915 | loss=0.076200 | grad_norm=0.636876 | learning_rate=0.000026 | epoch=0.335482
2026-02-21 10:53:03.944 | INFO     | __main__:on_log:99 - step=2920 | loss=0.092200 | grad_norm=0.591364 | learning_rate=0.000026 | epoch=0.336057
2026-02-21 10:53:16.844 | INFO     | __main__:on_log:99 - step=2925 | loss=0.094800 | grad_norm=0.488972 | learning_rate=0.000026 | epoch=0.336633
2026-02-21 10:53:29.736 | INFO     | __main__:on_log:99 - step=2930 | loss=0.062100 | grad_norm=0.739073 | learning_rate=0.000026 | epoch=0.337208
2026-02-21 10:53:42.626 | INFO     | __main__:on_log:99 - step=2935 | loss=0.081300 | grad_norm=0.398063 | learning_rate=0.000026 | epoch=0.337783
2026-02-21 10:53:55.516 | INFO     | __main__:on_log:99 - step=2940 | loss=0.089800 | grad_norm=0.782949 | learning_rate=0.000026 | epoch=0.338359
2026-02-21 10:54:08.412 | INFO     | __main__:on_log:99 - step=2945 | loss=0.072400 | grad_norm=0.473160 | learning_rate=0.000026 | epoch=0.338934
2026-02-21 10:54:21.295 | INFO     | __main__:on_log:99 - step=2950 | loss=0.090300 | grad_norm=0.676404 | learning_rate=0.000026 | epoch=0.339510
2026-02-21 10:54:34.185 | INFO     | __main__:on_log:99 - step=2955 | loss=0.100800 | grad_norm=0.345939 | learning_rate=0.000026 | epoch=0.340085
2026-02-21 10:54:47.075 | INFO     | __main__:on_log:99 - step=2960 | loss=0.087000 | grad_norm=0.758580 | learning_rate=0.000026 | epoch=0.340661
2026-02-21 10:54:59.971 | INFO     | __main__:on_log:99 - step=2965 | loss=0.067200 | grad_norm=0.588635 | learning_rate=0.000026 | epoch=0.341236
2026-02-21 10:55:12.862 | INFO     | __main__:on_log:99 - step=2970 | loss=0.080000 | grad_norm=0.518307 | learning_rate=0.000026 | epoch=0.341811
2026-02-21 10:55:25.764 | INFO     | __main__:on_log:99 - step=2975 | loss=0.066200 | grad_norm=0.887631 | learning_rate=0.000026 | epoch=0.342387
2026-02-21 10:55:38.660 | INFO     | __main__:on_log:99 - step=2980 | loss=0.080400 | grad_norm=0.674220 | learning_rate=0.000026 | epoch=0.342962
2026-02-21 10:55:51.551 | INFO     | __main__:on_log:99 - step=2985 | loss=0.067700 | grad_norm=0.627874 | learning_rate=0.000026 | epoch=0.343538
2026-02-21 10:56:04.442 | INFO     | __main__:on_log:99 - step=2990 | loss=0.090500 | grad_norm=0.847111 | learning_rate=0.000026 | epoch=0.344113
2026-02-21 10:56:17.343 | INFO     | __main__:on_log:99 - step=2995 | loss=0.079400 | grad_norm=0.656924 | learning_rate=0.000026 | epoch=0.344689
2026-02-21 10:56:30.236 | INFO     | __main__:on_log:99 - step=3000 | loss=0.099100 | grad_norm=0.655984 | learning_rate=0.000026 | epoch=0.345264
2026-02-21 10:56:43.126 | INFO     | __main__:on_log:99 - step=3005 | loss=0.076700 | grad_norm=0.676158 | learning_rate=0.000026 | epoch=0.345840
2026-02-21 10:56:56.017 | INFO     | __main__:on_log:99 - step=3010 | loss=0.088600 | grad_norm=0.654207 | learning_rate=0.000026 | epoch=0.346415
2026-02-21 10:57:08.912 | INFO     | __main__:on_log:99 - step=3015 | loss=0.078800 | grad_norm=0.574340 | learning_rate=0.000026 | epoch=0.346990
2026-02-21 10:57:21.809 | INFO     | __main__:on_log:99 - step=3020 | loss=0.087600 | grad_norm=0.454441 | learning_rate=0.000026 | epoch=0.347566
2026-02-21 10:57:34.702 | INFO     | __main__:on_log:99 - step=3025 | loss=0.095900 | grad_norm=1.226601 | learning_rate=0.000026 | epoch=0.348141
2026-02-21 10:57:47.611 | INFO     | __main__:on_log:99 - step=3030 | loss=0.072400 | grad_norm=0.565317 | learning_rate=0.000026 | epoch=0.348717
2026-02-21 10:58:00.505 | INFO     | __main__:on_log:99 - step=3035 | loss=0.097400 | grad_norm=0.707612 | learning_rate=0.000026 | epoch=0.349292
2026-02-21 10:58:13.403 | INFO     | __main__:on_log:99 - step=3040 | loss=0.071400 | grad_norm=0.610305 | learning_rate=0.000026 | epoch=0.349868
2026-02-21 10:58:26.306 | INFO     | __main__:on_log:99 - step=3045 | loss=0.072700 | grad_norm=0.677060 | learning_rate=0.000026 | epoch=0.350443
2026-02-21 10:58:39.199 | INFO     | __main__:on_log:99 - step=3050 | loss=0.086700 | grad_norm=0.663939 | learning_rate=0.000026 | epoch=0.351019
2026-02-21 10:58:52.088 | INFO     | __main__:on_log:99 - step=3055 | loss=0.109900 | grad_norm=0.571726 | learning_rate=0.000026 | epoch=0.351594
2026-02-21 10:59:04.986 | INFO     | __main__:on_log:99 - step=3060 | loss=0.079700 | grad_norm=0.557251 | learning_rate=0.000026 | epoch=0.352169
2026-02-21 10:59:17.910 | INFO     | __main__:on_log:99 - step=3065 | loss=0.063400 | grad_norm=0.385801 | learning_rate=0.000026 | epoch=0.352745
2026-02-21 10:59:30.822 | INFO     | __main__:on_log:99 - step=3070 | loss=0.073300 | grad_norm=0.601169 | learning_rate=0.000026 | epoch=0.353320
2026-02-21 10:59:43.731 | INFO     | __main__:on_log:99 - step=3075 | loss=0.088600 | grad_norm=1.103676 | learning_rate=0.000026 | epoch=0.353896
2026-02-21 10:59:56.631 | INFO     | __main__:on_log:99 - step=3080 | loss=0.083700 | grad_norm=0.362290 | learning_rate=0.000026 | epoch=0.354471
2026-02-21 11:00:09.534 | INFO     | __main__:on_log:99 - step=3085 | loss=0.079700 | grad_norm=0.778970 | learning_rate=0.000026 | epoch=0.355047
2026-02-21 11:00:22.443 | INFO     | __main__:on_log:99 - step=3090 | loss=0.074900 | grad_norm=0.778392 | learning_rate=0.000026 | epoch=0.355622
2026-02-21 11:00:35.346 | INFO     | __main__:on_log:99 - step=3095 | loss=0.102100 | grad_norm=0.809612 | learning_rate=0.000026 | epoch=0.356197
2026-02-21 11:00:48.250 | INFO     | __main__:on_log:99 - step=3100 | loss=0.110400 | grad_norm=0.476686 | learning_rate=0.000026 | epoch=0.356773
2026-02-21 11:01:01.148 | INFO     | __main__:on_log:99 - step=3105 | loss=0.083200 | grad_norm=0.628111 | learning_rate=0.000026 | epoch=0.357348
2026-02-21 11:01:14.061 | INFO     | __main__:on_log:99 - step=3110 | loss=0.083700 | grad_norm=0.657303 | learning_rate=0.000026 | epoch=0.357924
2026-02-21 11:01:26.975 | INFO     | __main__:on_log:99 - step=3115 | loss=0.075200 | grad_norm=0.645152 | learning_rate=0.000026 | epoch=0.358499
2026-02-21 11:01:39.896 | INFO     | __main__:on_log:99 - step=3120 | loss=0.091800 | grad_norm=0.654429 | learning_rate=0.000026 | epoch=0.359075
2026-02-21 11:01:52.810 | INFO     | __main__:on_log:99 - step=3125 | loss=0.081700 | grad_norm=0.567076 | learning_rate=0.000026 | epoch=0.359650
2026-02-21 11:02:05.719 | INFO     | __main__:on_log:99 - step=3130 | loss=0.125600 | grad_norm=0.866365 | learning_rate=0.000026 | epoch=0.360226
2026-02-21 11:02:18.632 | INFO     | __main__:on_log:99 - step=3135 | loss=0.056000 | grad_norm=0.431974 | learning_rate=0.000026 | epoch=0.360801
2026-02-21 11:02:31.534 | INFO     | __main__:on_log:99 - step=3140 | loss=0.096000 | grad_norm=0.840696 | learning_rate=0.000026 | epoch=0.361376
2026-02-21 11:02:44.441 | INFO     | __main__:on_log:99 - step=3145 | loss=0.054700 | grad_norm=0.430817 | learning_rate=0.000026 | epoch=0.361952
2026-02-21 11:02:57.346 | INFO     | __main__:on_log:99 - step=3150 | loss=0.065300 | grad_norm=0.500765 | learning_rate=0.000026 | epoch=0.362527
2026-02-21 11:03:10.259 | INFO     | __main__:on_log:99 - step=3155 | loss=0.121800 | grad_norm=0.792916 | learning_rate=0.000026 | epoch=0.363103
2026-02-21 11:03:23.172 | INFO     | __main__:on_log:99 - step=3160 | loss=0.068800 | grad_norm=0.549393 | learning_rate=0.000026 | epoch=0.363678
2026-02-21 11:03:36.087 | INFO     | __main__:on_log:99 - step=3165 | loss=0.081700 | grad_norm=0.547779 | learning_rate=0.000026 | epoch=0.364254
2026-02-21 11:03:48.985 | INFO     | __main__:on_log:99 - step=3170 | loss=0.063700 | grad_norm=0.644138 | learning_rate=0.000026 | epoch=0.364829
2026-02-21 11:04:01.894 | INFO     | __main__:on_log:99 - step=3175 | loss=0.079000 | grad_norm=0.597955 | learning_rate=0.000026 | epoch=0.365405
2026-02-21 11:04:14.801 | INFO     | __main__:on_log:99 - step=3180 | loss=0.103100 | grad_norm=0.752710 | learning_rate=0.000026 | epoch=0.365980
2026-02-21 11:04:27.723 | INFO     | __main__:on_log:99 - step=3185 | loss=0.088100 | grad_norm=0.639155 | learning_rate=0.000026 | epoch=0.366555
2026-02-21 11:04:40.625 | INFO     | __main__:on_log:99 - step=3190 | loss=0.106800 | grad_norm=0.864095 | learning_rate=0.000026 | epoch=0.367131
2026-02-21 11:04:53.521 | INFO     | __main__:on_log:99 - step=3195 | loss=0.061900 | grad_norm=0.479068 | learning_rate=0.000026 | epoch=0.367706
2026-02-21 11:05:06.421 | INFO     | __main__:on_log:99 - step=3200 | loss=0.116400 | grad_norm=0.929233 | learning_rate=0.000026 | epoch=0.368282
2026-02-21 11:05:19.338 | INFO     | __main__:on_log:99 - step=3205 | loss=0.099600 | grad_norm=0.456829 | learning_rate=0.000026 | epoch=0.368857
2026-02-21 11:05:32.238 | INFO     | __main__:on_log:99 - step=3210 | loss=0.083400 | grad_norm=0.655427 | learning_rate=0.000026 | epoch=0.369433
2026-02-21 11:05:45.138 | INFO     | __main__:on_log:99 - step=3215 | loss=0.098700 | grad_norm=0.588002 | learning_rate=0.000026 | epoch=0.370008
2026-02-21 11:05:58.033 | INFO     | __main__:on_log:99 - step=3220 | loss=0.087700 | grad_norm=0.450172 | learning_rate=0.000026 | epoch=0.370583
2026-02-21 11:06:10.936 | INFO     | __main__:on_log:99 - step=3225 | loss=0.079700 | grad_norm=0.567688 | learning_rate=0.000026 | epoch=0.371159
2026-02-21 11:06:23.839 | INFO     | __main__:on_log:99 - step=3230 | loss=0.089900 | grad_norm=0.491541 | learning_rate=0.000026 | epoch=0.371734
2026-02-21 11:06:36.760 | INFO     | __main__:on_log:99 - step=3235 | loss=0.074700 | grad_norm=0.877761 | learning_rate=0.000026 | epoch=0.372310
2026-02-21 11:06:49.663 | INFO     | __main__:on_log:99 - step=3240 | loss=0.099500 | grad_norm=0.651823 | learning_rate=0.000026 | epoch=0.372885
2026-02-21 11:07:02.573 | INFO     | __main__:on_log:99 - step=3245 | loss=0.097400 | grad_norm=0.582806 | learning_rate=0.000026 | epoch=0.373461
2026-02-21 11:07:15.482 | INFO     | __main__:on_log:99 - step=3250 | loss=0.094500 | grad_norm=0.883859 | learning_rate=0.000026 | epoch=0.374036
2026-02-21 11:07:28.383 | INFO     | __main__:on_log:99 - step=3255 | loss=0.085500 | grad_norm=0.500189 | learning_rate=0.000026 | epoch=0.374612
2026-02-21 11:07:41.279 | INFO     | __main__:on_log:99 - step=3260 | loss=0.079200 | grad_norm=0.691431 | learning_rate=0.000026 | epoch=0.375187
2026-02-21 11:07:54.179 | INFO     | __main__:on_log:99 - step=3265 | loss=0.085900 | grad_norm=0.516214 | learning_rate=0.000026 | epoch=0.375762
2026-02-21 11:08:07.078 | INFO     | __main__:on_log:99 - step=3270 | loss=0.068100 | grad_norm=0.570656 | learning_rate=0.000026 | epoch=0.376338
2026-02-21 11:08:19.975 | INFO     | __main__:on_log:99 - step=3275 | loss=0.072900 | grad_norm=0.596406 | learning_rate=0.000026 | epoch=0.376913
2026-02-21 11:08:32.879 | INFO     | __main__:on_log:99 - step=3280 | loss=0.061200 | grad_norm=0.496810 | learning_rate=0.000026 | epoch=0.377489
2026-02-21 11:08:45.779 | INFO     | __main__:on_log:99 - step=3285 | loss=0.057400 | grad_norm=0.566308 | learning_rate=0.000026 | epoch=0.378064
2026-02-21 11:08:58.674 | INFO     | __main__:on_log:99 - step=3290 | loss=0.060600 | grad_norm=0.600760 | learning_rate=0.000026 | epoch=0.378640
2026-02-21 11:09:11.570 | INFO     | __main__:on_log:99 - step=3295 | loss=0.096200 | grad_norm=0.652025 | learning_rate=0.000026 | epoch=0.379215
2026-02-21 11:09:24.468 | INFO     | __main__:on_log:99 - step=3300 | loss=0.069500 | grad_norm=0.549184 | learning_rate=0.000026 | epoch=0.379791
2026-02-21 11:09:37.363 | INFO     | __main__:on_log:99 - step=3305 | loss=0.095700 | grad_norm=0.663538 | learning_rate=0.000026 | epoch=0.380366
2026-02-21 11:09:50.257 | INFO     | __main__:on_log:99 - step=3310 | loss=0.089300 | grad_norm=0.608289 | learning_rate=0.000026 | epoch=0.380941
2026-02-21 11:10:03.165 | INFO     | __main__:on_log:99 - step=3315 | loss=0.085600 | grad_norm=0.746674 | learning_rate=0.000026 | epoch=0.381517
2026-02-21 11:10:16.067 | INFO     | __main__:on_log:99 - step=3320 | loss=0.075200 | grad_norm=0.501778 | learning_rate=0.000026 | epoch=0.382092
2026-02-21 11:10:28.996 | INFO     | __main__:on_log:99 - step=3325 | loss=0.065500 | grad_norm=0.471560 | learning_rate=0.000026 | epoch=0.382668
2026-02-21 11:10:41.902 | INFO     | __main__:on_log:99 - step=3330 | loss=0.073500 | grad_norm=0.563982 | learning_rate=0.000026 | epoch=0.383243
2026-02-21 11:10:54.811 | INFO     | __main__:on_log:99 - step=3335 | loss=0.084400 | grad_norm=0.820076 | learning_rate=0.000026 | epoch=0.383819
2026-02-21 11:11:07.721 | INFO     | __main__:on_log:99 - step=3340 | loss=0.095600 | grad_norm=0.527412 | learning_rate=0.000026 | epoch=0.384394
2026-02-21 11:11:20.628 | INFO     | __main__:on_log:99 - step=3345 | loss=0.086100 | grad_norm=0.502523 | learning_rate=0.000026 | epoch=0.384970
2026-02-21 11:11:33.538 | INFO     | __main__:on_log:99 - step=3350 | loss=0.083700 | grad_norm=0.675324 | learning_rate=0.000025 | epoch=0.385545
2026-02-21 11:11:46.439 | INFO     | __main__:on_log:99 - step=3355 | loss=0.064200 | grad_norm=0.505713 | learning_rate=0.000025 | epoch=0.386120
2026-02-21 11:11:59.348 | INFO     | __main__:on_log:99 - step=3360 | loss=0.077000 | grad_norm=0.543371 | learning_rate=0.000025 | epoch=0.386696
2026-02-21 11:12:12.246 | INFO     | __main__:on_log:99 - step=3365 | loss=0.072600 | grad_norm=0.610213 | learning_rate=0.000025 | epoch=0.387271
2026-02-21 11:12:25.147 | INFO     | __main__:on_log:99 - step=3370 | loss=0.105600 | grad_norm=0.468290 | learning_rate=0.000025 | epoch=0.387847
2026-02-21 11:12:38.039 | INFO     | __main__:on_log:99 - step=3375 | loss=0.068300 | grad_norm=0.456515 | learning_rate=0.000025 | epoch=0.388422
2026-02-21 11:12:50.939 | INFO     | __main__:on_log:99 - step=3380 | loss=0.090300 | grad_norm=0.458114 | learning_rate=0.000025 | epoch=0.388998
2026-02-21 11:13:03.843 | INFO     | __main__:on_log:99 - step=3385 | loss=0.054100 | grad_norm=0.612129 | learning_rate=0.000025 | epoch=0.389573
2026-02-21 11:13:16.756 | INFO     | __main__:on_log:99 - step=3390 | loss=0.082800 | grad_norm=0.564894 | learning_rate=0.000025 | epoch=0.390148
2026-02-21 11:13:29.660 | INFO     | __main__:on_log:99 - step=3395 | loss=0.081800 | grad_norm=0.500955 | learning_rate=0.000025 | epoch=0.390724
2026-02-21 11:13:42.561 | INFO     | __main__:on_log:99 - step=3400 | loss=0.069100 | grad_norm=0.443526 | learning_rate=0.000025 | epoch=0.391299
2026-02-21 11:13:55.475 | INFO     | __main__:on_log:99 - step=3405 | loss=0.082500 | grad_norm=0.576679 | learning_rate=0.000025 | epoch=0.391875
2026-02-21 11:14:08.370 | INFO     | __main__:on_log:99 - step=3410 | loss=0.075100 | grad_norm=0.412419 | learning_rate=0.000025 | epoch=0.392450
2026-02-21 11:14:21.274 | INFO     | __main__:on_log:99 - step=3415 | loss=0.087500 | grad_norm=0.624395 | learning_rate=0.000025 | epoch=0.393026
2026-02-21 11:14:34.179 | INFO     | __main__:on_log:99 - step=3420 | loss=0.098200 | grad_norm=0.786251 | learning_rate=0.000025 | epoch=0.393601
2026-02-21 11:14:47.076 | INFO     | __main__:on_log:99 - step=3425 | loss=0.101800 | grad_norm=0.691590 | learning_rate=0.000025 | epoch=0.394177
2026-02-21 11:14:59.993 | INFO     | __main__:on_log:99 - step=3430 | loss=0.080500 | grad_norm=0.355246 | learning_rate=0.000025 | epoch=0.394752
2026-02-21 11:15:12.895 | INFO     | __main__:on_log:99 - step=3435 | loss=0.079100 | grad_norm=0.651248 | learning_rate=0.000025 | epoch=0.395327
2026-02-21 11:15:25.796 | INFO     | __main__:on_log:99 - step=3440 | loss=0.079700 | grad_norm=0.636505 | learning_rate=0.000025 | epoch=0.395903
2026-02-21 11:15:38.703 | INFO     | __main__:on_log:99 - step=3445 | loss=0.070400 | grad_norm=0.433521 | learning_rate=0.000025 | epoch=0.396478
2026-02-21 11:15:51.604 | INFO     | __main__:on_log:99 - step=3450 | loss=0.076300 | grad_norm=0.507905 | learning_rate=0.000025 | epoch=0.397054
2026-02-21 11:16:04.501 | INFO     | __main__:on_log:99 - step=3455 | loss=0.082200 | grad_norm=1.272494 | learning_rate=0.000025 | epoch=0.397629
2026-02-21 11:16:17.398 | INFO     | __main__:on_log:99 - step=3460 | loss=0.098900 | grad_norm=0.777390 | learning_rate=0.000025 | epoch=0.398205
2026-02-21 11:16:30.305 | INFO     | __main__:on_log:99 - step=3465 | loss=0.072800 | grad_norm=0.442484 | learning_rate=0.000025 | epoch=0.398780
2026-02-21 11:16:43.201 | INFO     | __main__:on_log:99 - step=3470 | loss=0.101500 | grad_norm=0.553314 | learning_rate=0.000025 | epoch=0.399356
2026-02-21 11:16:56.101 | INFO     | __main__:on_log:99 - step=3475 | loss=0.064500 | grad_norm=0.429310 | learning_rate=0.000025 | epoch=0.399931
2026-02-21 11:17:09.001 | INFO     | __main__:on_log:99 - step=3480 | loss=0.104100 | grad_norm=0.649496 | learning_rate=0.000025 | epoch=0.400506
2026-02-21 11:17:21.909 | INFO     | __main__:on_log:99 - step=3485 | loss=0.077900 | grad_norm=0.526995 | learning_rate=0.000025 | epoch=0.401082
2026-02-21 11:17:34.820 | INFO     | __main__:on_log:99 - step=3490 | loss=0.090600 | grad_norm=0.324288 | learning_rate=0.000025 | epoch=0.401657
2026-02-21 11:17:47.719 | INFO     | __main__:on_log:99 - step=3495 | loss=0.096000 | grad_norm=0.757575 | learning_rate=0.000025 | epoch=0.402233
2026-02-21 11:18:00.626 | INFO     | __main__:on_log:99 - step=3500 | loss=0.070800 | grad_norm=0.489704 | learning_rate=0.000025 | epoch=0.402808
2026-02-21 11:18:13.546 | INFO     | __main__:on_log:99 - step=3505 | loss=0.068600 | grad_norm=0.650569 | learning_rate=0.000025 | epoch=0.403384
2026-02-21 11:18:26.450 | INFO     | __main__:on_log:99 - step=3510 | loss=0.079700 | grad_norm=0.646043 | learning_rate=0.000025 | epoch=0.403959
2026-02-21 11:18:39.369 | INFO     | __main__:on_log:99 - step=3515 | loss=0.110300 | grad_norm=0.580391 | learning_rate=0.000025 | epoch=0.404534
2026-02-21 11:18:52.274 | INFO     | __main__:on_log:99 - step=3520 | loss=0.068200 | grad_norm=0.380787 | learning_rate=0.000025 | epoch=0.405110
2026-02-21 11:19:05.182 | INFO     | __main__:on_log:99 - step=3525 | loss=0.109300 | grad_norm=0.785618 | learning_rate=0.000025 | epoch=0.405685
2026-02-21 11:19:18.085 | INFO     | __main__:on_log:99 - step=3530 | loss=0.073600 | grad_norm=0.568885 | learning_rate=0.000025 | epoch=0.406261
2026-02-21 11:19:30.987 | INFO     | __main__:on_log:99 - step=3535 | loss=0.066100 | grad_norm=0.441649 | learning_rate=0.000025 | epoch=0.406836
2026-02-21 11:19:43.888 | INFO     | __main__:on_log:99 - step=3540 | loss=0.109400 | grad_norm=1.115742 | learning_rate=0.000025 | epoch=0.407412
2026-02-21 11:19:56.793 | INFO     | __main__:on_log:99 - step=3545 | loss=0.085000 | grad_norm=0.832994 | learning_rate=0.000025 | epoch=0.407987
2026-02-21 11:20:09.697 | INFO     | __main__:on_log:99 - step=3550 | loss=0.106300 | grad_norm=0.664735 | learning_rate=0.000025 | epoch=0.408563
2026-02-21 11:20:22.601 | INFO     | __main__:on_log:99 - step=3555 | loss=0.075400 | grad_norm=0.579026 | learning_rate=0.000025 | epoch=0.409138
2026-02-21 11:20:35.509 | INFO     | __main__:on_log:99 - step=3560 | loss=0.088800 | grad_norm=0.865125 | learning_rate=0.000025 | epoch=0.409713
2026-02-21 11:20:48.412 | INFO     | __main__:on_log:99 - step=3565 | loss=0.091500 | grad_norm=0.477866 | learning_rate=0.000025 | epoch=0.410289
2026-02-21 11:21:01.318 | INFO     | __main__:on_log:99 - step=3570 | loss=0.079800 | grad_norm=0.580261 | learning_rate=0.000025 | epoch=0.410864
2026-02-21 11:21:14.209 | INFO     | __main__:on_log:99 - step=3575 | loss=0.090100 | grad_norm=0.773389 | learning_rate=0.000025 | epoch=0.411440
2026-02-21 11:21:27.096 | INFO     | __main__:on_log:99 - step=3580 | loss=0.067000 | grad_norm=0.620454 | learning_rate=0.000025 | epoch=0.412015
2026-02-21 11:21:39.984 | INFO     | __main__:on_log:99 - step=3585 | loss=0.072700 | grad_norm=0.659525 | learning_rate=0.000025 | epoch=0.412591
2026-02-21 11:21:52.872 | INFO     | __main__:on_log:99 - step=3590 | loss=0.081400 | grad_norm=0.607693 | learning_rate=0.000025 | epoch=0.413166
2026-02-21 11:22:05.763 | INFO     | __main__:on_log:99 - step=3595 | loss=0.076000 | grad_norm=0.554500 | learning_rate=0.000025 | epoch=0.413742
2026-02-21 11:22:18.648 | INFO     | __main__:on_log:99 - step=3600 | loss=0.079100 | grad_norm=0.749275 | learning_rate=0.000025 | epoch=0.414317
2026-02-21 11:22:31.534 | INFO     | __main__:on_log:99 - step=3605 | loss=0.063900 | grad_norm=0.700781 | learning_rate=0.000025 | epoch=0.414892
2026-02-21 11:22:44.429 | INFO     | __main__:on_log:99 - step=3610 | loss=0.142100 | grad_norm=1.099670 | learning_rate=0.000025 | epoch=0.415468
2026-02-21 11:22:57.322 | INFO     | __main__:on_log:99 - step=3615 | loss=0.112100 | grad_norm=0.725082 | learning_rate=0.000025 | epoch=0.416043
2026-02-21 11:23:10.212 | INFO     | __main__:on_log:99 - step=3620 | loss=0.079400 | grad_norm=0.499313 | learning_rate=0.000025 | epoch=0.416619
2026-02-21 11:23:23.099 | INFO     | __main__:on_log:99 - step=3625 | loss=0.079400 | grad_norm=0.525763 | learning_rate=0.000025 | epoch=0.417194
2026-02-21 11:23:35.986 | INFO     | __main__:on_log:99 - step=3630 | loss=0.080100 | grad_norm=0.429526 | learning_rate=0.000025 | epoch=0.417770
2026-02-21 11:23:48.876 | INFO     | __main__:on_log:99 - step=3635 | loss=0.066400 | grad_norm=0.763036 | learning_rate=0.000025 | epoch=0.418345
2026-02-21 11:24:01.782 | INFO     | __main__:on_log:99 - step=3640 | loss=0.085400 | grad_norm=0.536531 | learning_rate=0.000025 | epoch=0.418920
2026-02-21 11:24:14.669 | INFO     | __main__:on_log:99 - step=3645 | loss=0.059800 | grad_norm=0.515305 | learning_rate=0.000025 | epoch=0.419496
2026-02-21 11:24:27.556 | INFO     | __main__:on_log:99 - step=3650 | loss=0.074500 | grad_norm=0.736145 | learning_rate=0.000025 | epoch=0.420071
2026-02-21 11:24:40.440 | INFO     | __main__:on_log:99 - step=3655 | loss=0.133400 | grad_norm=0.829861 | learning_rate=0.000025 | epoch=0.420647
2026-02-21 11:24:53.334 | INFO     | __main__:on_log:99 - step=3660 | loss=0.064700 | grad_norm=0.636740 | learning_rate=0.000025 | epoch=0.421222
2026-02-21 11:25:06.238 | INFO     | __main__:on_log:99 - step=3665 | loss=0.094700 | grad_norm=0.542273 | learning_rate=0.000025 | epoch=0.421798
2026-02-21 11:25:19.148 | INFO     | __main__:on_log:99 - step=3670 | loss=0.063200 | grad_norm=0.488485 | learning_rate=0.000025 | epoch=0.422373
2026-02-21 11:25:32.050 | INFO     | __main__:on_log:99 - step=3675 | loss=0.066700 | grad_norm=0.551365 | learning_rate=0.000025 | epoch=0.422949
2026-02-21 11:25:44.950 | INFO     | __main__:on_log:99 - step=3680 | loss=0.061100 | grad_norm=0.473042 | learning_rate=0.000025 | epoch=0.423524
2026-02-21 11:25:57.850 | INFO     | __main__:on_log:99 - step=3685 | loss=0.103300 | grad_norm=0.736885 | learning_rate=0.000025 | epoch=0.424099
2026-02-21 11:26:10.746 | INFO     | __main__:on_log:99 - step=3690 | loss=0.077900 | grad_norm=0.717293 | learning_rate=0.000025 | epoch=0.424675
2026-02-21 11:26:23.644 | INFO     | __main__:on_log:99 - step=3695 | loss=0.100300 | grad_norm=0.684092 | learning_rate=0.000025 | epoch=0.425250
2026-02-21 11:26:36.539 | INFO     | __main__:on_log:99 - step=3700 | loss=0.052000 | grad_norm=0.404426 | learning_rate=0.000025 | epoch=0.425826
2026-02-21 11:26:49.441 | INFO     | __main__:on_log:99 - step=3705 | loss=0.118000 | grad_norm=0.805529 | learning_rate=0.000025 | epoch=0.426401
2026-02-21 11:27:02.354 | INFO     | __main__:on_log:99 - step=3710 | loss=0.076600 | grad_norm=0.425294 | learning_rate=0.000025 | epoch=0.426977
2026-02-21 11:27:15.258 | INFO     | __main__:on_log:99 - step=3715 | loss=0.092500 | grad_norm=0.602215 | learning_rate=0.000025 | epoch=0.427552
2026-02-21 11:27:28.160 | INFO     | __main__:on_log:99 - step=3720 | loss=0.080900 | grad_norm=0.879514 | learning_rate=0.000025 | epoch=0.428128
2026-02-21 11:27:41.061 | INFO     | __main__:on_log:99 - step=3725 | loss=0.087900 | grad_norm=0.559454 | learning_rate=0.000025 | epoch=0.428703
2026-02-21 11:27:53.970 | INFO     | __main__:on_log:99 - step=3730 | loss=0.066700 | grad_norm=0.532373 | learning_rate=0.000025 | epoch=0.429278
2026-02-21 11:28:06.879 | INFO     | __main__:on_log:99 - step=3735 | loss=0.057200 | grad_norm=0.491463 | learning_rate=0.000025 | epoch=0.429854
2026-02-21 11:28:19.783 | INFO     | __main__:on_log:99 - step=3740 | loss=0.099900 | grad_norm=0.650286 | learning_rate=0.000025 | epoch=0.430429
2026-02-21 11:28:32.688 | INFO     | __main__:on_log:99 - step=3745 | loss=0.068600 | grad_norm=0.400997 | learning_rate=0.000025 | epoch=0.431005
2026-02-21 11:28:45.588 | INFO     | __main__:on_log:99 - step=3750 | loss=0.084700 | grad_norm=0.692362 | learning_rate=0.000025 | epoch=0.431580
2026-02-21 11:28:58.490 | INFO     | __main__:on_log:99 - step=3755 | loss=0.081800 | grad_norm=0.709569 | learning_rate=0.000025 | epoch=0.432156
2026-02-21 11:29:11.385 | INFO     | __main__:on_log:99 - step=3760 | loss=0.112400 | grad_norm=0.814688 | learning_rate=0.000025 | epoch=0.432731
2026-02-21 11:29:24.289 | INFO     | __main__:on_log:99 - step=3765 | loss=0.079500 | grad_norm=0.472811 | learning_rate=0.000025 | epoch=0.433306
2026-02-21 11:29:37.184 | INFO     | __main__:on_log:99 - step=3770 | loss=0.080500 | grad_norm=0.589543 | learning_rate=0.000025 | epoch=0.433882
2026-02-21 11:29:50.082 | INFO     | __main__:on_log:99 - step=3775 | loss=0.082400 | grad_norm=0.777912 | learning_rate=0.000025 | epoch=0.434457
2026-02-21 11:30:02.984 | INFO     | __main__:on_log:99 - step=3780 | loss=0.087100 | grad_norm=0.801350 | learning_rate=0.000025 | epoch=0.435033
2026-02-21 11:30:15.886 | INFO     | __main__:on_log:99 - step=3785 | loss=0.074700 | grad_norm=0.538893 | learning_rate=0.000025 | epoch=0.435608
2026-02-21 11:30:28.792 | INFO     | __main__:on_log:99 - step=3790 | loss=0.079300 | grad_norm=0.415713 | learning_rate=0.000025 | epoch=0.436184
2026-02-21 11:30:41.690 | INFO     | __main__:on_log:99 - step=3795 | loss=0.074700 | grad_norm=0.607875 | learning_rate=0.000025 | epoch=0.436759
2026-02-21 11:30:54.588 | INFO     | __main__:on_log:99 - step=3800 | loss=0.090500 | grad_norm=0.902936 | learning_rate=0.000025 | epoch=0.437335
2026-02-21 11:31:07.497 | INFO     | __main__:on_log:99 - step=3805 | loss=0.079600 | grad_norm=0.501713 | learning_rate=0.000025 | epoch=0.437910
2026-02-21 11:31:20.397 | INFO     | __main__:on_log:99 - step=3810 | loss=0.079400 | grad_norm=0.406903 | learning_rate=0.000025 | epoch=0.438485
2026-02-21 11:31:33.280 | INFO     | __main__:on_log:99 - step=3815 | loss=0.086900 | grad_norm=0.871517 | learning_rate=0.000025 | epoch=0.439061
2026-02-21 11:31:46.160 | INFO     | __main__:on_log:99 - step=3820 | loss=0.064400 | grad_norm=0.477514 | learning_rate=0.000025 | epoch=0.439636
2026-02-21 11:31:59.043 | INFO     | __main__:on_log:99 - step=3825 | loss=0.064300 | grad_norm=0.654260 | learning_rate=0.000025 | epoch=0.440212
2026-02-21 11:32:11.928 | INFO     | __main__:on_log:99 - step=3830 | loss=0.071500 | grad_norm=0.416299 | learning_rate=0.000025 | epoch=0.440787
2026-02-21 11:32:24.822 | INFO     | __main__:on_log:99 - step=3835 | loss=0.079700 | grad_norm=0.755426 | learning_rate=0.000025 | epoch=0.441363
2026-02-21 11:32:37.705 | INFO     | __main__:on_log:99 - step=3840 | loss=0.097700 | grad_norm=0.556216 | learning_rate=0.000025 | epoch=0.441938
2026-02-21 11:32:50.591 | INFO     | __main__:on_log:99 - step=3845 | loss=0.073300 | grad_norm=0.483375 | learning_rate=0.000025 | epoch=0.442514
2026-02-21 11:33:03.483 | INFO     | __main__:on_log:99 - step=3850 | loss=0.074300 | grad_norm=0.417502 | learning_rate=0.000025 | epoch=0.443089
2026-02-21 11:33:16.372 | INFO     | __main__:on_log:99 - step=3855 | loss=0.094200 | grad_norm=0.536290 | learning_rate=0.000025 | epoch=0.443664
2026-02-21 11:33:29.255 | INFO     | __main__:on_log:99 - step=3860 | loss=0.077900 | grad_norm=0.644430 | learning_rate=0.000025 | epoch=0.444240
2026-02-21 11:33:42.148 | INFO     | __main__:on_log:99 - step=3865 | loss=0.065300 | grad_norm=0.513564 | learning_rate=0.000025 | epoch=0.444815
2026-02-21 11:33:55.032 | INFO     | __main__:on_log:99 - step=3870 | loss=0.091800 | grad_norm=0.511412 | learning_rate=0.000025 | epoch=0.445391
2026-02-21 11:34:07.914 | INFO     | __main__:on_log:99 - step=3875 | loss=0.078600 | grad_norm=0.727301 | learning_rate=0.000025 | epoch=0.445966
2026-02-21 11:34:20.801 | INFO     | __main__:on_log:99 - step=3880 | loss=0.072200 | grad_norm=0.566846 | learning_rate=0.000025 | epoch=0.446542
2026-02-21 11:34:33.681 | INFO     | __main__:on_log:99 - step=3885 | loss=0.072700 | grad_norm=0.790080 | learning_rate=0.000025 | epoch=0.447117
2026-02-21 11:34:46.567 | INFO     | __main__:on_log:99 - step=3890 | loss=0.090600 | grad_norm=0.775678 | learning_rate=0.000025 | epoch=0.447692
2026-02-21 11:34:59.451 | INFO     | __main__:on_log:99 - step=3895 | loss=0.094700 | grad_norm=0.701282 | learning_rate=0.000025 | epoch=0.448268
2026-02-21 11:35:12.340 | INFO     | __main__:on_log:99 - step=3900 | loss=0.094700 | grad_norm=0.639367 | learning_rate=0.000024 | epoch=0.448843
2026-02-21 11:35:25.223 | INFO     | __main__:on_log:99 - step=3905 | loss=0.077100 | grad_norm=0.753376 | learning_rate=0.000024 | epoch=0.449419
2026-02-21 11:35:38.114 | INFO     | __main__:on_log:99 - step=3910 | loss=0.072300 | grad_norm=0.529779 | learning_rate=0.000024 | epoch=0.449994
2026-02-21 11:35:51.013 | INFO     | __main__:on_log:99 - step=3915 | loss=0.060900 | grad_norm=0.384384 | learning_rate=0.000024 | epoch=0.450570
2026-02-21 11:36:03.903 | INFO     | __main__:on_log:99 - step=3920 | loss=0.091000 | grad_norm=0.747629 | learning_rate=0.000024 | epoch=0.451145
2026-02-21 11:36:16.806 | INFO     | __main__:on_log:99 - step=3925 | loss=0.088400 | grad_norm=0.410420 | learning_rate=0.000024 | epoch=0.451721
2026-02-21 11:36:29.705 | INFO     | __main__:on_log:99 - step=3930 | loss=0.067900 | grad_norm=0.469913 | learning_rate=0.000024 | epoch=0.452296
2026-02-21 11:36:42.597 | INFO     | __main__:on_log:99 - step=3935 | loss=0.080900 | grad_norm=0.712560 | learning_rate=0.000024 | epoch=0.452871
2026-02-21 11:36:55.494 | INFO     | __main__:on_log:99 - step=3940 | loss=0.088900 | grad_norm=0.537310 | learning_rate=0.000024 | epoch=0.453447
2026-02-21 11:37:08.395 | INFO     | __main__:on_log:99 - step=3945 | loss=0.079100 | grad_norm=0.530324 | learning_rate=0.000024 | epoch=0.454022
2026-02-21 11:37:21.289 | INFO     | __main__:on_log:99 - step=3950 | loss=0.075800 | grad_norm=0.395566 | learning_rate=0.000024 | epoch=0.454598
2026-02-21 11:37:34.188 | INFO     | __main__:on_log:99 - step=3955 | loss=0.073400 | grad_norm=0.759286 | learning_rate=0.000024 | epoch=0.455173
2026-02-21 11:37:47.073 | INFO     | __main__:on_log:99 - step=3960 | loss=0.073900 | grad_norm=0.469203 | learning_rate=0.000024 | epoch=0.455749
2026-02-21 11:37:59.964 | INFO     | __main__:on_log:99 - step=3965 | loss=0.097400 | grad_norm=0.659591 | learning_rate=0.000024 | epoch=0.456324
2026-02-21 11:38:12.855 | INFO     | __main__:on_log:99 - step=3970 | loss=0.070900 | grad_norm=0.449823 | learning_rate=0.000024 | epoch=0.456900
2026-02-21 11:38:25.745 | INFO     | __main__:on_log:99 - step=3975 | loss=0.076500 | grad_norm=0.433774 | learning_rate=0.000024 | epoch=0.457475
2026-02-21 11:38:38.654 | INFO     | __main__:on_log:99 - step=3980 | loss=0.074400 | grad_norm=0.539538 | learning_rate=0.000024 | epoch=0.458050
2026-02-21 11:38:51.556 | INFO     | __main__:on_log:99 - step=3985 | loss=0.082000 | grad_norm=0.550726 | learning_rate=0.000024 | epoch=0.458626
2026-02-21 11:39:04.454 | INFO     | __main__:on_log:99 - step=3990 | loss=0.075500 | grad_norm=0.470165 | learning_rate=0.000024 | epoch=0.459201
2026-02-21 11:39:17.354 | INFO     | __main__:on_log:99 - step=3995 | loss=0.079500 | grad_norm=0.368835 | learning_rate=0.000024 | epoch=0.459777
2026-02-21 11:39:30.259 | INFO     | __main__:on_log:99 - step=4000 | loss=0.080800 | grad_norm=0.946185 | learning_rate=0.000024 | epoch=0.460352
2026-02-21 11:39:43.169 | INFO     | __main__:on_log:99 - step=4005 | loss=0.081400 | grad_norm=0.534329 | learning_rate=0.000024 | epoch=0.460928
2026-02-21 11:39:56.069 | INFO     | __main__:on_log:99 - step=4010 | loss=0.087800 | grad_norm=0.694806 | learning_rate=0.000024 | epoch=0.461503
2026-02-21 11:40:08.973 | INFO     | __main__:on_log:99 - step=4015 | loss=0.103000 | grad_norm=0.607613 | learning_rate=0.000024 | epoch=0.462078
2026-02-21 11:40:21.872 | INFO     | __main__:on_log:99 - step=4020 | loss=0.055300 | grad_norm=0.456199 | learning_rate=0.000024 | epoch=0.462654
2026-02-21 11:40:34.774 | INFO     | __main__:on_log:99 - step=4025 | loss=0.095200 | grad_norm=0.670267 | learning_rate=0.000024 | epoch=0.463229
2026-02-21 11:40:47.678 | INFO     | __main__:on_log:99 - step=4030 | loss=0.078200 | grad_norm=0.466914 | learning_rate=0.000024 | epoch=0.463805
2026-02-21 11:41:00.579 | INFO     | __main__:on_log:99 - step=4035 | loss=0.059500 | grad_norm=0.509639 | learning_rate=0.000024 | epoch=0.464380
2026-02-21 11:41:13.486 | INFO     | __main__:on_log:99 - step=4040 | loss=0.071500 | grad_norm=0.402012 | learning_rate=0.000024 | epoch=0.464956
2026-02-21 11:41:26.389 | INFO     | __main__:on_log:99 - step=4045 | loss=0.088400 | grad_norm=0.548829 | learning_rate=0.000024 | epoch=0.465531
2026-02-21 11:41:39.292 | INFO     | __main__:on_log:99 - step=4050 | loss=0.066700 | grad_norm=0.475081 | learning_rate=0.000024 | epoch=0.466107
2026-02-21 11:41:52.195 | INFO     | __main__:on_log:99 - step=4055 | loss=0.084700 | grad_norm=0.526145 | learning_rate=0.000024 | epoch=0.466682
2026-02-21 11:42:05.100 | INFO     | __main__:on_log:99 - step=4060 | loss=0.082100 | grad_norm=0.547437 | learning_rate=0.000024 | epoch=0.467257
2026-02-21 11:42:18.004 | INFO     | __main__:on_log:99 - step=4065 | loss=0.072500 | grad_norm=0.620832 | learning_rate=0.000024 | epoch=0.467833
2026-02-21 11:42:30.905 | INFO     | __main__:on_log:99 - step=4070 | loss=0.068500 | grad_norm=0.841618 | learning_rate=0.000024 | epoch=0.468408
2026-02-21 11:42:43.799 | INFO     | __main__:on_log:99 - step=4075 | loss=0.099700 | grad_norm=0.694523 | learning_rate=0.000024 | epoch=0.468984
2026-02-21 11:42:56.692 | INFO     | __main__:on_log:99 - step=4080 | loss=0.064900 | grad_norm=0.385419 | learning_rate=0.000024 | epoch=0.469559
2026-02-21 11:43:09.595 | INFO     | __main__:on_log:99 - step=4085 | loss=0.059800 | grad_norm=0.647745 | learning_rate=0.000024 | epoch=0.470135
2026-02-21 11:43:22.499 | INFO     | __main__:on_log:99 - step=4090 | loss=0.113700 | grad_norm=1.007275 | learning_rate=0.000024 | epoch=0.470710
2026-02-21 11:43:35.399 | INFO     | __main__:on_log:99 - step=4095 | loss=0.080500 | grad_norm=0.649579 | learning_rate=0.000024 | epoch=0.471286
2026-02-21 11:43:48.301 | INFO     | __main__:on_log:99 - step=4100 | loss=0.075400 | grad_norm=0.670295 | learning_rate=0.000024 | epoch=0.471861
2026-02-21 11:44:01.205 | INFO     | __main__:on_log:99 - step=4105 | loss=0.049700 | grad_norm=0.612283 | learning_rate=0.000024 | epoch=0.472436
2026-02-21 11:44:14.105 | INFO     | __main__:on_log:99 - step=4110 | loss=0.079800 | grad_norm=0.595283 | learning_rate=0.000024 | epoch=0.473012
2026-02-21 11:44:27.017 | INFO     | __main__:on_log:99 - step=4115 | loss=0.093500 | grad_norm=0.524575 | learning_rate=0.000024 | epoch=0.473587
2026-02-21 11:44:39.942 | INFO     | __main__:on_log:99 - step=4120 | loss=0.073900 | grad_norm=0.413763 | learning_rate=0.000024 | epoch=0.474163
2026-02-21 11:44:52.854 | INFO     | __main__:on_log:99 - step=4125 | loss=0.100500 | grad_norm=0.981909 | learning_rate=0.000024 | epoch=0.474738
2026-02-21 11:45:05.767 | INFO     | __main__:on_log:99 - step=4130 | loss=0.120800 | grad_norm=0.957499 | learning_rate=0.000024 | epoch=0.475314
2026-02-21 11:45:18.686 | INFO     | __main__:on_log:99 - step=4135 | loss=0.097000 | grad_norm=0.588301 | learning_rate=0.000024 | epoch=0.475889
2026-02-21 11:45:31.593 | INFO     | __main__:on_log:99 - step=4140 | loss=0.109100 | grad_norm=0.504480 | learning_rate=0.000024 | epoch=0.476464
2026-02-21 11:45:44.508 | INFO     | __main__:on_log:99 - step=4145 | loss=0.083000 | grad_norm=0.378162 | learning_rate=0.000024 | epoch=0.477040
2026-02-21 11:45:57.433 | INFO     | __main__:on_log:99 - step=4150 | loss=0.089600 | grad_norm=0.932662 | learning_rate=0.000024 | epoch=0.477615
2026-02-21 11:46:10.343 | INFO     | __main__:on_log:99 - step=4155 | loss=0.067400 | grad_norm=0.352602 | learning_rate=0.000024 | epoch=0.478191
2026-02-21 11:46:23.275 | INFO     | __main__:on_log:99 - step=4160 | loss=0.050100 | grad_norm=0.409440 | learning_rate=0.000024 | epoch=0.478766
2026-02-21 11:46:36.182 | INFO     | __main__:on_log:99 - step=4165 | loss=0.076900 | grad_norm=0.582285 | learning_rate=0.000024 | epoch=0.479342
2026-02-21 11:46:49.098 | INFO     | __main__:on_log:99 - step=4170 | loss=0.073300 | grad_norm=0.642909 | learning_rate=0.000024 | epoch=0.479917
2026-02-21 11:47:02.014 | INFO     | __main__:on_log:99 - step=4175 | loss=0.052000 | grad_norm=0.523721 | learning_rate=0.000024 | epoch=0.480493
2026-02-21 11:47:14.926 | INFO     | __main__:on_log:99 - step=4180 | loss=0.076900 | grad_norm=0.537416 | learning_rate=0.000024 | epoch=0.481068
2026-02-21 11:47:27.826 | INFO     | __main__:on_log:99 - step=4185 | loss=0.071700 | grad_norm=0.782207 | learning_rate=0.000024 | epoch=0.481643
2026-02-21 11:47:40.722 | INFO     | __main__:on_log:99 - step=4190 | loss=0.075300 | grad_norm=0.568656 | learning_rate=0.000024 | epoch=0.482219
2026-02-21 11:47:53.636 | INFO     | __main__:on_log:99 - step=4195 | loss=0.070300 | grad_norm=0.625463 | learning_rate=0.000024 | epoch=0.482794
2026-02-21 11:48:06.552 | INFO     | __main__:on_log:99 - step=4200 | loss=0.063100 | grad_norm=0.363962 | learning_rate=0.000024 | epoch=0.483370
2026-02-21 11:48:19.459 | INFO     | __main__:on_log:99 - step=4205 | loss=0.072900 | grad_norm=0.416376 | learning_rate=0.000024 | epoch=0.483945
2026-02-21 11:48:32.365 | INFO     | __main__:on_log:99 - step=4210 | loss=0.064800 | grad_norm=0.432013 | learning_rate=0.000024 | epoch=0.484521
2026-02-21 11:48:45.278 | INFO     | __main__:on_log:99 - step=4215 | loss=0.097900 | grad_norm=0.556912 | learning_rate=0.000024 | epoch=0.485096
2026-02-21 11:48:58.190 | INFO     | __main__:on_log:99 - step=4220 | loss=0.081600 | grad_norm=0.504051 | learning_rate=0.000024 | epoch=0.485672
2026-02-21 11:49:11.099 | INFO     | __main__:on_log:99 - step=4225 | loss=0.068000 | grad_norm=0.511594 | learning_rate=0.000024 | epoch=0.486247
2026-02-21 11:49:24.024 | INFO     | __main__:on_log:99 - step=4230 | loss=0.100600 | grad_norm=0.438719 | learning_rate=0.000024 | epoch=0.486822
2026-02-21 11:49:36.931 | INFO     | __main__:on_log:99 - step=4235 | loss=0.062300 | grad_norm=0.415544 | learning_rate=0.000024 | epoch=0.487398
2026-02-21 11:49:49.833 | INFO     | __main__:on_log:99 - step=4240 | loss=0.063900 | grad_norm=0.296027 | learning_rate=0.000024 | epoch=0.487973
2026-02-21 11:50:02.733 | INFO     | __main__:on_log:99 - step=4245 | loss=0.072400 | grad_norm=0.619245 | learning_rate=0.000024 | epoch=0.488549
2026-02-21 11:50:15.630 | INFO     | __main__:on_log:99 - step=4250 | loss=0.066200 | grad_norm=0.647506 | learning_rate=0.000024 | epoch=0.489124
2026-02-21 11:50:28.530 | INFO     | __main__:on_log:99 - step=4255 | loss=0.086900 | grad_norm=0.623354 | learning_rate=0.000024 | epoch=0.489700
2026-02-21 11:50:41.439 | INFO     | __main__:on_log:99 - step=4260 | loss=0.069100 | grad_norm=0.531786 | learning_rate=0.000024 | epoch=0.490275
2026-02-21 11:50:54.348 | INFO     | __main__:on_log:99 - step=4265 | loss=0.055800 | grad_norm=0.388541 | learning_rate=0.000024 | epoch=0.490851
2026-02-21 11:51:07.258 | INFO     | __main__:on_log:99 - step=4270 | loss=0.072200 | grad_norm=0.436872 | learning_rate=0.000024 | epoch=0.491426
2026-02-21 11:51:20.176 | INFO     | __main__:on_log:99 - step=4275 | loss=0.065600 | grad_norm=0.352871 | learning_rate=0.000024 | epoch=0.492001
2026-02-21 11:51:33.091 | INFO     | __main__:on_log:99 - step=4280 | loss=0.088400 | grad_norm=0.671868 | learning_rate=0.000024 | epoch=0.492577
2026-02-21 11:51:45.997 | INFO     | __main__:on_log:99 - step=4285 | loss=0.086600 | grad_norm=0.561082 | learning_rate=0.000024 | epoch=0.493152
2026-02-21 11:51:58.895 | INFO     | __main__:on_log:99 - step=4290 | loss=0.108500 | grad_norm=1.072597 | learning_rate=0.000024 | epoch=0.493728
2026-02-21 11:52:11.799 | INFO     | __main__:on_log:99 - step=4295 | loss=0.079800 | grad_norm=0.658748 | learning_rate=0.000024 | epoch=0.494303
2026-02-21 11:52:24.703 | INFO     | __main__:on_log:99 - step=4300 | loss=0.084600 | grad_norm=0.720956 | learning_rate=0.000024 | epoch=0.494879
2026-02-21 11:52:37.619 | INFO     | __main__:on_log:99 - step=4305 | loss=0.067700 | grad_norm=0.596396 | learning_rate=0.000024 | epoch=0.495454
2026-02-21 11:52:50.520 | INFO     | __main__:on_log:99 - step=4310 | loss=0.065600 | grad_norm=0.767171 | learning_rate=0.000024 | epoch=0.496029
2026-02-21 11:53:03.423 | INFO     | __main__:on_log:99 - step=4315 | loss=0.101800 | grad_norm=0.944743 | learning_rate=0.000024 | epoch=0.496605
2026-02-21 11:53:16.324 | INFO     | __main__:on_log:99 - step=4320 | loss=0.098900 | grad_norm=0.530232 | learning_rate=0.000024 | epoch=0.497180
2026-02-21 11:53:29.232 | INFO     | __main__:on_log:99 - step=4325 | loss=0.073400 | grad_norm=0.623264 | learning_rate=0.000024 | epoch=0.497756
2026-02-21 11:53:42.147 | INFO     | __main__:on_log:99 - step=4330 | loss=0.066100 | grad_norm=0.462056 | learning_rate=0.000024 | epoch=0.498331
2026-02-21 11:53:55.053 | INFO     | __main__:on_log:99 - step=4335 | loss=0.098600 | grad_norm=0.708398 | learning_rate=0.000024 | epoch=0.498907
2026-02-21 11:54:07.975 | INFO     | __main__:on_log:99 - step=4340 | loss=0.090900 | grad_norm=0.485862 | learning_rate=0.000024 | epoch=0.499482
2026-02-21 11:54:20.897 | INFO     | __main__:on_log:99 - step=4345 | loss=0.062000 | grad_norm=0.454885 | learning_rate=0.000024 | epoch=0.500058
2026-02-21 11:54:33.784 | INFO     | __main__:on_log:99 - step=4350 | loss=0.076500 | grad_norm=0.639298 | learning_rate=0.000024 | epoch=0.500633
2026-02-21 11:54:46.678 | INFO     | __main__:on_log:99 - step=4355 | loss=0.066800 | grad_norm=0.639707 | learning_rate=0.000024 | epoch=0.501208
2026-02-21 11:54:59.577 | INFO     | __main__:on_log:99 - step=4360 | loss=0.060800 | grad_norm=0.453061 | learning_rate=0.000024 | epoch=0.501784
2026-02-21 11:55:12.463 | INFO     | __main__:on_log:99 - step=4365 | loss=0.100200 | grad_norm=0.802277 | learning_rate=0.000024 | epoch=0.502359
2026-02-21 11:55:25.350 | INFO     | __main__:on_log:99 - step=4370 | loss=0.058500 | grad_norm=0.502456 | learning_rate=0.000024 | epoch=0.502935
2026-02-21 11:55:38.239 | INFO     | __main__:on_log:99 - step=4375 | loss=0.087100 | grad_norm=0.615468 | learning_rate=0.000024 | epoch=0.503510
2026-02-21 11:55:51.130 | INFO     | __main__:on_log:99 - step=4380 | loss=0.070500 | grad_norm=0.517525 | learning_rate=0.000024 | epoch=0.504086
2026-02-21 11:56:04.014 | INFO     | __main__:on_log:99 - step=4385 | loss=0.076400 | grad_norm=0.598125 | learning_rate=0.000024 | epoch=0.504661
2026-02-21 11:56:16.905 | INFO     | __main__:on_log:99 - step=4390 | loss=0.076200 | grad_norm=0.630608 | learning_rate=0.000024 | epoch=0.505237
2026-02-21 11:56:29.792 | INFO     | __main__:on_log:99 - step=4395 | loss=0.071200 | grad_norm=0.543807 | learning_rate=0.000024 | epoch=0.505812
2026-02-21 11:56:42.675 | INFO     | __main__:on_log:99 - step=4400 | loss=0.080700 | grad_norm=0.485956 | learning_rate=0.000024 | epoch=0.506387
2026-02-21 11:56:55.563 | INFO     | __main__:on_log:99 - step=4405 | loss=0.080000 | grad_norm=0.413656 | learning_rate=0.000024 | epoch=0.506963
2026-02-21 11:57:08.449 | INFO     | __main__:on_log:99 - step=4410 | loss=0.062600 | grad_norm=0.395778 | learning_rate=0.000024 | epoch=0.507538
2026-02-21 11:57:21.345 | INFO     | __main__:on_log:99 - step=4415 | loss=0.072900 | grad_norm=0.851115 | learning_rate=0.000024 | epoch=0.508114
2026-02-21 11:57:34.249 | INFO     | __main__:on_log:99 - step=4420 | loss=0.072400 | grad_norm=0.466221 | learning_rate=0.000024 | epoch=0.508689
2026-02-21 11:57:47.147 | INFO     | __main__:on_log:99 - step=4425 | loss=0.101500 | grad_norm=0.860128 | learning_rate=0.000024 | epoch=0.509265
2026-02-21 11:58:00.053 | INFO     | __main__:on_log:99 - step=4430 | loss=0.065500 | grad_norm=0.572452 | learning_rate=0.000024 | epoch=0.509840
2026-02-21 11:58:12.952 | INFO     | __main__:on_log:99 - step=4435 | loss=0.096500 | grad_norm=0.500646 | learning_rate=0.000024 | epoch=0.510415
2026-02-21 11:58:25.844 | INFO     | __main__:on_log:99 - step=4440 | loss=0.089400 | grad_norm=0.746619 | learning_rate=0.000024 | epoch=0.510991
2026-02-21 11:58:38.745 | INFO     | __main__:on_log:99 - step=4445 | loss=0.064400 | grad_norm=0.833940 | learning_rate=0.000024 | epoch=0.511566
2026-02-21 11:58:51.646 | INFO     | __main__:on_log:99 - step=4450 | loss=0.092100 | grad_norm=0.696228 | learning_rate=0.000023 | epoch=0.512142
2026-02-21 11:59:04.547 | INFO     | __main__:on_log:99 - step=4455 | loss=0.098400 | grad_norm=0.839025 | learning_rate=0.000023 | epoch=0.512717
2026-02-21 11:59:17.436 | INFO     | __main__:on_log:99 - step=4460 | loss=0.102000 | grad_norm=0.521092 | learning_rate=0.000023 | epoch=0.513293
2026-02-21 11:59:30.352 | INFO     | __main__:on_log:99 - step=4465 | loss=0.074400 | grad_norm=0.330978 | learning_rate=0.000023 | epoch=0.513868
2026-02-21 11:59:43.246 | INFO     | __main__:on_log:99 - step=4470 | loss=0.076000 | grad_norm=0.401456 | learning_rate=0.000023 | epoch=0.514444
2026-02-21 11:59:56.143 | INFO     | __main__:on_log:99 - step=4475 | loss=0.074200 | grad_norm=0.443046 | learning_rate=0.000023 | epoch=0.515019
2026-02-21 12:00:09.037 | INFO     | __main__:on_log:99 - step=4480 | loss=0.070500 | grad_norm=0.525342 | learning_rate=0.000023 | epoch=0.515594
2026-02-21 12:00:21.927 | INFO     | __main__:on_log:99 - step=4485 | loss=0.093900 | grad_norm=0.714986 | learning_rate=0.000023 | epoch=0.516170
2026-02-21 12:00:34.833 | INFO     | __main__:on_log:99 - step=4490 | loss=0.063900 | grad_norm=0.408443 | learning_rate=0.000023 | epoch=0.516745
2026-02-21 12:00:47.734 | INFO     | __main__:on_log:99 - step=4495 | loss=0.063200 | grad_norm=0.721254 | learning_rate=0.000023 | epoch=0.517321
2026-02-21 12:01:00.640 | INFO     | __main__:on_log:99 - step=4500 | loss=0.058900 | grad_norm=0.372528 | learning_rate=0.000023 | epoch=0.517896
2026-02-21 12:01:13.538 | INFO     | __main__:on_log:99 - step=4505 | loss=0.072500 | grad_norm=0.399838 | learning_rate=0.000023 | epoch=0.518472
2026-02-21 12:01:26.435 | INFO     | __main__:on_log:99 - step=4510 | loss=0.080600 | grad_norm=0.475413 | learning_rate=0.000023 | epoch=0.519047
2026-02-21 12:01:39.343 | INFO     | __main__:on_log:99 - step=4515 | loss=0.059700 | grad_norm=0.368430 | learning_rate=0.000023 | epoch=0.519623
2026-02-21 12:01:52.253 | INFO     | __main__:on_log:99 - step=4520 | loss=0.086800 | grad_norm=0.543507 | learning_rate=0.000023 | epoch=0.520198
2026-02-21 12:02:05.158 | INFO     | __main__:on_log:99 - step=4525 | loss=0.078000 | grad_norm=0.611147 | learning_rate=0.000023 | epoch=0.520773
2026-02-21 12:02:18.068 | INFO     | __main__:on_log:99 - step=4530 | loss=0.070800 | grad_norm=0.744786 | learning_rate=0.000023 | epoch=0.521349
2026-02-21 12:02:30.970 | INFO     | __main__:on_log:99 - step=4535 | loss=0.058700 | grad_norm=0.501886 | learning_rate=0.000023 | epoch=0.521924
2026-02-21 12:02:43.882 | INFO     | __main__:on_log:99 - step=4540 | loss=0.072400 | grad_norm=0.377968 | learning_rate=0.000023 | epoch=0.522500
2026-02-21 12:02:56.797 | INFO     | __main__:on_log:99 - step=4545 | loss=0.073900 | grad_norm=0.535807 | learning_rate=0.000023 | epoch=0.523075
2026-02-21 12:03:09.704 | INFO     | __main__:on_log:99 - step=4550 | loss=0.077200 | grad_norm=0.494300 | learning_rate=0.000023 | epoch=0.523651
2026-02-21 12:03:22.612 | INFO     | __main__:on_log:99 - step=4555 | loss=0.064200 | grad_norm=0.586452 | learning_rate=0.000023 | epoch=0.524226
2026-02-21 12:03:35.517 | INFO     | __main__:on_log:99 - step=4560 | loss=0.084500 | grad_norm=0.620050 | learning_rate=0.000023 | epoch=0.524801
2026-02-21 12:03:48.422 | INFO     | __main__:on_log:99 - step=4565 | loss=0.074900 | grad_norm=0.574893 | learning_rate=0.000023 | epoch=0.525377
2026-02-21 12:04:01.327 | INFO     | __main__:on_log:99 - step=4570 | loss=0.058600 | grad_norm=0.390093 | learning_rate=0.000023 | epoch=0.525952
2026-02-21 12:04:14.231 | INFO     | __main__:on_log:99 - step=4575 | loss=0.086600 | grad_norm=0.558590 | learning_rate=0.000023 | epoch=0.526528
2026-02-21 12:04:27.132 | INFO     | __main__:on_log:99 - step=4580 | loss=0.063400 | grad_norm=0.622688 | learning_rate=0.000023 | epoch=0.527103
2026-02-21 12:04:40.039 | INFO     | __main__:on_log:99 - step=4585 | loss=0.046400 | grad_norm=0.535725 | learning_rate=0.000023 | epoch=0.527679
2026-02-21 12:04:52.933 | INFO     | __main__:on_log:99 - step=4590 | loss=0.077500 | grad_norm=0.691379 | learning_rate=0.000023 | epoch=0.528254
2026-02-21 12:05:05.833 | INFO     | __main__:on_log:99 - step=4595 | loss=0.084100 | grad_norm=0.751588 | learning_rate=0.000023 | epoch=0.528830
2026-02-21 12:05:18.738 | INFO     | __main__:on_log:99 - step=4600 | loss=0.050600 | grad_norm=0.569324 | learning_rate=0.000023 | epoch=0.529405
2026-02-21 12:05:31.635 | INFO     | __main__:on_log:99 - step=4605 | loss=0.091200 | grad_norm=0.513167 | learning_rate=0.000023 | epoch=0.529980
2026-02-21 12:05:44.536 | INFO     | __main__:on_log:99 - step=4610 | loss=0.083500 | grad_norm=0.726020 | learning_rate=0.000023 | epoch=0.530556
2026-02-21 12:05:57.431 | INFO     | __main__:on_log:99 - step=4615 | loss=0.090700 | grad_norm=0.446484 | learning_rate=0.000023 | epoch=0.531131
2026-02-21 12:06:10.335 | INFO     | __main__:on_log:99 - step=4620 | loss=0.070500 | grad_norm=0.512784 | learning_rate=0.000023 | epoch=0.531707
2026-02-21 12:06:23.236 | INFO     | __main__:on_log:99 - step=4625 | loss=0.077300 | grad_norm=0.789033 | learning_rate=0.000023 | epoch=0.532282
2026-02-21 12:06:36.143 | INFO     | __main__:on_log:99 - step=4630 | loss=0.067200 | grad_norm=0.593824 | learning_rate=0.000023 | epoch=0.532858
2026-02-21 12:06:49.039 | INFO     | __main__:on_log:99 - step=4635 | loss=0.079700 | grad_norm=0.501064 | learning_rate=0.000023 | epoch=0.533433
2026-02-21 12:07:01.948 | INFO     | __main__:on_log:99 - step=4640 | loss=0.071700 | grad_norm=0.782032 | learning_rate=0.000023 | epoch=0.534009
2026-02-21 12:07:14.849 | INFO     | __main__:on_log:99 - step=4645 | loss=0.064800 | grad_norm=0.450421 | learning_rate=0.000023 | epoch=0.534584
2026-02-21 12:07:27.750 | INFO     | __main__:on_log:99 - step=4650 | loss=0.067700 | grad_norm=0.470279 | learning_rate=0.000023 | epoch=0.535159
2026-02-21 12:07:40.652 | INFO     | __main__:on_log:99 - step=4655 | loss=0.099400 | grad_norm=0.694398 | learning_rate=0.000023 | epoch=0.535735
2026-02-21 12:07:53.559 | INFO     | __main__:on_log:99 - step=4660 | loss=0.082500 | grad_norm=0.575369 | learning_rate=0.000023 | epoch=0.536310
2026-02-21 12:08:06.459 | INFO     | __main__:on_log:99 - step=4665 | loss=0.068700 | grad_norm=0.609726 | learning_rate=0.000023 | epoch=0.536886
2026-02-21 12:08:19.365 | INFO     | __main__:on_log:99 - step=4670 | loss=0.071500 | grad_norm=0.519832 | learning_rate=0.000023 | epoch=0.537461
2026-02-21 12:08:32.266 | INFO     | __main__:on_log:99 - step=4675 | loss=0.082900 | grad_norm=0.353604 | learning_rate=0.000023 | epoch=0.538037
2026-02-21 12:08:45.168 | INFO     | __main__:on_log:99 - step=4680 | loss=0.075600 | grad_norm=0.741593 | learning_rate=0.000023 | epoch=0.538612
2026-02-21 12:08:58.070 | INFO     | __main__:on_log:99 - step=4685 | loss=0.087800 | grad_norm=0.845481 | learning_rate=0.000023 | epoch=0.539187
2026-02-21 12:09:10.977 | INFO     | __main__:on_log:99 - step=4690 | loss=0.088100 | grad_norm=0.909407 | learning_rate=0.000023 | epoch=0.539763
2026-02-21 12:09:23.884 | INFO     | __main__:on_log:99 - step=4695 | loss=0.077400 | grad_norm=0.453092 | learning_rate=0.000023 | epoch=0.540338
2026-02-21 12:09:36.793 | INFO     | __main__:on_log:99 - step=4700 | loss=0.065800 | grad_norm=0.426473 | learning_rate=0.000023 | epoch=0.540914
2026-02-21 12:09:49.692 | INFO     | __main__:on_log:99 - step=4705 | loss=0.092300 | grad_norm=0.611508 | learning_rate=0.000023 | epoch=0.541489
2026-02-21 12:10:02.589 | INFO     | __main__:on_log:99 - step=4710 | loss=0.077200 | grad_norm=0.716641 | learning_rate=0.000023 | epoch=0.542065
2026-02-21 12:10:15.487 | INFO     | __main__:on_log:99 - step=4715 | loss=0.065700 | grad_norm=0.478973 | learning_rate=0.000023 | epoch=0.542640
2026-02-21 12:10:28.385 | INFO     | __main__:on_log:99 - step=4720 | loss=0.069600 | grad_norm=0.767418 | learning_rate=0.000023 | epoch=0.543216
2026-02-21 12:10:41.288 | INFO     | __main__:on_log:99 - step=4725 | loss=0.096700 | grad_norm=0.564190 | learning_rate=0.000023 | epoch=0.543791
2026-02-21 12:10:54.186 | INFO     | __main__:on_log:99 - step=4730 | loss=0.069400 | grad_norm=0.540096 | learning_rate=0.000023 | epoch=0.544366
2026-02-21 12:11:07.083 | INFO     | __main__:on_log:99 - step=4735 | loss=0.096100 | grad_norm=0.972926 | learning_rate=0.000023 | epoch=0.544942
2026-02-21 12:11:19.979 | INFO     | __main__:on_log:99 - step=4740 | loss=0.079500 | grad_norm=0.678477 | learning_rate=0.000023 | epoch=0.545517
2026-02-21 12:11:32.877 | INFO     | __main__:on_log:99 - step=4745 | loss=0.062500 | grad_norm=0.576319 | learning_rate=0.000023 | epoch=0.546093
2026-02-21 12:11:45.777 | INFO     | __main__:on_log:99 - step=4750 | loss=0.081900 | grad_norm=0.756941 | learning_rate=0.000023 | epoch=0.546668
2026-02-21 12:11:58.676 | INFO     | __main__:on_log:99 - step=4755 | loss=0.082100 | grad_norm=0.652298 | learning_rate=0.000023 | epoch=0.547244
2026-02-21 12:12:11.577 | INFO     | __main__:on_log:99 - step=4760 | loss=0.070600 | grad_norm=0.516782 | learning_rate=0.000023 | epoch=0.547819
2026-02-21 12:12:24.477 | INFO     | __main__:on_log:99 - step=4765 | loss=0.093100 | grad_norm=0.785820 | learning_rate=0.000023 | epoch=0.548395
2026-02-21 12:12:37.379 | INFO     | __main__:on_log:99 - step=4770 | loss=0.112700 | grad_norm=0.468000 | learning_rate=0.000023 | epoch=0.548970
2026-02-21 12:12:50.280 | INFO     | __main__:on_log:99 - step=4775 | loss=0.111600 | grad_norm=0.561366 | learning_rate=0.000023 | epoch=0.549545
2026-02-21 12:13:03.183 | INFO     | __main__:on_log:99 - step=4780 | loss=0.059700 | grad_norm=0.789912 | learning_rate=0.000023 | epoch=0.550121
2026-02-21 12:13:16.101 | INFO     | __main__:on_log:99 - step=4785 | loss=0.058500 | grad_norm=0.387320 | learning_rate=0.000023 | epoch=0.550696
2026-02-21 12:13:29.031 | INFO     | __main__:on_log:99 - step=4790 | loss=0.079400 | grad_norm=0.381026 | learning_rate=0.000023 | epoch=0.551272
2026-02-21 12:13:41.963 | INFO     | __main__:on_log:99 - step=4795 | loss=0.074500 | grad_norm=0.613670 | learning_rate=0.000023 | epoch=0.551847
2026-02-21 12:13:54.883 | INFO     | __main__:on_log:99 - step=4800 | loss=0.084200 | grad_norm=0.542219 | learning_rate=0.000023 | epoch=0.552423
2026-02-21 12:14:07.797 | INFO     | __main__:on_log:99 - step=4805 | loss=0.081600 | grad_norm=0.333036 | learning_rate=0.000023 | epoch=0.552998
2026-02-21 12:14:20.715 | INFO     | __main__:on_log:99 - step=4810 | loss=0.103200 | grad_norm=0.777440 | learning_rate=0.000023 | epoch=0.553573
2026-02-21 12:14:33.628 | INFO     | __main__:on_log:99 - step=4815 | loss=0.079500 | grad_norm=0.587180 | learning_rate=0.000023 | epoch=0.554149
2026-02-21 12:14:46.540 | INFO     | __main__:on_log:99 - step=4820 | loss=0.085200 | grad_norm=0.525309 | learning_rate=0.000023 | epoch=0.554724
2026-02-21 12:14:59.468 | INFO     | __main__:on_log:99 - step=4825 | loss=0.092200 | grad_norm=0.780200 | learning_rate=0.000023 | epoch=0.555300
2026-02-21 12:15:12.390 | INFO     | __main__:on_log:99 - step=4830 | loss=0.057300 | grad_norm=0.761203 | learning_rate=0.000023 | epoch=0.555875
2026-02-21 12:15:25.314 | INFO     | __main__:on_log:99 - step=4835 | loss=0.091300 | grad_norm=0.631267 | learning_rate=0.000023 | epoch=0.556451
2026-02-21 12:15:38.246 | INFO     | __main__:on_log:99 - step=4840 | loss=0.074500 | grad_norm=0.509547 | learning_rate=0.000023 | epoch=0.557026
2026-02-21 12:15:51.175 | INFO     | __main__:on_log:99 - step=4845 | loss=0.075600 | grad_norm=0.637679 | learning_rate=0.000023 | epoch=0.557602
2026-02-21 12:16:04.102 | INFO     | __main__:on_log:99 - step=4850 | loss=0.084300 | grad_norm=0.632284 | learning_rate=0.000023 | epoch=0.558177
2026-02-21 12:16:17.025 | INFO     | __main__:on_log:99 - step=4855 | loss=0.070700 | grad_norm=0.679956 | learning_rate=0.000023 | epoch=0.558752
2026-02-21 12:16:29.941 | INFO     | __main__:on_log:99 - step=4860 | loss=0.078700 | grad_norm=0.419679 | learning_rate=0.000023 | epoch=0.559328
2026-02-21 12:16:42.857 | INFO     | __main__:on_log:99 - step=4865 | loss=0.081900 | grad_norm=0.620122 | learning_rate=0.000023 | epoch=0.559903
2026-02-21 12:16:55.772 | INFO     | __main__:on_log:99 - step=4870 | loss=0.097200 | grad_norm=0.776327 | learning_rate=0.000023 | epoch=0.560479
2026-02-21 12:17:08.680 | INFO     | __main__:on_log:99 - step=4875 | loss=0.096000 | grad_norm=0.572691 | learning_rate=0.000023 | epoch=0.561054
2026-02-21 12:17:21.606 | INFO     | __main__:on_log:99 - step=4880 | loss=0.062100 | grad_norm=0.531956 | learning_rate=0.000023 | epoch=0.561630
2026-02-21 12:17:34.511 | INFO     | __main__:on_log:99 - step=4885 | loss=0.077800 | grad_norm=0.430061 | learning_rate=0.000023 | epoch=0.562205
2026-02-21 12:17:47.412 | INFO     | __main__:on_log:99 - step=4890 | loss=0.076300 | grad_norm=0.670503 | learning_rate=0.000023 | epoch=0.562781
2026-02-21 12:18:00.318 | INFO     | __main__:on_log:99 - step=4895 | loss=0.069900 | grad_norm=0.454402 | learning_rate=0.000023 | epoch=0.563356
2026-02-21 12:18:13.218 | INFO     | __main__:on_log:99 - step=4900 | loss=0.068000 | grad_norm=0.561656 | learning_rate=0.000023 | epoch=0.563931
2026-02-21 12:18:26.120 | INFO     | __main__:on_log:99 - step=4905 | loss=0.065000 | grad_norm=0.494907 | learning_rate=0.000023 | epoch=0.564507
2026-02-21 12:18:39.022 | INFO     | __main__:on_log:99 - step=4910 | loss=0.091900 | grad_norm=0.436063 | learning_rate=0.000023 | epoch=0.565082
2026-02-21 12:18:51.937 | INFO     | __main__:on_log:99 - step=4915 | loss=0.057900 | grad_norm=0.469429 | learning_rate=0.000023 | epoch=0.565658
2026-02-21 12:19:04.851 | INFO     | __main__:on_log:99 - step=4920 | loss=0.099800 | grad_norm=0.424760 | learning_rate=0.000023 | epoch=0.566233
2026-02-21 12:19:17.755 | INFO     | __main__:on_log:99 - step=4925 | loss=0.077800 | grad_norm=0.844475 | learning_rate=0.000023 | epoch=0.566809
2026-02-21 12:19:30.639 | INFO     | __main__:on_log:99 - step=4930 | loss=0.071500 | grad_norm=0.561461 | learning_rate=0.000023 | epoch=0.567384
2026-02-21 12:19:43.534 | INFO     | __main__:on_log:99 - step=4935 | loss=0.071400 | grad_norm=0.760013 | learning_rate=0.000023 | epoch=0.567959
2026-02-21 12:19:56.440 | INFO     | __main__:on_log:99 - step=4940 | loss=0.086200 | grad_norm=0.862881 | learning_rate=0.000023 | epoch=0.568535
2026-02-21 12:20:09.358 | INFO     | __main__:on_log:99 - step=4945 | loss=0.075200 | grad_norm=0.392160 | learning_rate=0.000023 | epoch=0.569110
2026-02-21 12:20:22.265 | INFO     | __main__:on_log:99 - step=4950 | loss=0.079300 | grad_norm=0.583996 | learning_rate=0.000023 | epoch=0.569686
2026-02-21 12:20:35.179 | INFO     | __main__:on_log:99 - step=4955 | loss=0.090700 | grad_norm=0.851656 | learning_rate=0.000023 | epoch=0.570261
2026-02-21 12:20:48.088 | INFO     | __main__:on_log:99 - step=4960 | loss=0.073700 | grad_norm=0.668283 | learning_rate=0.000023 | epoch=0.570837
2026-02-21 12:21:00.997 | INFO     | __main__:on_log:99 - step=4965 | loss=0.083600 | grad_norm=0.545546 | learning_rate=0.000023 | epoch=0.571412
2026-02-21 12:21:13.912 | INFO     | __main__:on_log:99 - step=4970 | loss=0.055400 | grad_norm=0.659500 | learning_rate=0.000023 | epoch=0.571988
2026-02-21 12:21:26.828 | INFO     | __main__:on_log:99 - step=4975 | loss=0.073000 | grad_norm=0.614243 | learning_rate=0.000023 | epoch=0.572563
2026-02-21 12:21:39.732 | INFO     | __main__:on_log:99 - step=4980 | loss=0.093000 | grad_norm=0.819632 | learning_rate=0.000023 | epoch=0.573138
2026-02-21 12:21:52.632 | INFO     | __main__:on_log:99 - step=4985 | loss=0.077400 | grad_norm=0.582195 | learning_rate=0.000023 | epoch=0.573714
2026-02-21 12:22:05.534 | INFO     | __main__:on_log:99 - step=4990 | loss=0.083700 | grad_norm=1.032108 | learning_rate=0.000023 | epoch=0.574289
2026-02-21 12:22:18.433 | INFO     | __main__:on_log:99 - step=4995 | loss=0.086100 | grad_norm=0.743910 | learning_rate=0.000023 | epoch=0.574865
2026-02-21 12:22:31.332 | INFO     | __main__:on_log:99 - step=5000 | loss=0.087100 | grad_norm=0.720225 | learning_rate=0.000022 | epoch=0.575440
2026-02-21 12:50:53.369 | INFO     | __main__:on_log:99 - step=5000 | epoch=0.575440
2026-02-21 12:51:06.947 | INFO     | __main__:on_log:99 - step=5005 | loss=0.077800 | grad_norm=0.380662 | learning_rate=0.000022 | epoch=0.576016
2026-02-21 12:51:19.836 | INFO     | __main__:on_log:99 - step=5010 | loss=0.077200 | grad_norm=0.963514 | learning_rate=0.000022 | epoch=0.576591
2026-02-21 12:51:32.722 | INFO     | __main__:on_log:99 - step=5015 | loss=0.104300 | grad_norm=1.183953 | learning_rate=0.000022 | epoch=0.577167
2026-02-21 12:51:45.606 | INFO     | __main__:on_log:99 - step=5020 | loss=0.092000 | grad_norm=0.483341 | learning_rate=0.000022 | epoch=0.577742
2026-02-21 12:51:58.486 | INFO     | __main__:on_log:99 - step=5025 | loss=0.089300 | grad_norm=0.549723 | learning_rate=0.000022 | epoch=0.578317
2026-02-21 12:52:11.360 | INFO     | __main__:on_log:99 - step=5030 | loss=0.050500 | grad_norm=0.532988 | learning_rate=0.000022 | epoch=0.578893
2026-02-21 12:52:24.231 | INFO     | __main__:on_log:99 - step=5035 | loss=0.121600 | grad_norm=0.478986 | learning_rate=0.000022 | epoch=0.579468
2026-02-21 12:52:37.100 | INFO     | __main__:on_log:99 - step=5040 | loss=0.076200 | grad_norm=0.568734 | learning_rate=0.000022 | epoch=0.580044
2026-02-21 12:52:49.973 | INFO     | __main__:on_log:99 - step=5045 | loss=0.059100 | grad_norm=0.559821 | learning_rate=0.000022 | epoch=0.580619
2026-02-21 12:53:02.845 | INFO     | __main__:on_log:99 - step=5050 | loss=0.063800 | grad_norm=0.685414 | learning_rate=0.000022 | epoch=0.581195
2026-02-21 12:53:15.716 | INFO     | __main__:on_log:99 - step=5055 | loss=0.082700 | grad_norm=0.739740 | learning_rate=0.000022 | epoch=0.581770
2026-02-21 12:53:28.583 | INFO     | __main__:on_log:99 - step=5060 | loss=0.080300 | grad_norm=0.973837 | learning_rate=0.000022 | epoch=0.582345
2026-02-21 12:53:41.451 | INFO     | __main__:on_log:99 - step=5065 | loss=0.108200 | grad_norm=0.592349 | learning_rate=0.000022 | epoch=0.582921
2026-02-21 12:53:54.319 | INFO     | __main__:on_log:99 - step=5070 | loss=0.073600 | grad_norm=0.687731 | learning_rate=0.000022 | epoch=0.583496
2026-02-21 12:54:07.201 | INFO     | __main__:on_log:99 - step=5075 | loss=0.092700 | grad_norm=0.737080 | learning_rate=0.000022 | epoch=0.584072
2026-02-21 12:54:20.093 | INFO     | __main__:on_log:99 - step=5080 | loss=0.092800 | grad_norm=0.714808 | learning_rate=0.000022 | epoch=0.584647
2026-02-21 12:54:32.976 | INFO     | __main__:on_log:99 - step=5085 | loss=0.108700 | grad_norm=0.647989 | learning_rate=0.000022 | epoch=0.585223
2026-02-21 12:54:45.858 | INFO     | __main__:on_log:99 - step=5090 | loss=0.060200 | grad_norm=0.348072 | learning_rate=0.000022 | epoch=0.585798
2026-02-21 12:54:58.737 | INFO     | __main__:on_log:99 - step=5095 | loss=0.087100 | grad_norm=0.463688 | learning_rate=0.000022 | epoch=0.586374
2026-02-21 12:55:11.622 | INFO     | __main__:on_log:99 - step=5100 | loss=0.080700 | grad_norm=0.288556 | learning_rate=0.000022 | epoch=0.586949
2026-02-21 12:55:24.509 | INFO     | __main__:on_log:99 - step=5105 | loss=0.057700 | grad_norm=0.560699 | learning_rate=0.000022 | epoch=0.587524
2026-02-21 12:55:37.396 | INFO     | __main__:on_log:99 - step=5110 | loss=0.074100 | grad_norm=0.805819 | learning_rate=0.000022 | epoch=0.588100
2026-02-21 12:55:50.281 | INFO     | __main__:on_log:99 - step=5115 | loss=0.071300 | grad_norm=0.596595 | learning_rate=0.000022 | epoch=0.588675
2026-02-21 12:56:03.158 | INFO     | __main__:on_log:99 - step=5120 | loss=0.070000 | grad_norm=0.449317 | learning_rate=0.000022 | epoch=0.589251
2026-02-21 12:56:16.041 | INFO     | __main__:on_log:99 - step=5125 | loss=0.073700 | grad_norm=0.667960 | learning_rate=0.000022 | epoch=0.589826
2026-02-21 12:56:28.920 | INFO     | __main__:on_log:99 - step=5130 | loss=0.065900 | grad_norm=0.471231 | learning_rate=0.000022 | epoch=0.590402
2026-02-21 12:56:41.796 | INFO     | __main__:on_log:99 - step=5135 | loss=0.070300 | grad_norm=0.601168 | learning_rate=0.000022 | epoch=0.590977
2026-02-21 12:56:54.666 | INFO     | __main__:on_log:99 - step=5140 | loss=0.068500 | grad_norm=0.955982 | learning_rate=0.000022 | epoch=0.591553
2026-02-21 12:57:07.535 | INFO     | __main__:on_log:99 - step=5145 | loss=0.086900 | grad_norm=0.481021 | learning_rate=0.000022 | epoch=0.592128
2026-02-21 12:57:20.415 | INFO     | __main__:on_log:99 - step=5150 | loss=0.071600 | grad_norm=0.391099 | learning_rate=0.000022 | epoch=0.592703
2026-02-21 12:57:33.298 | INFO     | __main__:on_log:99 - step=5155 | loss=0.072900 | grad_norm=0.698329 | learning_rate=0.000022 | epoch=0.593279
2026-02-21 12:57:46.185 | INFO     | __main__:on_log:99 - step=5160 | loss=0.080600 | grad_norm=0.602193 | learning_rate=0.000022 | epoch=0.593854
2026-02-21 12:57:59.074 | INFO     | __main__:on_log:99 - step=5165 | loss=0.054200 | grad_norm=0.684519 | learning_rate=0.000022 | epoch=0.594430
2026-02-21 12:58:11.958 | INFO     | __main__:on_log:99 - step=5170 | loss=0.100900 | grad_norm=0.455260 | learning_rate=0.000022 | epoch=0.595005
2026-02-21 12:58:24.845 | INFO     | __main__:on_log:99 - step=5175 | loss=0.074400 | grad_norm=0.644122 | learning_rate=0.000022 | epoch=0.595581
2026-02-21 12:58:37.729 | INFO     | __main__:on_log:99 - step=5180 | loss=0.063500 | grad_norm=0.488662 | learning_rate=0.000022 | epoch=0.596156
2026-02-21 12:58:50.612 | INFO     | __main__:on_log:99 - step=5185 | loss=0.074300 | grad_norm=0.497098 | learning_rate=0.000022 | epoch=0.596731
2026-02-21 12:59:03.490 | INFO     | __main__:on_log:99 - step=5190 | loss=0.090200 | grad_norm=0.713772 | learning_rate=0.000022 | epoch=0.597307
2026-02-21 12:59:16.375 | INFO     | __main__:on_log:99 - step=5195 | loss=0.107600 | grad_norm=0.953946 | learning_rate=0.000022 | epoch=0.597882
2026-02-21 12:59:29.258 | INFO     | __main__:on_log:99 - step=5200 | loss=0.087400 | grad_norm=0.454440 | learning_rate=0.000022 | epoch=0.598458
2026-02-21 12:59:42.138 | INFO     | __main__:on_log:99 - step=5205 | loss=0.078600 | grad_norm=0.687986 | learning_rate=0.000022 | epoch=0.599033
2026-02-21 12:59:55.019 | INFO     | __main__:on_log:99 - step=5210 | loss=0.062300 | grad_norm=0.581805 | learning_rate=0.000022 | epoch=0.599609
2026-02-21 13:00:07.906 | INFO     | __main__:on_log:99 - step=5215 | loss=0.081300 | grad_norm=0.517087 | learning_rate=0.000022 | epoch=0.600184
2026-02-21 13:00:20.791 | INFO     | __main__:on_log:99 - step=5220 | loss=0.063000 | grad_norm=0.659527 | learning_rate=0.000022 | epoch=0.600760
2026-02-21 13:00:33.676 | INFO     | __main__:on_log:99 - step=5225 | loss=0.090100 | grad_norm=0.768889 | learning_rate=0.000022 | epoch=0.601335
2026-02-21 13:00:46.563 | INFO     | __main__:on_log:99 - step=5230 | loss=0.092000 | grad_norm=0.813438 | learning_rate=0.000022 | epoch=0.601910
2026-02-21 13:00:59.446 | INFO     | __main__:on_log:99 - step=5235 | loss=0.059800 | grad_norm=0.775492 | learning_rate=0.000022 | epoch=0.602486
2026-02-21 13:01:12.326 | INFO     | __main__:on_log:99 - step=5240 | loss=0.065800 | grad_norm=0.541906 | learning_rate=0.000022 | epoch=0.603061
2026-02-21 13:01:25.211 | INFO     | __main__:on_log:99 - step=5245 | loss=0.087600 | grad_norm=0.476526 | learning_rate=0.000022 | epoch=0.603637
2026-02-21 13:01:38.090 | INFO     | __main__:on_log:99 - step=5250 | loss=0.085100 | grad_norm=0.684023 | learning_rate=0.000022 | epoch=0.604212
2026-02-21 13:01:50.971 | INFO     | __main__:on_log:99 - step=5255 | loss=0.111900 | grad_norm=0.591970 | learning_rate=0.000022 | epoch=0.604788
2026-02-21 13:02:03.854 | INFO     | __main__:on_log:99 - step=5260 | loss=0.089000 | grad_norm=0.771939 | learning_rate=0.000022 | epoch=0.605363
2026-02-21 13:02:16.738 | INFO     | __main__:on_log:99 - step=5265 | loss=0.068100 | grad_norm=0.325757 | learning_rate=0.000022 | epoch=0.605939
2026-02-21 13:02:29.623 | INFO     | __main__:on_log:99 - step=5270 | loss=0.076700 | grad_norm=0.535591 | learning_rate=0.000022 | epoch=0.606514
2026-02-21 13:02:42.505 | INFO     | __main__:on_log:99 - step=5275 | loss=0.079300 | grad_norm=0.525686 | learning_rate=0.000022 | epoch=0.607089
2026-02-21 13:02:55.389 | INFO     | __main__:on_log:99 - step=5280 | loss=0.075800 | grad_norm=0.384977 | learning_rate=0.000022 | epoch=0.607665
2026-02-21 13:03:08.271 | INFO     | __main__:on_log:99 - step=5285 | loss=0.106000 | grad_norm=0.620054 | learning_rate=0.000022 | epoch=0.608240
2026-02-21 13:03:21.156 | INFO     | __main__:on_log:99 - step=5290 | loss=0.086200 | grad_norm=0.453156 | learning_rate=0.000022 | epoch=0.608816
2026-02-21 13:03:34.043 | INFO     | __main__:on_log:99 - step=5295 | loss=0.068600 | grad_norm=0.733273 | learning_rate=0.000022 | epoch=0.609391
2026-02-21 13:03:46.934 | INFO     | __main__:on_log:99 - step=5300 | loss=0.080300 | grad_norm=0.524163 | learning_rate=0.000022 | epoch=0.609967
2026-02-21 13:03:59.826 | INFO     | __main__:on_log:99 - step=5305 | loss=0.084900 | grad_norm=0.751361 | learning_rate=0.000022 | epoch=0.610542
2026-02-21 13:04:12.716 | INFO     | __main__:on_log:99 - step=5310 | loss=0.073600 | grad_norm=0.582697 | learning_rate=0.000022 | epoch=0.611118
2026-02-21 13:04:25.607 | INFO     | __main__:on_log:99 - step=5315 | loss=0.072000 | grad_norm=0.489737 | learning_rate=0.000022 | epoch=0.611693
2026-02-21 13:04:38.497 | INFO     | __main__:on_log:99 - step=5320 | loss=0.090800 | grad_norm=0.578432 | learning_rate=0.000022 | epoch=0.612268
2026-02-21 13:04:51.388 | INFO     | __main__:on_log:99 - step=5325 | loss=0.088700 | grad_norm=0.383543 | learning_rate=0.000022 | epoch=0.612844
2026-02-21 13:05:04.279 | INFO     | __main__:on_log:99 - step=5330 | loss=0.079700 | grad_norm=0.607273 | learning_rate=0.000022 | epoch=0.613419
2026-02-21 13:05:17.174 | INFO     | __main__:on_log:99 - step=5335 | loss=0.084900 | grad_norm=0.611969 | learning_rate=0.000022 | epoch=0.613995
2026-02-21 13:05:30.063 | INFO     | __main__:on_log:99 - step=5340 | loss=0.109700 | grad_norm=0.608548 | learning_rate=0.000022 | epoch=0.614570
2026-02-21 13:05:42.949 | INFO     | __main__:on_log:99 - step=5345 | loss=0.058500 | grad_norm=0.613905 | learning_rate=0.000022 | epoch=0.615146
2026-02-21 13:05:55.835 | INFO     | __main__:on_log:99 - step=5350 | loss=0.085300 | grad_norm=0.706511 | learning_rate=0.000022 | epoch=0.615721
2026-02-21 13:06:08.723 | INFO     | __main__:on_log:99 - step=5355 | loss=0.068500 | grad_norm=0.442753 | learning_rate=0.000022 | epoch=0.616296
2026-02-21 13:06:21.618 | INFO     | __main__:on_log:99 - step=5360 | loss=0.061200 | grad_norm=0.454011 | learning_rate=0.000022 | epoch=0.616872
2026-02-21 13:06:34.507 | INFO     | __main__:on_log:99 - step=5365 | loss=0.049000 | grad_norm=0.453822 | learning_rate=0.000022 | epoch=0.617447
2026-02-21 13:06:47.396 | INFO     | __main__:on_log:99 - step=5370 | loss=0.072000 | grad_norm=0.527187 | learning_rate=0.000022 | epoch=0.618023
2026-02-21 13:07:00.283 | INFO     | __main__:on_log:99 - step=5375 | loss=0.097800 | grad_norm=0.535139 | learning_rate=0.000022 | epoch=0.618598
2026-02-21 13:07:13.172 | INFO     | __main__:on_log:99 - step=5380 | loss=0.067100 | grad_norm=0.522613 | learning_rate=0.000022 | epoch=0.619174
2026-02-21 13:07:26.063 | INFO     | __main__:on_log:99 - step=5385 | loss=0.082800 | grad_norm=0.409939 | learning_rate=0.000022 | epoch=0.619749
2026-02-21 13:07:38.953 | INFO     | __main__:on_log:99 - step=5390 | loss=0.055600 | grad_norm=0.574067 | learning_rate=0.000022 | epoch=0.620325
2026-02-21 13:07:51.841 | INFO     | __main__:on_log:99 - step=5395 | loss=0.063300 | grad_norm=0.367539 | learning_rate=0.000022 | epoch=0.620900
2026-02-21 13:08:04.728 | INFO     | __main__:on_log:99 - step=5400 | loss=0.077900 | grad_norm=0.794140 | learning_rate=0.000022 | epoch=0.621475
2026-02-21 13:08:17.618 | INFO     | __main__:on_log:99 - step=5405 | loss=0.072300 | grad_norm=0.633057 | learning_rate=0.000022 | epoch=0.622051
2026-02-21 13:08:30.508 | INFO     | __main__:on_log:99 - step=5410 | loss=0.068500 | grad_norm=0.472396 | learning_rate=0.000022 | epoch=0.622626
2026-02-21 13:08:43.396 | INFO     | __main__:on_log:99 - step=5415 | loss=0.059200 | grad_norm=0.793228 | learning_rate=0.000022 | epoch=0.623202
2026-02-21 13:08:56.282 | INFO     | __main__:on_log:99 - step=5420 | loss=0.052600 | grad_norm=0.474771 | learning_rate=0.000022 | epoch=0.623777
2026-02-21 13:09:09.169 | INFO     | __main__:on_log:99 - step=5425 | loss=0.062300 | grad_norm=0.475293 | learning_rate=0.000022 | epoch=0.624353
2026-02-21 13:09:22.060 | INFO     | __main__:on_log:99 - step=5430 | loss=0.062200 | grad_norm=0.542897 | learning_rate=0.000022 | epoch=0.624928
2026-02-21 13:09:34.949 | INFO     | __main__:on_log:99 - step=5435 | loss=0.089300 | grad_norm=0.947992 | learning_rate=0.000022 | epoch=0.625504
2026-02-21 13:09:47.833 | INFO     | __main__:on_log:99 - step=5440 | loss=0.079100 | grad_norm=0.602700 | learning_rate=0.000022 | epoch=0.626079
2026-02-21 13:10:00.723 | INFO     | __main__:on_log:99 - step=5445 | loss=0.069800 | grad_norm=0.642154 | learning_rate=0.000022 | epoch=0.626654
2026-02-21 13:10:13.610 | INFO     | __main__:on_log:99 - step=5450 | loss=0.084000 | grad_norm=0.517872 | learning_rate=0.000022 | epoch=0.627230
2026-02-21 13:10:26.503 | INFO     | __main__:on_log:99 - step=5455 | loss=0.070200 | grad_norm=0.460446 | learning_rate=0.000022 | epoch=0.627805
2026-02-21 13:10:39.391 | INFO     | __main__:on_log:99 - step=5460 | loss=0.077000 | grad_norm=0.420767 | learning_rate=0.000022 | epoch=0.628381
2026-02-21 13:10:52.279 | INFO     | __main__:on_log:99 - step=5465 | loss=0.092400 | grad_norm=0.831962 | learning_rate=0.000022 | epoch=0.628956
2026-02-21 13:11:05.166 | INFO     | __main__:on_log:99 - step=5470 | loss=0.065400 | grad_norm=0.504226 | learning_rate=0.000022 | epoch=0.629532
2026-02-21 13:11:18.055 | INFO     | __main__:on_log:99 - step=5475 | loss=0.064400 | grad_norm=0.446107 | learning_rate=0.000022 | epoch=0.630107
2026-02-21 13:11:30.946 | INFO     | __main__:on_log:99 - step=5480 | loss=0.097800 | grad_norm=0.591268 | learning_rate=0.000022 | epoch=0.630682
2026-02-21 13:11:43.833 | INFO     | __main__:on_log:99 - step=5485 | loss=0.079200 | grad_norm=0.483430 | learning_rate=0.000022 | epoch=0.631258
2026-02-21 13:11:56.721 | INFO     | __main__:on_log:99 - step=5490 | loss=0.077400 | grad_norm=0.475105 | learning_rate=0.000022 | epoch=0.631833
2026-02-21 13:12:09.611 | INFO     | __main__:on_log:99 - step=5495 | loss=0.084800 | grad_norm=0.450396 | learning_rate=0.000022 | epoch=0.632409
2026-02-21 13:12:22.502 | INFO     | __main__:on_log:99 - step=5500 | loss=0.074700 | grad_norm=0.508862 | learning_rate=0.000022 | epoch=0.632984
2026-02-21 13:12:35.389 | INFO     | __main__:on_log:99 - step=5505 | loss=0.075600 | grad_norm=0.482273 | learning_rate=0.000022 | epoch=0.633560
2026-02-21 13:12:48.272 | INFO     | __main__:on_log:99 - step=5510 | loss=0.067200 | grad_norm=0.614055 | learning_rate=0.000022 | epoch=0.634135
2026-02-21 13:13:01.155 | INFO     | __main__:on_log:99 - step=5515 | loss=0.060000 | grad_norm=0.690363 | learning_rate=0.000022 | epoch=0.634711
2026-02-21 13:13:14.036 | INFO     | __main__:on_log:99 - step=5520 | loss=0.052500 | grad_norm=0.293547 | learning_rate=0.000022 | epoch=0.635286
2026-02-21 13:13:26.918 | INFO     | __main__:on_log:99 - step=5525 | loss=0.091000 | grad_norm=0.374965 | learning_rate=0.000022 | epoch=0.635861
2026-02-21 13:13:39.797 | INFO     | __main__:on_log:99 - step=5530 | loss=0.102100 | grad_norm=0.665249 | learning_rate=0.000022 | epoch=0.636437
2026-02-21 13:13:52.682 | INFO     | __main__:on_log:99 - step=5535 | loss=0.094500 | grad_norm=0.757889 | learning_rate=0.000022 | epoch=0.637012
2026-02-21 13:14:05.557 | INFO     | __main__:on_log:99 - step=5540 | loss=0.067600 | grad_norm=0.527563 | learning_rate=0.000022 | epoch=0.637588
2026-02-21 13:14:18.438 | INFO     | __main__:on_log:99 - step=5545 | loss=0.105100 | grad_norm=0.619208 | learning_rate=0.000022 | epoch=0.638163
2026-02-21 13:14:31.321 | INFO     | __main__:on_log:99 - step=5550 | loss=0.079300 | grad_norm=0.600903 | learning_rate=0.000021 | epoch=0.638739
2026-02-21 13:14:44.202 | INFO     | __main__:on_log:99 - step=5555 | loss=0.087300 | grad_norm=0.522905 | learning_rate=0.000021 | epoch=0.639314
2026-02-21 13:14:57.084 | INFO     | __main__:on_log:99 - step=5560 | loss=0.073800 | grad_norm=0.426410 | learning_rate=0.000021 | epoch=0.639890
2026-02-21 13:15:09.967 | INFO     | __main__:on_log:99 - step=5565 | loss=0.063300 | grad_norm=0.575365 | learning_rate=0.000021 | epoch=0.640465
2026-02-21 13:15:22.854 | INFO     | __main__:on_log:99 - step=5570 | loss=0.089900 | grad_norm=0.362668 | learning_rate=0.000021 | epoch=0.641040
2026-02-21 13:15:35.737 | INFO     | __main__:on_log:99 - step=5575 | loss=0.063200 | grad_norm=0.549500 | learning_rate=0.000021 | epoch=0.641616
2026-02-21 13:15:48.617 | INFO     | __main__:on_log:99 - step=5580 | loss=0.083000 | grad_norm=0.670849 | learning_rate=0.000021 | epoch=0.642191
2026-02-21 13:16:01.498 | INFO     | __main__:on_log:99 - step=5585 | loss=0.062900 | grad_norm=0.563704 | learning_rate=0.000021 | epoch=0.642767
2026-02-21 13:16:14.377 | INFO     | __main__:on_log:99 - step=5590 | loss=0.080100 | grad_norm=0.637771 | learning_rate=0.000021 | epoch=0.643342
2026-02-21 13:16:27.263 | INFO     | __main__:on_log:99 - step=5595 | loss=0.092100 | grad_norm=0.491959 | learning_rate=0.000021 | epoch=0.643918
2026-02-21 13:16:40.148 | INFO     | __main__:on_log:99 - step=5600 | loss=0.061700 | grad_norm=0.396619 | learning_rate=0.000021 | epoch=0.644493
2026-02-21 13:16:53.028 | INFO     | __main__:on_log:99 - step=5605 | loss=0.070600 | grad_norm=0.682283 | learning_rate=0.000021 | epoch=0.645068
2026-02-21 13:17:05.911 | INFO     | __main__:on_log:99 - step=5610 | loss=0.124900 | grad_norm=0.770607 | learning_rate=0.000021 | epoch=0.645644
2026-02-21 13:17:18.795 | INFO     | __main__:on_log:99 - step=5615 | loss=0.098800 | grad_norm=0.503505 | learning_rate=0.000021 | epoch=0.646219
2026-02-21 13:17:31.678 | INFO     | __main__:on_log:99 - step=5620 | loss=0.063800 | grad_norm=0.539954 | learning_rate=0.000021 | epoch=0.646795
2026-02-21 13:17:44.552 | INFO     | __main__:on_log:99 - step=5625 | loss=0.075300 | grad_norm=0.586511 | learning_rate=0.000021 | epoch=0.647370
2026-02-21 13:17:57.433 | INFO     | __main__:on_log:99 - step=5630 | loss=0.092000 | grad_norm=0.676282 | learning_rate=0.000021 | epoch=0.647946
2026-02-21 13:18:10.319 | INFO     | __main__:on_log:99 - step=5635 | loss=0.091500 | grad_norm=0.411420 | learning_rate=0.000021 | epoch=0.648521
2026-02-21 13:18:23.206 | INFO     | __main__:on_log:99 - step=5640 | loss=0.059300 | grad_norm=0.517858 | learning_rate=0.000021 | epoch=0.649097
2026-02-21 13:18:36.089 | INFO     | __main__:on_log:99 - step=5645 | loss=0.082400 | grad_norm=0.584766 | learning_rate=0.000021 | epoch=0.649672
2026-02-21 13:18:48.973 | INFO     | __main__:on_log:99 - step=5650 | loss=0.061900 | grad_norm=0.611060 | learning_rate=0.000021 | epoch=0.650247
2026-02-21 13:19:01.859 | INFO     | __main__:on_log:99 - step=5655 | loss=0.081100 | grad_norm=0.528205 | learning_rate=0.000021 | epoch=0.650823
2026-02-21 13:19:14.749 | INFO     | __main__:on_log:99 - step=5660 | loss=0.071000 | grad_norm=0.415800 | learning_rate=0.000021 | epoch=0.651398
2026-02-21 13:19:27.637 | INFO     | __main__:on_log:99 - step=5665 | loss=0.056000 | grad_norm=0.445300 | learning_rate=0.000021 | epoch=0.651974
2026-02-21 13:19:40.524 | INFO     | __main__:on_log:99 - step=5670 | loss=0.062800 | grad_norm=0.637695 | learning_rate=0.000021 | epoch=0.652549
2026-02-21 13:19:53.411 | INFO     | __main__:on_log:99 - step=5675 | loss=0.075900 | grad_norm=0.477550 | learning_rate=0.000021 | epoch=0.653125
2026-02-21 13:20:06.295 | INFO     | __main__:on_log:99 - step=5680 | loss=0.063000 | grad_norm=0.626681 | learning_rate=0.000021 | epoch=0.653700
2026-02-21 13:20:19.181 | INFO     | __main__:on_log:99 - step=5685 | loss=0.082000 | grad_norm=0.545901 | learning_rate=0.000021 | epoch=0.654276
2026-02-21 13:20:32.068 | INFO     | __main__:on_log:99 - step=5690 | loss=0.075900 | grad_norm=0.471907 | learning_rate=0.000021 | epoch=0.654851
2026-02-21 13:20:44.948 | INFO     | __main__:on_log:99 - step=5695 | loss=0.110200 | grad_norm=0.480666 | learning_rate=0.000021 | epoch=0.655426
2026-02-21 13:20:57.830 | INFO     | __main__:on_log:99 - step=5700 | loss=0.071700 | grad_norm=0.596991 | learning_rate=0.000021 | epoch=0.656002
2026-02-21 13:21:10.712 | INFO     | __main__:on_log:99 - step=5705 | loss=0.083200 | grad_norm=0.820750 | learning_rate=0.000021 | epoch=0.656577
2026-02-21 13:21:23.600 | INFO     | __main__:on_log:99 - step=5710 | loss=0.063400 | grad_norm=0.351041 | learning_rate=0.000021 | epoch=0.657153
2026-02-21 13:21:36.486 | INFO     | __main__:on_log:99 - step=5715 | loss=0.082600 | grad_norm=0.638461 | learning_rate=0.000021 | epoch=0.657728
2026-02-21 13:21:49.371 | INFO     | __main__:on_log:99 - step=5720 | loss=0.065900 | grad_norm=0.623842 | learning_rate=0.000021 | epoch=0.658304
2026-02-21 13:22:02.260 | INFO     | __main__:on_log:99 - step=5725 | loss=0.083200 | grad_norm=0.860632 | learning_rate=0.000021 | epoch=0.658879
2026-02-21 13:22:15.145 | INFO     | __main__:on_log:99 - step=5730 | loss=0.065000 | grad_norm=0.442203 | learning_rate=0.000021 | epoch=0.659454
2026-02-21 13:22:28.034 | INFO     | __main__:on_log:99 - step=5735 | loss=0.064000 | grad_norm=0.395193 | learning_rate=0.000021 | epoch=0.660030
2026-02-21 13:22:40.918 | INFO     | __main__:on_log:99 - step=5740 | loss=0.071300 | grad_norm=0.583596 | learning_rate=0.000021 | epoch=0.660605
2026-02-21 13:22:53.804 | INFO     | __main__:on_log:99 - step=5745 | loss=0.095700 | grad_norm=0.527726 | learning_rate=0.000021 | epoch=0.661181
2026-02-21 13:23:06.692 | INFO     | __main__:on_log:99 - step=5750 | loss=0.080600 | grad_norm=0.734028 | learning_rate=0.000021 | epoch=0.661756
2026-02-21 13:23:19.579 | INFO     | __main__:on_log:99 - step=5755 | loss=0.091100 | grad_norm=0.665383 | learning_rate=0.000021 | epoch=0.662332
2026-02-21 13:23:32.467 | INFO     | __main__:on_log:99 - step=5760 | loss=0.093400 | grad_norm=0.850503 | learning_rate=0.000021 | epoch=0.662907
2026-02-21 13:23:45.350 | INFO     | __main__:on_log:99 - step=5765 | loss=0.066900 | grad_norm=0.621824 | learning_rate=0.000021 | epoch=0.663483
2026-02-21 13:23:58.238 | INFO     | __main__:on_log:99 - step=5770 | loss=0.086300 | grad_norm=0.545992 | learning_rate=0.000021 | epoch=0.664058
2026-02-21 13:24:11.128 | INFO     | __main__:on_log:99 - step=5775 | loss=0.078000 | grad_norm=0.645764 | learning_rate=0.000021 | epoch=0.664633
2026-02-21 13:24:24.018 | INFO     | __main__:on_log:99 - step=5780 | loss=0.062000 | grad_norm=0.755024 | learning_rate=0.000021 | epoch=0.665209
2026-02-21 13:24:36.909 | INFO     | __main__:on_log:99 - step=5785 | loss=0.082400 | grad_norm=0.592255 | learning_rate=0.000021 | epoch=0.665784
2026-02-21 13:24:49.799 | INFO     | __main__:on_log:99 - step=5790 | loss=0.067300 | grad_norm=0.515271 | learning_rate=0.000021 | epoch=0.666360
2026-02-21 13:25:02.688 | INFO     | __main__:on_log:99 - step=5795 | loss=0.051500 | grad_norm=0.586147 | learning_rate=0.000021 | epoch=0.666935
2026-02-21 13:25:15.578 | INFO     | __main__:on_log:99 - step=5800 | loss=0.078000 | grad_norm=0.885486 | learning_rate=0.000021 | epoch=0.667511
2026-02-21 13:25:28.469 | INFO     | __main__:on_log:99 - step=5805 | loss=0.104200 | grad_norm=0.951571 | learning_rate=0.000021 | epoch=0.668086
2026-02-21 13:25:41.357 | INFO     | __main__:on_log:99 - step=5810 | loss=0.079400 | grad_norm=0.533830 | learning_rate=0.000021 | epoch=0.668662
2026-02-21 13:25:54.245 | INFO     | __main__:on_log:99 - step=5815 | loss=0.061600 | grad_norm=0.756173 | learning_rate=0.000021 | epoch=0.669237
2026-02-21 13:26:07.128 | INFO     | __main__:on_log:99 - step=5820 | loss=0.076800 | grad_norm=0.433800 | learning_rate=0.000021 | epoch=0.669812
2026-02-21 13:26:20.003 | INFO     | __main__:on_log:99 - step=5825 | loss=0.072500 | grad_norm=0.504143 | learning_rate=0.000021 | epoch=0.670388
2026-02-21 13:26:32.875 | INFO     | __main__:on_log:99 - step=5830 | loss=0.073600 | grad_norm=0.364855 | learning_rate=0.000021 | epoch=0.670963
2026-02-21 13:26:45.746 | INFO     | __main__:on_log:99 - step=5835 | loss=0.071100 | grad_norm=0.730339 | learning_rate=0.000021 | epoch=0.671539
2026-02-21 13:26:58.617 | INFO     | __main__:on_log:99 - step=5840 | loss=0.058900 | grad_norm=0.516057 | learning_rate=0.000021 | epoch=0.672114
2026-02-21 13:27:11.489 | INFO     | __main__:on_log:99 - step=5845 | loss=0.077200 | grad_norm=0.767141 | learning_rate=0.000021 | epoch=0.672690
2026-02-21 13:27:24.359 | INFO     | __main__:on_log:99 - step=5850 | loss=0.070700 | grad_norm=0.618380 | learning_rate=0.000021 | epoch=0.673265
2026-02-21 13:27:37.232 | INFO     | __main__:on_log:99 - step=5855 | loss=0.092000 | grad_norm=0.443607 | learning_rate=0.000021 | epoch=0.673840
2026-02-21 13:27:50.106 | INFO     | __main__:on_log:99 - step=5860 | loss=0.084400 | grad_norm=0.599021 | learning_rate=0.000021 | epoch=0.674416
2026-02-21 13:28:02.977 | INFO     | __main__:on_log:99 - step=5865 | loss=0.077200 | grad_norm=0.878558 | learning_rate=0.000021 | epoch=0.674991
2026-02-21 13:28:15.849 | INFO     | __main__:on_log:99 - step=5870 | loss=0.069400 | grad_norm=0.397886 | learning_rate=0.000021 | epoch=0.675567
2026-02-21 13:28:28.719 | INFO     | __main__:on_log:99 - step=5875 | loss=0.054100 | grad_norm=0.542097 | learning_rate=0.000021 | epoch=0.676142
2026-02-21 13:28:41.589 | INFO     | __main__:on_log:99 - step=5880 | loss=0.075600 | grad_norm=0.386162 | learning_rate=0.000021 | epoch=0.676718
2026-02-21 13:28:54.460 | INFO     | __main__:on_log:99 - step=5885 | loss=0.073200 | grad_norm=0.385159 | learning_rate=0.000021 | epoch=0.677293
2026-02-21 13:29:07.332 | INFO     | __main__:on_log:99 - step=5890 | loss=0.072900 | grad_norm=0.591380 | learning_rate=0.000021 | epoch=0.677869
2026-02-21 13:29:20.203 | INFO     | __main__:on_log:99 - step=5895 | loss=0.067700 | grad_norm=0.906686 | learning_rate=0.000021 | epoch=0.678444
2026-02-21 13:29:33.074 | INFO     | __main__:on_log:99 - step=5900 | loss=0.085400 | grad_norm=0.553445 | learning_rate=0.000021 | epoch=0.679019
2026-02-21 13:29:45.943 | INFO     | __main__:on_log:99 - step=5905 | loss=0.042000 | grad_norm=0.424804 | learning_rate=0.000021 | epoch=0.679595
2026-02-21 13:29:58.813 | INFO     | __main__:on_log:99 - step=5910 | loss=0.088300 | grad_norm=0.758225 | learning_rate=0.000021 | epoch=0.680170
2026-02-21 13:30:11.684 | INFO     | __main__:on_log:99 - step=5915 | loss=0.080300 | grad_norm=0.570938 | learning_rate=0.000021 | epoch=0.680746
2026-02-21 13:30:24.558 | INFO     | __main__:on_log:99 - step=5920 | loss=0.079500 | grad_norm=0.540952 | learning_rate=0.000021 | epoch=0.681321
2026-02-21 13:30:37.441 | INFO     | __main__:on_log:99 - step=5925 | loss=0.082900 | grad_norm=0.518472 | learning_rate=0.000021 | epoch=0.681897
2026-02-21 13:30:50.329 | INFO     | __main__:on_log:99 - step=5930 | loss=0.073600 | grad_norm=0.389055 | learning_rate=0.000021 | epoch=0.682472
2026-02-21 13:31:03.218 | INFO     | __main__:on_log:99 - step=5935 | loss=0.052000 | grad_norm=0.529868 | learning_rate=0.000021 | epoch=0.683048
2026-02-21 13:31:16.106 | INFO     | __main__:on_log:99 - step=5940 | loss=0.100100 | grad_norm=0.825326 | learning_rate=0.000021 | epoch=0.683623
2026-02-21 13:31:28.996 | INFO     | __main__:on_log:99 - step=5945 | loss=0.056300 | grad_norm=0.581307 | learning_rate=0.000021 | epoch=0.684198
2026-02-21 13:31:41.886 | INFO     | __main__:on_log:99 - step=5950 | loss=0.067800 | grad_norm=0.366447 | learning_rate=0.000021 | epoch=0.684774
2026-02-21 13:31:54.773 | INFO     | __main__:on_log:99 - step=5955 | loss=0.067800 | grad_norm=0.783539 | learning_rate=0.000021 | epoch=0.685349
2026-02-21 13:32:07.660 | INFO     | __main__:on_log:99 - step=5960 | loss=0.080900 | grad_norm=0.494085 | learning_rate=0.000021 | epoch=0.685925
2026-02-21 13:32:20.551 | INFO     | __main__:on_log:99 - step=5965 | loss=0.061200 | grad_norm=0.572858 | learning_rate=0.000021 | epoch=0.686500
2026-02-21 13:32:33.442 | INFO     | __main__:on_log:99 - step=5970 | loss=0.077800 | grad_norm=0.437691 | learning_rate=0.000021 | epoch=0.687076
2026-02-21 13:32:46.325 | INFO     | __main__:on_log:99 - step=5975 | loss=0.093000 | grad_norm=0.546590 | learning_rate=0.000021 | epoch=0.687651
2026-02-21 13:32:59.208 | INFO     | __main__:on_log:99 - step=5980 | loss=0.081900 | grad_norm=0.772630 | learning_rate=0.000021 | epoch=0.688226
2026-02-21 13:33:12.095 | INFO     | __main__:on_log:99 - step=5985 | loss=0.048900 | grad_norm=0.595560 | learning_rate=0.000021 | epoch=0.688802
2026-02-21 13:33:24.987 | INFO     | __main__:on_log:99 - step=5990 | loss=0.081200 | grad_norm=0.878136 | learning_rate=0.000021 | epoch=0.689377
2026-02-21 13:33:37.873 | INFO     | __main__:on_log:99 - step=5995 | loss=0.039200 | grad_norm=0.391863 | learning_rate=0.000021 | epoch=0.689953
2026-02-21 13:33:50.760 | INFO     | __main__:on_log:99 - step=6000 | loss=0.066900 | grad_norm=0.682224 | learning_rate=0.000021 | epoch=0.690528
2026-02-21 13:34:03.646 | INFO     | __main__:on_log:99 - step=6005 | loss=0.079200 | grad_norm=0.512245 | learning_rate=0.000021 | epoch=0.691104
2026-02-21 13:34:16.531 | INFO     | __main__:on_log:99 - step=6010 | loss=0.083500 | grad_norm=0.494172 | learning_rate=0.000021 | epoch=0.691679
2026-02-21 13:34:29.419 | INFO     | __main__:on_log:99 - step=6015 | loss=0.071600 | grad_norm=0.434446 | learning_rate=0.000021 | epoch=0.692255
2026-02-21 13:34:42.301 | INFO     | __main__:on_log:99 - step=6020 | loss=0.104600 | grad_norm=0.462912 | learning_rate=0.000021 | epoch=0.692830
2026-02-21 13:34:55.185 | INFO     | __main__:on_log:99 - step=6025 | loss=0.057700 | grad_norm=0.455138 | learning_rate=0.000021 | epoch=0.693405
2026-02-21 13:35:08.070 | INFO     | __main__:on_log:99 - step=6030 | loss=0.080200 | grad_norm=0.678043 | learning_rate=0.000021 | epoch=0.693981
2026-02-21 13:35:20.960 | INFO     | __main__:on_log:99 - step=6035 | loss=0.059600 | grad_norm=0.582538 | learning_rate=0.000021 | epoch=0.694556
2026-02-21 13:35:33.846 | INFO     | __main__:on_log:99 - step=6040 | loss=0.097700 | grad_norm=0.769983 | learning_rate=0.000021 | epoch=0.695132
2026-02-21 13:35:46.733 | INFO     | __main__:on_log:99 - step=6045 | loss=0.097400 | grad_norm=0.409146 | learning_rate=0.000021 | epoch=0.695707
2026-02-21 13:35:59.623 | INFO     | __main__:on_log:99 - step=6050 | loss=0.095400 | grad_norm=0.612624 | learning_rate=0.000021 | epoch=0.696283
2026-02-21 13:36:12.513 | INFO     | __main__:on_log:99 - step=6055 | loss=0.080700 | grad_norm=0.564031 | learning_rate=0.000021 | epoch=0.696858
2026-02-21 13:36:25.402 | INFO     | __main__:on_log:99 - step=6060 | loss=0.098800 | grad_norm=0.704272 | learning_rate=0.000021 | epoch=0.697434
2026-02-21 13:36:38.288 | INFO     | __main__:on_log:99 - step=6065 | loss=0.065000 | grad_norm=0.709971 | learning_rate=0.000021 | epoch=0.698009
2026-02-21 13:36:51.176 | INFO     | __main__:on_log:99 - step=6070 | loss=0.070600 | grad_norm=0.528442 | learning_rate=0.000021 | epoch=0.698584
2026-02-21 13:37:04.064 | INFO     | __main__:on_log:99 - step=6075 | loss=0.079400 | grad_norm=0.761218 | learning_rate=0.000021 | epoch=0.699160
2026-02-21 13:37:16.949 | INFO     | __main__:on_log:99 - step=6080 | loss=0.059200 | grad_norm=0.551695 | learning_rate=0.000021 | epoch=0.699735
2026-02-21 13:37:29.837 | INFO     | __main__:on_log:99 - step=6085 | loss=0.072800 | grad_norm=0.421281 | learning_rate=0.000021 | epoch=0.700311
2026-02-21 13:37:42.724 | INFO     | __main__:on_log:99 - step=6090 | loss=0.075400 | grad_norm=0.628758 | learning_rate=0.000021 | epoch=0.700886
2026-02-21 13:37:55.606 | INFO     | __main__:on_log:99 - step=6095 | loss=0.072600 | grad_norm=0.585981 | learning_rate=0.000021 | epoch=0.701462
2026-02-21 13:38:08.483 | INFO     | __main__:on_log:99 - step=6100 | loss=0.062000 | grad_norm=0.639131 | learning_rate=0.000020 | epoch=0.702037
2026-02-21 13:38:21.362 | INFO     | __main__:on_log:99 - step=6105 | loss=0.048900 | grad_norm=0.389807 | learning_rate=0.000020 | epoch=0.702612
2026-02-21 13:38:34.238 | INFO     | __main__:on_log:99 - step=6110 | loss=0.073100 | grad_norm=0.646827 | learning_rate=0.000020 | epoch=0.703188
2026-02-21 13:38:47.118 | INFO     | __main__:on_log:99 - step=6115 | loss=0.092500 | grad_norm=0.737506 | learning_rate=0.000020 | epoch=0.703763
2026-02-21 13:38:59.997 | INFO     | __main__:on_log:99 - step=6120 | loss=0.080500 | grad_norm=0.348666 | learning_rate=0.000020 | epoch=0.704339
2026-02-21 13:39:12.881 | INFO     | __main__:on_log:99 - step=6125 | loss=0.060900 | grad_norm=0.741666 | learning_rate=0.000020 | epoch=0.704914
2026-02-21 13:39:25.766 | INFO     | __main__:on_log:99 - step=6130 | loss=0.071000 | grad_norm=0.674458 | learning_rate=0.000020 | epoch=0.705490
2026-02-21 13:39:38.643 | INFO     | __main__:on_log:99 - step=6135 | loss=0.044800 | grad_norm=0.418033 | learning_rate=0.000020 | epoch=0.706065
2026-02-21 13:39:51.523 | INFO     | __main__:on_log:99 - step=6140 | loss=0.085000 | grad_norm=0.708877 | learning_rate=0.000020 | epoch=0.706641
2026-02-21 13:40:04.406 | INFO     | __main__:on_log:99 - step=6145 | loss=0.069300 | grad_norm=0.740777 | learning_rate=0.000020 | epoch=0.707216
2026-02-21 13:40:17.294 | INFO     | __main__:on_log:99 - step=6150 | loss=0.083000 | grad_norm=0.812683 | learning_rate=0.000020 | epoch=0.707791
2026-02-21 13:40:30.186 | INFO     | __main__:on_log:99 - step=6155 | loss=0.077800 | grad_norm=0.475523 | learning_rate=0.000020 | epoch=0.708367
2026-02-21 13:40:43.072 | INFO     | __main__:on_log:99 - step=6160 | loss=0.068800 | grad_norm=0.507767 | learning_rate=0.000020 | epoch=0.708942
2026-02-21 13:40:55.964 | INFO     | __main__:on_log:99 - step=6165 | loss=0.061900 | grad_norm=0.379908 | learning_rate=0.000020 | epoch=0.709518
2026-02-21 13:41:08.855 | INFO     | __main__:on_log:99 - step=6170 | loss=0.078500 | grad_norm=0.633052 | learning_rate=0.000020 | epoch=0.710093
2026-02-21 13:41:21.741 | INFO     | __main__:on_log:99 - step=6175 | loss=0.084600 | grad_norm=0.585666 | learning_rate=0.000020 | epoch=0.710669
2026-02-21 13:41:34.621 | INFO     | __main__:on_log:99 - step=6180 | loss=0.109200 | grad_norm=0.513074 | learning_rate=0.000020 | epoch=0.711244
2026-02-21 13:41:47.505 | INFO     | __main__:on_log:99 - step=6185 | loss=0.077400 | grad_norm=0.891963 | learning_rate=0.000020 | epoch=0.711820
2026-02-21 13:42:00.391 | INFO     | __main__:on_log:99 - step=6190 | loss=0.059900 | grad_norm=0.417665 | learning_rate=0.000020 | epoch=0.712395
2026-02-21 13:42:13.271 | INFO     | __main__:on_log:99 - step=6195 | loss=0.065000 | grad_norm=0.411739 | learning_rate=0.000020 | epoch=0.712970
2026-02-21 13:42:26.152 | INFO     | __main__:on_log:99 - step=6200 | loss=0.079800 | grad_norm=0.735781 | learning_rate=0.000020 | epoch=0.713546
2026-02-21 13:42:39.038 | INFO     | __main__:on_log:99 - step=6205 | loss=0.066500 | grad_norm=0.452729 | learning_rate=0.000020 | epoch=0.714121
2026-02-21 13:42:51.921 | INFO     | __main__:on_log:99 - step=6210 | loss=0.088000 | grad_norm=0.769180 | learning_rate=0.000020 | epoch=0.714697
2026-02-21 13:43:04.798 | INFO     | __main__:on_log:99 - step=6215 | loss=0.059800 | grad_norm=0.464112 | learning_rate=0.000020 | epoch=0.715272
2026-02-21 13:43:17.681 | INFO     | __main__:on_log:99 - step=6220 | loss=0.077000 | grad_norm=0.357457 | learning_rate=0.000020 | epoch=0.715848
2026-02-21 13:43:30.566 | INFO     | __main__:on_log:99 - step=6225 | loss=0.070000 | grad_norm=0.707733 | learning_rate=0.000020 | epoch=0.716423
2026-02-21 13:43:43.450 | INFO     | __main__:on_log:99 - step=6230 | loss=0.075200 | grad_norm=0.358903 | learning_rate=0.000020 | epoch=0.716999
2026-02-21 13:43:56.336 | INFO     | __main__:on_log:99 - step=6235 | loss=0.063400 | grad_norm=0.641955 | learning_rate=0.000020 | epoch=0.717574
2026-02-21 13:44:09.223 | INFO     | __main__:on_log:99 - step=6240 | loss=0.075700 | grad_norm=0.571743 | learning_rate=0.000020 | epoch=0.718149
2026-02-21 13:44:22.112 | INFO     | __main__:on_log:99 - step=6245 | loss=0.093700 | grad_norm=0.462659 | learning_rate=0.000020 | epoch=0.718725
2026-02-21 13:44:34.998 | INFO     | __main__:on_log:99 - step=6250 | loss=0.085400 | grad_norm=0.787822 | learning_rate=0.000020 | epoch=0.719300
2026-02-21 13:44:47.879 | INFO     | __main__:on_log:99 - step=6255 | loss=0.076100 | grad_norm=0.722083 | learning_rate=0.000020 | epoch=0.719876
2026-02-21 13:45:00.761 | INFO     | __main__:on_log:99 - step=6260 | loss=0.081500 | grad_norm=0.670509 | learning_rate=0.000020 | epoch=0.720451
2026-02-21 13:45:13.645 | INFO     | __main__:on_log:99 - step=6265 | loss=0.084900 | grad_norm=0.955656 | learning_rate=0.000020 | epoch=0.721027
2026-02-21 13:45:26.532 | INFO     | __main__:on_log:99 - step=6270 | loss=0.093400 | grad_norm=0.361579 | learning_rate=0.000020 | epoch=0.721602
2026-02-21 13:45:39.416 | INFO     | __main__:on_log:99 - step=6275 | loss=0.067200 | grad_norm=0.517003 | learning_rate=0.000020 | epoch=0.722177
2026-02-21 13:45:52.304 | INFO     | __main__:on_log:99 - step=6280 | loss=0.069200 | grad_norm=0.812535 | learning_rate=0.000020 | epoch=0.722753
2026-02-21 13:46:05.193 | INFO     | __main__:on_log:99 - step=6285 | loss=0.052600 | grad_norm=0.748913 | learning_rate=0.000020 | epoch=0.723328
2026-02-21 13:46:18.085 | INFO     | __main__:on_log:99 - step=6290 | loss=0.105100 | grad_norm=0.969141 | learning_rate=0.000020 | epoch=0.723904
2026-02-21 13:46:30.977 | INFO     | __main__:on_log:99 - step=6295 | loss=0.059400 | grad_norm=0.468696 | learning_rate=0.000020 | epoch=0.724479
2026-02-21 13:46:43.866 | INFO     | __main__:on_log:99 - step=6300 | loss=0.051700 | grad_norm=0.607600 | learning_rate=0.000020 | epoch=0.725055
2026-02-21 13:46:56.754 | INFO     | __main__:on_log:99 - step=6305 | loss=0.080700 | grad_norm=0.704250 | learning_rate=0.000020 | epoch=0.725630
2026-02-21 13:47:09.641 | INFO     | __main__:on_log:99 - step=6310 | loss=0.084800 | grad_norm=0.508752 | learning_rate=0.000020 | epoch=0.726206
2026-02-21 13:47:22.530 | INFO     | __main__:on_log:99 - step=6315 | loss=0.057400 | grad_norm=0.523994 | learning_rate=0.000020 | epoch=0.726781
2026-02-21 13:47:35.419 | INFO     | __main__:on_log:99 - step=6320 | loss=0.076400 | grad_norm=0.842220 | learning_rate=0.000020 | epoch=0.727356
2026-02-21 13:47:48.304 | INFO     | __main__:on_log:99 - step=6325 | loss=0.067900 | grad_norm=0.475359 | learning_rate=0.000020 | epoch=0.727932
2026-02-21 13:48:01.190 | INFO     | __main__:on_log:99 - step=6330 | loss=0.075100 | grad_norm=0.474677 | learning_rate=0.000020 | epoch=0.728507
2026-02-21 13:48:14.076 | INFO     | __main__:on_log:99 - step=6335 | loss=0.056800 | grad_norm=0.487661 | learning_rate=0.000020 | epoch=0.729083
2026-02-21 13:48:26.960 | INFO     | __main__:on_log:99 - step=6340 | loss=0.083800 | grad_norm=0.790385 | learning_rate=0.000020 | epoch=0.729658
2026-02-21 13:48:39.843 | INFO     | __main__:on_log:99 - step=6345 | loss=0.084000 | grad_norm=0.638787 | learning_rate=0.000020 | epoch=0.730234
2026-02-21 13:48:52.726 | INFO     | __main__:on_log:99 - step=6350 | loss=0.053900 | grad_norm=0.491789 | learning_rate=0.000020 | epoch=0.730809
2026-02-21 13:49:05.610 | INFO     | __main__:on_log:99 - step=6355 | loss=0.100800 | grad_norm=0.778821 | learning_rate=0.000020 | epoch=0.731385
2026-02-21 13:49:18.495 | INFO     | __main__:on_log:99 - step=6360 | loss=0.054600 | grad_norm=0.581219 | learning_rate=0.000020 | epoch=0.731960
2026-02-21 13:49:31.380 | INFO     | __main__:on_log:99 - step=6365 | loss=0.085500 | grad_norm=0.624036 | learning_rate=0.000020 | epoch=0.732535
2026-02-21 13:49:44.262 | INFO     | __main__:on_log:99 - step=6370 | loss=0.081200 | grad_norm=0.575161 | learning_rate=0.000020 | epoch=0.733111
2026-02-21 13:49:57.145 | INFO     | __main__:on_log:99 - step=6375 | loss=0.070100 | grad_norm=0.538135 | learning_rate=0.000020 | epoch=0.733686
2026-02-21 13:50:10.027 | INFO     | __main__:on_log:99 - step=6380 | loss=0.063800 | grad_norm=0.435499 | learning_rate=0.000020 | epoch=0.734262
2026-02-21 13:50:22.915 | INFO     | __main__:on_log:99 - step=6385 | loss=0.113000 | grad_norm=1.160552 | learning_rate=0.000020 | epoch=0.734837
2026-02-21 13:50:35.798 | INFO     | __main__:on_log:99 - step=6390 | loss=0.100800 | grad_norm=0.697754 | learning_rate=0.000020 | epoch=0.735413
2026-02-21 13:50:48.681 | INFO     | __main__:on_log:99 - step=6395 | loss=0.061000 | grad_norm=0.546620 | learning_rate=0.000020 | epoch=0.735988
2026-02-21 13:51:01.567 | INFO     | __main__:on_log:99 - step=6400 | loss=0.060900 | grad_norm=0.520440 | learning_rate=0.000020 | epoch=0.736563
2026-02-21 13:51:14.453 | INFO     | __main__:on_log:99 - step=6405 | loss=0.058100 | grad_norm=0.608896 | learning_rate=0.000020 | epoch=0.737139
2026-02-21 13:51:27.339 | INFO     | __main__:on_log:99 - step=6410 | loss=0.085900 | grad_norm=0.576308 | learning_rate=0.000020 | epoch=0.737714
2026-02-21 13:51:40.218 | INFO     | __main__:on_log:99 - step=6415 | loss=0.066300 | grad_norm=0.665905 | learning_rate=0.000020 | epoch=0.738290
2026-02-21 13:51:53.101 | INFO     | __main__:on_log:99 - step=6420 | loss=0.084900 | grad_norm=0.659060 | learning_rate=0.000020 | epoch=0.738865
2026-02-21 13:52:05.982 | INFO     | __main__:on_log:99 - step=6425 | loss=0.060700 | grad_norm=0.472402 | learning_rate=0.000020 | epoch=0.739441
2026-02-21 13:52:18.864 | INFO     | __main__:on_log:99 - step=6430 | loss=0.075200 | grad_norm=0.430368 | learning_rate=0.000020 | epoch=0.740016
2026-02-21 13:52:31.745 | INFO     | __main__:on_log:99 - step=6435 | loss=0.065400 | grad_norm=0.587475 | learning_rate=0.000020 | epoch=0.740592
2026-02-21 13:52:44.627 | INFO     | __main__:on_log:99 - step=6440 | loss=0.074100 | grad_norm=0.469190 | learning_rate=0.000020 | epoch=0.741167
2026-02-21 13:52:57.506 | INFO     | __main__:on_log:99 - step=6445 | loss=0.057900 | grad_norm=0.551041 | learning_rate=0.000020 | epoch=0.741742
2026-02-21 13:53:10.384 | INFO     | __main__:on_log:99 - step=6450 | loss=0.082200 | grad_norm=0.574042 | learning_rate=0.000020 | epoch=0.742318
2026-02-21 13:53:23.267 | INFO     | __main__:on_log:99 - step=6455 | loss=0.074300 | grad_norm=0.779735 | learning_rate=0.000020 | epoch=0.742893
2026-02-21 13:53:36.152 | INFO     | __main__:on_log:99 - step=6460 | loss=0.082100 | grad_norm=0.732663 | learning_rate=0.000020 | epoch=0.743469
2026-02-21 13:53:49.035 | INFO     | __main__:on_log:99 - step=6465 | loss=0.067800 | grad_norm=0.604506 | learning_rate=0.000020 | epoch=0.744044
2026-02-21 13:54:01.920 | INFO     | __main__:on_log:99 - step=6470 | loss=0.069400 | grad_norm=0.432237 | learning_rate=0.000020 | epoch=0.744620
2026-02-21 13:54:14.802 | INFO     | __main__:on_log:99 - step=6475 | loss=0.096900 | grad_norm=0.696362 | learning_rate=0.000020 | epoch=0.745195
2026-02-21 13:54:27.684 | INFO     | __main__:on_log:99 - step=6480 | loss=0.066400 | grad_norm=0.547280 | learning_rate=0.000020 | epoch=0.745771
2026-02-21 13:54:40.566 | INFO     | __main__:on_log:99 - step=6485 | loss=0.087800 | grad_norm=0.749454 | learning_rate=0.000020 | epoch=0.746346
2026-02-21 13:54:53.449 | INFO     | __main__:on_log:99 - step=6490 | loss=0.087700 | grad_norm=0.865977 | learning_rate=0.000020 | epoch=0.746921
2026-02-21 13:55:06.332 | INFO     | __main__:on_log:99 - step=6495 | loss=0.071000 | grad_norm=0.492718 | learning_rate=0.000020 | epoch=0.747497
2026-02-21 13:55:19.214 | INFO     | __main__:on_log:99 - step=6500 | loss=0.076700 | grad_norm=0.594914 | learning_rate=0.000020 | epoch=0.748072
2026-02-21 13:55:32.098 | INFO     | __main__:on_log:99 - step=6505 | loss=0.051700 | grad_norm=0.408502 | learning_rate=0.000020 | epoch=0.748648
2026-02-21 13:55:44.980 | INFO     | __main__:on_log:99 - step=6510 | loss=0.078900 | grad_norm=0.782908 | learning_rate=0.000020 | epoch=0.749223
2026-02-21 13:55:57.862 | INFO     | __main__:on_log:99 - step=6515 | loss=0.101900 | grad_norm=0.646422 | learning_rate=0.000020 | epoch=0.749799
2026-02-21 13:56:10.747 | INFO     | __main__:on_log:99 - step=6520 | loss=0.098400 | grad_norm=0.675462 | learning_rate=0.000020 | epoch=0.750374
2026-02-21 13:56:23.634 | INFO     | __main__:on_log:99 - step=6525 | loss=0.098500 | grad_norm=0.612583 | learning_rate=0.000020 | epoch=0.750949
2026-02-21 13:56:36.522 | INFO     | __main__:on_log:99 - step=6530 | loss=0.053300 | grad_norm=0.339035 | learning_rate=0.000020 | epoch=0.751525
2026-02-21 13:56:49.403 | INFO     | __main__:on_log:99 - step=6535 | loss=0.069200 | grad_norm=0.423428 | learning_rate=0.000020 | epoch=0.752100
2026-02-21 13:57:02.289 | INFO     | __main__:on_log:99 - step=6540 | loss=0.092800 | grad_norm=1.041955 | learning_rate=0.000020 | epoch=0.752676
2026-02-21 13:57:15.172 | INFO     | __main__:on_log:99 - step=6545 | loss=0.079800 | grad_norm=0.528612 | learning_rate=0.000020 | epoch=0.753251
2026-02-21 13:57:28.062 | INFO     | __main__:on_log:99 - step=6550 | loss=0.079000 | grad_norm=1.195857 | learning_rate=0.000020 | epoch=0.753827
2026-02-21 13:57:40.943 | INFO     | __main__:on_log:99 - step=6555 | loss=0.080400 | grad_norm=0.609852 | learning_rate=0.000020 | epoch=0.754402
2026-02-21 13:57:53.831 | INFO     | __main__:on_log:99 - step=6560 | loss=0.069400 | grad_norm=0.610188 | learning_rate=0.000020 | epoch=0.754978
2026-02-21 13:58:06.717 | INFO     | __main__:on_log:99 - step=6565 | loss=0.066100 | grad_norm=0.443445 | learning_rate=0.000020 | epoch=0.755553
2026-02-21 13:58:19.602 | INFO     | __main__:on_log:99 - step=6570 | loss=0.078000 | grad_norm=0.518038 | learning_rate=0.000020 | epoch=0.756128
2026-02-21 13:58:32.491 | INFO     | __main__:on_log:99 - step=6575 | loss=0.087100 | grad_norm=0.509737 | learning_rate=0.000020 | epoch=0.756704
2026-02-21 13:58:45.375 | INFO     | __main__:on_log:99 - step=6580 | loss=0.071300 | grad_norm=0.805238 | learning_rate=0.000020 | epoch=0.757279
2026-02-21 13:58:58.259 | INFO     | __main__:on_log:99 - step=6585 | loss=0.091000 | grad_norm=0.651932 | learning_rate=0.000020 | epoch=0.757855
2026-02-21 13:59:11.143 | INFO     | __main__:on_log:99 - step=6590 | loss=0.072600 | grad_norm=0.768839 | learning_rate=0.000020 | epoch=0.758430
2026-02-21 13:59:24.033 | INFO     | __main__:on_log:99 - step=6595 | loss=0.066800 | grad_norm=0.747186 | learning_rate=0.000020 | epoch=0.759006
2026-02-21 13:59:36.913 | INFO     | __main__:on_log:99 - step=6600 | loss=0.087400 | grad_norm=0.612885 | learning_rate=0.000020 | epoch=0.759581
2026-02-21 13:59:49.798 | INFO     | __main__:on_log:99 - step=6605 | loss=0.057600 | grad_norm=0.444008 | learning_rate=0.000020 | epoch=0.760157
2026-02-21 14:00:02.683 | INFO     | __main__:on_log:99 - step=6610 | loss=0.068500 | grad_norm=0.653583 | learning_rate=0.000020 | epoch=0.760732
2026-02-21 14:00:15.567 | INFO     | __main__:on_log:99 - step=6615 | loss=0.072600 | grad_norm=0.705614 | learning_rate=0.000020 | epoch=0.761307
2026-02-21 14:00:28.457 | INFO     | __main__:on_log:99 - step=6620 | loss=0.086200 | grad_norm=0.561279 | learning_rate=0.000020 | epoch=0.761883
2026-02-21 14:00:41.342 | INFO     | __main__:on_log:99 - step=6625 | loss=0.049300 | grad_norm=0.280237 | learning_rate=0.000020 | epoch=0.762458
2026-02-21 14:00:54.224 | INFO     | __main__:on_log:99 - step=6630 | loss=0.060500 | grad_norm=0.531399 | learning_rate=0.000020 | epoch=0.763034
2026-02-21 14:01:07.104 | INFO     | __main__:on_log:99 - step=6635 | loss=0.052700 | grad_norm=0.652431 | learning_rate=0.000020 | epoch=0.763609
2026-02-21 14:01:19.986 | INFO     | __main__:on_log:99 - step=6640 | loss=0.062900 | grad_norm=0.363836 | learning_rate=0.000020 | epoch=0.764185
2026-02-21 14:01:32.871 | INFO     | __main__:on_log:99 - step=6645 | loss=0.064800 | grad_norm=0.528137 | learning_rate=0.000020 | epoch=0.764760
2026-02-21 14:01:45.753 | INFO     | __main__:on_log:99 - step=6650 | loss=0.072800 | grad_norm=0.778614 | learning_rate=0.000019 | epoch=0.765335
2026-02-21 14:01:58.634 | INFO     | __main__:on_log:99 - step=6655 | loss=0.077600 | grad_norm=0.717652 | learning_rate=0.000019 | epoch=0.765911
2026-02-21 14:02:11.518 | INFO     | __main__:on_log:99 - step=6660 | loss=0.091300 | grad_norm=0.857062 | learning_rate=0.000019 | epoch=0.766486
2026-02-21 14:02:24.405 | INFO     | __main__:on_log:99 - step=6665 | loss=0.089700 | grad_norm=0.694691 | learning_rate=0.000019 | epoch=0.767062
2026-02-21 14:02:37.288 | INFO     | __main__:on_log:99 - step=6670 | loss=0.075100 | grad_norm=0.621427 | learning_rate=0.000019 | epoch=0.767637
2026-02-21 14:02:50.172 | INFO     | __main__:on_log:99 - step=6675 | loss=0.054500 | grad_norm=0.595629 | learning_rate=0.000019 | epoch=0.768213
2026-02-21 14:03:03.063 | INFO     | __main__:on_log:99 - step=6680 | loss=0.076400 | grad_norm=0.643676 | learning_rate=0.000019 | epoch=0.768788
2026-02-21 14:03:15.953 | INFO     | __main__:on_log:99 - step=6685 | loss=0.078800 | grad_norm=0.639493 | learning_rate=0.000019 | epoch=0.769364
2026-02-21 14:03:28.836 | INFO     | __main__:on_log:99 - step=6690 | loss=0.075700 | grad_norm=0.443199 | learning_rate=0.000019 | epoch=0.769939
2026-02-21 14:03:41.719 | INFO     | __main__:on_log:99 - step=6695 | loss=0.080400 | grad_norm=0.530784 | learning_rate=0.000019 | epoch=0.770514
2026-02-21 14:03:54.605 | INFO     | __main__:on_log:99 - step=6700 | loss=0.079400 | grad_norm=0.829163 | learning_rate=0.000019 | epoch=0.771090
2026-02-21 14:04:07.493 | INFO     | __main__:on_log:99 - step=6705 | loss=0.073600 | grad_norm=0.678942 | learning_rate=0.000019 | epoch=0.771665
2026-02-21 14:04:20.378 | INFO     | __main__:on_log:99 - step=6710 | loss=0.065700 | grad_norm=0.542120 | learning_rate=0.000019 | epoch=0.772241
2026-02-21 14:04:33.263 | INFO     | __main__:on_log:99 - step=6715 | loss=0.073800 | grad_norm=0.342602 | learning_rate=0.000019 | epoch=0.772816
2026-02-21 14:04:46.144 | INFO     | __main__:on_log:99 - step=6720 | loss=0.102800 | grad_norm=0.592932 | learning_rate=0.000019 | epoch=0.773392
2026-02-21 14:04:59.028 | INFO     | __main__:on_log:99 - step=6725 | loss=0.084300 | grad_norm=0.545847 | learning_rate=0.000019 | epoch=0.773967
2026-02-21 14:05:11.914 | INFO     | __main__:on_log:99 - step=6730 | loss=0.087700 | grad_norm=1.050111 | learning_rate=0.000019 | epoch=0.774543
2026-02-21 14:05:24.802 | INFO     | __main__:on_log:99 - step=6735 | loss=0.086500 | grad_norm=0.998058 | learning_rate=0.000019 | epoch=0.775118
2026-02-21 14:05:37.686 | INFO     | __main__:on_log:99 - step=6740 | loss=0.080200 | grad_norm=0.653135 | learning_rate=0.000019 | epoch=0.775693
2026-02-21 14:05:50.566 | INFO     | __main__:on_log:99 - step=6745 | loss=0.064700 | grad_norm=0.460267 | learning_rate=0.000019 | epoch=0.776269
2026-02-21 14:06:03.450 | INFO     | __main__:on_log:99 - step=6750 | loss=0.059300 | grad_norm=0.388212 | learning_rate=0.000019 | epoch=0.776844
2026-02-21 14:06:16.340 | INFO     | __main__:on_log:99 - step=6755 | loss=0.096500 | grad_norm=0.709312 | learning_rate=0.000019 | epoch=0.777420
2026-02-21 14:06:29.228 | INFO     | __main__:on_log:99 - step=6760 | loss=0.063200 | grad_norm=0.519197 | learning_rate=0.000019 | epoch=0.777995
2026-02-21 14:06:42.112 | INFO     | __main__:on_log:99 - step=6765 | loss=0.067500 | grad_norm=0.673137 | learning_rate=0.000019 | epoch=0.778571
2026-02-21 14:06:54.997 | INFO     | __main__:on_log:99 - step=6770 | loss=0.084900 | grad_norm=0.690016 | learning_rate=0.000019 | epoch=0.779146
2026-02-21 14:07:07.880 | INFO     | __main__:on_log:99 - step=6775 | loss=0.070800 | grad_norm=0.665790 | learning_rate=0.000019 | epoch=0.779721
2026-02-21 14:07:20.768 | INFO     | __main__:on_log:99 - step=6780 | loss=0.074400 | grad_norm=0.807318 | learning_rate=0.000019 | epoch=0.780297
2026-02-21 14:07:33.657 | INFO     | __main__:on_log:99 - step=6785 | loss=0.071500 | grad_norm=0.771392 | learning_rate=0.000019 | epoch=0.780872
2026-02-21 14:07:46.540 | INFO     | __main__:on_log:99 - step=6790 | loss=0.083300 | grad_norm=0.918171 | learning_rate=0.000019 | epoch=0.781448
2026-02-21 14:07:59.429 | INFO     | __main__:on_log:99 - step=6795 | loss=0.044400 | grad_norm=0.424499 | learning_rate=0.000019 | epoch=0.782023
2026-02-21 14:08:12.316 | INFO     | __main__:on_log:99 - step=6800 | loss=0.073500 | grad_norm=0.605449 | learning_rate=0.000019 | epoch=0.782599
2026-02-21 14:08:25.204 | INFO     | __main__:on_log:99 - step=6805 | loss=0.051300 | grad_norm=0.318144 | learning_rate=0.000019 | epoch=0.783174
2026-02-21 14:08:38.094 | INFO     | __main__:on_log:99 - step=6810 | loss=0.064100 | grad_norm=0.568391 | learning_rate=0.000019 | epoch=0.783750
2026-02-21 14:08:50.976 | INFO     | __main__:on_log:99 - step=6815 | loss=0.088600 | grad_norm=0.676307 | learning_rate=0.000019 | epoch=0.784325
2026-02-21 14:09:03.861 | INFO     | __main__:on_log:99 - step=6820 | loss=0.112400 | grad_norm=0.468240 | learning_rate=0.000019 | epoch=0.784900
2026-02-21 14:09:16.747 | INFO     | __main__:on_log:99 - step=6825 | loss=0.097400 | grad_norm=0.554320 | learning_rate=0.000019 | epoch=0.785476
2026-02-21 14:09:29.619 | INFO     | __main__:on_log:99 - step=6830 | loss=0.068800 | grad_norm=0.405865 | learning_rate=0.000019 | epoch=0.786051
2026-02-21 14:09:42.494 | INFO     | __main__:on_log:99 - step=6835 | loss=0.064500 | grad_norm=0.445891 | learning_rate=0.000019 | epoch=0.786627
2026-02-21 14:09:55.367 | INFO     | __main__:on_log:99 - step=6840 | loss=0.074500 | grad_norm=0.440985 | learning_rate=0.000019 | epoch=0.787202
2026-02-21 14:10:08.239 | INFO     | __main__:on_log:99 - step=6845 | loss=0.065300 | grad_norm=0.539260 | learning_rate=0.000019 | epoch=0.787778
2026-02-21 14:10:21.113 | INFO     | __main__:on_log:99 - step=6850 | loss=0.080000 | grad_norm=0.355223 | learning_rate=0.000019 | epoch=0.788353
2026-02-21 14:10:33.984 | INFO     | __main__:on_log:99 - step=6855 | loss=0.078900 | grad_norm=0.330995 | learning_rate=0.000019 | epoch=0.788929
2026-02-21 14:10:46.864 | INFO     | __main__:on_log:99 - step=6860 | loss=0.072600 | grad_norm=0.618340 | learning_rate=0.000019 | epoch=0.789504
2026-02-21 14:10:59.742 | INFO     | __main__:on_log:99 - step=6865 | loss=0.056800 | grad_norm=0.769234 | learning_rate=0.000019 | epoch=0.790079
2026-02-21 14:11:12.615 | INFO     | __main__:on_log:99 - step=6870 | loss=0.069000 | grad_norm=0.679598 | learning_rate=0.000019 | epoch=0.790655
2026-02-21 14:11:25.487 | INFO     | __main__:on_log:99 - step=6875 | loss=0.071200 | grad_norm=0.557724 | learning_rate=0.000019 | epoch=0.791230
2026-02-21 14:11:38.355 | INFO     | __main__:on_log:99 - step=6880 | loss=0.054300 | grad_norm=0.701986 | learning_rate=0.000019 | epoch=0.791806
2026-02-21 14:11:51.226 | INFO     | __main__:on_log:99 - step=6885 | loss=0.104600 | grad_norm=0.935733 | learning_rate=0.000019 | epoch=0.792381
2026-02-21 14:12:04.093 | INFO     | __main__:on_log:99 - step=6890 | loss=0.066300 | grad_norm=0.452646 | learning_rate=0.000019 | epoch=0.792957
2026-02-21 14:12:16.968 | INFO     | __main__:on_log:99 - step=6895 | loss=0.071100 | grad_norm=0.433619 | learning_rate=0.000019 | epoch=0.793532
2026-02-21 14:12:29.842 | INFO     | __main__:on_log:99 - step=6900 | loss=0.048900 | grad_norm=0.367902 | learning_rate=0.000019 | epoch=0.794107
2026-02-21 14:12:42.712 | INFO     | __main__:on_log:99 - step=6905 | loss=0.073500 | grad_norm=0.442486 | learning_rate=0.000019 | epoch=0.794683
2026-02-21 14:12:55.584 | INFO     | __main__:on_log:99 - step=6910 | loss=0.068800 | grad_norm=0.497569 | learning_rate=0.000019 | epoch=0.795258
2026-02-21 14:13:08.456 | INFO     | __main__:on_log:99 - step=6915 | loss=0.061300 | grad_norm=0.728644 | learning_rate=0.000019 | epoch=0.795834
2026-02-21 14:13:21.329 | INFO     | __main__:on_log:99 - step=6920 | loss=0.066800 | grad_norm=0.634401 | learning_rate=0.000019 | epoch=0.796409
2026-02-21 14:13:34.200 | INFO     | __main__:on_log:99 - step=6925 | loss=0.076100 | grad_norm=0.470870 | learning_rate=0.000019 | epoch=0.796985
2026-02-21 14:13:47.071 | INFO     | __main__:on_log:99 - step=6930 | loss=0.083600 | grad_norm=0.682815 | learning_rate=0.000019 | epoch=0.797560
2026-02-21 14:13:59.941 | INFO     | __main__:on_log:99 - step=6935 | loss=0.099400 | grad_norm=0.615318 | learning_rate=0.000019 | epoch=0.798136
2026-02-21 14:14:12.810 | INFO     | __main__:on_log:99 - step=6940 | loss=0.065100 | grad_norm=0.511341 | learning_rate=0.000019 | epoch=0.798711
2026-02-21 14:14:25.681 | INFO     | __main__:on_log:99 - step=6945 | loss=0.094900 | grad_norm=0.461058 | learning_rate=0.000019 | epoch=0.799286
2026-02-21 14:14:38.549 | INFO     | __main__:on_log:99 - step=6950 | loss=0.081900 | grad_norm=0.490546 | learning_rate=0.000019 | epoch=0.799862
2026-02-21 14:14:51.420 | INFO     | __main__:on_log:99 - step=6955 | loss=0.112800 | grad_norm=0.667252 | learning_rate=0.000019 | epoch=0.800437
2026-02-21 14:15:04.300 | INFO     | __main__:on_log:99 - step=6960 | loss=0.066400 | grad_norm=0.505334 | learning_rate=0.000019 | epoch=0.801013
2026-02-21 14:15:17.183 | INFO     | __main__:on_log:99 - step=6965 | loss=0.067700 | grad_norm=0.402197 | learning_rate=0.000019 | epoch=0.801588
2026-02-21 14:15:30.066 | INFO     | __main__:on_log:99 - step=6970 | loss=0.085700 | grad_norm=0.470402 | learning_rate=0.000019 | epoch=0.802164
2026-02-21 14:15:42.950 | INFO     | __main__:on_log:99 - step=6975 | loss=0.066400 | grad_norm=0.571515 | learning_rate=0.000019 | epoch=0.802739
2026-02-21 14:15:55.834 | INFO     | __main__:on_log:99 - step=6980 | loss=0.091500 | grad_norm=0.905083 | learning_rate=0.000019 | epoch=0.803315
2026-02-21 14:16:08.717 | INFO     | __main__:on_log:99 - step=6985 | loss=0.064700 | grad_norm=0.788319 | learning_rate=0.000019 | epoch=0.803890
2026-02-21 14:16:21.599 | INFO     | __main__:on_log:99 - step=6990 | loss=0.058700 | grad_norm=0.543606 | learning_rate=0.000019 | epoch=0.804465
2026-02-21 14:16:34.481 | INFO     | __main__:on_log:99 - step=6995 | loss=0.129700 | grad_norm=0.660606 | learning_rate=0.000019 | epoch=0.805041
2026-02-21 14:16:47.361 | INFO     | __main__:on_log:99 - step=7000 | loss=0.081400 | grad_norm=0.392070 | learning_rate=0.000019 | epoch=0.805616
2026-02-21 14:17:00.240 | INFO     | __main__:on_log:99 - step=7005 | loss=0.057100 | grad_norm=0.436202 | learning_rate=0.000019 | epoch=0.806192
2026-02-21 14:17:13.123 | INFO     | __main__:on_log:99 - step=7010 | loss=0.066800 | grad_norm=0.354340 | learning_rate=0.000019 | epoch=0.806767
2026-02-21 14:17:26.004 | INFO     | __main__:on_log:99 - step=7015 | loss=0.079700 | grad_norm=0.701887 | learning_rate=0.000019 | epoch=0.807343
2026-02-21 14:17:38.885 | INFO     | __main__:on_log:99 - step=7020 | loss=0.105600 | grad_norm=0.729531 | learning_rate=0.000019 | epoch=0.807918
2026-02-21 14:17:51.769 | INFO     | __main__:on_log:99 - step=7025 | loss=0.060500 | grad_norm=0.253796 | learning_rate=0.000019 | epoch=0.808493
2026-02-21 14:18:04.650 | INFO     | __main__:on_log:99 - step=7030 | loss=0.079500 | grad_norm=0.597179 | learning_rate=0.000019 | epoch=0.809069
2026-02-21 14:18:17.530 | INFO     | __main__:on_log:99 - step=7035 | loss=0.086100 | grad_norm=0.572194 | learning_rate=0.000019 | epoch=0.809644
2026-02-21 14:18:30.414 | INFO     | __main__:on_log:99 - step=7040 | loss=0.065600 | grad_norm=0.393398 | learning_rate=0.000019 | epoch=0.810220
2026-02-21 14:18:43.295 | INFO     | __main__:on_log:99 - step=7045 | loss=0.051100 | grad_norm=0.418673 | learning_rate=0.000019 | epoch=0.810795
2026-02-21 14:18:56.177 | INFO     | __main__:on_log:99 - step=7050 | loss=0.065800 | grad_norm=0.571464 | learning_rate=0.000019 | epoch=0.811371
2026-02-21 14:19:09.066 | INFO     | __main__:on_log:99 - step=7055 | loss=0.071000 | grad_norm=0.905010 | learning_rate=0.000019 | epoch=0.811946
2026-02-21 14:19:21.953 | INFO     | __main__:on_log:99 - step=7060 | loss=0.102400 | grad_norm=0.611721 | learning_rate=0.000019 | epoch=0.812522
2026-02-21 14:19:34.843 | INFO     | __main__:on_log:99 - step=7065 | loss=0.112600 | grad_norm=0.600729 | learning_rate=0.000019 | epoch=0.813097
2026-02-21 14:19:47.724 | INFO     | __main__:on_log:99 - step=7070 | loss=0.112500 | grad_norm=0.766631 | learning_rate=0.000019 | epoch=0.813672
2026-02-21 14:20:00.609 | INFO     | __main__:on_log:99 - step=7075 | loss=0.076000 | grad_norm=0.352296 | learning_rate=0.000019 | epoch=0.814248
2026-02-21 14:20:13.495 | INFO     | __main__:on_log:99 - step=7080 | loss=0.051500 | grad_norm=0.434074 | learning_rate=0.000019 | epoch=0.814823
2026-02-21 14:20:26.383 | INFO     | __main__:on_log:99 - step=7085 | loss=0.078700 | grad_norm=0.610149 | learning_rate=0.000019 | epoch=0.815399
2026-02-21 14:20:39.262 | INFO     | __main__:on_log:99 - step=7090 | loss=0.068800 | grad_norm=0.465078 | learning_rate=0.000019 | epoch=0.815974
2026-02-21 14:20:52.142 | INFO     | __main__:on_log:99 - step=7095 | loss=0.090100 | grad_norm=0.596720 | learning_rate=0.000019 | epoch=0.816550
2026-02-21 14:21:05.018 | INFO     | __main__:on_log:99 - step=7100 | loss=0.076400 | grad_norm=0.345919 | learning_rate=0.000019 | epoch=0.817125
2026-02-21 14:21:17.896 | INFO     | __main__:on_log:99 - step=7105 | loss=0.092000 | grad_norm=0.765781 | learning_rate=0.000019 | epoch=0.817701
2026-02-21 14:21:30.778 | INFO     | __main__:on_log:99 - step=7110 | loss=0.101500 | grad_norm=0.637156 | learning_rate=0.000019 | epoch=0.818276
2026-02-21 14:21:43.659 | INFO     | __main__:on_log:99 - step=7115 | loss=0.069300 | grad_norm=0.584906 | learning_rate=0.000019 | epoch=0.818851
2026-02-21 14:21:56.539 | INFO     | __main__:on_log:99 - step=7120 | loss=0.070700 | grad_norm=0.520192 | learning_rate=0.000019 | epoch=0.819427
2026-02-21 14:22:09.424 | INFO     | __main__:on_log:99 - step=7125 | loss=0.085100 | grad_norm=0.779135 | learning_rate=0.000019 | epoch=0.820002
2026-02-21 14:22:22.310 | INFO     | __main__:on_log:99 - step=7130 | loss=0.077400 | grad_norm=0.616580 | learning_rate=0.000019 | epoch=0.820578
2026-02-21 14:22:35.196 | INFO     | __main__:on_log:99 - step=7135 | loss=0.112400 | grad_norm=0.878302 | learning_rate=0.000019 | epoch=0.821153
2026-02-21 14:22:48.074 | INFO     | __main__:on_log:99 - step=7140 | loss=0.067200 | grad_norm=0.367854 | learning_rate=0.000019 | epoch=0.821729
2026-02-21 14:23:00.951 | INFO     | __main__:on_log:99 - step=7145 | loss=0.080800 | grad_norm=0.646196 | learning_rate=0.000019 | epoch=0.822304
2026-02-21 14:23:13.831 | INFO     | __main__:on_log:99 - step=7150 | loss=0.070800 | grad_norm=0.351779 | learning_rate=0.000019 | epoch=0.822880
2026-02-21 14:23:26.711 | INFO     | __main__:on_log:99 - step=7155 | loss=0.079700 | grad_norm=0.877441 | learning_rate=0.000019 | epoch=0.823455
2026-02-21 14:23:39.594 | INFO     | __main__:on_log:99 - step=7160 | loss=0.063300 | grad_norm=0.588535 | learning_rate=0.000019 | epoch=0.824030
2026-02-21 14:23:52.479 | INFO     | __main__:on_log:99 - step=7165 | loss=0.071800 | grad_norm=0.658577 | learning_rate=0.000019 | epoch=0.824606
2026-02-21 14:24:05.369 | INFO     | __main__:on_log:99 - step=7170 | loss=0.077900 | grad_norm=0.690106 | learning_rate=0.000019 | epoch=0.825181
2026-02-21 14:24:18.256 | INFO     | __main__:on_log:99 - step=7175 | loss=0.065100 | grad_norm=0.511464 | learning_rate=0.000019 | epoch=0.825757
2026-02-21 14:24:31.143 | INFO     | __main__:on_log:99 - step=7180 | loss=0.074200 | grad_norm=0.691827 | learning_rate=0.000019 | epoch=0.826332
2026-02-21 14:24:44.022 | INFO     | __main__:on_log:99 - step=7185 | loss=0.104300 | grad_norm=0.922121 | learning_rate=0.000019 | epoch=0.826908
2026-02-21 14:24:56.908 | INFO     | __main__:on_log:99 - step=7190 | loss=0.088900 | grad_norm=0.918235 | learning_rate=0.000019 | epoch=0.827483
2026-02-21 14:25:09.789 | INFO     | __main__:on_log:99 - step=7195 | loss=0.067400 | grad_norm=0.433983 | learning_rate=0.000019 | epoch=0.828058
2026-02-21 14:25:22.674 | INFO     | __main__:on_log:99 - step=7200 | loss=0.063400 | grad_norm=0.420047 | learning_rate=0.000018 | epoch=0.828634
2026-02-21 14:25:35.553 | INFO     | __main__:on_log:99 - step=7205 | loss=0.061500 | grad_norm=0.761873 | learning_rate=0.000018 | epoch=0.829209
2026-02-21 14:25:48.430 | INFO     | __main__:on_log:99 - step=7210 | loss=0.086800 | grad_norm=0.487276 | learning_rate=0.000018 | epoch=0.829785
2026-02-21 14:26:01.313 | INFO     | __main__:on_log:99 - step=7215 | loss=0.068100 | grad_norm=0.399206 | learning_rate=0.000018 | epoch=0.830360
2026-02-21 14:26:14.195 | INFO     | __main__:on_log:99 - step=7220 | loss=0.061100 | grad_norm=0.387677 | learning_rate=0.000018 | epoch=0.830936
2026-02-21 14:26:27.080 | INFO     | __main__:on_log:99 - step=7225 | loss=0.083200 | grad_norm=0.586324 | learning_rate=0.000018 | epoch=0.831511
2026-02-21 14:26:39.961 | INFO     | __main__:on_log:99 - step=7230 | loss=0.064800 | grad_norm=0.489183 | learning_rate=0.000018 | epoch=0.832087
2026-02-21 14:26:52.839 | INFO     | __main__:on_log:99 - step=7235 | loss=0.045500 | grad_norm=0.688747 | learning_rate=0.000018 | epoch=0.832662
2026-02-21 14:27:05.723 | INFO     | __main__:on_log:99 - step=7240 | loss=0.078900 | grad_norm=0.331738 | learning_rate=0.000018 | epoch=0.833237
2026-02-21 14:27:18.606 | INFO     | __main__:on_log:99 - step=7245 | loss=0.085500 | grad_norm=0.721401 | learning_rate=0.000018 | epoch=0.833813
2026-02-21 14:27:31.495 | INFO     | __main__:on_log:99 - step=7250 | loss=0.085100 | grad_norm=0.696274 | learning_rate=0.000018 | epoch=0.834388
2026-02-21 14:27:44.382 | INFO     | __main__:on_log:99 - step=7255 | loss=0.058600 | grad_norm=0.539705 | learning_rate=0.000018 | epoch=0.834964
2026-02-21 14:27:57.256 | INFO     | __main__:on_log:99 - step=7260 | loss=0.067800 | grad_norm=0.594241 | learning_rate=0.000018 | epoch=0.835539
2026-02-21 14:28:10.140 | INFO     | __main__:on_log:99 - step=7265 | loss=0.053200 | grad_norm=0.687299 | learning_rate=0.000018 | epoch=0.836115
2026-02-21 14:28:23.024 | INFO     | __main__:on_log:99 - step=7270 | loss=0.072600 | grad_norm=0.538535 | learning_rate=0.000018 | epoch=0.836690
2026-02-21 14:28:35.904 | INFO     | __main__:on_log:99 - step=7275 | loss=0.078000 | grad_norm=0.645059 | learning_rate=0.000018 | epoch=0.837266
2026-02-21 14:28:48.781 | INFO     | __main__:on_log:99 - step=7280 | loss=0.079100 | grad_norm=0.377486 | learning_rate=0.000018 | epoch=0.837841
2026-02-21 14:29:01.658 | INFO     | __main__:on_log:99 - step=7285 | loss=0.071700 | grad_norm=0.383979 | learning_rate=0.000018 | epoch=0.838416
2026-02-21 14:29:14.542 | INFO     | __main__:on_log:99 - step=7290 | loss=0.078100 | grad_norm=0.490312 | learning_rate=0.000018 | epoch=0.838992
2026-02-21 14:29:27.420 | INFO     | __main__:on_log:99 - step=7295 | loss=0.073000 | grad_norm=0.592217 | learning_rate=0.000018 | epoch=0.839567
2026-02-21 14:29:40.298 | INFO     | __main__:on_log:99 - step=7300 | loss=0.056000 | grad_norm=0.453550 | learning_rate=0.000018 | epoch=0.840143
2026-02-21 14:29:53.178 | INFO     | __main__:on_log:99 - step=7305 | loss=0.071400 | grad_norm=0.566316 | learning_rate=0.000018 | epoch=0.840718
2026-02-21 14:30:06.062 | INFO     | __main__:on_log:99 - step=7310 | loss=0.055700 | grad_norm=0.588206 | learning_rate=0.000018 | epoch=0.841294
2026-02-21 14:30:18.941 | INFO     | __main__:on_log:99 - step=7315 | loss=0.077900 | grad_norm=0.703764 | learning_rate=0.000018 | epoch=0.841869
2026-02-21 14:30:31.827 | INFO     | __main__:on_log:99 - step=7320 | loss=0.062800 | grad_norm=0.490405 | learning_rate=0.000018 | epoch=0.842444
2026-02-21 14:30:44.705 | INFO     | __main__:on_log:99 - step=7325 | loss=0.061400 | grad_norm=0.430550 | learning_rate=0.000018 | epoch=0.843020
2026-02-21 14:30:57.585 | INFO     | __main__:on_log:99 - step=7330 | loss=0.070200 | grad_norm=0.364650 | learning_rate=0.000018 | epoch=0.843595
2026-02-21 14:31:10.463 | INFO     | __main__:on_log:99 - step=7335 | loss=0.090300 | grad_norm=0.823805 | learning_rate=0.000018 | epoch=0.844171
2026-02-21 14:31:23.343 | INFO     | __main__:on_log:99 - step=7340 | loss=0.070600 | grad_norm=0.457619 | learning_rate=0.000018 | epoch=0.844746
2026-02-21 14:31:36.225 | INFO     | __main__:on_log:99 - step=7345 | loss=0.061500 | grad_norm=0.536981 | learning_rate=0.000018 | epoch=0.845322
2026-02-21 14:31:49.104 | INFO     | __main__:on_log:99 - step=7350 | loss=0.077800 | grad_norm=0.959248 | learning_rate=0.000018 | epoch=0.845897
2026-02-21 14:32:01.985 | INFO     | __main__:on_log:99 - step=7355 | loss=0.062600 | grad_norm=0.519364 | learning_rate=0.000018 | epoch=0.846473
2026-02-21 14:32:14.863 | INFO     | __main__:on_log:99 - step=7360 | loss=0.072200 | grad_norm=0.782751 | learning_rate=0.000018 | epoch=0.847048
2026-02-21 14:32:27.753 | INFO     | __main__:on_log:99 - step=7365 | loss=0.076500 | grad_norm=0.967854 | learning_rate=0.000018 | epoch=0.847623
2026-02-21 14:32:40.633 | INFO     | __main__:on_log:99 - step=7370 | loss=0.046400 | grad_norm=0.439739 | learning_rate=0.000018 | epoch=0.848199
2026-02-21 14:32:53.515 | INFO     | __main__:on_log:99 - step=7375 | loss=0.050800 | grad_norm=0.366956 | learning_rate=0.000018 | epoch=0.848774
2026-02-21 14:33:06.402 | INFO     | __main__:on_log:99 - step=7380 | loss=0.073300 | grad_norm=0.517528 | learning_rate=0.000018 | epoch=0.849350
2026-02-21 14:33:19.281 | INFO     | __main__:on_log:99 - step=7385 | loss=0.106900 | grad_norm=0.594375 | learning_rate=0.000018 | epoch=0.849925
2026-02-21 14:33:32.161 | INFO     | __main__:on_log:99 - step=7390 | loss=0.075500 | grad_norm=0.520430 | learning_rate=0.000018 | epoch=0.850501
2026-02-21 14:33:45.041 | INFO     | __main__:on_log:99 - step=7395 | loss=0.067200 | grad_norm=0.613819 | learning_rate=0.000018 | epoch=0.851076
2026-02-21 14:33:57.922 | INFO     | __main__:on_log:99 - step=7400 | loss=0.062600 | grad_norm=0.402557 | learning_rate=0.000018 | epoch=0.851652
2026-02-21 14:34:10.811 | INFO     | __main__:on_log:99 - step=7405 | loss=0.073200 | grad_norm=0.518640 | learning_rate=0.000018 | epoch=0.852227
2026-02-21 14:34:23.697 | INFO     | __main__:on_log:99 - step=7410 | loss=0.079900 | grad_norm=0.398949 | learning_rate=0.000018 | epoch=0.852802
2026-02-21 14:34:36.584 | INFO     | __main__:on_log:99 - step=7415 | loss=0.073800 | grad_norm=0.696952 | learning_rate=0.000018 | epoch=0.853378
2026-02-21 14:34:49.463 | INFO     | __main__:on_log:99 - step=7420 | loss=0.076300 | grad_norm=0.524071 | learning_rate=0.000018 | epoch=0.853953
2026-02-21 14:35:02.344 | INFO     | __main__:on_log:99 - step=7425 | loss=0.070700 | grad_norm=0.821202 | learning_rate=0.000018 | epoch=0.854529
2026-02-21 14:35:15.228 | INFO     | __main__:on_log:99 - step=7430 | loss=0.079500 | grad_norm=0.670367 | learning_rate=0.000018 | epoch=0.855104
2026-02-21 14:35:28.112 | INFO     | __main__:on_log:99 - step=7435 | loss=0.071600 | grad_norm=0.813427 | learning_rate=0.000018 | epoch=0.855680
2026-02-21 14:35:41.012 | INFO     | __main__:on_log:99 - step=7440 | loss=0.060400 | grad_norm=0.617122 | learning_rate=0.000018 | epoch=0.856255
2026-02-21 14:35:53.909 | INFO     | __main__:on_log:99 - step=7445 | loss=0.057400 | grad_norm=0.551036 | learning_rate=0.000018 | epoch=0.856830
2026-02-21 14:36:06.792 | INFO     | __main__:on_log:99 - step=7450 | loss=0.076700 | grad_norm=0.434805 | learning_rate=0.000018 | epoch=0.857406
2026-02-21 14:36:19.674 | INFO     | __main__:on_log:99 - step=7455 | loss=0.089600 | grad_norm=0.516938 | learning_rate=0.000018 | epoch=0.857981
2026-02-21 14:36:32.554 | INFO     | __main__:on_log:99 - step=7460 | loss=0.081900 | grad_norm=0.624319 | learning_rate=0.000018 | epoch=0.858557
2026-02-21 14:36:45.431 | INFO     | __main__:on_log:99 - step=7465 | loss=0.070800 | grad_norm=0.677517 | learning_rate=0.000018 | epoch=0.859132
2026-02-21 14:36:58.311 | INFO     | __main__:on_log:99 - step=7470 | loss=0.085300 | grad_norm=0.506259 | learning_rate=0.000018 | epoch=0.859708
2026-02-21 14:37:11.196 | INFO     | __main__:on_log:99 - step=7475 | loss=0.081900 | grad_norm=0.557931 | learning_rate=0.000018 | epoch=0.860283
2026-02-21 14:37:24.083 | INFO     | __main__:on_log:99 - step=7480 | loss=0.076700 | grad_norm=0.485851 | learning_rate=0.000018 | epoch=0.860859
2026-02-21 14:37:36.964 | INFO     | __main__:on_log:99 - step=7485 | loss=0.073700 | grad_norm=0.576389 | learning_rate=0.000018 | epoch=0.861434
2026-02-21 14:37:49.843 | INFO     | __main__:on_log:99 - step=7490 | loss=0.075700 | grad_norm=0.486549 | learning_rate=0.000018 | epoch=0.862009
2026-02-21 14:38:02.725 | INFO     | __main__:on_log:99 - step=7495 | loss=0.045100 | grad_norm=0.458853 | learning_rate=0.000018 | epoch=0.862585
2026-02-21 14:38:15.604 | INFO     | __main__:on_log:99 - step=7500 | loss=0.083100 | grad_norm=0.405744 | learning_rate=0.000018 | epoch=0.863160
2026-02-21 14:38:28.487 | INFO     | __main__:on_log:99 - step=7505 | loss=0.064200 | grad_norm=0.676750 | learning_rate=0.000018 | epoch=0.863736
2026-02-21 14:38:41.371 | INFO     | __main__:on_log:99 - step=7510 | loss=0.064100 | grad_norm=0.390135 | learning_rate=0.000018 | epoch=0.864311
2026-02-21 14:38:54.257 | INFO     | __main__:on_log:99 - step=7515 | loss=0.071600 | grad_norm=0.774565 | learning_rate=0.000018 | epoch=0.864887
2026-02-21 14:39:07.140 | INFO     | __main__:on_log:99 - step=7520 | loss=0.088800 | grad_norm=0.534145 | learning_rate=0.000018 | epoch=0.865462
2026-02-21 14:39:20.020 | INFO     | __main__:on_log:99 - step=7525 | loss=0.087000 | grad_norm=0.812683 | learning_rate=0.000018 | epoch=0.866038
2026-02-21 14:39:32.897 | INFO     | __main__:on_log:99 - step=7530 | loss=0.089500 | grad_norm=0.626583 | learning_rate=0.000018 | epoch=0.866613
2026-02-21 14:39:45.780 | INFO     | __main__:on_log:99 - step=7535 | loss=0.060000 | grad_norm=0.530233 | learning_rate=0.000018 | epoch=0.867188
2026-02-21 14:39:58.662 | INFO     | __main__:on_log:99 - step=7540 | loss=0.084600 | grad_norm=0.411170 | learning_rate=0.000018 | epoch=0.867764
2026-02-21 14:40:11.543 | INFO     | __main__:on_log:99 - step=7545 | loss=0.076200 | grad_norm=0.705910 | learning_rate=0.000018 | epoch=0.868339
2026-02-21 14:40:24.423 | INFO     | __main__:on_log:99 - step=7550 | loss=0.057100 | grad_norm=0.714273 | learning_rate=0.000018 | epoch=0.868915
2026-02-21 14:40:37.304 | INFO     | __main__:on_log:99 - step=7555 | loss=0.056100 | grad_norm=0.372274 | learning_rate=0.000018 | epoch=0.869490
2026-02-21 14:40:50.183 | INFO     | __main__:on_log:99 - step=7560 | loss=0.071700 | grad_norm=0.502978 | learning_rate=0.000018 | epoch=0.870066
2026-02-21 14:41:03.061 | INFO     | __main__:on_log:99 - step=7565 | loss=0.087100 | grad_norm=0.682687 | learning_rate=0.000018 | epoch=0.870641
2026-02-21 14:41:15.938 | INFO     | __main__:on_log:99 - step=7570 | loss=0.094700 | grad_norm=0.611853 | learning_rate=0.000018 | epoch=0.871216
2026-02-21 14:41:28.817 | INFO     | __main__:on_log:99 - step=7575 | loss=0.090800 | grad_norm=0.415949 | learning_rate=0.000018 | epoch=0.871792
2026-02-21 14:41:41.696 | INFO     | __main__:on_log:99 - step=7580 | loss=0.079500 | grad_norm=0.694090 | learning_rate=0.000018 | epoch=0.872367
2026-02-21 14:41:54.573 | INFO     | __main__:on_log:99 - step=7585 | loss=0.077500 | grad_norm=0.717043 | learning_rate=0.000018 | epoch=0.872943
2026-02-21 14:42:07.450 | INFO     | __main__:on_log:99 - step=7590 | loss=0.069100 | grad_norm=0.473829 | learning_rate=0.000018 | epoch=0.873518
2026-02-21 14:42:20.331 | INFO     | __main__:on_log:99 - step=7595 | loss=0.063900 | grad_norm=0.624513 | learning_rate=0.000018 | epoch=0.874094
2026-02-21 14:42:33.211 | INFO     | __main__:on_log:99 - step=7600 | loss=0.073400 | grad_norm=0.479613 | learning_rate=0.000018 | epoch=0.874669
2026-02-21 14:42:46.087 | INFO     | __main__:on_log:99 - step=7605 | loss=0.092300 | grad_norm=0.644286 | learning_rate=0.000018 | epoch=0.875245
2026-02-21 14:42:58.966 | INFO     | __main__:on_log:99 - step=7610 | loss=0.074700 | grad_norm=0.574844 | learning_rate=0.000018 | epoch=0.875820
2026-02-21 14:43:11.841 | INFO     | __main__:on_log:99 - step=7615 | loss=0.090700 | grad_norm=0.656445 | learning_rate=0.000018 | epoch=0.876395
2026-02-21 14:43:24.722 | INFO     | __main__:on_log:99 - step=7620 | loss=0.077800 | grad_norm=0.448009 | learning_rate=0.000018 | epoch=0.876971
2026-02-21 14:43:37.605 | INFO     | __main__:on_log:99 - step=7625 | loss=0.076300 | grad_norm=0.526980 | learning_rate=0.000018 | epoch=0.877546
2026-02-21 14:43:50.480 | INFO     | __main__:on_log:99 - step=7630 | loss=0.072400 | grad_norm=0.447868 | learning_rate=0.000018 | epoch=0.878122
2026-02-21 14:44:03.360 | INFO     | __main__:on_log:99 - step=7635 | loss=0.084000 | grad_norm=0.745969 | learning_rate=0.000018 | epoch=0.878697
2026-02-21 14:44:16.239 | INFO     | __main__:on_log:99 - step=7640 | loss=0.073500 | grad_norm=0.635575 | learning_rate=0.000018 | epoch=0.879273
2026-02-21 14:44:29.119 | INFO     | __main__:on_log:99 - step=7645 | loss=0.050400 | grad_norm=0.397308 | learning_rate=0.000018 | epoch=0.879848
2026-02-21 14:44:42.260 | INFO     | __main__:on_log:99 - step=7650 | loss=0.092900 | grad_norm=0.948474 | learning_rate=0.000018 | epoch=0.880424
2026-02-21 14:44:55.139 | INFO     | __main__:on_log:99 - step=7655 | loss=0.070900 | grad_norm=0.501960 | learning_rate=0.000018 | epoch=0.880999
2026-02-21 14:45:08.022 | INFO     | __main__:on_log:99 - step=7660 | loss=0.070400 | grad_norm=0.488042 | learning_rate=0.000018 | epoch=0.881574
2026-02-21 14:45:20.903 | INFO     | __main__:on_log:99 - step=7665 | loss=0.066400 | grad_norm=0.509953 | learning_rate=0.000018 | epoch=0.882150
2026-02-21 14:45:33.786 | INFO     | __main__:on_log:99 - step=7670 | loss=0.080900 | grad_norm=0.666174 | learning_rate=0.000018 | epoch=0.882725
2026-02-21 14:45:46.665 | INFO     | __main__:on_log:99 - step=7675 | loss=0.089900 | grad_norm=0.708628 | learning_rate=0.000018 | epoch=0.883301
2026-02-21 14:45:59.547 | INFO     | __main__:on_log:99 - step=7680 | loss=0.068000 | grad_norm=0.446605 | learning_rate=0.000018 | epoch=0.883876
2026-02-21 14:46:12.426 | INFO     | __main__:on_log:99 - step=7685 | loss=0.058800 | grad_norm=0.415471 | learning_rate=0.000018 | epoch=0.884452
2026-02-21 14:46:25.306 | INFO     | __main__:on_log:99 - step=7690 | loss=0.059900 | grad_norm=0.672825 | learning_rate=0.000018 | epoch=0.885027
2026-02-21 14:46:38.185 | INFO     | __main__:on_log:99 - step=7695 | loss=0.049300 | grad_norm=0.578067 | learning_rate=0.000018 | epoch=0.885602
2026-02-21 14:46:51.064 | INFO     | __main__:on_log:99 - step=7700 | loss=0.083300 | grad_norm=0.568496 | learning_rate=0.000018 | epoch=0.886178
2026-02-21 14:47:03.951 | INFO     | __main__:on_log:99 - step=7705 | loss=0.091100 | grad_norm=0.704751 | learning_rate=0.000018 | epoch=0.886753
2026-02-21 14:47:16.834 | INFO     | __main__:on_log:99 - step=7710 | loss=0.068800 | grad_norm=0.465459 | learning_rate=0.000018 | epoch=0.887329
2026-02-21 14:47:29.721 | INFO     | __main__:on_log:99 - step=7715 | loss=0.072700 | grad_norm=0.482104 | learning_rate=0.000018 | epoch=0.887904
2026-02-21 14:47:42.600 | INFO     | __main__:on_log:99 - step=7720 | loss=0.085700 | grad_norm=0.518138 | learning_rate=0.000018 | epoch=0.888480
2026-02-21 14:47:55.483 | INFO     | __main__:on_log:99 - step=7725 | loss=0.060200 | grad_norm=0.520388 | learning_rate=0.000018 | epoch=0.889055
2026-02-21 14:48:08.371 | INFO     | __main__:on_log:99 - step=7730 | loss=0.065900 | grad_norm=0.439069 | learning_rate=0.000018 | epoch=0.889631
2026-02-21 14:48:21.257 | INFO     | __main__:on_log:99 - step=7735 | loss=0.086700 | grad_norm=0.474898 | learning_rate=0.000018 | epoch=0.890206
2026-02-21 14:48:34.141 | INFO     | __main__:on_log:99 - step=7740 | loss=0.071300 | grad_norm=0.684769 | learning_rate=0.000018 | epoch=0.890781
2026-02-21 14:48:47.025 | INFO     | __main__:on_log:99 - step=7745 | loss=0.073600 | grad_norm=0.706615 | learning_rate=0.000018 | epoch=0.891357
2026-02-21 14:48:59.910 | INFO     | __main__:on_log:99 - step=7750 | loss=0.091700 | grad_norm=0.589037 | learning_rate=0.000017 | epoch=0.891932
2026-02-21 14:49:12.797 | INFO     | __main__:on_log:99 - step=7755 | loss=0.065500 | grad_norm=0.534650 | learning_rate=0.000017 | epoch=0.892508
2026-02-21 14:49:25.683 | INFO     | __main__:on_log:99 - step=7760 | loss=0.092400 | grad_norm=0.574745 | learning_rate=0.000017 | epoch=0.893083
2026-02-21 14:49:38.565 | INFO     | __main__:on_log:99 - step=7765 | loss=0.098600 | grad_norm=0.535556 | learning_rate=0.000017 | epoch=0.893659
2026-02-21 14:49:51.448 | INFO     | __main__:on_log:99 - step=7770 | loss=0.092400 | grad_norm=0.575220 | learning_rate=0.000017 | epoch=0.894234
2026-02-21 14:50:04.331 | INFO     | __main__:on_log:99 - step=7775 | loss=0.066600 | grad_norm=0.563447 | learning_rate=0.000017 | epoch=0.894810
2026-02-21 14:50:17.212 | INFO     | __main__:on_log:99 - step=7780 | loss=0.055100 | grad_norm=0.685524 | learning_rate=0.000017 | epoch=0.895385
2026-02-21 14:50:30.099 | INFO     | __main__:on_log:99 - step=7785 | loss=0.090700 | grad_norm=0.463302 | learning_rate=0.000017 | epoch=0.895960
2026-02-21 14:50:42.979 | INFO     | __main__:on_log:99 - step=7790 | loss=0.061300 | grad_norm=0.752053 | learning_rate=0.000017 | epoch=0.896536
2026-02-21 14:50:55.861 | INFO     | __main__:on_log:99 - step=7795 | loss=0.072900 | grad_norm=0.619747 | learning_rate=0.000017 | epoch=0.897111
2026-02-21 14:51:08.742 | INFO     | __main__:on_log:99 - step=7800 | loss=0.093600 | grad_norm=0.490416 | learning_rate=0.000017 | epoch=0.897687
2026-02-21 14:51:21.623 | INFO     | __main__:on_log:99 - step=7805 | loss=0.081900 | grad_norm=0.794788 | learning_rate=0.000017 | epoch=0.898262
2026-02-21 14:51:34.509 | INFO     | __main__:on_log:99 - step=7810 | loss=0.069200 | grad_norm=0.515590 | learning_rate=0.000017 | epoch=0.898838
2026-02-21 14:51:47.390 | INFO     | __main__:on_log:99 - step=7815 | loss=0.070700 | grad_norm=0.444207 | learning_rate=0.000017 | epoch=0.899413
2026-02-21 14:52:00.276 | INFO     | __main__:on_log:99 - step=7820 | loss=0.091700 | grad_norm=0.824751 | learning_rate=0.000017 | epoch=0.899988
2026-02-21 14:52:13.156 | INFO     | __main__:on_log:99 - step=7825 | loss=0.063400 | grad_norm=0.485255 | learning_rate=0.000017 | epoch=0.900564
2026-02-21 14:52:26.040 | INFO     | __main__:on_log:99 - step=7830 | loss=0.048700 | grad_norm=0.846849 | learning_rate=0.000017 | epoch=0.901139
2026-02-21 14:52:38.918 | INFO     | __main__:on_log:99 - step=7835 | loss=0.070200 | grad_norm=0.546071 | learning_rate=0.000017 | epoch=0.901715
2026-02-21 14:52:51.799 | INFO     | __main__:on_log:99 - step=7840 | loss=0.060500 | grad_norm=0.472536 | learning_rate=0.000017 | epoch=0.902290
2026-02-21 14:53:04.679 | INFO     | __main__:on_log:99 - step=7845 | loss=0.081600 | grad_norm=0.556270 | learning_rate=0.000017 | epoch=0.902866
2026-02-21 14:53:17.556 | INFO     | __main__:on_log:99 - step=7850 | loss=0.089100 | grad_norm=0.481337 | learning_rate=0.000017 | epoch=0.903441
2026-02-21 14:53:30.440 | INFO     | __main__:on_log:99 - step=7855 | loss=0.094200 | grad_norm=0.474586 | learning_rate=0.000017 | epoch=0.904017
2026-02-21 14:53:43.318 | INFO     | __main__:on_log:99 - step=7860 | loss=0.066600 | grad_norm=0.476371 | learning_rate=0.000017 | epoch=0.904592
2026-02-21 14:53:56.193 | INFO     | __main__:on_log:99 - step=7865 | loss=0.092100 | grad_norm=0.667101 | learning_rate=0.000017 | epoch=0.905167
2026-02-21 14:54:09.075 | INFO     | __main__:on_log:99 - step=7870 | loss=0.056900 | grad_norm=0.388630 | learning_rate=0.000017 | epoch=0.905743
2026-02-21 14:54:21.959 | INFO     | __main__:on_log:99 - step=7875 | loss=0.083800 | grad_norm=0.487889 | learning_rate=0.000017 | epoch=0.906318
2026-02-21 14:54:34.840 | INFO     | __main__:on_log:99 - step=7880 | loss=0.052300 | grad_norm=0.475773 | learning_rate=0.000017 | epoch=0.906894
2026-02-21 14:54:47.716 | INFO     | __main__:on_log:99 - step=7885 | loss=0.067100 | grad_norm=0.544911 | learning_rate=0.000017 | epoch=0.907469
2026-02-21 14:55:00.596 | INFO     | __main__:on_log:99 - step=7890 | loss=0.066000 | grad_norm=0.684197 | learning_rate=0.000017 | epoch=0.908045
2026-02-21 14:55:13.474 | INFO     | __main__:on_log:99 - step=7895 | loss=0.056300 | grad_norm=0.489335 | learning_rate=0.000017 | epoch=0.908620
2026-02-21 14:55:26.355 | INFO     | __main__:on_log:99 - step=7900 | loss=0.075500 | grad_norm=0.613272 | learning_rate=0.000017 | epoch=0.909196
2026-02-21 14:55:39.235 | INFO     | __main__:on_log:99 - step=7905 | loss=0.079200 | grad_norm=0.502934 | learning_rate=0.000017 | epoch=0.909771
2026-02-21 14:55:52.112 | INFO     | __main__:on_log:99 - step=7910 | loss=0.091900 | grad_norm=0.574056 | learning_rate=0.000017 | epoch=0.910346
2026-02-21 14:56:04.994 | INFO     | __main__:on_log:99 - step=7915 | loss=0.065400 | grad_norm=0.500425 | learning_rate=0.000017 | epoch=0.910922
2026-02-21 14:56:17.873 | INFO     | __main__:on_log:99 - step=7920 | loss=0.056700 | grad_norm=0.500960 | learning_rate=0.000017 | epoch=0.911497
2026-02-21 14:56:30.756 | INFO     | __main__:on_log:99 - step=7925 | loss=0.064400 | grad_norm=0.363177 | learning_rate=0.000017 | epoch=0.912073
2026-02-21 14:56:43.637 | INFO     | __main__:on_log:99 - step=7930 | loss=0.056100 | grad_norm=0.425325 | learning_rate=0.000017 | epoch=0.912648
2026-02-21 14:56:56.518 | INFO     | __main__:on_log:99 - step=7935 | loss=0.061100 | grad_norm=0.440547 | learning_rate=0.000017 | epoch=0.913224
2026-02-21 14:57:09.401 | INFO     | __main__:on_log:99 - step=7940 | loss=0.053800 | grad_norm=0.337315 | learning_rate=0.000017 | epoch=0.913799
2026-02-21 14:57:22.280 | INFO     | __main__:on_log:99 - step=7945 | loss=0.083400 | grad_norm=0.945164 | learning_rate=0.000017 | epoch=0.914374
2026-02-21 14:57:35.165 | INFO     | __main__:on_log:99 - step=7950 | loss=0.074300 | grad_norm=0.544869 | learning_rate=0.000017 | epoch=0.914950
2026-02-21 14:57:48.047 | INFO     | __main__:on_log:99 - step=7955 | loss=0.059300 | grad_norm=0.495100 | learning_rate=0.000017 | epoch=0.915525
2026-02-21 14:58:00.934 | INFO     | __main__:on_log:99 - step=7960 | loss=0.093000 | grad_norm=0.443789 | learning_rate=0.000017 | epoch=0.916101
2026-02-21 14:58:13.813 | INFO     | __main__:on_log:99 - step=7965 | loss=0.051900 | grad_norm=0.500297 | learning_rate=0.000017 | epoch=0.916676
2026-02-21 14:58:26.699 | INFO     | __main__:on_log:99 - step=7970 | loss=0.072000 | grad_norm=0.487175 | learning_rate=0.000017 | epoch=0.917252
2026-02-21 14:58:39.583 | INFO     | __main__:on_log:99 - step=7975 | loss=0.069400 | grad_norm=0.612613 | learning_rate=0.000017 | epoch=0.917827
2026-02-21 14:58:52.469 | INFO     | __main__:on_log:99 - step=7980 | loss=0.081600 | grad_norm=0.792181 | learning_rate=0.000017 | epoch=0.918403
2026-02-21 14:59:05.350 | INFO     | __main__:on_log:99 - step=7985 | loss=0.068000 | grad_norm=0.594080 | learning_rate=0.000017 | epoch=0.918978
2026-02-21 14:59:18.236 | INFO     | __main__:on_log:99 - step=7990 | loss=0.068100 | grad_norm=0.481079 | learning_rate=0.000017 | epoch=0.919553
2026-02-21 14:59:31.121 | INFO     | __main__:on_log:99 - step=7995 | loss=0.063500 | grad_norm=0.380818 | learning_rate=0.000017 | epoch=0.920129
2026-02-21 14:59:44.001 | INFO     | __main__:on_log:99 - step=8000 | loss=0.069800 | grad_norm=0.505337 | learning_rate=0.000017 | epoch=0.920704
2026-02-21 14:59:56.879 | INFO     | __main__:on_log:99 - step=8005 | loss=0.086900 | grad_norm=0.500434 | learning_rate=0.000017 | epoch=0.921280
2026-02-21 15:00:09.768 | INFO     | __main__:on_log:99 - step=8010 | loss=0.063000 | grad_norm=0.616211 | learning_rate=0.000017 | epoch=0.921855
2026-02-21 15:00:22.650 | INFO     | __main__:on_log:99 - step=8015 | loss=0.081900 | grad_norm=0.784726 | learning_rate=0.000017 | epoch=0.922431
2026-02-21 15:00:35.538 | INFO     | __main__:on_log:99 - step=8020 | loss=0.076500 | grad_norm=0.538329 | learning_rate=0.000017 | epoch=0.923006
2026-02-21 15:00:48.422 | INFO     | __main__:on_log:99 - step=8025 | loss=0.067700 | grad_norm=0.564292 | learning_rate=0.000017 | epoch=0.923582
2026-02-21 15:01:01.305 | INFO     | __main__:on_log:99 - step=8030 | loss=0.078000 | grad_norm=0.660210 | learning_rate=0.000017 | epoch=0.924157
2026-02-21 15:01:14.194 | INFO     | __main__:on_log:99 - step=8035 | loss=0.064200 | grad_norm=0.288336 | learning_rate=0.000017 | epoch=0.924732
2026-02-21 15:01:27.078 | INFO     | __main__:on_log:99 - step=8040 | loss=0.092600 | grad_norm=0.715017 | learning_rate=0.000017 | epoch=0.925308
2026-02-21 15:01:39.957 | INFO     | __main__:on_log:99 - step=8045 | loss=0.086300 | grad_norm=0.811889 | learning_rate=0.000017 | epoch=0.925883
2026-02-21 15:01:52.836 | INFO     | __main__:on_log:99 - step=8050 | loss=0.078700 | grad_norm=0.670097 | learning_rate=0.000017 | epoch=0.926459
2026-02-21 15:02:05.717 | INFO     | __main__:on_log:99 - step=8055 | loss=0.097400 | grad_norm=0.607377 | learning_rate=0.000017 | epoch=0.927034
2026-02-21 15:02:18.169 | INFO     | __main__:on_log:99 - step=8060 | loss=0.075000 | grad_norm=1.018423 | learning_rate=0.000017 | epoch=0.927610
2026-02-21 15:02:31.048 | INFO     | __main__:on_log:99 - step=8065 | loss=0.089800 | grad_norm=0.616894 | learning_rate=0.000017 | epoch=0.928185
2026-02-21 15:02:43.928 | INFO     | __main__:on_log:99 - step=8070 | loss=0.090000 | grad_norm=0.791754 | learning_rate=0.000017 | epoch=0.928761
2026-02-21 15:02:56.808 | INFO     | __main__:on_log:99 - step=8075 | loss=0.075300 | grad_norm=0.469714 | learning_rate=0.000017 | epoch=0.929336
2026-02-21 15:03:09.686 | INFO     | __main__:on_log:99 - step=8080 | loss=0.080300 | grad_norm=0.888522 | learning_rate=0.000017 | epoch=0.929911
2026-02-21 15:03:22.564 | INFO     | __main__:on_log:99 - step=8085 | loss=0.072500 | grad_norm=0.487589 | learning_rate=0.000017 | epoch=0.930487
2026-02-21 15:03:35.445 | INFO     | __main__:on_log:99 - step=8090 | loss=0.054500 | grad_norm=0.682768 | learning_rate=0.000017 | epoch=0.931062
2026-02-21 15:03:48.325 | INFO     | __main__:on_log:99 - step=8095 | loss=0.087600 | grad_norm=0.475384 | learning_rate=0.000017 | epoch=0.931638
2026-02-21 15:04:01.205 | INFO     | __main__:on_log:99 - step=8100 | loss=0.080200 | grad_norm=0.399439 | learning_rate=0.000017 | epoch=0.932213
2026-02-21 15:04:14.082 | INFO     | __main__:on_log:99 - step=8105 | loss=0.083600 | grad_norm=0.614600 | learning_rate=0.000017 | epoch=0.932789
2026-02-21 15:04:26.964 | INFO     | __main__:on_log:99 - step=8110 | loss=0.078200 | grad_norm=0.664413 | learning_rate=0.000017 | epoch=0.933364
2026-02-21 15:04:39.849 | INFO     | __main__:on_log:99 - step=8115 | loss=0.075300 | grad_norm=0.756402 | learning_rate=0.000017 | epoch=0.933939
2026-02-21 15:04:52.728 | INFO     | __main__:on_log:99 - step=8120 | loss=0.057700 | grad_norm=0.658661 | learning_rate=0.000017 | epoch=0.934515
2026-02-21 15:05:05.608 | INFO     | __main__:on_log:99 - step=8125 | loss=0.071200 | grad_norm=0.628174 | learning_rate=0.000017 | epoch=0.935090
2026-02-21 15:05:18.490 | INFO     | __main__:on_log:99 - step=8130 | loss=0.064300 | grad_norm=0.770183 | learning_rate=0.000017 | epoch=0.935666
2026-02-21 15:05:31.372 | INFO     | __main__:on_log:99 - step=8135 | loss=0.066800 | grad_norm=0.556438 | learning_rate=0.000017 | epoch=0.936241
2026-02-21 15:05:44.252 | INFO     | __main__:on_log:99 - step=8140 | loss=0.081500 | grad_norm=0.505864 | learning_rate=0.000017 | epoch=0.936817
2026-02-21 15:05:57.137 | INFO     | __main__:on_log:99 - step=8145 | loss=0.067400 | grad_norm=0.500749 | learning_rate=0.000017 | epoch=0.937392
2026-02-21 15:06:10.023 | INFO     | __main__:on_log:99 - step=8150 | loss=0.094300 | grad_norm=0.894842 | learning_rate=0.000017 | epoch=0.937968
2026-02-21 15:06:22.911 | INFO     | __main__:on_log:99 - step=8155 | loss=0.065900 | grad_norm=0.401141 | learning_rate=0.000017 | epoch=0.938543
2026-02-21 15:06:35.794 | INFO     | __main__:on_log:99 - step=8160 | loss=0.111600 | grad_norm=0.663275 | learning_rate=0.000017 | epoch=0.939118
2026-02-21 15:06:48.676 | INFO     | __main__:on_log:99 - step=8165 | loss=0.048800 | grad_norm=0.519211 | learning_rate=0.000017 | epoch=0.939694
2026-02-21 15:07:01.558 | INFO     | __main__:on_log:99 - step=8170 | loss=0.079800 | grad_norm=0.558070 | learning_rate=0.000017 | epoch=0.940269
2026-02-21 15:07:14.443 | INFO     | __main__:on_log:99 - step=8175 | loss=0.053700 | grad_norm=0.706680 | learning_rate=0.000017 | epoch=0.940845
2026-02-21 15:07:27.330 | INFO     | __main__:on_log:99 - step=8180 | loss=0.065400 | grad_norm=0.690983 | learning_rate=0.000017 | epoch=0.941420
2026-02-21 15:07:40.214 | INFO     | __main__:on_log:99 - step=8185 | loss=0.059800 | grad_norm=0.409291 | learning_rate=0.000017 | epoch=0.941996
2026-02-21 15:07:53.097 | INFO     | __main__:on_log:99 - step=8190 | loss=0.078200 | grad_norm=0.532171 | learning_rate=0.000017 | epoch=0.942571
2026-02-21 15:08:05.983 | INFO     | __main__:on_log:99 - step=8195 | loss=0.104600 | grad_norm=0.716579 | learning_rate=0.000017 | epoch=0.943147
2026-02-21 15:08:18.866 | INFO     | __main__:on_log:99 - step=8200 | loss=0.083600 | grad_norm=0.658053 | learning_rate=0.000017 | epoch=0.943722
2026-02-21 15:08:31.748 | INFO     | __main__:on_log:99 - step=8205 | loss=0.086100 | grad_norm=0.600451 | learning_rate=0.000017 | epoch=0.944297
2026-02-21 15:08:44.631 | INFO     | __main__:on_log:99 - step=8210 | loss=0.066100 | grad_norm=0.480147 | learning_rate=0.000017 | epoch=0.944873
2026-02-21 15:08:57.515 | INFO     | __main__:on_log:99 - step=8215 | loss=0.062100 | grad_norm=0.589791 | learning_rate=0.000017 | epoch=0.945448
2026-02-21 15:09:10.395 | INFO     | __main__:on_log:99 - step=8220 | loss=0.066400 | grad_norm=0.530155 | learning_rate=0.000017 | epoch=0.946024
2026-02-21 15:09:23.278 | INFO     | __main__:on_log:99 - step=8225 | loss=0.071000 | grad_norm=0.299318 | learning_rate=0.000017 | epoch=0.946599
2026-02-21 15:09:36.159 | INFO     | __main__:on_log:99 - step=8230 | loss=0.052600 | grad_norm=0.589369 | learning_rate=0.000017 | epoch=0.947175
2026-02-21 15:09:49.040 | INFO     | __main__:on_log:99 - step=8235 | loss=0.065700 | grad_norm=0.499765 | learning_rate=0.000017 | epoch=0.947750
2026-02-21 15:10:01.924 | INFO     | __main__:on_log:99 - step=8240 | loss=0.084900 | grad_norm=0.510091 | learning_rate=0.000017 | epoch=0.948325
2026-02-21 15:10:14.805 | INFO     | __main__:on_log:99 - step=8245 | loss=0.074000 | grad_norm=0.279490 | learning_rate=0.000017 | epoch=0.948901
2026-02-21 15:10:27.686 | INFO     | __main__:on_log:99 - step=8250 | loss=0.070300 | grad_norm=0.367652 | learning_rate=0.000017 | epoch=0.949476
2026-02-21 15:10:40.568 | INFO     | __main__:on_log:99 - step=8255 | loss=0.070500 | grad_norm=0.289228 | learning_rate=0.000017 | epoch=0.950052
2026-02-21 15:10:53.450 | INFO     | __main__:on_log:99 - step=8260 | loss=0.077000 | grad_norm=0.466750 | learning_rate=0.000017 | epoch=0.950627
2026-02-21 15:11:06.334 | INFO     | __main__:on_log:99 - step=8265 | loss=0.070600 | grad_norm=0.316609 | learning_rate=0.000017 | epoch=0.951203
2026-02-21 15:11:19.219 | INFO     | __main__:on_log:99 - step=8270 | loss=0.084800 | grad_norm=0.385202 | learning_rate=0.000017 | epoch=0.951778
2026-02-21 15:11:32.105 | INFO     | __main__:on_log:99 - step=8275 | loss=0.071600 | grad_norm=0.414961 | learning_rate=0.000017 | epoch=0.952354
2026-02-21 15:11:44.986 | INFO     | __main__:on_log:99 - step=8280 | loss=0.043600 | grad_norm=0.493166 | learning_rate=0.000017 | epoch=0.952929
2026-02-21 15:11:57.870 | INFO     | __main__:on_log:99 - step=8285 | loss=0.074200 | grad_norm=0.496841 | learning_rate=0.000017 | epoch=0.953504
2026-02-21 15:12:10.756 | INFO     | __main__:on_log:99 - step=8290 | loss=0.077700 | grad_norm=0.490719 | learning_rate=0.000017 | epoch=0.954080
2026-02-21 15:12:23.642 | INFO     | __main__:on_log:99 - step=8295 | loss=0.055100 | grad_norm=0.371001 | learning_rate=0.000017 | epoch=0.954655
2026-02-21 15:12:36.528 | INFO     | __main__:on_log:99 - step=8300 | loss=0.077000 | grad_norm=0.402522 | learning_rate=0.000016 | epoch=0.955231
2026-02-21 15:12:49.410 | INFO     | __main__:on_log:99 - step=8305 | loss=0.086400 | grad_norm=0.916592 | learning_rate=0.000016 | epoch=0.955806
2026-02-21 15:13:02.291 | INFO     | __main__:on_log:99 - step=8310 | loss=0.041800 | grad_norm=0.614022 | learning_rate=0.000016 | epoch=0.956382
2026-02-21 15:13:15.171 | INFO     | __main__:on_log:99 - step=8315 | loss=0.090800 | grad_norm=0.762525 | learning_rate=0.000016 | epoch=0.956957
2026-02-21 15:13:28.056 | INFO     | __main__:on_log:99 - step=8320 | loss=0.066500 | grad_norm=0.565198 | learning_rate=0.000016 | epoch=0.957533
2026-02-21 15:13:40.937 | INFO     | __main__:on_log:99 - step=8325 | loss=0.083000 | grad_norm=0.494299 | learning_rate=0.000016 | epoch=0.958108
2026-02-21 15:13:53.819 | INFO     | __main__:on_log:99 - step=8330 | loss=0.074800 | grad_norm=0.609587 | learning_rate=0.000016 | epoch=0.958683
2026-02-21 15:14:06.704 | INFO     | __main__:on_log:99 - step=8335 | loss=0.083700 | grad_norm=0.727446 | learning_rate=0.000016 | epoch=0.959259
2026-02-21 15:14:19.589 | INFO     | __main__:on_log:99 - step=8340 | loss=0.077500 | grad_norm=0.551463 | learning_rate=0.000016 | epoch=0.959834
2026-02-21 15:14:32.476 | INFO     | __main__:on_log:99 - step=8345 | loss=0.084600 | grad_norm=0.572587 | learning_rate=0.000016 | epoch=0.960410
2026-02-21 15:14:45.356 | INFO     | __main__:on_log:99 - step=8350 | loss=0.070800 | grad_norm=0.601065 | learning_rate=0.000016 | epoch=0.960985
2026-02-21 15:14:58.243 | INFO     | __main__:on_log:99 - step=8355 | loss=0.061900 | grad_norm=0.377510 | learning_rate=0.000016 | epoch=0.961561
2026-02-21 15:15:11.130 | INFO     | __main__:on_log:99 - step=8360 | loss=0.068600 | grad_norm=0.765620 | learning_rate=0.000016 | epoch=0.962136
2026-02-21 15:15:24.023 | INFO     | __main__:on_log:99 - step=8365 | loss=0.060100 | grad_norm=0.572263 | learning_rate=0.000016 | epoch=0.962711
2026-02-21 15:15:36.907 | INFO     | __main__:on_log:99 - step=8370 | loss=0.070600 | grad_norm=0.545815 | learning_rate=0.000016 | epoch=0.963287
2026-02-21 15:15:49.792 | INFO     | __main__:on_log:99 - step=8375 | loss=0.079400 | grad_norm=0.639026 | learning_rate=0.000016 | epoch=0.963862
2026-02-21 15:16:02.679 | INFO     | __main__:on_log:99 - step=8380 | loss=0.067000 | grad_norm=0.408102 | learning_rate=0.000016 | epoch=0.964438
2026-02-21 15:16:15.563 | INFO     | __main__:on_log:99 - step=8385 | loss=0.054700 | grad_norm=0.639156 | learning_rate=0.000016 | epoch=0.965013
2026-02-21 15:16:28.453 | INFO     | __main__:on_log:99 - step=8390 | loss=0.053600 | grad_norm=0.433435 | learning_rate=0.000016 | epoch=0.965589
2026-02-21 15:16:41.337 | INFO     | __main__:on_log:99 - step=8395 | loss=0.067500 | grad_norm=0.586061 | learning_rate=0.000016 | epoch=0.966164
2026-02-21 15:16:54.222 | INFO     | __main__:on_log:99 - step=8400 | loss=0.059700 | grad_norm=0.433775 | learning_rate=0.000016 | epoch=0.966740
2026-02-21 15:17:07.104 | INFO     | __main__:on_log:99 - step=8405 | loss=0.064200 | grad_norm=0.404500 | learning_rate=0.000016 | epoch=0.967315
2026-02-21 15:17:19.989 | INFO     | __main__:on_log:99 - step=8410 | loss=0.070400 | grad_norm=0.356956 | learning_rate=0.000016 | epoch=0.967890
2026-02-21 15:17:32.873 | INFO     | __main__:on_log:99 - step=8415 | loss=0.070400 | grad_norm=0.720490 | learning_rate=0.000016 | epoch=0.968466
2026-02-21 15:17:45.754 | INFO     | __main__:on_log:99 - step=8420 | loss=0.078900 | grad_norm=0.570313 | learning_rate=0.000016 | epoch=0.969041
2026-02-21 15:17:58.638 | INFO     | __main__:on_log:99 - step=8425 | loss=0.054600 | grad_norm=0.419305 | learning_rate=0.000016 | epoch=0.969617
2026-02-21 15:18:11.523 | INFO     | __main__:on_log:99 - step=8430 | loss=0.059100 | grad_norm=0.521767 | learning_rate=0.000016 | epoch=0.970192
2026-02-21 15:18:24.403 | INFO     | __main__:on_log:99 - step=8435 | loss=0.072600 | grad_norm=0.725799 | learning_rate=0.000016 | epoch=0.970768
2026-02-21 15:18:37.284 | INFO     | __main__:on_log:99 - step=8440 | loss=0.075100 | grad_norm=0.627880 | learning_rate=0.000016 | epoch=0.971343
2026-02-21 15:18:50.167 | INFO     | __main__:on_log:99 - step=8445 | loss=0.074500 | grad_norm=0.716442 | learning_rate=0.000016 | epoch=0.971919
2026-02-21 15:19:03.048 | INFO     | __main__:on_log:99 - step=8450 | loss=0.093000 | grad_norm=0.622994 | learning_rate=0.000016 | epoch=0.972494
2026-02-21 15:19:15.928 | INFO     | __main__:on_log:99 - step=8455 | loss=0.062200 | grad_norm=0.487505 | learning_rate=0.000016 | epoch=0.973069
2026-02-21 15:19:28.814 | INFO     | __main__:on_log:99 - step=8460 | loss=0.069400 | grad_norm=0.495127 | learning_rate=0.000016 | epoch=0.973645
2026-02-21 15:19:41.694 | INFO     | __main__:on_log:99 - step=8465 | loss=0.049600 | grad_norm=0.408857 | learning_rate=0.000016 | epoch=0.974220
2026-02-21 15:19:54.576 | INFO     | __main__:on_log:99 - step=8470 | loss=0.093300 | grad_norm=0.810766 | learning_rate=0.000016 | epoch=0.974796
2026-02-21 15:20:07.459 | INFO     | __main__:on_log:99 - step=8475 | loss=0.083400 | grad_norm=0.562232 | learning_rate=0.000016 | epoch=0.975371
2026-02-21 15:20:20.344 | INFO     | __main__:on_log:99 - step=8480 | loss=0.087300 | grad_norm=0.643791 | learning_rate=0.000016 | epoch=0.975947
2026-02-21 15:20:33.232 | INFO     | __main__:on_log:99 - step=8485 | loss=0.075000 | grad_norm=0.646417 | learning_rate=0.000016 | epoch=0.976522
2026-02-21 15:20:46.119 | INFO     | __main__:on_log:99 - step=8490 | loss=0.071400 | grad_norm=0.627798 | learning_rate=0.000016 | epoch=0.977097
2026-02-21 15:20:59.004 | INFO     | __main__:on_log:99 - step=8495 | loss=0.059700 | grad_norm=0.544859 | learning_rate=0.000016 | epoch=0.977673
2026-02-21 15:21:11.888 | INFO     | __main__:on_log:99 - step=8500 | loss=0.072300 | grad_norm=0.487023 | learning_rate=0.000016 | epoch=0.978248
2026-02-21 15:21:24.774 | INFO     | __main__:on_log:99 - step=8505 | loss=0.072400 | grad_norm=0.648209 | learning_rate=0.000016 | epoch=0.978824
2026-02-21 15:21:37.654 | INFO     | __main__:on_log:99 - step=8510 | loss=0.046900 | grad_norm=0.529498 | learning_rate=0.000016 | epoch=0.979399
2026-02-21 15:21:50.538 | INFO     | __main__:on_log:99 - step=8515 | loss=0.080100 | grad_norm=0.544134 | learning_rate=0.000016 | epoch=0.979975
2026-02-21 15:22:03.423 | INFO     | __main__:on_log:99 - step=8520 | loss=0.082000 | grad_norm=0.699630 | learning_rate=0.000016 | epoch=0.980550
2026-02-21 15:22:16.308 | INFO     | __main__:on_log:99 - step=8525 | loss=0.081600 | grad_norm=0.640858 | learning_rate=0.000016 | epoch=0.981126
2026-02-21 15:22:29.192 | INFO     | __main__:on_log:99 - step=8530 | loss=0.065900 | grad_norm=0.362755 | learning_rate=0.000016 | epoch=0.981701
2026-02-21 15:22:42.072 | INFO     | __main__:on_log:99 - step=8535 | loss=0.049800 | grad_norm=0.521097 | learning_rate=0.000016 | epoch=0.982276
2026-02-21 15:22:54.953 | INFO     | __main__:on_log:99 - step=8540 | loss=0.097500 | grad_norm=0.640665 | learning_rate=0.000016 | epoch=0.982852
2026-02-21 15:23:07.830 | INFO     | __main__:on_log:99 - step=8545 | loss=0.087200 | grad_norm=0.545756 | learning_rate=0.000016 | epoch=0.983427
2026-02-21 15:23:20.713 | INFO     | __main__:on_log:99 - step=8550 | loss=0.088100 | grad_norm=0.489341 | learning_rate=0.000016 | epoch=0.984003
2026-02-21 15:23:33.594 | INFO     | __main__:on_log:99 - step=8555 | loss=0.069600 | grad_norm=0.453500 | learning_rate=0.000016 | epoch=0.984578
2026-02-21 15:23:46.478 | INFO     | __main__:on_log:99 - step=8560 | loss=0.065000 | grad_norm=0.757229 | learning_rate=0.000016 | epoch=0.985154
2026-02-21 15:23:59.365 | INFO     | __main__:on_log:99 - step=8565 | loss=0.096800 | grad_norm=0.798186 | learning_rate=0.000016 | epoch=0.985729
2026-02-21 15:24:12.246 | INFO     | __main__:on_log:99 - step=8570 | loss=0.060100 | grad_norm=0.474767 | learning_rate=0.000016 | epoch=0.986305
2026-02-21 15:24:25.130 | INFO     | __main__:on_log:99 - step=8575 | loss=0.076600 | grad_norm=0.729692 | learning_rate=0.000016 | epoch=0.986880
2026-02-21 15:24:38.015 | INFO     | __main__:on_log:99 - step=8580 | loss=0.063800 | grad_norm=0.421119 | learning_rate=0.000016 | epoch=0.987455
2026-02-21 15:24:50.900 | INFO     | __main__:on_log:99 - step=8585 | loss=0.053900 | grad_norm=0.376810 | learning_rate=0.000016 | epoch=0.988031
2026-02-21 15:25:03.785 | INFO     | __main__:on_log:99 - step=8590 | loss=0.062900 | grad_norm=0.375584 | learning_rate=0.000016 | epoch=0.988606
2026-02-21 15:25:16.669 | INFO     | __main__:on_log:99 - step=8595 | loss=0.070400 | grad_norm=0.566712 | learning_rate=0.000016 | epoch=0.989182
2026-02-21 15:25:29.555 | INFO     | __main__:on_log:99 - step=8600 | loss=0.081500 | grad_norm=0.541180 | learning_rate=0.000016 | epoch=0.989757
2026-02-21 15:25:42.440 | INFO     | __main__:on_log:99 - step=8605 | loss=0.056300 | grad_norm=0.447107 | learning_rate=0.000016 | epoch=0.990333
2026-02-21 15:25:55.321 | INFO     | __main__:on_log:99 - step=8610 | loss=0.076700 | grad_norm=0.829456 | learning_rate=0.000016 | epoch=0.990908
2026-02-21 15:26:08.203 | INFO     | __main__:on_log:99 - step=8615 | loss=0.071900 | grad_norm=0.700235 | learning_rate=0.000016 | epoch=0.991483
2026-02-21 15:26:21.084 | INFO     | __main__:on_log:99 - step=8620 | loss=0.076800 | grad_norm=0.378931 | learning_rate=0.000016 | epoch=0.992059
2026-02-21 15:26:33.968 | INFO     | __main__:on_log:99 - step=8625 | loss=0.053500 | grad_norm=0.359319 | learning_rate=0.000016 | epoch=0.992634
2026-02-21 15:26:46.851 | INFO     | __main__:on_log:99 - step=8630 | loss=0.079800 | grad_norm=1.087239 | learning_rate=0.000016 | epoch=0.993210
2026-02-21 15:26:59.736 | INFO     | __main__:on_log:99 - step=8635 | loss=0.077400 | grad_norm=0.529655 | learning_rate=0.000016 | epoch=0.993785
2026-02-21 15:27:12.618 | INFO     | __main__:on_log:99 - step=8640 | loss=0.077400 | grad_norm=0.659236 | learning_rate=0.000016 | epoch=0.994361
2026-02-21 15:27:25.502 | INFO     | __main__:on_log:99 - step=8645 | loss=0.075200 | grad_norm=0.562013 | learning_rate=0.000016 | epoch=0.994936
2026-02-21 15:27:38.383 | INFO     | __main__:on_log:99 - step=8650 | loss=0.072500 | grad_norm=0.398681 | learning_rate=0.000016 | epoch=0.995512
2026-02-21 15:27:51.269 | INFO     | __main__:on_log:99 - step=8655 | loss=0.084500 | grad_norm=0.602691 | learning_rate=0.000016 | epoch=0.996087
2026-02-21 15:28:04.152 | INFO     | __main__:on_log:99 - step=8660 | loss=0.053000 | grad_norm=0.305761 | learning_rate=0.000016 | epoch=0.996662
2026-02-21 15:28:17.039 | INFO     | __main__:on_log:99 - step=8665 | loss=0.079300 | grad_norm=0.508028 | learning_rate=0.000016 | epoch=0.997238
2026-02-21 15:28:29.926 | INFO     | __main__:on_log:99 - step=8670 | loss=0.060100 | grad_norm=0.432944 | learning_rate=0.000016 | epoch=0.997813
2026-02-21 15:28:42.811 | INFO     | __main__:on_log:99 - step=8675 | loss=0.089000 | grad_norm=0.394922 | learning_rate=0.000016 | epoch=0.998389
2026-02-21 15:28:55.693 | INFO     | __main__:on_log:99 - step=8680 | loss=0.076500 | grad_norm=0.507455 | learning_rate=0.000016 | epoch=0.998964
2026-02-21 15:29:08.578 | INFO     | __main__:on_log:99 - step=8685 | loss=0.065200 | grad_norm=0.419617 | learning_rate=0.000016 | epoch=0.999540
2026-02-21 15:29:20.291 | INFO     | __main__:on_log:99 - step=8690 | loss=0.069600 | grad_norm=0.388268 | learning_rate=0.000016 | epoch=1.000115
2026-02-21 15:29:33.176 | INFO     | __main__:on_log:99 - step=8695 | loss=0.065700 | grad_norm=0.530549 | learning_rate=0.000016 | epoch=1.000691
2026-02-21 15:29:46.061 | INFO     | __main__:on_log:99 - step=8700 | loss=0.067600 | grad_norm=0.507384 | learning_rate=0.000016 | epoch=1.001266
2026-02-21 15:29:58.945 | INFO     | __main__:on_log:99 - step=8705 | loss=0.059200 | grad_norm=0.479130 | learning_rate=0.000016 | epoch=1.001841
2026-02-21 15:30:11.828 | INFO     | __main__:on_log:99 - step=8710 | loss=0.055700 | grad_norm=0.558350 | learning_rate=0.000016 | epoch=1.002417
2026-02-21 15:30:24.712 | INFO     | __main__:on_log:99 - step=8715 | loss=0.060700 | grad_norm=0.549216 | learning_rate=0.000016 | epoch=1.002992
2026-02-21 15:30:37.596 | INFO     | __main__:on_log:99 - step=8720 | loss=0.072000 | grad_norm=0.952584 | learning_rate=0.000016 | epoch=1.003568
2026-02-21 15:30:50.476 | INFO     | __main__:on_log:99 - step=8725 | loss=0.052300 | grad_norm=0.397362 | learning_rate=0.000016 | epoch=1.004143
2026-02-21 15:31:03.356 | INFO     | __main__:on_log:99 - step=8730 | loss=0.063300 | grad_norm=0.630084 | learning_rate=0.000016 | epoch=1.004719
2026-02-21 15:31:16.239 | INFO     | __main__:on_log:99 - step=8735 | loss=0.054900 | grad_norm=0.451700 | learning_rate=0.000016 | epoch=1.005294
2026-02-21 15:31:29.122 | INFO     | __main__:on_log:99 - step=8740 | loss=0.078800 | grad_norm=0.694419 | learning_rate=0.000016 | epoch=1.005869
2026-02-21 15:31:42.003 | INFO     | __main__:on_log:99 - step=8745 | loss=0.078300 | grad_norm=0.571790 | learning_rate=0.000016 | epoch=1.006445
2026-02-21 15:31:54.880 | INFO     | __main__:on_log:99 - step=8750 | loss=0.061400 | grad_norm=0.689120 | learning_rate=0.000016 | epoch=1.007020
2026-02-21 15:32:07.761 | INFO     | __main__:on_log:99 - step=8755 | loss=0.094900 | grad_norm=0.624355 | learning_rate=0.000016 | epoch=1.007596
2026-02-21 15:32:20.642 | INFO     | __main__:on_log:99 - step=8760 | loss=0.056700 | grad_norm=0.658370 | learning_rate=0.000016 | epoch=1.008171
2026-02-21 15:32:33.524 | INFO     | __main__:on_log:99 - step=8765 | loss=0.061700 | grad_norm=0.624585 | learning_rate=0.000016 | epoch=1.008747
2026-02-21 15:32:46.401 | INFO     | __main__:on_log:99 - step=8770 | loss=0.059300 | grad_norm=0.664257 | learning_rate=0.000016 | epoch=1.009322
2026-02-21 15:32:59.279 | INFO     | __main__:on_log:99 - step=8775 | loss=0.048800 | grad_norm=0.413622 | learning_rate=0.000016 | epoch=1.009898
2026-02-21 15:33:12.159 | INFO     | __main__:on_log:99 - step=8780 | loss=0.040700 | grad_norm=0.590183 | learning_rate=0.000016 | epoch=1.010473
2026-02-21 15:33:25.043 | INFO     | __main__:on_log:99 - step=8785 | loss=0.066300 | grad_norm=0.609221 | learning_rate=0.000016 | epoch=1.011048
2026-02-21 15:33:37.925 | INFO     | __main__:on_log:99 - step=8790 | loss=0.083100 | grad_norm=0.633646 | learning_rate=0.000016 | epoch=1.011624
2026-02-21 15:33:50.807 | INFO     | __main__:on_log:99 - step=8795 | loss=0.069000 | grad_norm=0.527667 | learning_rate=0.000016 | epoch=1.012199
2026-02-21 15:34:03.688 | INFO     | __main__:on_log:99 - step=8800 | loss=0.051200 | grad_norm=0.429587 | learning_rate=0.000016 | epoch=1.012775
2026-02-21 15:34:16.570 | INFO     | __main__:on_log:99 - step=8805 | loss=0.062200 | grad_norm=0.469862 | learning_rate=0.000016 | epoch=1.013350
2026-02-21 15:34:29.452 | INFO     | __main__:on_log:99 - step=8810 | loss=0.052100 | grad_norm=0.608989 | learning_rate=0.000016 | epoch=1.013926
2026-02-21 15:34:42.335 | INFO     | __main__:on_log:99 - step=8815 | loss=0.081100 | grad_norm=0.654332 | learning_rate=0.000016 | epoch=1.014501
2026-02-21 15:34:55.212 | INFO     | __main__:on_log:99 - step=8820 | loss=0.072400 | grad_norm=0.846668 | learning_rate=0.000016 | epoch=1.015077
2026-02-21 15:35:08.090 | INFO     | __main__:on_log:99 - step=8825 | loss=0.061600 | grad_norm=0.590550 | learning_rate=0.000016 | epoch=1.015652
2026-02-21 15:35:20.972 | INFO     | __main__:on_log:99 - step=8830 | loss=0.077500 | grad_norm=0.528329 | learning_rate=0.000016 | epoch=1.016227
2026-02-21 15:35:33.853 | INFO     | __main__:on_log:99 - step=8835 | loss=0.085000 | grad_norm=0.752725 | learning_rate=0.000016 | epoch=1.016803
2026-02-21 15:35:46.730 | INFO     | __main__:on_log:99 - step=8840 | loss=0.066900 | grad_norm=0.609389 | learning_rate=0.000016 | epoch=1.017378
2026-02-21 15:35:59.606 | INFO     | __main__:on_log:99 - step=8845 | loss=0.062600 | grad_norm=0.586474 | learning_rate=0.000016 | epoch=1.017954
2026-02-21 15:36:12.486 | INFO     | __main__:on_log:99 - step=8850 | loss=0.072000 | grad_norm=0.628280 | learning_rate=0.000015 | epoch=1.018529
2026-02-21 15:36:25.370 | INFO     | __main__:on_log:99 - step=8855 | loss=0.050700 | grad_norm=0.475761 | learning_rate=0.000015 | epoch=1.019105
2026-02-21 15:36:38.249 | INFO     | __main__:on_log:99 - step=8860 | loss=0.084100 | grad_norm=0.369554 | learning_rate=0.000015 | epoch=1.019680
2026-02-21 15:36:51.128 | INFO     | __main__:on_log:99 - step=8865 | loss=0.069200 | grad_norm=0.658261 | learning_rate=0.000015 | epoch=1.020255
2026-02-21 15:37:04.008 | INFO     | __main__:on_log:99 - step=8870 | loss=0.067400 | grad_norm=0.410664 | learning_rate=0.000015 | epoch=1.020831
2026-02-21 15:37:16.890 | INFO     | __main__:on_log:99 - step=8875 | loss=0.062000 | grad_norm=0.593933 | learning_rate=0.000015 | epoch=1.021406
2026-02-21 15:37:29.776 | INFO     | __main__:on_log:99 - step=8880 | loss=0.052600 | grad_norm=0.615468 | learning_rate=0.000015 | epoch=1.021982
2026-02-21 15:37:42.656 | INFO     | __main__:on_log:99 - step=8885 | loss=0.087600 | grad_norm=0.584205 | learning_rate=0.000015 | epoch=1.022557
2026-02-21 15:37:55.535 | INFO     | __main__:on_log:99 - step=8890 | loss=0.045900 | grad_norm=0.451944 | learning_rate=0.000015 | epoch=1.023133
2026-02-21 15:38:08.412 | INFO     | __main__:on_log:99 - step=8895 | loss=0.052200 | grad_norm=0.457272 | learning_rate=0.000015 | epoch=1.023708
2026-02-21 15:38:21.294 | INFO     | __main__:on_log:99 - step=8900 | loss=0.069400 | grad_norm=0.526702 | learning_rate=0.000015 | epoch=1.024284
2026-02-21 15:38:34.175 | INFO     | __main__:on_log:99 - step=8905 | loss=0.068900 | grad_norm=0.483858 | learning_rate=0.000015 | epoch=1.024859
2026-02-21 15:38:47.055 | INFO     | __main__:on_log:99 - step=8910 | loss=0.089400 | grad_norm=0.829777 | learning_rate=0.000015 | epoch=1.025434
2026-02-21 15:38:59.936 | INFO     | __main__:on_log:99 - step=8915 | loss=0.083700 | grad_norm=0.651820 | learning_rate=0.000015 | epoch=1.026010
2026-02-21 15:39:12.817 | INFO     | __main__:on_log:99 - step=8920 | loss=0.040900 | grad_norm=0.403908 | learning_rate=0.000015 | epoch=1.026585
2026-02-21 15:39:25.697 | INFO     | __main__:on_log:99 - step=8925 | loss=0.068000 | grad_norm=0.485898 | learning_rate=0.000015 | epoch=1.027161
2026-02-21 15:39:38.576 | INFO     | __main__:on_log:99 - step=8930 | loss=0.062200 | grad_norm=0.453978 | learning_rate=0.000015 | epoch=1.027736
2026-02-21 15:39:51.452 | INFO     | __main__:on_log:99 - step=8935 | loss=0.049500 | grad_norm=0.553265 | learning_rate=0.000015 | epoch=1.028312
2026-02-21 15:40:04.327 | INFO     | __main__:on_log:99 - step=8940 | loss=0.068500 | grad_norm=0.470902 | learning_rate=0.000015 | epoch=1.028887
2026-02-21 15:40:17.197 | INFO     | __main__:on_log:99 - step=8945 | loss=0.054300 | grad_norm=0.441105 | learning_rate=0.000015 | epoch=1.029463
2026-02-21 15:40:30.066 | INFO     | __main__:on_log:99 - step=8950 | loss=0.063300 | grad_norm=0.472105 | learning_rate=0.000015 | epoch=1.030038
2026-02-21 15:40:42.936 | INFO     | __main__:on_log:99 - step=8955 | loss=0.053600 | grad_norm=0.431073 | learning_rate=0.000015 | epoch=1.030613
2026-02-21 15:40:55.806 | INFO     | __main__:on_log:99 - step=8960 | loss=0.057100 | grad_norm=0.390336 | learning_rate=0.000015 | epoch=1.031189
2026-02-21 15:41:08.678 | INFO     | __main__:on_log:99 - step=8965 | loss=0.068400 | grad_norm=0.698356 | learning_rate=0.000015 | epoch=1.031764
2026-02-21 15:41:21.549 | INFO     | __main__:on_log:99 - step=8970 | loss=0.066600 | grad_norm=0.468915 | learning_rate=0.000015 | epoch=1.032340
2026-02-21 15:41:34.421 | INFO     | __main__:on_log:99 - step=8975 | loss=0.076300 | grad_norm=0.566990 | learning_rate=0.000015 | epoch=1.032915
2026-02-21 15:41:47.289 | INFO     | __main__:on_log:99 - step=8980 | loss=0.077600 | grad_norm=0.604798 | learning_rate=0.000015 | epoch=1.033491
2026-02-21 15:42:00.160 | INFO     | __main__:on_log:99 - step=8985 | loss=0.049500 | grad_norm=0.615827 | learning_rate=0.000015 | epoch=1.034066
2026-02-21 15:42:13.031 | INFO     | __main__:on_log:99 - step=8990 | loss=0.065500 | grad_norm=0.567588 | learning_rate=0.000015 | epoch=1.034642
2026-02-21 15:42:25.904 | INFO     | __main__:on_log:99 - step=8995 | loss=0.051200 | grad_norm=0.462215 | learning_rate=0.000015 | epoch=1.035217
2026-02-21 15:42:38.775 | INFO     | __main__:on_log:99 - step=9000 | loss=0.074500 | grad_norm=0.778642 | learning_rate=0.000015 | epoch=1.035792
2026-02-21 15:42:51.646 | INFO     | __main__:on_log:99 - step=9005 | loss=0.061300 | grad_norm=0.781404 | learning_rate=0.000015 | epoch=1.036368
2026-02-21 15:43:04.518 | INFO     | __main__:on_log:99 - step=9010 | loss=0.079100 | grad_norm=0.482994 | learning_rate=0.000015 | epoch=1.036943
2026-02-21 15:43:17.390 | INFO     | __main__:on_log:99 - step=9015 | loss=0.065600 | grad_norm=0.614140 | learning_rate=0.000015 | epoch=1.037519
2026-02-21 15:43:30.262 | INFO     | __main__:on_log:99 - step=9020 | loss=0.067500 | grad_norm=0.588658 | learning_rate=0.000015 | epoch=1.038094
2026-02-21 15:43:43.133 | INFO     | __main__:on_log:99 - step=9025 | loss=0.061100 | grad_norm=0.649175 | learning_rate=0.000015 | epoch=1.038670
2026-02-21 15:43:56.003 | INFO     | __main__:on_log:99 - step=9030 | loss=0.081900 | grad_norm=0.732641 | learning_rate=0.000015 | epoch=1.039245
2026-02-21 15:44:08.870 | INFO     | __main__:on_log:99 - step=9035 | loss=0.072500 | grad_norm=0.920182 | learning_rate=0.000015 | epoch=1.039820
2026-02-21 15:44:21.740 | INFO     | __main__:on_log:99 - step=9040 | loss=0.054400 | grad_norm=0.485670 | learning_rate=0.000015 | epoch=1.040396
2026-02-21 15:44:34.609 | INFO     | __main__:on_log:99 - step=9045 | loss=0.059200 | grad_norm=0.413701 | learning_rate=0.000015 | epoch=1.040971
2026-02-21 15:44:47.478 | INFO     | __main__:on_log:99 - step=9050 | loss=0.055400 | grad_norm=0.789382 | learning_rate=0.000015 | epoch=1.041547
2026-02-21 15:45:00.351 | INFO     | __main__:on_log:99 - step=9055 | loss=0.047900 | grad_norm=0.406971 | learning_rate=0.000015 | epoch=1.042122
2026-02-21 15:45:13.221 | INFO     | __main__:on_log:99 - step=9060 | loss=0.062800 | grad_norm=0.526190 | learning_rate=0.000015 | epoch=1.042698
2026-02-21 15:45:26.091 | INFO     | __main__:on_log:99 - step=9065 | loss=0.070400 | grad_norm=0.639700 | learning_rate=0.000015 | epoch=1.043273
2026-02-21 15:45:38.961 | INFO     | __main__:on_log:99 - step=9070 | loss=0.078200 | grad_norm=0.384384 | learning_rate=0.000015 | epoch=1.043849
2026-02-21 15:45:51.831 | INFO     | __main__:on_log:99 - step=9075 | loss=0.051900 | grad_norm=0.552389 | learning_rate=0.000015 | epoch=1.044424
2026-02-21 15:46:04.701 | INFO     | __main__:on_log:99 - step=9080 | loss=0.055400 | grad_norm=0.416190 | learning_rate=0.000015 | epoch=1.044999
2026-02-21 15:46:17.572 | INFO     | __main__:on_log:99 - step=9085 | loss=0.062000 | grad_norm=0.677123 | learning_rate=0.000015 | epoch=1.045575
2026-02-21 15:46:30.444 | INFO     | __main__:on_log:99 - step=9090 | loss=0.050000 | grad_norm=0.739802 | learning_rate=0.000015 | epoch=1.046150
2026-02-21 15:46:43.314 | INFO     | __main__:on_log:99 - step=9095 | loss=0.057500 | grad_norm=0.711608 | learning_rate=0.000015 | epoch=1.046726
2026-02-21 15:46:56.186 | INFO     | __main__:on_log:99 - step=9100 | loss=0.054000 | grad_norm=0.422096 | learning_rate=0.000015 | epoch=1.047301
2026-02-21 15:47:09.056 | INFO     | __main__:on_log:99 - step=9105 | loss=0.061600 | grad_norm=0.492275 | learning_rate=0.000015 | epoch=1.047877
2026-02-21 15:47:21.926 | INFO     | __main__:on_log:99 - step=9110 | loss=0.086200 | grad_norm=0.534659 | learning_rate=0.000015 | epoch=1.048452
2026-02-21 15:47:34.800 | INFO     | __main__:on_log:99 - step=9115 | loss=0.069600 | grad_norm=0.739587 | learning_rate=0.000015 | epoch=1.049028
2026-02-21 15:47:47.670 | INFO     | __main__:on_log:99 - step=9120 | loss=0.067100 | grad_norm=0.775589 | learning_rate=0.000015 | epoch=1.049603
2026-02-21 15:48:00.541 | INFO     | __main__:on_log:99 - step=9125 | loss=0.061900 | grad_norm=0.696801 | learning_rate=0.000015 | epoch=1.050178
2026-02-21 15:48:13.414 | INFO     | __main__:on_log:99 - step=9130 | loss=0.050100 | grad_norm=0.473659 | learning_rate=0.000015 | epoch=1.050754
2026-02-21 15:48:26.285 | INFO     | __main__:on_log:99 - step=9135 | loss=0.065800 | grad_norm=0.680930 | learning_rate=0.000015 | epoch=1.051329
2026-02-21 15:48:39.155 | INFO     | __main__:on_log:99 - step=9140 | loss=0.071000 | grad_norm=0.534885 | learning_rate=0.000015 | epoch=1.051905
2026-02-21 15:48:52.024 | INFO     | __main__:on_log:99 - step=9145 | loss=0.077800 | grad_norm=0.847590 | learning_rate=0.000015 | epoch=1.052480
2026-02-21 15:49:04.894 | INFO     | __main__:on_log:99 - step=9150 | loss=0.073600 | grad_norm=0.735798 | learning_rate=0.000015 | epoch=1.053056
2026-02-21 15:49:17.765 | INFO     | __main__:on_log:99 - step=9155 | loss=0.059800 | grad_norm=0.611011 | learning_rate=0.000015 | epoch=1.053631
2026-02-21 15:49:30.634 | INFO     | __main__:on_log:99 - step=9160 | loss=0.043100 | grad_norm=0.485943 | learning_rate=0.000015 | epoch=1.054206
2026-02-21 15:49:43.504 | INFO     | __main__:on_log:99 - step=9165 | loss=0.076200 | grad_norm=0.573193 | learning_rate=0.000015 | epoch=1.054782
2026-02-21 15:49:56.375 | INFO     | __main__:on_log:99 - step=9170 | loss=0.075700 | grad_norm=0.897861 | learning_rate=0.000015 | epoch=1.055357
2026-02-21 15:50:09.248 | INFO     | __main__:on_log:99 - step=9175 | loss=0.061500 | grad_norm=0.819972 | learning_rate=0.000015 | epoch=1.055933
2026-02-21 15:50:22.122 | INFO     | __main__:on_log:99 - step=9180 | loss=0.056600 | grad_norm=0.291116 | learning_rate=0.000015 | epoch=1.056508
2026-02-21 15:50:34.994 | INFO     | __main__:on_log:99 - step=9185 | loss=0.084800 | grad_norm=0.556626 | learning_rate=0.000015 | epoch=1.057084
2026-02-21 15:50:47.865 | INFO     | __main__:on_log:99 - step=9190 | loss=0.053400 | grad_norm=0.556709 | learning_rate=0.000015 | epoch=1.057659
2026-02-21 15:51:00.736 | INFO     | __main__:on_log:99 - step=9195 | loss=0.055200 | grad_norm=0.499748 | learning_rate=0.000015 | epoch=1.058235
2026-02-21 15:51:13.608 | INFO     | __main__:on_log:99 - step=9200 | loss=0.059400 | grad_norm=0.442731 | learning_rate=0.000015 | epoch=1.058810
2026-02-21 15:51:26.479 | INFO     | __main__:on_log:99 - step=9205 | loss=0.068500 | grad_norm=0.855526 | learning_rate=0.000015 | epoch=1.059385
2026-02-21 15:51:39.357 | INFO     | __main__:on_log:99 - step=9210 | loss=0.061000 | grad_norm=0.269979 | learning_rate=0.000015 | epoch=1.059961
2026-02-21 15:51:52.243 | INFO     | __main__:on_log:99 - step=9215 | loss=0.055700 | grad_norm=0.344696 | learning_rate=0.000015 | epoch=1.060536
2026-02-21 15:52:05.125 | INFO     | __main__:on_log:99 - step=9220 | loss=0.042700 | grad_norm=0.450517 | learning_rate=0.000015 | epoch=1.061112
2026-02-21 15:52:18.009 | INFO     | __main__:on_log:99 - step=9225 | loss=0.055300 | grad_norm=0.459350 | learning_rate=0.000015 | epoch=1.061687
2026-02-21 15:52:30.898 | INFO     | __main__:on_log:99 - step=9230 | loss=0.062000 | grad_norm=0.588676 | learning_rate=0.000015 | epoch=1.062263
2026-02-21 15:52:43.780 | INFO     | __main__:on_log:99 - step=9235 | loss=0.052400 | grad_norm=0.666668 | learning_rate=0.000015 | epoch=1.062838
2026-02-21 15:52:56.664 | INFO     | __main__:on_log:99 - step=9240 | loss=0.045400 | grad_norm=0.512736 | learning_rate=0.000015 | epoch=1.063414
2026-02-21 15:53:09.546 | INFO     | __main__:on_log:99 - step=9245 | loss=0.057300 | grad_norm=0.423846 | learning_rate=0.000015 | epoch=1.063989
2026-02-21 15:53:22.432 | INFO     | __main__:on_log:99 - step=9250 | loss=0.057000 | grad_norm=0.516710 | learning_rate=0.000015 | epoch=1.064564
2026-02-21 15:53:35.324 | INFO     | __main__:on_log:99 - step=9255 | loss=0.049600 | grad_norm=0.708272 | learning_rate=0.000015 | epoch=1.065140
2026-02-21 15:53:48.213 | INFO     | __main__:on_log:99 - step=9260 | loss=0.075900 | grad_norm=0.483554 | learning_rate=0.000015 | epoch=1.065715
2026-02-21 15:54:01.094 | INFO     | __main__:on_log:99 - step=9265 | loss=0.056100 | grad_norm=0.437374 | learning_rate=0.000015 | epoch=1.066291
2026-02-21 15:54:13.975 | INFO     | __main__:on_log:99 - step=9270 | loss=0.060800 | grad_norm=0.454547 | learning_rate=0.000015 | epoch=1.066866
2026-02-21 15:54:26.859 | INFO     | __main__:on_log:99 - step=9275 | loss=0.052300 | grad_norm=0.473010 | learning_rate=0.000015 | epoch=1.067442
2026-02-21 15:54:39.745 | INFO     | __main__:on_log:99 - step=9280 | loss=0.074500 | grad_norm=0.583090 | learning_rate=0.000015 | epoch=1.068017
2026-02-21 15:54:52.632 | INFO     | __main__:on_log:99 - step=9285 | loss=0.076900 | grad_norm=0.598082 | learning_rate=0.000015 | epoch=1.068592
2026-02-21 15:55:05.515 | INFO     | __main__:on_log:99 - step=9290 | loss=0.050200 | grad_norm=0.663163 | learning_rate=0.000015 | epoch=1.069168
2026-02-21 15:55:18.399 | INFO     | __main__:on_log:99 - step=9295 | loss=0.071200 | grad_norm=0.638647 | learning_rate=0.000015 | epoch=1.069743
2026-02-21 15:55:31.290 | INFO     | __main__:on_log:99 - step=9300 | loss=0.056900 | grad_norm=0.344985 | learning_rate=0.000015 | epoch=1.070319
2026-02-21 15:55:44.166 | INFO     | __main__:on_log:99 - step=9305 | loss=0.060200 | grad_norm=0.584445 | learning_rate=0.000015 | epoch=1.070894
2026-02-21 15:55:57.038 | INFO     | __main__:on_log:99 - step=9310 | loss=0.051000 | grad_norm=0.592804 | learning_rate=0.000015 | epoch=1.071470
2026-02-21 15:56:09.910 | INFO     | __main__:on_log:99 - step=9315 | loss=0.068400 | grad_norm=0.694679 | learning_rate=0.000015 | epoch=1.072045
2026-02-21 15:56:22.782 | INFO     | __main__:on_log:99 - step=9320 | loss=0.066000 | grad_norm=0.607663 | learning_rate=0.000015 | epoch=1.072621
2026-02-21 15:56:35.653 | INFO     | __main__:on_log:99 - step=9325 | loss=0.077000 | grad_norm=0.687613 | learning_rate=0.000015 | epoch=1.073196
2026-02-21 15:56:48.524 | INFO     | __main__:on_log:99 - step=9330 | loss=0.063300 | grad_norm=0.861604 | learning_rate=0.000015 | epoch=1.073771
2026-02-21 15:57:01.395 | INFO     | __main__:on_log:99 - step=9335 | loss=0.081500 | grad_norm=0.586932 | learning_rate=0.000015 | epoch=1.074347
2026-02-21 15:57:14.264 | INFO     | __main__:on_log:99 - step=9340 | loss=0.093700 | grad_norm=0.837498 | learning_rate=0.000015 | epoch=1.074922
2026-02-21 15:57:27.136 | INFO     | __main__:on_log:99 - step=9345 | loss=0.053300 | grad_norm=0.587810 | learning_rate=0.000015 | epoch=1.075498
2026-02-21 15:57:40.006 | INFO     | __main__:on_log:99 - step=9350 | loss=0.057000 | grad_norm=0.465437 | learning_rate=0.000015 | epoch=1.076073
2026-02-21 15:57:52.875 | INFO     | __main__:on_log:99 - step=9355 | loss=0.072000 | grad_norm=0.776258 | learning_rate=0.000015 | epoch=1.076649
2026-02-21 15:58:05.748 | INFO     | __main__:on_log:99 - step=9360 | loss=0.048300 | grad_norm=0.459792 | learning_rate=0.000015 | epoch=1.077224
2026-02-21 15:58:18.617 | INFO     | __main__:on_log:99 - step=9365 | loss=0.072300 | grad_norm=0.827938 | learning_rate=0.000015 | epoch=1.077800
2026-02-21 15:58:31.489 | INFO     | __main__:on_log:99 - step=9370 | loss=0.062400 | grad_norm=0.525439 | learning_rate=0.000015 | epoch=1.078375
2026-02-21 15:58:44.360 | INFO     | __main__:on_log:99 - step=9375 | loss=0.053500 | grad_norm=0.466071 | learning_rate=0.000015 | epoch=1.078950
2026-02-21 15:58:57.231 | INFO     | __main__:on_log:99 - step=9380 | loss=0.061500 | grad_norm=0.921552 | learning_rate=0.000015 | epoch=1.079526
2026-02-21 15:59:10.103 | INFO     | __main__:on_log:99 - step=9385 | loss=0.064100 | grad_norm=0.654869 | learning_rate=0.000015 | epoch=1.080101
2026-02-21 15:59:22.974 | INFO     | __main__:on_log:99 - step=9390 | loss=0.060600 | grad_norm=0.648767 | learning_rate=0.000015 | epoch=1.080677
2026-02-21 15:59:35.845 | INFO     | __main__:on_log:99 - step=9395 | loss=0.065600 | grad_norm=0.647974 | learning_rate=0.000015 | epoch=1.081252
2026-02-21 15:59:48.716 | INFO     | __main__:on_log:99 - step=9400 | loss=0.069100 | grad_norm=0.432035 | learning_rate=0.000014 | epoch=1.081828
2026-02-21 16:00:01.588 | INFO     | __main__:on_log:99 - step=9405 | loss=0.042700 | grad_norm=0.400840 | learning_rate=0.000014 | epoch=1.082403
2026-02-21 16:00:14.469 | INFO     | __main__:on_log:99 - step=9410 | loss=0.066400 | grad_norm=0.583675 | learning_rate=0.000014 | epoch=1.082978
2026-02-21 16:00:27.356 | INFO     | __main__:on_log:99 - step=9415 | loss=0.052300 | grad_norm=0.592652 | learning_rate=0.000014 | epoch=1.083554
2026-02-21 16:00:40.240 | INFO     | __main__:on_log:99 - step=9420 | loss=0.082500 | grad_norm=0.747987 | learning_rate=0.000014 | epoch=1.084129
2026-02-21 16:00:53.123 | INFO     | __main__:on_log:99 - step=9425 | loss=0.076300 | grad_norm=0.745417 | learning_rate=0.000014 | epoch=1.084705
2026-02-21 16:01:06.004 | INFO     | __main__:on_log:99 - step=9430 | loss=0.057800 | grad_norm=0.972594 | learning_rate=0.000014 | epoch=1.085280
2026-02-21 16:01:18.883 | INFO     | __main__:on_log:99 - step=9435 | loss=0.058000 | grad_norm=0.629717 | learning_rate=0.000014 | epoch=1.085856
2026-02-21 16:01:31.771 | INFO     | __main__:on_log:99 - step=9440 | loss=0.058400 | grad_norm=0.483488 | learning_rate=0.000014 | epoch=1.086431
2026-02-21 16:01:44.656 | INFO     | __main__:on_log:99 - step=9445 | loss=0.069200 | grad_norm=0.535958 | learning_rate=0.000014 | epoch=1.087007
2026-02-21 16:01:57.539 | INFO     | __main__:on_log:99 - step=9450 | loss=0.060600 | grad_norm=0.446484 | learning_rate=0.000014 | epoch=1.087582
2026-02-21 16:02:10.422 | INFO     | __main__:on_log:99 - step=9455 | loss=0.048100 | grad_norm=0.355317 | learning_rate=0.000014 | epoch=1.088157
2026-02-21 16:02:23.305 | INFO     | __main__:on_log:99 - step=9460 | loss=0.056700 | grad_norm=0.481424 | learning_rate=0.000014 | epoch=1.088733
2026-02-21 16:02:36.187 | INFO     | __main__:on_log:99 - step=9465 | loss=0.048100 | grad_norm=0.636891 | learning_rate=0.000014 | epoch=1.089308
2026-02-21 16:02:49.069 | INFO     | __main__:on_log:99 - step=9470 | loss=0.054500 | grad_norm=0.674976 | learning_rate=0.000014 | epoch=1.089884
2026-02-21 16:03:01.951 | INFO     | __main__:on_log:99 - step=9475 | loss=0.050700 | grad_norm=0.598062 | learning_rate=0.000014 | epoch=1.090459
2026-02-21 16:03:14.832 | INFO     | __main__:on_log:99 - step=9480 | loss=0.060700 | grad_norm=0.696944 | learning_rate=0.000014 | epoch=1.091035
2026-02-21 16:03:27.716 | INFO     | __main__:on_log:99 - step=9485 | loss=0.073800 | grad_norm=0.563109 | learning_rate=0.000014 | epoch=1.091610
2026-02-21 16:03:40.598 | INFO     | __main__:on_log:99 - step=9490 | loss=0.074300 | grad_norm=0.949061 | learning_rate=0.000014 | epoch=1.092186
2026-02-21 16:03:53.481 | INFO     | __main__:on_log:99 - step=9495 | loss=0.078900 | grad_norm=0.428064 | learning_rate=0.000014 | epoch=1.092761
2026-02-21 16:04:06.362 | INFO     | __main__:on_log:99 - step=9500 | loss=0.061700 | grad_norm=0.725952 | learning_rate=0.000014 | epoch=1.093336
2026-02-21 16:04:19.244 | INFO     | __main__:on_log:99 - step=9505 | loss=0.057000 | grad_norm=0.508183 | learning_rate=0.000014 | epoch=1.093912
2026-02-21 16:04:32.131 | INFO     | __main__:on_log:99 - step=9510 | loss=0.067900 | grad_norm=0.537419 | learning_rate=0.000014 | epoch=1.094487
2026-02-21 16:04:45.013 | INFO     | __main__:on_log:99 - step=9515 | loss=0.071900 | grad_norm=0.735805 | learning_rate=0.000014 | epoch=1.095063
2026-02-21 16:04:57.896 | INFO     | __main__:on_log:99 - step=9520 | loss=0.043400 | grad_norm=0.684290 | learning_rate=0.000014 | epoch=1.095638
2026-02-21 16:05:10.777 | INFO     | __main__:on_log:99 - step=9525 | loss=0.043800 | grad_norm=0.327910 | learning_rate=0.000014 | epoch=1.096214
2026-02-21 16:05:23.662 | INFO     | __main__:on_log:99 - step=9530 | loss=0.075300 | grad_norm=0.496384 | learning_rate=0.000014 | epoch=1.096789
2026-02-21 16:05:36.543 | INFO     | __main__:on_log:99 - step=9535 | loss=0.072500 | grad_norm=0.600305 | learning_rate=0.000014 | epoch=1.097364
2026-02-21 16:05:49.422 | INFO     | __main__:on_log:99 - step=9540 | loss=0.052100 | grad_norm=0.570920 | learning_rate=0.000014 | epoch=1.097940
2026-02-21 16:06:02.301 | INFO     | __main__:on_log:99 - step=9545 | loss=0.078200 | grad_norm=0.801206 | learning_rate=0.000014 | epoch=1.098515
2026-02-21 16:06:15.181 | INFO     | __main__:on_log:99 - step=9550 | loss=0.054800 | grad_norm=0.507756 | learning_rate=0.000014 | epoch=1.099091
2026-02-21 16:06:28.061 | INFO     | __main__:on_log:99 - step=9555 | loss=0.079600 | grad_norm=0.749675 | learning_rate=0.000014 | epoch=1.099666
2026-02-21 16:06:40.944 | INFO     | __main__:on_log:99 - step=9560 | loss=0.076200 | grad_norm=0.783970 | learning_rate=0.000014 | epoch=1.100242
2026-02-21 16:06:53.826 | INFO     | __main__:on_log:99 - step=9565 | loss=0.053900 | grad_norm=0.516628 | learning_rate=0.000014 | epoch=1.100817
2026-02-21 16:07:06.709 | INFO     | __main__:on_log:99 - step=9570 | loss=0.063800 | grad_norm=0.595611 | learning_rate=0.000014 | epoch=1.101393
2026-02-21 16:07:19.591 | INFO     | __main__:on_log:99 - step=9575 | loss=0.049700 | grad_norm=0.322263 | learning_rate=0.000014 | epoch=1.101968
2026-02-21 16:07:32.476 | INFO     | __main__:on_log:99 - step=9580 | loss=0.056500 | grad_norm=0.618853 | learning_rate=0.000014 | epoch=1.102543
2026-02-21 16:07:45.362 | INFO     | __main__:on_log:99 - step=9585 | loss=0.060200 | grad_norm=0.498984 | learning_rate=0.000014 | epoch=1.103119
2026-02-21 16:07:58.246 | INFO     | __main__:on_log:99 - step=9590 | loss=0.065300 | grad_norm=0.998583 | learning_rate=0.000014 | epoch=1.103694
2026-02-21 16:08:11.125 | INFO     | __main__:on_log:99 - step=9595 | loss=0.054900 | grad_norm=0.543869 | learning_rate=0.000014 | epoch=1.104270
2026-02-21 16:08:24.005 | INFO     | __main__:on_log:99 - step=9600 | loss=0.075800 | grad_norm=0.362043 | learning_rate=0.000014 | epoch=1.104845
2026-02-21 16:08:36.887 | INFO     | __main__:on_log:99 - step=9605 | loss=0.082400 | grad_norm=0.651391 | learning_rate=0.000014 | epoch=1.105421
2026-02-21 16:08:49.767 | INFO     | __main__:on_log:99 - step=9610 | loss=0.064600 | grad_norm=0.602982 | learning_rate=0.000014 | epoch=1.105996
2026-02-21 16:09:02.649 | INFO     | __main__:on_log:99 - step=9615 | loss=0.048200 | grad_norm=0.439464 | learning_rate=0.000014 | epoch=1.106572
2026-02-21 16:09:15.526 | INFO     | __main__:on_log:99 - step=9620 | loss=0.058100 | grad_norm=0.768057 | learning_rate=0.000014 | epoch=1.107147
2026-02-21 16:09:28.407 | INFO     | __main__:on_log:99 - step=9625 | loss=0.048100 | grad_norm=0.684524 | learning_rate=0.000014 | epoch=1.107722
2026-02-21 16:09:41.285 | INFO     | __main__:on_log:99 - step=9630 | loss=0.060000 | grad_norm=0.566339 | learning_rate=0.000014 | epoch=1.108298
2026-02-21 16:09:54.163 | INFO     | __main__:on_log:99 - step=9635 | loss=0.054200 | grad_norm=0.521867 | learning_rate=0.000014 | epoch=1.108873
2026-02-21 16:10:07.048 | INFO     | __main__:on_log:99 - step=9640 | loss=0.051000 | grad_norm=0.657686 | learning_rate=0.000014 | epoch=1.109449
2026-02-21 16:10:19.938 | INFO     | __main__:on_log:99 - step=9645 | loss=0.059500 | grad_norm=0.534808 | learning_rate=0.000014 | epoch=1.110024
2026-02-21 16:10:32.829 | INFO     | __main__:on_log:99 - step=9650 | loss=0.077400 | grad_norm=0.597693 | learning_rate=0.000014 | epoch=1.110600
2026-02-21 16:10:45.719 | INFO     | __main__:on_log:99 - step=9655 | loss=0.057300 | grad_norm=0.513500 | learning_rate=0.000014 | epoch=1.111175
2026-02-21 16:10:58.609 | INFO     | __main__:on_log:99 - step=9660 | loss=0.086000 | grad_norm=0.686246 | learning_rate=0.000014 | epoch=1.111750
2026-02-21 16:11:11.500 | INFO     | __main__:on_log:99 - step=9665 | loss=0.060600 | grad_norm=0.499105 | learning_rate=0.000014 | epoch=1.112326
2026-02-21 16:11:24.392 | INFO     | __main__:on_log:99 - step=9670 | loss=0.048600 | grad_norm=0.494593 | learning_rate=0.000014 | epoch=1.112901
2026-02-21 16:11:37.281 | INFO     | __main__:on_log:99 - step=9675 | loss=0.059800 | grad_norm=0.511586 | learning_rate=0.000014 | epoch=1.113477
2026-02-21 16:11:50.171 | INFO     | __main__:on_log:99 - step=9680 | loss=0.073600 | grad_norm=0.942683 | learning_rate=0.000014 | epoch=1.114052
2026-02-21 16:12:03.066 | INFO     | __main__:on_log:99 - step=9685 | loss=0.067800 | grad_norm=0.649519 | learning_rate=0.000014 | epoch=1.114628
2026-02-21 16:12:15.953 | INFO     | __main__:on_log:99 - step=9690 | loss=0.091900 | grad_norm=0.504965 | learning_rate=0.000014 | epoch=1.115203
2026-02-21 16:12:28.857 | INFO     | __main__:on_log:99 - step=9695 | loss=0.082200 | grad_norm=0.505787 | learning_rate=0.000014 | epoch=1.115779
2026-02-21 16:12:41.752 | INFO     | __main__:on_log:99 - step=9700 | loss=0.066100 | grad_norm=0.732671 | learning_rate=0.000014 | epoch=1.116354
2026-02-21 16:12:54.642 | INFO     | __main__:on_log:99 - step=9705 | loss=0.080500 | grad_norm=0.734961 | learning_rate=0.000014 | epoch=1.116929
2026-02-21 16:13:07.529 | INFO     | __main__:on_log:99 - step=9710 | loss=0.097900 | grad_norm=0.512368 | learning_rate=0.000014 | epoch=1.117505
2026-02-21 16:13:20.421 | INFO     | __main__:on_log:99 - step=9715 | loss=0.051200 | grad_norm=0.515735 | learning_rate=0.000014 | epoch=1.118080
2026-02-21 16:13:33.309 | INFO     | __main__:on_log:99 - step=9720 | loss=0.055200 | grad_norm=0.393669 | learning_rate=0.000014 | epoch=1.118656
2026-02-21 16:13:46.198 | INFO     | __main__:on_log:99 - step=9725 | loss=0.068100 | grad_norm=0.506778 | learning_rate=0.000014 | epoch=1.119231
2026-02-21 16:13:59.093 | INFO     | __main__:on_log:99 - step=9730 | loss=0.057200 | grad_norm=0.831970 | learning_rate=0.000014 | epoch=1.119807
2026-02-21 16:14:11.976 | INFO     | __main__:on_log:99 - step=9735 | loss=0.050600 | grad_norm=0.579593 | learning_rate=0.000014 | epoch=1.120382
2026-02-21 16:14:24.866 | INFO     | __main__:on_log:99 - step=9740 | loss=0.051200 | grad_norm=0.343703 | learning_rate=0.000014 | epoch=1.120958
2026-02-21 16:14:37.743 | INFO     | __main__:on_log:99 - step=9745 | loss=0.049900 | grad_norm=0.515323 | learning_rate=0.000014 | epoch=1.121533
2026-02-21 16:14:50.632 | INFO     | __main__:on_log:99 - step=9750 | loss=0.050200 | grad_norm=0.540607 | learning_rate=0.000014 | epoch=1.122108
2026-02-21 16:15:03.527 | INFO     | __main__:on_log:99 - step=9755 | loss=0.061600 | grad_norm=0.481090 | learning_rate=0.000014 | epoch=1.122684
2026-02-21 16:15:16.420 | INFO     | __main__:on_log:99 - step=9760 | loss=0.062600 | grad_norm=0.594446 | learning_rate=0.000014 | epoch=1.123259
2026-02-21 16:15:29.308 | INFO     | __main__:on_log:99 - step=9765 | loss=0.063300 | grad_norm=0.861113 | learning_rate=0.000014 | epoch=1.123835
2026-02-21 16:15:42.196 | INFO     | __main__:on_log:99 - step=9770 | loss=0.052000 | grad_norm=0.790852 | learning_rate=0.000014 | epoch=1.124410
2026-02-21 16:15:55.090 | INFO     | __main__:on_log:99 - step=9775 | loss=0.062800 | grad_norm=0.675721 | learning_rate=0.000014 | epoch=1.124986
2026-02-21 16:16:07.992 | INFO     | __main__:on_log:99 - step=9780 | loss=0.083100 | grad_norm=0.598528 | learning_rate=0.000014 | epoch=1.125561
2026-02-21 16:16:20.876 | INFO     | __main__:on_log:99 - step=9785 | loss=0.057700 | grad_norm=0.727004 | learning_rate=0.000014 | epoch=1.126136
2026-02-21 16:16:33.763 | INFO     | __main__:on_log:99 - step=9790 | loss=0.045500 | grad_norm=0.379385 | learning_rate=0.000014 | epoch=1.126712
2026-02-21 16:16:46.647 | INFO     | __main__:on_log:99 - step=9795 | loss=0.066300 | grad_norm=0.501950 | learning_rate=0.000014 | epoch=1.127287
2026-02-21 16:16:59.531 | INFO     | __main__:on_log:99 - step=9800 | loss=0.065000 | grad_norm=4.790257 | learning_rate=0.000014 | epoch=1.127863
2026-02-21 16:17:12.416 | INFO     | __main__:on_log:99 - step=9805 | loss=0.064400 | grad_norm=0.387103 | learning_rate=0.000014 | epoch=1.128438
2026-02-21 16:17:25.303 | INFO     | __main__:on_log:99 - step=9810 | loss=0.059200 | grad_norm=0.391781 | learning_rate=0.000014 | epoch=1.129014
2026-02-21 16:17:38.184 | INFO     | __main__:on_log:99 - step=9815 | loss=0.041100 | grad_norm=0.484746 | learning_rate=0.000014 | epoch=1.129589
2026-02-21 16:17:51.056 | INFO     | __main__:on_log:99 - step=9820 | loss=0.061600 | grad_norm=0.500628 | learning_rate=0.000014 | epoch=1.130165
2026-02-21 16:18:03.930 | INFO     | __main__:on_log:99 - step=9825 | loss=0.047900 | grad_norm=0.535961 | learning_rate=0.000014 | epoch=1.130740
2026-02-21 16:18:16.806 | INFO     | __main__:on_log:99 - step=9830 | loss=0.055500 | grad_norm=0.337700 | learning_rate=0.000014 | epoch=1.131315
2026-02-21 16:18:29.692 | INFO     | __main__:on_log:99 - step=9835 | loss=0.062100 | grad_norm=0.518719 | learning_rate=0.000014 | epoch=1.131891
2026-02-21 16:18:42.574 | INFO     | __main__:on_log:99 - step=9840 | loss=0.054200 | grad_norm=0.490663 | learning_rate=0.000014 | epoch=1.132466
2026-02-21 16:18:55.457 | INFO     | __main__:on_log:99 - step=9845 | loss=0.075700 | grad_norm=0.581189 | learning_rate=0.000014 | epoch=1.133042
2026-02-21 16:19:08.336 | INFO     | __main__:on_log:99 - step=9850 | loss=0.052900 | grad_norm=0.387605 | learning_rate=0.000014 | epoch=1.133617
2026-02-21 16:19:21.217 | INFO     | __main__:on_log:99 - step=9855 | loss=0.080200 | grad_norm=0.695815 | learning_rate=0.000014 | epoch=1.134193
2026-02-21 16:19:34.097 | INFO     | __main__:on_log:99 - step=9860 | loss=0.083500 | grad_norm=0.662581 | learning_rate=0.000014 | epoch=1.134768
2026-02-21 16:19:46.978 | INFO     | __main__:on_log:99 - step=9865 | loss=0.076000 | grad_norm=0.784336 | learning_rate=0.000014 | epoch=1.135344
2026-02-21 16:19:59.864 | INFO     | __main__:on_log:99 - step=9870 | loss=0.075000 | grad_norm=0.815081 | learning_rate=0.000014 | epoch=1.135919
2026-02-21 16:20:12.744 | INFO     | __main__:on_log:99 - step=9875 | loss=0.080100 | grad_norm=0.503070 | learning_rate=0.000014 | epoch=1.136494
2026-02-21 16:20:25.630 | INFO     | __main__:on_log:99 - step=9880 | loss=0.049400 | grad_norm=0.625989 | learning_rate=0.000014 | epoch=1.137070
2026-02-21 16:20:38.521 | INFO     | __main__:on_log:99 - step=9885 | loss=0.080000 | grad_norm=0.816387 | learning_rate=0.000014 | epoch=1.137645
2026-02-21 16:20:51.410 | INFO     | __main__:on_log:99 - step=9890 | loss=0.065100 | grad_norm=0.404037 | learning_rate=0.000014 | epoch=1.138221
2026-02-21 16:21:04.301 | INFO     | __main__:on_log:99 - step=9895 | loss=0.074200 | grad_norm=0.523875 | learning_rate=0.000014 | epoch=1.138796
2026-02-21 16:21:17.188 | INFO     | __main__:on_log:99 - step=9900 | loss=0.076000 | grad_norm=0.681749 | learning_rate=0.000014 | epoch=1.139372
2026-02-21 16:21:30.080 | INFO     | __main__:on_log:99 - step=9905 | loss=0.052600 | grad_norm=0.308453 | learning_rate=0.000014 | epoch=1.139947
2026-02-21 16:21:42.970 | INFO     | __main__:on_log:99 - step=9910 | loss=0.055600 | grad_norm=0.592246 | learning_rate=0.000014 | epoch=1.140522
2026-02-21 16:21:55.862 | INFO     | __main__:on_log:99 - step=9915 | loss=0.053200 | grad_norm=0.802214 | learning_rate=0.000014 | epoch=1.141098
2026-02-21 16:22:08.757 | INFO     | __main__:on_log:99 - step=9920 | loss=0.054800 | grad_norm=0.721195 | learning_rate=0.000014 | epoch=1.141673
2026-02-21 16:22:21.651 | INFO     | __main__:on_log:99 - step=9925 | loss=0.075200 | grad_norm=0.785914 | learning_rate=0.000014 | epoch=1.142249
2026-02-21 16:22:34.533 | INFO     | __main__:on_log:99 - step=9930 | loss=0.051100 | grad_norm=0.599332 | learning_rate=0.000014 | epoch=1.142824
2026-02-21 16:22:47.411 | INFO     | __main__:on_log:99 - step=9935 | loss=0.051400 | grad_norm=0.535758 | learning_rate=0.000014 | epoch=1.143400
2026-02-21 16:23:00.295 | INFO     | __main__:on_log:99 - step=9940 | loss=0.076800 | grad_norm=0.526582 | learning_rate=0.000014 | epoch=1.143975
2026-02-21 16:23:13.183 | INFO     | __main__:on_log:99 - step=9945 | loss=0.074400 | grad_norm=0.647958 | learning_rate=0.000014 | epoch=1.144551
2026-02-21 16:23:26.075 | INFO     | __main__:on_log:99 - step=9950 | loss=0.076700 | grad_norm=0.906220 | learning_rate=0.000013 | epoch=1.145126
2026-02-21 16:23:38.969 | INFO     | __main__:on_log:99 - step=9955 | loss=0.062500 | grad_norm=0.714374 | learning_rate=0.000013 | epoch=1.145701
2026-02-21 16:23:51.872 | INFO     | __main__:on_log:99 - step=9960 | loss=0.066100 | grad_norm=1.024129 | learning_rate=0.000013 | epoch=1.146277
2026-02-21 16:24:04.767 | INFO     | __main__:on_log:99 - step=9965 | loss=0.066600 | grad_norm=0.597123 | learning_rate=0.000013 | epoch=1.146852
2026-02-21 16:24:17.651 | INFO     | __main__:on_log:99 - step=9970 | loss=0.070100 | grad_norm=0.529197 | learning_rate=0.000013 | epoch=1.147428
2026-02-21 16:24:30.549 | INFO     | __main__:on_log:99 - step=9975 | loss=0.072700 | grad_norm=0.968857 | learning_rate=0.000013 | epoch=1.148003
2026-02-21 16:24:43.453 | INFO     | __main__:on_log:99 - step=9980 | loss=0.048500 | grad_norm=0.540719 | learning_rate=0.000013 | epoch=1.148579
2026-02-21 16:24:56.363 | INFO     | __main__:on_log:99 - step=9985 | loss=0.069200 | grad_norm=0.458502 | learning_rate=0.000013 | epoch=1.149154
2026-02-21 16:25:09.266 | INFO     | __main__:on_log:99 - step=9990 | loss=0.050200 | grad_norm=0.445843 | learning_rate=0.000013 | epoch=1.149730
2026-02-21 16:25:22.161 | INFO     | __main__:on_log:99 - step=9995 | loss=0.051900 | grad_norm=0.429186 | learning_rate=0.000013 | epoch=1.150305
2026-02-21 16:25:35.034 | INFO     | __main__:on_log:99 - step=10000 | loss=0.053200 | grad_norm=0.339064 | learning_rate=0.000013 | epoch=1.150880
2026-02-21 16:53:52.961 | INFO     | __main__:on_log:99 - step=10000 | epoch=1.150880
2026-02-21 16:54:06.272 | INFO     | __main__:on_log:99 - step=10005 | loss=0.056100 | grad_norm=0.604040 | learning_rate=0.000013 | epoch=1.151456
2026-02-21 16:54:19.178 | INFO     | __main__:on_log:99 - step=10010 | loss=0.052300 | grad_norm=0.560338 | learning_rate=0.000013 | epoch=1.152031
2026-02-21 16:54:32.100 | INFO     | __main__:on_log:99 - step=10015 | loss=0.066000 | grad_norm=0.448329 | learning_rate=0.000013 | epoch=1.152607
2026-02-21 16:54:45.009 | INFO     | __main__:on_log:99 - step=10020 | loss=0.066800 | grad_norm=0.710252 | learning_rate=0.000013 | epoch=1.153182
2026-02-21 16:54:57.920 | INFO     | __main__:on_log:99 - step=10025 | loss=0.098300 | grad_norm=0.713475 | learning_rate=0.000013 | epoch=1.153758
2026-02-21 16:55:10.862 | INFO     | __main__:on_log:99 - step=10030 | loss=0.056400 | grad_norm=0.910901 | learning_rate=0.000013 | epoch=1.154333
2026-02-21 16:55:23.774 | INFO     | __main__:on_log:99 - step=10035 | loss=0.047000 | grad_norm=0.518726 | learning_rate=0.000013 | epoch=1.154909
2026-02-21 16:55:36.686 | INFO     | __main__:on_log:99 - step=10040 | loss=0.061100 | grad_norm=0.626957 | learning_rate=0.000013 | epoch=1.155484
2026-02-21 16:55:49.594 | INFO     | __main__:on_log:99 - step=10045 | loss=0.053100 | grad_norm=0.573577 | learning_rate=0.000013 | epoch=1.156059
2026-02-21 16:56:02.504 | INFO     | __main__:on_log:99 - step=10050 | loss=0.072300 | grad_norm=0.676432 | learning_rate=0.000013 | epoch=1.156635
2026-02-21 16:56:15.408 | INFO     | __main__:on_log:99 - step=10055 | loss=0.063600 | grad_norm=0.505705 | learning_rate=0.000013 | epoch=1.157210
2026-02-21 16:56:28.320 | INFO     | __main__:on_log:99 - step=10060 | loss=0.085700 | grad_norm=0.759067 | learning_rate=0.000013 | epoch=1.157786
2026-02-21 16:56:41.236 | INFO     | __main__:on_log:99 - step=10065 | loss=0.062600 | grad_norm=0.505986 | learning_rate=0.000013 | epoch=1.158361
2026-02-21 16:56:54.153 | INFO     | __main__:on_log:99 - step=10070 | loss=0.066700 | grad_norm=0.364993 | learning_rate=0.000013 | epoch=1.158937
2026-02-21 16:57:07.057 | INFO     | __main__:on_log:99 - step=10075 | loss=0.050000 | grad_norm=0.348112 | learning_rate=0.000013 | epoch=1.159512
2026-02-21 16:57:19.976 | INFO     | __main__:on_log:99 - step=10080 | loss=0.056800 | grad_norm=0.346665 | learning_rate=0.000013 | epoch=1.160087
2026-02-21 16:57:32.888 | INFO     | __main__:on_log:99 - step=10085 | loss=0.055600 | grad_norm=0.885598 | learning_rate=0.000013 | epoch=1.160663
2026-02-21 16:57:45.790 | INFO     | __main__:on_log:99 - step=10090 | loss=0.054900 | grad_norm=0.647141 | learning_rate=0.000013 | epoch=1.161238
2026-02-21 16:57:58.710 | INFO     | __main__:on_log:99 - step=10095 | loss=0.060100 | grad_norm=0.427283 | learning_rate=0.000013 | epoch=1.161814
2026-02-21 16:58:11.621 | INFO     | __main__:on_log:99 - step=10100 | loss=0.066500 | grad_norm=0.570940 | learning_rate=0.000013 | epoch=1.162389
2026-02-21 16:58:24.531 | INFO     | __main__:on_log:99 - step=10105 | loss=0.059300 | grad_norm=0.598623 | learning_rate=0.000013 | epoch=1.162965
2026-02-21 16:58:37.689 | INFO     | __main__:on_log:99 - step=10110 | loss=0.069200 | grad_norm=0.585309 | learning_rate=0.000013 | epoch=1.163540
2026-02-21 16:58:50.596 | INFO     | __main__:on_log:99 - step=10115 | loss=0.069200 | grad_norm=1.010172 | learning_rate=0.000013 | epoch=1.164116
2026-02-21 16:59:03.500 | INFO     | __main__:on_log:99 - step=10120 | loss=0.066600 | grad_norm=0.501085 | learning_rate=0.000013 | epoch=1.164691
2026-02-21 16:59:16.414 | INFO     | __main__:on_log:99 - step=10125 | loss=0.068400 | grad_norm=0.623720 | learning_rate=0.000013 | epoch=1.165266
2026-02-21 16:59:29.331 | INFO     | __main__:on_log:99 - step=10130 | loss=0.060800 | grad_norm=0.633080 | learning_rate=0.000013 | epoch=1.165842
2026-02-21 16:59:42.239 | INFO     | __main__:on_log:99 - step=10135 | loss=0.066800 | grad_norm=0.749089 | learning_rate=0.000013 | epoch=1.166417
2026-02-21 16:59:55.146 | INFO     | __main__:on_log:99 - step=10140 | loss=0.070700 | grad_norm=0.525953 | learning_rate=0.000013 | epoch=1.166993
2026-02-21 17:00:08.056 | INFO     | __main__:on_log:99 - step=10145 | loss=0.056600 | grad_norm=0.361795 | learning_rate=0.000013 | epoch=1.167568
2026-02-21 17:00:20.968 | INFO     | __main__:on_log:99 - step=10150 | loss=0.062600 | grad_norm=0.647127 | learning_rate=0.000013 | epoch=1.168144
2026-02-21 17:00:33.877 | INFO     | __main__:on_log:99 - step=10155 | loss=0.055900 | grad_norm=0.541212 | learning_rate=0.000013 | epoch=1.168719
2026-02-21 17:00:46.789 | INFO     | __main__:on_log:99 - step=10160 | loss=0.055000 | grad_norm=0.350630 | learning_rate=0.000013 | epoch=1.169295
2026-02-21 17:00:59.694 | INFO     | __main__:on_log:99 - step=10165 | loss=0.058300 | grad_norm=0.348603 | learning_rate=0.000013 | epoch=1.169870
2026-02-21 17:01:12.597 | INFO     | __main__:on_log:99 - step=10170 | loss=0.049700 | grad_norm=0.513310 | learning_rate=0.000013 | epoch=1.170445
2026-02-21 17:01:25.507 | INFO     | __main__:on_log:99 - step=10175 | loss=0.042300 | grad_norm=0.419753 | learning_rate=0.000013 | epoch=1.171021
2026-02-21 17:01:38.417 | INFO     | __main__:on_log:99 - step=10180 | loss=0.056600 | grad_norm=0.664665 | learning_rate=0.000013 | epoch=1.171596
2026-02-21 17:01:51.321 | INFO     | __main__:on_log:99 - step=10185 | loss=0.065800 | grad_norm=0.578013 | learning_rate=0.000013 | epoch=1.172172
2026-02-21 17:02:04.224 | INFO     | __main__:on_log:99 - step=10190 | loss=0.068700 | grad_norm=0.572985 | learning_rate=0.000013 | epoch=1.172747
2026-02-21 17:02:17.135 | INFO     | __main__:on_log:99 - step=10195 | loss=0.049500 | grad_norm=0.526072 | learning_rate=0.000013 | epoch=1.173323
2026-02-21 17:02:30.041 | INFO     | __main__:on_log:99 - step=10200 | loss=0.091700 | grad_norm=0.756105 | learning_rate=0.000013 | epoch=1.173898
2026-02-21 17:02:42.962 | INFO     | __main__:on_log:99 - step=10205 | loss=0.060000 | grad_norm=0.805095 | learning_rate=0.000013 | epoch=1.174473
2026-02-21 17:02:55.867 | INFO     | __main__:on_log:99 - step=10210 | loss=0.065500 | grad_norm=0.543780 | learning_rate=0.000013 | epoch=1.175049
2026-02-21 17:03:08.781 | INFO     | __main__:on_log:99 - step=10215 | loss=0.068200 | grad_norm=0.798873 | learning_rate=0.000013 | epoch=1.175624
2026-02-21 17:03:21.695 | INFO     | __main__:on_log:99 - step=10220 | loss=0.060800 | grad_norm=0.897834 | learning_rate=0.000013 | epoch=1.176200
2026-02-21 17:03:34.603 | INFO     | __main__:on_log:99 - step=10225 | loss=0.065600 | grad_norm=0.702282 | learning_rate=0.000013 | epoch=1.176775
2026-02-21 17:03:47.501 | INFO     | __main__:on_log:99 - step=10230 | loss=0.052700 | grad_norm=0.529284 | learning_rate=0.000013 | epoch=1.177351
2026-02-21 17:04:00.392 | INFO     | __main__:on_log:99 - step=10235 | loss=0.072700 | grad_norm=0.612685 | learning_rate=0.000013 | epoch=1.177926
2026-02-21 17:04:13.297 | INFO     | __main__:on_log:99 - step=10240 | loss=0.059100 | grad_norm=0.776135 | learning_rate=0.000013 | epoch=1.178502
2026-02-21 17:04:26.201 | INFO     | __main__:on_log:99 - step=10245 | loss=0.040900 | grad_norm=0.401540 | learning_rate=0.000013 | epoch=1.179077
2026-02-21 17:04:39.092 | INFO     | __main__:on_log:99 - step=10250 | loss=0.060100 | grad_norm=0.734016 | learning_rate=0.000013 | epoch=1.179652
2026-02-21 17:04:51.988 | INFO     | __main__:on_log:99 - step=10255 | loss=0.052500 | grad_norm=0.555840 | learning_rate=0.000013 | epoch=1.180228
2026-02-21 17:05:04.888 | INFO     | __main__:on_log:99 - step=10260 | loss=0.053500 | grad_norm=0.690216 | learning_rate=0.000013 | epoch=1.180803
2026-02-21 17:05:17.787 | INFO     | __main__:on_log:99 - step=10265 | loss=0.058400 | grad_norm=0.663176 | learning_rate=0.000013 | epoch=1.181379
2026-02-21 17:05:30.675 | INFO     | __main__:on_log:99 - step=10270 | loss=0.049100 | grad_norm=0.637597 | learning_rate=0.000013 | epoch=1.181954
2026-02-21 17:05:43.591 | INFO     | __main__:on_log:99 - step=10275 | loss=0.070500 | grad_norm=0.543630 | learning_rate=0.000013 | epoch=1.182530
2026-02-21 17:05:56.495 | INFO     | __main__:on_log:99 - step=10280 | loss=0.064200 | grad_norm=0.692211 | learning_rate=0.000013 | epoch=1.183105
2026-02-21 17:06:09.400 | INFO     | __main__:on_log:99 - step=10285 | loss=0.056600 | grad_norm=0.555195 | learning_rate=0.000013 | epoch=1.183681
2026-02-21 17:06:22.300 | INFO     | __main__:on_log:99 - step=10290 | loss=0.057800 | grad_norm=0.492997 | learning_rate=0.000013 | epoch=1.184256
2026-02-21 17:06:35.209 | INFO     | __main__:on_log:99 - step=10295 | loss=0.058700 | grad_norm=0.484052 | learning_rate=0.000013 | epoch=1.184831
2026-02-21 17:06:48.126 | INFO     | __main__:on_log:99 - step=10300 | loss=0.096100 | grad_norm=0.701882 | learning_rate=0.000013 | epoch=1.185407
2026-02-21 17:07:01.041 | INFO     | __main__:on_log:99 - step=10305 | loss=0.064100 | grad_norm=0.627293 | learning_rate=0.000013 | epoch=1.185982
2026-02-21 17:07:13.958 | INFO     | __main__:on_log:99 - step=10310 | loss=0.054000 | grad_norm=0.319942 | learning_rate=0.000013 | epoch=1.186558
2026-02-21 17:07:26.872 | INFO     | __main__:on_log:99 - step=10315 | loss=0.058300 | grad_norm=0.619895 | learning_rate=0.000013 | epoch=1.187133
2026-02-21 17:07:39.787 | INFO     | __main__:on_log:99 - step=10320 | loss=0.058500 | grad_norm=0.362904 | learning_rate=0.000013 | epoch=1.187709
2026-02-21 17:07:52.685 | INFO     | __main__:on_log:99 - step=10325 | loss=0.053300 | grad_norm=0.551181 | learning_rate=0.000013 | epoch=1.188284
2026-02-21 17:08:05.575 | INFO     | __main__:on_log:99 - step=10330 | loss=0.056100 | grad_norm=0.723667 | learning_rate=0.000013 | epoch=1.188859
2026-02-21 17:08:18.467 | INFO     | __main__:on_log:99 - step=10335 | loss=0.066900 | grad_norm=0.523804 | learning_rate=0.000013 | epoch=1.189435
2026-02-21 17:08:31.358 | INFO     | __main__:on_log:99 - step=10340 | loss=0.068500 | grad_norm=0.971578 | learning_rate=0.000013 | epoch=1.190010
2026-02-21 17:08:44.248 | INFO     | __main__:on_log:99 - step=10345 | loss=0.072700 | grad_norm=0.680071 | learning_rate=0.000013 | epoch=1.190586
2026-02-21 17:08:57.147 | INFO     | __main__:on_log:99 - step=10350 | loss=0.077800 | grad_norm=0.631703 | learning_rate=0.000013 | epoch=1.191161
2026-02-21 17:09:10.070 | INFO     | __main__:on_log:99 - step=10355 | loss=0.053400 | grad_norm=0.457213 | learning_rate=0.000013 | epoch=1.191737
2026-02-21 17:09:22.982 | INFO     | __main__:on_log:99 - step=10360 | loss=0.060100 | grad_norm=0.445128 | learning_rate=0.000013 | epoch=1.192312
2026-02-21 17:09:35.895 | INFO     | __main__:on_log:99 - step=10365 | loss=0.062100 | grad_norm=0.510950 | learning_rate=0.000013 | epoch=1.192888
2026-02-21 17:09:48.813 | INFO     | __main__:on_log:99 - step=10370 | loss=0.055200 | grad_norm=0.544617 | learning_rate=0.000013 | epoch=1.193463
2026-02-21 17:10:01.727 | INFO     | __main__:on_log:99 - step=10375 | loss=0.044900 | grad_norm=0.576873 | learning_rate=0.000013 | epoch=1.194038
2026-02-21 17:10:14.634 | INFO     | __main__:on_log:99 - step=10380 | loss=0.055700 | grad_norm=0.403268 | learning_rate=0.000013 | epoch=1.194614
2026-02-21 17:10:27.559 | INFO     | __main__:on_log:99 - step=10385 | loss=0.076400 | grad_norm=0.598484 | learning_rate=0.000013 | epoch=1.195189
2026-02-21 17:10:40.474 | INFO     | __main__:on_log:99 - step=10390 | loss=0.056100 | grad_norm=0.734689 | learning_rate=0.000013 | epoch=1.195765
2026-02-21 17:10:53.387 | INFO     | __main__:on_log:99 - step=10395 | loss=0.062300 | grad_norm=0.736568 | learning_rate=0.000013 | epoch=1.196340
2026-02-21 17:11:06.311 | INFO     | __main__:on_log:99 - step=10400 | loss=0.074300 | grad_norm=0.994711 | learning_rate=0.000013 | epoch=1.196916
2026-02-21 17:11:19.224 | INFO     | __main__:on_log:99 - step=10405 | loss=0.085200 | grad_norm=0.521503 | learning_rate=0.000013 | epoch=1.197491
2026-02-21 17:11:32.145 | INFO     | __main__:on_log:99 - step=10410 | loss=0.049100 | grad_norm=0.395073 | learning_rate=0.000013 | epoch=1.198067
2026-02-21 17:11:45.051 | INFO     | __main__:on_log:99 - step=10415 | loss=0.092000 | grad_norm=0.489645 | learning_rate=0.000013 | epoch=1.198642
2026-02-21 17:11:57.960 | INFO     | __main__:on_log:99 - step=10420 | loss=0.035800 | grad_norm=0.418776 | learning_rate=0.000013 | epoch=1.199217
2026-02-21 17:12:10.874 | INFO     | __main__:on_log:99 - step=10425 | loss=0.063500 | grad_norm=0.472344 | learning_rate=0.000013 | epoch=1.199793
2026-02-21 17:12:23.782 | INFO     | __main__:on_log:99 - step=10430 | loss=0.070800 | grad_norm=0.519158 | learning_rate=0.000013 | epoch=1.200368
2026-02-21 17:12:36.694 | INFO     | __main__:on_log:99 - step=10435 | loss=0.056600 | grad_norm=0.525593 | learning_rate=0.000013 | epoch=1.200944
2026-02-21 17:12:49.601 | INFO     | __main__:on_log:99 - step=10440 | loss=0.060200 | grad_norm=0.726803 | learning_rate=0.000013 | epoch=1.201519
2026-02-21 17:13:02.511 | INFO     | __main__:on_log:99 - step=10445 | loss=0.070300 | grad_norm=0.842848 | learning_rate=0.000013 | epoch=1.202095
2026-02-21 17:13:15.417 | INFO     | __main__:on_log:99 - step=10450 | loss=0.046800 | grad_norm=0.417348 | learning_rate=0.000013 | epoch=1.202670
2026-02-21 17:13:28.336 | INFO     | __main__:on_log:99 - step=10455 | loss=0.060900 | grad_norm=0.411218 | learning_rate=0.000013 | epoch=1.203245
2026-02-21 17:13:41.242 | INFO     | __main__:on_log:99 - step=10460 | loss=0.059900 | grad_norm=0.531981 | learning_rate=0.000013 | epoch=1.203821
2026-02-21 17:13:54.149 | INFO     | __main__:on_log:99 - step=10465 | loss=0.063400 | grad_norm=0.393923 | learning_rate=0.000013 | epoch=1.204396
2026-02-21 17:14:07.056 | INFO     | __main__:on_log:99 - step=10470 | loss=0.068700 | grad_norm=0.569646 | learning_rate=0.000013 | epoch=1.204972
2026-02-21 17:14:19.967 | INFO     | __main__:on_log:99 - step=10475 | loss=0.065800 | grad_norm=0.542866 | learning_rate=0.000013 | epoch=1.205547
2026-02-21 17:14:32.873 | INFO     | __main__:on_log:99 - step=10480 | loss=0.042200 | grad_norm=0.382762 | learning_rate=0.000013 | epoch=1.206123
2026-02-21 17:14:45.780 | INFO     | __main__:on_log:99 - step=10485 | loss=0.048800 | grad_norm=0.446539 | learning_rate=0.000013 | epoch=1.206698
2026-02-21 17:14:58.691 | INFO     | __main__:on_log:99 - step=10490 | loss=0.060900 | grad_norm=0.790295 | learning_rate=0.000013 | epoch=1.207274
2026-02-21 17:15:11.613 | INFO     | __main__:on_log:99 - step=10495 | loss=0.071100 | grad_norm=0.974510 | learning_rate=0.000013 | epoch=1.207849
2026-02-21 17:15:24.535 | INFO     | __main__:on_log:99 - step=10500 | loss=0.060500 | grad_norm=0.463257 | learning_rate=0.000013 | epoch=1.208424
2026-02-21 17:15:37.445 | INFO     | __main__:on_log:99 - step=10505 | loss=0.069500 | grad_norm=0.506521 | learning_rate=0.000012 | epoch=1.209000
2026-02-21 17:15:50.360 | INFO     | __main__:on_log:99 - step=10510 | loss=0.072400 | grad_norm=0.810515 | learning_rate=0.000012 | epoch=1.209575
2026-02-21 17:16:03.284 | INFO     | __main__:on_log:99 - step=10515 | loss=0.047900 | grad_norm=0.414867 | learning_rate=0.000012 | epoch=1.210151
2026-02-21 17:16:16.201 | INFO     | __main__:on_log:99 - step=10520 | loss=0.046700 | grad_norm=0.341338 | learning_rate=0.000012 | epoch=1.210726
2026-02-21 17:16:29.117 | INFO     | __main__:on_log:99 - step=10525 | loss=0.048400 | grad_norm=0.608857 | learning_rate=0.000012 | epoch=1.211302
2026-02-21 17:16:42.035 | INFO     | __main__:on_log:99 - step=10530 | loss=0.053800 | grad_norm=0.470746 | learning_rate=0.000012 | epoch=1.211877
2026-02-21 17:16:54.956 | INFO     | __main__:on_log:99 - step=10535 | loss=0.064400 | grad_norm=0.561497 | learning_rate=0.000012 | epoch=1.212453
2026-02-21 17:17:07.865 | INFO     | __main__:on_log:99 - step=10540 | loss=0.055600 | grad_norm=0.618106 | learning_rate=0.000012 | epoch=1.213028
2026-02-21 17:17:20.773 | INFO     | __main__:on_log:99 - step=10545 | loss=0.061700 | grad_norm=0.494257 | learning_rate=0.000012 | epoch=1.213603
2026-02-21 17:17:33.688 | INFO     | __main__:on_log:99 - step=10550 | loss=0.057000 | grad_norm=0.552434 | learning_rate=0.000012 | epoch=1.214179
2026-02-21 17:17:46.586 | INFO     | __main__:on_log:99 - step=10555 | loss=0.047800 | grad_norm=0.553879 | learning_rate=0.000012 | epoch=1.214754
2026-02-21 17:17:59.497 | INFO     | __main__:on_log:99 - step=10560 | loss=0.071200 | grad_norm=0.444584 | learning_rate=0.000012 | epoch=1.215330
2026-02-21 17:18:12.405 | INFO     | __main__:on_log:99 - step=10565 | loss=0.065500 | grad_norm=0.720346 | learning_rate=0.000012 | epoch=1.215905
2026-02-21 17:18:25.313 | INFO     | __main__:on_log:99 - step=10570 | loss=0.056000 | grad_norm=0.583102 | learning_rate=0.000012 | epoch=1.216481
2026-02-21 17:18:38.231 | INFO     | __main__:on_log:99 - step=10575 | loss=0.066400 | grad_norm=0.804205 | learning_rate=0.000012 | epoch=1.217056
2026-02-21 17:18:51.136 | INFO     | __main__:on_log:99 - step=10580 | loss=0.070800 | grad_norm=0.886139 | learning_rate=0.000012 | epoch=1.217631
2026-02-21 17:19:04.047 | INFO     | __main__:on_log:99 - step=10585 | loss=0.074000 | grad_norm=0.734512 | learning_rate=0.000012 | epoch=1.218207
2026-02-21 17:19:16.961 | INFO     | __main__:on_log:99 - step=10590 | loss=0.062100 | grad_norm=0.592086 | learning_rate=0.000012 | epoch=1.218782
2026-02-21 17:19:29.860 | INFO     | __main__:on_log:99 - step=10595 | loss=0.074600 | grad_norm=0.952690 | learning_rate=0.000012 | epoch=1.219358
2026-02-21 17:19:42.755 | INFO     | __main__:on_log:99 - step=10600 | loss=0.049800 | grad_norm=0.473629 | learning_rate=0.000012 | epoch=1.219933
2026-02-21 17:19:55.660 | INFO     | __main__:on_log:99 - step=10605 | loss=0.071700 | grad_norm=0.466888 | learning_rate=0.000012 | epoch=1.220509
2026-02-21 17:20:08.559 | INFO     | __main__:on_log:99 - step=10610 | loss=0.069600 | grad_norm=0.556286 | learning_rate=0.000012 | epoch=1.221084
2026-02-21 17:20:21.453 | INFO     | __main__:on_log:99 - step=10615 | loss=0.064000 | grad_norm=0.947948 | learning_rate=0.000012 | epoch=1.221660
2026-02-21 17:20:34.352 | INFO     | __main__:on_log:99 - step=10620 | loss=0.064900 | grad_norm=0.486777 | learning_rate=0.000012 | epoch=1.222235
2026-02-21 17:20:47.260 | INFO     | __main__:on_log:99 - step=10625 | loss=0.048500 | grad_norm=0.371743 | learning_rate=0.000012 | epoch=1.222810
2026-02-21 17:21:00.146 | INFO     | __main__:on_log:99 - step=10630 | loss=0.087800 | grad_norm=0.645627 | learning_rate=0.000012 | epoch=1.223386
2026-02-21 17:21:13.037 | INFO     | __main__:on_log:99 - step=10635 | loss=0.050000 | grad_norm=0.631703 | learning_rate=0.000012 | epoch=1.223961
2026-02-21 17:21:25.936 | INFO     | __main__:on_log:99 - step=10640 | loss=0.067500 | grad_norm=0.423727 | learning_rate=0.000012 | epoch=1.224537
2026-02-21 17:21:38.827 | INFO     | __main__:on_log:99 - step=10645 | loss=0.067300 | grad_norm=0.968153 | learning_rate=0.000012 | epoch=1.225112
2026-02-21 17:21:51.735 | INFO     | __main__:on_log:99 - step=10650 | loss=0.049600 | grad_norm=0.463608 | learning_rate=0.000012 | epoch=1.225688
2026-02-21 17:22:04.629 | INFO     | __main__:on_log:99 - step=10655 | loss=0.098400 | grad_norm=1.039905 | learning_rate=0.000012 | epoch=1.226263
2026-02-21 17:22:17.554 | INFO     | __main__:on_log:99 - step=10660 | loss=0.048600 | grad_norm=0.604930 | learning_rate=0.000012 | epoch=1.226839
2026-02-21 17:22:30.472 | INFO     | __main__:on_log:99 - step=10665 | loss=0.057300 | grad_norm=0.449911 | learning_rate=0.000012 | epoch=1.227414
2026-02-21 17:22:43.383 | INFO     | __main__:on_log:99 - step=10670 | loss=0.067700 | grad_norm=0.628514 | learning_rate=0.000012 | epoch=1.227989
2026-02-21 17:22:56.295 | INFO     | __main__:on_log:99 - step=10675 | loss=0.090200 | grad_norm=0.593962 | learning_rate=0.000012 | epoch=1.228565
2026-02-21 17:23:09.209 | INFO     | __main__:on_log:99 - step=10680 | loss=0.057600 | grad_norm=0.584416 | learning_rate=0.000012 | epoch=1.229140
2026-02-21 17:23:22.122 | INFO     | __main__:on_log:99 - step=10685 | loss=0.059700 | grad_norm=0.533908 | learning_rate=0.000012 | epoch=1.229716
2026-02-21 17:23:35.030 | INFO     | __main__:on_log:99 - step=10690 | loss=0.059200 | grad_norm=0.575598 | learning_rate=0.000012 | epoch=1.230291
2026-02-21 17:23:47.939 | INFO     | __main__:on_log:99 - step=10695 | loss=0.064200 | grad_norm=0.603972 | learning_rate=0.000012 | epoch=1.230867
2026-02-21 17:24:00.842 | INFO     | __main__:on_log:99 - step=10700 | loss=0.055600 | grad_norm=0.528374 | learning_rate=0.000012 | epoch=1.231442
2026-02-21 17:24:13.756 | INFO     | __main__:on_log:99 - step=10705 | loss=0.069400 | grad_norm=0.796466 | learning_rate=0.000012 | epoch=1.232017
2026-02-21 17:24:26.673 | INFO     | __main__:on_log:99 - step=10710 | loss=0.054100 | grad_norm=0.493090 | learning_rate=0.000012 | epoch=1.232593
2026-02-21 17:24:39.585 | INFO     | __main__:on_log:99 - step=10715 | loss=0.059000 | grad_norm=0.620420 | learning_rate=0.000012 | epoch=1.233168
2026-02-21 17:24:52.513 | INFO     | __main__:on_log:99 - step=10720 | loss=0.050000 | grad_norm=0.620623 | learning_rate=0.000012 | epoch=1.233744
2026-02-21 17:25:05.430 | INFO     | __main__:on_log:99 - step=10725 | loss=0.059300 | grad_norm=0.870928 | learning_rate=0.000012 | epoch=1.234319
2026-02-21 17:25:18.350 | INFO     | __main__:on_log:99 - step=10730 | loss=0.068000 | grad_norm=0.629200 | learning_rate=0.000012 | epoch=1.234895
2026-02-21 17:25:31.269 | INFO     | __main__:on_log:99 - step=10735 | loss=0.065000 | grad_norm=0.620538 | learning_rate=0.000012 | epoch=1.235470
2026-02-21 17:25:44.169 | INFO     | __main__:on_log:99 - step=10740 | loss=0.077500 | grad_norm=0.816429 | learning_rate=0.000012 | epoch=1.236046
2026-02-21 17:25:57.091 | INFO     | __main__:on_log:99 - step=10745 | loss=0.065300 | grad_norm=0.491271 | learning_rate=0.000012 | epoch=1.236621
2026-02-21 17:26:10.008 | INFO     | __main__:on_log:99 - step=10750 | loss=0.035800 | grad_norm=0.314718 | learning_rate=0.000012 | epoch=1.237196
2026-02-21 17:26:22.919 | INFO     | __main__:on_log:99 - step=10755 | loss=0.094700 | grad_norm=0.428065 | learning_rate=0.000012 | epoch=1.237772
2026-02-21 17:26:35.833 | INFO     | __main__:on_log:99 - step=10760 | loss=0.059900 | grad_norm=0.870962 | learning_rate=0.000012 | epoch=1.238347
2026-02-21 17:26:48.744 | INFO     | __main__:on_log:99 - step=10765 | loss=0.072300 | grad_norm=0.427069 | learning_rate=0.000012 | epoch=1.238923
2026-02-21 17:27:01.651 | INFO     | __main__:on_log:99 - step=10770 | loss=0.046500 | grad_norm=0.503633 | learning_rate=0.000012 | epoch=1.239498
2026-02-21 17:27:14.574 | INFO     | __main__:on_log:99 - step=10775 | loss=0.086100 | grad_norm=0.671982 | learning_rate=0.000012 | epoch=1.240074
2026-02-21 17:27:27.486 | INFO     | __main__:on_log:99 - step=10780 | loss=0.066800 | grad_norm=0.788101 | learning_rate=0.000012 | epoch=1.240649
2026-02-21 17:27:40.405 | INFO     | __main__:on_log:99 - step=10785 | loss=0.047300 | grad_norm=0.487514 | learning_rate=0.000012 | epoch=1.241225
2026-02-21 17:27:53.322 | INFO     | __main__:on_log:99 - step=10790 | loss=0.060700 | grad_norm=0.650557 | learning_rate=0.000012 | epoch=1.241800
2026-02-21 17:28:06.231 | INFO     | __main__:on_log:99 - step=10795 | loss=0.052700 | grad_norm=0.621819 | learning_rate=0.000012 | epoch=1.242375
2026-02-21 17:28:19.140 | INFO     | __main__:on_log:99 - step=10800 | loss=0.055200 | grad_norm=0.638264 | learning_rate=0.000012 | epoch=1.242951
2026-02-21 17:28:32.055 | INFO     | __main__:on_log:99 - step=10805 | loss=0.052900 | grad_norm=0.592626 | learning_rate=0.000012 | epoch=1.243526
2026-02-21 17:28:44.966 | INFO     | __main__:on_log:99 - step=10810 | loss=0.053200 | grad_norm=0.516640 | learning_rate=0.000012 | epoch=1.244102
2026-02-21 17:28:57.873 | INFO     | __main__:on_log:99 - step=10815 | loss=0.059100 | grad_norm=0.500110 | learning_rate=0.000012 | epoch=1.244677
2026-02-21 17:29:10.781 | INFO     | __main__:on_log:99 - step=10820 | loss=0.058600 | grad_norm=0.428669 | learning_rate=0.000012 | epoch=1.245253
2026-02-21 17:29:23.689 | INFO     | __main__:on_log:99 - step=10825 | loss=0.051300 | grad_norm=0.432343 | learning_rate=0.000012 | epoch=1.245828
2026-02-21 17:29:36.592 | INFO     | __main__:on_log:99 - step=10830 | loss=0.096100 | grad_norm=0.534675 | learning_rate=0.000012 | epoch=1.246403
2026-02-21 17:29:49.501 | INFO     | __main__:on_log:99 - step=10835 | loss=0.059200 | grad_norm=0.577162 | learning_rate=0.000012 | epoch=1.246979
2026-02-21 17:30:02.421 | INFO     | __main__:on_log:99 - step=10840 | loss=0.066800 | grad_norm=0.675465 | learning_rate=0.000012 | epoch=1.247554
2026-02-21 17:30:15.338 | INFO     | __main__:on_log:99 - step=10845 | loss=0.085700 | grad_norm=0.692852 | learning_rate=0.000012 | epoch=1.248130
2026-02-21 17:30:28.262 | INFO     | __main__:on_log:99 - step=10850 | loss=0.057300 | grad_norm=0.537293 | learning_rate=0.000012 | epoch=1.248705
2026-02-21 17:30:41.177 | INFO     | __main__:on_log:99 - step=10855 | loss=0.067100 | grad_norm=0.521755 | learning_rate=0.000012 | epoch=1.249281
2026-02-21 17:30:54.079 | INFO     | __main__:on_log:99 - step=10860 | loss=0.050200 | grad_norm=0.463554 | learning_rate=0.000012 | epoch=1.249856
2026-02-21 17:31:06.991 | INFO     | __main__:on_log:99 - step=10865 | loss=0.060800 | grad_norm=0.666209 | learning_rate=0.000012 | epoch=1.250432
2026-02-21 17:31:19.903 | INFO     | __main__:on_log:99 - step=10870 | loss=0.105300 | grad_norm=1.257055 | learning_rate=0.000012 | epoch=1.251007
2026-02-21 17:31:32.803 | INFO     | __main__:on_log:99 - step=10875 | loss=0.069500 | grad_norm=0.469665 | learning_rate=0.000012 | epoch=1.251582
2026-02-21 17:31:45.712 | INFO     | __main__:on_log:99 - step=10880 | loss=0.069600 | grad_norm=0.604628 | learning_rate=0.000012 | epoch=1.252158
2026-02-21 17:31:58.627 | INFO     | __main__:on_log:99 - step=10885 | loss=0.066600 | grad_norm=0.913848 | learning_rate=0.000012 | epoch=1.252733
2026-02-21 17:32:11.563 | INFO     | __main__:on_log:99 - step=10890 | loss=0.067900 | grad_norm=0.574942 | learning_rate=0.000012 | epoch=1.253309
2026-02-21 17:32:24.488 | INFO     | __main__:on_log:99 - step=10895 | loss=0.069600 | grad_norm=0.486760 | learning_rate=0.000012 | epoch=1.253884
2026-02-21 17:32:37.407 | INFO     | __main__:on_log:99 - step=10900 | loss=0.074200 | grad_norm=0.946032 | learning_rate=0.000012 | epoch=1.254460
2026-02-21 17:32:50.327 | INFO     | __main__:on_log:99 - step=10905 | loss=0.081500 | grad_norm=0.449243 | learning_rate=0.000012 | epoch=1.255035
2026-02-21 17:33:03.261 | INFO     | __main__:on_log:99 - step=10910 | loss=0.048400 | grad_norm=0.549523 | learning_rate=0.000012 | epoch=1.255611
2026-02-21 17:33:16.180 | INFO     | __main__:on_log:99 - step=10915 | loss=0.058500 | grad_norm=0.650889 | learning_rate=0.000012 | epoch=1.256186
2026-02-21 17:33:29.095 | INFO     | __main__:on_log:99 - step=10920 | loss=0.057100 | grad_norm=0.340562 | learning_rate=0.000012 | epoch=1.256761
2026-02-21 17:33:42.011 | INFO     | __main__:on_log:99 - step=10925 | loss=0.080600 | grad_norm=0.546098 | learning_rate=0.000012 | epoch=1.257337
2026-02-21 17:33:54.923 | INFO     | __main__:on_log:99 - step=10930 | loss=0.064700 | grad_norm=0.747834 | learning_rate=0.000012 | epoch=1.257912
2026-02-21 17:34:07.832 | INFO     | __main__:on_log:99 - step=10935 | loss=0.091300 | grad_norm=0.638406 | learning_rate=0.000012 | epoch=1.258488
2026-02-21 17:34:20.761 | INFO     | __main__:on_log:99 - step=10940 | loss=0.049000 | grad_norm=0.467377 | learning_rate=0.000012 | epoch=1.259063
2026-02-21 17:34:33.674 | INFO     | __main__:on_log:99 - step=10945 | loss=0.043800 | grad_norm=0.644580 | learning_rate=0.000012 | epoch=1.259639
2026-02-21 17:34:46.627 | INFO     | __main__:on_log:99 - step=10950 | loss=0.057800 | grad_norm=0.542225 | learning_rate=0.000012 | epoch=1.260214
2026-02-21 17:34:59.561 | INFO     | __main__:on_log:99 - step=10955 | loss=0.076700 | grad_norm=0.480151 | learning_rate=0.000012 | epoch=1.260790
2026-02-21 17:35:12.484 | INFO     | __main__:on_log:99 - step=10960 | loss=0.071900 | grad_norm=0.417490 | learning_rate=0.000012 | epoch=1.261365
2026-02-21 17:35:25.399 | INFO     | __main__:on_log:99 - step=10965 | loss=0.065600 | grad_norm=0.617611 | learning_rate=0.000012 | epoch=1.261940
2026-02-21 17:35:38.322 | INFO     | __main__:on_log:99 - step=10970 | loss=0.069700 | grad_norm=0.546708 | learning_rate=0.000012 | epoch=1.262516
2026-02-21 17:35:51.255 | INFO     | __main__:on_log:99 - step=10975 | loss=0.066700 | grad_norm=0.579953 | learning_rate=0.000012 | epoch=1.263091
2026-02-21 17:36:04.192 | INFO     | __main__:on_log:99 - step=10980 | loss=0.059200 | grad_norm=0.388927 | learning_rate=0.000012 | epoch=1.263667
2026-02-21 17:36:17.104 | INFO     | __main__:on_log:99 - step=10985 | loss=0.083700 | grad_norm=1.073198 | learning_rate=0.000012 | epoch=1.264242
2026-02-21 17:36:30.035 | INFO     | __main__:on_log:99 - step=10990 | loss=0.045100 | grad_norm=0.503019 | learning_rate=0.000012 | epoch=1.264818
2026-02-21 17:36:42.950 | INFO     | __main__:on_log:99 - step=10995 | loss=0.075700 | grad_norm=0.668987 | learning_rate=0.000012 | epoch=1.265393
2026-02-21 17:36:55.865 | INFO     | __main__:on_log:99 - step=11000 | loss=0.056600 | grad_norm=0.500467 | learning_rate=0.000012 | epoch=1.265968
2026-02-21 17:37:08.779 | INFO     | __main__:on_log:99 - step=11005 | loss=0.081300 | grad_norm=0.790657 | learning_rate=0.000012 | epoch=1.266544
2026-02-21 17:37:21.709 | INFO     | __main__:on_log:99 - step=11010 | loss=0.063100 | grad_norm=0.632931 | learning_rate=0.000012 | epoch=1.267119
2026-02-21 17:37:34.643 | INFO     | __main__:on_log:99 - step=11015 | loss=0.066600 | grad_norm=0.703725 | learning_rate=0.000012 | epoch=1.267695
2026-02-21 17:37:47.574 | INFO     | __main__:on_log:99 - step=11020 | loss=0.050400 | grad_norm=0.343986 | learning_rate=0.000012 | epoch=1.268270
2026-02-21 17:38:00.518 | INFO     | __main__:on_log:99 - step=11025 | loss=0.062300 | grad_norm=0.462594 | learning_rate=0.000012 | epoch=1.268846
2026-02-21 17:38:13.443 | INFO     | __main__:on_log:99 - step=11030 | loss=0.075500 | grad_norm=0.517010 | learning_rate=0.000012 | epoch=1.269421
2026-02-21 17:38:26.364 | INFO     | __main__:on_log:99 - step=11035 | loss=0.068700 | grad_norm=0.445233 | learning_rate=0.000012 | epoch=1.269997
2026-02-21 17:38:39.268 | INFO     | __main__:on_log:99 - step=11040 | loss=0.070100 | grad_norm=0.469548 | learning_rate=0.000012 | epoch=1.270572
2026-02-21 17:38:52.186 | INFO     | __main__:on_log:99 - step=11045 | loss=0.057900 | grad_norm=0.692188 | learning_rate=0.000012 | epoch=1.271147
2026-02-21 17:39:05.117 | INFO     | __main__:on_log:99 - step=11050 | loss=0.048400 | grad_norm=0.427847 | learning_rate=0.000012 | epoch=1.271723
2026-02-21 17:39:18.026 | INFO     | __main__:on_log:99 - step=11055 | loss=0.061100 | grad_norm=0.714795 | learning_rate=0.000011 | epoch=1.272298
2026-02-21 17:39:30.943 | INFO     | __main__:on_log:99 - step=11060 | loss=0.082100 | grad_norm=0.748532 | learning_rate=0.000011 | epoch=1.272874
2026-02-21 17:39:43.856 | INFO     | __main__:on_log:99 - step=11065 | loss=0.060900 | grad_norm=0.544459 | learning_rate=0.000011 | epoch=1.273449
2026-02-21 17:39:56.776 | INFO     | __main__:on_log:99 - step=11070 | loss=0.048700 | grad_norm=0.432655 | learning_rate=0.000011 | epoch=1.274025
2026-02-21 17:40:09.686 | INFO     | __main__:on_log:99 - step=11075 | loss=0.060100 | grad_norm=0.436242 | learning_rate=0.000011 | epoch=1.274600
2026-02-21 17:40:22.579 | INFO     | __main__:on_log:99 - step=11080 | loss=0.066200 | grad_norm=1.006109 | learning_rate=0.000011 | epoch=1.275176
2026-02-21 17:40:35.492 | INFO     | __main__:on_log:99 - step=11085 | loss=0.036000 | grad_norm=0.561196 | learning_rate=0.000011 | epoch=1.275751
2026-02-21 17:40:48.406 | INFO     | __main__:on_log:99 - step=11090 | loss=0.067500 | grad_norm=0.580826 | learning_rate=0.000011 | epoch=1.276326
2026-02-21 17:41:01.320 | INFO     | __main__:on_log:99 - step=11095 | loss=0.065100 | grad_norm=0.282827 | learning_rate=0.000011 | epoch=1.276902
2026-02-21 17:41:14.228 | INFO     | __main__:on_log:99 - step=11100 | loss=0.064200 | grad_norm=0.636723 | learning_rate=0.000011 | epoch=1.277477
2026-02-21 17:41:27.140 | INFO     | __main__:on_log:99 - step=11105 | loss=0.067200 | grad_norm=0.823388 | learning_rate=0.000011 | epoch=1.278053
2026-02-21 17:41:40.072 | INFO     | __main__:on_log:99 - step=11110 | loss=0.046200 | grad_norm=0.485416 | learning_rate=0.000011 | epoch=1.278628
2026-02-21 17:41:52.993 | INFO     | __main__:on_log:99 - step=11115 | loss=0.065700 | grad_norm=0.708526 | learning_rate=0.000011 | epoch=1.279204
2026-02-21 17:42:05.927 | INFO     | __main__:on_log:99 - step=11120 | loss=0.050600 | grad_norm=0.458383 | learning_rate=0.000011 | epoch=1.279779
2026-02-21 17:42:18.841 | INFO     | __main__:on_log:99 - step=11125 | loss=0.052600 | grad_norm=0.534643 | learning_rate=0.000011 | epoch=1.280354
2026-02-21 17:42:31.755 | INFO     | __main__:on_log:99 - step=11130 | loss=0.045700 | grad_norm=0.598695 | learning_rate=0.000011 | epoch=1.280930
2026-02-21 17:42:44.667 | INFO     | __main__:on_log:99 - step=11135 | loss=0.060200 | grad_norm=0.716033 | learning_rate=0.000011 | epoch=1.281505
2026-02-21 17:42:57.591 | INFO     | __main__:on_log:99 - step=11140 | loss=0.069200 | grad_norm=0.343730 | learning_rate=0.000011 | epoch=1.282081
2026-02-21 17:43:10.500 | INFO     | __main__:on_log:99 - step=11145 | loss=0.058900 | grad_norm=0.724314 | learning_rate=0.000011 | epoch=1.282656
2026-02-21 17:43:23.412 | INFO     | __main__:on_log:99 - step=11150 | loss=0.059800 | grad_norm=0.936252 | learning_rate=0.000011 | epoch=1.283232
2026-02-21 17:43:36.323 | INFO     | __main__:on_log:99 - step=11155 | loss=0.057100 | grad_norm=0.719803 | learning_rate=0.000011 | epoch=1.283807
2026-02-21 17:43:49.241 | INFO     | __main__:on_log:99 - step=11160 | loss=0.083100 | grad_norm=0.617177 | learning_rate=0.000011 | epoch=1.284383
2026-02-21 17:44:02.151 | INFO     | __main__:on_log:99 - step=11165 | loss=0.074500 | grad_norm=0.893179 | learning_rate=0.000011 | epoch=1.284958
2026-02-21 17:44:15.057 | INFO     | __main__:on_log:99 - step=11170 | loss=0.054300 | grad_norm=0.652897 | learning_rate=0.000011 | epoch=1.285533
2026-02-21 17:44:27.959 | INFO     | __main__:on_log:99 - step=11175 | loss=0.067000 | grad_norm=0.923507 | learning_rate=0.000011 | epoch=1.286109
2026-02-21 17:44:40.871 | INFO     | __main__:on_log:99 - step=11180 | loss=0.051000 | grad_norm=0.467988 | learning_rate=0.000011 | epoch=1.286684
2026-02-21 17:44:53.777 | INFO     | __main__:on_log:99 - step=11185 | loss=0.055500 | grad_norm=0.660689 | learning_rate=0.000011 | epoch=1.287260
2026-02-21 17:45:06.682 | INFO     | __main__:on_log:99 - step=11190 | loss=0.041000 | grad_norm=0.597912 | learning_rate=0.000011 | epoch=1.287835
2026-02-21 17:45:19.595 | INFO     | __main__:on_log:99 - step=11195 | loss=0.059300 | grad_norm=0.415375 | learning_rate=0.000011 | epoch=1.288411
2026-02-21 17:45:32.503 | INFO     | __main__:on_log:99 - step=11200 | loss=0.054300 | grad_norm=0.481683 | learning_rate=0.000011 | epoch=1.288986
2026-02-21 17:45:45.409 | INFO     | __main__:on_log:99 - step=11205 | loss=0.079100 | grad_norm=0.975330 | learning_rate=0.000011 | epoch=1.289562
2026-02-21 17:45:58.326 | INFO     | __main__:on_log:99 - step=11210 | loss=0.058700 | grad_norm=0.452906 | learning_rate=0.000011 | epoch=1.290137
2026-02-21 17:46:11.226 | INFO     | __main__:on_log:99 - step=11215 | loss=0.061600 | grad_norm=0.880893 | learning_rate=0.000011 | epoch=1.290712
2026-02-21 17:46:24.137 | INFO     | __main__:on_log:99 - step=11220 | loss=0.071100 | grad_norm=0.465002 | learning_rate=0.000011 | epoch=1.291288
2026-02-21 17:46:37.048 | INFO     | __main__:on_log:99 - step=11225 | loss=0.064700 | grad_norm=0.792499 | learning_rate=0.000011 | epoch=1.291863
2026-02-21 17:46:49.958 | INFO     | __main__:on_log:99 - step=11230 | loss=0.079000 | grad_norm=0.774853 | learning_rate=0.000011 | epoch=1.292439
2026-02-21 17:47:02.877 | INFO     | __main__:on_log:99 - step=11235 | loss=0.058600 | grad_norm=0.594974 | learning_rate=0.000011 | epoch=1.293014
2026-02-21 17:47:15.786 | INFO     | __main__:on_log:99 - step=11240 | loss=0.049100 | grad_norm=0.394816 | learning_rate=0.000011 | epoch=1.293590
2026-02-21 17:47:28.676 | INFO     | __main__:on_log:99 - step=11245 | loss=0.053100 | grad_norm=0.728869 | learning_rate=0.000011 | epoch=1.294165
2026-02-21 17:47:41.578 | INFO     | __main__:on_log:99 - step=11250 | loss=0.060300 | grad_norm=0.329398 | learning_rate=0.000011 | epoch=1.294740
2026-02-21 17:47:54.480 | INFO     | __main__:on_log:99 - step=11255 | loss=0.056700 | grad_norm=0.481561 | learning_rate=0.000011 | epoch=1.295316
2026-02-21 17:48:07.373 | INFO     | __main__:on_log:99 - step=11260 | loss=0.062000 | grad_norm=0.641300 | learning_rate=0.000011 | epoch=1.295891
2026-02-21 17:48:20.269 | INFO     | __main__:on_log:99 - step=11265 | loss=0.049500 | grad_norm=0.509612 | learning_rate=0.000011 | epoch=1.296467
2026-02-21 17:48:33.158 | INFO     | __main__:on_log:99 - step=11270 | loss=0.058000 | grad_norm=0.482450 | learning_rate=0.000011 | epoch=1.297042
2026-02-21 17:48:46.045 | INFO     | __main__:on_log:99 - step=11275 | loss=0.063000 | grad_norm=0.579009 | learning_rate=0.000011 | epoch=1.297618
2026-02-21 17:48:58.934 | INFO     | __main__:on_log:99 - step=11280 | loss=0.064300 | grad_norm=0.709452 | learning_rate=0.000011 | epoch=1.298193
2026-02-21 17:49:11.820 | INFO     | __main__:on_log:99 - step=11285 | loss=0.086000 | grad_norm=0.752896 | learning_rate=0.000011 | epoch=1.298769
2026-02-21 17:49:24.720 | INFO     | __main__:on_log:99 - step=11290 | loss=0.058000 | grad_norm=0.654372 | learning_rate=0.000011 | epoch=1.299344
2026-02-21 17:49:37.195 | INFO     | __main__:on_log:99 - step=11295 | loss=0.071400 | grad_norm=0.612189 | learning_rate=0.000011 | epoch=1.299919
2026-02-21 17:49:50.123 | INFO     | __main__:on_log:99 - step=11300 | loss=0.085600 | grad_norm=0.760304 | learning_rate=0.000011 | epoch=1.300495
2026-02-21 17:50:03.036 | INFO     | __main__:on_log:99 - step=11305 | loss=0.055000 | grad_norm=0.663719 | learning_rate=0.000011 | epoch=1.301070
2026-02-21 17:50:15.950 | INFO     | __main__:on_log:99 - step=11310 | loss=0.061500 | grad_norm=0.370929 | learning_rate=0.000011 | epoch=1.301646
2026-02-21 17:50:28.840 | INFO     | __main__:on_log:99 - step=11315 | loss=0.051400 | grad_norm=0.563632 | learning_rate=0.000011 | epoch=1.302221
2026-02-21 17:50:41.734 | INFO     | __main__:on_log:99 - step=11320 | loss=0.064000 | grad_norm=0.564916 | learning_rate=0.000011 | epoch=1.302797
2026-02-21 17:50:54.627 | INFO     | __main__:on_log:99 - step=11325 | loss=0.052300 | grad_norm=0.925542 | learning_rate=0.000011 | epoch=1.303372
2026-02-21 17:51:07.530 | INFO     | __main__:on_log:99 - step=11330 | loss=0.066000 | grad_norm=0.526659 | learning_rate=0.000011 | epoch=1.303948
2026-02-21 17:51:20.427 | INFO     | __main__:on_log:99 - step=11335 | loss=0.054100 | grad_norm=0.489839 | learning_rate=0.000011 | epoch=1.304523
2026-02-21 17:51:33.319 | INFO     | __main__:on_log:99 - step=11340 | loss=0.061500 | grad_norm=0.715391 | learning_rate=0.000011 | epoch=1.305098
2026-02-21 17:51:46.226 | INFO     | __main__:on_log:99 - step=11345 | loss=0.068800 | grad_norm=0.463549 | learning_rate=0.000011 | epoch=1.305674
2026-02-21 17:51:59.118 | INFO     | __main__:on_log:99 - step=11350 | loss=0.079300 | grad_norm=0.650293 | learning_rate=0.000011 | epoch=1.306249
2026-02-21 17:52:12.016 | INFO     | __main__:on_log:99 - step=11355 | loss=0.046900 | grad_norm=0.559943 | learning_rate=0.000011 | epoch=1.306825
2026-02-21 17:52:24.915 | INFO     | __main__:on_log:99 - step=11360 | loss=0.099900 | grad_norm=0.484581 | learning_rate=0.000011 | epoch=1.307400
2026-02-21 17:52:37.814 | INFO     | __main__:on_log:99 - step=11365 | loss=0.063600 | grad_norm=0.539150 | learning_rate=0.000011 | epoch=1.307976
2026-02-21 17:52:50.707 | INFO     | __main__:on_log:99 - step=11370 | loss=0.072300 | grad_norm=0.591175 | learning_rate=0.000011 | epoch=1.308551
2026-02-21 17:53:03.597 | INFO     | __main__:on_log:99 - step=11375 | loss=0.069900 | grad_norm=0.622819 | learning_rate=0.000011 | epoch=1.309126
2026-02-21 17:53:16.493 | INFO     | __main__:on_log:99 - step=11380 | loss=0.062900 | grad_norm=0.687386 | learning_rate=0.000011 | epoch=1.309702
2026-02-21 17:53:29.397 | INFO     | __main__:on_log:99 - step=11385 | loss=0.058400 | grad_norm=0.678502 | learning_rate=0.000011 | epoch=1.310277
2026-02-21 17:53:42.290 | INFO     | __main__:on_log:99 - step=11390 | loss=0.091800 | grad_norm=0.669483 | learning_rate=0.000011 | epoch=1.310853
2026-02-21 17:53:55.204 | INFO     | __main__:on_log:99 - step=11395 | loss=0.072900 | grad_norm=0.504639 | learning_rate=0.000011 | epoch=1.311428
2026-02-21 17:54:08.119 | INFO     | __main__:on_log:99 - step=11400 | loss=0.044800 | grad_norm=0.591076 | learning_rate=0.000011 | epoch=1.312004
2026-02-21 17:54:21.023 | INFO     | __main__:on_log:99 - step=11405 | loss=0.078500 | grad_norm=0.880676 | learning_rate=0.000011 | epoch=1.312579
2026-02-21 17:54:33.945 | INFO     | __main__:on_log:99 - step=11410 | loss=0.077700 | grad_norm=0.970131 | learning_rate=0.000011 | epoch=1.313155
2026-02-21 17:54:46.858 | INFO     | __main__:on_log:99 - step=11415 | loss=0.061900 | grad_norm=0.591723 | learning_rate=0.000011 | epoch=1.313730
2026-02-21 17:54:59.783 | INFO     | __main__:on_log:99 - step=11420 | loss=0.069300 | grad_norm=0.606745 | learning_rate=0.000011 | epoch=1.314305
2026-02-21 17:55:12.747 | INFO     | __main__:on_log:99 - step=11425 | loss=0.072400 | grad_norm=0.535845 | learning_rate=0.000011 | epoch=1.314881
2026-02-21 17:55:25.671 | INFO     | __main__:on_log:99 - step=11430 | loss=0.063000 | grad_norm=0.441699 | learning_rate=0.000011 | epoch=1.315456
2026-02-21 17:55:38.580 | INFO     | __main__:on_log:99 - step=11435 | loss=0.087700 | grad_norm=0.670746 | learning_rate=0.000011 | epoch=1.316032
2026-02-21 17:55:51.502 | INFO     | __main__:on_log:99 - step=11440 | loss=0.060800 | grad_norm=0.719981 | learning_rate=0.000011 | epoch=1.316607
2026-02-21 17:56:04.428 | INFO     | __main__:on_log:99 - step=11445 | loss=0.050300 | grad_norm=0.653418 | learning_rate=0.000011 | epoch=1.317183
2026-02-21 17:56:17.346 | INFO     | __main__:on_log:99 - step=11450 | loss=0.051400 | grad_norm=0.400179 | learning_rate=0.000011 | epoch=1.317758
2026-02-21 17:56:30.265 | INFO     | __main__:on_log:99 - step=11455 | loss=0.065100 | grad_norm=0.710575 | learning_rate=0.000011 | epoch=1.318334
2026-02-21 17:56:43.187 | INFO     | __main__:on_log:99 - step=11460 | loss=0.068700 | grad_norm=0.337627 | learning_rate=0.000011 | epoch=1.318909
2026-02-21 17:56:56.115 | INFO     | __main__:on_log:99 - step=11465 | loss=0.069200 | grad_norm=0.730392 | learning_rate=0.000011 | epoch=1.319484
2026-02-21 17:57:09.028 | INFO     | __main__:on_log:99 - step=11470 | loss=0.075300 | grad_norm=0.796869 | learning_rate=0.000011 | epoch=1.320060
2026-02-21 17:57:21.949 | INFO     | __main__:on_log:99 - step=11475 | loss=0.068600 | grad_norm=0.643922 | learning_rate=0.000011 | epoch=1.320635
2026-02-21 17:57:34.892 | INFO     | __main__:on_log:99 - step=11480 | loss=0.059500 | grad_norm=0.831403 | learning_rate=0.000011 | epoch=1.321211
2026-02-21 17:57:47.812 | INFO     | __main__:on_log:99 - step=11485 | loss=0.043700 | grad_norm=0.592421 | learning_rate=0.000011 | epoch=1.321786
2026-02-21 17:58:00.743 | INFO     | __main__:on_log:99 - step=11490 | loss=0.073600 | grad_norm=0.659639 | learning_rate=0.000011 | epoch=1.322362
2026-02-21 17:58:13.676 | INFO     | __main__:on_log:99 - step=11495 | loss=0.066000 | grad_norm=0.981827 | learning_rate=0.000011 | epoch=1.322937
2026-02-21 17:58:26.609 | INFO     | __main__:on_log:99 - step=11500 | loss=0.062300 | grad_norm=0.618475 | learning_rate=0.000011 | epoch=1.323512
2026-02-21 17:58:39.530 | INFO     | __main__:on_log:99 - step=11505 | loss=0.069100 | grad_norm=0.530372 | learning_rate=0.000011 | epoch=1.324088
2026-02-21 17:58:52.452 | INFO     | __main__:on_log:99 - step=11510 | loss=0.093100 | grad_norm=1.216608 | learning_rate=0.000011 | epoch=1.324663
2026-02-21 17:59:05.357 | INFO     | __main__:on_log:99 - step=11515 | loss=0.074800 | grad_norm=0.553733 | learning_rate=0.000011 | epoch=1.325239
2026-02-21 17:59:18.277 | INFO     | __main__:on_log:99 - step=11520 | loss=0.092600 | grad_norm=0.400335 | learning_rate=0.000011 | epoch=1.325814
2026-02-21 17:59:31.200 | INFO     | __main__:on_log:99 - step=11525 | loss=0.050300 | grad_norm=0.468084 | learning_rate=0.000011 | epoch=1.326390
2026-02-21 17:59:44.123 | INFO     | __main__:on_log:99 - step=11530 | loss=0.062900 | grad_norm=0.374421 | learning_rate=0.000011 | epoch=1.326965
2026-02-21 17:59:57.053 | INFO     | __main__:on_log:99 - step=11535 | loss=0.055200 | grad_norm=0.843257 | learning_rate=0.000011 | epoch=1.327541
2026-02-21 18:00:09.977 | INFO     | __main__:on_log:99 - step=11540 | loss=0.074700 | grad_norm=0.803953 | learning_rate=0.000011 | epoch=1.328116
2026-02-21 18:00:22.896 | INFO     | __main__:on_log:99 - step=11545 | loss=0.060900 | grad_norm=0.502807 | learning_rate=0.000011 | epoch=1.328691
2026-02-21 18:00:35.810 | INFO     | __main__:on_log:99 - step=11550 | loss=0.060600 | grad_norm=0.432862 | learning_rate=0.000011 | epoch=1.329267
2026-02-21 18:00:48.718 | INFO     | __main__:on_log:99 - step=11555 | loss=0.061300 | grad_norm=0.358571 | learning_rate=0.000011 | epoch=1.329842
2026-02-21 18:01:01.624 | INFO     | __main__:on_log:99 - step=11560 | loss=0.057300 | grad_norm=0.496503 | learning_rate=0.000011 | epoch=1.330418
2026-02-21 18:01:14.545 | INFO     | __main__:on_log:99 - step=11565 | loss=0.084700 | grad_norm=0.513208 | learning_rate=0.000011 | epoch=1.330993
2026-02-21 18:01:27.465 | INFO     | __main__:on_log:99 - step=11570 | loss=0.069500 | grad_norm=0.782062 | learning_rate=0.000011 | epoch=1.331569
2026-02-21 18:01:40.386 | INFO     | __main__:on_log:99 - step=11575 | loss=0.054300 | grad_norm=0.491196 | learning_rate=0.000011 | epoch=1.332144
2026-02-21 18:01:53.294 | INFO     | __main__:on_log:99 - step=11580 | loss=0.059400 | grad_norm=0.570454 | learning_rate=0.000011 | epoch=1.332720
2026-02-21 18:02:06.211 | INFO     | __main__:on_log:99 - step=11585 | loss=0.069600 | grad_norm=0.835889 | learning_rate=0.000011 | epoch=1.333295
2026-02-21 18:02:19.115 | INFO     | __main__:on_log:99 - step=11590 | loss=0.067100 | grad_norm=0.829594 | learning_rate=0.000011 | epoch=1.333870
2026-02-21 18:02:32.024 | INFO     | __main__:on_log:99 - step=11595 | loss=0.069900 | grad_norm=0.372809 | learning_rate=0.000011 | epoch=1.334446
2026-02-21 18:02:44.939 | INFO     | __main__:on_log:99 - step=11600 | loss=0.060700 | grad_norm=0.449844 | learning_rate=0.000011 | epoch=1.335021
2026-02-21 18:02:57.853 | INFO     | __main__:on_log:99 - step=11605 | loss=0.047000 | grad_norm=0.581356 | learning_rate=0.000010 | epoch=1.335597
2026-02-21 18:03:10.771 | INFO     | __main__:on_log:99 - step=11610 | loss=0.055700 | grad_norm=0.506044 | learning_rate=0.000010 | epoch=1.336172
2026-02-21 18:03:23.679 | INFO     | __main__:on_log:99 - step=11615 | loss=0.048700 | grad_norm=0.499630 | learning_rate=0.000010 | epoch=1.336748
2026-02-21 18:03:36.587 | INFO     | __main__:on_log:99 - step=11620 | loss=0.055000 | grad_norm=0.733222 | learning_rate=0.000010 | epoch=1.337323
2026-02-21 18:03:49.533 | INFO     | __main__:on_log:99 - step=11625 | loss=0.046100 | grad_norm=0.425339 | learning_rate=0.000010 | epoch=1.337898
2026-02-21 18:04:02.462 | INFO     | __main__:on_log:99 - step=11630 | loss=0.060200 | grad_norm=0.767478 | learning_rate=0.000010 | epoch=1.338474
2026-02-21 18:04:15.392 | INFO     | __main__:on_log:99 - step=11635 | loss=0.054900 | grad_norm=0.700646 | learning_rate=0.000010 | epoch=1.339049
2026-02-21 18:04:28.321 | INFO     | __main__:on_log:99 - step=11640 | loss=0.072100 | grad_norm=0.765604 | learning_rate=0.000010 | epoch=1.339625
2026-02-21 18:04:41.242 | INFO     | __main__:on_log:99 - step=11645 | loss=0.049900 | grad_norm=0.593612 | learning_rate=0.000010 | epoch=1.340200
2026-02-21 18:04:54.160 | INFO     | __main__:on_log:99 - step=11650 | loss=0.063600 | grad_norm=0.792417 | learning_rate=0.000010 | epoch=1.340776
2026-02-21 18:05:07.075 | INFO     | __main__:on_log:99 - step=11655 | loss=0.045300 | grad_norm=0.546403 | learning_rate=0.000010 | epoch=1.341351
2026-02-21 18:05:20.013 | INFO     | __main__:on_log:99 - step=11660 | loss=0.079000 | grad_norm=0.659733 | learning_rate=0.000010 | epoch=1.341927
2026-02-21 18:05:32.932 | INFO     | __main__:on_log:99 - step=11665 | loss=0.050000 | grad_norm=0.521882 | learning_rate=0.000010 | epoch=1.342502
2026-02-21 18:05:45.858 | INFO     | __main__:on_log:99 - step=11670 | loss=0.056300 | grad_norm=0.695316 | learning_rate=0.000010 | epoch=1.343077
2026-02-21 18:05:58.772 | INFO     | __main__:on_log:99 - step=11675 | loss=0.064000 | grad_norm=0.671364 | learning_rate=0.000010 | epoch=1.343653
2026-02-21 18:06:11.694 | INFO     | __main__:on_log:99 - step=11680 | loss=0.058000 | grad_norm=0.487047 | learning_rate=0.000010 | epoch=1.344228
2026-02-21 18:06:24.607 | INFO     | __main__:on_log:99 - step=11685 | loss=0.061600 | grad_norm=0.418455 | learning_rate=0.000010 | epoch=1.344804
2026-02-21 18:06:37.521 | INFO     | __main__:on_log:99 - step=11690 | loss=0.048800 | grad_norm=0.354584 | learning_rate=0.000010 | epoch=1.345379
2026-02-21 18:06:50.429 | INFO     | __main__:on_log:99 - step=11695 | loss=0.074600 | grad_norm=0.475811 | learning_rate=0.000010 | epoch=1.345955
2026-02-21 18:07:03.355 | INFO     | __main__:on_log:99 - step=11700 | loss=0.061100 | grad_norm=0.543588 | learning_rate=0.000010 | epoch=1.346530
2026-02-21 18:07:16.276 | INFO     | __main__:on_log:99 - step=11705 | loss=0.083900 | grad_norm=0.550704 | learning_rate=0.000010 | epoch=1.347106
2026-02-21 18:07:29.205 | INFO     | __main__:on_log:99 - step=11710 | loss=0.047600 | grad_norm=0.457495 | learning_rate=0.000010 | epoch=1.347681
2026-02-21 18:07:42.129 | INFO     | __main__:on_log:99 - step=11715 | loss=0.074100 | grad_norm=0.815723 | learning_rate=0.000010 | epoch=1.348256
2026-02-21 18:07:55.048 | INFO     | __main__:on_log:99 - step=11720 | loss=0.063000 | grad_norm=0.633292 | learning_rate=0.000010 | epoch=1.348832
2026-02-21 18:08:07.977 | INFO     | __main__:on_log:99 - step=11725 | loss=0.076900 | grad_norm=0.788481 | learning_rate=0.000010 | epoch=1.349407
2026-02-21 18:08:20.898 | INFO     | __main__:on_log:99 - step=11730 | loss=0.071400 | grad_norm=0.668018 | learning_rate=0.000010 | epoch=1.349983
2026-02-21 18:08:33.821 | INFO     | __main__:on_log:99 - step=11735 | loss=0.060300 | grad_norm=0.789550 | learning_rate=0.000010 | epoch=1.350558
2026-02-21 18:08:46.751 | INFO     | __main__:on_log:99 - step=11740 | loss=0.052500 | grad_norm=0.498136 | learning_rate=0.000010 | epoch=1.351134
2026-02-21 18:08:59.672 | INFO     | __main__:on_log:99 - step=11745 | loss=0.054900 | grad_norm=0.400421 | learning_rate=0.000010 | epoch=1.351709
2026-02-21 18:09:12.604 | INFO     | __main__:on_log:99 - step=11750 | loss=0.081300 | grad_norm=0.337032 | learning_rate=0.000010 | epoch=1.352284
2026-02-21 18:09:25.526 | INFO     | __main__:on_log:99 - step=11755 | loss=0.063900 | grad_norm=0.607137 | learning_rate=0.000010 | epoch=1.352860
2026-02-21 18:09:38.453 | INFO     | __main__:on_log:99 - step=11760 | loss=0.051900 | grad_norm=0.573538 | learning_rate=0.000010 | epoch=1.353435
2026-02-21 18:09:51.376 | INFO     | __main__:on_log:99 - step=11765 | loss=0.060700 | grad_norm=0.763836 | learning_rate=0.000010 | epoch=1.354011
2026-02-21 18:10:04.293 | INFO     | __main__:on_log:99 - step=11770 | loss=0.092200 | grad_norm=0.620284 | learning_rate=0.000010 | epoch=1.354586
2026-02-21 18:10:17.201 | INFO     | __main__:on_log:99 - step=11775 | loss=0.071900 | grad_norm=0.404607 | learning_rate=0.000010 | epoch=1.355162
2026-02-21 18:10:30.116 | INFO     | __main__:on_log:99 - step=11780 | loss=0.079100 | grad_norm=0.512473 | learning_rate=0.000010 | epoch=1.355737
2026-02-21 18:10:43.027 | INFO     | __main__:on_log:99 - step=11785 | loss=0.055500 | grad_norm=0.347757 | learning_rate=0.000010 | epoch=1.356313
2026-02-21 18:10:55.942 | INFO     | __main__:on_log:99 - step=11790 | loss=0.046400 | grad_norm=0.635138 | learning_rate=0.000010 | epoch=1.356888
2026-02-21 18:11:08.855 | INFO     | __main__:on_log:99 - step=11795 | loss=0.080300 | grad_norm=0.815009 | learning_rate=0.000010 | epoch=1.357463
2026-02-21 18:11:21.788 | INFO     | __main__:on_log:99 - step=11800 | loss=0.049200 | grad_norm=0.600257 | learning_rate=0.000010 | epoch=1.358039
2026-02-21 18:11:34.720 | INFO     | __main__:on_log:99 - step=11805 | loss=0.087000 | grad_norm=0.824249 | learning_rate=0.000010 | epoch=1.358614
2026-02-21 18:11:47.645 | INFO     | __main__:on_log:99 - step=11810 | loss=0.064200 | grad_norm=0.528062 | learning_rate=0.000010 | epoch=1.359190
2026-02-21 18:12:00.559 | INFO     | __main__:on_log:99 - step=11815 | loss=0.063800 | grad_norm=0.759609 | learning_rate=0.000010 | epoch=1.359765
2026-02-21 18:12:13.483 | INFO     | __main__:on_log:99 - step=11820 | loss=0.060200 | grad_norm=0.585599 | learning_rate=0.000010 | epoch=1.360341
2026-02-21 18:12:26.404 | INFO     | __main__:on_log:99 - step=11825 | loss=0.054200 | grad_norm=0.528150 | learning_rate=0.000010 | epoch=1.360916
2026-02-21 18:12:39.347 | INFO     | __main__:on_log:99 - step=11830 | loss=0.051100 | grad_norm=0.477360 | learning_rate=0.000010 | epoch=1.361492
2026-02-21 18:12:52.260 | INFO     | __main__:on_log:99 - step=11835 | loss=0.072300 | grad_norm=0.823842 | learning_rate=0.000010 | epoch=1.362067
2026-02-21 18:13:05.177 | INFO     | __main__:on_log:99 - step=11840 | loss=0.070200 | grad_norm=0.717461 | learning_rate=0.000010 | epoch=1.362642
2026-02-21 18:13:18.102 | INFO     | __main__:on_log:99 - step=11845 | loss=0.062200 | grad_norm=0.544966 | learning_rate=0.000010 | epoch=1.363218
2026-02-21 18:13:31.020 | INFO     | __main__:on_log:99 - step=11850 | loss=0.065800 | grad_norm=0.626818 | learning_rate=0.000010 | epoch=1.363793
2026-02-21 18:13:43.935 | INFO     | __main__:on_log:99 - step=11855 | loss=0.073900 | grad_norm=0.485944 | learning_rate=0.000010 | epoch=1.364369
2026-02-21 18:13:56.860 | INFO     | __main__:on_log:99 - step=11860 | loss=0.057400 | grad_norm=0.693301 | learning_rate=0.000010 | epoch=1.364944
2026-02-21 18:14:09.779 | INFO     | __main__:on_log:99 - step=11865 | loss=0.050800 | grad_norm=0.430315 | learning_rate=0.000010 | epoch=1.365520
2026-02-21 18:14:22.694 | INFO     | __main__:on_log:99 - step=11870 | loss=0.079500 | grad_norm=1.151240 | learning_rate=0.000010 | epoch=1.366095
2026-02-21 18:14:35.612 | INFO     | __main__:on_log:99 - step=11875 | loss=0.074900 | grad_norm=0.476058 | learning_rate=0.000010 | epoch=1.366671
2026-02-21 18:14:48.545 | INFO     | __main__:on_log:99 - step=11880 | loss=0.047900 | grad_norm=0.669868 | learning_rate=0.000010 | epoch=1.367246
2026-02-21 18:15:01.459 | INFO     | __main__:on_log:99 - step=11885 | loss=0.058300 | grad_norm=0.750254 | learning_rate=0.000010 | epoch=1.367821
2026-02-21 18:15:14.391 | INFO     | __main__:on_log:99 - step=11890 | loss=0.060900 | grad_norm=0.661217 | learning_rate=0.000010 | epoch=1.368397
2026-02-21 18:15:27.313 | INFO     | __main__:on_log:99 - step=11895 | loss=0.054400 | grad_norm=0.575754 | learning_rate=0.000010 | epoch=1.368972
2026-02-21 18:15:40.224 | INFO     | __main__:on_log:99 - step=11900 | loss=0.069400 | grad_norm=0.418630 | learning_rate=0.000010 | epoch=1.369548
2026-02-21 18:15:53.154 | INFO     | __main__:on_log:99 - step=11905 | loss=0.044800 | grad_norm=0.444374 | learning_rate=0.000010 | epoch=1.370123
2026-02-21 18:16:06.084 | INFO     | __main__:on_log:99 - step=11910 | loss=0.034400 | grad_norm=0.498856 | learning_rate=0.000010 | epoch=1.370699
2026-02-21 18:16:19.001 | INFO     | __main__:on_log:99 - step=11915 | loss=0.065300 | grad_norm=0.337728 | learning_rate=0.000010 | epoch=1.371274
2026-02-21 18:16:31.923 | INFO     | __main__:on_log:99 - step=11920 | loss=0.053000 | grad_norm=0.751269 | learning_rate=0.000010 | epoch=1.371849
2026-02-21 18:16:44.837 | INFO     | __main__:on_log:99 - step=11925 | loss=0.063000 | grad_norm=0.677109 | learning_rate=0.000010 | epoch=1.372425
2026-02-21 18:16:57.752 | INFO     | __main__:on_log:99 - step=11930 | loss=0.063600 | grad_norm=0.849496 | learning_rate=0.000010 | epoch=1.373000
2026-02-21 18:17:10.674 | INFO     | __main__:on_log:99 - step=11935 | loss=0.060000 | grad_norm=0.611520 | learning_rate=0.000010 | epoch=1.373576
2026-02-21 18:17:23.595 | INFO     | __main__:on_log:99 - step=11940 | loss=0.079400 | grad_norm=0.765353 | learning_rate=0.000010 | epoch=1.374151
2026-02-21 18:17:36.528 | INFO     | __main__:on_log:99 - step=11945 | loss=0.087000 | grad_norm=0.609446 | learning_rate=0.000010 | epoch=1.374727
2026-02-21 18:17:49.444 | INFO     | __main__:on_log:99 - step=11950 | loss=0.059800 | grad_norm=0.653229 | learning_rate=0.000010 | epoch=1.375302
2026-02-21 18:18:02.356 | INFO     | __main__:on_log:99 - step=11955 | loss=0.072500 | grad_norm=0.638186 | learning_rate=0.000010 | epoch=1.375878
2026-02-21 18:18:15.270 | INFO     | __main__:on_log:99 - step=11960 | loss=0.058900 | grad_norm=0.423047 | learning_rate=0.000010 | epoch=1.376453
2026-02-21 18:18:28.182 | INFO     | __main__:on_log:99 - step=11965 | loss=0.054400 | grad_norm=0.935396 | learning_rate=0.000010 | epoch=1.377028
2026-02-21 18:18:41.106 | INFO     | __main__:on_log:99 - step=11970 | loss=0.052700 | grad_norm=0.682667 | learning_rate=0.000010 | epoch=1.377604
2026-02-21 18:18:54.027 | INFO     | __main__:on_log:99 - step=11975 | loss=0.050400 | grad_norm=0.560023 | learning_rate=0.000010 | epoch=1.378179
2026-02-21 18:19:06.963 | INFO     | __main__:on_log:99 - step=11980 | loss=0.086000 | grad_norm=0.999654 | learning_rate=0.000010 | epoch=1.378755
2026-02-21 18:19:19.895 | INFO     | __main__:on_log:99 - step=11985 | loss=0.064000 | grad_norm=1.014009 | learning_rate=0.000010 | epoch=1.379330
2026-02-21 18:19:32.818 | INFO     | __main__:on_log:99 - step=11990 | loss=0.079400 | grad_norm=0.430002 | learning_rate=0.000010 | epoch=1.379906
2026-02-21 18:19:45.745 | INFO     | __main__:on_log:99 - step=11995 | loss=0.065400 | grad_norm=0.407914 | learning_rate=0.000010 | epoch=1.380481
2026-02-21 18:19:58.666 | INFO     | __main__:on_log:99 - step=12000 | loss=0.087300 | grad_norm=0.909309 | learning_rate=0.000010 | epoch=1.381057
2026-02-21 18:20:11.596 | INFO     | __main__:on_log:99 - step=12005 | loss=0.080300 | grad_norm=0.438738 | learning_rate=0.000010 | epoch=1.381632
2026-02-21 18:20:24.508 | INFO     | __main__:on_log:99 - step=12010 | loss=0.061600 | grad_norm=0.800246 | learning_rate=0.000010 | epoch=1.382207
2026-02-21 18:20:37.434 | INFO     | __main__:on_log:99 - step=12015 | loss=0.071300 | grad_norm=1.021786 | learning_rate=0.000010 | epoch=1.382783
2026-02-21 18:20:50.344 | INFO     | __main__:on_log:99 - step=12020 | loss=0.068200 | grad_norm=0.674126 | learning_rate=0.000010 | epoch=1.383358
2026-02-21 18:21:03.273 | INFO     | __main__:on_log:99 - step=12025 | loss=0.058000 | grad_norm=0.496703 | learning_rate=0.000010 | epoch=1.383934
2026-02-21 18:21:16.185 | INFO     | __main__:on_log:99 - step=12030 | loss=0.051000 | grad_norm=0.432538 | learning_rate=0.000010 | epoch=1.384509
2026-02-21 18:21:29.100 | INFO     | __main__:on_log:99 - step=12035 | loss=0.053500 | grad_norm=0.509687 | learning_rate=0.000010 | epoch=1.385085
2026-02-21 18:21:42.020 | INFO     | __main__:on_log:99 - step=12040 | loss=0.051100 | grad_norm=0.464363 | learning_rate=0.000010 | epoch=1.385660
2026-02-21 18:21:54.949 | INFO     | __main__:on_log:99 - step=12045 | loss=0.067100 | grad_norm=0.461840 | learning_rate=0.000010 | epoch=1.386235
2026-02-21 18:22:07.843 | INFO     | __main__:on_log:99 - step=12050 | loss=0.079200 | grad_norm=0.714095 | learning_rate=0.000010 | epoch=1.386811
2026-02-21 18:22:20.755 | INFO     | __main__:on_log:99 - step=12055 | loss=0.065600 | grad_norm=0.488056 | learning_rate=0.000010 | epoch=1.387386
2026-02-21 18:22:33.682 | INFO     | __main__:on_log:99 - step=12060 | loss=0.042200 | grad_norm=0.322577 | learning_rate=0.000010 | epoch=1.387962
2026-02-21 18:22:46.599 | INFO     | __main__:on_log:99 - step=12065 | loss=0.050200 | grad_norm=0.589666 | learning_rate=0.000010 | epoch=1.388537
2026-02-21 18:22:59.495 | INFO     | __main__:on_log:99 - step=12070 | loss=0.051800 | grad_norm=0.502213 | learning_rate=0.000010 | epoch=1.389113
2026-02-21 18:23:12.418 | INFO     | __main__:on_log:99 - step=12075 | loss=0.054200 | grad_norm=0.564276 | learning_rate=0.000010 | epoch=1.389688
2026-02-21 18:23:25.333 | INFO     | __main__:on_log:99 - step=12080 | loss=0.055100 | grad_norm=0.638048 | learning_rate=0.000010 | epoch=1.390264
2026-02-21 18:23:38.238 | INFO     | __main__:on_log:99 - step=12085 | loss=0.079100 | grad_norm=0.994584 | learning_rate=0.000010 | epoch=1.390839
2026-02-21 18:23:51.142 | INFO     | __main__:on_log:99 - step=12090 | loss=0.052200 | grad_norm=0.535831 | learning_rate=0.000010 | epoch=1.391414
2026-02-21 18:24:04.053 | INFO     | __main__:on_log:99 - step=12095 | loss=0.060100 | grad_norm=0.608327 | learning_rate=0.000010 | epoch=1.391990
2026-02-21 18:24:16.960 | INFO     | __main__:on_log:99 - step=12100 | loss=0.066200 | grad_norm=0.489166 | learning_rate=0.000010 | epoch=1.392565
2026-02-21 18:24:29.874 | INFO     | __main__:on_log:99 - step=12105 | loss=0.057400 | grad_norm=0.805686 | learning_rate=0.000010 | epoch=1.393141
2026-02-21 18:24:42.787 | INFO     | __main__:on_log:99 - step=12110 | loss=0.081900 | grad_norm=0.713743 | learning_rate=0.000010 | epoch=1.393716
2026-02-21 18:24:55.699 | INFO     | __main__:on_log:99 - step=12115 | loss=0.063500 | grad_norm=0.425161 | learning_rate=0.000010 | epoch=1.394292
2026-02-21 18:25:08.621 | INFO     | __main__:on_log:99 - step=12120 | loss=0.076100 | grad_norm=0.506908 | learning_rate=0.000010 | epoch=1.394867
2026-02-21 18:25:21.555 | INFO     | __main__:on_log:99 - step=12125 | loss=0.069200 | grad_norm=0.514657 | learning_rate=0.000010 | epoch=1.395443
2026-02-21 18:25:34.484 | INFO     | __main__:on_log:99 - step=12130 | loss=0.057100 | grad_norm=0.441252 | learning_rate=0.000010 | epoch=1.396018
2026-02-21 18:25:47.391 | INFO     | __main__:on_log:99 - step=12135 | loss=0.056000 | grad_norm=0.369937 | learning_rate=0.000010 | epoch=1.396593
2026-02-21 18:26:00.307 | INFO     | __main__:on_log:99 - step=12140 | loss=0.047500 | grad_norm=0.529414 | learning_rate=0.000010 | epoch=1.397169
2026-02-21 18:26:13.224 | INFO     | __main__:on_log:99 - step=12145 | loss=0.057000 | grad_norm=0.895830 | learning_rate=0.000010 | epoch=1.397744
2026-02-21 18:26:26.137 | INFO     | __main__:on_log:99 - step=12150 | loss=0.065300 | grad_norm=0.742163 | learning_rate=0.000010 | epoch=1.398320
2026-02-21 18:26:39.055 | INFO     | __main__:on_log:99 - step=12155 | loss=0.064400 | grad_norm=0.742985 | learning_rate=0.000009 | epoch=1.398895
2026-02-21 18:26:51.971 | INFO     | __main__:on_log:99 - step=12160 | loss=0.069100 | grad_norm=0.717969 | learning_rate=0.000009 | epoch=1.399471
2026-02-21 18:27:04.911 | INFO     | __main__:on_log:99 - step=12165 | loss=0.068400 | grad_norm=0.517696 | learning_rate=0.000009 | epoch=1.400046
2026-02-21 18:27:17.831 | INFO     | __main__:on_log:99 - step=12170 | loss=0.058500 | grad_norm=0.549143 | learning_rate=0.000009 | epoch=1.400621
2026-02-21 18:27:30.767 | INFO     | __main__:on_log:99 - step=12175 | loss=0.054000 | grad_norm=0.479928 | learning_rate=0.000009 | epoch=1.401197
2026-02-21 18:27:43.687 | INFO     | __main__:on_log:99 - step=12180 | loss=0.052700 | grad_norm=0.429197 | learning_rate=0.000009 | epoch=1.401772
2026-02-21 18:27:56.591 | INFO     | __main__:on_log:99 - step=12185 | loss=0.054000 | grad_norm=0.573519 | learning_rate=0.000009 | epoch=1.402348
2026-02-21 18:28:09.508 | INFO     | __main__:on_log:99 - step=12190 | loss=0.071200 | grad_norm=0.810159 | learning_rate=0.000009 | epoch=1.402923
2026-02-21 18:28:22.418 | INFO     | __main__:on_log:99 - step=12195 | loss=0.076800 | grad_norm=0.788276 | learning_rate=0.000009 | epoch=1.403499
2026-02-21 18:28:35.328 | INFO     | __main__:on_log:99 - step=12200 | loss=0.061700 | grad_norm=0.732452 | learning_rate=0.000009 | epoch=1.404074
2026-02-21 18:28:48.249 | INFO     | __main__:on_log:99 - step=12205 | loss=0.053800 | grad_norm=0.488356 | learning_rate=0.000009 | epoch=1.404650
2026-02-21 18:29:01.162 | INFO     | __main__:on_log:99 - step=12210 | loss=0.070100 | grad_norm=0.886074 | learning_rate=0.000009 | epoch=1.405225
2026-02-21 18:29:14.083 | INFO     | __main__:on_log:99 - step=12215 | loss=0.049800 | grad_norm=0.358964 | learning_rate=0.000009 | epoch=1.405800
2026-02-21 18:29:27.005 | INFO     | __main__:on_log:99 - step=12220 | loss=0.068600 | grad_norm=0.568662 | learning_rate=0.000009 | epoch=1.406376
2026-02-21 18:29:39.931 | INFO     | __main__:on_log:99 - step=12225 | loss=0.065500 | grad_norm=0.546656 | learning_rate=0.000009 | epoch=1.406951
2026-02-21 18:29:52.842 | INFO     | __main__:on_log:99 - step=12230 | loss=0.067200 | grad_norm=0.575956 | learning_rate=0.000009 | epoch=1.407527
2026-02-21 18:30:05.777 | INFO     | __main__:on_log:99 - step=12235 | loss=0.058200 | grad_norm=0.474831 | learning_rate=0.000009 | epoch=1.408102
2026-02-21 18:30:18.703 | INFO     | __main__:on_log:99 - step=12240 | loss=0.048300 | grad_norm=0.471629 | learning_rate=0.000009 | epoch=1.408678
2026-02-21 18:30:31.619 | INFO     | __main__:on_log:99 - step=12245 | loss=0.044700 | grad_norm=0.597170 | learning_rate=0.000009 | epoch=1.409253
2026-02-21 18:30:44.547 | INFO     | __main__:on_log:99 - step=12250 | loss=0.067700 | grad_norm=0.630198 | learning_rate=0.000009 | epoch=1.409829
2026-02-21 18:30:57.458 | INFO     | __main__:on_log:99 - step=12255 | loss=0.041100 | grad_norm=0.391023 | learning_rate=0.000009 | epoch=1.410404
2026-02-21 18:31:10.380 | INFO     | __main__:on_log:99 - step=12260 | loss=0.056600 | grad_norm=0.506144 | learning_rate=0.000009 | epoch=1.410979
2026-02-21 18:31:23.308 | INFO     | __main__:on_log:99 - step=12265 | loss=0.040400 | grad_norm=0.487600 | learning_rate=0.000009 | epoch=1.411555
2026-02-21 18:31:36.222 | INFO     | __main__:on_log:99 - step=12270 | loss=0.052400 | grad_norm=0.639824 | learning_rate=0.000009 | epoch=1.412130
2026-02-21 18:31:49.146 | INFO     | __main__:on_log:99 - step=12275 | loss=0.068000 | grad_norm=0.699074 | learning_rate=0.000009 | epoch=1.412706
2026-02-21 18:32:02.081 | INFO     | __main__:on_log:99 - step=12280 | loss=0.062000 | grad_norm=0.594129 | learning_rate=0.000009 | epoch=1.413281
2026-02-21 18:32:15.017 | INFO     | __main__:on_log:99 - step=12285 | loss=0.072000 | grad_norm=0.460000 | learning_rate=0.000009 | epoch=1.413857
2026-02-21 18:32:27.935 | INFO     | __main__:on_log:99 - step=12290 | loss=0.048100 | grad_norm=0.701319 | learning_rate=0.000009 | epoch=1.414432
2026-02-21 18:32:40.855 | INFO     | __main__:on_log:99 - step=12295 | loss=0.083200 | grad_norm=0.577322 | learning_rate=0.000009 | epoch=1.415007
2026-02-21 18:32:53.776 | INFO     | __main__:on_log:99 - step=12300 | loss=0.070100 | grad_norm=0.886227 | learning_rate=0.000009 | epoch=1.415583
2026-02-21 18:33:06.716 | INFO     | __main__:on_log:99 - step=12305 | loss=0.046800 | grad_norm=0.527810 | learning_rate=0.000009 | epoch=1.416158
2026-02-21 18:33:19.635 | INFO     | __main__:on_log:99 - step=12310 | loss=0.051800 | grad_norm=0.659261 | learning_rate=0.000009 | epoch=1.416734
2026-02-21 18:33:32.590 | INFO     | __main__:on_log:99 - step=12315 | loss=0.054600 | grad_norm=0.705044 | learning_rate=0.000009 | epoch=1.417309
2026-02-21 18:33:45.519 | INFO     | __main__:on_log:99 - step=12320 | loss=0.049500 | grad_norm=0.453960 | learning_rate=0.000009 | epoch=1.417885
2026-02-21 18:33:58.431 | INFO     | __main__:on_log:99 - step=12325 | loss=0.072400 | grad_norm=0.753412 | learning_rate=0.000009 | epoch=1.418460
2026-02-21 18:34:11.362 | INFO     | __main__:on_log:99 - step=12330 | loss=0.042400 | grad_norm=0.372829 | learning_rate=0.000009 | epoch=1.419036
2026-02-21 18:34:24.289 | INFO     | __main__:on_log:99 - step=12335 | loss=0.053800 | grad_norm=0.526607 | learning_rate=0.000009 | epoch=1.419611
2026-02-21 18:34:37.221 | INFO     | __main__:on_log:99 - step=12340 | loss=0.069900 | grad_norm=0.578449 | learning_rate=0.000009 | epoch=1.420186
2026-02-21 18:34:50.129 | INFO     | __main__:on_log:99 - step=12345 | loss=0.054800 | grad_norm=0.597732 | learning_rate=0.000009 | epoch=1.420762
2026-02-21 18:35:03.053 | INFO     | __main__:on_log:99 - step=12350 | loss=0.065000 | grad_norm=1.282529 | learning_rate=0.000009 | epoch=1.421337
2026-02-21 18:35:15.972 | INFO     | __main__:on_log:99 - step=12355 | loss=0.061800 | grad_norm=0.737223 | learning_rate=0.000009 | epoch=1.421913
2026-02-21 18:35:28.881 | INFO     | __main__:on_log:99 - step=12360 | loss=0.078400 | grad_norm=0.793950 | learning_rate=0.000009 | epoch=1.422488
2026-02-21 18:35:41.797 | INFO     | __main__:on_log:99 - step=12365 | loss=0.056100 | grad_norm=0.736828 | learning_rate=0.000009 | epoch=1.423064
2026-02-21 18:35:54.708 | INFO     | __main__:on_log:99 - step=12370 | loss=0.079100 | grad_norm=0.786352 | learning_rate=0.000009 | epoch=1.423639
2026-02-21 18:36:07.612 | INFO     | __main__:on_log:99 - step=12375 | loss=0.061700 | grad_norm=0.754008 | learning_rate=0.000009 | epoch=1.424215
2026-02-21 18:36:20.535 | INFO     | __main__:on_log:99 - step=12380 | loss=0.053000 | grad_norm=0.450801 | learning_rate=0.000009 | epoch=1.424790
2026-02-21 18:36:33.470 | INFO     | __main__:on_log:99 - step=12385 | loss=0.053000 | grad_norm=0.468399 | learning_rate=0.000009 | epoch=1.425365
2026-02-21 18:36:46.396 | INFO     | __main__:on_log:99 - step=12390 | loss=0.060500 | grad_norm=0.407688 | learning_rate=0.000009 | epoch=1.425941
2026-02-21 18:36:59.313 | INFO     | __main__:on_log:99 - step=12395 | loss=0.063000 | grad_norm=0.693302 | learning_rate=0.000009 | epoch=1.426516
2026-02-21 18:37:12.239 | INFO     | __main__:on_log:99 - step=12400 | loss=0.090100 | grad_norm=0.679862 | learning_rate=0.000009 | epoch=1.427092
2026-02-21 18:37:25.146 | INFO     | __main__:on_log:99 - step=12405 | loss=0.050600 | grad_norm=0.530009 | learning_rate=0.000009 | epoch=1.427667
2026-02-21 18:37:38.069 | INFO     | __main__:on_log:99 - step=12410 | loss=0.067300 | grad_norm=0.731005 | learning_rate=0.000009 | epoch=1.428243
2026-02-21 18:37:50.988 | INFO     | __main__:on_log:99 - step=12415 | loss=0.059600 | grad_norm=0.458433 | learning_rate=0.000009 | epoch=1.428818
2026-02-21 18:38:03.902 | INFO     | __main__:on_log:99 - step=12420 | loss=0.049400 | grad_norm=0.482119 | learning_rate=0.000009 | epoch=1.429393
2026-02-21 18:38:16.833 | INFO     | __main__:on_log:99 - step=12425 | loss=0.061500 | grad_norm=0.573537 | learning_rate=0.000009 | epoch=1.429969
2026-02-21 18:38:29.748 | INFO     | __main__:on_log:99 - step=12430 | loss=0.064100 | grad_norm=0.654804 | learning_rate=0.000009 | epoch=1.430544
2026-02-21 18:38:42.669 | INFO     | __main__:on_log:99 - step=12435 | loss=0.045100 | grad_norm=0.507728 | learning_rate=0.000009 | epoch=1.431120
2026-02-21 18:38:55.586 | INFO     | __main__:on_log:99 - step=12440 | loss=0.046800 | grad_norm=0.625570 | learning_rate=0.000009 | epoch=1.431695
2026-02-21 18:39:08.503 | INFO     | __main__:on_log:99 - step=12445 | loss=0.034200 | grad_norm=0.464549 | learning_rate=0.000009 | epoch=1.432271
2026-02-21 18:39:21.420 | INFO     | __main__:on_log:99 - step=12450 | loss=0.075700 | grad_norm=0.620162 | learning_rate=0.000009 | epoch=1.432846
2026-02-21 18:39:34.368 | INFO     | __main__:on_log:99 - step=12455 | loss=0.063300 | grad_norm=0.718876 | learning_rate=0.000009 | epoch=1.433422
2026-02-21 18:39:47.284 | INFO     | __main__:on_log:99 - step=12460 | loss=0.068100 | grad_norm=0.744164 | learning_rate=0.000009 | epoch=1.433997
2026-02-21 18:40:00.209 | INFO     | __main__:on_log:99 - step=12465 | loss=0.082700 | grad_norm=0.742304 | learning_rate=0.000009 | epoch=1.434572
2026-02-21 18:40:13.129 | INFO     | __main__:on_log:99 - step=12470 | loss=0.070500 | grad_norm=0.523185 | learning_rate=0.000009 | epoch=1.435148
2026-02-21 18:40:26.052 | INFO     | __main__:on_log:99 - step=12475 | loss=0.065500 | grad_norm=0.648237 | learning_rate=0.000009 | epoch=1.435723
2026-02-21 18:40:38.970 | INFO     | __main__:on_log:99 - step=12480 | loss=0.067400 | grad_norm=0.536419 | learning_rate=0.000009 | epoch=1.436299
2026-02-21 18:40:51.892 | INFO     | __main__:on_log:99 - step=12485 | loss=0.071200 | grad_norm=0.552856 | learning_rate=0.000009 | epoch=1.436874
2026-02-21 18:41:04.797 | INFO     | __main__:on_log:99 - step=12490 | loss=0.058800 | grad_norm=0.387755 | learning_rate=0.000009 | epoch=1.437450
2026-02-21 18:41:17.719 | INFO     | __main__:on_log:99 - step=12495 | loss=0.054600 | grad_norm=0.667895 | learning_rate=0.000009 | epoch=1.438025
2026-02-21 18:41:30.636 | INFO     | __main__:on_log:99 - step=12500 | loss=0.043500 | grad_norm=0.329341 | learning_rate=0.000009 | epoch=1.438601
2026-02-21 18:41:43.569 | INFO     | __main__:on_log:99 - step=12505 | loss=0.051000 | grad_norm=0.377196 | learning_rate=0.000009 | epoch=1.439176
2026-02-21 18:41:56.493 | INFO     | __main__:on_log:99 - step=12510 | loss=0.053800 | grad_norm=0.671561 | learning_rate=0.000009 | epoch=1.439751
2026-02-21 18:42:09.414 | INFO     | __main__:on_log:99 - step=12515 | loss=0.056200 | grad_norm=0.713055 | learning_rate=0.000009 | epoch=1.440327
2026-02-21 18:42:22.327 | INFO     | __main__:on_log:99 - step=12520 | loss=0.057000 | grad_norm=0.436067 | learning_rate=0.000009 | epoch=1.440902
2026-02-21 18:42:35.258 | INFO     | __main__:on_log:99 - step=12525 | loss=0.072800 | grad_norm=0.740731 | learning_rate=0.000009 | epoch=1.441478
2026-02-21 18:42:48.189 | INFO     | __main__:on_log:99 - step=12530 | loss=0.060100 | grad_norm=0.463054 | learning_rate=0.000009 | epoch=1.442053
2026-02-21 18:43:01.117 | INFO     | __main__:on_log:99 - step=12535 | loss=0.068500 | grad_norm=0.632060 | learning_rate=0.000009 | epoch=1.442629
2026-02-21 18:43:14.029 | INFO     | __main__:on_log:99 - step=12540 | loss=0.054700 | grad_norm=0.384454 | learning_rate=0.000009 | epoch=1.443204
2026-02-21 18:43:26.965 | INFO     | __main__:on_log:99 - step=12545 | loss=0.047100 | grad_norm=0.774204 | learning_rate=0.000009 | epoch=1.443779
2026-02-21 18:43:39.895 | INFO     | __main__:on_log:99 - step=12550 | loss=0.059300 | grad_norm=0.374777 | learning_rate=0.000009 | epoch=1.444355
2026-02-21 18:43:52.815 | INFO     | __main__:on_log:99 - step=12555 | loss=0.053300 | grad_norm=0.533497 | learning_rate=0.000009 | epoch=1.444930
2026-02-21 18:44:05.745 | INFO     | __main__:on_log:99 - step=12560 | loss=0.079300 | grad_norm=0.890293 | learning_rate=0.000009 | epoch=1.445506
2026-02-21 18:44:18.654 | INFO     | __main__:on_log:99 - step=12565 | loss=0.072700 | grad_norm=0.713923 | learning_rate=0.000009 | epoch=1.446081
2026-02-21 18:44:31.572 | INFO     | __main__:on_log:99 - step=12570 | loss=0.074800 | grad_norm=0.515285 | learning_rate=0.000009 | epoch=1.446657
2026-02-21 18:44:44.488 | INFO     | __main__:on_log:99 - step=12575 | loss=0.086600 | grad_norm=0.535397 | learning_rate=0.000009 | epoch=1.447232
2026-02-21 18:44:57.397 | INFO     | __main__:on_log:99 - step=12580 | loss=0.054900 | grad_norm=0.638808 | learning_rate=0.000009 | epoch=1.447808
2026-02-21 18:45:10.310 | INFO     | __main__:on_log:99 - step=12585 | loss=0.053900 | grad_norm=0.741478 | learning_rate=0.000009 | epoch=1.448383
2026-02-21 18:45:23.214 | INFO     | __main__:on_log:99 - step=12590 | loss=0.057400 | grad_norm=0.578833 | learning_rate=0.000009 | epoch=1.448958
2026-02-21 18:45:36.118 | INFO     | __main__:on_log:99 - step=12595 | loss=0.056900 | grad_norm=0.749008 | learning_rate=0.000009 | epoch=1.449534
2026-02-21 18:45:49.030 | INFO     | __main__:on_log:99 - step=12600 | loss=0.047000 | grad_norm=0.462692 | learning_rate=0.000009 | epoch=1.450109
2026-02-21 18:46:01.952 | INFO     | __main__:on_log:99 - step=12605 | loss=0.048900 | grad_norm=0.548000 | learning_rate=0.000009 | epoch=1.450685
2026-02-21 18:46:14.866 | INFO     | __main__:on_log:99 - step=12610 | loss=0.064900 | grad_norm=0.565453 | learning_rate=0.000009 | epoch=1.451260
2026-02-21 18:46:27.775 | INFO     | __main__:on_log:99 - step=12615 | loss=0.078300 | grad_norm=0.724494 | learning_rate=0.000009 | epoch=1.451836
2026-02-21 18:46:40.693 | INFO     | __main__:on_log:99 - step=12620 | loss=0.053000 | grad_norm=0.523574 | learning_rate=0.000009 | epoch=1.452411
2026-02-21 18:46:53.616 | INFO     | __main__:on_log:99 - step=12625 | loss=0.073300 | grad_norm=0.592302 | learning_rate=0.000009 | epoch=1.452987
2026-02-21 18:47:06.534 | INFO     | __main__:on_log:99 - step=12630 | loss=0.067000 | grad_norm=0.619497 | learning_rate=0.000009 | epoch=1.453562
2026-02-21 18:47:19.446 | INFO     | __main__:on_log:99 - step=12635 | loss=0.079500 | grad_norm=0.785622 | learning_rate=0.000009 | epoch=1.454137
2026-02-21 18:47:32.361 | INFO     | __main__:on_log:99 - step=12640 | loss=0.056500 | grad_norm=0.579247 | learning_rate=0.000009 | epoch=1.454713
2026-02-21 18:47:45.278 | INFO     | __main__:on_log:99 - step=12645 | loss=0.056300 | grad_norm=0.673432 | learning_rate=0.000009 | epoch=1.455288
2026-02-21 18:47:58.193 | INFO     | __main__:on_log:99 - step=12650 | loss=0.047900 | grad_norm=0.519910 | learning_rate=0.000009 | epoch=1.455864
2026-02-21 18:48:11.108 | INFO     | __main__:on_log:99 - step=12655 | loss=0.055300 | grad_norm=0.726475 | learning_rate=0.000009 | epoch=1.456439
2026-02-21 18:48:24.032 | INFO     | __main__:on_log:99 - step=12660 | loss=0.063200 | grad_norm=0.606269 | learning_rate=0.000009 | epoch=1.457015
2026-02-21 18:48:36.938 | INFO     | __main__:on_log:99 - step=12665 | loss=0.060300 | grad_norm=0.512804 | learning_rate=0.000009 | epoch=1.457590
2026-02-21 18:48:49.858 | INFO     | __main__:on_log:99 - step=12670 | loss=0.063700 | grad_norm=0.677082 | learning_rate=0.000009 | epoch=1.458165
2026-02-21 18:49:02.772 | INFO     | __main__:on_log:99 - step=12675 | loss=0.072100 | grad_norm=0.470606 | learning_rate=0.000009 | epoch=1.458741
2026-02-21 18:49:15.689 | INFO     | __main__:on_log:99 - step=12680 | loss=0.074900 | grad_norm=0.734140 | learning_rate=0.000009 | epoch=1.459316
2026-02-21 18:49:28.603 | INFO     | __main__:on_log:99 - step=12685 | loss=0.068300 | grad_norm=0.648602 | learning_rate=0.000009 | epoch=1.459892
2026-02-21 18:49:41.524 | INFO     | __main__:on_log:99 - step=12690 | loss=0.064400 | grad_norm=0.585903 | learning_rate=0.000009 | epoch=1.460467
2026-02-21 18:49:54.439 | INFO     | __main__:on_log:99 - step=12695 | loss=0.058000 | grad_norm=0.446199 | learning_rate=0.000009 | epoch=1.461043
2026-02-21 18:50:07.358 | INFO     | __main__:on_log:99 - step=12700 | loss=0.061700 | grad_norm=0.764152 | learning_rate=0.000009 | epoch=1.461618
2026-02-21 18:50:20.279 | INFO     | __main__:on_log:99 - step=12705 | loss=0.060400 | grad_norm=0.598594 | learning_rate=0.000008 | epoch=1.462194
2026-02-21 18:50:33.200 | INFO     | __main__:on_log:99 - step=12710 | loss=0.070700 | grad_norm=0.779861 | learning_rate=0.000008 | epoch=1.462769
2026-02-21 18:50:46.116 | INFO     | __main__:on_log:99 - step=12715 | loss=0.039800 | grad_norm=0.226787 | learning_rate=0.000008 | epoch=1.463344
2026-02-21 18:50:59.041 | INFO     | __main__:on_log:99 - step=12720 | loss=0.054100 | grad_norm=0.700185 | learning_rate=0.000008 | epoch=1.463920
2026-02-21 18:51:11.958 | INFO     | __main__:on_log:99 - step=12725 | loss=0.076900 | grad_norm=0.789238 | learning_rate=0.000008 | epoch=1.464495
2026-02-21 18:51:24.886 | INFO     | __main__:on_log:99 - step=12730 | loss=0.044500 | grad_norm=0.441035 | learning_rate=0.000008 | epoch=1.465071
2026-02-21 18:51:38.064 | INFO     | __main__:on_log:99 - step=12735 | loss=0.060700 | grad_norm=0.886875 | learning_rate=0.000008 | epoch=1.465646
2026-02-21 18:51:50.975 | INFO     | __main__:on_log:99 - step=12740 | loss=0.054000 | grad_norm=0.534570 | learning_rate=0.000008 | epoch=1.466222
2026-02-21 18:52:03.889 | INFO     | __main__:on_log:99 - step=12745 | loss=0.062800 | grad_norm=0.748839 | learning_rate=0.000008 | epoch=1.466797
2026-02-21 18:52:16.807 | INFO     | __main__:on_log:99 - step=12750 | loss=0.070300 | grad_norm=0.413448 | learning_rate=0.000008 | epoch=1.467373
2026-02-21 18:52:29.743 | INFO     | __main__:on_log:99 - step=12755 | loss=0.058000 | grad_norm=1.079727 | learning_rate=0.000008 | epoch=1.467948
2026-02-21 18:52:42.654 | INFO     | __main__:on_log:99 - step=12760 | loss=0.061900 | grad_norm=0.518288 | learning_rate=0.000008 | epoch=1.468523
2026-02-21 18:52:55.572 | INFO     | __main__:on_log:99 - step=12765 | loss=0.079400 | grad_norm=0.508231 | learning_rate=0.000008 | epoch=1.469099
2026-02-21 18:53:08.482 | INFO     | __main__:on_log:99 - step=12770 | loss=0.082200 | grad_norm=0.988819 | learning_rate=0.000008 | epoch=1.469674
2026-02-21 18:53:21.401 | INFO     | __main__:on_log:99 - step=12775 | loss=0.053400 | grad_norm=0.477866 | learning_rate=0.000008 | epoch=1.470250
2026-02-21 18:53:34.322 | INFO     | __main__:on_log:99 - step=12780 | loss=0.069100 | grad_norm=0.644356 | learning_rate=0.000008 | epoch=1.470825
2026-02-21 18:53:47.237 | INFO     | __main__:on_log:99 - step=12785 | loss=0.060500 | grad_norm=0.492036 | learning_rate=0.000008 | epoch=1.471401
2026-02-21 18:54:00.142 | INFO     | __main__:on_log:99 - step=12790 | loss=0.070200 | grad_norm=0.507507 | learning_rate=0.000008 | epoch=1.471976
2026-02-21 18:54:13.051 | INFO     | __main__:on_log:99 - step=12795 | loss=0.049800 | grad_norm=0.573161 | learning_rate=0.000008 | epoch=1.472552
2026-02-21 18:54:25.960 | INFO     | __main__:on_log:99 - step=12800 | loss=0.062500 | grad_norm=0.733797 | learning_rate=0.000008 | epoch=1.473127
2026-02-21 18:54:38.882 | INFO     | __main__:on_log:99 - step=12805 | loss=0.058100 | grad_norm=0.756345 | learning_rate=0.000008 | epoch=1.473702
2026-02-21 18:54:51.796 | INFO     | __main__:on_log:99 - step=12810 | loss=0.059800 | grad_norm=0.413911 | learning_rate=0.000008 | epoch=1.474278
2026-02-21 18:55:04.705 | INFO     | __main__:on_log:99 - step=12815 | loss=0.062500 | grad_norm=0.532900 | learning_rate=0.000008 | epoch=1.474853
2026-02-21 18:55:17.622 | INFO     | __main__:on_log:99 - step=12820 | loss=0.066000 | grad_norm=0.449105 | learning_rate=0.000008 | epoch=1.475429
2026-02-21 18:55:30.527 | INFO     | __main__:on_log:99 - step=12825 | loss=0.043600 | grad_norm=0.457276 | learning_rate=0.000008 | epoch=1.476004
2026-02-21 18:55:43.436 | INFO     | __main__:on_log:99 - step=12830 | loss=0.066500 | grad_norm=0.529999 | learning_rate=0.000008 | epoch=1.476580
2026-02-21 18:55:56.361 | INFO     | __main__:on_log:99 - step=12835 | loss=0.057300 | grad_norm=0.440142 | learning_rate=0.000008 | epoch=1.477155
2026-02-21 18:56:09.311 | INFO     | __main__:on_log:99 - step=12840 | loss=0.052900 | grad_norm=0.559859 | learning_rate=0.000008 | epoch=1.477730
2026-02-21 18:56:22.243 | INFO     | __main__:on_log:99 - step=12845 | loss=0.059300 | grad_norm=0.591411 | learning_rate=0.000008 | epoch=1.478306
2026-02-21 18:56:35.184 | INFO     | __main__:on_log:99 - step=12850 | loss=0.065900 | grad_norm=0.513776 | learning_rate=0.000008 | epoch=1.478881
2026-02-21 18:56:48.133 | INFO     | __main__:on_log:99 - step=12855 | loss=0.068800 | grad_norm=0.693201 | learning_rate=0.000008 | epoch=1.479457
2026-02-21 18:57:01.082 | INFO     | __main__:on_log:99 - step=12860 | loss=0.072800 | grad_norm=0.799940 | learning_rate=0.000008 | epoch=1.480032
2026-02-21 18:57:14.026 | INFO     | __main__:on_log:99 - step=12865 | loss=0.056000 | grad_norm=0.535775 | learning_rate=0.000008 | epoch=1.480608
2026-02-21 18:57:26.973 | INFO     | __main__:on_log:99 - step=12870 | loss=0.064800 | grad_norm=0.404810 | learning_rate=0.000008 | epoch=1.481183
2026-02-21 18:57:39.904 | INFO     | __main__:on_log:99 - step=12875 | loss=0.062800 | grad_norm=0.566770 | learning_rate=0.000008 | epoch=1.481759
2026-02-21 18:57:52.836 | INFO     | __main__:on_log:99 - step=12880 | loss=0.065300 | grad_norm=0.583127 | learning_rate=0.000008 | epoch=1.482334
2026-02-21 18:58:05.777 | INFO     | __main__:on_log:99 - step=12885 | loss=0.069200 | grad_norm=0.366714 | learning_rate=0.000008 | epoch=1.482909
2026-02-21 18:58:18.722 | INFO     | __main__:on_log:99 - step=12890 | loss=0.055200 | grad_norm=0.400202 | learning_rate=0.000008 | epoch=1.483485
2026-02-21 18:58:31.658 | INFO     | __main__:on_log:99 - step=12895 | loss=0.050300 | grad_norm=0.501723 | learning_rate=0.000008 | epoch=1.484060
2026-02-21 18:58:44.598 | INFO     | __main__:on_log:99 - step=12900 | loss=0.042200 | grad_norm=0.567112 | learning_rate=0.000008 | epoch=1.484636
2026-02-21 18:58:57.537 | INFO     | __main__:on_log:99 - step=12905 | loss=0.040400 | grad_norm=0.272203 | learning_rate=0.000008 | epoch=1.485211
2026-02-21 18:59:10.488 | INFO     | __main__:on_log:99 - step=12910 | loss=0.070300 | grad_norm=0.730513 | learning_rate=0.000008 | epoch=1.485787
2026-02-21 18:59:23.427 | INFO     | __main__:on_log:99 - step=12915 | loss=0.068400 | grad_norm=0.668809 | learning_rate=0.000008 | epoch=1.486362
2026-02-21 18:59:36.378 | INFO     | __main__:on_log:99 - step=12920 | loss=0.052800 | grad_norm=0.613610 | learning_rate=0.000008 | epoch=1.486938
2026-02-21 18:59:49.311 | INFO     | __main__:on_log:99 - step=12925 | loss=0.087300 | grad_norm=0.637318 | learning_rate=0.000008 | epoch=1.487513
2026-02-21 19:00:02.245 | INFO     | __main__:on_log:99 - step=12930 | loss=0.080300 | grad_norm=0.362135 | learning_rate=0.000008 | epoch=1.488088
2026-02-21 19:00:15.168 | INFO     | __main__:on_log:99 - step=12935 | loss=0.066100 | grad_norm=0.815332 | learning_rate=0.000008 | epoch=1.488664
2026-02-21 19:00:28.100 | INFO     | __main__:on_log:99 - step=12940 | loss=0.058800 | grad_norm=0.939571 | learning_rate=0.000008 | epoch=1.489239
2026-02-21 19:00:41.025 | INFO     | __main__:on_log:99 - step=12945 | loss=0.066100 | grad_norm=0.707115 | learning_rate=0.000008 | epoch=1.489815
2026-02-21 19:00:53.963 | INFO     | __main__:on_log:99 - step=12950 | loss=0.062900 | grad_norm=0.427275 | learning_rate=0.000008 | epoch=1.490390
2026-02-21 19:01:06.883 | INFO     | __main__:on_log:99 - step=12955 | loss=0.047900 | grad_norm=0.493766 | learning_rate=0.000008 | epoch=1.490966
2026-02-21 19:01:19.824 | INFO     | __main__:on_log:99 - step=12960 | loss=0.078600 | grad_norm=0.885785 | learning_rate=0.000008 | epoch=1.491541
2026-02-21 19:01:32.741 | INFO     | __main__:on_log:99 - step=12965 | loss=0.072400 | grad_norm=0.970567 | learning_rate=0.000008 | epoch=1.492116
2026-02-21 19:01:45.663 | INFO     | __main__:on_log:99 - step=12970 | loss=0.054100 | grad_norm=0.484966 | learning_rate=0.000008 | epoch=1.492692
2026-02-21 19:01:58.579 | INFO     | __main__:on_log:99 - step=12975 | loss=0.061800 | grad_norm=0.594698 | learning_rate=0.000008 | epoch=1.493267
2026-02-21 19:02:11.493 | INFO     | __main__:on_log:99 - step=12980 | loss=0.061300 | grad_norm=0.661165 | learning_rate=0.000008 | epoch=1.493843
2026-02-21 19:02:24.410 | INFO     | __main__:on_log:99 - step=12985 | loss=0.052900 | grad_norm=0.484571 | learning_rate=0.000008 | epoch=1.494418
2026-02-21 19:02:37.328 | INFO     | __main__:on_log:99 - step=12990 | loss=0.075400 | grad_norm=0.781016 | learning_rate=0.000008 | epoch=1.494994
2026-02-21 19:02:50.259 | INFO     | __main__:on_log:99 - step=12995 | loss=0.052200 | grad_norm=0.510218 | learning_rate=0.000008 | epoch=1.495569
2026-02-21 19:03:03.183 | INFO     | __main__:on_log:99 - step=13000 | loss=0.070600 | grad_norm=0.770825 | learning_rate=0.000008 | epoch=1.496145
2026-02-21 19:03:16.108 | INFO     | __main__:on_log:99 - step=13005 | loss=0.062400 | grad_norm=0.508239 | learning_rate=0.000008 | epoch=1.496720
2026-02-21 19:03:29.036 | INFO     | __main__:on_log:99 - step=13010 | loss=0.055900 | grad_norm=0.984975 | learning_rate=0.000008 | epoch=1.497295
2026-02-21 19:03:41.971 | INFO     | __main__:on_log:99 - step=13015 | loss=0.043300 | grad_norm=0.576335 | learning_rate=0.000008 | epoch=1.497871
2026-02-21 19:03:54.899 | INFO     | __main__:on_log:99 - step=13020 | loss=0.067600 | grad_norm=0.594197 | learning_rate=0.000008 | epoch=1.498446
2026-02-21 19:04:07.833 | INFO     | __main__:on_log:99 - step=13025 | loss=0.066200 | grad_norm=0.537969 | learning_rate=0.000008 | epoch=1.499022
2026-02-21 19:04:20.781 | INFO     | __main__:on_log:99 - step=13030 | loss=0.061100 | grad_norm=0.622920 | learning_rate=0.000008 | epoch=1.499597
2026-02-21 19:04:33.729 | INFO     | __main__:on_log:99 - step=13035 | loss=0.059500 | grad_norm=0.636190 | learning_rate=0.000008 | epoch=1.500173
2026-02-21 19:04:46.659 | INFO     | __main__:on_log:99 - step=13040 | loss=0.056400 | grad_norm=0.636358 | learning_rate=0.000008 | epoch=1.500748
2026-02-21 19:04:59.592 | INFO     | __main__:on_log:99 - step=13045 | loss=0.050900 | grad_norm=0.617852 | learning_rate=0.000008 | epoch=1.501324
2026-02-21 19:05:12.532 | INFO     | __main__:on_log:99 - step=13050 | loss=0.051000 | grad_norm=0.695233 | learning_rate=0.000008 | epoch=1.501899
2026-02-21 19:05:25.481 | INFO     | __main__:on_log:99 - step=13055 | loss=0.061200 | grad_norm=0.688715 | learning_rate=0.000008 | epoch=1.502474
2026-02-21 19:05:38.422 | INFO     | __main__:on_log:99 - step=13060 | loss=0.063500 | grad_norm=0.645487 | learning_rate=0.000008 | epoch=1.503050
2026-02-21 19:05:51.363 | INFO     | __main__:on_log:99 - step=13065 | loss=0.078100 | grad_norm=0.856674 | learning_rate=0.000008 | epoch=1.503625
2026-02-21 19:06:04.294 | INFO     | __main__:on_log:99 - step=13070 | loss=0.047900 | grad_norm=0.976054 | learning_rate=0.000008 | epoch=1.504201
2026-02-21 19:06:17.238 | INFO     | __main__:on_log:99 - step=13075 | loss=0.070700 | grad_norm=0.413283 | learning_rate=0.000008 | epoch=1.504776
2026-02-21 19:06:30.174 | INFO     | __main__:on_log:99 - step=13080 | loss=0.063300 | grad_norm=0.624394 | learning_rate=0.000008 | epoch=1.505352
2026-02-21 19:06:43.132 | INFO     | __main__:on_log:99 - step=13085 | loss=0.056400 | grad_norm=0.502307 | learning_rate=0.000008 | epoch=1.505927
2026-02-21 19:06:56.071 | INFO     | __main__:on_log:99 - step=13090 | loss=0.043600 | grad_norm=0.301287 | learning_rate=0.000008 | epoch=1.506502
2026-02-21 19:07:08.986 | INFO     | __main__:on_log:99 - step=13095 | loss=0.038900 | grad_norm=0.294211 | learning_rate=0.000008 | epoch=1.507078
2026-02-21 19:07:21.909 | INFO     | __main__:on_log:99 - step=13100 | loss=0.079100 | grad_norm=0.473216 | learning_rate=0.000008 | epoch=1.507653
2026-02-21 19:07:34.814 | INFO     | __main__:on_log:99 - step=13105 | loss=0.064900 | grad_norm=0.719268 | learning_rate=0.000008 | epoch=1.508229
2026-02-21 19:07:47.724 | INFO     | __main__:on_log:99 - step=13110 | loss=0.060900 | grad_norm=0.747060 | learning_rate=0.000008 | epoch=1.508804
2026-02-21 19:08:00.643 | INFO     | __main__:on_log:99 - step=13115 | loss=0.057400 | grad_norm=0.897257 | learning_rate=0.000008 | epoch=1.509380
2026-02-21 19:08:13.562 | INFO     | __main__:on_log:99 - step=13120 | loss=0.072600 | grad_norm=0.761176 | learning_rate=0.000008 | epoch=1.509955
2026-02-21 19:08:26.475 | INFO     | __main__:on_log:99 - step=13125 | loss=0.055100 | grad_norm=0.424259 | learning_rate=0.000008 | epoch=1.510531
2026-02-21 19:08:39.390 | INFO     | __main__:on_log:99 - step=13130 | loss=0.063600 | grad_norm=0.966139 | learning_rate=0.000008 | epoch=1.511106
2026-02-21 19:08:52.300 | INFO     | __main__:on_log:99 - step=13135 | loss=0.056000 | grad_norm=0.536306 | learning_rate=0.000008 | epoch=1.511681
2026-02-21 19:09:05.227 | INFO     | __main__:on_log:99 - step=13140 | loss=0.060700 | grad_norm=0.691023 | learning_rate=0.000008 | epoch=1.512257
2026-02-21 19:09:18.135 | INFO     | __main__:on_log:99 - step=13145 | loss=0.047400 | grad_norm=0.598389 | learning_rate=0.000008 | epoch=1.512832
2026-02-21 19:09:31.042 | INFO     | __main__:on_log:99 - step=13150 | loss=0.045100 | grad_norm=0.778216 | learning_rate=0.000008 | epoch=1.513408
2026-02-21 19:09:43.953 | INFO     | __main__:on_log:99 - step=13155 | loss=0.051200 | grad_norm=0.331926 | learning_rate=0.000008 | epoch=1.513983
2026-02-21 19:09:56.864 | INFO     | __main__:on_log:99 - step=13160 | loss=0.058200 | grad_norm=0.710487 | learning_rate=0.000008 | epoch=1.514559
2026-02-21 19:10:09.778 | INFO     | __main__:on_log:99 - step=13165 | loss=0.076200 | grad_norm=0.578935 | learning_rate=0.000008 | epoch=1.515134
2026-02-21 19:10:22.684 | INFO     | __main__:on_log:99 - step=13170 | loss=0.057600 | grad_norm=0.460789 | learning_rate=0.000008 | epoch=1.515710
2026-02-21 19:10:35.620 | INFO     | __main__:on_log:99 - step=13175 | loss=0.039400 | grad_norm=0.649015 | learning_rate=0.000008 | epoch=1.516285
2026-02-21 19:10:48.531 | INFO     | __main__:on_log:99 - step=13180 | loss=0.078900 | grad_norm=0.689681 | learning_rate=0.000008 | epoch=1.516860
2026-02-21 19:11:01.454 | INFO     | __main__:on_log:99 - step=13185 | loss=0.065200 | grad_norm=0.613428 | learning_rate=0.000008 | epoch=1.517436
2026-02-21 19:11:14.366 | INFO     | __main__:on_log:99 - step=13190 | loss=0.046900 | grad_norm=0.752594 | learning_rate=0.000008 | epoch=1.518011
2026-02-21 19:11:27.295 | INFO     | __main__:on_log:99 - step=13195 | loss=0.102600 | grad_norm=0.606097 | learning_rate=0.000008 | epoch=1.518587
2026-02-21 19:11:40.215 | INFO     | __main__:on_log:99 - step=13200 | loss=0.055500 | grad_norm=0.411090 | learning_rate=0.000008 | epoch=1.519162
2026-02-21 19:11:53.142 | INFO     | __main__:on_log:99 - step=13205 | loss=0.065300 | grad_norm=0.483443 | learning_rate=0.000008 | epoch=1.519738
2026-02-21 19:12:06.056 | INFO     | __main__:on_log:99 - step=13210 | loss=0.063700 | grad_norm=0.885903 | learning_rate=0.000008 | epoch=1.520313
2026-02-21 19:12:18.965 | INFO     | __main__:on_log:99 - step=13215 | loss=0.058700 | grad_norm=0.578161 | learning_rate=0.000008 | epoch=1.520888
2026-02-21 19:12:31.863 | INFO     | __main__:on_log:99 - step=13220 | loss=0.055600 | grad_norm=0.764231 | learning_rate=0.000008 | epoch=1.521464
2026-02-21 19:12:44.761 | INFO     | __main__:on_log:99 - step=13225 | loss=0.049100 | grad_norm=0.791432 | learning_rate=0.000008 | epoch=1.522039
2026-02-21 19:12:57.663 | INFO     | __main__:on_log:99 - step=13230 | loss=0.061900 | grad_norm=0.989813 | learning_rate=0.000008 | epoch=1.522615
2026-02-21 19:13:10.561 | INFO     | __main__:on_log:99 - step=13235 | loss=0.079600 | grad_norm=0.654432 | learning_rate=0.000008 | epoch=1.523190
2026-02-21 19:13:23.471 | INFO     | __main__:on_log:99 - step=13240 | loss=0.063900 | grad_norm=0.519936 | learning_rate=0.000008 | epoch=1.523766
2026-02-21 19:13:36.363 | INFO     | __main__:on_log:99 - step=13245 | loss=0.066700 | grad_norm=0.574017 | learning_rate=0.000008 | epoch=1.524341
2026-02-21 19:13:49.269 | INFO     | __main__:on_log:99 - step=13250 | loss=0.056900 | grad_norm=0.439829 | learning_rate=0.000008 | epoch=1.524917
2026-02-21 19:14:02.177 | INFO     | __main__:on_log:99 - step=13255 | loss=0.054700 | grad_norm=0.708217 | learning_rate=0.000007 | epoch=1.525492
2026-02-21 19:14:15.099 | INFO     | __main__:on_log:99 - step=13260 | loss=0.036500 | grad_norm=0.494841 | learning_rate=0.000007 | epoch=1.526067
2026-02-21 19:14:28.017 | INFO     | __main__:on_log:99 - step=13265 | loss=0.048900 | grad_norm=0.458800 | learning_rate=0.000007 | epoch=1.526643
2026-02-21 19:14:40.948 | INFO     | __main__:on_log:99 - step=13270 | loss=0.063500 | grad_norm=0.593884 | learning_rate=0.000007 | epoch=1.527218
2026-02-21 19:14:53.885 | INFO     | __main__:on_log:99 - step=13275 | loss=0.056400 | grad_norm=0.547895 | learning_rate=0.000007 | epoch=1.527794
2026-02-21 19:15:06.818 | INFO     | __main__:on_log:99 - step=13280 | loss=0.104900 | grad_norm=0.605446 | learning_rate=0.000007 | epoch=1.528369
2026-02-21 19:15:19.771 | INFO     | __main__:on_log:99 - step=13285 | loss=0.051500 | grad_norm=0.503306 | learning_rate=0.000007 | epoch=1.528945
2026-02-21 19:15:32.709 | INFO     | __main__:on_log:99 - step=13290 | loss=0.046000 | grad_norm=0.429637 | learning_rate=0.000007 | epoch=1.529520
2026-02-21 19:15:45.645 | INFO     | __main__:on_log:99 - step=13295 | loss=0.079900 | grad_norm=0.613868 | learning_rate=0.000007 | epoch=1.530096
2026-02-21 19:15:58.578 | INFO     | __main__:on_log:99 - step=13300 | loss=0.054800 | grad_norm=0.471128 | learning_rate=0.000007 | epoch=1.530671
2026-02-21 19:16:11.508 | INFO     | __main__:on_log:99 - step=13305 | loss=0.034300 | grad_norm=0.498289 | learning_rate=0.000007 | epoch=1.531246
2026-02-21 19:16:24.429 | INFO     | __main__:on_log:99 - step=13310 | loss=0.048000 | grad_norm=0.405915 | learning_rate=0.000007 | epoch=1.531822
2026-02-21 19:16:37.338 | INFO     | __main__:on_log:99 - step=13315 | loss=0.038400 | grad_norm=0.577775 | learning_rate=0.000007 | epoch=1.532397
2026-02-21 19:16:50.252 | INFO     | __main__:on_log:99 - step=13320 | loss=0.065700 | grad_norm=0.546173 | learning_rate=0.000007 | epoch=1.532973
2026-02-21 19:17:03.188 | INFO     | __main__:on_log:99 - step=13325 | loss=0.063500 | grad_norm=0.743187 | learning_rate=0.000007 | epoch=1.533548
2026-02-21 19:17:16.113 | INFO     | __main__:on_log:99 - step=13330 | loss=0.059800 | grad_norm=0.571990 | learning_rate=0.000007 | epoch=1.534124
2026-02-21 19:17:29.063 | INFO     | __main__:on_log:99 - step=13335 | loss=0.047100 | grad_norm=0.453014 | learning_rate=0.000007 | epoch=1.534699
2026-02-21 19:17:41.990 | INFO     | __main__:on_log:99 - step=13340 | loss=0.050000 | grad_norm=0.645566 | learning_rate=0.000007 | epoch=1.535274
2026-02-21 19:17:54.933 | INFO     | __main__:on_log:99 - step=13345 | loss=0.055500 | grad_norm=0.829394 | learning_rate=0.000007 | epoch=1.535850
2026-02-21 19:18:07.861 | INFO     | __main__:on_log:99 - step=13350 | loss=0.057000 | grad_norm=0.722004 | learning_rate=0.000007 | epoch=1.536425
2026-02-21 19:18:20.768 | INFO     | __main__:on_log:99 - step=13355 | loss=0.042600 | grad_norm=0.534503 | learning_rate=0.000007 | epoch=1.537001
2026-02-21 19:18:33.687 | INFO     | __main__:on_log:99 - step=13360 | loss=0.058700 | grad_norm=0.412314 | learning_rate=0.000007 | epoch=1.537576
2026-02-21 19:18:46.601 | INFO     | __main__:on_log:99 - step=13365 | loss=0.078900 | grad_norm=0.770758 | learning_rate=0.000007 | epoch=1.538152
2026-02-21 19:18:59.543 | INFO     | __main__:on_log:99 - step=13370 | loss=0.064900 | grad_norm=0.569583 | learning_rate=0.000007 | epoch=1.538727
2026-02-21 19:19:12.469 | INFO     | __main__:on_log:99 - step=13375 | loss=0.060300 | grad_norm=0.623914 | learning_rate=0.000007 | epoch=1.539303
2026-02-21 19:19:25.378 | INFO     | __main__:on_log:99 - step=13380 | loss=0.069300 | grad_norm=0.573906 | learning_rate=0.000007 | epoch=1.539878
2026-02-21 19:19:38.302 | INFO     | __main__:on_log:99 - step=13385 | loss=0.057400 | grad_norm=0.528170 | learning_rate=0.000007 | epoch=1.540453
2026-02-21 19:19:51.209 | INFO     | __main__:on_log:99 - step=13390 | loss=0.076400 | grad_norm=0.718441 | learning_rate=0.000007 | epoch=1.541029
2026-02-21 19:20:04.128 | INFO     | __main__:on_log:99 - step=13395 | loss=0.076300 | grad_norm=0.633069 | learning_rate=0.000007 | epoch=1.541604
2026-02-21 19:20:17.036 | INFO     | __main__:on_log:99 - step=13400 | loss=0.049700 | grad_norm=0.779554 | learning_rate=0.000007 | epoch=1.542180
2026-02-21 19:20:29.964 | INFO     | __main__:on_log:99 - step=13405 | loss=0.042800 | grad_norm=0.574579 | learning_rate=0.000007 | epoch=1.542755
2026-02-21 19:20:42.887 | INFO     | __main__:on_log:99 - step=13410 | loss=0.066300 | grad_norm=0.590211 | learning_rate=0.000007 | epoch=1.543331
2026-02-21 19:20:55.810 | INFO     | __main__:on_log:99 - step=13415 | loss=0.062500 | grad_norm=0.614398 | learning_rate=0.000007 | epoch=1.543906
2026-02-21 19:21:08.727 | INFO     | __main__:on_log:99 - step=13420 | loss=0.065100 | grad_norm=0.613626 | learning_rate=0.000007 | epoch=1.544482
2026-02-21 19:21:21.649 | INFO     | __main__:on_log:99 - step=13425 | loss=0.042300 | grad_norm=0.442596 | learning_rate=0.000007 | epoch=1.545057
2026-02-21 19:21:34.581 | INFO     | __main__:on_log:99 - step=13430 | loss=0.052500 | grad_norm=0.727292 | learning_rate=0.000007 | epoch=1.545632
2026-02-21 19:21:47.508 | INFO     | __main__:on_log:99 - step=13435 | loss=0.066700 | grad_norm=0.897092 | learning_rate=0.000007 | epoch=1.546208
2026-02-21 19:22:00.440 | INFO     | __main__:on_log:99 - step=13440 | loss=0.058500 | grad_norm=0.653714 | learning_rate=0.000007 | epoch=1.546783
2026-02-21 19:22:13.377 | INFO     | __main__:on_log:99 - step=13445 | loss=0.058400 | grad_norm=0.619767 | learning_rate=0.000007 | epoch=1.547359
2026-02-21 19:22:26.326 | INFO     | __main__:on_log:99 - step=13450 | loss=0.059500 | grad_norm=0.385122 | learning_rate=0.000007 | epoch=1.547934
2026-02-21 19:22:39.256 | INFO     | __main__:on_log:99 - step=13455 | loss=0.099000 | grad_norm=0.571604 | learning_rate=0.000007 | epoch=1.548510
2026-02-21 19:22:52.221 | INFO     | __main__:on_log:99 - step=13460 | loss=0.077000 | grad_norm=0.662647 | learning_rate=0.000007 | epoch=1.549085
2026-02-21 19:23:05.165 | INFO     | __main__:on_log:99 - step=13465 | loss=0.073100 | grad_norm=0.732143 | learning_rate=0.000007 | epoch=1.549660
2026-02-21 19:23:18.103 | INFO     | __main__:on_log:99 - step=13470 | loss=0.076600 | grad_norm=0.569455 | learning_rate=0.000007 | epoch=1.550236
2026-02-21 19:23:31.051 | INFO     | __main__:on_log:99 - step=13475 | loss=0.060100 | grad_norm=0.439496 | learning_rate=0.000007 | epoch=1.550811
2026-02-21 19:23:43.992 | INFO     | __main__:on_log:99 - step=13480 | loss=0.076100 | grad_norm=0.819702 | learning_rate=0.000007 | epoch=1.551387
2026-02-21 19:23:56.924 | INFO     | __main__:on_log:99 - step=13485 | loss=0.060000 | grad_norm=0.766344 | learning_rate=0.000007 | epoch=1.551962
2026-02-21 19:24:09.859 | INFO     | __main__:on_log:99 - step=13490 | loss=0.069400 | grad_norm=0.742783 | learning_rate=0.000007 | epoch=1.552538
2026-02-21 19:24:22.770 | INFO     | __main__:on_log:99 - step=13495 | loss=0.056500 | grad_norm=0.572294 | learning_rate=0.000007 | epoch=1.553113
2026-02-21 19:24:35.688 | INFO     | __main__:on_log:99 - step=13500 | loss=0.060200 | grad_norm=0.523380 | learning_rate=0.000007 | epoch=1.553689
2026-02-21 19:24:48.612 | INFO     | __main__:on_log:99 - step=13505 | loss=0.056900 | grad_norm=0.586440 | learning_rate=0.000007 | epoch=1.554264
2026-02-21 19:25:01.535 | INFO     | __main__:on_log:99 - step=13510 | loss=0.072300 | grad_norm=0.874957 | learning_rate=0.000007 | epoch=1.554839
2026-02-21 19:25:14.463 | INFO     | __main__:on_log:99 - step=13515 | loss=0.069000 | grad_norm=0.631611 | learning_rate=0.000007 | epoch=1.555415
2026-02-21 19:25:27.386 | INFO     | __main__:on_log:99 - step=13520 | loss=0.060300 | grad_norm=0.866672 | learning_rate=0.000007 | epoch=1.555990
2026-02-21 19:25:40.319 | INFO     | __main__:on_log:99 - step=13525 | loss=0.082800 | grad_norm=0.584959 | learning_rate=0.000007 | epoch=1.556566
2026-02-21 19:25:53.254 | INFO     | __main__:on_log:99 - step=13530 | loss=0.055700 | grad_norm=0.635356 | learning_rate=0.000007 | epoch=1.557141
2026-02-21 19:26:06.183 | INFO     | __main__:on_log:99 - step=13535 | loss=0.062200 | grad_norm=0.819295 | learning_rate=0.000007 | epoch=1.557717
2026-02-21 19:26:19.102 | INFO     | __main__:on_log:99 - step=13540 | loss=0.077100 | grad_norm=0.959282 | learning_rate=0.000007 | epoch=1.558292
2026-02-21 19:26:32.022 | INFO     | __main__:on_log:99 - step=13545 | loss=0.049200 | grad_norm=0.460650 | learning_rate=0.000007 | epoch=1.558868
2026-02-21 19:26:44.937 | INFO     | __main__:on_log:99 - step=13550 | loss=0.079200 | grad_norm=0.797703 | learning_rate=0.000007 | epoch=1.559443
2026-02-21 19:26:57.852 | INFO     | __main__:on_log:99 - step=13555 | loss=0.060900 | grad_norm=0.469700 | learning_rate=0.000007 | epoch=1.560018
2026-02-21 19:27:10.768 | INFO     | __main__:on_log:99 - step=13560 | loss=0.058300 | grad_norm=0.809538 | learning_rate=0.000007 | epoch=1.560594
2026-02-21 19:27:23.679 | INFO     | __main__:on_log:99 - step=13565 | loss=0.057800 | grad_norm=0.751924 | learning_rate=0.000007 | epoch=1.561169
2026-02-21 19:27:36.585 | INFO     | __main__:on_log:99 - step=13570 | loss=0.040600 | grad_norm=0.578967 | learning_rate=0.000007 | epoch=1.561745
2026-02-21 19:27:49.483 | INFO     | __main__:on_log:99 - step=13575 | loss=0.075700 | grad_norm=0.794756 | learning_rate=0.000007 | epoch=1.562320
2026-02-21 19:28:02.407 | INFO     | __main__:on_log:99 - step=13580 | loss=0.059000 | grad_norm=0.482100 | learning_rate=0.000007 | epoch=1.562896
2026-02-21 19:28:15.318 | INFO     | __main__:on_log:99 - step=13585 | loss=0.051800 | grad_norm=0.353156 | learning_rate=0.000007 | epoch=1.563471
2026-02-21 19:28:28.233 | INFO     | __main__:on_log:99 - step=13590 | loss=0.064300 | grad_norm=0.778358 | learning_rate=0.000007 | epoch=1.564046
2026-02-21 19:28:41.140 | INFO     | __main__:on_log:99 - step=13595 | loss=0.046800 | grad_norm=0.522618 | learning_rate=0.000007 | epoch=1.564622
2026-02-21 19:28:54.036 | INFO     | __main__:on_log:99 - step=13600 | loss=0.055400 | grad_norm=0.556839 | learning_rate=0.000007 | epoch=1.565197
2026-02-21 19:29:06.948 | INFO     | __main__:on_log:99 - step=13605 | loss=0.068200 | grad_norm=0.724166 | learning_rate=0.000007 | epoch=1.565773
2026-02-21 19:29:19.853 | INFO     | __main__:on_log:99 - step=13610 | loss=0.062300 | grad_norm=0.497530 | learning_rate=0.000007 | epoch=1.566348
2026-02-21 19:29:32.759 | INFO     | __main__:on_log:99 - step=13615 | loss=0.071800 | grad_norm=0.595001 | learning_rate=0.000007 | epoch=1.566924
2026-02-21 19:29:45.656 | INFO     | __main__:on_log:99 - step=13620 | loss=0.045300 | grad_norm=0.556771 | learning_rate=0.000007 | epoch=1.567499
2026-02-21 19:29:58.559 | INFO     | __main__:on_log:99 - step=13625 | loss=0.047200 | grad_norm=0.495160 | learning_rate=0.000007 | epoch=1.568075
2026-02-21 19:30:11.461 | INFO     | __main__:on_log:99 - step=13630 | loss=0.058400 | grad_norm=0.325886 | learning_rate=0.000007 | epoch=1.568650
2026-02-21 19:30:24.375 | INFO     | __main__:on_log:99 - step=13635 | loss=0.057800 | grad_norm=0.498356 | learning_rate=0.000007 | epoch=1.569225
2026-02-21 19:30:37.296 | INFO     | __main__:on_log:99 - step=13640 | loss=0.062700 | grad_norm=0.502586 | learning_rate=0.000007 | epoch=1.569801
2026-02-21 19:30:50.207 | INFO     | __main__:on_log:99 - step=13645 | loss=0.064300 | grad_norm=0.480583 | learning_rate=0.000007 | epoch=1.570376
2026-02-21 19:31:03.119 | INFO     | __main__:on_log:99 - step=13650 | loss=0.043200 | grad_norm=0.552064 | learning_rate=0.000007 | epoch=1.570952
2026-02-21 19:31:16.032 | INFO     | __main__:on_log:99 - step=13655 | loss=0.048000 | grad_norm=0.665608 | learning_rate=0.000007 | epoch=1.571527
2026-02-21 19:31:28.944 | INFO     | __main__:on_log:99 - step=13660 | loss=0.046900 | grad_norm=0.469024 | learning_rate=0.000007 | epoch=1.572103
2026-02-21 19:31:41.853 | INFO     | __main__:on_log:99 - step=13665 | loss=0.087000 | grad_norm=0.720146 | learning_rate=0.000007 | epoch=1.572678
2026-02-21 19:31:54.758 | INFO     | __main__:on_log:99 - step=13670 | loss=0.039500 | grad_norm=0.452107 | learning_rate=0.000007 | epoch=1.573254
2026-02-21 19:32:07.670 | INFO     | __main__:on_log:99 - step=13675 | loss=0.048900 | grad_norm=0.501567 | learning_rate=0.000007 | epoch=1.573829
2026-02-21 19:32:20.580 | INFO     | __main__:on_log:99 - step=13680 | loss=0.062100 | grad_norm=0.459404 | learning_rate=0.000007 | epoch=1.574404
2026-02-21 19:32:33.494 | INFO     | __main__:on_log:99 - step=13685 | loss=0.051600 | grad_norm=0.725661 | learning_rate=0.000007 | epoch=1.574980
2026-02-21 19:32:46.423 | INFO     | __main__:on_log:99 - step=13690 | loss=0.048800 | grad_norm=0.439431 | learning_rate=0.000007 | epoch=1.575555
2026-02-21 19:32:59.335 | INFO     | __main__:on_log:99 - step=13695 | loss=0.066200 | grad_norm=0.442831 | learning_rate=0.000007 | epoch=1.576131
2026-02-21 19:33:12.244 | INFO     | __main__:on_log:99 - step=13700 | loss=0.061400 | grad_norm=0.659290 | learning_rate=0.000007 | epoch=1.576706
2026-02-21 19:33:25.166 | INFO     | __main__:on_log:99 - step=13705 | loss=0.052100 | grad_norm=0.418690 | learning_rate=0.000007 | epoch=1.577282
2026-02-21 19:33:38.105 | INFO     | __main__:on_log:99 - step=13710 | loss=0.052400 | grad_norm=0.467392 | learning_rate=0.000007 | epoch=1.577857
2026-02-21 19:33:51.041 | INFO     | __main__:on_log:99 - step=13715 | loss=0.076500 | grad_norm=0.867476 | learning_rate=0.000007 | epoch=1.578433
2026-02-21 19:34:03.970 | INFO     | __main__:on_log:99 - step=13720 | loss=0.063400 | grad_norm=0.455215 | learning_rate=0.000007 | epoch=1.579008
2026-02-21 19:34:16.906 | INFO     | __main__:on_log:99 - step=13725 | loss=0.082400 | grad_norm=0.464077 | learning_rate=0.000007 | epoch=1.579583
2026-02-21 19:34:29.842 | INFO     | __main__:on_log:99 - step=13730 | loss=0.064300 | grad_norm=0.749988 | learning_rate=0.000007 | epoch=1.580159
2026-02-21 19:34:42.788 | INFO     | __main__:on_log:99 - step=13735 | loss=0.055300 | grad_norm=0.484422 | learning_rate=0.000007 | epoch=1.580734
2026-02-21 19:34:55.719 | INFO     | __main__:on_log:99 - step=13740 | loss=0.078100 | grad_norm=0.612029 | learning_rate=0.000007 | epoch=1.581310
2026-02-21 19:35:08.656 | INFO     | __main__:on_log:99 - step=13745 | loss=0.066200 | grad_norm=0.776196 | learning_rate=0.000007 | epoch=1.581885
2026-02-21 19:35:21.570 | INFO     | __main__:on_log:99 - step=13750 | loss=0.065400 | grad_norm=0.440851 | learning_rate=0.000007 | epoch=1.582461
2026-02-21 19:35:34.481 | INFO     | __main__:on_log:99 - step=13755 | loss=0.053700 | grad_norm=0.536275 | learning_rate=0.000007 | epoch=1.583036
2026-02-21 19:35:47.394 | INFO     | __main__:on_log:99 - step=13760 | loss=0.045400 | grad_norm=0.649836 | learning_rate=0.000007 | epoch=1.583611
2026-02-21 19:36:00.316 | INFO     | __main__:on_log:99 - step=13765 | loss=0.069600 | grad_norm=0.772569 | learning_rate=0.000007 | epoch=1.584187
2026-02-21 19:36:13.237 | INFO     | __main__:on_log:99 - step=13770 | loss=0.071000 | grad_norm=0.495587 | learning_rate=0.000007 | epoch=1.584762
2026-02-21 19:36:26.154 | INFO     | __main__:on_log:99 - step=13775 | loss=0.058300 | grad_norm=0.665657 | learning_rate=0.000007 | epoch=1.585338
2026-02-21 19:36:39.067 | INFO     | __main__:on_log:99 - step=13780 | loss=0.052000 | grad_norm=0.624335 | learning_rate=0.000007 | epoch=1.585913
2026-02-21 19:36:51.973 | INFO     | __main__:on_log:99 - step=13785 | loss=0.059600 | grad_norm=0.544651 | learning_rate=0.000007 | epoch=1.586489
2026-02-21 19:37:04.878 | INFO     | __main__:on_log:99 - step=13790 | loss=0.073400 | grad_norm=0.885488 | learning_rate=0.000007 | epoch=1.587064
2026-02-21 19:37:17.781 | INFO     | __main__:on_log:99 - step=13795 | loss=0.054100 | grad_norm=0.437114 | learning_rate=0.000007 | epoch=1.587640
2026-02-21 19:37:30.698 | INFO     | __main__:on_log:99 - step=13800 | loss=0.058900 | grad_norm=0.610141 | learning_rate=0.000007 | epoch=1.588215
2026-02-21 19:37:43.609 | INFO     | __main__:on_log:99 - step=13805 | loss=0.054900 | grad_norm=0.795614 | learning_rate=0.000006 | epoch=1.588790
2026-02-21 19:37:56.520 | INFO     | __main__:on_log:99 - step=13810 | loss=0.054800 | grad_norm=0.590178 | learning_rate=0.000006 | epoch=1.589366
2026-02-21 19:38:09.418 | INFO     | __main__:on_log:99 - step=13815 | loss=0.069500 | grad_norm=0.840398 | learning_rate=0.000006 | epoch=1.589941
2026-02-21 19:38:22.319 | INFO     | __main__:on_log:99 - step=13820 | loss=0.083000 | grad_norm=0.835651 | learning_rate=0.000006 | epoch=1.590517
2026-02-21 19:38:35.227 | INFO     | __main__:on_log:99 - step=13825 | loss=0.088900 | grad_norm=0.620066 | learning_rate=0.000006 | epoch=1.591092
2026-02-21 19:38:48.129 | INFO     | __main__:on_log:99 - step=13830 | loss=0.047400 | grad_norm=0.741046 | learning_rate=0.000006 | epoch=1.591668
2026-02-21 19:39:01.036 | INFO     | __main__:on_log:99 - step=13835 | loss=0.059600 | grad_norm=0.590792 | learning_rate=0.000006 | epoch=1.592243
2026-02-21 19:39:13.955 | INFO     | __main__:on_log:99 - step=13840 | loss=0.053900 | grad_norm=0.296521 | learning_rate=0.000006 | epoch=1.592819
2026-02-21 19:39:26.861 | INFO     | __main__:on_log:99 - step=13845 | loss=0.064400 | grad_norm=1.004351 | learning_rate=0.000006 | epoch=1.593394
2026-02-21 19:39:39.769 | INFO     | __main__:on_log:99 - step=13850 | loss=0.056800 | grad_norm=0.480873 | learning_rate=0.000006 | epoch=1.593969
2026-02-21 19:39:52.684 | INFO     | __main__:on_log:99 - step=13855 | loss=0.068400 | grad_norm=0.348141 | learning_rate=0.000006 | epoch=1.594545
2026-02-21 19:40:05.594 | INFO     | __main__:on_log:99 - step=13860 | loss=0.101000 | grad_norm=0.680771 | learning_rate=0.000006 | epoch=1.595120
2026-02-21 19:40:18.496 | INFO     | __main__:on_log:99 - step=13865 | loss=0.050000 | grad_norm=0.751533 | learning_rate=0.000006 | epoch=1.595696
2026-02-21 19:40:31.404 | INFO     | __main__:on_log:99 - step=13870 | loss=0.067500 | grad_norm=0.594286 | learning_rate=0.000006 | epoch=1.596271
2026-02-21 19:40:44.310 | INFO     | __main__:on_log:99 - step=13875 | loss=0.042800 | grad_norm=0.461057 | learning_rate=0.000006 | epoch=1.596847
2026-02-21 19:40:57.211 | INFO     | __main__:on_log:99 - step=13880 | loss=0.073200 | grad_norm=0.584060 | learning_rate=0.000006 | epoch=1.597422
2026-02-21 19:41:10.108 | INFO     | __main__:on_log:99 - step=13885 | loss=0.063300 | grad_norm=0.688159 | learning_rate=0.000006 | epoch=1.597997
2026-02-21 19:41:23.020 | INFO     | __main__:on_log:99 - step=13890 | loss=0.084200 | grad_norm=1.025532 | learning_rate=0.000006 | epoch=1.598573
2026-02-21 19:41:35.934 | INFO     | __main__:on_log:99 - step=13895 | loss=0.055300 | grad_norm=0.619669 | learning_rate=0.000006 | epoch=1.599148
2026-02-21 19:41:48.843 | INFO     | __main__:on_log:99 - step=13900 | loss=0.054900 | grad_norm=0.639784 | learning_rate=0.000006 | epoch=1.599724
2026-02-21 19:42:01.748 | INFO     | __main__:on_log:99 - step=13905 | loss=0.067900 | grad_norm=0.585679 | learning_rate=0.000006 | epoch=1.600299
2026-02-21 19:42:14.651 | INFO     | __main__:on_log:99 - step=13910 | loss=0.057900 | grad_norm=0.711945 | learning_rate=0.000006 | epoch=1.600875
2026-02-21 19:42:27.558 | INFO     | __main__:on_log:99 - step=13915 | loss=0.059400 | grad_norm=0.489082 | learning_rate=0.000006 | epoch=1.601450
2026-02-21 19:42:40.492 | INFO     | __main__:on_log:99 - step=13920 | loss=0.079600 | grad_norm=0.464144 | learning_rate=0.000006 | epoch=1.602026
2026-02-21 19:42:53.402 | INFO     | __main__:on_log:99 - step=13925 | loss=0.063900 | grad_norm=0.614012 | learning_rate=0.000006 | epoch=1.602601
2026-02-21 19:43:06.314 | INFO     | __main__:on_log:99 - step=13930 | loss=0.067000 | grad_norm=0.559134 | learning_rate=0.000006 | epoch=1.603176
2026-02-21 19:43:19.230 | INFO     | __main__:on_log:99 - step=13935 | loss=0.051900 | grad_norm=0.682167 | learning_rate=0.000006 | epoch=1.603752
2026-02-21 19:43:32.132 | INFO     | __main__:on_log:99 - step=13940 | loss=0.054800 | grad_norm=0.489263 | learning_rate=0.000006 | epoch=1.604327
2026-02-21 19:43:45.052 | INFO     | __main__:on_log:99 - step=13945 | loss=0.068500 | grad_norm=0.760495 | learning_rate=0.000006 | epoch=1.604903
2026-02-21 19:43:57.966 | INFO     | __main__:on_log:99 - step=13950 | loss=0.063300 | grad_norm=0.552738 | learning_rate=0.000006 | epoch=1.605478
2026-02-21 19:44:10.879 | INFO     | __main__:on_log:99 - step=13955 | loss=0.062400 | grad_norm=0.687626 | learning_rate=0.000006 | epoch=1.606054
2026-02-21 19:44:23.793 | INFO     | __main__:on_log:99 - step=13960 | loss=0.056500 | grad_norm=0.812221 | learning_rate=0.000006 | epoch=1.606629
2026-02-21 19:44:36.714 | INFO     | __main__:on_log:99 - step=13965 | loss=0.053900 | grad_norm=0.505131 | learning_rate=0.000006 | epoch=1.607205
2026-02-21 19:44:49.648 | INFO     | __main__:on_log:99 - step=13970 | loss=0.045000 | grad_norm=0.476043 | learning_rate=0.000006 | epoch=1.607780
2026-02-21 19:45:02.571 | INFO     | __main__:on_log:99 - step=13975 | loss=0.057900 | grad_norm=0.480301 | learning_rate=0.000006 | epoch=1.608355
2026-02-21 19:45:15.492 | INFO     | __main__:on_log:99 - step=13980 | loss=0.068900 | grad_norm=0.584380 | learning_rate=0.000006 | epoch=1.608931
2026-02-21 19:45:28.409 | INFO     | __main__:on_log:99 - step=13985 | loss=0.057600 | grad_norm=0.634471 | learning_rate=0.000006 | epoch=1.609506
2026-02-21 19:45:41.322 | INFO     | __main__:on_log:99 - step=13990 | loss=0.058300 | grad_norm=0.724702 | learning_rate=0.000006 | epoch=1.610082
2026-02-21 19:45:54.239 | INFO     | __main__:on_log:99 - step=13995 | loss=0.064400 | grad_norm=1.028233 | learning_rate=0.000006 | epoch=1.610657
2026-02-21 19:46:07.136 | INFO     | __main__:on_log:99 - step=14000 | loss=0.058800 | grad_norm=0.514906 | learning_rate=0.000006 | epoch=1.611233
2026-02-21 19:46:20.048 | INFO     | __main__:on_log:99 - step=14005 | loss=0.050100 | grad_norm=0.505613 | learning_rate=0.000006 | epoch=1.611808
2026-02-21 19:46:32.955 | INFO     | __main__:on_log:99 - step=14010 | loss=0.048900 | grad_norm=0.502136 | learning_rate=0.000006 | epoch=1.612383
2026-02-21 19:46:45.881 | INFO     | __main__:on_log:99 - step=14015 | loss=0.046400 | grad_norm=0.488852 | learning_rate=0.000006 | epoch=1.612959
2026-02-21 19:46:58.812 | INFO     | __main__:on_log:99 - step=14020 | loss=0.083600 | grad_norm=0.636945 | learning_rate=0.000006 | epoch=1.613534
2026-02-21 19:47:11.725 | INFO     | __main__:on_log:99 - step=14025 | loss=0.057200 | grad_norm=0.604930 | learning_rate=0.000006 | epoch=1.614110
2026-02-21 19:47:24.622 | INFO     | __main__:on_log:99 - step=14030 | loss=0.044600 | grad_norm=0.842912 | learning_rate=0.000006 | epoch=1.614685
2026-02-21 19:47:37.540 | INFO     | __main__:on_log:99 - step=14035 | loss=0.060700 | grad_norm=0.617245 | learning_rate=0.000006 | epoch=1.615261
2026-02-21 19:47:50.437 | INFO     | __main__:on_log:99 - step=14040 | loss=0.071700 | grad_norm=0.739208 | learning_rate=0.000006 | epoch=1.615836
2026-02-21 19:48:03.339 | INFO     | __main__:on_log:99 - step=14045 | loss=0.045000 | grad_norm=0.636406 | learning_rate=0.000006 | epoch=1.616412
2026-02-21 19:48:16.247 | INFO     | __main__:on_log:99 - step=14050 | loss=0.053100 | grad_norm=0.486115 | learning_rate=0.000006 | epoch=1.616987
2026-02-21 19:48:29.162 | INFO     | __main__:on_log:99 - step=14055 | loss=0.056800 | grad_norm=1.029944 | learning_rate=0.000006 | epoch=1.617562
2026-02-21 19:48:42.076 | INFO     | __main__:on_log:99 - step=14060 | loss=0.072400 | grad_norm=0.923694 | learning_rate=0.000006 | epoch=1.618138
2026-02-21 19:48:54.986 | INFO     | __main__:on_log:99 - step=14065 | loss=0.047100 | grad_norm=0.708910 | learning_rate=0.000006 | epoch=1.618713
2026-02-21 19:49:07.902 | INFO     | __main__:on_log:99 - step=14070 | loss=0.071400 | grad_norm=0.599628 | learning_rate=0.000006 | epoch=1.619289
2026-02-21 19:49:20.827 | INFO     | __main__:on_log:99 - step=14075 | loss=0.049700 | grad_norm=0.648753 | learning_rate=0.000006 | epoch=1.619864
2026-02-21 19:49:33.744 | INFO     | __main__:on_log:99 - step=14080 | loss=0.053700 | grad_norm=0.582702 | learning_rate=0.000006 | epoch=1.620440
2026-02-21 19:49:46.673 | INFO     | __main__:on_log:99 - step=14085 | loss=0.053500 | grad_norm=0.776447 | learning_rate=0.000006 | epoch=1.621015
2026-02-21 19:49:59.584 | INFO     | __main__:on_log:99 - step=14090 | loss=0.054300 | grad_norm=0.804324 | learning_rate=0.000006 | epoch=1.621591
2026-02-21 19:50:12.498 | INFO     | __main__:on_log:99 - step=14095 | loss=0.068700 | grad_norm=0.669843 | learning_rate=0.000006 | epoch=1.622166
2026-02-21 19:50:25.414 | INFO     | __main__:on_log:99 - step=14100 | loss=0.050300 | grad_norm=0.782196 | learning_rate=0.000006 | epoch=1.622741
2026-02-21 19:50:38.325 | INFO     | __main__:on_log:99 - step=14105 | loss=0.080100 | grad_norm=0.772975 | learning_rate=0.000006 | epoch=1.623317
2026-02-21 19:50:51.241 | INFO     | __main__:on_log:99 - step=14110 | loss=0.063700 | grad_norm=0.630788 | learning_rate=0.000006 | epoch=1.623892
2026-02-21 19:51:04.168 | INFO     | __main__:on_log:99 - step=14115 | loss=0.061600 | grad_norm=0.603379 | learning_rate=0.000006 | epoch=1.624468
2026-02-21 19:51:17.073 | INFO     | __main__:on_log:99 - step=14120 | loss=0.076300 | grad_norm=0.660846 | learning_rate=0.000006 | epoch=1.625043
2026-02-21 19:51:29.987 | INFO     | __main__:on_log:99 - step=14125 | loss=0.042700 | grad_norm=0.457843 | learning_rate=0.000006 | epoch=1.625619
2026-02-21 19:51:42.912 | INFO     | __main__:on_log:99 - step=14130 | loss=0.045500 | grad_norm=0.363149 | learning_rate=0.000006 | epoch=1.626194
2026-02-21 19:51:55.851 | INFO     | __main__:on_log:99 - step=14135 | loss=0.048100 | grad_norm=0.670514 | learning_rate=0.000006 | epoch=1.626769
2026-02-21 19:52:08.770 | INFO     | __main__:on_log:99 - step=14140 | loss=0.052800 | grad_norm=0.639196 | learning_rate=0.000006 | epoch=1.627345
2026-02-21 19:52:21.700 | INFO     | __main__:on_log:99 - step=14145 | loss=0.054400 | grad_norm=0.427540 | learning_rate=0.000006 | epoch=1.627920
2026-02-21 19:52:34.632 | INFO     | __main__:on_log:99 - step=14150 | loss=0.050700 | grad_norm=0.446384 | learning_rate=0.000006 | epoch=1.628496
2026-02-21 19:52:47.554 | INFO     | __main__:on_log:99 - step=14155 | loss=0.064200 | grad_norm=0.674605 | learning_rate=0.000006 | epoch=1.629071
2026-02-21 19:53:00.483 | INFO     | __main__:on_log:99 - step=14160 | loss=0.063000 | grad_norm=0.540637 | learning_rate=0.000006 | epoch=1.629647
2026-02-21 19:53:13.412 | INFO     | __main__:on_log:99 - step=14165 | loss=0.054200 | grad_norm=0.527659 | learning_rate=0.000006 | epoch=1.630222
2026-02-21 19:53:26.345 | INFO     | __main__:on_log:99 - step=14170 | loss=0.059500 | grad_norm=0.379855 | learning_rate=0.000006 | epoch=1.630798
2026-02-21 19:53:39.281 | INFO     | __main__:on_log:99 - step=14175 | loss=0.074900 | grad_norm=0.658990 | learning_rate=0.000006 | epoch=1.631373
2026-02-21 19:53:52.234 | INFO     | __main__:on_log:99 - step=14180 | loss=0.058600 | grad_norm=0.388490 | learning_rate=0.000006 | epoch=1.631948
2026-02-21 19:54:05.170 | INFO     | __main__:on_log:99 - step=14185 | loss=0.068400 | grad_norm=0.569956 | learning_rate=0.000006 | epoch=1.632524
2026-02-21 19:54:18.109 | INFO     | __main__:on_log:99 - step=14190 | loss=0.054100 | grad_norm=0.552090 | learning_rate=0.000006 | epoch=1.633099
2026-02-21 19:54:31.043 | INFO     | __main__:on_log:99 - step=14195 | loss=0.059700 | grad_norm=0.689488 | learning_rate=0.000006 | epoch=1.633675
2026-02-21 19:54:43.986 | INFO     | __main__:on_log:99 - step=14200 | loss=0.056700 | grad_norm=0.750923 | learning_rate=0.000006 | epoch=1.634250
2026-02-21 19:54:56.915 | INFO     | __main__:on_log:99 - step=14205 | loss=0.065800 | grad_norm=0.491033 | learning_rate=0.000006 | epoch=1.634826
2026-02-21 19:55:09.849 | INFO     | __main__:on_log:99 - step=14210 | loss=0.052800 | grad_norm=0.697164 | learning_rate=0.000006 | epoch=1.635401
2026-02-21 19:55:22.791 | INFO     | __main__:on_log:99 - step=14215 | loss=0.085800 | grad_norm=0.695554 | learning_rate=0.000006 | epoch=1.635977
2026-02-21 19:55:35.730 | INFO     | __main__:on_log:99 - step=14220 | loss=0.089300 | grad_norm=0.699016 | learning_rate=0.000006 | epoch=1.636552
2026-02-21 19:55:48.668 | INFO     | __main__:on_log:99 - step=14225 | loss=0.052100 | grad_norm=0.510701 | learning_rate=0.000006 | epoch=1.637127
2026-02-21 19:56:01.612 | INFO     | __main__:on_log:99 - step=14230 | loss=0.057000 | grad_norm=0.750815 | learning_rate=0.000006 | epoch=1.637703
2026-02-21 19:56:14.544 | INFO     | __main__:on_log:99 - step=14235 | loss=0.063900 | grad_norm=0.671480 | learning_rate=0.000006 | epoch=1.638278
2026-02-21 19:56:27.480 | INFO     | __main__:on_log:99 - step=14240 | loss=0.056600 | grad_norm=0.511913 | learning_rate=0.000006 | epoch=1.638854
2026-02-21 19:56:40.410 | INFO     | __main__:on_log:99 - step=14245 | loss=0.040700 | grad_norm=0.566426 | learning_rate=0.000006 | epoch=1.639429
2026-02-21 19:56:53.350 | INFO     | __main__:on_log:99 - step=14250 | loss=0.057700 | grad_norm=0.801647 | learning_rate=0.000006 | epoch=1.640005
2026-02-21 19:57:06.283 | INFO     | __main__:on_log:99 - step=14255 | loss=0.066600 | grad_norm=0.806761 | learning_rate=0.000006 | epoch=1.640580
2026-02-21 19:57:19.206 | INFO     | __main__:on_log:99 - step=14260 | loss=0.048200 | grad_norm=0.879389 | learning_rate=0.000006 | epoch=1.641155
2026-02-21 19:57:32.148 | INFO     | __main__:on_log:99 - step=14265 | loss=0.048000 | grad_norm=0.435419 | learning_rate=0.000006 | epoch=1.641731
2026-02-21 19:57:45.083 | INFO     | __main__:on_log:99 - step=14270 | loss=0.061000 | grad_norm=0.548263 | learning_rate=0.000006 | epoch=1.642306
2026-02-21 19:57:58.021 | INFO     | __main__:on_log:99 - step=14275 | loss=0.063800 | grad_norm=0.573985 | learning_rate=0.000006 | epoch=1.642882
2026-02-21 19:58:10.937 | INFO     | __main__:on_log:99 - step=14280 | loss=0.046800 | grad_norm=0.538044 | learning_rate=0.000006 | epoch=1.643457
2026-02-21 19:58:23.879 | INFO     | __main__:on_log:99 - step=14285 | loss=0.056700 | grad_norm=0.634597 | learning_rate=0.000006 | epoch=1.644033
2026-02-21 19:58:36.831 | INFO     | __main__:on_log:99 - step=14290 | loss=0.055300 | grad_norm=0.794755 | learning_rate=0.000006 | epoch=1.644608
2026-02-21 19:58:49.763 | INFO     | __main__:on_log:99 - step=14295 | loss=0.056500 | grad_norm=0.550859 | learning_rate=0.000006 | epoch=1.645184
2026-02-21 19:59:02.717 | INFO     | __main__:on_log:99 - step=14300 | loss=0.060600 | grad_norm=0.607803 | learning_rate=0.000006 | epoch=1.645759
2026-02-21 19:59:15.652 | INFO     | __main__:on_log:99 - step=14305 | loss=0.057600 | grad_norm=0.442494 | learning_rate=0.000006 | epoch=1.646334
2026-02-21 19:59:28.579 | INFO     | __main__:on_log:99 - step=14310 | loss=0.041200 | grad_norm=0.655149 | learning_rate=0.000006 | epoch=1.646910
2026-02-21 19:59:41.508 | INFO     | __main__:on_log:99 - step=14315 | loss=0.059100 | grad_norm=0.728110 | learning_rate=0.000006 | epoch=1.647485
2026-02-21 19:59:54.434 | INFO     | __main__:on_log:99 - step=14320 | loss=0.051300 | grad_norm=0.534795 | learning_rate=0.000006 | epoch=1.648061
2026-02-21 20:00:07.363 | INFO     | __main__:on_log:99 - step=14325 | loss=0.050500 | grad_norm=0.761552 | learning_rate=0.000006 | epoch=1.648636
2026-02-21 20:00:20.314 | INFO     | __main__:on_log:99 - step=14330 | loss=0.037900 | grad_norm=0.427340 | learning_rate=0.000006 | epoch=1.649212
2026-02-21 20:00:33.249 | INFO     | __main__:on_log:99 - step=14335 | loss=0.051300 | grad_norm=0.374054 | learning_rate=0.000006 | epoch=1.649787
2026-02-21 20:00:46.199 | INFO     | __main__:on_log:99 - step=14340 | loss=0.065500 | grad_norm=0.481208 | learning_rate=0.000006 | epoch=1.650363
2026-02-21 20:00:59.143 | INFO     | __main__:on_log:99 - step=14345 | loss=0.047700 | grad_norm=0.558607 | learning_rate=0.000006 | epoch=1.650938
2026-02-21 20:01:12.088 | INFO     | __main__:on_log:99 - step=14350 | loss=0.043000 | grad_norm=0.509108 | learning_rate=0.000006 | epoch=1.651513
2026-02-21 20:01:25.016 | INFO     | __main__:on_log:99 - step=14355 | loss=0.053300 | grad_norm=0.510364 | learning_rate=0.000005 | epoch=1.652089
2026-02-21 20:01:37.955 | INFO     | __main__:on_log:99 - step=14360 | loss=0.073500 | grad_norm=1.031104 | learning_rate=0.000005 | epoch=1.652664
2026-02-21 20:01:50.898 | INFO     | __main__:on_log:99 - step=14365 | loss=0.049600 | grad_norm=0.696062 | learning_rate=0.000005 | epoch=1.653240
2026-02-21 20:02:03.819 | INFO     | __main__:on_log:99 - step=14370 | loss=0.082200 | grad_norm=0.765316 | learning_rate=0.000005 | epoch=1.653815
2026-02-21 20:02:16.745 | INFO     | __main__:on_log:99 - step=14375 | loss=0.061500 | grad_norm=0.901990 | learning_rate=0.000005 | epoch=1.654391
2026-02-21 20:02:29.672 | INFO     | __main__:on_log:99 - step=14380 | loss=0.051100 | grad_norm=0.505865 | learning_rate=0.000005 | epoch=1.654966
2026-02-21 20:02:42.593 | INFO     | __main__:on_log:99 - step=14385 | loss=0.065000 | grad_norm=0.850266 | learning_rate=0.000005 | epoch=1.655541
2026-02-21 20:02:55.520 | INFO     | __main__:on_log:99 - step=14390 | loss=0.070800 | grad_norm=0.680068 | learning_rate=0.000005 | epoch=1.656117
2026-02-21 20:03:08.453 | INFO     | __main__:on_log:99 - step=14395 | loss=0.059500 | grad_norm=0.382813 | learning_rate=0.000005 | epoch=1.656692
2026-02-21 20:03:21.365 | INFO     | __main__:on_log:99 - step=14400 | loss=0.057700 | grad_norm=0.568532 | learning_rate=0.000005 | epoch=1.657268
2026-02-21 20:03:34.276 | INFO     | __main__:on_log:99 - step=14405 | loss=0.057000 | grad_norm=0.546190 | learning_rate=0.000005 | epoch=1.657843
2026-02-21 20:03:47.196 | INFO     | __main__:on_log:99 - step=14410 | loss=0.045400 | grad_norm=0.674448 | learning_rate=0.000005 | epoch=1.658419
2026-02-21 20:04:00.114 | INFO     | __main__:on_log:99 - step=14415 | loss=0.051800 | grad_norm=0.413523 | learning_rate=0.000005 | epoch=1.658994
2026-02-21 20:04:13.041 | INFO     | __main__:on_log:99 - step=14420 | loss=0.056300 | grad_norm=0.711411 | learning_rate=0.000005 | epoch=1.659570
2026-02-21 20:04:25.974 | INFO     | __main__:on_log:99 - step=14425 | loss=0.070800 | grad_norm=0.554189 | learning_rate=0.000005 | epoch=1.660145
2026-02-21 20:04:38.907 | INFO     | __main__:on_log:99 - step=14430 | loss=0.062200 | grad_norm=1.050758 | learning_rate=0.000005 | epoch=1.660720
2026-02-21 20:04:51.845 | INFO     | __main__:on_log:99 - step=14435 | loss=0.061700 | grad_norm=0.923644 | learning_rate=0.000005 | epoch=1.661296
2026-02-21 20:05:04.780 | INFO     | __main__:on_log:99 - step=14440 | loss=0.072500 | grad_norm=0.709233 | learning_rate=0.000005 | epoch=1.661871
2026-02-21 20:05:17.713 | INFO     | __main__:on_log:99 - step=14445 | loss=0.054200 | grad_norm=0.710563 | learning_rate=0.000005 | epoch=1.662447
2026-02-21 20:05:30.663 | INFO     | __main__:on_log:99 - step=14450 | loss=0.036700 | grad_norm=0.540615 | learning_rate=0.000005 | epoch=1.663022
2026-02-21 20:05:43.600 | INFO     | __main__:on_log:99 - step=14455 | loss=0.046500 | grad_norm=0.619256 | learning_rate=0.000005 | epoch=1.663598
2026-02-21 20:05:56.539 | INFO     | __main__:on_log:99 - step=14460 | loss=0.053300 | grad_norm=0.723439 | learning_rate=0.000005 | epoch=1.664173
2026-02-21 20:06:09.461 | INFO     | __main__:on_log:99 - step=14465 | loss=0.058200 | grad_norm=0.570575 | learning_rate=0.000005 | epoch=1.664749
2026-02-21 20:06:22.398 | INFO     | __main__:on_log:99 - step=14470 | loss=0.053900 | grad_norm=0.364559 | learning_rate=0.000005 | epoch=1.665324
2026-02-21 20:06:35.335 | INFO     | __main__:on_log:99 - step=14475 | loss=0.061800 | grad_norm=0.517188 | learning_rate=0.000005 | epoch=1.665899
2026-02-21 20:06:48.270 | INFO     | __main__:on_log:99 - step=14480 | loss=0.074300 | grad_norm=0.786729 | learning_rate=0.000005 | epoch=1.666475
2026-02-21 20:07:01.203 | INFO     | __main__:on_log:99 - step=14485 | loss=0.072600 | grad_norm=0.492430 | learning_rate=0.000005 | epoch=1.667050
2026-02-21 20:07:14.127 | INFO     | __main__:on_log:99 - step=14490 | loss=0.057300 | grad_norm=0.554478 | learning_rate=0.000005 | epoch=1.667626
2026-02-21 20:07:27.038 | INFO     | __main__:on_log:99 - step=14495 | loss=0.058400 | grad_norm=0.734646 | learning_rate=0.000005 | epoch=1.668201
2026-02-21 20:07:39.942 | INFO     | __main__:on_log:99 - step=14500 | loss=0.062100 | grad_norm=0.450555 | learning_rate=0.000005 | epoch=1.668777
2026-02-21 20:07:52.865 | INFO     | __main__:on_log:99 - step=14505 | loss=0.062300 | grad_norm=0.662410 | learning_rate=0.000005 | epoch=1.669352
2026-02-21 20:08:05.770 | INFO     | __main__:on_log:99 - step=14510 | loss=0.053100 | grad_norm=0.432724 | learning_rate=0.000005 | epoch=1.669927
2026-02-21 20:08:18.676 | INFO     | __main__:on_log:99 - step=14515 | loss=0.049800 | grad_norm=0.412948 | learning_rate=0.000005 | epoch=1.670503
2026-02-21 20:08:31.589 | INFO     | __main__:on_log:99 - step=14520 | loss=0.048800 | grad_norm=0.762739 | learning_rate=0.000005 | epoch=1.671078
2026-02-21 20:08:44.505 | INFO     | __main__:on_log:99 - step=14525 | loss=0.053500 | grad_norm=0.499357 | learning_rate=0.000005 | epoch=1.671654
2026-02-21 20:08:57.465 | INFO     | __main__:on_log:99 - step=14530 | loss=0.049500 | grad_norm=0.793019 | learning_rate=0.000005 | epoch=1.672229
2026-02-21 20:09:10.415 | INFO     | __main__:on_log:99 - step=14535 | loss=0.061900 | grad_norm=0.969296 | learning_rate=0.000005 | epoch=1.672805
2026-02-21 20:09:23.380 | INFO     | __main__:on_log:99 - step=14540 | loss=0.032400 | grad_norm=0.348559 | learning_rate=0.000005 | epoch=1.673380
2026-02-21 20:09:36.328 | INFO     | __main__:on_log:99 - step=14545 | loss=0.052900 | grad_norm=0.581401 | learning_rate=0.000005 | epoch=1.673956
2026-02-21 20:09:49.238 | INFO     | __main__:on_log:99 - step=14550 | loss=0.060700 | grad_norm=0.784067 | learning_rate=0.000005 | epoch=1.674531
2026-02-21 20:10:02.167 | INFO     | __main__:on_log:99 - step=14555 | loss=0.042600 | grad_norm=0.543836 | learning_rate=0.000005 | epoch=1.675106
2026-02-21 20:10:15.090 | INFO     | __main__:on_log:99 - step=14560 | loss=0.051600 | grad_norm=0.498391 | learning_rate=0.000005 | epoch=1.675682
2026-02-21 20:10:28.013 | INFO     | __main__:on_log:99 - step=14565 | loss=0.047700 | grad_norm=0.690435 | learning_rate=0.000005 | epoch=1.676257
2026-02-21 20:10:40.923 | INFO     | __main__:on_log:99 - step=14570 | loss=0.059200 | grad_norm=0.913633 | learning_rate=0.000005 | epoch=1.676833
2026-02-21 20:10:53.834 | INFO     | __main__:on_log:99 - step=14575 | loss=0.052300 | grad_norm=0.676813 | learning_rate=0.000005 | epoch=1.677408
2026-02-21 20:11:06.759 | INFO     | __main__:on_log:99 - step=14580 | loss=0.055000 | grad_norm=0.598032 | learning_rate=0.000005 | epoch=1.677984
2026-02-21 20:11:19.663 | INFO     | __main__:on_log:99 - step=14585 | loss=0.068600 | grad_norm=0.680653 | learning_rate=0.000005 | epoch=1.678559
2026-02-21 20:11:32.576 | INFO     | __main__:on_log:99 - step=14590 | loss=0.071200 | grad_norm=0.591769 | learning_rate=0.000005 | epoch=1.679135
2026-02-21 20:11:45.485 | INFO     | __main__:on_log:99 - step=14595 | loss=0.036900 | grad_norm=0.471521 | learning_rate=0.000005 | epoch=1.679710
2026-02-21 20:11:58.408 | INFO     | __main__:on_log:99 - step=14600 | loss=0.054300 | grad_norm=0.460440 | learning_rate=0.000005 | epoch=1.680285
2026-02-21 20:12:11.342 | INFO     | __main__:on_log:99 - step=14605 | loss=0.054600 | grad_norm=0.563416 | learning_rate=0.000005 | epoch=1.680861
2026-02-21 20:12:24.254 | INFO     | __main__:on_log:99 - step=14610 | loss=0.050700 | grad_norm=0.413665 | learning_rate=0.000005 | epoch=1.681436
2026-02-21 20:12:37.170 | INFO     | __main__:on_log:99 - step=14615 | loss=0.068100 | grad_norm=0.572346 | learning_rate=0.000005 | epoch=1.682012
2026-02-21 20:12:50.079 | INFO     | __main__:on_log:99 - step=14620 | loss=0.079500 | grad_norm=0.610147 | learning_rate=0.000005 | epoch=1.682587
2026-02-21 20:13:02.999 | INFO     | __main__:on_log:99 - step=14625 | loss=0.055400 | grad_norm=0.418187 | learning_rate=0.000005 | epoch=1.683163
2026-02-21 20:13:15.918 | INFO     | __main__:on_log:99 - step=14630 | loss=0.063800 | grad_norm=1.076768 | learning_rate=0.000005 | epoch=1.683738
2026-02-21 20:13:28.849 | INFO     | __main__:on_log:99 - step=14635 | loss=0.060900 | grad_norm=0.618181 | learning_rate=0.000005 | epoch=1.684313
2026-02-21 20:13:41.773 | INFO     | __main__:on_log:99 - step=14640 | loss=0.059100 | grad_norm=0.864140 | learning_rate=0.000005 | epoch=1.684889
2026-02-21 20:13:54.684 | INFO     | __main__:on_log:99 - step=14645 | loss=0.048600 | grad_norm=0.697098 | learning_rate=0.000005 | epoch=1.685464
2026-02-21 20:14:07.588 | INFO     | __main__:on_log:99 - step=14650 | loss=0.054700 | grad_norm=0.763107 | learning_rate=0.000005 | epoch=1.686040
2026-02-21 20:14:20.533 | INFO     | __main__:on_log:99 - step=14655 | loss=0.043300 | grad_norm=0.353092 | learning_rate=0.000005 | epoch=1.686615
2026-02-21 20:14:33.478 | INFO     | __main__:on_log:99 - step=14660 | loss=0.053800 | grad_norm=0.674569 | learning_rate=0.000005 | epoch=1.687191
2026-02-21 20:14:46.418 | INFO     | __main__:on_log:99 - step=14665 | loss=0.052700 | grad_norm=0.870600 | learning_rate=0.000005 | epoch=1.687766
2026-02-21 20:14:59.359 | INFO     | __main__:on_log:99 - step=14670 | loss=0.048800 | grad_norm=0.409050 | learning_rate=0.000005 | epoch=1.688342
2026-02-21 20:15:12.314 | INFO     | __main__:on_log:99 - step=14675 | loss=0.060100 | grad_norm=0.637236 | learning_rate=0.000005 | epoch=1.688917
2026-02-21 20:15:25.273 | INFO     | __main__:on_log:99 - step=14680 | loss=0.051900 | grad_norm=0.823802 | learning_rate=0.000005 | epoch=1.689492
2026-02-21 20:15:38.221 | INFO     | __main__:on_log:99 - step=14685 | loss=0.059400 | grad_norm=0.523859 | learning_rate=0.000005 | epoch=1.690068
2026-02-21 20:15:51.177 | INFO     | __main__:on_log:99 - step=14690 | loss=0.065500 | grad_norm=0.590801 | learning_rate=0.000005 | epoch=1.690643
2026-02-21 20:16:04.144 | INFO     | __main__:on_log:99 - step=14695 | loss=0.046200 | grad_norm=0.377105 | learning_rate=0.000005 | epoch=1.691219
2026-02-21 20:16:17.087 | INFO     | __main__:on_log:99 - step=14700 | loss=0.039800 | grad_norm=0.548591 | learning_rate=0.000005 | epoch=1.691794
2026-02-21 20:16:30.041 | INFO     | __main__:on_log:99 - step=14705 | loss=0.087300 | grad_norm=0.667986 | learning_rate=0.000005 | epoch=1.692370
2026-02-21 20:16:43.005 | INFO     | __main__:on_log:99 - step=14710 | loss=0.052600 | grad_norm=0.669375 | learning_rate=0.000005 | epoch=1.692945
2026-02-21 20:16:55.957 | INFO     | __main__:on_log:99 - step=14715 | loss=0.041000 | grad_norm=0.500994 | learning_rate=0.000005 | epoch=1.693521
2026-02-21 20:17:08.918 | INFO     | __main__:on_log:99 - step=14720 | loss=0.062200 | grad_norm=0.601807 | learning_rate=0.000005 | epoch=1.694096
2026-02-21 20:17:21.863 | INFO     | __main__:on_log:99 - step=14725 | loss=0.064300 | grad_norm=0.614215 | learning_rate=0.000005 | epoch=1.694671
2026-02-21 20:17:34.807 | INFO     | __main__:on_log:99 - step=14730 | loss=0.070400 | grad_norm=0.783172 | learning_rate=0.000005 | epoch=1.695247
2026-02-21 20:17:47.745 | INFO     | __main__:on_log:99 - step=14735 | loss=0.054300 | grad_norm=0.633569 | learning_rate=0.000005 | epoch=1.695822
2026-02-21 20:18:00.708 | INFO     | __main__:on_log:99 - step=14740 | loss=0.053000 | grad_norm=0.372578 | learning_rate=0.000005 | epoch=1.696398
2026-02-21 20:18:13.654 | INFO     | __main__:on_log:99 - step=14745 | loss=0.048200 | grad_norm=0.623869 | learning_rate=0.000005 | epoch=1.696973
2026-02-21 20:18:26.609 | INFO     | __main__:on_log:99 - step=14750 | loss=0.056200 | grad_norm=0.485387 | learning_rate=0.000005 | epoch=1.697549
2026-02-21 20:18:39.558 | INFO     | __main__:on_log:99 - step=14755 | loss=0.062400 | grad_norm=0.517986 | learning_rate=0.000005 | epoch=1.698124
2026-02-21 20:18:52.510 | INFO     | __main__:on_log:99 - step=14760 | loss=0.081300 | grad_norm=1.178549 | learning_rate=0.000005 | epoch=1.698700
2026-02-21 20:19:05.454 | INFO     | __main__:on_log:99 - step=14765 | loss=0.064200 | grad_norm=0.501533 | learning_rate=0.000005 | epoch=1.699275
2026-02-21 20:19:18.438 | INFO     | __main__:on_log:99 - step=14770 | loss=0.058100 | grad_norm=0.509248 | learning_rate=0.000005 | epoch=1.699850
2026-02-21 20:19:31.431 | INFO     | __main__:on_log:99 - step=14775 | loss=0.076300 | grad_norm=0.558476 | learning_rate=0.000005 | epoch=1.700426
2026-02-21 20:19:44.429 | INFO     | __main__:on_log:99 - step=14780 | loss=0.068200 | grad_norm=0.488308 | learning_rate=0.000005 | epoch=1.701001
2026-02-21 20:19:57.450 | INFO     | __main__:on_log:99 - step=14785 | loss=0.067900 | grad_norm=0.682104 | learning_rate=0.000005 | epoch=1.701577
2026-02-21 20:20:10.434 | INFO     | __main__:on_log:99 - step=14790 | loss=0.061500 | grad_norm=0.626270 | learning_rate=0.000005 | epoch=1.702152
2026-02-21 20:20:23.405 | INFO     | __main__:on_log:99 - step=14795 | loss=0.059300 | grad_norm=0.562387 | learning_rate=0.000005 | epoch=1.702728
2026-02-21 20:20:36.430 | INFO     | __main__:on_log:99 - step=14800 | loss=0.089300 | grad_norm=1.320848 | learning_rate=0.000005 | epoch=1.703303
2026-02-21 20:20:49.430 | INFO     | __main__:on_log:99 - step=14805 | loss=0.062400 | grad_norm=0.678390 | learning_rate=0.000005 | epoch=1.703878
2026-02-21 20:21:02.408 | INFO     | __main__:on_log:99 - step=14810 | loss=0.064100 | grad_norm=0.879888 | learning_rate=0.000005 | epoch=1.704454
2026-02-21 20:21:15.430 | INFO     | __main__:on_log:99 - step=14815 | loss=0.049600 | grad_norm=0.510740 | learning_rate=0.000005 | epoch=1.705029
2026-02-21 20:21:28.414 | INFO     | __main__:on_log:99 - step=14820 | loss=0.037800 | grad_norm=0.624589 | learning_rate=0.000005 | epoch=1.705605
2026-02-21 20:21:41.400 | INFO     | __main__:on_log:99 - step=14825 | loss=0.060800 | grad_norm=0.606567 | learning_rate=0.000005 | epoch=1.706180
2026-02-21 20:21:54.356 | INFO     | __main__:on_log:99 - step=14830 | loss=0.063600 | grad_norm=0.859598 | learning_rate=0.000005 | epoch=1.706756
2026-02-21 20:22:07.335 | INFO     | __main__:on_log:99 - step=14835 | loss=0.053500 | grad_norm=0.668958 | learning_rate=0.000005 | epoch=1.707331
2026-02-21 20:22:20.299 | INFO     | __main__:on_log:99 - step=14840 | loss=0.056400 | grad_norm=0.407946 | learning_rate=0.000005 | epoch=1.707907
2026-02-21 20:22:33.249 | INFO     | __main__:on_log:99 - step=14845 | loss=0.058200 | grad_norm=0.531510 | learning_rate=0.000005 | epoch=1.708482
2026-02-21 20:22:46.197 | INFO     | __main__:on_log:99 - step=14850 | loss=0.071200 | grad_norm=0.832324 | learning_rate=0.000005 | epoch=1.709057
2026-02-21 20:22:59.151 | INFO     | __main__:on_log:99 - step=14855 | loss=0.063900 | grad_norm=0.562441 | learning_rate=0.000005 | epoch=1.709633
2026-02-21 20:23:12.135 | INFO     | __main__:on_log:99 - step=14860 | loss=0.063800 | grad_norm=0.461271 | learning_rate=0.000005 | epoch=1.710208
2026-02-21 20:23:25.135 | INFO     | __main__:on_log:99 - step=14865 | loss=0.033500 | grad_norm=0.498145 | learning_rate=0.000005 | epoch=1.710784
2026-02-21 20:23:38.128 | INFO     | __main__:on_log:99 - step=14870 | loss=0.046800 | grad_norm=0.465352 | learning_rate=0.000005 | epoch=1.711359
2026-02-21 20:23:51.108 | INFO     | __main__:on_log:99 - step=14875 | loss=0.062600 | grad_norm=0.395140 | learning_rate=0.000005 | epoch=1.711935
2026-02-21 20:24:04.068 | INFO     | __main__:on_log:99 - step=14880 | loss=0.049800 | grad_norm=0.623532 | learning_rate=0.000005 | epoch=1.712510
2026-02-21 20:24:17.014 | INFO     | __main__:on_log:99 - step=14885 | loss=0.077500 | grad_norm=0.647446 | learning_rate=0.000005 | epoch=1.713086
2026-02-21 20:24:29.982 | INFO     | __main__:on_log:99 - step=14890 | loss=0.056500 | grad_norm=0.708584 | learning_rate=0.000005 | epoch=1.713661
2026-02-21 20:24:42.941 | INFO     | __main__:on_log:99 - step=14895 | loss=0.055300 | grad_norm=0.631509 | learning_rate=0.000005 | epoch=1.714236
2026-02-21 20:24:55.889 | INFO     | __main__:on_log:99 - step=14900 | loss=0.042800 | grad_norm=0.499359 | learning_rate=0.000005 | epoch=1.714812
2026-02-21 20:25:08.838 | INFO     | __main__:on_log:99 - step=14905 | loss=0.068300 | grad_norm=0.624764 | learning_rate=0.000004 | epoch=1.715387
2026-02-21 20:25:21.801 | INFO     | __main__:on_log:99 - step=14910 | loss=0.056200 | grad_norm=1.026635 | learning_rate=0.000004 | epoch=1.715963
2026-02-21 20:25:34.749 | INFO     | __main__:on_log:99 - step=14915 | loss=0.046200 | grad_norm=0.529990 | learning_rate=0.000004 | epoch=1.716538
2026-02-21 20:25:47.690 | INFO     | __main__:on_log:99 - step=14920 | loss=0.056800 | grad_norm=0.594609 | learning_rate=0.000004 | epoch=1.717114
2026-02-21 20:26:00.636 | INFO     | __main__:on_log:99 - step=14925 | loss=0.069900 | grad_norm=0.991053 | learning_rate=0.000004 | epoch=1.717689
2026-02-21 20:26:13.598 | INFO     | __main__:on_log:99 - step=14930 | loss=0.043000 | grad_norm=0.458925 | learning_rate=0.000004 | epoch=1.718264
2026-02-21 20:26:26.545 | INFO     | __main__:on_log:99 - step=14935 | loss=0.061800 | grad_norm=0.480507 | learning_rate=0.000004 | epoch=1.718840
2026-02-21 20:26:39.513 | INFO     | __main__:on_log:99 - step=14940 | loss=0.054800 | grad_norm=0.536883 | learning_rate=0.000004 | epoch=1.719415
2026-02-21 20:26:52.515 | INFO     | __main__:on_log:99 - step=14945 | loss=0.060200 | grad_norm=1.015004 | learning_rate=0.000004 | epoch=1.719991
2026-02-21 20:27:05.472 | INFO     | __main__:on_log:99 - step=14950 | loss=0.046700 | grad_norm=0.524778 | learning_rate=0.000004 | epoch=1.720566
2026-02-21 20:27:18.440 | INFO     | __main__:on_log:99 - step=14955 | loss=0.051000 | grad_norm=0.487941 | learning_rate=0.000004 | epoch=1.721142
2026-02-21 20:27:31.425 | INFO     | __main__:on_log:99 - step=14960 | loss=0.064200 | grad_norm=0.582251 | learning_rate=0.000004 | epoch=1.721717
2026-02-21 20:27:44.413 | INFO     | __main__:on_log:99 - step=14965 | loss=0.072300 | grad_norm=0.556248 | learning_rate=0.000004 | epoch=1.722293
2026-02-21 20:27:57.437 | INFO     | __main__:on_log:99 - step=14970 | loss=0.048000 | grad_norm=0.642259 | learning_rate=0.000004 | epoch=1.722868
2026-02-21 20:28:10.407 | INFO     | __main__:on_log:99 - step=14975 | loss=0.057200 | grad_norm=0.784522 | learning_rate=0.000004 | epoch=1.723443
2026-02-21 20:28:23.341 | INFO     | __main__:on_log:99 - step=14980 | loss=0.058800 | grad_norm=0.535495 | learning_rate=0.000004 | epoch=1.724019
2026-02-21 20:28:36.316 | INFO     | __main__:on_log:99 - step=14985 | loss=0.063300 | grad_norm=0.643666 | learning_rate=0.000004 | epoch=1.724594
2026-02-21 20:28:49.285 | INFO     | __main__:on_log:99 - step=14990 | loss=0.052300 | grad_norm=0.630089 | learning_rate=0.000004 | epoch=1.725170
2026-02-21 20:29:02.239 | INFO     | __main__:on_log:99 - step=14995 | loss=0.062300 | grad_norm=0.755553 | learning_rate=0.000004 | epoch=1.725745
2026-02-21 20:29:15.230 | INFO     | __main__:on_log:99 - step=15000 | loss=0.043000 | grad_norm=0.358745 | learning_rate=0.000004 | epoch=1.726321
2026-02-21 20:57:52.004 | INFO     | __main__:on_log:99 - step=15000 | epoch=1.726321
2026-02-21 20:58:05.372 | INFO     | __main__:on_log:99 - step=15005 | loss=0.074600 | grad_norm=0.701721 | learning_rate=0.000004 | epoch=1.726896
2026-02-21 20:58:18.297 | INFO     | __main__:on_log:99 - step=15010 | loss=0.067800 | grad_norm=0.526669 | learning_rate=0.000004 | epoch=1.727472
2026-02-21 20:58:31.206 | INFO     | __main__:on_log:99 - step=15015 | loss=0.054700 | grad_norm=0.625013 | learning_rate=0.000004 | epoch=1.728047
2026-02-21 20:58:44.128 | INFO     | __main__:on_log:99 - step=15020 | loss=0.053600 | grad_norm=0.428139 | learning_rate=0.000004 | epoch=1.728622
2026-02-21 20:58:57.046 | INFO     | __main__:on_log:99 - step=15025 | loss=0.051100 | grad_norm=0.692025 | learning_rate=0.000004 | epoch=1.729198
2026-02-21 20:59:09.962 | INFO     | __main__:on_log:99 - step=15030 | loss=0.058100 | grad_norm=0.673907 | learning_rate=0.000004 | epoch=1.729773
2026-02-21 20:59:22.870 | INFO     | __main__:on_log:99 - step=15035 | loss=0.070100 | grad_norm=0.588877 | learning_rate=0.000004 | epoch=1.730349
2026-02-21 20:59:35.788 | INFO     | __main__:on_log:99 - step=15040 | loss=0.078000 | grad_norm=0.901864 | learning_rate=0.000004 | epoch=1.730924
2026-02-21 20:59:48.720 | INFO     | __main__:on_log:99 - step=15045 | loss=0.057200 | grad_norm=0.445017 | learning_rate=0.000004 | epoch=1.731500
2026-02-21 21:00:01.652 | INFO     | __main__:on_log:99 - step=15050 | loss=0.067000 | grad_norm=0.616477 | learning_rate=0.000004 | epoch=1.732075
2026-02-21 21:00:14.569 | INFO     | __main__:on_log:99 - step=15055 | loss=0.055300 | grad_norm=1.014270 | learning_rate=0.000004 | epoch=1.732650
2026-02-21 21:00:27.489 | INFO     | __main__:on_log:99 - step=15060 | loss=0.070600 | grad_norm=0.675660 | learning_rate=0.000004 | epoch=1.733226
2026-02-21 21:00:40.405 | INFO     | __main__:on_log:99 - step=15065 | loss=0.043300 | grad_norm=0.474784 | learning_rate=0.000004 | epoch=1.733801
2026-02-21 21:00:53.332 | INFO     | __main__:on_log:99 - step=15070 | loss=0.090700 | grad_norm=0.729472 | learning_rate=0.000004 | epoch=1.734377
2026-02-21 21:01:06.257 | INFO     | __main__:on_log:99 - step=15075 | loss=0.050200 | grad_norm=0.896104 | learning_rate=0.000004 | epoch=1.734952
2026-02-21 21:01:19.192 | INFO     | __main__:on_log:99 - step=15080 | loss=0.061300 | grad_norm=0.667244 | learning_rate=0.000004 | epoch=1.735528
2026-02-21 21:01:32.126 | INFO     | __main__:on_log:99 - step=15085 | loss=0.050800 | grad_norm=0.776302 | learning_rate=0.000004 | epoch=1.736103
2026-02-21 21:01:45.059 | INFO     | __main__:on_log:99 - step=15090 | loss=0.057100 | grad_norm=0.830864 | learning_rate=0.000004 | epoch=1.736679
2026-02-21 21:01:57.994 | INFO     | __main__:on_log:99 - step=15095 | loss=0.065100 | grad_norm=0.627429 | learning_rate=0.000004 | epoch=1.737254
2026-02-21 21:02:10.930 | INFO     | __main__:on_log:99 - step=15100 | loss=0.068600 | grad_norm=0.683883 | learning_rate=0.000004 | epoch=1.737829
2026-02-21 21:02:23.860 | INFO     | __main__:on_log:99 - step=15105 | loss=0.054900 | grad_norm=0.713177 | learning_rate=0.000004 | epoch=1.738405
2026-02-21 21:02:36.783 | INFO     | __main__:on_log:99 - step=15110 | loss=0.062900 | grad_norm=0.756759 | learning_rate=0.000004 | epoch=1.738980
2026-02-21 21:02:49.717 | INFO     | __main__:on_log:99 - step=15115 | loss=0.049100 | grad_norm=0.527922 | learning_rate=0.000004 | epoch=1.739556
2026-02-21 21:03:02.660 | INFO     | __main__:on_log:99 - step=15120 | loss=0.081100 | grad_norm=0.863902 | learning_rate=0.000004 | epoch=1.740131
2026-02-21 21:03:15.615 | INFO     | __main__:on_log:99 - step=15125 | loss=0.064400 | grad_norm=0.587718 | learning_rate=0.000004 | epoch=1.740707
2026-02-21 21:03:28.557 | INFO     | __main__:on_log:99 - step=15130 | loss=0.067700 | grad_norm=0.782685 | learning_rate=0.000004 | epoch=1.741282
2026-02-21 21:03:41.497 | INFO     | __main__:on_log:99 - step=15135 | loss=0.064300 | grad_norm=0.818541 | learning_rate=0.000004 | epoch=1.741858
2026-02-21 21:03:54.429 | INFO     | __main__:on_log:99 - step=15140 | loss=0.072200 | grad_norm=0.849355 | learning_rate=0.000004 | epoch=1.742433
2026-02-21 21:04:07.358 | INFO     | __main__:on_log:99 - step=15145 | loss=0.049000 | grad_norm=0.573470 | learning_rate=0.000004 | epoch=1.743008
2026-02-21 21:04:20.297 | INFO     | __main__:on_log:99 - step=15150 | loss=0.049800 | grad_norm=0.563916 | learning_rate=0.000004 | epoch=1.743584
2026-02-21 21:04:33.237 | INFO     | __main__:on_log:99 - step=15155 | loss=0.066100 | grad_norm=0.749267 | learning_rate=0.000004 | epoch=1.744159
2026-02-21 21:04:46.154 | INFO     | __main__:on_log:99 - step=15160 | loss=0.063500 | grad_norm=0.601583 | learning_rate=0.000004 | epoch=1.744735
2026-02-21 21:04:59.068 | INFO     | __main__:on_log:99 - step=15165 | loss=0.051600 | grad_norm=0.463101 | learning_rate=0.000004 | epoch=1.745310
2026-02-21 21:05:12.005 | INFO     | __main__:on_log:99 - step=15170 | loss=0.056500 | grad_norm=0.548191 | learning_rate=0.000004 | epoch=1.745886
2026-02-21 21:05:24.934 | INFO     | __main__:on_log:99 - step=15175 | loss=0.056300 | grad_norm=0.383194 | learning_rate=0.000004 | epoch=1.746461
2026-02-21 21:05:37.870 | INFO     | __main__:on_log:99 - step=15180 | loss=0.066800 | grad_norm=0.750621 | learning_rate=0.000004 | epoch=1.747036
2026-02-21 21:05:50.782 | INFO     | __main__:on_log:99 - step=15185 | loss=0.056100 | grad_norm=0.420454 | learning_rate=0.000004 | epoch=1.747612
2026-02-21 21:06:03.688 | INFO     | __main__:on_log:99 - step=15190 | loss=0.060900 | grad_norm=0.558743 | learning_rate=0.000004 | epoch=1.748187
2026-02-21 21:06:16.601 | INFO     | __main__:on_log:99 - step=15195 | loss=0.069100 | grad_norm=0.817143 | learning_rate=0.000004 | epoch=1.748763
2026-02-21 21:06:29.538 | INFO     | __main__:on_log:99 - step=15200 | loss=0.060300 | grad_norm=0.621503 | learning_rate=0.000004 | epoch=1.749338
2026-02-21 21:06:42.459 | INFO     | __main__:on_log:99 - step=15205 | loss=0.070400 | grad_norm=0.409903 | learning_rate=0.000004 | epoch=1.749914
2026-02-21 21:06:55.369 | INFO     | __main__:on_log:99 - step=15210 | loss=0.056400 | grad_norm=0.537127 | learning_rate=0.000004 | epoch=1.750489
2026-02-21 21:07:08.281 | INFO     | __main__:on_log:99 - step=15215 | loss=0.062200 | grad_norm=0.549504 | learning_rate=0.000004 | epoch=1.751065
2026-02-21 21:07:21.190 | INFO     | __main__:on_log:99 - step=15220 | loss=0.066900 | grad_norm=0.689930 | learning_rate=0.000004 | epoch=1.751640
2026-02-21 21:07:34.377 | INFO     | __main__:on_log:99 - step=15225 | loss=0.052800 | grad_norm=0.686229 | learning_rate=0.000004 | epoch=1.752215
2026-02-21 21:07:47.274 | INFO     | __main__:on_log:99 - step=15230 | loss=0.039900 | grad_norm=0.524277 | learning_rate=0.000004 | epoch=1.752791
2026-02-21 21:08:00.176 | INFO     | __main__:on_log:99 - step=15235 | loss=0.067300 | grad_norm=0.744451 | learning_rate=0.000004 | epoch=1.753366
2026-02-21 21:08:13.072 | INFO     | __main__:on_log:99 - step=15240 | loss=0.046400 | grad_norm=0.675231 | learning_rate=0.000004 | epoch=1.753942
2026-02-21 21:08:25.985 | INFO     | __main__:on_log:99 - step=15245 | loss=0.083700 | grad_norm=0.836450 | learning_rate=0.000004 | epoch=1.754517
2026-02-21 21:08:38.892 | INFO     | __main__:on_log:99 - step=15250 | loss=0.061300 | grad_norm=0.683147 | learning_rate=0.000004 | epoch=1.755093
2026-02-21 21:08:51.805 | INFO     | __main__:on_log:99 - step=15255 | loss=0.057300 | grad_norm=0.597123 | learning_rate=0.000004 | epoch=1.755668
2026-02-21 21:09:04.710 | INFO     | __main__:on_log:99 - step=15260 | loss=0.068800 | grad_norm=0.686310 | learning_rate=0.000004 | epoch=1.756244
2026-02-21 21:09:17.618 | INFO     | __main__:on_log:99 - step=15265 | loss=0.066900 | grad_norm=0.713424 | learning_rate=0.000004 | epoch=1.756819
2026-02-21 21:09:30.524 | INFO     | __main__:on_log:99 - step=15270 | loss=0.052800 | grad_norm=0.337810 | learning_rate=0.000004 | epoch=1.757394
2026-02-21 21:09:43.433 | INFO     | __main__:on_log:99 - step=15275 | loss=0.051100 | grad_norm=0.416445 | learning_rate=0.000004 | epoch=1.757970
2026-02-21 21:09:56.358 | INFO     | __main__:on_log:99 - step=15280 | loss=0.053600 | grad_norm=0.596949 | learning_rate=0.000004 | epoch=1.758545
2026-02-21 21:10:09.286 | INFO     | __main__:on_log:99 - step=15285 | loss=0.086100 | grad_norm=0.568909 | learning_rate=0.000004 | epoch=1.759121
2026-02-21 21:10:22.200 | INFO     | __main__:on_log:99 - step=15290 | loss=0.054200 | grad_norm=0.385826 | learning_rate=0.000004 | epoch=1.759696
2026-02-21 21:10:35.117 | INFO     | __main__:on_log:99 - step=15295 | loss=0.050000 | grad_norm=0.940599 | learning_rate=0.000004 | epoch=1.760272
2026-02-21 21:10:48.017 | INFO     | __main__:on_log:99 - step=15300 | loss=0.061300 | grad_norm=0.619373 | learning_rate=0.000004 | epoch=1.760847
2026-02-21 21:11:00.927 | INFO     | __main__:on_log:99 - step=15305 | loss=0.072500 | grad_norm=0.904937 | learning_rate=0.000004 | epoch=1.761422
2026-02-21 21:11:13.851 | INFO     | __main__:on_log:99 - step=15310 | loss=0.058400 | grad_norm=0.469664 | learning_rate=0.000004 | epoch=1.761998
2026-02-21 21:11:26.772 | INFO     | __main__:on_log:99 - step=15315 | loss=0.043000 | grad_norm=0.420200 | learning_rate=0.000004 | epoch=1.762573
2026-02-21 21:11:39.695 | INFO     | __main__:on_log:99 - step=15320 | loss=0.065900 | grad_norm=0.573294 | learning_rate=0.000004 | epoch=1.763149
2026-02-21 21:11:52.615 | INFO     | __main__:on_log:99 - step=15325 | loss=0.080400 | grad_norm=0.814100 | learning_rate=0.000004 | epoch=1.763724
2026-02-21 21:12:05.559 | INFO     | __main__:on_log:99 - step=15330 | loss=0.054000 | grad_norm=0.568743 | learning_rate=0.000004 | epoch=1.764300
2026-02-21 21:12:18.490 | INFO     | __main__:on_log:99 - step=15335 | loss=0.043500 | grad_norm=0.735959 | learning_rate=0.000004 | epoch=1.764875
2026-02-21 21:12:31.430 | INFO     | __main__:on_log:99 - step=15340 | loss=0.086600 | grad_norm=0.886871 | learning_rate=0.000004 | epoch=1.765451
2026-02-21 21:12:44.374 | INFO     | __main__:on_log:99 - step=15345 | loss=0.061500 | grad_norm=0.659045 | learning_rate=0.000004 | epoch=1.766026
2026-02-21 21:12:57.306 | INFO     | __main__:on_log:99 - step=15350 | loss=0.054400 | grad_norm=0.557133 | learning_rate=0.000004 | epoch=1.766601
2026-02-21 21:13:10.251 | INFO     | __main__:on_log:99 - step=15355 | loss=0.060600 | grad_norm=0.511847 | learning_rate=0.000004 | epoch=1.767177
2026-02-21 21:13:23.175 | INFO     | __main__:on_log:99 - step=15360 | loss=0.053300 | grad_norm=0.509410 | learning_rate=0.000004 | epoch=1.767752
2026-02-21 21:13:36.103 | INFO     | __main__:on_log:99 - step=15365 | loss=0.055400 | grad_norm=0.842653 | learning_rate=0.000004 | epoch=1.768328
2026-02-21 21:13:49.035 | INFO     | __main__:on_log:99 - step=15370 | loss=0.063800 | grad_norm=0.793648 | learning_rate=0.000004 | epoch=1.768903
2026-02-21 21:14:01.970 | INFO     | __main__:on_log:99 - step=15375 | loss=0.061000 | grad_norm=0.597140 | learning_rate=0.000004 | epoch=1.769479
2026-02-21 21:14:14.909 | INFO     | __main__:on_log:99 - step=15380 | loss=0.060200 | grad_norm=0.405673 | learning_rate=0.000004 | epoch=1.770054
2026-02-21 21:14:27.843 | INFO     | __main__:on_log:99 - step=15385 | loss=0.071800 | grad_norm=0.765670 | learning_rate=0.000004 | epoch=1.770630
2026-02-21 21:14:40.792 | INFO     | __main__:on_log:99 - step=15390 | loss=0.071500 | grad_norm=0.560696 | learning_rate=0.000004 | epoch=1.771205
2026-02-21 21:14:53.735 | INFO     | __main__:on_log:99 - step=15395 | loss=0.084000 | grad_norm=0.880958 | learning_rate=0.000004 | epoch=1.771780
2026-02-21 21:15:06.663 | INFO     | __main__:on_log:99 - step=15400 | loss=0.064200 | grad_norm=0.991180 | learning_rate=0.000004 | epoch=1.772356
2026-02-21 21:15:19.597 | INFO     | __main__:on_log:99 - step=15405 | loss=0.058800 | grad_norm=0.390246 | learning_rate=0.000004 | epoch=1.772931
2026-02-21 21:15:32.515 | INFO     | __main__:on_log:99 - step=15410 | loss=0.063000 | grad_norm=0.523168 | learning_rate=0.000004 | epoch=1.773507
2026-02-21 21:15:45.439 | INFO     | __main__:on_log:99 - step=15415 | loss=0.061800 | grad_norm=0.440789 | learning_rate=0.000004 | epoch=1.774082
2026-02-21 21:15:58.351 | INFO     | __main__:on_log:99 - step=15420 | loss=0.058700 | grad_norm=0.746151 | learning_rate=0.000004 | epoch=1.774658
2026-02-21 21:16:11.260 | INFO     | __main__:on_log:99 - step=15425 | loss=0.059600 | grad_norm=0.523436 | learning_rate=0.000004 | epoch=1.775233
2026-02-21 21:16:24.178 | INFO     | __main__:on_log:99 - step=15430 | loss=0.064300 | grad_norm=1.028885 | learning_rate=0.000004 | epoch=1.775808
2026-02-21 21:16:37.098 | INFO     | __main__:on_log:99 - step=15435 | loss=0.085700 | grad_norm=0.659080 | learning_rate=0.000004 | epoch=1.776384
2026-02-21 21:16:50.027 | INFO     | __main__:on_log:99 - step=15440 | loss=0.056500 | grad_norm=0.510079 | learning_rate=0.000004 | epoch=1.776959
2026-02-21 21:17:02.945 | INFO     | __main__:on_log:99 - step=15445 | loss=0.055400 | grad_norm=0.713952 | learning_rate=0.000004 | epoch=1.777535
2026-02-21 21:17:15.869 | INFO     | __main__:on_log:99 - step=15450 | loss=0.055700 | grad_norm=0.520233 | learning_rate=0.000004 | epoch=1.778110
2026-02-21 21:17:28.812 | INFO     | __main__:on_log:99 - step=15455 | loss=0.057300 | grad_norm=0.593055 | learning_rate=0.000003 | epoch=1.778686
2026-02-21 21:17:41.743 | INFO     | __main__:on_log:99 - step=15460 | loss=0.057300 | grad_norm=0.611323 | learning_rate=0.000003 | epoch=1.779261
2026-02-21 21:17:54.677 | INFO     | __main__:on_log:99 - step=15465 | loss=0.057700 | grad_norm=0.869441 | learning_rate=0.000003 | epoch=1.779837
2026-02-21 21:18:07.616 | INFO     | __main__:on_log:99 - step=15470 | loss=0.084100 | grad_norm=0.482073 | learning_rate=0.000003 | epoch=1.780412
2026-02-21 21:18:20.548 | INFO     | __main__:on_log:99 - step=15475 | loss=0.045000 | grad_norm=0.731027 | learning_rate=0.000003 | epoch=1.780987
2026-02-21 21:18:33.476 | INFO     | __main__:on_log:99 - step=15480 | loss=0.044700 | grad_norm=0.672287 | learning_rate=0.000003 | epoch=1.781563
2026-02-21 21:18:46.404 | INFO     | __main__:on_log:99 - step=15485 | loss=0.064300 | grad_norm=0.738055 | learning_rate=0.000003 | epoch=1.782138
2026-02-21 21:18:59.310 | INFO     | __main__:on_log:99 - step=15490 | loss=0.060800 | grad_norm=0.535574 | learning_rate=0.000003 | epoch=1.782714
2026-02-21 21:19:12.221 | INFO     | __main__:on_log:99 - step=15495 | loss=0.042600 | grad_norm=0.428414 | learning_rate=0.000003 | epoch=1.783289
2026-02-21 21:19:25.123 | INFO     | __main__:on_log:99 - step=15500 | loss=0.040000 | grad_norm=0.479420 | learning_rate=0.000003 | epoch=1.783865
2026-02-21 21:19:38.074 | INFO     | __main__:on_log:99 - step=15505 | loss=0.058100 | grad_norm=0.317610 | learning_rate=0.000003 | epoch=1.784440
2026-02-21 21:19:50.992 | INFO     | __main__:on_log:99 - step=15510 | loss=0.040500 | grad_norm=0.694539 | learning_rate=0.000003 | epoch=1.785016
2026-02-21 21:20:03.906 | INFO     | __main__:on_log:99 - step=15515 | loss=0.048200 | grad_norm=0.456472 | learning_rate=0.000003 | epoch=1.785591
2026-02-21 21:20:16.818 | INFO     | __main__:on_log:99 - step=15520 | loss=0.048700 | grad_norm=0.841044 | learning_rate=0.000003 | epoch=1.786166
2026-02-21 21:20:29.729 | INFO     | __main__:on_log:99 - step=15525 | loss=0.069500 | grad_norm=0.658323 | learning_rate=0.000003 | epoch=1.786742
2026-02-21 21:20:42.647 | INFO     | __main__:on_log:99 - step=15530 | loss=0.063600 | grad_norm=0.879850 | learning_rate=0.000003 | epoch=1.787317
2026-02-21 21:20:55.552 | INFO     | __main__:on_log:99 - step=15535 | loss=0.041200 | grad_norm=0.390692 | learning_rate=0.000003 | epoch=1.787893
2026-02-21 21:21:08.460 | INFO     | __main__:on_log:99 - step=15540 | loss=0.052700 | grad_norm=0.647121 | learning_rate=0.000003 | epoch=1.788468
2026-02-21 21:21:21.382 | INFO     | __main__:on_log:99 - step=15545 | loss=0.045600 | grad_norm=0.474222 | learning_rate=0.000003 | epoch=1.789044
2026-02-21 21:21:34.288 | INFO     | __main__:on_log:99 - step=15550 | loss=0.043700 | grad_norm=0.696441 | learning_rate=0.000003 | epoch=1.789619
2026-02-21 21:21:47.204 | INFO     | __main__:on_log:99 - step=15555 | loss=0.051600 | grad_norm=0.686194 | learning_rate=0.000003 | epoch=1.790194
2026-02-21 21:22:00.112 | INFO     | __main__:on_log:99 - step=15560 | loss=0.049200 | grad_norm=0.882966 | learning_rate=0.000003 | epoch=1.790770
2026-02-21 21:22:13.027 | INFO     | __main__:on_log:99 - step=15565 | loss=0.069200 | grad_norm=0.472604 | learning_rate=0.000003 | epoch=1.791345
2026-02-21 21:22:25.939 | INFO     | __main__:on_log:99 - step=15570 | loss=0.056800 | grad_norm=0.606271 | learning_rate=0.000003 | epoch=1.791921
2026-02-21 21:22:38.848 | INFO     | __main__:on_log:99 - step=15575 | loss=0.053000 | grad_norm=0.669553 | learning_rate=0.000003 | epoch=1.792496
2026-02-21 21:22:51.774 | INFO     | __main__:on_log:99 - step=15580 | loss=0.045400 | grad_norm=0.775872 | learning_rate=0.000003 | epoch=1.793072
2026-02-21 21:23:04.697 | INFO     | __main__:on_log:99 - step=15585 | loss=0.055000 | grad_norm=0.686701 | learning_rate=0.000003 | epoch=1.793647
2026-02-21 21:23:17.602 | INFO     | __main__:on_log:99 - step=15590 | loss=0.052100 | grad_norm=0.386921 | learning_rate=0.000003 | epoch=1.794223
2026-02-21 21:23:30.518 | INFO     | __main__:on_log:99 - step=15595 | loss=0.050000 | grad_norm=0.586872 | learning_rate=0.000003 | epoch=1.794798
2026-02-21 21:23:43.427 | INFO     | __main__:on_log:99 - step=15600 | loss=0.065500 | grad_norm=0.939807 | learning_rate=0.000003 | epoch=1.795373
2026-02-21 21:23:56.345 | INFO     | __main__:on_log:99 - step=15605 | loss=0.050100 | grad_norm=0.690816 | learning_rate=0.000003 | epoch=1.795949
2026-02-21 21:24:09.266 | INFO     | __main__:on_log:99 - step=15610 | loss=0.052900 | grad_norm=0.750761 | learning_rate=0.000003 | epoch=1.796524
2026-02-21 21:24:22.174 | INFO     | __main__:on_log:99 - step=15615 | loss=0.063200 | grad_norm=0.677833 | learning_rate=0.000003 | epoch=1.797100
2026-02-21 21:24:35.083 | INFO     | __main__:on_log:99 - step=15620 | loss=0.059000 | grad_norm=0.640021 | learning_rate=0.000003 | epoch=1.797675
2026-02-21 21:24:47.997 | INFO     | __main__:on_log:99 - step=15625 | loss=0.061200 | grad_norm=0.844514 | learning_rate=0.000003 | epoch=1.798251
2026-02-21 21:25:00.898 | INFO     | __main__:on_log:99 - step=15630 | loss=0.068400 | grad_norm=0.576964 | learning_rate=0.000003 | epoch=1.798826
2026-02-21 21:25:13.808 | INFO     | __main__:on_log:99 - step=15635 | loss=0.054800 | grad_norm=0.651871 | learning_rate=0.000003 | epoch=1.799402
2026-02-21 21:25:26.734 | INFO     | __main__:on_log:99 - step=15640 | loss=0.057500 | grad_norm=0.541898 | learning_rate=0.000003 | epoch=1.799977
2026-02-21 21:25:39.644 | INFO     | __main__:on_log:99 - step=15645 | loss=0.063200 | grad_norm=0.845510 | learning_rate=0.000003 | epoch=1.800552
2026-02-21 21:25:52.573 | INFO     | __main__:on_log:99 - step=15650 | loss=0.060400 | grad_norm=0.404362 | learning_rate=0.000003 | epoch=1.801128
2026-02-21 21:26:05.483 | INFO     | __main__:on_log:99 - step=15655 | loss=0.056600 | grad_norm=0.518645 | learning_rate=0.000003 | epoch=1.801703
2026-02-21 21:26:18.387 | INFO     | __main__:on_log:99 - step=15660 | loss=0.044100 | grad_norm=0.527517 | learning_rate=0.000003 | epoch=1.802279
2026-02-21 21:26:31.308 | INFO     | __main__:on_log:99 - step=15665 | loss=0.061900 | grad_norm=0.437529 | learning_rate=0.000003 | epoch=1.802854
2026-02-21 21:26:44.224 | INFO     | __main__:on_log:99 - step=15670 | loss=0.041100 | grad_norm=0.648004 | learning_rate=0.000003 | epoch=1.803430
2026-02-21 21:26:57.137 | INFO     | __main__:on_log:99 - step=15675 | loss=0.045100 | grad_norm=0.432395 | learning_rate=0.000003 | epoch=1.804005
2026-02-21 21:27:10.044 | INFO     | __main__:on_log:99 - step=15680 | loss=0.063100 | grad_norm=0.806382 | learning_rate=0.000003 | epoch=1.804581
2026-02-21 21:27:22.952 | INFO     | __main__:on_log:99 - step=15685 | loss=0.072500 | grad_norm=0.923679 | learning_rate=0.000003 | epoch=1.805156
2026-02-21 21:27:35.874 | INFO     | __main__:on_log:99 - step=15690 | loss=0.060400 | grad_norm=0.532870 | learning_rate=0.000003 | epoch=1.805731
2026-02-21 21:27:48.801 | INFO     | __main__:on_log:99 - step=15695 | loss=0.065700 | grad_norm=0.552926 | learning_rate=0.000003 | epoch=1.806307
2026-02-21 21:28:01.714 | INFO     | __main__:on_log:99 - step=15700 | loss=0.055400 | grad_norm=0.469147 | learning_rate=0.000003 | epoch=1.806882
2026-02-21 21:28:14.615 | INFO     | __main__:on_log:99 - step=15705 | loss=0.044600 | grad_norm=0.426506 | learning_rate=0.000003 | epoch=1.807458
2026-02-21 21:28:27.521 | INFO     | __main__:on_log:99 - step=15710 | loss=0.074500 | grad_norm=0.459906 | learning_rate=0.000003 | epoch=1.808033
2026-02-21 21:28:40.433 | INFO     | __main__:on_log:99 - step=15715 | loss=0.067100 | grad_norm=0.879935 | learning_rate=0.000003 | epoch=1.808609
2026-02-21 21:28:53.333 | INFO     | __main__:on_log:99 - step=15720 | loss=0.039100 | grad_norm=0.457427 | learning_rate=0.000003 | epoch=1.809184
2026-02-21 21:29:06.236 | INFO     | __main__:on_log:99 - step=15725 | loss=0.045600 | grad_norm=0.652506 | learning_rate=0.000003 | epoch=1.809759
2026-02-21 21:29:19.138 | INFO     | __main__:on_log:99 - step=15730 | loss=0.059700 | grad_norm=0.611576 | learning_rate=0.000003 | epoch=1.810335
2026-02-21 21:29:32.041 | INFO     | __main__:on_log:99 - step=15735 | loss=0.038000 | grad_norm=0.403130 | learning_rate=0.000003 | epoch=1.810910
2026-02-21 21:29:44.942 | INFO     | __main__:on_log:99 - step=15740 | loss=0.066500 | grad_norm=0.688275 | learning_rate=0.000003 | epoch=1.811486
2026-02-21 21:29:57.855 | INFO     | __main__:on_log:99 - step=15745 | loss=0.056400 | grad_norm=0.760807 | learning_rate=0.000003 | epoch=1.812061
2026-02-21 21:30:10.762 | INFO     | __main__:on_log:99 - step=15750 | loss=0.079000 | grad_norm=0.652077 | learning_rate=0.000003 | epoch=1.812637
2026-02-21 21:30:23.670 | INFO     | __main__:on_log:99 - step=15755 | loss=0.063300 | grad_norm=0.572244 | learning_rate=0.000003 | epoch=1.813212
2026-02-21 21:30:36.580 | INFO     | __main__:on_log:99 - step=15760 | loss=0.051400 | grad_norm=0.548726 | learning_rate=0.000003 | epoch=1.813788
2026-02-21 21:30:49.492 | INFO     | __main__:on_log:99 - step=15765 | loss=0.067800 | grad_norm=0.688169 | learning_rate=0.000003 | epoch=1.814363
2026-02-21 21:31:02.396 | INFO     | __main__:on_log:99 - step=15770 | loss=0.064200 | grad_norm=0.599782 | learning_rate=0.000003 | epoch=1.814938
2026-02-21 21:31:15.301 | INFO     | __main__:on_log:99 - step=15775 | loss=0.066100 | grad_norm=0.454365 | learning_rate=0.000003 | epoch=1.815514
2026-02-21 21:31:28.200 | INFO     | __main__:on_log:99 - step=15780 | loss=0.057500 | grad_norm=0.514799 | learning_rate=0.000003 | epoch=1.816089
2026-02-21 21:31:41.106 | INFO     | __main__:on_log:99 - step=15785 | loss=0.061800 | grad_norm=1.053917 | learning_rate=0.000003 | epoch=1.816665
2026-02-21 21:31:54.011 | INFO     | __main__:on_log:99 - step=15790 | loss=0.062100 | grad_norm=0.555568 | learning_rate=0.000003 | epoch=1.817240
2026-02-21 21:32:06.913 | INFO     | __main__:on_log:99 - step=15795 | loss=0.059400 | grad_norm=0.715979 | learning_rate=0.000003 | epoch=1.817816
2026-02-21 21:32:19.809 | INFO     | __main__:on_log:99 - step=15800 | loss=0.066200 | grad_norm=0.552084 | learning_rate=0.000003 | epoch=1.818391
2026-02-21 21:32:32.705 | INFO     | __main__:on_log:99 - step=15805 | loss=0.068100 | grad_norm=0.598589 | learning_rate=0.000003 | epoch=1.818967
2026-02-21 21:32:45.607 | INFO     | __main__:on_log:99 - step=15810 | loss=0.065200 | grad_norm=0.486686 | learning_rate=0.000003 | epoch=1.819542
2026-02-21 21:32:58.504 | INFO     | __main__:on_log:99 - step=15815 | loss=0.072100 | grad_norm=0.792983 | learning_rate=0.000003 | epoch=1.820117
2026-02-21 21:33:11.407 | INFO     | __main__:on_log:99 - step=15820 | loss=0.077700 | grad_norm=0.487743 | learning_rate=0.000003 | epoch=1.820693
2026-02-21 21:33:24.320 | INFO     | __main__:on_log:99 - step=15825 | loss=0.073600 | grad_norm=0.644816 | learning_rate=0.000003 | epoch=1.821268
2026-02-21 21:33:37.214 | INFO     | __main__:on_log:99 - step=15830 | loss=0.066900 | grad_norm=0.950545 | learning_rate=0.000003 | epoch=1.821844
2026-02-21 21:33:50.130 | INFO     | __main__:on_log:99 - step=15835 | loss=0.060900 | grad_norm=0.948321 | learning_rate=0.000003 | epoch=1.822419
2026-02-21 21:34:03.031 | INFO     | __main__:on_log:99 - step=15840 | loss=0.063700 | grad_norm=0.509005 | learning_rate=0.000003 | epoch=1.822995
2026-02-21 21:34:15.930 | INFO     | __main__:on_log:99 - step=15845 | loss=0.053200 | grad_norm=0.638188 | learning_rate=0.000003 | epoch=1.823570
2026-02-21 21:34:28.833 | INFO     | __main__:on_log:99 - step=15850 | loss=0.067100 | grad_norm=0.732342 | learning_rate=0.000003 | epoch=1.824145
2026-02-21 21:34:41.738 | INFO     | __main__:on_log:99 - step=15855 | loss=0.057800 | grad_norm=0.463620 | learning_rate=0.000003 | epoch=1.824721
2026-02-21 21:34:54.646 | INFO     | __main__:on_log:99 - step=15860 | loss=0.062800 | grad_norm=0.577365 | learning_rate=0.000003 | epoch=1.825296
2026-02-21 21:35:07.554 | INFO     | __main__:on_log:99 - step=15865 | loss=0.049800 | grad_norm=0.509259 | learning_rate=0.000003 | epoch=1.825872
2026-02-21 21:35:20.454 | INFO     | __main__:on_log:99 - step=15870 | loss=0.054600 | grad_norm=0.697957 | learning_rate=0.000003 | epoch=1.826447
2026-02-21 21:35:33.409 | INFO     | __main__:on_log:99 - step=15875 | loss=0.086600 | grad_norm=0.964782 | learning_rate=0.000003 | epoch=1.827023
2026-02-21 21:35:46.322 | INFO     | __main__:on_log:99 - step=15880 | loss=0.054200 | grad_norm=0.384900 | learning_rate=0.000003 | epoch=1.827598
2026-02-21 21:35:59.225 | INFO     | __main__:on_log:99 - step=15885 | loss=0.072400 | grad_norm=0.590268 | learning_rate=0.000003 | epoch=1.828174
2026-02-21 21:36:12.125 | INFO     | __main__:on_log:99 - step=15890 | loss=0.066100 | grad_norm=0.823369 | learning_rate=0.000003 | epoch=1.828749
2026-02-21 21:36:25.050 | INFO     | __main__:on_log:99 - step=15895 | loss=0.059500 | grad_norm=0.746974 | learning_rate=0.000003 | epoch=1.829324
2026-02-21 21:36:37.974 | INFO     | __main__:on_log:99 - step=15900 | loss=0.063600 | grad_norm=0.527306 | learning_rate=0.000003 | epoch=1.829900
2026-02-21 21:36:50.878 | INFO     | __main__:on_log:99 - step=15905 | loss=0.064100 | grad_norm=0.656252 | learning_rate=0.000003 | epoch=1.830475
2026-02-21 21:37:03.786 | INFO     | __main__:on_log:99 - step=15910 | loss=0.074600 | grad_norm=0.465250 | learning_rate=0.000003 | epoch=1.831051
2026-02-21 21:37:16.698 | INFO     | __main__:on_log:99 - step=15915 | loss=0.040300 | grad_norm=0.573599 | learning_rate=0.000003 | epoch=1.831626
2026-02-21 21:37:29.609 | INFO     | __main__:on_log:99 - step=15920 | loss=0.058100 | grad_norm=0.935367 | learning_rate=0.000003 | epoch=1.832202
2026-02-21 21:37:42.518 | INFO     | __main__:on_log:99 - step=15925 | loss=0.068600 | grad_norm=0.397813 | learning_rate=0.000003 | epoch=1.832777
2026-02-21 21:37:55.427 | INFO     | __main__:on_log:99 - step=15930 | loss=0.076600 | grad_norm=0.692444 | learning_rate=0.000003 | epoch=1.833353
2026-02-21 21:38:08.339 | INFO     | __main__:on_log:99 - step=15935 | loss=0.060000 | grad_norm=0.542211 | learning_rate=0.000003 | epoch=1.833928
2026-02-21 21:38:21.260 | INFO     | __main__:on_log:99 - step=15940 | loss=0.070000 | grad_norm=0.764488 | learning_rate=0.000003 | epoch=1.834503
2026-02-21 21:38:34.171 | INFO     | __main__:on_log:99 - step=15945 | loss=0.070600 | grad_norm=0.822249 | learning_rate=0.000003 | epoch=1.835079
2026-02-21 21:38:47.071 | INFO     | __main__:on_log:99 - step=15950 | loss=0.066200 | grad_norm=0.607255 | learning_rate=0.000003 | epoch=1.835654
2026-02-21 21:38:59.972 | INFO     | __main__:on_log:99 - step=15955 | loss=0.047700 | grad_norm=0.432853 | learning_rate=0.000003 | epoch=1.836230
2026-02-21 21:39:12.877 | INFO     | __main__:on_log:99 - step=15960 | loss=0.064400 | grad_norm=0.494573 | learning_rate=0.000003 | epoch=1.836805
2026-02-21 21:39:25.777 | INFO     | __main__:on_log:99 - step=15965 | loss=0.065200 | grad_norm=0.596012 | learning_rate=0.000003 | epoch=1.837381
2026-02-21 21:39:38.689 | INFO     | __main__:on_log:99 - step=15970 | loss=0.069300 | grad_norm=0.539116 | learning_rate=0.000003 | epoch=1.837956
2026-02-21 21:39:51.625 | INFO     | __main__:on_log:99 - step=15975 | loss=0.066600 | grad_norm=0.632245 | learning_rate=0.000003 | epoch=1.838531
2026-02-21 21:40:04.552 | INFO     | __main__:on_log:99 - step=15980 | loss=0.059100 | grad_norm=0.519409 | learning_rate=0.000003 | epoch=1.839107
2026-02-21 21:40:17.478 | INFO     | __main__:on_log:99 - step=15985 | loss=0.064600 | grad_norm=0.584938 | learning_rate=0.000003 | epoch=1.839682
2026-02-21 21:40:30.403 | INFO     | __main__:on_log:99 - step=15990 | loss=0.065600 | grad_norm=0.546436 | learning_rate=0.000003 | epoch=1.840258
2026-02-21 21:40:43.320 | INFO     | __main__:on_log:99 - step=15995 | loss=0.049800 | grad_norm=0.478380 | learning_rate=0.000003 | epoch=1.840833
2026-02-21 21:40:56.227 | INFO     | __main__:on_log:99 - step=16000 | loss=0.071400 | grad_norm=0.651376 | learning_rate=0.000003 | epoch=1.841409
2026-02-21 21:41:09.135 | INFO     | __main__:on_log:99 - step=16005 | loss=0.045800 | grad_norm=0.788112 | learning_rate=0.000002 | epoch=1.841984
2026-02-21 21:41:22.047 | INFO     | __main__:on_log:99 - step=16010 | loss=0.068400 | grad_norm=0.664842 | learning_rate=0.000002 | epoch=1.842560
2026-02-21 21:41:34.949 | INFO     | __main__:on_log:99 - step=16015 | loss=0.063600 | grad_norm=0.486608 | learning_rate=0.000002 | epoch=1.843135
2026-02-21 21:41:47.867 | INFO     | __main__:on_log:99 - step=16020 | loss=0.059400 | grad_norm=0.497479 | learning_rate=0.000002 | epoch=1.843710
2026-02-21 21:42:00.781 | INFO     | __main__:on_log:99 - step=16025 | loss=0.050600 | grad_norm=0.493699 | learning_rate=0.000002 | epoch=1.844286
2026-02-21 21:42:13.686 | INFO     | __main__:on_log:99 - step=16030 | loss=0.062400 | grad_norm=0.838493 | learning_rate=0.000002 | epoch=1.844861
2026-02-21 21:42:26.614 | INFO     | __main__:on_log:99 - step=16035 | loss=0.057200 | grad_norm=0.412316 | learning_rate=0.000002 | epoch=1.845437
2026-02-21 21:42:39.534 | INFO     | __main__:on_log:99 - step=16040 | loss=0.065200 | grad_norm=0.798043 | learning_rate=0.000002 | epoch=1.846012
2026-02-21 21:42:52.439 | INFO     | __main__:on_log:99 - step=16045 | loss=0.076800 | grad_norm=0.807062 | learning_rate=0.000002 | epoch=1.846588
2026-02-21 21:43:05.349 | INFO     | __main__:on_log:99 - step=16050 | loss=0.074800 | grad_norm=0.603604 | learning_rate=0.000002 | epoch=1.847163
2026-02-21 21:43:18.264 | INFO     | __main__:on_log:99 - step=16055 | loss=0.047600 | grad_norm=0.948534 | learning_rate=0.000002 | epoch=1.847739
2026-02-21 21:43:31.179 | INFO     | __main__:on_log:99 - step=16060 | loss=0.081600 | grad_norm=1.178401 | learning_rate=0.000002 | epoch=1.848314
2026-02-21 21:43:44.105 | INFO     | __main__:on_log:99 - step=16065 | loss=0.058100 | grad_norm=0.429625 | learning_rate=0.000002 | epoch=1.848889
2026-02-21 21:43:57.020 | INFO     | __main__:on_log:99 - step=16070 | loss=0.043800 | grad_norm=0.789957 | learning_rate=0.000002 | epoch=1.849465
2026-02-21 21:44:09.937 | INFO     | __main__:on_log:99 - step=16075 | loss=0.050800 | grad_norm=0.557187 | learning_rate=0.000002 | epoch=1.850040
2026-02-21 21:44:22.854 | INFO     | __main__:on_log:99 - step=16080 | loss=0.077300 | grad_norm=0.576092 | learning_rate=0.000002 | epoch=1.850616
2026-02-21 21:44:35.756 | INFO     | __main__:on_log:99 - step=16085 | loss=0.080400 | grad_norm=0.565642 | learning_rate=0.000002 | epoch=1.851191
2026-02-21 21:44:48.673 | INFO     | __main__:on_log:99 - step=16090 | loss=0.055600 | grad_norm=0.494900 | learning_rate=0.000002 | epoch=1.851767
2026-02-21 21:45:01.595 | INFO     | __main__:on_log:99 - step=16095 | loss=0.076800 | grad_norm=0.507281 | learning_rate=0.000002 | epoch=1.852342
2026-02-21 21:45:14.524 | INFO     | __main__:on_log:99 - step=16100 | loss=0.047500 | grad_norm=0.477475 | learning_rate=0.000002 | epoch=1.852917
2026-02-21 21:45:27.440 | INFO     | __main__:on_log:99 - step=16105 | loss=0.048600 | grad_norm=0.413197 | learning_rate=0.000002 | epoch=1.853493
2026-02-21 21:45:40.359 | INFO     | __main__:on_log:99 - step=16110 | loss=0.070600 | grad_norm=0.441275 | learning_rate=0.000002 | epoch=1.854068
2026-02-21 21:45:53.280 | INFO     | __main__:on_log:99 - step=16115 | loss=0.081600 | grad_norm=0.736934 | learning_rate=0.000002 | epoch=1.854644
2026-02-21 21:46:06.195 | INFO     | __main__:on_log:99 - step=16120 | loss=0.067400 | grad_norm=0.568644 | learning_rate=0.000002 | epoch=1.855219
2026-02-21 21:46:19.108 | INFO     | __main__:on_log:99 - step=16125 | loss=0.046200 | grad_norm=0.490199 | learning_rate=0.000002 | epoch=1.855795
2026-02-21 21:46:32.018 | INFO     | __main__:on_log:99 - step=16130 | loss=0.073600 | grad_norm=0.463014 | learning_rate=0.000002 | epoch=1.856370
2026-02-21 21:46:44.946 | INFO     | __main__:on_log:99 - step=16135 | loss=0.060800 | grad_norm=0.584523 | learning_rate=0.000002 | epoch=1.856946
2026-02-21 21:46:57.896 | INFO     | __main__:on_log:99 - step=16140 | loss=0.045100 | grad_norm=0.602058 | learning_rate=0.000002 | epoch=1.857521
2026-02-21 21:47:10.839 | INFO     | __main__:on_log:99 - step=16145 | loss=0.071100 | grad_norm=0.535286 | learning_rate=0.000002 | epoch=1.858096
2026-02-21 21:47:23.771 | INFO     | __main__:on_log:99 - step=16150 | loss=0.064500 | grad_norm=0.616763 | learning_rate=0.000002 | epoch=1.858672
2026-02-21 21:47:36.711 | INFO     | __main__:on_log:99 - step=16155 | loss=0.058600 | grad_norm=0.449331 | learning_rate=0.000002 | epoch=1.859247
2026-02-21 21:47:49.640 | INFO     | __main__:on_log:99 - step=16160 | loss=0.044200 | grad_norm=0.557792 | learning_rate=0.000002 | epoch=1.859823
2026-02-21 21:48:02.561 | INFO     | __main__:on_log:99 - step=16165 | loss=0.071600 | grad_norm=0.634887 | learning_rate=0.000002 | epoch=1.860398
2026-02-21 21:48:15.473 | INFO     | __main__:on_log:99 - step=16170 | loss=0.079500 | grad_norm=0.440949 | learning_rate=0.000002 | epoch=1.860974
2026-02-21 21:48:28.395 | INFO     | __main__:on_log:99 - step=16175 | loss=0.059500 | grad_norm=0.608483 | learning_rate=0.000002 | epoch=1.861549
2026-02-21 21:48:41.300 | INFO     | __main__:on_log:99 - step=16180 | loss=0.063900 | grad_norm=0.709377 | learning_rate=0.000002 | epoch=1.862125
2026-02-21 21:48:54.198 | INFO     | __main__:on_log:99 - step=16185 | loss=0.082800 | grad_norm=0.756601 | learning_rate=0.000002 | epoch=1.862700
2026-02-21 21:49:07.121 | INFO     | __main__:on_log:99 - step=16190 | loss=0.080700 | grad_norm=0.642827 | learning_rate=0.000002 | epoch=1.863275
2026-02-21 21:49:20.028 | INFO     | __main__:on_log:99 - step=16195 | loss=0.077700 | grad_norm=0.692684 | learning_rate=0.000002 | epoch=1.863851
2026-02-21 21:49:32.975 | INFO     | __main__:on_log:99 - step=16200 | loss=0.053600 | grad_norm=0.576022 | learning_rate=0.000002 | epoch=1.864426
2026-02-21 21:49:45.905 | INFO     | __main__:on_log:99 - step=16205 | loss=0.045300 | grad_norm=0.510060 | learning_rate=0.000002 | epoch=1.865002
2026-02-21 21:49:58.819 | INFO     | __main__:on_log:99 - step=16210 | loss=0.052300 | grad_norm=0.689338 | learning_rate=0.000002 | epoch=1.865577
2026-02-21 21:50:11.726 | INFO     | __main__:on_log:99 - step=16215 | loss=0.065700 | grad_norm=0.583431 | learning_rate=0.000002 | epoch=1.866153
2026-02-21 21:50:24.624 | INFO     | __main__:on_log:99 - step=16220 | loss=0.052300 | grad_norm=0.611564 | learning_rate=0.000002 | epoch=1.866728
2026-02-21 21:50:37.537 | INFO     | __main__:on_log:99 - step=16225 | loss=0.055200 | grad_norm=0.695632 | learning_rate=0.000002 | epoch=1.867303
2026-02-21 21:50:50.465 | INFO     | __main__:on_log:99 - step=16230 | loss=0.066200 | grad_norm=0.603686 | learning_rate=0.000002 | epoch=1.867879
2026-02-21 21:51:03.399 | INFO     | __main__:on_log:99 - step=16235 | loss=0.082300 | grad_norm=0.407485 | learning_rate=0.000002 | epoch=1.868454
2026-02-21 21:51:16.327 | INFO     | __main__:on_log:99 - step=16240 | loss=0.070400 | grad_norm=0.638515 | learning_rate=0.000002 | epoch=1.869030
2026-02-21 21:51:29.257 | INFO     | __main__:on_log:99 - step=16245 | loss=0.049200 | grad_norm=0.432433 | learning_rate=0.000002 | epoch=1.869605
2026-02-21 21:51:42.186 | INFO     | __main__:on_log:99 - step=16250 | loss=0.059400 | grad_norm=0.821669 | learning_rate=0.000002 | epoch=1.870181
2026-02-21 21:51:55.098 | INFO     | __main__:on_log:99 - step=16255 | loss=0.062200 | grad_norm=0.820432 | learning_rate=0.000002 | epoch=1.870756
2026-02-21 21:52:08.006 | INFO     | __main__:on_log:99 - step=16260 | loss=0.057800 | grad_norm=0.784889 | learning_rate=0.000002 | epoch=1.871332
2026-02-21 21:52:20.923 | INFO     | __main__:on_log:99 - step=16265 | loss=0.059800 | grad_norm=0.858794 | learning_rate=0.000002 | epoch=1.871907
2026-02-21 21:52:33.844 | INFO     | __main__:on_log:99 - step=16270 | loss=0.039300 | grad_norm=0.589725 | learning_rate=0.000002 | epoch=1.872482
2026-02-21 21:52:46.764 | INFO     | __main__:on_log:99 - step=16275 | loss=0.059700 | grad_norm=0.524627 | learning_rate=0.000002 | epoch=1.873058
2026-02-21 21:52:59.686 | INFO     | __main__:on_log:99 - step=16280 | loss=0.050600 | grad_norm=0.360432 | learning_rate=0.000002 | epoch=1.873633
2026-02-21 21:53:12.611 | INFO     | __main__:on_log:99 - step=16285 | loss=0.059100 | grad_norm=0.454456 | learning_rate=0.000002 | epoch=1.874209
2026-02-21 21:53:25.544 | INFO     | __main__:on_log:99 - step=16290 | loss=0.048200 | grad_norm=0.592399 | learning_rate=0.000002 | epoch=1.874784
2026-02-21 21:53:38.458 | INFO     | __main__:on_log:99 - step=16295 | loss=0.062500 | grad_norm=0.723246 | learning_rate=0.000002 | epoch=1.875360
2026-02-21 21:53:51.359 | INFO     | __main__:on_log:99 - step=16300 | loss=0.063000 | grad_norm=1.024501 | learning_rate=0.000002 | epoch=1.875935
2026-02-21 21:54:04.274 | INFO     | __main__:on_log:99 - step=16305 | loss=0.059000 | grad_norm=0.689708 | learning_rate=0.000002 | epoch=1.876511
2026-02-21 21:54:17.184 | INFO     | __main__:on_log:99 - step=16310 | loss=0.067000 | grad_norm=0.721422 | learning_rate=0.000002 | epoch=1.877086
2026-02-21 21:54:30.099 | INFO     | __main__:on_log:99 - step=16315 | loss=0.050700 | grad_norm=0.435902 | learning_rate=0.000002 | epoch=1.877661
2026-02-21 21:54:43.018 | INFO     | __main__:on_log:99 - step=16320 | loss=0.057900 | grad_norm=0.628979 | learning_rate=0.000002 | epoch=1.878237
2026-02-21 21:54:55.926 | INFO     | __main__:on_log:99 - step=16325 | loss=0.047800 | grad_norm=0.745907 | learning_rate=0.000002 | epoch=1.878812
2026-02-21 21:55:08.846 | INFO     | __main__:on_log:99 - step=16330 | loss=0.078900 | grad_norm=0.893950 | learning_rate=0.000002 | epoch=1.879388
2026-02-21 21:55:21.755 | INFO     | __main__:on_log:99 - step=16335 | loss=0.050700 | grad_norm=0.731368 | learning_rate=0.000002 | epoch=1.879963
2026-02-21 21:55:34.686 | INFO     | __main__:on_log:99 - step=16340 | loss=0.051900 | grad_norm=0.573413 | learning_rate=0.000002 | epoch=1.880539
2026-02-21 21:55:47.604 | INFO     | __main__:on_log:99 - step=16345 | loss=0.068500 | grad_norm=0.795307 | learning_rate=0.000002 | epoch=1.881114
2026-02-21 21:56:00.518 | INFO     | __main__:on_log:99 - step=16350 | loss=0.059200 | grad_norm=0.529882 | learning_rate=0.000002 | epoch=1.881689
2026-02-21 21:56:13.471 | INFO     | __main__:on_log:99 - step=16355 | loss=0.064100 | grad_norm=0.864153 | learning_rate=0.000002 | epoch=1.882265
2026-02-21 21:56:26.401 | INFO     | __main__:on_log:99 - step=16360 | loss=0.074100 | grad_norm=0.658728 | learning_rate=0.000002 | epoch=1.882840
2026-02-21 21:56:39.326 | INFO     | __main__:on_log:99 - step=16365 | loss=0.061700 | grad_norm=0.466471 | learning_rate=0.000002 | epoch=1.883416
2026-02-21 21:56:52.247 | INFO     | __main__:on_log:99 - step=16370 | loss=0.057900 | grad_norm=0.438358 | learning_rate=0.000002 | epoch=1.883991
2026-02-21 21:57:05.171 | INFO     | __main__:on_log:99 - step=16375 | loss=0.072000 | grad_norm=0.801194 | learning_rate=0.000002 | epoch=1.884567
2026-02-21 21:57:18.087 | INFO     | __main__:on_log:99 - step=16380 | loss=0.082600 | grad_norm=0.906864 | learning_rate=0.000002 | epoch=1.885142
2026-02-21 21:57:30.999 | INFO     | __main__:on_log:99 - step=16385 | loss=0.065300 | grad_norm=0.647668 | learning_rate=0.000002 | epoch=1.885718
2026-02-21 21:57:43.919 | INFO     | __main__:on_log:99 - step=16390 | loss=0.043200 | grad_norm=0.360917 | learning_rate=0.000002 | epoch=1.886293
2026-02-21 21:57:56.838 | INFO     | __main__:on_log:99 - step=16395 | loss=0.044700 | grad_norm=0.530430 | learning_rate=0.000002 | epoch=1.886868
2026-02-21 21:58:09.765 | INFO     | __main__:on_log:99 - step=16400 | loss=0.037300 | grad_norm=0.408388 | learning_rate=0.000002 | epoch=1.887444
2026-02-21 21:58:22.685 | INFO     | __main__:on_log:99 - step=16405 | loss=0.057100 | grad_norm=0.667217 | learning_rate=0.000002 | epoch=1.888019
2026-02-21 21:58:35.619 | INFO     | __main__:on_log:99 - step=16410 | loss=0.089700 | grad_norm=0.832029 | learning_rate=0.000002 | epoch=1.888595
2026-02-21 21:58:48.552 | INFO     | __main__:on_log:99 - step=16415 | loss=0.050100 | grad_norm=0.646154 | learning_rate=0.000002 | epoch=1.889170
2026-02-21 21:59:01.482 | INFO     | __main__:on_log:99 - step=16420 | loss=0.076000 | grad_norm=0.800561 | learning_rate=0.000002 | epoch=1.889746
2026-02-21 21:59:14.412 | INFO     | __main__:on_log:99 - step=16425 | loss=0.085900 | grad_norm=0.683317 | learning_rate=0.000002 | epoch=1.890321
2026-02-21 21:59:27.338 | INFO     | __main__:on_log:99 - step=16430 | loss=0.063600 | grad_norm=0.528203 | learning_rate=0.000002 | epoch=1.890897
2026-02-21 21:59:40.261 | INFO     | __main__:on_log:99 - step=16435 | loss=0.049500 | grad_norm=0.721376 | learning_rate=0.000002 | epoch=1.891472
2026-02-21 21:59:53.184 | INFO     | __main__:on_log:99 - step=16440 | loss=0.052100 | grad_norm=0.668811 | learning_rate=0.000002 | epoch=1.892047
2026-02-21 22:00:06.098 | INFO     | __main__:on_log:99 - step=16445 | loss=0.039400 | grad_norm=0.562127 | learning_rate=0.000002 | epoch=1.892623
2026-02-21 22:00:19.000 | INFO     | __main__:on_log:99 - step=16450 | loss=0.042700 | grad_norm=0.562129 | learning_rate=0.000002 | epoch=1.893198
2026-02-21 22:00:31.922 | INFO     | __main__:on_log:99 - step=16455 | loss=0.069500 | grad_norm=1.190205 | learning_rate=0.000002 | epoch=1.893774
2026-02-21 22:00:44.859 | INFO     | __main__:on_log:99 - step=16460 | loss=0.067700 | grad_norm=0.874893 | learning_rate=0.000002 | epoch=1.894349
2026-02-21 22:00:57.802 | INFO     | __main__:on_log:99 - step=16465 | loss=0.072000 | grad_norm=0.434012 | learning_rate=0.000002 | epoch=1.894925
2026-02-21 22:01:10.716 | INFO     | __main__:on_log:99 - step=16470 | loss=0.053700 | grad_norm=0.866985 | learning_rate=0.000002 | epoch=1.895500
2026-02-21 22:01:23.631 | INFO     | __main__:on_log:99 - step=16475 | loss=0.065600 | grad_norm=0.769444 | learning_rate=0.000002 | epoch=1.896075
2026-02-21 22:01:36.572 | INFO     | __main__:on_log:99 - step=16480 | loss=0.054300 | grad_norm=0.589223 | learning_rate=0.000002 | epoch=1.896651
2026-02-21 22:01:49.494 | INFO     | __main__:on_log:99 - step=16485 | loss=0.062000 | grad_norm=0.677847 | learning_rate=0.000002 | epoch=1.897226
2026-02-21 22:02:02.424 | INFO     | __main__:on_log:99 - step=16490 | loss=0.044000 | grad_norm=0.503433 | learning_rate=0.000002 | epoch=1.897802
2026-02-21 22:02:15.346 | INFO     | __main__:on_log:99 - step=16495 | loss=0.050900 | grad_norm=0.538320 | learning_rate=0.000002 | epoch=1.898377
2026-02-21 22:02:28.261 | INFO     | __main__:on_log:99 - step=16500 | loss=0.054500 | grad_norm=0.539929 | learning_rate=0.000002 | epoch=1.898953
2026-02-21 22:02:41.191 | INFO     | __main__:on_log:99 - step=16505 | loss=0.062500 | grad_norm=0.980064 | learning_rate=0.000002 | epoch=1.899528
2026-02-21 22:02:54.114 | INFO     | __main__:on_log:99 - step=16510 | loss=0.062700 | grad_norm=0.777590 | learning_rate=0.000002 | epoch=1.900104
2026-02-21 22:03:07.035 | INFO     | __main__:on_log:99 - step=16515 | loss=0.063200 | grad_norm=0.490585 | learning_rate=0.000002 | epoch=1.900679
2026-02-21 22:03:19.954 | INFO     | __main__:on_log:99 - step=16520 | loss=0.052600 | grad_norm=0.465186 | learning_rate=0.000002 | epoch=1.901254
2026-02-21 22:03:32.852 | INFO     | __main__:on_log:99 - step=16525 | loss=0.075900 | grad_norm=0.549112 | learning_rate=0.000002 | epoch=1.901830
2026-02-21 22:03:45.782 | INFO     | __main__:on_log:99 - step=16530 | loss=0.037600 | grad_norm=0.347017 | learning_rate=0.000002 | epoch=1.902405
2026-02-21 22:03:58.715 | INFO     | __main__:on_log:99 - step=16535 | loss=0.076600 | grad_norm=0.513870 | learning_rate=0.000002 | epoch=1.902981
2026-02-21 22:04:11.626 | INFO     | __main__:on_log:99 - step=16540 | loss=0.038600 | grad_norm=0.542374 | learning_rate=0.000002 | epoch=1.903556
2026-02-21 22:04:24.542 | INFO     | __main__:on_log:99 - step=16545 | loss=0.040000 | grad_norm=0.394999 | learning_rate=0.000002 | epoch=1.904132
2026-02-21 22:04:37.474 | INFO     | __main__:on_log:99 - step=16550 | loss=0.082600 | grad_norm=1.034880 | learning_rate=0.000002 | epoch=1.904707
2026-02-21 22:04:50.387 | INFO     | __main__:on_log:99 - step=16555 | loss=0.064500 | grad_norm=0.623082 | learning_rate=0.000001 | epoch=1.905283
2026-02-21 22:05:03.305 | INFO     | __main__:on_log:99 - step=16560 | loss=0.071300 | grad_norm=0.745007 | learning_rate=0.000001 | epoch=1.905858
2026-02-21 22:05:16.233 | INFO     | __main__:on_log:99 - step=16565 | loss=0.065300 | grad_norm=0.441195 | learning_rate=0.000001 | epoch=1.906433
2026-02-21 22:05:29.149 | INFO     | __main__:on_log:99 - step=16570 | loss=0.064700 | grad_norm=0.740828 | learning_rate=0.000001 | epoch=1.907009
2026-02-21 22:05:42.091 | INFO     | __main__:on_log:99 - step=16575 | loss=0.060300 | grad_norm=0.565245 | learning_rate=0.000001 | epoch=1.907584
2026-02-21 22:05:55.019 | INFO     | __main__:on_log:99 - step=16580 | loss=0.068800 | grad_norm=0.551237 | learning_rate=0.000001 | epoch=1.908160
2026-02-21 22:06:07.932 | INFO     | __main__:on_log:99 - step=16585 | loss=0.048200 | grad_norm=0.592719 | learning_rate=0.000001 | epoch=1.908735
2026-02-21 22:06:20.856 | INFO     | __main__:on_log:99 - step=16590 | loss=0.059200 | grad_norm=0.565463 | learning_rate=0.000001 | epoch=1.909311
2026-02-21 22:06:33.777 | INFO     | __main__:on_log:99 - step=16595 | loss=0.052100 | grad_norm=0.629421 | learning_rate=0.000001 | epoch=1.909886
2026-02-21 22:06:46.695 | INFO     | __main__:on_log:99 - step=16600 | loss=0.064300 | grad_norm=0.929981 | learning_rate=0.000001 | epoch=1.910462
2026-02-21 22:06:59.606 | INFO     | __main__:on_log:99 - step=16605 | loss=0.059400 | grad_norm=0.550279 | learning_rate=0.000001 | epoch=1.911037
2026-02-21 22:07:12.533 | INFO     | __main__:on_log:99 - step=16610 | loss=0.059800 | grad_norm=0.719673 | learning_rate=0.000001 | epoch=1.911612
2026-02-21 22:07:25.469 | INFO     | __main__:on_log:99 - step=16615 | loss=0.041200 | grad_norm=0.465964 | learning_rate=0.000001 | epoch=1.912188
2026-02-21 22:07:38.412 | INFO     | __main__:on_log:99 - step=16620 | loss=0.058900 | grad_norm=0.558464 | learning_rate=0.000001 | epoch=1.912763
2026-02-21 22:07:51.338 | INFO     | __main__:on_log:99 - step=16625 | loss=0.075200 | grad_norm=0.716879 | learning_rate=0.000001 | epoch=1.913339
2026-02-21 22:08:04.259 | INFO     | __main__:on_log:99 - step=16630 | loss=0.058400 | grad_norm=0.396083 | learning_rate=0.000001 | epoch=1.913914
2026-02-21 22:08:17.180 | INFO     | __main__:on_log:99 - step=16635 | loss=0.063200 | grad_norm=0.449009 | learning_rate=0.000001 | epoch=1.914490
2026-02-21 22:08:30.102 | INFO     | __main__:on_log:99 - step=16640 | loss=0.057200 | grad_norm=0.492900 | learning_rate=0.000001 | epoch=1.915065
2026-02-21 22:08:43.028 | INFO     | __main__:on_log:99 - step=16645 | loss=0.047500 | grad_norm=0.475453 | learning_rate=0.000001 | epoch=1.915640
2026-02-21 22:08:55.957 | INFO     | __main__:on_log:99 - step=16650 | loss=0.050000 | grad_norm=0.394585 | learning_rate=0.000001 | epoch=1.916216
2026-02-21 22:09:08.883 | INFO     | __main__:on_log:99 - step=16655 | loss=0.060400 | grad_norm=0.700099 | learning_rate=0.000001 | epoch=1.916791
2026-02-21 22:09:21.809 | INFO     | __main__:on_log:99 - step=16660 | loss=0.062600 | grad_norm=0.930300 | learning_rate=0.000001 | epoch=1.917367
2026-02-21 22:09:34.731 | INFO     | __main__:on_log:99 - step=16665 | loss=0.041400 | grad_norm=0.649033 | learning_rate=0.000001 | epoch=1.917942
2026-02-21 22:09:47.657 | INFO     | __main__:on_log:99 - step=16670 | loss=0.067000 | grad_norm=0.496459 | learning_rate=0.000001 | epoch=1.918518
2026-02-21 22:10:00.583 | INFO     | __main__:on_log:99 - step=16675 | loss=0.045500 | grad_norm=0.771325 | learning_rate=0.000001 | epoch=1.919093
2026-02-21 22:10:13.519 | INFO     | __main__:on_log:99 - step=16680 | loss=0.047100 | grad_norm=0.712118 | learning_rate=0.000001 | epoch=1.919669
2026-02-21 22:10:26.435 | INFO     | __main__:on_log:99 - step=16685 | loss=0.054300 | grad_norm=0.706323 | learning_rate=0.000001 | epoch=1.920244
2026-02-21 22:10:39.354 | INFO     | __main__:on_log:99 - step=16690 | loss=0.051700 | grad_norm=0.854941 | learning_rate=0.000001 | epoch=1.920819
2026-02-21 22:10:52.279 | INFO     | __main__:on_log:99 - step=16695 | loss=0.057100 | grad_norm=0.563479 | learning_rate=0.000001 | epoch=1.921395
2026-02-21 22:11:05.203 | INFO     | __main__:on_log:99 - step=16700 | loss=0.070300 | grad_norm=0.885497 | learning_rate=0.000001 | epoch=1.921970
2026-02-21 22:11:18.129 | INFO     | __main__:on_log:99 - step=16705 | loss=0.075900 | grad_norm=0.550517 | learning_rate=0.000001 | epoch=1.922546
2026-02-21 22:11:31.051 | INFO     | __main__:on_log:99 - step=16710 | loss=0.066900 | grad_norm=0.598098 | learning_rate=0.000001 | epoch=1.923121
2026-02-21 22:11:43.978 | INFO     | __main__:on_log:99 - step=16715 | loss=0.064400 | grad_norm=0.507844 | learning_rate=0.000001 | epoch=1.923697
2026-02-21 22:11:56.891 | INFO     | __main__:on_log:99 - step=16720 | loss=0.073400 | grad_norm=0.548211 | learning_rate=0.000001 | epoch=1.924272
2026-02-21 22:12:09.816 | INFO     | __main__:on_log:99 - step=16725 | loss=0.056000 | grad_norm=0.966537 | learning_rate=0.000001 | epoch=1.924848
2026-02-21 22:12:22.725 | INFO     | __main__:on_log:99 - step=16730 | loss=0.059100 | grad_norm=0.570141 | learning_rate=0.000001 | epoch=1.925423
2026-02-21 22:12:35.650 | INFO     | __main__:on_log:99 - step=16735 | loss=0.057100 | grad_norm=0.314592 | learning_rate=0.000001 | epoch=1.925998
2026-02-21 22:12:48.580 | INFO     | __main__:on_log:99 - step=16740 | loss=0.060900 | grad_norm=0.569494 | learning_rate=0.000001 | epoch=1.926574
2026-02-21 22:13:01.488 | INFO     | __main__:on_log:99 - step=16745 | loss=0.061700 | grad_norm=0.744840 | learning_rate=0.000001 | epoch=1.927149
2026-02-21 22:13:14.395 | INFO     | __main__:on_log:99 - step=16750 | loss=0.053100 | grad_norm=0.532321 | learning_rate=0.000001 | epoch=1.927725
2026-02-21 22:13:27.309 | INFO     | __main__:on_log:99 - step=16755 | loss=0.065700 | grad_norm=0.749015 | learning_rate=0.000001 | epoch=1.928300
2026-02-21 22:13:40.220 | INFO     | __main__:on_log:99 - step=16760 | loss=0.063800 | grad_norm=0.516546 | learning_rate=0.000001 | epoch=1.928876
2026-02-21 22:13:53.138 | INFO     | __main__:on_log:99 - step=16765 | loss=0.061700 | grad_norm=0.522495 | learning_rate=0.000001 | epoch=1.929451
2026-02-21 22:14:06.062 | INFO     | __main__:on_log:99 - step=16770 | loss=0.058300 | grad_norm=0.829451 | learning_rate=0.000001 | epoch=1.930026
2026-02-21 22:14:18.982 | INFO     | __main__:on_log:99 - step=16775 | loss=0.049900 | grad_norm=0.561389 | learning_rate=0.000001 | epoch=1.930602
2026-02-21 22:14:31.897 | INFO     | __main__:on_log:99 - step=16780 | loss=0.063000 | grad_norm=0.438558 | learning_rate=0.000001 | epoch=1.931177
2026-02-21 22:14:44.828 | INFO     | __main__:on_log:99 - step=16785 | loss=0.070100 | grad_norm=0.720188 | learning_rate=0.000001 | epoch=1.931753
2026-02-21 22:14:57.761 | INFO     | __main__:on_log:99 - step=16790 | loss=0.033200 | grad_norm=0.247166 | learning_rate=0.000001 | epoch=1.932328
2026-02-21 22:15:10.691 | INFO     | __main__:on_log:99 - step=16795 | loss=0.064100 | grad_norm=0.973780 | learning_rate=0.000001 | epoch=1.932904
2026-02-21 22:15:23.612 | INFO     | __main__:on_log:99 - step=16800 | loss=0.047900 | grad_norm=0.549011 | learning_rate=0.000001 | epoch=1.933479
2026-02-21 22:15:36.535 | INFO     | __main__:on_log:99 - step=16805 | loss=0.095000 | grad_norm=0.931741 | learning_rate=0.000001 | epoch=1.934055
2026-02-21 22:15:49.453 | INFO     | __main__:on_log:99 - step=16810 | loss=0.067500 | grad_norm=0.701346 | learning_rate=0.000001 | epoch=1.934630
2026-02-21 22:16:02.381 | INFO     | __main__:on_log:99 - step=16815 | loss=0.038200 | grad_norm=0.276310 | learning_rate=0.000001 | epoch=1.935205
2026-02-21 22:16:15.289 | INFO     | __main__:on_log:99 - step=16820 | loss=0.060900 | grad_norm=0.564062 | learning_rate=0.000001 | epoch=1.935781
2026-02-21 22:16:28.230 | INFO     | __main__:on_log:99 - step=16825 | loss=0.074300 | grad_norm=0.692991 | learning_rate=0.000001 | epoch=1.936356
2026-02-21 22:16:41.173 | INFO     | __main__:on_log:99 - step=16830 | loss=0.059800 | grad_norm=0.523464 | learning_rate=0.000001 | epoch=1.936932
2026-02-21 22:16:54.118 | INFO     | __main__:on_log:99 - step=16835 | loss=0.044100 | grad_norm=0.415796 | learning_rate=0.000001 | epoch=1.937507
2026-02-21 22:17:07.052 | INFO     | __main__:on_log:99 - step=16840 | loss=0.057800 | grad_norm=0.774496 | learning_rate=0.000001 | epoch=1.938083
2026-02-21 22:17:19.973 | INFO     | __main__:on_log:99 - step=16845 | loss=0.069700 | grad_norm=0.512906 | learning_rate=0.000001 | epoch=1.938658
2026-02-21 22:17:32.910 | INFO     | __main__:on_log:99 - step=16850 | loss=0.051100 | grad_norm=0.521045 | learning_rate=0.000001 | epoch=1.939234
2026-02-21 22:17:45.843 | INFO     | __main__:on_log:99 - step=16855 | loss=0.054700 | grad_norm=0.635091 | learning_rate=0.000001 | epoch=1.939809
2026-02-21 22:17:58.761 | INFO     | __main__:on_log:99 - step=16860 | loss=0.057000 | grad_norm=0.539677 | learning_rate=0.000001 | epoch=1.940384
2026-02-21 22:18:11.688 | INFO     | __main__:on_log:99 - step=16865 | loss=0.059700 | grad_norm=0.539611 | learning_rate=0.000001 | epoch=1.940960
2026-02-21 22:18:24.624 | INFO     | __main__:on_log:99 - step=16870 | loss=0.053500 | grad_norm=0.663254 | learning_rate=0.000001 | epoch=1.941535
2026-02-21 22:18:37.551 | INFO     | __main__:on_log:99 - step=16875 | loss=0.054000 | grad_norm=0.495173 | learning_rate=0.000001 | epoch=1.942111
2026-02-21 22:18:50.476 | INFO     | __main__:on_log:99 - step=16880 | loss=0.062000 | grad_norm=0.557149 | learning_rate=0.000001 | epoch=1.942686
2026-02-21 22:19:03.385 | INFO     | __main__:on_log:99 - step=16885 | loss=0.066200 | grad_norm=0.884263 | learning_rate=0.000001 | epoch=1.943262
2026-02-21 22:19:16.305 | INFO     | __main__:on_log:99 - step=16890 | loss=0.058700 | grad_norm=0.495279 | learning_rate=0.000001 | epoch=1.943837
2026-02-21 22:19:29.225 | INFO     | __main__:on_log:99 - step=16895 | loss=0.048800 | grad_norm=0.548140 | learning_rate=0.000001 | epoch=1.944412
2026-02-21 22:19:42.144 | INFO     | __main__:on_log:99 - step=16900 | loss=0.069600 | grad_norm=0.924320 | learning_rate=0.000001 | epoch=1.944988
2026-02-21 22:19:55.057 | INFO     | __main__:on_log:99 - step=16905 | loss=0.071900 | grad_norm=0.378308 | learning_rate=0.000001 | epoch=1.945563
2026-02-21 22:20:07.980 | INFO     | __main__:on_log:99 - step=16910 | loss=0.047500 | grad_norm=0.607236 | learning_rate=0.000001 | epoch=1.946139
2026-02-21 22:20:20.893 | INFO     | __main__:on_log:99 - step=16915 | loss=0.054600 | grad_norm=0.538029 | learning_rate=0.000001 | epoch=1.946714
2026-02-21 22:20:33.808 | INFO     | __main__:on_log:99 - step=16920 | loss=0.063600 | grad_norm=0.872443 | learning_rate=0.000001 | epoch=1.947290
2026-02-21 22:20:46.746 | INFO     | __main__:on_log:99 - step=16925 | loss=0.053600 | grad_norm=0.611661 | learning_rate=0.000001 | epoch=1.947865
2026-02-21 22:20:59.656 | INFO     | __main__:on_log:99 - step=16930 | loss=0.057100 | grad_norm=0.567547 | learning_rate=0.000001 | epoch=1.948441
2026-02-21 22:21:12.588 | INFO     | __main__:on_log:99 - step=16935 | loss=0.070100 | grad_norm=0.720558 | learning_rate=0.000001 | epoch=1.949016
2026-02-21 22:21:25.523 | INFO     | __main__:on_log:99 - step=16940 | loss=0.058300 | grad_norm=0.596417 | learning_rate=0.000001 | epoch=1.949591
2026-02-21 22:21:38.447 | INFO     | __main__:on_log:99 - step=16945 | loss=0.050000 | grad_norm=0.578082 | learning_rate=0.000001 | epoch=1.950167
2026-02-21 22:21:51.362 | INFO     | __main__:on_log:99 - step=16950 | loss=0.052600 | grad_norm=0.391086 | learning_rate=0.000001 | epoch=1.950742
2026-02-21 22:22:04.289 | INFO     | __main__:on_log:99 - step=16955 | loss=0.059700 | grad_norm=0.468675 | learning_rate=0.000001 | epoch=1.951318
2026-02-21 22:22:17.212 | INFO     | __main__:on_log:99 - step=16960 | loss=0.063700 | grad_norm=0.627332 | learning_rate=0.000001 | epoch=1.951893
2026-02-21 22:22:30.142 | INFO     | __main__:on_log:99 - step=16965 | loss=0.063500 | grad_norm=0.601934 | learning_rate=0.000001 | epoch=1.952469
2026-02-21 22:22:43.071 | INFO     | __main__:on_log:99 - step=16970 | loss=0.056600 | grad_norm=0.534405 | learning_rate=0.000001 | epoch=1.953044
2026-02-21 22:22:55.980 | INFO     | __main__:on_log:99 - step=16975 | loss=0.057400 | grad_norm=0.744564 | learning_rate=0.000001 | epoch=1.953620
2026-02-21 22:23:08.890 | INFO     | __main__:on_log:99 - step=16980 | loss=0.055600 | grad_norm=0.862184 | learning_rate=0.000001 | epoch=1.954195
2026-02-21 22:23:21.813 | INFO     | __main__:on_log:99 - step=16985 | loss=0.036600 | grad_norm=0.438836 | learning_rate=0.000001 | epoch=1.954770
2026-02-21 22:23:34.743 | INFO     | __main__:on_log:99 - step=16990 | loss=0.066300 | grad_norm=0.780997 | learning_rate=0.000001 | epoch=1.955346
2026-02-21 22:23:47.667 | INFO     | __main__:on_log:99 - step=16995 | loss=0.057400 | grad_norm=0.700394 | learning_rate=0.000001 | epoch=1.955921
2026-02-21 22:24:00.597 | INFO     | __main__:on_log:99 - step=17000 | loss=0.058600 | grad_norm=0.746809 | learning_rate=0.000001 | epoch=1.956497
2026-02-21 22:24:13.523 | INFO     | __main__:on_log:99 - step=17005 | loss=0.089900 | grad_norm=1.042360 | learning_rate=0.000001 | epoch=1.957072
2026-02-21 22:24:26.436 | INFO     | __main__:on_log:99 - step=17010 | loss=0.042800 | grad_norm=0.543573 | learning_rate=0.000001 | epoch=1.957648
2026-02-21 22:24:39.354 | INFO     | __main__:on_log:99 - step=17015 | loss=0.065800 | grad_norm=0.690752 | learning_rate=0.000001 | epoch=1.958223
2026-02-21 22:24:52.282 | INFO     | __main__:on_log:99 - step=17020 | loss=0.057400 | grad_norm=0.492798 | learning_rate=0.000001 | epoch=1.958798
2026-02-21 22:25:05.202 | INFO     | __main__:on_log:99 - step=17025 | loss=0.054300 | grad_norm=0.479425 | learning_rate=0.000001 | epoch=1.959374
2026-02-21 22:25:18.121 | INFO     | __main__:on_log:99 - step=17030 | loss=0.057300 | grad_norm=0.800972 | learning_rate=0.000001 | epoch=1.959949
2026-02-21 22:25:31.039 | INFO     | __main__:on_log:99 - step=17035 | loss=0.057500 | grad_norm=0.722033 | learning_rate=0.000001 | epoch=1.960525
2026-02-21 22:25:43.957 | INFO     | __main__:on_log:99 - step=17040 | loss=0.060700 | grad_norm=0.396399 | learning_rate=0.000001 | epoch=1.961100
2026-02-21 22:25:56.861 | INFO     | __main__:on_log:99 - step=17045 | loss=0.073300 | grad_norm=0.976553 | learning_rate=0.000001 | epoch=1.961676
2026-02-21 22:26:09.785 | INFO     | __main__:on_log:99 - step=17050 | loss=0.068200 | grad_norm=0.548104 | learning_rate=0.000001 | epoch=1.962251
2026-02-21 22:26:22.704 | INFO     | __main__:on_log:99 - step=17055 | loss=0.054700 | grad_norm=0.381780 | learning_rate=0.000001 | epoch=1.962827
2026-02-21 22:26:35.630 | INFO     | __main__:on_log:99 - step=17060 | loss=0.042900 | grad_norm=0.573334 | learning_rate=0.000001 | epoch=1.963402
2026-02-21 22:26:48.536 | INFO     | __main__:on_log:99 - step=17065 | loss=0.055000 | grad_norm=0.748417 | learning_rate=0.000001 | epoch=1.963977
2026-02-21 22:27:01.462 | INFO     | __main__:on_log:99 - step=17070 | loss=0.074500 | grad_norm=0.590873 | learning_rate=0.000001 | epoch=1.964553
2026-02-21 22:27:14.378 | INFO     | __main__:on_log:99 - step=17075 | loss=0.077400 | grad_norm=0.476595 | learning_rate=0.000001 | epoch=1.965128
2026-02-21 22:27:27.292 | INFO     | __main__:on_log:99 - step=17080 | loss=0.072200 | grad_norm=0.542561 | learning_rate=0.000001 | epoch=1.965704
2026-02-21 22:27:40.226 | INFO     | __main__:on_log:99 - step=17085 | loss=0.060100 | grad_norm=0.403840 | learning_rate=0.000001 | epoch=1.966279
2026-02-21 22:27:53.157 | INFO     | __main__:on_log:99 - step=17090 | loss=0.053000 | grad_norm=0.739503 | learning_rate=0.000001 | epoch=1.966855
2026-02-21 22:28:06.092 | INFO     | __main__:on_log:99 - step=17095 | loss=0.051200 | grad_norm=0.488325 | learning_rate=0.000001 | epoch=1.967430
2026-02-21 22:28:19.012 | INFO     | __main__:on_log:99 - step=17100 | loss=0.057000 | grad_norm=0.709184 | learning_rate=0.000001 | epoch=1.968006
2026-02-21 22:28:31.939 | INFO     | __main__:on_log:99 - step=17105 | loss=0.067200 | grad_norm=0.672278 | learning_rate=0.000000 | epoch=1.968581
2026-02-21 22:28:44.876 | INFO     | __main__:on_log:99 - step=17110 | loss=0.068100 | grad_norm=0.681962 | learning_rate=0.000000 | epoch=1.969156
2026-02-21 22:28:57.813 | INFO     | __main__:on_log:99 - step=17115 | loss=0.054300 | grad_norm=0.627304 | learning_rate=0.000000 | epoch=1.969732
2026-02-21 22:29:10.734 | INFO     | __main__:on_log:99 - step=17120 | loss=0.060800 | grad_norm=0.899586 | learning_rate=0.000000 | epoch=1.970307
2026-02-21 22:29:23.658 | INFO     | __main__:on_log:99 - step=17125 | loss=0.042600 | grad_norm=0.390100 | learning_rate=0.000000 | epoch=1.970883
2026-02-21 22:29:36.574 | INFO     | __main__:on_log:99 - step=17130 | loss=0.073900 | grad_norm=0.740374 | learning_rate=0.000000 | epoch=1.971458
2026-02-21 22:29:49.487 | INFO     | __main__:on_log:99 - step=17135 | loss=0.048800 | grad_norm=0.548398 | learning_rate=0.000000 | epoch=1.972034
2026-02-21 22:30:02.415 | INFO     | __main__:on_log:99 - step=17140 | loss=0.050200 | grad_norm=0.764383 | learning_rate=0.000000 | epoch=1.972609
2026-02-21 22:30:15.326 | INFO     | __main__:on_log:99 - step=17145 | loss=0.060100 | grad_norm=0.604483 | learning_rate=0.000000 | epoch=1.973184
2026-02-21 22:30:28.244 | INFO     | __main__:on_log:99 - step=17150 | loss=0.058500 | grad_norm=0.544320 | learning_rate=0.000000 | epoch=1.973760
2026-02-21 22:30:41.161 | INFO     | __main__:on_log:99 - step=17155 | loss=0.051200 | grad_norm=0.987463 | learning_rate=0.000000 | epoch=1.974335
2026-02-21 22:30:54.094 | INFO     | __main__:on_log:99 - step=17160 | loss=0.071200 | grad_norm=0.461552 | learning_rate=0.000000 | epoch=1.974911
2026-02-21 22:31:07.025 | INFO     | __main__:on_log:99 - step=17165 | loss=0.063400 | grad_norm=0.667569 | learning_rate=0.000000 | epoch=1.975486
2026-02-21 22:31:19.950 | INFO     | __main__:on_log:99 - step=17170 | loss=0.059100 | grad_norm=0.448620 | learning_rate=0.000000 | epoch=1.976062
2026-02-21 22:31:32.855 | INFO     | __main__:on_log:99 - step=17175 | loss=0.064700 | grad_norm=0.750561 | learning_rate=0.000000 | epoch=1.976637
2026-02-21 22:31:45.778 | INFO     | __main__:on_log:99 - step=17180 | loss=0.062300 | grad_norm=0.496370 | learning_rate=0.000000 | epoch=1.977213
2026-02-21 22:31:58.699 | INFO     | __main__:on_log:99 - step=17185 | loss=0.041700 | grad_norm=0.490950 | learning_rate=0.000000 | epoch=1.977788
2026-02-21 22:32:11.621 | INFO     | __main__:on_log:99 - step=17190 | loss=0.063700 | grad_norm=0.794625 | learning_rate=0.000000 | epoch=1.978363
2026-02-21 22:32:24.542 | INFO     | __main__:on_log:99 - step=17195 | loss=0.045800 | grad_norm=0.701934 | learning_rate=0.000000 | epoch=1.978939
2026-02-21 22:32:37.457 | INFO     | __main__:on_log:99 - step=17200 | loss=0.058500 | grad_norm=0.858681 | learning_rate=0.000000 | epoch=1.979514
2026-02-21 22:32:50.397 | INFO     | __main__:on_log:99 - step=17205 | loss=0.063700 | grad_norm=0.953521 | learning_rate=0.000000 | epoch=1.980090
2026-02-21 22:33:03.343 | INFO     | __main__:on_log:99 - step=17210 | loss=0.056400 | grad_norm=0.615431 | learning_rate=0.000000 | epoch=1.980665
2026-02-21 22:33:16.263 | INFO     | __main__:on_log:99 - step=17215 | loss=0.053200 | grad_norm=0.644196 | learning_rate=0.000000 | epoch=1.981241
2026-02-21 22:33:29.185 | INFO     | __main__:on_log:99 - step=17220 | loss=0.040300 | grad_norm=0.415509 | learning_rate=0.000000 | epoch=1.981816
2026-02-21 22:33:42.106 | INFO     | __main__:on_log:99 - step=17225 | loss=0.055700 | grad_norm=0.588816 | learning_rate=0.000000 | epoch=1.982392
2026-02-21 22:33:55.036 | INFO     | __main__:on_log:99 - step=17230 | loss=0.051900 | grad_norm=0.667005 | learning_rate=0.000000 | epoch=1.982967
2026-02-21 22:34:07.961 | INFO     | __main__:on_log:99 - step=17235 | loss=0.039400 | grad_norm=0.394981 | learning_rate=0.000000 | epoch=1.983542
2026-02-21 22:34:20.878 | INFO     | __main__:on_log:99 - step=17240 | loss=0.073400 | grad_norm=0.590552 | learning_rate=0.000000 | epoch=1.984118
2026-02-21 22:34:33.801 | INFO     | __main__:on_log:99 - step=17245 | loss=0.077800 | grad_norm=0.663824 | learning_rate=0.000000 | epoch=1.984693
2026-02-21 22:34:46.716 | INFO     | __main__:on_log:99 - step=17250 | loss=0.043600 | grad_norm=0.631574 | learning_rate=0.000000 | epoch=1.985269
2026-02-21 22:34:59.629 | INFO     | __main__:on_log:99 - step=17255 | loss=0.058800 | grad_norm=0.668552 | learning_rate=0.000000 | epoch=1.985844
2026-02-21 22:35:12.546 | INFO     | __main__:on_log:99 - step=17260 | loss=0.060400 | grad_norm=0.491863 | learning_rate=0.000000 | epoch=1.986420
2026-02-21 22:35:25.459 | INFO     | __main__:on_log:99 - step=17265 | loss=0.056600 | grad_norm=0.907916 | learning_rate=0.000000 | epoch=1.986995
2026-02-21 22:35:38.374 | INFO     | __main__:on_log:99 - step=17270 | loss=0.055300 | grad_norm=0.458709 | learning_rate=0.000000 | epoch=1.987570
2026-02-21 22:35:51.286 | INFO     | __main__:on_log:99 - step=17275 | loss=0.072400 | grad_norm=0.652771 | learning_rate=0.000000 | epoch=1.988146
2026-02-21 22:36:04.206 | INFO     | __main__:on_log:99 - step=17280 | loss=0.074500 | grad_norm=0.424380 | learning_rate=0.000000 | epoch=1.988721
2026-02-21 22:36:17.136 | INFO     | __main__:on_log:99 - step=17285 | loss=0.048000 | grad_norm=0.594412 | learning_rate=0.000000 | epoch=1.989297
2026-02-21 22:36:30.072 | INFO     | __main__:on_log:99 - step=17290 | loss=0.042800 | grad_norm=0.354179 | learning_rate=0.000000 | epoch=1.989872
2026-02-21 22:36:42.990 | INFO     | __main__:on_log:99 - step=17295 | loss=0.051800 | grad_norm=0.748166 | learning_rate=0.000000 | epoch=1.990448
2026-02-21 22:36:55.903 | INFO     | __main__:on_log:99 - step=17300 | loss=0.055100 | grad_norm=0.440495 | learning_rate=0.000000 | epoch=1.991023
2026-02-21 22:37:08.844 | INFO     | __main__:on_log:99 - step=17305 | loss=0.038000 | grad_norm=0.420558 | learning_rate=0.000000 | epoch=1.991599
2026-02-21 22:37:21.775 | INFO     | __main__:on_log:99 - step=17310 | loss=0.037400 | grad_norm=0.701621 | learning_rate=0.000000 | epoch=1.992174
2026-02-21 22:37:34.699 | INFO     | __main__:on_log:99 - step=17315 | loss=0.055000 | grad_norm=0.474867 | learning_rate=0.000000 | epoch=1.992749
2026-02-21 22:37:47.648 | INFO     | __main__:on_log:99 - step=17320 | loss=0.064800 | grad_norm=0.536934 | learning_rate=0.000000 | epoch=1.993325
2026-02-21 22:38:00.571 | INFO     | __main__:on_log:99 - step=17325 | loss=0.054300 | grad_norm=0.590853 | learning_rate=0.000000 | epoch=1.993900
2026-02-21 22:38:13.488 | INFO     | __main__:on_log:99 - step=17330 | loss=0.061600 | grad_norm=0.913948 | learning_rate=0.000000 | epoch=1.994476
2026-02-21 22:38:26.421 | INFO     | __main__:on_log:99 - step=17335 | loss=0.056400 | grad_norm=0.715663 | learning_rate=0.000000 | epoch=1.995051
2026-02-21 22:38:39.354 | INFO     | __main__:on_log:99 - step=17340 | loss=0.050200 | grad_norm=0.735444 | learning_rate=0.000000 | epoch=1.995627
2026-02-21 22:38:52.277 | INFO     | __main__:on_log:99 - step=17345 | loss=0.061200 | grad_norm=0.553538 | learning_rate=0.000000 | epoch=1.996202
2026-02-21 22:39:05.201 | INFO     | __main__:on_log:99 - step=17350 | loss=0.063100 | grad_norm=0.610469 | learning_rate=0.000000 | epoch=1.996778
2026-02-21 22:39:18.146 | INFO     | __main__:on_log:99 - step=17355 | loss=0.054900 | grad_norm=0.571009 | learning_rate=0.000000 | epoch=1.997353
2026-02-21 22:39:31.074 | INFO     | __main__:on_log:99 - step=17360 | loss=0.052600 | grad_norm=0.521230 | learning_rate=0.000000 | epoch=1.997928
2026-02-21 22:39:44.007 | INFO     | __main__:on_log:99 - step=17365 | loss=0.065700 | grad_norm=0.749387 | learning_rate=0.000000 | epoch=1.998504
2026-02-21 22:39:56.924 | INFO     | __main__:on_log:99 - step=17370 | loss=0.046500 | grad_norm=0.467103 | learning_rate=0.000000 | epoch=1.999079
2026-02-21 22:40:09.829 | INFO     | __main__:on_log:99 - step=17375 | loss=0.053600 | grad_norm=0.741557 | learning_rate=0.000000 | epoch=1.999655
2026-02-21 22:40:16.839 | INFO     | __main__:on_log:99 - step=17378 | epoch=2.000000
2026-02-21 22:40:17.147 | SUCCESS  | __main__:main:305 - 학습 완료! 저장 경로: /root/SKN20-FINAL-2TEAM/SLLM_model/outputs/qwen2.5-3b-lora
2026-02-21 22:40:17.174 | INFO     | __main__:main:309 - GPU 메모리 해제 완료
