2026-02-19 03:19:28.005 | INFO     | __main__:main:156 - ============================================================
2026-02-19 03:19:28.005 | INFO     | __main__:main:157 - 모델: Qwen/Qwen2.5-1.5B-Instruct
2026-02-19 03:19:28.005 | INFO     | __main__:main:158 - 출력 경로: /root/SKN20-FINAL-2TEAM/SLLM_model/outputs/qwen2.5-1.5b-v2
2026-02-19 03:19:28.005 | INFO     | __main__:main:159 - epochs=2, batch_size=2, lr=3e-05
2026-02-19 03:19:28.005 | INFO     | __main__:main:160 - ============================================================
2026-02-19 03:19:32.168 | INFO     | __main__:load_sft_data:129 - 데이터 로드: 17377건 (/root/SKN20-FINAL-2TEAM/SLLM_model/data/sllm_qwen_data/sllm_train.xlsx)
2026-02-19 03:19:34.643 | INFO     | __main__:load_sft_data:145 - 유효 샘플: 17377건
2026-02-19 03:19:37.407 | INFO     | __main__:load_sft_data:129 - 데이터 로드: 4317건 (/root/SKN20-FINAL-2TEAM/SLLM_model/data/sllm_qwen_data/sllm_test.xlsx)
2026-02-19 03:19:38.044 | INFO     | __main__:load_sft_data:145 - 유효 샘플: 4317건
2026-02-19 03:25:46.460 | INFO     | __main__:main:297 - 학습 시작...
2026-02-19 03:25:54.998 | INFO     | __main__:on_log:99 - step=5 | loss=0.649600 | grad_norm=1.335647 | learning_rate=0.000000 | epoch=0.000575
2026-02-19 03:26:02.790 | INFO     | __main__:on_log:99 - step=10 | loss=0.811600 | grad_norm=1.214626 | learning_rate=0.000000 | epoch=0.001151
2026-02-19 03:26:10.586 | INFO     | __main__:on_log:99 - step=15 | loss=0.611700 | grad_norm=0.862341 | learning_rate=0.000000 | epoch=0.001726
2026-02-19 03:26:18.381 | INFO     | __main__:on_log:99 - step=20 | loss=0.695800 | grad_norm=0.966487 | learning_rate=0.000001 | epoch=0.002302
2026-02-19 03:26:26.177 | INFO     | __main__:on_log:99 - step=25 | loss=0.562400 | grad_norm=0.455211 | learning_rate=0.000001 | epoch=0.002877
2026-02-19 03:26:33.972 | INFO     | __main__:on_log:99 - step=30 | loss=0.692800 | grad_norm=0.617980 | learning_rate=0.000001 | epoch=0.003453
2026-02-19 03:26:41.772 | INFO     | __main__:on_log:99 - step=35 | loss=0.587900 | grad_norm=0.706942 | learning_rate=0.000001 | epoch=0.004028
2026-02-19 03:26:49.564 | INFO     | __main__:on_log:99 - step=40 | loss=0.485500 | grad_norm=0.628109 | learning_rate=0.000001 | epoch=0.004604
2026-02-19 03:26:57.353 | INFO     | __main__:on_log:99 - step=45 | loss=0.662200 | grad_norm=0.698304 | learning_rate=0.000002 | epoch=0.005179
2026-02-19 03:27:05.147 | INFO     | __main__:on_log:99 - step=50 | loss=0.640200 | grad_norm=0.620992 | learning_rate=0.000002 | epoch=0.005754
2026-02-19 03:27:12.945 | INFO     | __main__:on_log:99 - step=55 | loss=0.490200 | grad_norm=1.058794 | learning_rate=0.000002 | epoch=0.006330
2026-02-19 03:27:20.741 | INFO     | __main__:on_log:99 - step=60 | loss=0.620400 | grad_norm=0.515121 | learning_rate=0.000002 | epoch=0.006905
2026-02-19 03:27:28.539 | INFO     | __main__:on_log:99 - step=65 | loss=0.567700 | grad_norm=0.758087 | learning_rate=0.000002 | epoch=0.007481
2026-02-19 03:27:36.333 | INFO     | __main__:on_log:99 - step=70 | loss=0.784000 | grad_norm=1.209233 | learning_rate=0.000002 | epoch=0.008056
2026-02-19 03:27:44.129 | INFO     | __main__:on_log:99 - step=75 | loss=0.486200 | grad_norm=0.788495 | learning_rate=0.000003 | epoch=0.008632
2026-02-19 03:27:51.925 | INFO     | __main__:on_log:99 - step=80 | loss=0.535200 | grad_norm=0.794242 | learning_rate=0.000003 | epoch=0.009207
2026-02-19 03:27:59.721 | INFO     | __main__:on_log:99 - step=85 | loss=0.511600 | grad_norm=0.394411 | learning_rate=0.000003 | epoch=0.009782
2026-02-19 03:28:07.515 | INFO     | __main__:on_log:99 - step=90 | loss=0.589300 | grad_norm=1.205580 | learning_rate=0.000003 | epoch=0.010358
2026-02-19 03:28:15.306 | INFO     | __main__:on_log:99 - step=95 | loss=0.588400 | grad_norm=0.576061 | learning_rate=0.000003 | epoch=0.010933
2026-02-19 03:28:23.104 | INFO     | __main__:on_log:99 - step=100 | loss=0.574000 | grad_norm=0.799239 | learning_rate=0.000003 | epoch=0.011509
2026-02-19 03:28:30.895 | INFO     | __main__:on_log:99 - step=105 | loss=0.543200 | grad_norm=0.565532 | learning_rate=0.000004 | epoch=0.012084
2026-02-19 03:28:38.692 | INFO     | __main__:on_log:99 - step=110 | loss=0.507600 | grad_norm=0.555015 | learning_rate=0.000004 | epoch=0.012660
2026-02-19 03:28:46.483 | INFO     | __main__:on_log:99 - step=115 | loss=0.550700 | grad_norm=0.699574 | learning_rate=0.000004 | epoch=0.013235
2026-02-19 03:28:54.278 | INFO     | __main__:on_log:99 - step=120 | loss=0.492500 | grad_norm=0.605791 | learning_rate=0.000004 | epoch=0.013811
2026-02-19 03:29:02.074 | INFO     | __main__:on_log:99 - step=125 | loss=0.458600 | grad_norm=0.690386 | learning_rate=0.000004 | epoch=0.014386
2026-02-19 03:29:09.870 | INFO     | __main__:on_log:99 - step=130 | loss=0.465600 | grad_norm=0.545475 | learning_rate=0.000004 | epoch=0.014961
2026-02-19 03:29:17.666 | INFO     | __main__:on_log:99 - step=135 | loss=0.421700 | grad_norm=0.800798 | learning_rate=0.000005 | epoch=0.015537
2026-02-19 03:29:25.459 | INFO     | __main__:on_log:99 - step=140 | loss=0.446400 | grad_norm=0.807502 | learning_rate=0.000005 | epoch=0.016112
2026-02-19 03:29:33.254 | INFO     | __main__:on_log:99 - step=145 | loss=0.401800 | grad_norm=0.736321 | learning_rate=0.000005 | epoch=0.016688
2026-02-19 03:29:41.044 | INFO     | __main__:on_log:99 - step=150 | loss=0.436900 | grad_norm=0.864886 | learning_rate=0.000005 | epoch=0.017263
2026-02-19 03:29:48.836 | INFO     | __main__:on_log:99 - step=155 | loss=0.383600 | grad_norm=0.783599 | learning_rate=0.000005 | epoch=0.017839
2026-02-19 03:29:56.632 | INFO     | __main__:on_log:99 - step=160 | loss=0.410600 | grad_norm=0.748413 | learning_rate=0.000005 | epoch=0.018414
2026-02-19 03:30:04.426 | INFO     | __main__:on_log:99 - step=165 | loss=0.283400 | grad_norm=0.541213 | learning_rate=0.000006 | epoch=0.018990
2026-02-19 03:30:12.220 | INFO     | __main__:on_log:99 - step=170 | loss=0.364000 | grad_norm=0.845546 | learning_rate=0.000006 | epoch=0.019565
2026-02-19 03:30:20.014 | INFO     | __main__:on_log:99 - step=175 | loss=0.327600 | grad_norm=0.597467 | learning_rate=0.000006 | epoch=0.020140
2026-02-19 03:30:27.807 | INFO     | __main__:on_log:99 - step=180 | loss=0.361100 | grad_norm=0.732717 | learning_rate=0.000006 | epoch=0.020716
2026-02-19 03:30:35.601 | INFO     | __main__:on_log:99 - step=185 | loss=0.403700 | grad_norm=0.889082 | learning_rate=0.000006 | epoch=0.021291
2026-02-19 03:30:43.394 | INFO     | __main__:on_log:99 - step=190 | loss=0.296300 | grad_norm=0.949758 | learning_rate=0.000007 | epoch=0.021867
2026-02-19 03:30:51.192 | INFO     | __main__:on_log:99 - step=195 | loss=0.220600 | grad_norm=0.491202 | learning_rate=0.000007 | epoch=0.022442
2026-02-19 03:30:58.987 | INFO     | __main__:on_log:99 - step=200 | loss=0.305100 | grad_norm=0.609531 | learning_rate=0.000007 | epoch=0.023018
2026-02-19 03:31:06.785 | INFO     | __main__:on_log:99 - step=205 | loss=0.282000 | grad_norm=0.665541 | learning_rate=0.000007 | epoch=0.023593
2026-02-19 03:31:14.583 | INFO     | __main__:on_log:99 - step=210 | loss=0.258100 | grad_norm=0.540583 | learning_rate=0.000007 | epoch=0.024168
2026-02-19 03:31:22.379 | INFO     | __main__:on_log:99 - step=215 | loss=0.251300 | grad_norm=0.712192 | learning_rate=0.000007 | epoch=0.024744
2026-02-19 03:31:30.171 | INFO     | __main__:on_log:99 - step=220 | loss=0.320600 | grad_norm=0.663388 | learning_rate=0.000008 | epoch=0.025319
2026-02-19 03:31:37.966 | INFO     | __main__:on_log:99 - step=225 | loss=0.247800 | grad_norm=0.618301 | learning_rate=0.000008 | epoch=0.025895
2026-02-19 03:31:45.765 | INFO     | __main__:on_log:99 - step=230 | loss=0.256900 | grad_norm=1.055789 | learning_rate=0.000008 | epoch=0.026470
2026-02-19 03:31:53.559 | INFO     | __main__:on_log:99 - step=235 | loss=0.270400 | grad_norm=0.866061 | learning_rate=0.000008 | epoch=0.027046
2026-02-19 03:32:01.353 | INFO     | __main__:on_log:99 - step=240 | loss=0.188600 | grad_norm=0.992144 | learning_rate=0.000008 | epoch=0.027621
2026-02-19 03:32:09.146 | INFO     | __main__:on_log:99 - step=245 | loss=0.197800 | grad_norm=0.704488 | learning_rate=0.000008 | epoch=0.028197
2026-02-19 03:32:16.937 | INFO     | __main__:on_log:99 - step=250 | loss=0.205900 | grad_norm=0.870042 | learning_rate=0.000009 | epoch=0.028772
2026-02-19 03:32:24.729 | INFO     | __main__:on_log:99 - step=255 | loss=0.258900 | grad_norm=0.755691 | learning_rate=0.000009 | epoch=0.029347
2026-02-19 03:32:32.523 | INFO     | __main__:on_log:99 - step=260 | loss=0.220200 | grad_norm=0.751462 | learning_rate=0.000009 | epoch=0.029923
2026-02-19 03:32:40.315 | INFO     | __main__:on_log:99 - step=265 | loss=0.276700 | grad_norm=0.793490 | learning_rate=0.000009 | epoch=0.030498
2026-02-19 03:32:48.107 | INFO     | __main__:on_log:99 - step=270 | loss=0.195700 | grad_norm=0.728772 | learning_rate=0.000009 | epoch=0.031074
2026-02-19 03:32:55.900 | INFO     | __main__:on_log:99 - step=275 | loss=0.168100 | grad_norm=0.710211 | learning_rate=0.000009 | epoch=0.031649
2026-02-19 03:33:03.695 | INFO     | __main__:on_log:99 - step=280 | loss=0.232500 | grad_norm=0.942355 | learning_rate=0.000010 | epoch=0.032225
2026-02-19 03:33:11.488 | INFO     | __main__:on_log:99 - step=285 | loss=0.225600 | grad_norm=1.276925 | learning_rate=0.000010 | epoch=0.032800
2026-02-19 03:33:19.281 | INFO     | __main__:on_log:99 - step=290 | loss=0.158200 | grad_norm=0.794913 | learning_rate=0.000010 | epoch=0.033376
2026-02-19 03:33:27.074 | INFO     | __main__:on_log:99 - step=295 | loss=0.211400 | grad_norm=0.764590 | learning_rate=0.000010 | epoch=0.033951
2026-02-19 03:33:34.869 | INFO     | __main__:on_log:99 - step=300 | loss=0.256800 | grad_norm=0.897470 | learning_rate=0.000010 | epoch=0.034526
2026-02-19 03:33:42.660 | INFO     | __main__:on_log:99 - step=305 | loss=0.209200 | grad_norm=0.617292 | learning_rate=0.000010 | epoch=0.035102
2026-02-19 03:33:50.452 | INFO     | __main__:on_log:99 - step=310 | loss=0.186600 | grad_norm=0.476578 | learning_rate=0.000011 | epoch=0.035677
2026-02-19 03:33:58.243 | INFO     | __main__:on_log:99 - step=315 | loss=0.240600 | grad_norm=0.809129 | learning_rate=0.000011 | epoch=0.036253
2026-02-19 03:34:06.034 | INFO     | __main__:on_log:99 - step=320 | loss=0.171100 | grad_norm=0.681081 | learning_rate=0.000011 | epoch=0.036828
2026-02-19 03:34:13.828 | INFO     | __main__:on_log:99 - step=325 | loss=0.214100 | grad_norm=1.007868 | learning_rate=0.000011 | epoch=0.037404
2026-02-19 03:34:21.620 | INFO     | __main__:on_log:99 - step=330 | loss=0.185000 | grad_norm=1.016111 | learning_rate=0.000011 | epoch=0.037979
2026-02-19 03:34:29.417 | INFO     | __main__:on_log:99 - step=335 | loss=0.249200 | grad_norm=1.100609 | learning_rate=0.000012 | epoch=0.038554
2026-02-19 03:34:37.210 | INFO     | __main__:on_log:99 - step=340 | loss=0.201500 | grad_norm=0.811240 | learning_rate=0.000012 | epoch=0.039130
2026-02-19 03:34:45.002 | INFO     | __main__:on_log:99 - step=345 | loss=0.163800 | grad_norm=0.913408 | learning_rate=0.000012 | epoch=0.039705
2026-02-19 03:34:52.795 | INFO     | __main__:on_log:99 - step=350 | loss=0.169700 | grad_norm=0.944676 | learning_rate=0.000012 | epoch=0.040281
2026-02-19 03:35:00.590 | INFO     | __main__:on_log:99 - step=355 | loss=0.156200 | grad_norm=0.593366 | learning_rate=0.000012 | epoch=0.040856
2026-02-19 03:35:08.384 | INFO     | __main__:on_log:99 - step=360 | loss=0.210500 | grad_norm=1.162768 | learning_rate=0.000012 | epoch=0.041432
2026-02-19 03:35:16.174 | INFO     | __main__:on_log:99 - step=365 | loss=0.157400 | grad_norm=0.944762 | learning_rate=0.000013 | epoch=0.042007
2026-02-19 03:35:23.968 | INFO     | __main__:on_log:99 - step=370 | loss=0.226300 | grad_norm=0.463136 | learning_rate=0.000013 | epoch=0.042583
2026-02-19 03:35:31.761 | INFO     | __main__:on_log:99 - step=375 | loss=0.187300 | grad_norm=0.688120 | learning_rate=0.000013 | epoch=0.043158
2026-02-19 03:35:39.553 | INFO     | __main__:on_log:99 - step=380 | loss=0.178900 | grad_norm=0.514768 | learning_rate=0.000013 | epoch=0.043733
2026-02-19 03:35:47.349 | INFO     | __main__:on_log:99 - step=385 | loss=0.163000 | grad_norm=0.676090 | learning_rate=0.000013 | epoch=0.044309
2026-02-19 03:35:55.141 | INFO     | __main__:on_log:99 - step=390 | loss=0.180600 | grad_norm=0.632362 | learning_rate=0.000013 | epoch=0.044884
2026-02-19 03:36:02.932 | INFO     | __main__:on_log:99 - step=395 | loss=0.191300 | grad_norm=0.832939 | learning_rate=0.000014 | epoch=0.045460
2026-02-19 03:36:10.723 | INFO     | __main__:on_log:99 - step=400 | loss=0.179800 | grad_norm=0.570818 | learning_rate=0.000014 | epoch=0.046035
2026-02-19 03:36:18.515 | INFO     | __main__:on_log:99 - step=405 | loss=0.224600 | grad_norm=0.923788 | learning_rate=0.000014 | epoch=0.046611
2026-02-19 03:36:26.306 | INFO     | __main__:on_log:99 - step=410 | loss=0.178500 | grad_norm=1.229651 | learning_rate=0.000014 | epoch=0.047186
2026-02-19 03:36:34.100 | INFO     | __main__:on_log:99 - step=415 | loss=0.175200 | grad_norm=0.695989 | learning_rate=0.000014 | epoch=0.047762
2026-02-19 03:36:41.894 | INFO     | __main__:on_log:99 - step=420 | loss=0.141500 | grad_norm=0.930876 | learning_rate=0.000014 | epoch=0.048337
2026-02-19 03:36:49.689 | INFO     | __main__:on_log:99 - step=425 | loss=0.150000 | grad_norm=0.980535 | learning_rate=0.000015 | epoch=0.048912
2026-02-19 03:36:57.487 | INFO     | __main__:on_log:99 - step=430 | loss=0.205900 | grad_norm=0.821689 | learning_rate=0.000015 | epoch=0.049488
2026-02-19 03:37:05.305 | INFO     | __main__:on_log:99 - step=435 | loss=0.175600 | grad_norm=0.665543 | learning_rate=0.000015 | epoch=0.050063
2026-02-19 03:37:13.098 | INFO     | __main__:on_log:99 - step=440 | loss=0.130100 | grad_norm=0.728014 | learning_rate=0.000015 | epoch=0.050639
2026-02-19 03:37:20.896 | INFO     | __main__:on_log:99 - step=445 | loss=0.198600 | grad_norm=0.851117 | learning_rate=0.000015 | epoch=0.051214
2026-02-19 03:37:28.690 | INFO     | __main__:on_log:99 - step=450 | loss=0.176500 | grad_norm=1.320809 | learning_rate=0.000016 | epoch=0.051790
2026-02-19 03:37:36.484 | INFO     | __main__:on_log:99 - step=455 | loss=0.147200 | grad_norm=0.864054 | learning_rate=0.000016 | epoch=0.052365
2026-02-19 03:37:44.274 | INFO     | __main__:on_log:99 - step=460 | loss=0.159400 | grad_norm=0.876465 | learning_rate=0.000016 | epoch=0.052940
2026-02-19 03:37:52.067 | INFO     | __main__:on_log:99 - step=465 | loss=0.138600 | grad_norm=0.606748 | learning_rate=0.000016 | epoch=0.053516
2026-02-19 03:37:59.860 | INFO     | __main__:on_log:99 - step=470 | loss=0.160300 | grad_norm=0.832321 | learning_rate=0.000016 | epoch=0.054091
2026-02-19 03:38:07.648 | INFO     | __main__:on_log:99 - step=475 | loss=0.159600 | grad_norm=0.768630 | learning_rate=0.000016 | epoch=0.054667
2026-02-19 03:38:15.439 | INFO     | __main__:on_log:99 - step=480 | loss=0.184300 | grad_norm=0.558801 | learning_rate=0.000017 | epoch=0.055242
2026-02-19 03:38:23.234 | INFO     | __main__:on_log:99 - step=485 | loss=0.137800 | grad_norm=0.758763 | learning_rate=0.000017 | epoch=0.055818
2026-02-19 03:38:31.028 | INFO     | __main__:on_log:99 - step=490 | loss=0.111000 | grad_norm=0.672323 | learning_rate=0.000017 | epoch=0.056393
2026-02-19 03:38:38.820 | INFO     | __main__:on_log:99 - step=495 | loss=0.145100 | grad_norm=1.369683 | learning_rate=0.000017 | epoch=0.056969
2026-02-19 03:38:46.612 | INFO     | __main__:on_log:99 - step=500 | loss=0.150600 | grad_norm=0.951094 | learning_rate=0.000017 | epoch=0.057544
2026-02-19 03:38:54.405 | INFO     | __main__:on_log:99 - step=505 | loss=0.185000 | grad_norm=0.614809 | learning_rate=0.000017 | epoch=0.058119
2026-02-19 03:39:02.193 | INFO     | __main__:on_log:99 - step=510 | loss=0.141600 | grad_norm=0.648314 | learning_rate=0.000018 | epoch=0.058695
2026-02-19 03:39:09.987 | INFO     | __main__:on_log:99 - step=515 | loss=0.225300 | grad_norm=0.676430 | learning_rate=0.000018 | epoch=0.059270
2026-02-19 03:39:17.775 | INFO     | __main__:on_log:99 - step=520 | loss=0.182600 | grad_norm=0.676736 | learning_rate=0.000018 | epoch=0.059846
2026-02-19 03:39:25.569 | INFO     | __main__:on_log:99 - step=525 | loss=0.149500 | grad_norm=0.681693 | learning_rate=0.000018 | epoch=0.060421
2026-02-19 03:39:33.361 | INFO     | __main__:on_log:99 - step=530 | loss=0.173800 | grad_norm=0.620798 | learning_rate=0.000018 | epoch=0.060997
2026-02-19 03:39:41.157 | INFO     | __main__:on_log:99 - step=535 | loss=0.158300 | grad_norm=0.662790 | learning_rate=0.000018 | epoch=0.061572
2026-02-19 03:39:48.949 | INFO     | __main__:on_log:99 - step=540 | loss=0.129700 | grad_norm=0.600691 | learning_rate=0.000019 | epoch=0.062148
2026-02-19 03:39:56.739 | INFO     | __main__:on_log:99 - step=545 | loss=0.165600 | grad_norm=1.005827 | learning_rate=0.000019 | epoch=0.062723
2026-02-19 03:40:04.534 | INFO     | __main__:on_log:99 - step=550 | loss=0.131500 | grad_norm=0.632577 | learning_rate=0.000019 | epoch=0.063298
2026-02-19 03:40:12.324 | INFO     | __main__:on_log:99 - step=555 | loss=0.147000 | grad_norm=0.617234 | learning_rate=0.000019 | epoch=0.063874
2026-02-19 03:40:20.117 | INFO     | __main__:on_log:99 - step=560 | loss=0.173000 | grad_norm=0.960265 | learning_rate=0.000019 | epoch=0.064449
2026-02-19 03:40:27.906 | INFO     | __main__:on_log:99 - step=565 | loss=0.146700 | grad_norm=0.755326 | learning_rate=0.000019 | epoch=0.065025
2026-02-19 03:40:35.698 | INFO     | __main__:on_log:99 - step=570 | loss=0.134200 | grad_norm=1.237758 | learning_rate=0.000020 | epoch=0.065600
2026-02-19 03:40:43.490 | INFO     | __main__:on_log:99 - step=575 | loss=0.192300 | grad_norm=1.004239 | learning_rate=0.000020 | epoch=0.066176
2026-02-19 03:40:51.280 | INFO     | __main__:on_log:99 - step=580 | loss=0.192700 | grad_norm=0.925785 | learning_rate=0.000020 | epoch=0.066751
2026-02-19 03:40:59.075 | INFO     | __main__:on_log:99 - step=585 | loss=0.172200 | grad_norm=0.940400 | learning_rate=0.000020 | epoch=0.067327
2026-02-19 03:41:06.865 | INFO     | __main__:on_log:99 - step=590 | loss=0.139100 | grad_norm=1.152132 | learning_rate=0.000020 | epoch=0.067902
2026-02-19 03:41:14.651 | INFO     | __main__:on_log:99 - step=595 | loss=0.152000 | grad_norm=0.854700 | learning_rate=0.000021 | epoch=0.068477
2026-02-19 03:41:22.446 | INFO     | __main__:on_log:99 - step=600 | loss=0.145400 | grad_norm=1.377852 | learning_rate=0.000021 | epoch=0.069053
2026-02-19 03:41:30.241 | INFO     | __main__:on_log:99 - step=605 | loss=0.143100 | grad_norm=0.553529 | learning_rate=0.000021 | epoch=0.069628
2026-02-19 03:41:38.036 | INFO     | __main__:on_log:99 - step=610 | loss=0.168800 | grad_norm=0.980783 | learning_rate=0.000021 | epoch=0.070204
2026-02-19 03:41:45.828 | INFO     | __main__:on_log:99 - step=615 | loss=0.216000 | grad_norm=1.017785 | learning_rate=0.000021 | epoch=0.070779
2026-02-19 03:41:53.621 | INFO     | __main__:on_log:99 - step=620 | loss=0.174800 | grad_norm=1.026521 | learning_rate=0.000021 | epoch=0.071355
2026-02-19 03:42:01.412 | INFO     | __main__:on_log:99 - step=625 | loss=0.134300 | grad_norm=0.658600 | learning_rate=0.000022 | epoch=0.071930
2026-02-19 03:42:09.201 | INFO     | __main__:on_log:99 - step=630 | loss=0.124300 | grad_norm=0.765867 | learning_rate=0.000022 | epoch=0.072505
2026-02-19 03:42:16.993 | INFO     | __main__:on_log:99 - step=635 | loss=0.148500 | grad_norm=0.846141 | learning_rate=0.000022 | epoch=0.073081
2026-02-19 03:42:24.786 | INFO     | __main__:on_log:99 - step=640 | loss=0.120400 | grad_norm=0.588918 | learning_rate=0.000022 | epoch=0.073656
2026-02-19 03:42:32.578 | INFO     | __main__:on_log:99 - step=645 | loss=0.152200 | grad_norm=0.842552 | learning_rate=0.000022 | epoch=0.074232
2026-02-19 03:42:40.371 | INFO     | __main__:on_log:99 - step=650 | loss=0.178200 | grad_norm=1.130842 | learning_rate=0.000022 | epoch=0.074807
2026-02-19 03:42:48.165 | INFO     | __main__:on_log:99 - step=655 | loss=0.139200 | grad_norm=0.863088 | learning_rate=0.000023 | epoch=0.075383
2026-02-19 03:42:55.956 | INFO     | __main__:on_log:99 - step=660 | loss=0.147600 | grad_norm=0.767236 | learning_rate=0.000023 | epoch=0.075958
2026-02-19 03:43:03.746 | INFO     | __main__:on_log:99 - step=665 | loss=0.156800 | grad_norm=1.130630 | learning_rate=0.000023 | epoch=0.076534
2026-02-19 03:43:11.540 | INFO     | __main__:on_log:99 - step=670 | loss=0.122900 | grad_norm=0.957837 | learning_rate=0.000023 | epoch=0.077109
2026-02-19 03:43:19.329 | INFO     | __main__:on_log:99 - step=675 | loss=0.153200 | grad_norm=0.851763 | learning_rate=0.000023 | epoch=0.077684
2026-02-19 03:43:27.125 | INFO     | __main__:on_log:99 - step=680 | loss=0.150200 | grad_norm=0.745866 | learning_rate=0.000023 | epoch=0.078260
2026-02-19 03:43:34.918 | INFO     | __main__:on_log:99 - step=685 | loss=0.145800 | grad_norm=0.604414 | learning_rate=0.000024 | epoch=0.078835
2026-02-19 03:43:42.708 | INFO     | __main__:on_log:99 - step=690 | loss=0.130800 | grad_norm=2.005058 | learning_rate=0.000024 | epoch=0.079411
2026-02-19 03:43:50.503 | INFO     | __main__:on_log:99 - step=695 | loss=0.118600 | grad_norm=0.426862 | learning_rate=0.000024 | epoch=0.079986
2026-02-19 03:43:58.298 | INFO     | __main__:on_log:99 - step=700 | loss=0.118600 | grad_norm=0.892814 | learning_rate=0.000024 | epoch=0.080562
2026-02-19 03:44:06.091 | INFO     | __main__:on_log:99 - step=705 | loss=0.130800 | grad_norm=0.900601 | learning_rate=0.000024 | epoch=0.081137
2026-02-19 03:44:13.883 | INFO     | __main__:on_log:99 - step=710 | loss=0.117200 | grad_norm=1.005316 | learning_rate=0.000024 | epoch=0.081713
2026-02-19 03:44:21.676 | INFO     | __main__:on_log:99 - step=715 | loss=0.139000 | grad_norm=1.043079 | learning_rate=0.000025 | epoch=0.082288
2026-02-19 03:44:29.469 | INFO     | __main__:on_log:99 - step=720 | loss=0.093100 | grad_norm=1.052353 | learning_rate=0.000025 | epoch=0.082863
2026-02-19 03:44:37.264 | INFO     | __main__:on_log:99 - step=725 | loss=0.178300 | grad_norm=1.446174 | learning_rate=0.000025 | epoch=0.083439
2026-02-19 03:44:45.061 | INFO     | __main__:on_log:99 - step=730 | loss=0.133200 | grad_norm=1.000265 | learning_rate=0.000025 | epoch=0.084014
2026-02-19 03:44:52.855 | INFO     | __main__:on_log:99 - step=735 | loss=0.143600 | grad_norm=0.601017 | learning_rate=0.000025 | epoch=0.084590
2026-02-19 03:45:00.646 | INFO     | __main__:on_log:99 - step=740 | loss=0.117700 | grad_norm=0.789588 | learning_rate=0.000026 | epoch=0.085165
2026-02-19 03:45:08.436 | INFO     | __main__:on_log:99 - step=745 | loss=0.152200 | grad_norm=0.969788 | learning_rate=0.000026 | epoch=0.085741
2026-02-19 03:45:16.227 | INFO     | __main__:on_log:99 - step=750 | loss=0.149400 | grad_norm=1.386489 | learning_rate=0.000026 | epoch=0.086316
2026-02-19 03:45:24.021 | INFO     | __main__:on_log:99 - step=755 | loss=0.118600 | grad_norm=0.526553 | learning_rate=0.000026 | epoch=0.086891
2026-02-19 03:45:31.816 | INFO     | __main__:on_log:99 - step=760 | loss=0.108200 | grad_norm=0.885716 | learning_rate=0.000026 | epoch=0.087467
2026-02-19 03:45:39.610 | INFO     | __main__:on_log:99 - step=765 | loss=0.141800 | grad_norm=0.907949 | learning_rate=0.000026 | epoch=0.088042
2026-02-19 03:45:47.400 | INFO     | __main__:on_log:99 - step=770 | loss=0.153600 | grad_norm=0.714900 | learning_rate=0.000027 | epoch=0.088618
2026-02-19 03:45:55.194 | INFO     | __main__:on_log:99 - step=775 | loss=0.097900 | grad_norm=0.707600 | learning_rate=0.000027 | epoch=0.089193
2026-02-19 03:46:02.988 | INFO     | __main__:on_log:99 - step=780 | loss=0.123200 | grad_norm=1.028016 | learning_rate=0.000027 | epoch=0.089769
2026-02-19 03:46:10.784 | INFO     | __main__:on_log:99 - step=785 | loss=0.166400 | grad_norm=1.108168 | learning_rate=0.000027 | epoch=0.090344
2026-02-19 03:46:18.582 | INFO     | __main__:on_log:99 - step=790 | loss=0.111900 | grad_norm=0.625985 | learning_rate=0.000027 | epoch=0.090920
2026-02-19 03:46:26.376 | INFO     | __main__:on_log:99 - step=795 | loss=0.146600 | grad_norm=0.945128 | learning_rate=0.000027 | epoch=0.091495
2026-02-19 03:46:34.171 | INFO     | __main__:on_log:99 - step=800 | loss=0.150500 | grad_norm=0.814766 | learning_rate=0.000028 | epoch=0.092070
2026-02-19 03:46:41.963 | INFO     | __main__:on_log:99 - step=805 | loss=0.109400 | grad_norm=0.895263 | learning_rate=0.000028 | epoch=0.092646
2026-02-19 03:46:49.759 | INFO     | __main__:on_log:99 - step=810 | loss=0.129200 | grad_norm=0.521459 | learning_rate=0.000028 | epoch=0.093221
2026-02-19 03:46:57.552 | INFO     | __main__:on_log:99 - step=815 | loss=0.086100 | grad_norm=0.496427 | learning_rate=0.000028 | epoch=0.093797
2026-02-19 03:47:05.343 | INFO     | __main__:on_log:99 - step=820 | loss=0.126300 | grad_norm=0.404935 | learning_rate=0.000028 | epoch=0.094372
2026-02-19 03:47:13.139 | INFO     | __main__:on_log:99 - step=825 | loss=0.103000 | grad_norm=0.701631 | learning_rate=0.000028 | epoch=0.094948
2026-02-19 03:47:20.935 | INFO     | __main__:on_log:99 - step=830 | loss=0.140700 | grad_norm=0.892055 | learning_rate=0.000029 | epoch=0.095523
2026-02-19 03:47:28.728 | INFO     | __main__:on_log:99 - step=835 | loss=0.117000 | grad_norm=0.841154 | learning_rate=0.000029 | epoch=0.096099
2026-02-19 03:47:36.521 | INFO     | __main__:on_log:99 - step=840 | loss=0.073700 | grad_norm=0.792757 | learning_rate=0.000029 | epoch=0.096674
2026-02-19 03:47:44.317 | INFO     | __main__:on_log:99 - step=845 | loss=0.166900 | grad_norm=1.416360 | learning_rate=0.000029 | epoch=0.097249
2026-02-19 03:47:52.109 | INFO     | __main__:on_log:99 - step=850 | loss=0.102500 | grad_norm=0.579461 | learning_rate=0.000029 | epoch=0.097825
2026-02-19 03:47:59.900 | INFO     | __main__:on_log:99 - step=855 | loss=0.119800 | grad_norm=0.853361 | learning_rate=0.000029 | epoch=0.098400
2026-02-19 03:48:07.694 | INFO     | __main__:on_log:99 - step=860 | loss=0.134700 | grad_norm=0.919357 | learning_rate=0.000030 | epoch=0.098976
2026-02-19 03:48:15.487 | INFO     | __main__:on_log:99 - step=865 | loss=0.113200 | grad_norm=0.583983 | learning_rate=0.000030 | epoch=0.099551
2026-02-19 03:48:23.284 | INFO     | __main__:on_log:99 - step=870 | loss=0.157900 | grad_norm=1.356828 | learning_rate=0.000030 | epoch=0.100127
2026-02-19 03:48:31.078 | INFO     | __main__:on_log:99 - step=875 | loss=0.107000 | grad_norm=0.701212 | learning_rate=0.000030 | epoch=0.100702
2026-02-19 03:48:38.874 | INFO     | __main__:on_log:99 - step=880 | loss=0.115400 | grad_norm=0.550013 | learning_rate=0.000030 | epoch=0.101277
2026-02-19 03:48:46.664 | INFO     | __main__:on_log:99 - step=885 | loss=0.094500 | grad_norm=0.715471 | learning_rate=0.000030 | epoch=0.101853
2026-02-19 03:48:54.457 | INFO     | __main__:on_log:99 - step=890 | loss=0.110200 | grad_norm=0.635463 | learning_rate=0.000030 | epoch=0.102428
2026-02-19 03:49:02.253 | INFO     | __main__:on_log:99 - step=895 | loss=0.108700 | grad_norm=1.180439 | learning_rate=0.000030 | epoch=0.103004
2026-02-19 03:49:10.049 | INFO     | __main__:on_log:99 - step=900 | loss=0.102000 | grad_norm=1.074819 | learning_rate=0.000030 | epoch=0.103579
2026-02-19 03:49:17.844 | INFO     | __main__:on_log:99 - step=905 | loss=0.082300 | grad_norm=0.591143 | learning_rate=0.000030 | epoch=0.104155
2026-02-19 03:49:25.639 | INFO     | __main__:on_log:99 - step=910 | loss=0.116500 | grad_norm=0.731396 | learning_rate=0.000030 | epoch=0.104730
2026-02-19 03:49:33.435 | INFO     | __main__:on_log:99 - step=915 | loss=0.154500 | grad_norm=0.850850 | learning_rate=0.000030 | epoch=0.105306
2026-02-19 03:49:41.228 | INFO     | __main__:on_log:99 - step=920 | loss=0.107700 | grad_norm=0.753183 | learning_rate=0.000030 | epoch=0.105881
2026-02-19 03:49:49.023 | INFO     | __main__:on_log:99 - step=925 | loss=0.171500 | grad_norm=1.009029 | learning_rate=0.000030 | epoch=0.106456
2026-02-19 03:49:56.818 | INFO     | __main__:on_log:99 - step=930 | loss=0.142400 | grad_norm=0.843464 | learning_rate=0.000030 | epoch=0.107032
2026-02-19 03:50:04.611 | INFO     | __main__:on_log:99 - step=935 | loss=0.116200 | grad_norm=1.001616 | learning_rate=0.000030 | epoch=0.107607
2026-02-19 03:50:12.409 | INFO     | __main__:on_log:99 - step=940 | loss=0.114300 | grad_norm=0.929029 | learning_rate=0.000030 | epoch=0.108183
2026-02-19 03:50:20.202 | INFO     | __main__:on_log:99 - step=945 | loss=0.126200 | grad_norm=1.159323 | learning_rate=0.000030 | epoch=0.108758
2026-02-19 03:50:27.995 | INFO     | __main__:on_log:99 - step=950 | loss=0.125100 | grad_norm=0.841770 | learning_rate=0.000030 | epoch=0.109334
2026-02-19 03:50:35.790 | INFO     | __main__:on_log:99 - step=955 | loss=0.131900 | grad_norm=0.591173 | learning_rate=0.000030 | epoch=0.109909
2026-02-19 03:50:43.582 | INFO     | __main__:on_log:99 - step=960 | loss=0.142900 | grad_norm=1.180612 | learning_rate=0.000030 | epoch=0.110485
2026-02-19 03:50:51.378 | INFO     | __main__:on_log:99 - step=965 | loss=0.139100 | grad_norm=0.864290 | learning_rate=0.000030 | epoch=0.111060
2026-02-19 03:50:59.168 | INFO     | __main__:on_log:99 - step=970 | loss=0.136200 | grad_norm=0.573273 | learning_rate=0.000030 | epoch=0.111635
2026-02-19 03:51:06.959 | INFO     | __main__:on_log:99 - step=975 | loss=0.112400 | grad_norm=1.108407 | learning_rate=0.000030 | epoch=0.112211
2026-02-19 03:51:14.749 | INFO     | __main__:on_log:99 - step=980 | loss=0.114800 | grad_norm=1.098958 | learning_rate=0.000030 | epoch=0.112786
2026-02-19 03:51:22.540 | INFO     | __main__:on_log:99 - step=985 | loss=0.144700 | grad_norm=0.622256 | learning_rate=0.000030 | epoch=0.113362
2026-02-19 03:51:30.337 | INFO     | __main__:on_log:99 - step=990 | loss=0.170800 | grad_norm=0.685433 | learning_rate=0.000030 | epoch=0.113937
2026-02-19 03:51:38.126 | INFO     | __main__:on_log:99 - step=995 | loss=0.142300 | grad_norm=0.760942 | learning_rate=0.000030 | epoch=0.114513
2026-02-19 03:51:45.919 | INFO     | __main__:on_log:99 - step=1000 | loss=0.118700 | grad_norm=1.002450 | learning_rate=0.000030 | epoch=0.115088
2026-02-19 03:51:53.711 | INFO     | __main__:on_log:99 - step=1005 | loss=0.150000 | grad_norm=1.014321 | learning_rate=0.000030 | epoch=0.115663
2026-02-19 03:52:01.507 | INFO     | __main__:on_log:99 - step=1010 | loss=0.146300 | grad_norm=0.760895 | learning_rate=0.000030 | epoch=0.116239
2026-02-19 03:52:09.304 | INFO     | __main__:on_log:99 - step=1015 | loss=0.137800 | grad_norm=0.620254 | learning_rate=0.000030 | epoch=0.116814
2026-02-19 03:52:17.095 | INFO     | __main__:on_log:99 - step=1020 | loss=0.173500 | grad_norm=0.628798 | learning_rate=0.000030 | epoch=0.117390
2026-02-19 03:52:24.888 | INFO     | __main__:on_log:99 - step=1025 | loss=0.126100 | grad_norm=0.926857 | learning_rate=0.000030 | epoch=0.117965
2026-02-19 03:52:32.684 | INFO     | __main__:on_log:99 - step=1030 | loss=0.110100 | grad_norm=0.732554 | learning_rate=0.000030 | epoch=0.118541
2026-02-19 03:52:40.479 | INFO     | __main__:on_log:99 - step=1035 | loss=0.075500 | grad_norm=0.410493 | learning_rate=0.000030 | epoch=0.119116
2026-02-19 03:52:48.277 | INFO     | __main__:on_log:99 - step=1040 | loss=0.090800 | grad_norm=1.185229 | learning_rate=0.000030 | epoch=0.119692
2026-02-19 03:52:56.069 | INFO     | __main__:on_log:99 - step=1045 | loss=0.103300 | grad_norm=0.745767 | learning_rate=0.000030 | epoch=0.120267
2026-02-19 03:53:03.866 | INFO     | __main__:on_log:99 - step=1050 | loss=0.120500 | grad_norm=0.702191 | learning_rate=0.000030 | epoch=0.120842
2026-02-19 03:53:11.659 | INFO     | __main__:on_log:99 - step=1055 | loss=0.133700 | grad_norm=0.534754 | learning_rate=0.000030 | epoch=0.121418
2026-02-19 03:53:19.453 | INFO     | __main__:on_log:99 - step=1060 | loss=0.081200 | grad_norm=0.586774 | learning_rate=0.000030 | epoch=0.121993
2026-02-19 03:53:27.247 | INFO     | __main__:on_log:99 - step=1065 | loss=0.090800 | grad_norm=0.320177 | learning_rate=0.000030 | epoch=0.122569
2026-02-19 03:53:35.075 | INFO     | __main__:on_log:99 - step=1070 | loss=0.135800 | grad_norm=0.839815 | learning_rate=0.000030 | epoch=0.123144
2026-02-19 03:53:42.868 | INFO     | __main__:on_log:99 - step=1075 | loss=0.110200 | grad_norm=0.871613 | learning_rate=0.000030 | epoch=0.123720
2026-02-19 03:53:50.662 | INFO     | __main__:on_log:99 - step=1080 | loss=0.116200 | grad_norm=0.831245 | learning_rate=0.000030 | epoch=0.124295
2026-02-19 03:53:58.462 | INFO     | __main__:on_log:99 - step=1085 | loss=0.108900 | grad_norm=0.729365 | learning_rate=0.000030 | epoch=0.124871
2026-02-19 03:54:06.251 | INFO     | __main__:on_log:99 - step=1090 | loss=0.115100 | grad_norm=1.035074 | learning_rate=0.000030 | epoch=0.125446
2026-02-19 03:54:14.047 | INFO     | __main__:on_log:99 - step=1095 | loss=0.119000 | grad_norm=0.792952 | learning_rate=0.000030 | epoch=0.126021
2026-02-19 03:54:21.838 | INFO     | __main__:on_log:99 - step=1100 | loss=0.108100 | grad_norm=0.598857 | learning_rate=0.000030 | epoch=0.126597
2026-02-19 03:54:29.635 | INFO     | __main__:on_log:99 - step=1105 | loss=0.124500 | grad_norm=0.679896 | learning_rate=0.000030 | epoch=0.127172
2026-02-19 03:54:37.429 | INFO     | __main__:on_log:99 - step=1110 | loss=0.091300 | grad_norm=0.658113 | learning_rate=0.000030 | epoch=0.127748
2026-02-19 03:54:45.222 | INFO     | __main__:on_log:99 - step=1115 | loss=0.121200 | grad_norm=0.903248 | learning_rate=0.000030 | epoch=0.128323
2026-02-19 03:54:53.014 | INFO     | __main__:on_log:99 - step=1120 | loss=0.088000 | grad_norm=0.656555 | learning_rate=0.000030 | epoch=0.128899
2026-02-19 03:55:00.810 | INFO     | __main__:on_log:99 - step=1125 | loss=0.102900 | grad_norm=0.583171 | learning_rate=0.000030 | epoch=0.129474
2026-02-19 03:55:08.606 | INFO     | __main__:on_log:99 - step=1130 | loss=0.100700 | grad_norm=0.854057 | learning_rate=0.000030 | epoch=0.130049
2026-02-19 03:55:16.398 | INFO     | __main__:on_log:99 - step=1135 | loss=0.096200 | grad_norm=0.677278 | learning_rate=0.000030 | epoch=0.130625
2026-02-19 03:55:24.188 | INFO     | __main__:on_log:99 - step=1140 | loss=0.161800 | grad_norm=0.953783 | learning_rate=0.000030 | epoch=0.131200
2026-02-19 03:55:31.985 | INFO     | __main__:on_log:99 - step=1145 | loss=0.108600 | grad_norm=0.607895 | learning_rate=0.000030 | epoch=0.131776
2026-02-19 03:55:39.779 | INFO     | __main__:on_log:99 - step=1150 | loss=0.079300 | grad_norm=0.627881 | learning_rate=0.000029 | epoch=0.132351
2026-02-19 03:55:47.576 | INFO     | __main__:on_log:99 - step=1155 | loss=0.118700 | grad_norm=0.682698 | learning_rate=0.000029 | epoch=0.132927
2026-02-19 03:55:55.372 | INFO     | __main__:on_log:99 - step=1160 | loss=0.096500 | grad_norm=0.604452 | learning_rate=0.000029 | epoch=0.133502
2026-02-19 03:56:03.168 | INFO     | __main__:on_log:99 - step=1165 | loss=0.148100 | grad_norm=0.630306 | learning_rate=0.000029 | epoch=0.134078
2026-02-19 03:56:10.959 | INFO     | __main__:on_log:99 - step=1170 | loss=0.165500 | grad_norm=0.689281 | learning_rate=0.000029 | epoch=0.134653
2026-02-19 03:56:18.751 | INFO     | __main__:on_log:99 - step=1175 | loss=0.090900 | grad_norm=0.837735 | learning_rate=0.000029 | epoch=0.135228
2026-02-19 03:56:26.547 | INFO     | __main__:on_log:99 - step=1180 | loss=0.117300 | grad_norm=0.764866 | learning_rate=0.000029 | epoch=0.135804
2026-02-19 03:56:34.337 | INFO     | __main__:on_log:99 - step=1185 | loss=0.104000 | grad_norm=0.561423 | learning_rate=0.000029 | epoch=0.136379
2026-02-19 03:56:42.131 | INFO     | __main__:on_log:99 - step=1190 | loss=0.096900 | grad_norm=0.687794 | learning_rate=0.000029 | epoch=0.136955
2026-02-19 03:56:49.920 | INFO     | __main__:on_log:99 - step=1195 | loss=0.140800 | grad_norm=0.881682 | learning_rate=0.000029 | epoch=0.137530
2026-02-19 03:56:57.714 | INFO     | __main__:on_log:99 - step=1200 | loss=0.129600 | grad_norm=0.589933 | learning_rate=0.000029 | epoch=0.138106
2026-02-19 03:57:05.507 | INFO     | __main__:on_log:99 - step=1205 | loss=0.078400 | grad_norm=0.931733 | learning_rate=0.000029 | epoch=0.138681
2026-02-19 03:57:13.297 | INFO     | __main__:on_log:99 - step=1210 | loss=0.109200 | grad_norm=0.711702 | learning_rate=0.000029 | epoch=0.139257
2026-02-19 03:57:21.087 | INFO     | __main__:on_log:99 - step=1215 | loss=0.118400 | grad_norm=0.890656 | learning_rate=0.000029 | epoch=0.139832
2026-02-19 03:57:28.883 | INFO     | __main__:on_log:99 - step=1220 | loss=0.124300 | grad_norm=0.699855 | learning_rate=0.000029 | epoch=0.140407
2026-02-19 03:57:36.684 | INFO     | __main__:on_log:99 - step=1225 | loss=0.110300 | grad_norm=0.524669 | learning_rate=0.000029 | epoch=0.140983
2026-02-19 03:57:44.477 | INFO     | __main__:on_log:99 - step=1230 | loss=0.184300 | grad_norm=0.997442 | learning_rate=0.000029 | epoch=0.141558
2026-02-19 03:57:52.267 | INFO     | __main__:on_log:99 - step=1235 | loss=0.119000 | grad_norm=0.719999 | learning_rate=0.000029 | epoch=0.142134
2026-02-19 03:58:00.060 | INFO     | __main__:on_log:99 - step=1240 | loss=0.075300 | grad_norm=0.514018 | learning_rate=0.000029 | epoch=0.142709
2026-02-19 03:58:07.852 | INFO     | __main__:on_log:99 - step=1245 | loss=0.094000 | grad_norm=0.828977 | learning_rate=0.000029 | epoch=0.143285
2026-02-19 03:58:15.645 | INFO     | __main__:on_log:99 - step=1250 | loss=0.102300 | grad_norm=0.941285 | learning_rate=0.000029 | epoch=0.143860
2026-02-19 03:58:23.438 | INFO     | __main__:on_log:99 - step=1255 | loss=0.162400 | grad_norm=0.902706 | learning_rate=0.000029 | epoch=0.144435
2026-02-19 03:58:31.232 | INFO     | __main__:on_log:99 - step=1260 | loss=0.099100 | grad_norm=0.700868 | learning_rate=0.000029 | epoch=0.145011
2026-02-19 03:58:39.042 | INFO     | __main__:on_log:99 - step=1265 | loss=0.127800 | grad_norm=0.643169 | learning_rate=0.000029 | epoch=0.145586
2026-02-19 03:58:46.835 | INFO     | __main__:on_log:99 - step=1270 | loss=0.100400 | grad_norm=0.456196 | learning_rate=0.000029 | epoch=0.146162
2026-02-19 03:58:54.628 | INFO     | __main__:on_log:99 - step=1275 | loss=0.158700 | grad_norm=0.619568 | learning_rate=0.000029 | epoch=0.146737
2026-02-19 03:59:02.418 | INFO     | __main__:on_log:99 - step=1280 | loss=0.163100 | grad_norm=1.094144 | learning_rate=0.000029 | epoch=0.147313
2026-02-19 03:59:10.212 | INFO     | __main__:on_log:99 - step=1285 | loss=0.097800 | grad_norm=0.659291 | learning_rate=0.000029 | epoch=0.147888
2026-02-19 03:59:18.028 | INFO     | __main__:on_log:99 - step=1290 | loss=0.116300 | grad_norm=0.757179 | learning_rate=0.000029 | epoch=0.148464
2026-02-19 03:59:25.833 | INFO     | __main__:on_log:99 - step=1295 | loss=0.124000 | grad_norm=0.819884 | learning_rate=0.000029 | epoch=0.149039
2026-02-19 03:59:33.625 | INFO     | __main__:on_log:99 - step=1300 | loss=0.111400 | grad_norm=0.957639 | learning_rate=0.000029 | epoch=0.149614
2026-02-19 03:59:41.418 | INFO     | __main__:on_log:99 - step=1305 | loss=0.124900 | grad_norm=0.884653 | learning_rate=0.000029 | epoch=0.150190
2026-02-19 03:59:49.210 | INFO     | __main__:on_log:99 - step=1310 | loss=0.083400 | grad_norm=0.452778 | learning_rate=0.000029 | epoch=0.150765
2026-02-19 03:59:57.000 | INFO     | __main__:on_log:99 - step=1315 | loss=0.093300 | grad_norm=0.563958 | learning_rate=0.000029 | epoch=0.151341
2026-02-19 04:00:04.796 | INFO     | __main__:on_log:99 - step=1320 | loss=0.109100 | grad_norm=0.977783 | learning_rate=0.000029 | epoch=0.151916
2026-02-19 04:00:12.592 | INFO     | __main__:on_log:99 - step=1325 | loss=0.108900 | grad_norm=0.768195 | learning_rate=0.000029 | epoch=0.152492
2026-02-19 04:00:20.387 | INFO     | __main__:on_log:99 - step=1330 | loss=0.110300 | grad_norm=0.801261 | learning_rate=0.000029 | epoch=0.153067
2026-02-19 04:00:28.180 | INFO     | __main__:on_log:99 - step=1335 | loss=0.158000 | grad_norm=0.573593 | learning_rate=0.000029 | epoch=0.153643
2026-02-19 04:00:35.974 | INFO     | __main__:on_log:99 - step=1340 | loss=0.131500 | grad_norm=0.337450 | learning_rate=0.000029 | epoch=0.154218
2026-02-19 04:00:43.767 | INFO     | __main__:on_log:99 - step=1345 | loss=0.117500 | grad_norm=0.624561 | learning_rate=0.000029 | epoch=0.154793
2026-02-19 04:00:51.560 | INFO     | __main__:on_log:99 - step=1350 | loss=0.101300 | grad_norm=0.825535 | learning_rate=0.000029 | epoch=0.155369
2026-02-19 04:00:59.353 | INFO     | __main__:on_log:99 - step=1355 | loss=0.133100 | grad_norm=0.893044 | learning_rate=0.000029 | epoch=0.155944
2026-02-19 04:01:07.145 | INFO     | __main__:on_log:99 - step=1360 | loss=0.118400 | grad_norm=0.721318 | learning_rate=0.000029 | epoch=0.156520
2026-02-19 04:01:14.938 | INFO     | __main__:on_log:99 - step=1365 | loss=0.092300 | grad_norm=0.783097 | learning_rate=0.000029 | epoch=0.157095
2026-02-19 04:01:22.735 | INFO     | __main__:on_log:99 - step=1370 | loss=0.132000 | grad_norm=0.746162 | learning_rate=0.000029 | epoch=0.157671
2026-02-19 04:01:30.529 | INFO     | __main__:on_log:99 - step=1375 | loss=0.120500 | grad_norm=0.909758 | learning_rate=0.000029 | epoch=0.158246
2026-02-19 04:01:38.322 | INFO     | __main__:on_log:99 - step=1380 | loss=0.121100 | grad_norm=0.749888 | learning_rate=0.000029 | epoch=0.158821
2026-02-19 04:01:46.114 | INFO     | __main__:on_log:99 - step=1385 | loss=0.133900 | grad_norm=1.169966 | learning_rate=0.000029 | epoch=0.159397
2026-02-19 04:01:53.905 | INFO     | __main__:on_log:99 - step=1390 | loss=0.109500 | grad_norm=0.860454 | learning_rate=0.000029 | epoch=0.159972
2026-02-19 04:02:01.701 | INFO     | __main__:on_log:99 - step=1395 | loss=0.083300 | grad_norm=0.716710 | learning_rate=0.000029 | epoch=0.160548
2026-02-19 04:02:09.493 | INFO     | __main__:on_log:99 - step=1400 | loss=0.081900 | grad_norm=0.705437 | learning_rate=0.000029 | epoch=0.161123
2026-02-19 04:02:17.282 | INFO     | __main__:on_log:99 - step=1405 | loss=0.113700 | grad_norm=0.546322 | learning_rate=0.000029 | epoch=0.161699
2026-02-19 04:02:25.073 | INFO     | __main__:on_log:99 - step=1410 | loss=0.118600 | grad_norm=0.841603 | learning_rate=0.000029 | epoch=0.162274
2026-02-19 04:02:32.868 | INFO     | __main__:on_log:99 - step=1415 | loss=0.085500 | grad_norm=0.469181 | learning_rate=0.000029 | epoch=0.162850
2026-02-19 04:02:40.661 | INFO     | __main__:on_log:99 - step=1420 | loss=0.102400 | grad_norm=0.559673 | learning_rate=0.000029 | epoch=0.163425
2026-02-19 04:02:48.453 | INFO     | __main__:on_log:99 - step=1425 | loss=0.116700 | grad_norm=0.674575 | learning_rate=0.000029 | epoch=0.164000
2026-02-19 04:02:56.253 | INFO     | __main__:on_log:99 - step=1430 | loss=0.129800 | grad_norm=0.820861 | learning_rate=0.000029 | epoch=0.164576
2026-02-19 04:03:04.048 | INFO     | __main__:on_log:99 - step=1435 | loss=0.105900 | grad_norm=0.758843 | learning_rate=0.000029 | epoch=0.165151
2026-02-19 04:03:11.841 | INFO     | __main__:on_log:99 - step=1440 | loss=0.130600 | grad_norm=0.582818 | learning_rate=0.000029 | epoch=0.165727
2026-02-19 04:03:19.636 | INFO     | __main__:on_log:99 - step=1445 | loss=0.081500 | grad_norm=0.563680 | learning_rate=0.000029 | epoch=0.166302
2026-02-19 04:03:27.430 | INFO     | __main__:on_log:99 - step=1450 | loss=0.120200 | grad_norm=0.869933 | learning_rate=0.000029 | epoch=0.166878
2026-02-19 04:03:35.228 | INFO     | __main__:on_log:99 - step=1455 | loss=0.093400 | grad_norm=0.806229 | learning_rate=0.000029 | epoch=0.167453
2026-02-19 04:03:43.024 | INFO     | __main__:on_log:99 - step=1460 | loss=0.099100 | grad_norm=0.608502 | learning_rate=0.000029 | epoch=0.168029
2026-02-19 04:03:50.822 | INFO     | __main__:on_log:99 - step=1465 | loss=0.091300 | grad_norm=0.694825 | learning_rate=0.000029 | epoch=0.168604
2026-02-19 04:03:58.614 | INFO     | __main__:on_log:99 - step=1470 | loss=0.116500 | grad_norm=0.641949 | learning_rate=0.000029 | epoch=0.169179
2026-02-19 04:04:06.412 | INFO     | __main__:on_log:99 - step=1475 | loss=0.097100 | grad_norm=0.720575 | learning_rate=0.000029 | epoch=0.169755
2026-02-19 04:04:14.202 | INFO     | __main__:on_log:99 - step=1480 | loss=0.126200 | grad_norm=0.743724 | learning_rate=0.000029 | epoch=0.170330
2026-02-19 04:04:21.997 | INFO     | __main__:on_log:99 - step=1485 | loss=0.085500 | grad_norm=0.538444 | learning_rate=0.000029 | epoch=0.170906
2026-02-19 04:04:29.792 | INFO     | __main__:on_log:99 - step=1490 | loss=0.121100 | grad_norm=0.882683 | learning_rate=0.000029 | epoch=0.171481
2026-02-19 04:04:37.581 | INFO     | __main__:on_log:99 - step=1495 | loss=0.096600 | grad_norm=0.518412 | learning_rate=0.000029 | epoch=0.172057
2026-02-19 04:04:45.375 | INFO     | __main__:on_log:99 - step=1500 | loss=0.132200 | grad_norm=0.823515 | learning_rate=0.000029 | epoch=0.172632
2026-02-19 04:04:53.167 | INFO     | __main__:on_log:99 - step=1505 | loss=0.100700 | grad_norm=0.575000 | learning_rate=0.000029 | epoch=0.173208
2026-02-19 04:05:00.964 | INFO     | __main__:on_log:99 - step=1510 | loss=0.116700 | grad_norm=0.907962 | learning_rate=0.000029 | epoch=0.173783
2026-02-19 04:05:08.756 | INFO     | __main__:on_log:99 - step=1515 | loss=0.114000 | grad_norm=0.698418 | learning_rate=0.000029 | epoch=0.174358
2026-02-19 04:05:16.549 | INFO     | __main__:on_log:99 - step=1520 | loss=0.095000 | grad_norm=1.038958 | learning_rate=0.000029 | epoch=0.174934
2026-02-19 04:05:24.341 | INFO     | __main__:on_log:99 - step=1525 | loss=0.087100 | grad_norm=0.635118 | learning_rate=0.000029 | epoch=0.175509
2026-02-19 04:05:32.132 | INFO     | __main__:on_log:99 - step=1530 | loss=0.083300 | grad_norm=0.699953 | learning_rate=0.000029 | epoch=0.176085
2026-02-19 04:05:39.928 | INFO     | __main__:on_log:99 - step=1535 | loss=0.109500 | grad_norm=0.633636 | learning_rate=0.000029 | epoch=0.176660
2026-02-19 04:05:47.722 | INFO     | __main__:on_log:99 - step=1540 | loss=0.090400 | grad_norm=0.535084 | learning_rate=0.000029 | epoch=0.177236
2026-02-19 04:05:55.514 | INFO     | __main__:on_log:99 - step=1545 | loss=0.103600 | grad_norm=0.796278 | learning_rate=0.000029 | epoch=0.177811
2026-02-19 04:06:03.312 | INFO     | __main__:on_log:99 - step=1550 | loss=0.120100 | grad_norm=0.730501 | learning_rate=0.000029 | epoch=0.178386
2026-02-19 04:06:11.108 | INFO     | __main__:on_log:99 - step=1555 | loss=0.082900 | grad_norm=0.537077 | learning_rate=0.000029 | epoch=0.178962
2026-02-19 04:06:18.903 | INFO     | __main__:on_log:99 - step=1560 | loss=0.089900 | grad_norm=0.598067 | learning_rate=0.000029 | epoch=0.179537
2026-02-19 04:06:26.696 | INFO     | __main__:on_log:99 - step=1565 | loss=0.103200 | grad_norm=0.700716 | learning_rate=0.000029 | epoch=0.180113
2026-02-19 04:06:34.490 | INFO     | __main__:on_log:99 - step=1570 | loss=0.094000 | grad_norm=0.839128 | learning_rate=0.000029 | epoch=0.180688
2026-02-19 04:06:42.285 | INFO     | __main__:on_log:99 - step=1575 | loss=0.105000 | grad_norm=0.593182 | learning_rate=0.000029 | epoch=0.181264
2026-02-19 04:06:50.077 | INFO     | __main__:on_log:99 - step=1580 | loss=0.108900 | grad_norm=0.607107 | learning_rate=0.000029 | epoch=0.181839
2026-02-19 04:06:57.871 | INFO     | __main__:on_log:99 - step=1585 | loss=0.108700 | grad_norm=0.765026 | learning_rate=0.000029 | epoch=0.182415
2026-02-19 04:07:05.662 | INFO     | __main__:on_log:99 - step=1590 | loss=0.088300 | grad_norm=0.591434 | learning_rate=0.000029 | epoch=0.182990
2026-02-19 04:07:13.451 | INFO     | __main__:on_log:99 - step=1595 | loss=0.105800 | grad_norm=0.847075 | learning_rate=0.000029 | epoch=0.183565
2026-02-19 04:07:21.241 | INFO     | __main__:on_log:99 - step=1600 | loss=0.114000 | grad_norm=0.685943 | learning_rate=0.000029 | epoch=0.184141
2026-02-19 04:07:29.035 | INFO     | __main__:on_log:99 - step=1605 | loss=0.102700 | grad_norm=0.582734 | learning_rate=0.000029 | epoch=0.184716
2026-02-19 04:07:36.826 | INFO     | __main__:on_log:99 - step=1610 | loss=0.070200 | grad_norm=0.613798 | learning_rate=0.000029 | epoch=0.185292
2026-02-19 04:07:44.617 | INFO     | __main__:on_log:99 - step=1615 | loss=0.109200 | grad_norm=0.624148 | learning_rate=0.000029 | epoch=0.185867
2026-02-19 04:07:52.412 | INFO     | __main__:on_log:99 - step=1620 | loss=0.109600 | grad_norm=0.783152 | learning_rate=0.000029 | epoch=0.186443
2026-02-19 04:08:00.203 | INFO     | __main__:on_log:99 - step=1625 | loss=0.082800 | grad_norm=0.796650 | learning_rate=0.000029 | epoch=0.187018
2026-02-19 04:08:07.998 | INFO     | __main__:on_log:99 - step=1630 | loss=0.104300 | grad_norm=0.801415 | learning_rate=0.000029 | epoch=0.187594
2026-02-19 04:08:15.789 | INFO     | __main__:on_log:99 - step=1635 | loss=0.117700 | grad_norm=0.682480 | learning_rate=0.000029 | epoch=0.188169
2026-02-19 04:08:23.580 | INFO     | __main__:on_log:99 - step=1640 | loss=0.081000 | grad_norm=0.554372 | learning_rate=0.000029 | epoch=0.188744
2026-02-19 04:08:31.371 | INFO     | __main__:on_log:99 - step=1645 | loss=0.081200 | grad_norm=0.540949 | learning_rate=0.000029 | epoch=0.189320
2026-02-19 04:08:39.162 | INFO     | __main__:on_log:99 - step=1650 | loss=0.080000 | grad_norm=0.625678 | learning_rate=0.000029 | epoch=0.189895
2026-02-19 04:08:46.957 | INFO     | __main__:on_log:99 - step=1655 | loss=0.102600 | grad_norm=0.776371 | learning_rate=0.000029 | epoch=0.190471
2026-02-19 04:08:54.748 | INFO     | __main__:on_log:99 - step=1660 | loss=0.092200 | grad_norm=0.547243 | learning_rate=0.000029 | epoch=0.191046
2026-02-19 04:09:02.541 | INFO     | __main__:on_log:99 - step=1665 | loss=0.063300 | grad_norm=0.558939 | learning_rate=0.000029 | epoch=0.191622
2026-02-19 04:09:10.331 | INFO     | __main__:on_log:99 - step=1670 | loss=0.077600 | grad_norm=0.717305 | learning_rate=0.000029 | epoch=0.192197
2026-02-19 04:09:18.121 | INFO     | __main__:on_log:99 - step=1675 | loss=0.110600 | grad_norm=0.594553 | learning_rate=0.000029 | epoch=0.192772
2026-02-19 04:09:25.915 | INFO     | __main__:on_log:99 - step=1680 | loss=0.111500 | grad_norm=0.730046 | learning_rate=0.000029 | epoch=0.193348
2026-02-19 04:09:33.710 | INFO     | __main__:on_log:99 - step=1685 | loss=0.102200 | grad_norm=0.776897 | learning_rate=0.000029 | epoch=0.193923
2026-02-19 04:09:41.499 | INFO     | __main__:on_log:99 - step=1690 | loss=0.115000 | grad_norm=0.633272 | learning_rate=0.000029 | epoch=0.194499
2026-02-19 04:09:49.291 | INFO     | __main__:on_log:99 - step=1695 | loss=0.089800 | grad_norm=0.809373 | learning_rate=0.000029 | epoch=0.195074
2026-02-19 04:09:57.084 | INFO     | __main__:on_log:99 - step=1700 | loss=0.121800 | grad_norm=0.976886 | learning_rate=0.000028 | epoch=0.195650
2026-02-19 04:10:04.877 | INFO     | __main__:on_log:99 - step=1705 | loss=0.107000 | grad_norm=0.737376 | learning_rate=0.000028 | epoch=0.196225
2026-02-19 04:10:12.668 | INFO     | __main__:on_log:99 - step=1710 | loss=0.131900 | grad_norm=0.954390 | learning_rate=0.000028 | epoch=0.196801
2026-02-19 04:10:20.460 | INFO     | __main__:on_log:99 - step=1715 | loss=0.097300 | grad_norm=0.927001 | learning_rate=0.000028 | epoch=0.197376
2026-02-19 04:10:28.253 | INFO     | __main__:on_log:99 - step=1720 | loss=0.126600 | grad_norm=0.856912 | learning_rate=0.000028 | epoch=0.197951
2026-02-19 04:10:36.047 | INFO     | __main__:on_log:99 - step=1725 | loss=0.118800 | grad_norm=1.004426 | learning_rate=0.000028 | epoch=0.198527
2026-02-19 04:10:43.840 | INFO     | __main__:on_log:99 - step=1730 | loss=0.098400 | grad_norm=0.567792 | learning_rate=0.000028 | epoch=0.199102
2026-02-19 04:10:51.632 | INFO     | __main__:on_log:99 - step=1735 | loss=0.126100 | grad_norm=0.975817 | learning_rate=0.000028 | epoch=0.199678
2026-02-19 04:10:59.423 | INFO     | __main__:on_log:99 - step=1740 | loss=0.111200 | grad_norm=0.841157 | learning_rate=0.000028 | epoch=0.200253
2026-02-19 04:11:07.214 | INFO     | __main__:on_log:99 - step=1745 | loss=0.126100 | grad_norm=0.641932 | learning_rate=0.000028 | epoch=0.200829
2026-02-19 04:11:15.008 | INFO     | __main__:on_log:99 - step=1750 | loss=0.099900 | grad_norm=0.425875 | learning_rate=0.000028 | epoch=0.201404
2026-02-19 04:11:22.802 | INFO     | __main__:on_log:99 - step=1755 | loss=0.111400 | grad_norm=0.683880 | learning_rate=0.000028 | epoch=0.201980
2026-02-19 04:11:30.597 | INFO     | __main__:on_log:99 - step=1760 | loss=0.135200 | grad_norm=0.619203 | learning_rate=0.000028 | epoch=0.202555
2026-02-19 04:11:38.389 | INFO     | __main__:on_log:99 - step=1765 | loss=0.128300 | grad_norm=0.855848 | learning_rate=0.000028 | epoch=0.203130
2026-02-19 04:11:46.183 | INFO     | __main__:on_log:99 - step=1770 | loss=0.128400 | grad_norm=0.624597 | learning_rate=0.000028 | epoch=0.203706
2026-02-19 04:11:53.974 | INFO     | __main__:on_log:99 - step=1775 | loss=0.087900 | grad_norm=0.807781 | learning_rate=0.000028 | epoch=0.204281
2026-02-19 04:12:01.765 | INFO     | __main__:on_log:99 - step=1780 | loss=0.106000 | grad_norm=0.722478 | learning_rate=0.000028 | epoch=0.204857
2026-02-19 04:12:09.558 | INFO     | __main__:on_log:99 - step=1785 | loss=0.077500 | grad_norm=0.717501 | learning_rate=0.000028 | epoch=0.205432
2026-02-19 04:12:17.351 | INFO     | __main__:on_log:99 - step=1790 | loss=0.110800 | grad_norm=0.734287 | learning_rate=0.000028 | epoch=0.206008
2026-02-19 04:12:25.148 | INFO     | __main__:on_log:99 - step=1795 | loss=0.125500 | grad_norm=0.876221 | learning_rate=0.000028 | epoch=0.206583
2026-02-19 04:12:32.943 | INFO     | __main__:on_log:99 - step=1800 | loss=0.108000 | grad_norm=0.740801 | learning_rate=0.000028 | epoch=0.207158
2026-02-19 04:12:40.737 | INFO     | __main__:on_log:99 - step=1805 | loss=0.111700 | grad_norm=0.999131 | learning_rate=0.000028 | epoch=0.207734
2026-02-19 04:12:48.530 | INFO     | __main__:on_log:99 - step=1810 | loss=0.096200 | grad_norm=0.620570 | learning_rate=0.000028 | epoch=0.208309
2026-02-19 04:12:56.324 | INFO     | __main__:on_log:99 - step=1815 | loss=0.082300 | grad_norm=0.634632 | learning_rate=0.000028 | epoch=0.208885
2026-02-19 04:13:04.119 | INFO     | __main__:on_log:99 - step=1820 | loss=0.131800 | grad_norm=0.608145 | learning_rate=0.000028 | epoch=0.209460
2026-02-19 04:13:11.913 | INFO     | __main__:on_log:99 - step=1825 | loss=0.129300 | grad_norm=0.851573 | learning_rate=0.000028 | epoch=0.210036
2026-02-19 04:13:19.704 | INFO     | __main__:on_log:99 - step=1830 | loss=0.099500 | grad_norm=0.780912 | learning_rate=0.000028 | epoch=0.210611
2026-02-19 04:13:27.498 | INFO     | __main__:on_log:99 - step=1835 | loss=0.122600 | grad_norm=0.695697 | learning_rate=0.000028 | epoch=0.211187
2026-02-19 04:13:35.293 | INFO     | __main__:on_log:99 - step=1840 | loss=0.122500 | grad_norm=0.561083 | learning_rate=0.000028 | epoch=0.211762
2026-02-19 04:13:43.092 | INFO     | __main__:on_log:99 - step=1845 | loss=0.138500 | grad_norm=1.011706 | learning_rate=0.000028 | epoch=0.212337
2026-02-19 04:13:50.887 | INFO     | __main__:on_log:99 - step=1850 | loss=0.092400 | grad_norm=0.991047 | learning_rate=0.000028 | epoch=0.212913
2026-02-19 04:13:58.681 | INFO     | __main__:on_log:99 - step=1855 | loss=0.110700 | grad_norm=0.927943 | learning_rate=0.000028 | epoch=0.213488
2026-02-19 04:14:06.475 | INFO     | __main__:on_log:99 - step=1860 | loss=0.115000 | grad_norm=0.732097 | learning_rate=0.000028 | epoch=0.214064
2026-02-19 04:14:14.273 | INFO     | __main__:on_log:99 - step=1865 | loss=0.114800 | grad_norm=0.732363 | learning_rate=0.000028 | epoch=0.214639
2026-02-19 04:14:22.070 | INFO     | __main__:on_log:99 - step=1870 | loss=0.130500 | grad_norm=0.815246 | learning_rate=0.000028 | epoch=0.215215
2026-02-19 04:14:29.865 | INFO     | __main__:on_log:99 - step=1875 | loss=0.150700 | grad_norm=1.135557 | learning_rate=0.000028 | epoch=0.215790
2026-02-19 04:14:37.660 | INFO     | __main__:on_log:99 - step=1880 | loss=0.107200 | grad_norm=0.816375 | learning_rate=0.000028 | epoch=0.216366
2026-02-19 04:14:45.453 | INFO     | __main__:on_log:99 - step=1885 | loss=0.097700 | grad_norm=1.080525 | learning_rate=0.000028 | epoch=0.216941
2026-02-19 04:14:53.282 | INFO     | __main__:on_log:99 - step=1890 | loss=0.094400 | grad_norm=0.786448 | learning_rate=0.000028 | epoch=0.217516
2026-02-19 04:15:01.075 | INFO     | __main__:on_log:99 - step=1895 | loss=0.134400 | grad_norm=0.868579 | learning_rate=0.000028 | epoch=0.218092
2026-02-19 04:15:08.870 | INFO     | __main__:on_log:99 - step=1900 | loss=0.099600 | grad_norm=0.606851 | learning_rate=0.000028 | epoch=0.218667
2026-02-19 04:15:16.663 | INFO     | __main__:on_log:99 - step=1905 | loss=0.132700 | grad_norm=0.823624 | learning_rate=0.000028 | epoch=0.219243
2026-02-19 04:15:24.453 | INFO     | __main__:on_log:99 - step=1910 | loss=0.111600 | grad_norm=0.815159 | learning_rate=0.000028 | epoch=0.219818
2026-02-19 04:15:32.249 | INFO     | __main__:on_log:99 - step=1915 | loss=0.093000 | grad_norm=0.892189 | learning_rate=0.000028 | epoch=0.220394
2026-02-19 04:15:40.040 | INFO     | __main__:on_log:99 - step=1920 | loss=0.109800 | grad_norm=0.918487 | learning_rate=0.000028 | epoch=0.220969
2026-02-19 04:15:47.836 | INFO     | __main__:on_log:99 - step=1925 | loss=0.115600 | grad_norm=0.628251 | learning_rate=0.000028 | epoch=0.221544
2026-02-19 04:15:55.632 | INFO     | __main__:on_log:99 - step=1930 | loss=0.106800 | grad_norm=0.780711 | learning_rate=0.000028 | epoch=0.222120
2026-02-19 04:16:03.421 | INFO     | __main__:on_log:99 - step=1935 | loss=0.089900 | grad_norm=0.502660 | learning_rate=0.000028 | epoch=0.222695
2026-02-19 04:16:11.216 | INFO     | __main__:on_log:99 - step=1940 | loss=0.104200 | grad_norm=0.678236 | learning_rate=0.000028 | epoch=0.223271
2026-02-19 04:16:19.008 | INFO     | __main__:on_log:99 - step=1945 | loss=0.102000 | grad_norm=0.952935 | learning_rate=0.000028 | epoch=0.223846
2026-02-19 04:16:26.800 | INFO     | __main__:on_log:99 - step=1950 | loss=0.083100 | grad_norm=0.584193 | learning_rate=0.000028 | epoch=0.224422
2026-02-19 04:16:34.591 | INFO     | __main__:on_log:99 - step=1955 | loss=0.154000 | grad_norm=0.608129 | learning_rate=0.000028 | epoch=0.224997
2026-02-19 04:16:42.385 | INFO     | __main__:on_log:99 - step=1960 | loss=0.060500 | grad_norm=0.560609 | learning_rate=0.000028 | epoch=0.225573
2026-02-19 04:16:50.181 | INFO     | __main__:on_log:99 - step=1965 | loss=0.079500 | grad_norm=0.852833 | learning_rate=0.000028 | epoch=0.226148
2026-02-19 04:16:57.977 | INFO     | __main__:on_log:99 - step=1970 | loss=0.080000 | grad_norm=0.741814 | learning_rate=0.000028 | epoch=0.226723
2026-02-19 04:17:05.771 | INFO     | __main__:on_log:99 - step=1975 | loss=0.108900 | grad_norm=0.786885 | learning_rate=0.000028 | epoch=0.227299
2026-02-19 04:17:13.566 | INFO     | __main__:on_log:99 - step=1980 | loss=0.107800 | grad_norm=0.546699 | learning_rate=0.000028 | epoch=0.227874
2026-02-19 04:17:21.360 | INFO     | __main__:on_log:99 - step=1985 | loss=0.109500 | grad_norm=1.060925 | learning_rate=0.000028 | epoch=0.228450
2026-02-19 04:17:29.153 | INFO     | __main__:on_log:99 - step=1990 | loss=0.079200 | grad_norm=0.935605 | learning_rate=0.000028 | epoch=0.229025
2026-02-19 04:17:36.947 | INFO     | __main__:on_log:99 - step=1995 | loss=0.129200 | grad_norm=0.905610 | learning_rate=0.000028 | epoch=0.229601
2026-02-19 04:17:44.740 | INFO     | __main__:on_log:99 - step=2000 | loss=0.085200 | grad_norm=0.693266 | learning_rate=0.000028 | epoch=0.230176
2026-02-19 04:17:52.534 | INFO     | __main__:on_log:99 - step=2005 | loss=0.087200 | grad_norm=0.768559 | learning_rate=0.000028 | epoch=0.230752
2026-02-19 04:18:00.329 | INFO     | __main__:on_log:99 - step=2010 | loss=0.091300 | grad_norm=1.048105 | learning_rate=0.000028 | epoch=0.231327
2026-02-19 04:18:08.121 | INFO     | __main__:on_log:99 - step=2015 | loss=0.142800 | grad_norm=1.078918 | learning_rate=0.000028 | epoch=0.231902
2026-02-19 04:18:15.913 | INFO     | __main__:on_log:99 - step=2020 | loss=0.132800 | grad_norm=0.796889 | learning_rate=0.000028 | epoch=0.232478
2026-02-19 04:18:23.708 | INFO     | __main__:on_log:99 - step=2025 | loss=0.099700 | grad_norm=0.498860 | learning_rate=0.000028 | epoch=0.233053
2026-02-19 04:18:31.500 | INFO     | __main__:on_log:99 - step=2030 | loss=0.059900 | grad_norm=0.487303 | learning_rate=0.000028 | epoch=0.233629
2026-02-19 04:18:39.292 | INFO     | __main__:on_log:99 - step=2035 | loss=0.093900 | grad_norm=0.928006 | learning_rate=0.000028 | epoch=0.234204
2026-02-19 04:18:47.083 | INFO     | __main__:on_log:99 - step=2040 | loss=0.082200 | grad_norm=0.738231 | learning_rate=0.000028 | epoch=0.234780
2026-02-19 04:18:54.875 | INFO     | __main__:on_log:99 - step=2045 | loss=0.096000 | grad_norm=0.390350 | learning_rate=0.000028 | epoch=0.235355
2026-02-19 04:19:02.667 | INFO     | __main__:on_log:99 - step=2050 | loss=0.095200 | grad_norm=0.682638 | learning_rate=0.000028 | epoch=0.235930
2026-02-19 04:19:10.464 | INFO     | __main__:on_log:99 - step=2055 | loss=0.152700 | grad_norm=1.460873 | learning_rate=0.000028 | epoch=0.236506
2026-02-19 04:19:18.258 | INFO     | __main__:on_log:99 - step=2060 | loss=0.089700 | grad_norm=0.955150 | learning_rate=0.000028 | epoch=0.237081
2026-02-19 04:19:26.052 | INFO     | __main__:on_log:99 - step=2065 | loss=0.092500 | grad_norm=0.937430 | learning_rate=0.000028 | epoch=0.237657
2026-02-19 04:19:33.847 | INFO     | __main__:on_log:99 - step=2070 | loss=0.099500 | grad_norm=1.015917 | learning_rate=0.000028 | epoch=0.238232
2026-02-19 04:19:41.639 | INFO     | __main__:on_log:99 - step=2075 | loss=0.088900 | grad_norm=0.978730 | learning_rate=0.000028 | epoch=0.238808
2026-02-19 04:19:49.433 | INFO     | __main__:on_log:99 - step=2080 | loss=0.090700 | grad_norm=0.602934 | learning_rate=0.000028 | epoch=0.239383
2026-02-19 04:19:57.224 | INFO     | __main__:on_log:99 - step=2085 | loss=0.116600 | grad_norm=0.808083 | learning_rate=0.000028 | epoch=0.239959
2026-02-19 04:20:05.015 | INFO     | __main__:on_log:99 - step=2090 | loss=0.089400 | grad_norm=0.721123 | learning_rate=0.000028 | epoch=0.240534
2026-02-19 04:20:12.812 | INFO     | __main__:on_log:99 - step=2095 | loss=0.164500 | grad_norm=0.700744 | learning_rate=0.000028 | epoch=0.241109
2026-02-19 04:20:20.605 | INFO     | __main__:on_log:99 - step=2100 | loss=0.079100 | grad_norm=0.742797 | learning_rate=0.000028 | epoch=0.241685
2026-02-19 04:20:28.402 | INFO     | __main__:on_log:99 - step=2105 | loss=0.132100 | grad_norm=0.814847 | learning_rate=0.000028 | epoch=0.242260
2026-02-19 04:20:36.193 | INFO     | __main__:on_log:99 - step=2110 | loss=0.090400 | grad_norm=0.668101 | learning_rate=0.000028 | epoch=0.242836
2026-02-19 04:20:43.986 | INFO     | __main__:on_log:99 - step=2115 | loss=0.111600 | grad_norm=1.163294 | learning_rate=0.000028 | epoch=0.243411
2026-02-19 04:20:51.777 | INFO     | __main__:on_log:99 - step=2120 | loss=0.076000 | grad_norm=0.569533 | learning_rate=0.000028 | epoch=0.243987
2026-02-19 04:20:59.568 | INFO     | __main__:on_log:99 - step=2125 | loss=0.099400 | grad_norm=0.576669 | learning_rate=0.000028 | epoch=0.244562
2026-02-19 04:21:07.358 | INFO     | __main__:on_log:99 - step=2130 | loss=0.084500 | grad_norm=0.521958 | learning_rate=0.000028 | epoch=0.245138
2026-02-19 04:21:15.150 | INFO     | __main__:on_log:99 - step=2135 | loss=0.148700 | grad_norm=1.104489 | learning_rate=0.000028 | epoch=0.245713
2026-02-19 04:21:22.944 | INFO     | __main__:on_log:99 - step=2140 | loss=0.093300 | grad_norm=1.052207 | learning_rate=0.000028 | epoch=0.246288
2026-02-19 04:21:30.736 | INFO     | __main__:on_log:99 - step=2145 | loss=0.099600 | grad_norm=0.647212 | learning_rate=0.000028 | epoch=0.246864
2026-02-19 04:21:38.529 | INFO     | __main__:on_log:99 - step=2150 | loss=0.107700 | grad_norm=0.821661 | learning_rate=0.000028 | epoch=0.247439
2026-02-19 04:21:46.322 | INFO     | __main__:on_log:99 - step=2155 | loss=0.103300 | grad_norm=0.534006 | learning_rate=0.000028 | epoch=0.248015
2026-02-19 04:21:54.115 | INFO     | __main__:on_log:99 - step=2160 | loss=0.099000 | grad_norm=1.005893 | learning_rate=0.000028 | epoch=0.248590
2026-02-19 04:22:01.907 | INFO     | __main__:on_log:99 - step=2165 | loss=0.097200 | grad_norm=0.931442 | learning_rate=0.000028 | epoch=0.249166
2026-02-19 04:22:09.701 | INFO     | __main__:on_log:99 - step=2170 | loss=0.091800 | grad_norm=0.852246 | learning_rate=0.000028 | epoch=0.249741
2026-02-19 04:22:17.494 | INFO     | __main__:on_log:99 - step=2175 | loss=0.131500 | grad_norm=0.780476 | learning_rate=0.000028 | epoch=0.250316
2026-02-19 04:22:25.291 | INFO     | __main__:on_log:99 - step=2180 | loss=0.095000 | grad_norm=0.773215 | learning_rate=0.000028 | epoch=0.250892
2026-02-19 04:22:33.080 | INFO     | __main__:on_log:99 - step=2185 | loss=0.113100 | grad_norm=0.838554 | learning_rate=0.000028 | epoch=0.251467
2026-02-19 04:22:40.874 | INFO     | __main__:on_log:99 - step=2190 | loss=0.156200 | grad_norm=1.316545 | learning_rate=0.000028 | epoch=0.252043
2026-02-19 04:22:48.665 | INFO     | __main__:on_log:99 - step=2195 | loss=0.100400 | grad_norm=0.901095 | learning_rate=0.000028 | epoch=0.252618
2026-02-19 04:22:56.459 | INFO     | __main__:on_log:99 - step=2200 | loss=0.126800 | grad_norm=0.659616 | learning_rate=0.000028 | epoch=0.253194
2026-02-19 04:23:04.248 | INFO     | __main__:on_log:99 - step=2205 | loss=0.119300 | grad_norm=0.750832 | learning_rate=0.000028 | epoch=0.253769
2026-02-19 04:23:12.038 | INFO     | __main__:on_log:99 - step=2210 | loss=0.103100 | grad_norm=0.699906 | learning_rate=0.000028 | epoch=0.254345
2026-02-19 04:23:19.832 | INFO     | __main__:on_log:99 - step=2215 | loss=0.077300 | grad_norm=0.546975 | learning_rate=0.000028 | epoch=0.254920
2026-02-19 04:23:27.624 | INFO     | __main__:on_log:99 - step=2220 | loss=0.067600 | grad_norm=0.409422 | learning_rate=0.000028 | epoch=0.255495
2026-02-19 04:23:35.418 | INFO     | __main__:on_log:99 - step=2225 | loss=0.106200 | grad_norm=0.837274 | learning_rate=0.000028 | epoch=0.256071
2026-02-19 04:23:43.212 | INFO     | __main__:on_log:99 - step=2230 | loss=0.083600 | grad_norm=0.570613 | learning_rate=0.000028 | epoch=0.256646
2026-02-19 04:23:51.038 | INFO     | __main__:on_log:99 - step=2235 | loss=0.121600 | grad_norm=0.680557 | learning_rate=0.000028 | epoch=0.257222
2026-02-19 04:23:58.831 | INFO     | __main__:on_log:99 - step=2240 | loss=0.085500 | grad_norm=0.573959 | learning_rate=0.000028 | epoch=0.257797
2026-02-19 04:24:06.624 | INFO     | __main__:on_log:99 - step=2245 | loss=0.087200 | grad_norm=0.564452 | learning_rate=0.000028 | epoch=0.258373
2026-02-19 04:24:14.419 | INFO     | __main__:on_log:99 - step=2250 | loss=0.105900 | grad_norm=0.658606 | learning_rate=0.000027 | epoch=0.258948
2026-02-19 04:24:22.212 | INFO     | __main__:on_log:99 - step=2255 | loss=0.089600 | grad_norm=0.640610 | learning_rate=0.000027 | epoch=0.259524
2026-02-19 04:24:30.010 | INFO     | __main__:on_log:99 - step=2260 | loss=0.120400 | grad_norm=0.690360 | learning_rate=0.000027 | epoch=0.260099
2026-02-19 04:24:37.806 | INFO     | __main__:on_log:99 - step=2265 | loss=0.070600 | grad_norm=0.415538 | learning_rate=0.000027 | epoch=0.260674
2026-02-19 04:24:45.610 | INFO     | __main__:on_log:99 - step=2270 | loss=0.078600 | grad_norm=0.506644 | learning_rate=0.000027 | epoch=0.261250
2026-02-19 04:24:53.405 | INFO     | __main__:on_log:99 - step=2275 | loss=0.093700 | grad_norm=0.458741 | learning_rate=0.000027 | epoch=0.261825
2026-02-19 04:25:01.199 | INFO     | __main__:on_log:99 - step=2280 | loss=0.108000 | grad_norm=0.893882 | learning_rate=0.000027 | epoch=0.262401
2026-02-19 04:25:08.995 | INFO     | __main__:on_log:99 - step=2285 | loss=0.098200 | grad_norm=0.971830 | learning_rate=0.000027 | epoch=0.262976
2026-02-19 04:25:16.791 | INFO     | __main__:on_log:99 - step=2290 | loss=0.101000 | grad_norm=0.637947 | learning_rate=0.000027 | epoch=0.263552
2026-02-19 04:25:24.587 | INFO     | __main__:on_log:99 - step=2295 | loss=0.077200 | grad_norm=0.741951 | learning_rate=0.000027 | epoch=0.264127
2026-02-19 04:25:32.382 | INFO     | __main__:on_log:99 - step=2300 | loss=0.100200 | grad_norm=0.782241 | learning_rate=0.000027 | epoch=0.264702
2026-02-19 04:25:40.176 | INFO     | __main__:on_log:99 - step=2305 | loss=0.095500 | grad_norm=0.776123 | learning_rate=0.000027 | epoch=0.265278
2026-02-19 04:25:47.968 | INFO     | __main__:on_log:99 - step=2310 | loss=0.081100 | grad_norm=0.665563 | learning_rate=0.000027 | epoch=0.265853
2026-02-19 04:25:55.762 | INFO     | __main__:on_log:99 - step=2315 | loss=0.104600 | grad_norm=0.764038 | learning_rate=0.000027 | epoch=0.266429
2026-02-19 04:26:03.558 | INFO     | __main__:on_log:99 - step=2320 | loss=0.104600 | grad_norm=0.763659 | learning_rate=0.000027 | epoch=0.267004
2026-02-19 04:26:11.352 | INFO     | __main__:on_log:99 - step=2325 | loss=0.094000 | grad_norm=0.652172 | learning_rate=0.000027 | epoch=0.267580
2026-02-19 04:26:19.153 | INFO     | __main__:on_log:99 - step=2330 | loss=0.073100 | grad_norm=0.375241 | learning_rate=0.000027 | epoch=0.268155
2026-02-19 04:26:26.944 | INFO     | __main__:on_log:99 - step=2335 | loss=0.084000 | grad_norm=0.630823 | learning_rate=0.000027 | epoch=0.268731
2026-02-19 04:26:34.737 | INFO     | __main__:on_log:99 - step=2340 | loss=0.107400 | grad_norm=0.549208 | learning_rate=0.000027 | epoch=0.269306
2026-02-19 04:26:42.531 | INFO     | __main__:on_log:99 - step=2345 | loss=0.079100 | grad_norm=0.559942 | learning_rate=0.000027 | epoch=0.269881
2026-02-19 04:26:50.322 | INFO     | __main__:on_log:99 - step=2350 | loss=0.088900 | grad_norm=0.935232 | learning_rate=0.000027 | epoch=0.270457
2026-02-19 04:26:58.116 | INFO     | __main__:on_log:99 - step=2355 | loss=0.108600 | grad_norm=0.596283 | learning_rate=0.000027 | epoch=0.271032
2026-02-19 04:27:05.906 | INFO     | __main__:on_log:99 - step=2360 | loss=0.085600 | grad_norm=1.177535 | learning_rate=0.000027 | epoch=0.271608
2026-02-19 04:27:13.704 | INFO     | __main__:on_log:99 - step=2365 | loss=0.105900 | grad_norm=0.545623 | learning_rate=0.000027 | epoch=0.272183
2026-02-19 04:27:21.503 | INFO     | __main__:on_log:99 - step=2370 | loss=0.112800 | grad_norm=0.723325 | learning_rate=0.000027 | epoch=0.272759
2026-02-19 04:27:29.298 | INFO     | __main__:on_log:99 - step=2375 | loss=0.101500 | grad_norm=0.680535 | learning_rate=0.000027 | epoch=0.273334
2026-02-19 04:27:37.093 | INFO     | __main__:on_log:99 - step=2380 | loss=0.130400 | grad_norm=0.665843 | learning_rate=0.000027 | epoch=0.273910
2026-02-19 04:27:44.888 | INFO     | __main__:on_log:99 - step=2385 | loss=0.090400 | grad_norm=0.706451 | learning_rate=0.000027 | epoch=0.274485
2026-02-19 04:27:52.681 | INFO     | __main__:on_log:99 - step=2390 | loss=0.079400 | grad_norm=0.605461 | learning_rate=0.000027 | epoch=0.275060
2026-02-19 04:28:00.475 | INFO     | __main__:on_log:99 - step=2395 | loss=0.084800 | grad_norm=0.515871 | learning_rate=0.000027 | epoch=0.275636
2026-02-19 04:28:08.271 | INFO     | __main__:on_log:99 - step=2400 | loss=0.094800 | grad_norm=0.514570 | learning_rate=0.000027 | epoch=0.276211
2026-02-19 04:28:16.066 | INFO     | __main__:on_log:99 - step=2405 | loss=0.097700 | grad_norm=0.693610 | learning_rate=0.000027 | epoch=0.276787
2026-02-19 04:28:23.863 | INFO     | __main__:on_log:99 - step=2410 | loss=0.084200 | grad_norm=0.622861 | learning_rate=0.000027 | epoch=0.277362
2026-02-19 04:28:31.658 | INFO     | __main__:on_log:99 - step=2415 | loss=0.097300 | grad_norm=0.798584 | learning_rate=0.000027 | epoch=0.277938
2026-02-19 04:28:39.453 | INFO     | __main__:on_log:99 - step=2420 | loss=0.125400 | grad_norm=0.475424 | learning_rate=0.000027 | epoch=0.278513
2026-02-19 04:28:47.249 | INFO     | __main__:on_log:99 - step=2425 | loss=0.116200 | grad_norm=0.835378 | learning_rate=0.000027 | epoch=0.279089
2026-02-19 04:28:55.045 | INFO     | __main__:on_log:99 - step=2430 | loss=0.081800 | grad_norm=0.612500 | learning_rate=0.000027 | epoch=0.279664
2026-02-19 04:29:02.839 | INFO     | __main__:on_log:99 - step=2435 | loss=0.128800 | grad_norm=0.928769 | learning_rate=0.000027 | epoch=0.280239
2026-02-19 04:29:10.635 | INFO     | __main__:on_log:99 - step=2440 | loss=0.109300 | grad_norm=0.963332 | learning_rate=0.000027 | epoch=0.280815
2026-02-19 04:29:18.429 | INFO     | __main__:on_log:99 - step=2445 | loss=0.066300 | grad_norm=0.684816 | learning_rate=0.000027 | epoch=0.281390
2026-02-19 04:29:26.224 | INFO     | __main__:on_log:99 - step=2450 | loss=0.111500 | grad_norm=0.484662 | learning_rate=0.000027 | epoch=0.281966
2026-02-19 04:29:34.021 | INFO     | __main__:on_log:99 - step=2455 | loss=0.090100 | grad_norm=0.859571 | learning_rate=0.000027 | epoch=0.282541
2026-02-19 04:29:41.819 | INFO     | __main__:on_log:99 - step=2460 | loss=0.065200 | grad_norm=0.646601 | learning_rate=0.000027 | epoch=0.283117
2026-02-19 04:29:49.610 | INFO     | __main__:on_log:99 - step=2465 | loss=0.136500 | grad_norm=0.998469 | learning_rate=0.000027 | epoch=0.283692
2026-02-19 04:29:57.404 | INFO     | __main__:on_log:99 - step=2470 | loss=0.104100 | grad_norm=0.924933 | learning_rate=0.000027 | epoch=0.284267
2026-02-19 04:30:05.198 | INFO     | __main__:on_log:99 - step=2475 | loss=0.094100 | grad_norm=0.911448 | learning_rate=0.000027 | epoch=0.284843
2026-02-19 04:30:12.991 | INFO     | __main__:on_log:99 - step=2480 | loss=0.089300 | grad_norm=0.467837 | learning_rate=0.000027 | epoch=0.285418
2026-02-19 04:30:20.788 | INFO     | __main__:on_log:99 - step=2485 | loss=0.090300 | grad_norm=0.847655 | learning_rate=0.000027 | epoch=0.285994
2026-02-19 04:30:28.841 | INFO     | __main__:on_log:99 - step=2490 | loss=0.094700 | grad_norm=0.732721 | learning_rate=0.000027 | epoch=0.286569
2026-02-19 04:30:36.638 | INFO     | __main__:on_log:99 - step=2495 | loss=0.087700 | grad_norm=0.807132 | learning_rate=0.000027 | epoch=0.287145
2026-02-19 04:30:44.430 | INFO     | __main__:on_log:99 - step=2500 | loss=0.113100 | grad_norm=0.709346 | learning_rate=0.000027 | epoch=0.287720
2026-02-19 04:30:52.225 | INFO     | __main__:on_log:99 - step=2505 | loss=0.128700 | grad_norm=0.833712 | learning_rate=0.000027 | epoch=0.288296
2026-02-19 04:31:00.021 | INFO     | __main__:on_log:99 - step=2510 | loss=0.103000 | grad_norm=0.828780 | learning_rate=0.000027 | epoch=0.288871
2026-02-19 04:31:07.813 | INFO     | __main__:on_log:99 - step=2515 | loss=0.086800 | grad_norm=0.718710 | learning_rate=0.000027 | epoch=0.289446
2026-02-19 04:31:15.607 | INFO     | __main__:on_log:99 - step=2520 | loss=0.121200 | grad_norm=0.827442 | learning_rate=0.000027 | epoch=0.290022
2026-02-19 04:31:23.401 | INFO     | __main__:on_log:99 - step=2525 | loss=0.097200 | grad_norm=0.553005 | learning_rate=0.000027 | epoch=0.290597
2026-02-19 04:31:31.196 | INFO     | __main__:on_log:99 - step=2530 | loss=0.091800 | grad_norm=0.524348 | learning_rate=0.000027 | epoch=0.291173
2026-02-19 04:31:38.986 | INFO     | __main__:on_log:99 - step=2535 | loss=0.107800 | grad_norm=1.207771 | learning_rate=0.000027 | epoch=0.291748
2026-02-19 04:31:46.782 | INFO     | __main__:on_log:99 - step=2540 | loss=0.123700 | grad_norm=0.732027 | learning_rate=0.000027 | epoch=0.292324
2026-02-19 04:31:54.574 | INFO     | __main__:on_log:99 - step=2545 | loss=0.099900 | grad_norm=0.528957 | learning_rate=0.000027 | epoch=0.292899
2026-02-19 04:32:02.366 | INFO     | __main__:on_log:99 - step=2550 | loss=0.133600 | grad_norm=0.641010 | learning_rate=0.000027 | epoch=0.293475
2026-02-19 04:32:10.161 | INFO     | __main__:on_log:99 - step=2555 | loss=0.113800 | grad_norm=0.804874 | learning_rate=0.000027 | epoch=0.294050
2026-02-19 04:32:17.954 | INFO     | __main__:on_log:99 - step=2560 | loss=0.114000 | grad_norm=0.651160 | learning_rate=0.000027 | epoch=0.294625
2026-02-19 04:32:25.748 | INFO     | __main__:on_log:99 - step=2565 | loss=0.077600 | grad_norm=0.853773 | learning_rate=0.000027 | epoch=0.295201
2026-02-19 04:32:33.545 | INFO     | __main__:on_log:99 - step=2570 | loss=0.126700 | grad_norm=0.719930 | learning_rate=0.000027 | epoch=0.295776
2026-02-19 04:32:41.335 | INFO     | __main__:on_log:99 - step=2575 | loss=0.089300 | grad_norm=0.717439 | learning_rate=0.000027 | epoch=0.296352
2026-02-19 04:32:49.127 | INFO     | __main__:on_log:99 - step=2580 | loss=0.140400 | grad_norm=0.626524 | learning_rate=0.000027 | epoch=0.296927
2026-02-19 04:32:56.919 | INFO     | __main__:on_log:99 - step=2585 | loss=0.074800 | grad_norm=0.683694 | learning_rate=0.000027 | epoch=0.297503
2026-02-19 04:33:04.709 | INFO     | __main__:on_log:99 - step=2590 | loss=0.093800 | grad_norm=0.541250 | learning_rate=0.000027 | epoch=0.298078
2026-02-19 04:33:12.508 | INFO     | __main__:on_log:99 - step=2595 | loss=0.087600 | grad_norm=1.010460 | learning_rate=0.000027 | epoch=0.298653
2026-02-19 04:33:20.304 | INFO     | __main__:on_log:99 - step=2600 | loss=0.094900 | grad_norm=0.794006 | learning_rate=0.000027 | epoch=0.299229
2026-02-19 04:33:28.097 | INFO     | __main__:on_log:99 - step=2605 | loss=0.062800 | grad_norm=0.762686 | learning_rate=0.000027 | epoch=0.299804
2026-02-19 04:33:35.888 | INFO     | __main__:on_log:99 - step=2610 | loss=0.125900 | grad_norm=0.712887 | learning_rate=0.000027 | epoch=0.300380
2026-02-19 04:33:43.683 | INFO     | __main__:on_log:99 - step=2615 | loss=0.096600 | grad_norm=0.515905 | learning_rate=0.000027 | epoch=0.300955
2026-02-19 04:33:51.474 | INFO     | __main__:on_log:99 - step=2620 | loss=0.103000 | grad_norm=1.090312 | learning_rate=0.000027 | epoch=0.301531
2026-02-19 04:33:59.267 | INFO     | __main__:on_log:99 - step=2625 | loss=0.094500 | grad_norm=0.813849 | learning_rate=0.000027 | epoch=0.302106
2026-02-19 04:34:07.060 | INFO     | __main__:on_log:99 - step=2630 | loss=0.095900 | grad_norm=0.751582 | learning_rate=0.000027 | epoch=0.302682
2026-02-19 04:34:14.854 | INFO     | __main__:on_log:99 - step=2635 | loss=0.087300 | grad_norm=0.912599 | learning_rate=0.000027 | epoch=0.303257
2026-02-19 04:34:22.649 | INFO     | __main__:on_log:99 - step=2640 | loss=0.112400 | grad_norm=0.459636 | learning_rate=0.000027 | epoch=0.303832
2026-02-19 04:34:30.444 | INFO     | __main__:on_log:99 - step=2645 | loss=0.083900 | grad_norm=0.554159 | learning_rate=0.000027 | epoch=0.304408
2026-02-19 04:34:38.238 | INFO     | __main__:on_log:99 - step=2650 | loss=0.078700 | grad_norm=0.547978 | learning_rate=0.000027 | epoch=0.304983
2026-02-19 04:34:46.031 | INFO     | __main__:on_log:99 - step=2655 | loss=0.119200 | grad_norm=0.913635 | learning_rate=0.000027 | epoch=0.305559
2026-02-19 04:34:53.826 | INFO     | __main__:on_log:99 - step=2660 | loss=0.078600 | grad_norm=0.783908 | learning_rate=0.000027 | epoch=0.306134
2026-02-19 04:35:01.621 | INFO     | __main__:on_log:99 - step=2665 | loss=0.061900 | grad_norm=0.507097 | learning_rate=0.000027 | epoch=0.306710
2026-02-19 04:35:09.412 | INFO     | __main__:on_log:99 - step=2670 | loss=0.093700 | grad_norm=0.464022 | learning_rate=0.000027 | epoch=0.307285
2026-02-19 04:35:17.205 | INFO     | __main__:on_log:99 - step=2675 | loss=0.097800 | grad_norm=0.809413 | learning_rate=0.000027 | epoch=0.307861
2026-02-19 04:35:24.995 | INFO     | __main__:on_log:99 - step=2680 | loss=0.107800 | grad_norm=0.786764 | learning_rate=0.000027 | epoch=0.308436
2026-02-19 04:35:32.787 | INFO     | __main__:on_log:99 - step=2685 | loss=0.094500 | grad_norm=0.683105 | learning_rate=0.000027 | epoch=0.309011
2026-02-19 04:35:40.577 | INFO     | __main__:on_log:99 - step=2690 | loss=0.115300 | grad_norm=0.625151 | learning_rate=0.000027 | epoch=0.309587
2026-02-19 04:35:48.367 | INFO     | __main__:on_log:99 - step=2695 | loss=0.112000 | grad_norm=1.054978 | learning_rate=0.000027 | epoch=0.310162
2026-02-19 04:35:56.160 | INFO     | __main__:on_log:99 - step=2700 | loss=0.081400 | grad_norm=0.770680 | learning_rate=0.000027 | epoch=0.310738
2026-02-19 04:36:03.951 | INFO     | __main__:on_log:99 - step=2705 | loss=0.083300 | grad_norm=0.513323 | learning_rate=0.000027 | epoch=0.311313
2026-02-19 04:36:11.742 | INFO     | __main__:on_log:99 - step=2710 | loss=0.122700 | grad_norm=0.869387 | learning_rate=0.000027 | epoch=0.311889
2026-02-19 04:36:19.531 | INFO     | __main__:on_log:99 - step=2715 | loss=0.095100 | grad_norm=0.543293 | learning_rate=0.000027 | epoch=0.312464
2026-02-19 04:36:27.324 | INFO     | __main__:on_log:99 - step=2720 | loss=0.089100 | grad_norm=0.710200 | learning_rate=0.000027 | epoch=0.313039
2026-02-19 04:36:35.117 | INFO     | __main__:on_log:99 - step=2725 | loss=0.110900 | grad_norm=0.783845 | learning_rate=0.000027 | epoch=0.313615
2026-02-19 04:36:42.906 | INFO     | __main__:on_log:99 - step=2730 | loss=0.086400 | grad_norm=0.755613 | learning_rate=0.000027 | epoch=0.314190
2026-02-19 04:36:50.694 | INFO     | __main__:on_log:99 - step=2735 | loss=0.115100 | grad_norm=0.476939 | learning_rate=0.000027 | epoch=0.314766
2026-02-19 04:36:58.482 | INFO     | __main__:on_log:99 - step=2740 | loss=0.101000 | grad_norm=0.644175 | learning_rate=0.000027 | epoch=0.315341
2026-02-19 04:37:06.274 | INFO     | __main__:on_log:99 - step=2745 | loss=0.107500 | grad_norm=0.565204 | learning_rate=0.000027 | epoch=0.315917
2026-02-19 04:37:14.065 | INFO     | __main__:on_log:99 - step=2750 | loss=0.099600 | grad_norm=1.032649 | learning_rate=0.000027 | epoch=0.316492
2026-02-19 04:37:21.856 | INFO     | __main__:on_log:99 - step=2755 | loss=0.085400 | grad_norm=0.599006 | learning_rate=0.000027 | epoch=0.317068
2026-02-19 04:37:29.651 | INFO     | __main__:on_log:99 - step=2760 | loss=0.087100 | grad_norm=0.866647 | learning_rate=0.000027 | epoch=0.317643
2026-02-19 04:37:37.441 | INFO     | __main__:on_log:99 - step=2765 | loss=0.098300 | grad_norm=0.728063 | learning_rate=0.000027 | epoch=0.318218
2026-02-19 04:37:45.234 | INFO     | __main__:on_log:99 - step=2770 | loss=0.097700 | grad_norm=0.528330 | learning_rate=0.000027 | epoch=0.318794
2026-02-19 04:37:53.025 | INFO     | __main__:on_log:99 - step=2775 | loss=0.100400 | grad_norm=0.886551 | learning_rate=0.000027 | epoch=0.319369
2026-02-19 04:38:00.813 | INFO     | __main__:on_log:99 - step=2780 | loss=0.091100 | grad_norm=0.647997 | learning_rate=0.000027 | epoch=0.319945
2026-02-19 04:38:08.604 | INFO     | __main__:on_log:99 - step=2785 | loss=0.111100 | grad_norm=0.712031 | learning_rate=0.000027 | epoch=0.320520
2026-02-19 04:38:16.395 | INFO     | __main__:on_log:99 - step=2790 | loss=0.083400 | grad_norm=0.771890 | learning_rate=0.000027 | epoch=0.321096
2026-02-19 04:38:24.187 | INFO     | __main__:on_log:99 - step=2795 | loss=0.090600 | grad_norm=0.835457 | learning_rate=0.000027 | epoch=0.321671
2026-02-19 04:38:31.976 | INFO     | __main__:on_log:99 - step=2800 | loss=0.088200 | grad_norm=0.589923 | learning_rate=0.000026 | epoch=0.322247
2026-02-19 04:38:39.768 | INFO     | __main__:on_log:99 - step=2805 | loss=0.091000 | grad_norm=0.613973 | learning_rate=0.000026 | epoch=0.322822
2026-02-19 04:38:47.561 | INFO     | __main__:on_log:99 - step=2810 | loss=0.087100 | grad_norm=0.515258 | learning_rate=0.000026 | epoch=0.323397
2026-02-19 04:38:55.352 | INFO     | __main__:on_log:99 - step=2815 | loss=0.081700 | grad_norm=0.529432 | learning_rate=0.000026 | epoch=0.323973
2026-02-19 04:39:03.142 | INFO     | __main__:on_log:99 - step=2820 | loss=0.116300 | grad_norm=0.769756 | learning_rate=0.000026 | epoch=0.324548
2026-02-19 04:39:10.934 | INFO     | __main__:on_log:99 - step=2825 | loss=0.120800 | grad_norm=1.244881 | learning_rate=0.000026 | epoch=0.325124
2026-02-19 04:39:18.726 | INFO     | __main__:on_log:99 - step=2830 | loss=0.119500 | grad_norm=0.693591 | learning_rate=0.000026 | epoch=0.325699
2026-02-19 04:39:26.519 | INFO     | __main__:on_log:99 - step=2835 | loss=0.092300 | grad_norm=0.814021 | learning_rate=0.000026 | epoch=0.326275
2026-02-19 04:39:34.313 | INFO     | __main__:on_log:99 - step=2840 | loss=0.064600 | grad_norm=0.684497 | learning_rate=0.000026 | epoch=0.326850
2026-02-19 04:39:42.104 | INFO     | __main__:on_log:99 - step=2845 | loss=0.128000 | grad_norm=0.932871 | learning_rate=0.000026 | epoch=0.327425
2026-02-19 04:39:49.900 | INFO     | __main__:on_log:99 - step=2850 | loss=0.116200 | grad_norm=0.684958 | learning_rate=0.000026 | epoch=0.328001
2026-02-19 04:39:57.694 | INFO     | __main__:on_log:99 - step=2855 | loss=0.125500 | grad_norm=1.264616 | learning_rate=0.000026 | epoch=0.328576
2026-02-19 04:40:05.483 | INFO     | __main__:on_log:99 - step=2860 | loss=0.113800 | grad_norm=1.183360 | learning_rate=0.000026 | epoch=0.329152
2026-02-19 04:40:13.277 | INFO     | __main__:on_log:99 - step=2865 | loss=0.105600 | grad_norm=0.451530 | learning_rate=0.000026 | epoch=0.329727
2026-02-19 04:40:21.070 | INFO     | __main__:on_log:99 - step=2870 | loss=0.089300 | grad_norm=0.482039 | learning_rate=0.000026 | epoch=0.330303
2026-02-19 04:40:28.867 | INFO     | __main__:on_log:99 - step=2875 | loss=0.088300 | grad_norm=0.745619 | learning_rate=0.000026 | epoch=0.330878
2026-02-19 04:40:36.660 | INFO     | __main__:on_log:99 - step=2880 | loss=0.091400 | grad_norm=0.777439 | learning_rate=0.000026 | epoch=0.331454
2026-02-19 04:40:44.452 | INFO     | __main__:on_log:99 - step=2885 | loss=0.093900 | grad_norm=0.990095 | learning_rate=0.000026 | epoch=0.332029
2026-02-19 04:40:52.245 | INFO     | __main__:on_log:99 - step=2890 | loss=0.084000 | grad_norm=0.806084 | learning_rate=0.000026 | epoch=0.332604
2026-02-19 04:41:00.039 | INFO     | __main__:on_log:99 - step=2895 | loss=0.108700 | grad_norm=0.829289 | learning_rate=0.000026 | epoch=0.333180
2026-02-19 04:41:07.834 | INFO     | __main__:on_log:99 - step=2900 | loss=0.093700 | grad_norm=0.888158 | learning_rate=0.000026 | epoch=0.333755
2026-02-19 04:41:15.625 | INFO     | __main__:on_log:99 - step=2905 | loss=0.081800 | grad_norm=0.500882 | learning_rate=0.000026 | epoch=0.334331
2026-02-19 04:41:23.421 | INFO     | __main__:on_log:99 - step=2910 | loss=0.083100 | grad_norm=0.802514 | learning_rate=0.000026 | epoch=0.334906
2026-02-19 04:41:31.212 | INFO     | __main__:on_log:99 - step=2915 | loss=0.085400 | grad_norm=0.768451 | learning_rate=0.000026 | epoch=0.335482
2026-02-19 04:41:39.006 | INFO     | __main__:on_log:99 - step=2920 | loss=0.100600 | grad_norm=0.681845 | learning_rate=0.000026 | epoch=0.336057
2026-02-19 04:41:46.798 | INFO     | __main__:on_log:99 - step=2925 | loss=0.109400 | grad_norm=0.545822 | learning_rate=0.000026 | epoch=0.336633
2026-02-19 04:41:54.592 | INFO     | __main__:on_log:99 - step=2930 | loss=0.077200 | grad_norm=0.905407 | learning_rate=0.000026 | epoch=0.337208
2026-02-19 04:42:02.384 | INFO     | __main__:on_log:99 - step=2935 | loss=0.096100 | grad_norm=0.554125 | learning_rate=0.000026 | epoch=0.337783
2026-02-19 04:42:10.177 | INFO     | __main__:on_log:99 - step=2940 | loss=0.096900 | grad_norm=1.114520 | learning_rate=0.000026 | epoch=0.338359
2026-02-19 04:42:17.970 | INFO     | __main__:on_log:99 - step=2945 | loss=0.085900 | grad_norm=0.640351 | learning_rate=0.000026 | epoch=0.338934
2026-02-19 04:42:25.763 | INFO     | __main__:on_log:99 - step=2950 | loss=0.097600 | grad_norm=0.753162 | learning_rate=0.000026 | epoch=0.339510
2026-02-19 04:42:33.559 | INFO     | __main__:on_log:99 - step=2955 | loss=0.114700 | grad_norm=0.470195 | learning_rate=0.000026 | epoch=0.340085
2026-02-19 04:42:41.353 | INFO     | __main__:on_log:99 - step=2960 | loss=0.102900 | grad_norm=0.830996 | learning_rate=0.000026 | epoch=0.340661
2026-02-19 04:42:49.145 | INFO     | __main__:on_log:99 - step=2965 | loss=0.068200 | grad_norm=0.651080 | learning_rate=0.000026 | epoch=0.341236
2026-02-19 04:42:56.938 | INFO     | __main__:on_log:99 - step=2970 | loss=0.090200 | grad_norm=0.685919 | learning_rate=0.000026 | epoch=0.341811
2026-02-19 04:43:04.729 | INFO     | __main__:on_log:99 - step=2975 | loss=0.078900 | grad_norm=0.967628 | learning_rate=0.000026 | epoch=0.342387
2026-02-19 04:43:12.524 | INFO     | __main__:on_log:99 - step=2980 | loss=0.084800 | grad_norm=0.769599 | learning_rate=0.000026 | epoch=0.342962
2026-02-19 04:43:20.317 | INFO     | __main__:on_log:99 - step=2985 | loss=0.076200 | grad_norm=0.621229 | learning_rate=0.000026 | epoch=0.343538
2026-02-19 04:43:28.109 | INFO     | __main__:on_log:99 - step=2990 | loss=0.094500 | grad_norm=0.818432 | learning_rate=0.000026 | epoch=0.344113
2026-02-19 04:43:35.901 | INFO     | __main__:on_log:99 - step=2995 | loss=0.090200 | grad_norm=0.744645 | learning_rate=0.000026 | epoch=0.344689
2026-02-19 04:43:43.692 | INFO     | __main__:on_log:99 - step=3000 | loss=0.111300 | grad_norm=0.762950 | learning_rate=0.000026 | epoch=0.345264
2026-02-19 04:43:51.488 | INFO     | __main__:on_log:99 - step=3005 | loss=0.081800 | grad_norm=0.678530 | learning_rate=0.000026 | epoch=0.345840
2026-02-19 04:43:59.281 | INFO     | __main__:on_log:99 - step=3010 | loss=0.099700 | grad_norm=0.843040 | learning_rate=0.000026 | epoch=0.346415
2026-02-19 04:44:07.071 | INFO     | __main__:on_log:99 - step=3015 | loss=0.089300 | grad_norm=0.709858 | learning_rate=0.000026 | epoch=0.346990
2026-02-19 04:44:14.865 | INFO     | __main__:on_log:99 - step=3020 | loss=0.093100 | grad_norm=0.559504 | learning_rate=0.000026 | epoch=0.347566
2026-02-19 04:44:22.655 | INFO     | __main__:on_log:99 - step=3025 | loss=0.099000 | grad_norm=1.254338 | learning_rate=0.000026 | epoch=0.348141
2026-02-19 04:44:30.454 | INFO     | __main__:on_log:99 - step=3030 | loss=0.078200 | grad_norm=0.835774 | learning_rate=0.000026 | epoch=0.348717
2026-02-19 04:44:38.245 | INFO     | __main__:on_log:99 - step=3035 | loss=0.104600 | grad_norm=0.816743 | learning_rate=0.000026 | epoch=0.349292
2026-02-19 04:44:46.041 | INFO     | __main__:on_log:99 - step=3040 | loss=0.081500 | grad_norm=0.687787 | learning_rate=0.000026 | epoch=0.349868
2026-02-19 04:44:53.831 | INFO     | __main__:on_log:99 - step=3045 | loss=0.084600 | grad_norm=0.852069 | learning_rate=0.000026 | epoch=0.350443
2026-02-19 04:45:01.621 | INFO     | __main__:on_log:99 - step=3050 | loss=0.091800 | grad_norm=0.669864 | learning_rate=0.000026 | epoch=0.351019
2026-02-19 04:45:09.415 | INFO     | __main__:on_log:99 - step=3055 | loss=0.127300 | grad_norm=0.701179 | learning_rate=0.000026 | epoch=0.351594
2026-02-19 04:45:17.208 | INFO     | __main__:on_log:99 - step=3060 | loss=0.086300 | grad_norm=0.615584 | learning_rate=0.000026 | epoch=0.352169
2026-02-19 04:45:25.005 | INFO     | __main__:on_log:99 - step=3065 | loss=0.067700 | grad_norm=0.393051 | learning_rate=0.000026 | epoch=0.352745
2026-02-19 04:45:32.799 | INFO     | __main__:on_log:99 - step=3070 | loss=0.086600 | grad_norm=0.834319 | learning_rate=0.000026 | epoch=0.353320
2026-02-19 04:45:40.593 | INFO     | __main__:on_log:99 - step=3075 | loss=0.101100 | grad_norm=0.619088 | learning_rate=0.000026 | epoch=0.353896
2026-02-19 04:45:48.388 | INFO     | __main__:on_log:99 - step=3080 | loss=0.098000 | grad_norm=0.476616 | learning_rate=0.000026 | epoch=0.354471
2026-02-19 04:45:56.178 | INFO     | __main__:on_log:99 - step=3085 | loss=0.089300 | grad_norm=0.932439 | learning_rate=0.000026 | epoch=0.355047
2026-02-19 04:46:03.971 | INFO     | __main__:on_log:99 - step=3090 | loss=0.079600 | grad_norm=0.846160 | learning_rate=0.000026 | epoch=0.355622
2026-02-19 04:46:11.763 | INFO     | __main__:on_log:99 - step=3095 | loss=0.115200 | grad_norm=0.906904 | learning_rate=0.000026 | epoch=0.356197
2026-02-19 04:46:19.557 | INFO     | __main__:on_log:99 - step=3100 | loss=0.123200 | grad_norm=0.583032 | learning_rate=0.000026 | epoch=0.356773
2026-02-19 04:46:27.349 | INFO     | __main__:on_log:99 - step=3105 | loss=0.098100 | grad_norm=0.797939 | learning_rate=0.000026 | epoch=0.357348
2026-02-19 04:46:35.144 | INFO     | __main__:on_log:99 - step=3110 | loss=0.089400 | grad_norm=0.657084 | learning_rate=0.000026 | epoch=0.357924
2026-02-19 04:46:42.935 | INFO     | __main__:on_log:99 - step=3115 | loss=0.086200 | grad_norm=0.778820 | learning_rate=0.000026 | epoch=0.358499
2026-02-19 04:46:50.730 | INFO     | __main__:on_log:99 - step=3120 | loss=0.107000 | grad_norm=0.730670 | learning_rate=0.000026 | epoch=0.359075
2026-02-19 04:46:58.527 | INFO     | __main__:on_log:99 - step=3125 | loss=0.089700 | grad_norm=0.665377 | learning_rate=0.000026 | epoch=0.359650
2026-02-19 04:47:06.322 | INFO     | __main__:on_log:99 - step=3130 | loss=0.136900 | grad_norm=0.964716 | learning_rate=0.000026 | epoch=0.360226
2026-02-19 04:47:14.116 | INFO     | __main__:on_log:99 - step=3135 | loss=0.066700 | grad_norm=0.491417 | learning_rate=0.000026 | epoch=0.360801
2026-02-19 04:47:21.909 | INFO     | __main__:on_log:99 - step=3140 | loss=0.105600 | grad_norm=0.904196 | learning_rate=0.000026 | epoch=0.361376
2026-02-19 04:47:29.704 | INFO     | __main__:on_log:99 - step=3145 | loss=0.059700 | grad_norm=0.619365 | learning_rate=0.000026 | epoch=0.361952
2026-02-19 04:47:37.497 | INFO     | __main__:on_log:99 - step=3150 | loss=0.071500 | grad_norm=0.569268 | learning_rate=0.000026 | epoch=0.362527
2026-02-19 04:47:45.292 | INFO     | __main__:on_log:99 - step=3155 | loss=0.134100 | grad_norm=1.018665 | learning_rate=0.000026 | epoch=0.363103
2026-02-19 04:47:53.087 | INFO     | __main__:on_log:99 - step=3160 | loss=0.077300 | grad_norm=0.800434 | learning_rate=0.000026 | epoch=0.363678
2026-02-19 04:48:00.883 | INFO     | __main__:on_log:99 - step=3165 | loss=0.090200 | grad_norm=0.728871 | learning_rate=0.000026 | epoch=0.364254
2026-02-19 04:48:08.674 | INFO     | __main__:on_log:99 - step=3170 | loss=0.074400 | grad_norm=0.690741 | learning_rate=0.000026 | epoch=0.364829
2026-02-19 04:48:16.470 | INFO     | __main__:on_log:99 - step=3175 | loss=0.088800 | grad_norm=0.741636 | learning_rate=0.000026 | epoch=0.365405
2026-02-19 04:48:24.263 | INFO     | __main__:on_log:99 - step=3180 | loss=0.111800 | grad_norm=0.836104 | learning_rate=0.000026 | epoch=0.365980
2026-02-19 04:48:32.058 | INFO     | __main__:on_log:99 - step=3185 | loss=0.104200 | grad_norm=0.816975 | learning_rate=0.000026 | epoch=0.366555
2026-02-19 04:48:39.849 | INFO     | __main__:on_log:99 - step=3190 | loss=0.115100 | grad_norm=0.977020 | learning_rate=0.000026 | epoch=0.367131
2026-02-19 04:48:47.642 | INFO     | __main__:on_log:99 - step=3195 | loss=0.071000 | grad_norm=0.559431 | learning_rate=0.000026 | epoch=0.367706
2026-02-19 04:48:55.434 | INFO     | __main__:on_log:99 - step=3200 | loss=0.122800 | grad_norm=1.211771 | learning_rate=0.000026 | epoch=0.368282
2026-02-19 04:49:03.227 | INFO     | __main__:on_log:99 - step=3205 | loss=0.112500 | grad_norm=0.615723 | learning_rate=0.000026 | epoch=0.368857
2026-02-19 04:49:11.019 | INFO     | __main__:on_log:99 - step=3210 | loss=0.091800 | grad_norm=0.682125 | learning_rate=0.000026 | epoch=0.369433
2026-02-19 04:49:18.812 | INFO     | __main__:on_log:99 - step=3215 | loss=0.113100 | grad_norm=0.658346 | learning_rate=0.000026 | epoch=0.370008
2026-02-19 04:49:26.608 | INFO     | __main__:on_log:99 - step=3220 | loss=0.097700 | grad_norm=0.486557 | learning_rate=0.000026 | epoch=0.370583
2026-02-19 04:49:34.402 | INFO     | __main__:on_log:99 - step=3225 | loss=0.085600 | grad_norm=0.713594 | learning_rate=0.000026 | epoch=0.371159
2026-02-19 04:49:42.197 | INFO     | __main__:on_log:99 - step=3230 | loss=0.096600 | grad_norm=0.502781 | learning_rate=0.000026 | epoch=0.371734
2026-02-19 04:49:49.993 | INFO     | __main__:on_log:99 - step=3235 | loss=0.086500 | grad_norm=0.941315 | learning_rate=0.000026 | epoch=0.372310
2026-02-19 04:49:57.784 | INFO     | __main__:on_log:99 - step=3240 | loss=0.111100 | grad_norm=0.802060 | learning_rate=0.000026 | epoch=0.372885
2026-02-19 04:50:05.578 | INFO     | __main__:on_log:99 - step=3245 | loss=0.111300 | grad_norm=0.821012 | learning_rate=0.000026 | epoch=0.373461
2026-02-19 04:50:13.372 | INFO     | __main__:on_log:99 - step=3250 | loss=0.110000 | grad_norm=0.858267 | learning_rate=0.000026 | epoch=0.374036
2026-02-19 04:50:21.165 | INFO     | __main__:on_log:99 - step=3255 | loss=0.091100 | grad_norm=0.507598 | learning_rate=0.000026 | epoch=0.374612
2026-02-19 04:50:28.966 | INFO     | __main__:on_log:99 - step=3260 | loss=0.091300 | grad_norm=0.798997 | learning_rate=0.000026 | epoch=0.375187
2026-02-19 04:50:36.762 | INFO     | __main__:on_log:99 - step=3265 | loss=0.095100 | grad_norm=0.646234 | learning_rate=0.000026 | epoch=0.375762
2026-02-19 04:50:44.554 | INFO     | __main__:on_log:99 - step=3270 | loss=0.075300 | grad_norm=0.625590 | learning_rate=0.000026 | epoch=0.376338
2026-02-19 04:50:52.343 | INFO     | __main__:on_log:99 - step=3275 | loss=0.081100 | grad_norm=0.745389 | learning_rate=0.000026 | epoch=0.376913
2026-02-19 04:51:00.141 | INFO     | __main__:on_log:99 - step=3280 | loss=0.069700 | grad_norm=0.718416 | learning_rate=0.000026 | epoch=0.377489
2026-02-19 04:51:07.932 | INFO     | __main__:on_log:99 - step=3285 | loss=0.063500 | grad_norm=0.719153 | learning_rate=0.000026 | epoch=0.378064
2026-02-19 04:51:15.725 | INFO     | __main__:on_log:99 - step=3290 | loss=0.064500 | grad_norm=0.640131 | learning_rate=0.000026 | epoch=0.378640
2026-02-19 04:51:23.515 | INFO     | __main__:on_log:99 - step=3295 | loss=0.103100 | grad_norm=0.819801 | learning_rate=0.000026 | epoch=0.379215
2026-02-19 04:51:31.306 | INFO     | __main__:on_log:99 - step=3300 | loss=0.077200 | grad_norm=0.605393 | learning_rate=0.000026 | epoch=0.379791
2026-02-19 04:51:39.097 | INFO     | __main__:on_log:99 - step=3305 | loss=0.102500 | grad_norm=0.751275 | learning_rate=0.000026 | epoch=0.380366
2026-02-19 04:51:46.891 | INFO     | __main__:on_log:99 - step=3310 | loss=0.094300 | grad_norm=0.698945 | learning_rate=0.000026 | epoch=0.380941
2026-02-19 04:51:54.685 | INFO     | __main__:on_log:99 - step=3315 | loss=0.092900 | grad_norm=0.898698 | learning_rate=0.000026 | epoch=0.381517
2026-02-19 04:52:02.478 | INFO     | __main__:on_log:99 - step=3320 | loss=0.080700 | grad_norm=0.726754 | learning_rate=0.000026 | epoch=0.382092
2026-02-19 04:52:10.271 | INFO     | __main__:on_log:99 - step=3325 | loss=0.072000 | grad_norm=0.617001 | learning_rate=0.000026 | epoch=0.382668
2026-02-19 04:52:18.064 | INFO     | __main__:on_log:99 - step=3330 | loss=0.080700 | grad_norm=0.678899 | learning_rate=0.000026 | epoch=0.383243
2026-02-19 04:52:25.861 | INFO     | __main__:on_log:99 - step=3335 | loss=0.086800 | grad_norm=0.967774 | learning_rate=0.000026 | epoch=0.383819
2026-02-19 04:52:33.655 | INFO     | __main__:on_log:99 - step=3340 | loss=0.101300 | grad_norm=0.656656 | learning_rate=0.000026 | epoch=0.384394
2026-02-19 04:52:41.448 | INFO     | __main__:on_log:99 - step=3345 | loss=0.094600 | grad_norm=0.646385 | learning_rate=0.000026 | epoch=0.384970
2026-02-19 04:52:49.239 | INFO     | __main__:on_log:99 - step=3350 | loss=0.099300 | grad_norm=0.904185 | learning_rate=0.000025 | epoch=0.385545
2026-02-19 04:52:57.031 | INFO     | __main__:on_log:99 - step=3355 | loss=0.070200 | grad_norm=0.599527 | learning_rate=0.000025 | epoch=0.386120
2026-02-19 04:53:04.825 | INFO     | __main__:on_log:99 - step=3360 | loss=0.085700 | grad_norm=0.677291 | learning_rate=0.000025 | epoch=0.386696
2026-02-19 04:53:12.619 | INFO     | __main__:on_log:99 - step=3365 | loss=0.077000 | grad_norm=0.725097 | learning_rate=0.000025 | epoch=0.387271
2026-02-19 04:53:20.413 | INFO     | __main__:on_log:99 - step=3370 | loss=0.115100 | grad_norm=0.555290 | learning_rate=0.000025 | epoch=0.387847
2026-02-19 04:53:28.207 | INFO     | __main__:on_log:99 - step=3375 | loss=0.069300 | grad_norm=0.518222 | learning_rate=0.000025 | epoch=0.388422
2026-02-19 04:53:36.000 | INFO     | __main__:on_log:99 - step=3380 | loss=0.099900 | grad_norm=0.559212 | learning_rate=0.000025 | epoch=0.388998
2026-02-19 04:53:43.795 | INFO     | __main__:on_log:99 - step=3385 | loss=0.063800 | grad_norm=0.595838 | learning_rate=0.000025 | epoch=0.389573
2026-02-19 04:53:51.589 | INFO     | __main__:on_log:99 - step=3390 | loss=0.096900 | grad_norm=0.737167 | learning_rate=0.000025 | epoch=0.390148
2026-02-19 04:53:59.380 | INFO     | __main__:on_log:99 - step=3395 | loss=0.093800 | grad_norm=0.585295 | learning_rate=0.000025 | epoch=0.390724
2026-02-19 04:54:07.172 | INFO     | __main__:on_log:99 - step=3400 | loss=0.076700 | grad_norm=0.634821 | learning_rate=0.000025 | epoch=0.391299
2026-02-19 04:54:14.965 | INFO     | __main__:on_log:99 - step=3405 | loss=0.096900 | grad_norm=0.621281 | learning_rate=0.000025 | epoch=0.391875
2026-02-19 04:54:22.761 | INFO     | __main__:on_log:99 - step=3410 | loss=0.079600 | grad_norm=0.522065 | learning_rate=0.000025 | epoch=0.392450
2026-02-19 04:54:30.555 | INFO     | __main__:on_log:99 - step=3415 | loss=0.095500 | grad_norm=0.754911 | learning_rate=0.000025 | epoch=0.393026
2026-02-19 04:54:38.350 | INFO     | __main__:on_log:99 - step=3420 | loss=0.119000 | grad_norm=1.023479 | learning_rate=0.000025 | epoch=0.393601
2026-02-19 04:54:46.141 | INFO     | __main__:on_log:99 - step=3425 | loss=0.122200 | grad_norm=0.856798 | learning_rate=0.000025 | epoch=0.394177
2026-02-19 04:54:53.934 | INFO     | __main__:on_log:99 - step=3430 | loss=0.094600 | grad_norm=0.382596 | learning_rate=0.000025 | epoch=0.394752
2026-02-19 04:55:01.729 | INFO     | __main__:on_log:99 - step=3435 | loss=0.078700 | grad_norm=0.687646 | learning_rate=0.000025 | epoch=0.395327
2026-02-19 04:55:09.520 | INFO     | __main__:on_log:99 - step=3440 | loss=0.091000 | grad_norm=0.774905 | learning_rate=0.000025 | epoch=0.395903
2026-02-19 04:55:17.313 | INFO     | __main__:on_log:99 - step=3445 | loss=0.078900 | grad_norm=0.512060 | learning_rate=0.000025 | epoch=0.396478
2026-02-19 04:55:25.107 | INFO     | __main__:on_log:99 - step=3450 | loss=0.084500 | grad_norm=0.578539 | learning_rate=0.000025 | epoch=0.397054
2026-02-19 04:55:32.901 | INFO     | __main__:on_log:99 - step=3455 | loss=0.094200 | grad_norm=1.151189 | learning_rate=0.000025 | epoch=0.397629
2026-02-19 04:55:40.697 | INFO     | __main__:on_log:99 - step=3460 | loss=0.110300 | grad_norm=0.841631 | learning_rate=0.000025 | epoch=0.398205
2026-02-19 04:55:48.492 | INFO     | __main__:on_log:99 - step=3465 | loss=0.077700 | grad_norm=0.503714 | learning_rate=0.000025 | epoch=0.398780
2026-02-19 04:55:56.287 | INFO     | __main__:on_log:99 - step=3470 | loss=0.114800 | grad_norm=1.263842 | learning_rate=0.000025 | epoch=0.399356
2026-02-19 04:56:04.080 | INFO     | __main__:on_log:99 - step=3475 | loss=0.067900 | grad_norm=0.533370 | learning_rate=0.000025 | epoch=0.399931
2026-02-19 04:56:11.873 | INFO     | __main__:on_log:99 - step=3480 | loss=0.114600 | grad_norm=0.823649 | learning_rate=0.000025 | epoch=0.400506
2026-02-19 04:56:19.665 | INFO     | __main__:on_log:99 - step=3485 | loss=0.085300 | grad_norm=0.679801 | learning_rate=0.000025 | epoch=0.401082
2026-02-19 04:56:27.460 | INFO     | __main__:on_log:99 - step=3490 | loss=0.097800 | grad_norm=0.512056 | learning_rate=0.000025 | epoch=0.401657
2026-02-19 04:56:35.250 | INFO     | __main__:on_log:99 - step=3495 | loss=0.105700 | grad_norm=0.799124 | learning_rate=0.000025 | epoch=0.402233
2026-02-19 04:56:43.043 | INFO     | __main__:on_log:99 - step=3500 | loss=0.086600 | grad_norm=0.587857 | learning_rate=0.000025 | epoch=0.402808
2026-02-19 04:56:50.840 | INFO     | __main__:on_log:99 - step=3505 | loss=0.079100 | grad_norm=0.849883 | learning_rate=0.000025 | epoch=0.403384
2026-02-19 04:56:58.632 | INFO     | __main__:on_log:99 - step=3510 | loss=0.087500 | grad_norm=0.737316 | learning_rate=0.000025 | epoch=0.403959
2026-02-19 04:57:06.426 | INFO     | __main__:on_log:99 - step=3515 | loss=0.124300 | grad_norm=0.555938 | learning_rate=0.000025 | epoch=0.404534
2026-02-19 04:57:14.219 | INFO     | __main__:on_log:99 - step=3520 | loss=0.077000 | grad_norm=0.473264 | learning_rate=0.000025 | epoch=0.405110
2026-02-19 04:57:22.011 | INFO     | __main__:on_log:99 - step=3525 | loss=0.115600 | grad_norm=1.034919 | learning_rate=0.000025 | epoch=0.405685
2026-02-19 04:57:29.808 | INFO     | __main__:on_log:99 - step=3530 | loss=0.084700 | grad_norm=0.666217 | learning_rate=0.000025 | epoch=0.406261
2026-02-19 04:57:37.601 | INFO     | __main__:on_log:99 - step=3535 | loss=0.067200 | grad_norm=0.536709 | learning_rate=0.000025 | epoch=0.406836
2026-02-19 04:57:45.393 | INFO     | __main__:on_log:99 - step=3540 | loss=0.121800 | grad_norm=1.275554 | learning_rate=0.000025 | epoch=0.407412
2026-02-19 04:57:53.183 | INFO     | __main__:on_log:99 - step=3545 | loss=0.095500 | grad_norm=1.083190 | learning_rate=0.000025 | epoch=0.407987
2026-02-19 04:58:00.979 | INFO     | __main__:on_log:99 - step=3550 | loss=0.118000 | grad_norm=0.825544 | learning_rate=0.000025 | epoch=0.408563
2026-02-19 04:58:08.773 | INFO     | __main__:on_log:99 - step=3555 | loss=0.086700 | grad_norm=0.773928 | learning_rate=0.000025 | epoch=0.409138
2026-02-19 04:58:16.568 | INFO     | __main__:on_log:99 - step=3560 | loss=0.112900 | grad_norm=1.074704 | learning_rate=0.000025 | epoch=0.409713
2026-02-19 04:58:24.363 | INFO     | __main__:on_log:99 - step=3565 | loss=0.093100 | grad_norm=0.577855 | learning_rate=0.000025 | epoch=0.410289
2026-02-19 04:58:32.159 | INFO     | __main__:on_log:99 - step=3570 | loss=0.083100 | grad_norm=0.636129 | learning_rate=0.000025 | epoch=0.410864
2026-02-19 04:58:39.956 | INFO     | __main__:on_log:99 - step=3575 | loss=0.103100 | grad_norm=0.900709 | learning_rate=0.000025 | epoch=0.411440
2026-02-19 04:58:47.750 | INFO     | __main__:on_log:99 - step=3580 | loss=0.070300 | grad_norm=0.707802 | learning_rate=0.000025 | epoch=0.412015
2026-02-19 04:58:55.539 | INFO     | __main__:on_log:99 - step=3585 | loss=0.076500 | grad_norm=0.733590 | learning_rate=0.000025 | epoch=0.412591
2026-02-19 04:59:03.331 | INFO     | __main__:on_log:99 - step=3590 | loss=0.092900 | grad_norm=0.829922 | learning_rate=0.000025 | epoch=0.413166
2026-02-19 04:59:11.123 | INFO     | __main__:on_log:99 - step=3595 | loss=0.085100 | grad_norm=0.627811 | learning_rate=0.000025 | epoch=0.413742
2026-02-19 04:59:18.918 | INFO     | __main__:on_log:99 - step=3600 | loss=0.087900 | grad_norm=0.889651 | learning_rate=0.000025 | epoch=0.414317
2026-02-19 04:59:26.711 | INFO     | __main__:on_log:99 - step=3605 | loss=0.065100 | grad_norm=0.684244 | learning_rate=0.000025 | epoch=0.414892
2026-02-19 04:59:34.507 | INFO     | __main__:on_log:99 - step=3610 | loss=0.162000 | grad_norm=1.098511 | learning_rate=0.000025 | epoch=0.415468
2026-02-19 04:59:42.302 | INFO     | __main__:on_log:99 - step=3615 | loss=0.129500 | grad_norm=0.916191 | learning_rate=0.000025 | epoch=0.416043
2026-02-19 04:59:50.098 | INFO     | __main__:on_log:99 - step=3620 | loss=0.094700 | grad_norm=0.534961 | learning_rate=0.000025 | epoch=0.416619
2026-02-19 04:59:57.895 | INFO     | __main__:on_log:99 - step=3625 | loss=0.089600 | grad_norm=0.568293 | learning_rate=0.000025 | epoch=0.417194
2026-02-19 05:00:05.686 | INFO     | __main__:on_log:99 - step=3630 | loss=0.094700 | grad_norm=0.576728 | learning_rate=0.000025 | epoch=0.417770
2026-02-19 05:00:13.479 | INFO     | __main__:on_log:99 - step=3635 | loss=0.073800 | grad_norm=0.934325 | learning_rate=0.000025 | epoch=0.418345
2026-02-19 05:00:21.272 | INFO     | __main__:on_log:99 - step=3640 | loss=0.089200 | grad_norm=0.620798 | learning_rate=0.000025 | epoch=0.418920
2026-02-19 05:00:29.067 | INFO     | __main__:on_log:99 - step=3645 | loss=0.066500 | grad_norm=0.747312 | learning_rate=0.000025 | epoch=0.419496
2026-02-19 05:00:36.863 | INFO     | __main__:on_log:99 - step=3650 | loss=0.079600 | grad_norm=0.771800 | learning_rate=0.000025 | epoch=0.420071
2026-02-19 05:00:44.657 | INFO     | __main__:on_log:99 - step=3655 | loss=0.137100 | grad_norm=0.918994 | learning_rate=0.000025 | epoch=0.420647
2026-02-19 05:00:52.451 | INFO     | __main__:on_log:99 - step=3660 | loss=0.075700 | grad_norm=0.895309 | learning_rate=0.000025 | epoch=0.421222
2026-02-19 05:01:00.245 | INFO     | __main__:on_log:99 - step=3665 | loss=0.109600 | grad_norm=0.629571 | learning_rate=0.000025 | epoch=0.421798
2026-02-19 05:01:08.041 | INFO     | __main__:on_log:99 - step=3670 | loss=0.071200 | grad_norm=0.576083 | learning_rate=0.000025 | epoch=0.422373
2026-02-19 05:01:15.837 | INFO     | __main__:on_log:99 - step=3675 | loss=0.073500 | grad_norm=0.739857 | learning_rate=0.000025 | epoch=0.422949
2026-02-19 05:01:23.637 | INFO     | __main__:on_log:99 - step=3680 | loss=0.069300 | grad_norm=0.581133 | learning_rate=0.000025 | epoch=0.423524
2026-02-19 05:01:31.431 | INFO     | __main__:on_log:99 - step=3685 | loss=0.111200 | grad_norm=0.860501 | learning_rate=0.000025 | epoch=0.424099
2026-02-19 05:01:39.223 | INFO     | __main__:on_log:99 - step=3690 | loss=0.084100 | grad_norm=0.867438 | learning_rate=0.000025 | epoch=0.424675
2026-02-19 05:01:47.021 | INFO     | __main__:on_log:99 - step=3695 | loss=0.107600 | grad_norm=0.973538 | learning_rate=0.000025 | epoch=0.425250
2026-02-19 05:01:54.814 | INFO     | __main__:on_log:99 - step=3700 | loss=0.060000 | grad_norm=0.536738 | learning_rate=0.000025 | epoch=0.425826
2026-02-19 05:02:02.609 | INFO     | __main__:on_log:99 - step=3705 | loss=0.130300 | grad_norm=1.056002 | learning_rate=0.000025 | epoch=0.426401
2026-02-19 05:02:10.403 | INFO     | __main__:on_log:99 - step=3710 | loss=0.091700 | grad_norm=0.631396 | learning_rate=0.000025 | epoch=0.426977
2026-02-19 05:02:18.195 | INFO     | __main__:on_log:99 - step=3715 | loss=0.100500 | grad_norm=0.783356 | learning_rate=0.000025 | epoch=0.427552
2026-02-19 05:02:25.989 | INFO     | __main__:on_log:99 - step=3720 | loss=0.084900 | grad_norm=1.081556 | learning_rate=0.000025 | epoch=0.428128
2026-02-19 05:02:33.784 | INFO     | __main__:on_log:99 - step=3725 | loss=0.093000 | grad_norm=0.668196 | learning_rate=0.000025 | epoch=0.428703
2026-02-19 05:02:41.576 | INFO     | __main__:on_log:99 - step=3730 | loss=0.070100 | grad_norm=0.597576 | learning_rate=0.000025 | epoch=0.429278
2026-02-19 05:02:49.372 | INFO     | __main__:on_log:99 - step=3735 | loss=0.065000 | grad_norm=0.581217 | learning_rate=0.000025 | epoch=0.429854
2026-02-19 05:02:57.166 | INFO     | __main__:on_log:99 - step=3740 | loss=0.112600 | grad_norm=0.760632 | learning_rate=0.000025 | epoch=0.430429
2026-02-19 05:03:04.960 | INFO     | __main__:on_log:99 - step=3745 | loss=0.078900 | grad_norm=0.500980 | learning_rate=0.000025 | epoch=0.431005
2026-02-19 05:03:12.754 | INFO     | __main__:on_log:99 - step=3750 | loss=0.092900 | grad_norm=0.839099 | learning_rate=0.000025 | epoch=0.431580
2026-02-19 05:03:20.550 | INFO     | __main__:on_log:99 - step=3755 | loss=0.087900 | grad_norm=0.705038 | learning_rate=0.000025 | epoch=0.432156
2026-02-19 05:03:28.342 | INFO     | __main__:on_log:99 - step=3760 | loss=0.128000 | grad_norm=0.899245 | learning_rate=0.000025 | epoch=0.432731
2026-02-19 05:03:36.141 | INFO     | __main__:on_log:99 - step=3765 | loss=0.091600 | grad_norm=0.617183 | learning_rate=0.000025 | epoch=0.433306
2026-02-19 05:03:43.933 | INFO     | __main__:on_log:99 - step=3770 | loss=0.094800 | grad_norm=0.706581 | learning_rate=0.000025 | epoch=0.433882
2026-02-19 05:03:51.724 | INFO     | __main__:on_log:99 - step=3775 | loss=0.098300 | grad_norm=0.963835 | learning_rate=0.000025 | epoch=0.434457
2026-02-19 05:03:59.517 | INFO     | __main__:on_log:99 - step=3780 | loss=0.095600 | grad_norm=0.934423 | learning_rate=0.000025 | epoch=0.435033
2026-02-19 05:04:07.308 | INFO     | __main__:on_log:99 - step=3785 | loss=0.081900 | grad_norm=0.622556 | learning_rate=0.000025 | epoch=0.435608
2026-02-19 05:04:15.105 | INFO     | __main__:on_log:99 - step=3790 | loss=0.086000 | grad_norm=0.489391 | learning_rate=0.000025 | epoch=0.436184
2026-02-19 05:04:22.898 | INFO     | __main__:on_log:99 - step=3795 | loss=0.083800 | grad_norm=0.748963 | learning_rate=0.000025 | epoch=0.436759
2026-02-19 05:04:30.692 | INFO     | __main__:on_log:99 - step=3800 | loss=0.097700 | grad_norm=1.106155 | learning_rate=0.000025 | epoch=0.437335
2026-02-19 05:04:38.487 | INFO     | __main__:on_log:99 - step=3805 | loss=0.085200 | grad_norm=0.566597 | learning_rate=0.000025 | epoch=0.437910
2026-02-19 05:04:46.280 | INFO     | __main__:on_log:99 - step=3810 | loss=0.088800 | grad_norm=0.478647 | learning_rate=0.000025 | epoch=0.438485
2026-02-19 05:04:54.076 | INFO     | __main__:on_log:99 - step=3815 | loss=0.099400 | grad_norm=1.062145 | learning_rate=0.000025 | epoch=0.439061
2026-02-19 05:05:01.870 | INFO     | __main__:on_log:99 - step=3820 | loss=0.072200 | grad_norm=0.659478 | learning_rate=0.000025 | epoch=0.439636
2026-02-19 05:05:09.665 | INFO     | __main__:on_log:99 - step=3825 | loss=0.071500 | grad_norm=0.824195 | learning_rate=0.000025 | epoch=0.440212
2026-02-19 05:05:17.457 | INFO     | __main__:on_log:99 - step=3830 | loss=0.082700 | grad_norm=0.556476 | learning_rate=0.000025 | epoch=0.440787
2026-02-19 05:05:25.252 | INFO     | __main__:on_log:99 - step=3835 | loss=0.090200 | grad_norm=0.881255 | learning_rate=0.000025 | epoch=0.441363
2026-02-19 05:05:33.049 | INFO     | __main__:on_log:99 - step=3840 | loss=0.104900 | grad_norm=0.565210 | learning_rate=0.000025 | epoch=0.441938
2026-02-19 05:05:40.843 | INFO     | __main__:on_log:99 - step=3845 | loss=0.080300 | grad_norm=0.485283 | learning_rate=0.000025 | epoch=0.442514
2026-02-19 05:05:48.637 | INFO     | __main__:on_log:99 - step=3850 | loss=0.079800 | grad_norm=0.569631 | learning_rate=0.000025 | epoch=0.443089
2026-02-19 05:05:56.429 | INFO     | __main__:on_log:99 - step=3855 | loss=0.095500 | grad_norm=0.627136 | learning_rate=0.000025 | epoch=0.443664
2026-02-19 05:06:04.226 | INFO     | __main__:on_log:99 - step=3860 | loss=0.093800 | grad_norm=0.800024 | learning_rate=0.000025 | epoch=0.444240
2026-02-19 05:06:12.021 | INFO     | __main__:on_log:99 - step=3865 | loss=0.070300 | grad_norm=0.620763 | learning_rate=0.000025 | epoch=0.444815
2026-02-19 05:06:19.815 | INFO     | __main__:on_log:99 - step=3870 | loss=0.109000 | grad_norm=0.662691 | learning_rate=0.000025 | epoch=0.445391
2026-02-19 05:06:27.606 | INFO     | __main__:on_log:99 - step=3875 | loss=0.089600 | grad_norm=0.991110 | learning_rate=0.000025 | epoch=0.445966
2026-02-19 05:06:35.401 | INFO     | __main__:on_log:99 - step=3880 | loss=0.085600 | grad_norm=0.744466 | learning_rate=0.000025 | epoch=0.446542
2026-02-19 05:06:43.199 | INFO     | __main__:on_log:99 - step=3885 | loss=0.084600 | grad_norm=0.895682 | learning_rate=0.000025 | epoch=0.447117
2026-02-19 05:06:50.992 | INFO     | __main__:on_log:99 - step=3890 | loss=0.101200 | grad_norm=0.845102 | learning_rate=0.000025 | epoch=0.447692
2026-02-19 05:06:58.784 | INFO     | __main__:on_log:99 - step=3895 | loss=0.111600 | grad_norm=0.870896 | learning_rate=0.000025 | epoch=0.448268
2026-02-19 05:07:06.578 | INFO     | __main__:on_log:99 - step=3900 | loss=0.098000 | grad_norm=0.601658 | learning_rate=0.000024 | epoch=0.448843
2026-02-19 05:07:14.371 | INFO     | __main__:on_log:99 - step=3905 | loss=0.081400 | grad_norm=0.718850 | learning_rate=0.000024 | epoch=0.449419
2026-02-19 05:07:22.168 | INFO     | __main__:on_log:99 - step=3910 | loss=0.076900 | grad_norm=0.527553 | learning_rate=0.000024 | epoch=0.449994
2026-02-19 05:07:29.964 | INFO     | __main__:on_log:99 - step=3915 | loss=0.075500 | grad_norm=0.476344 | learning_rate=0.000024 | epoch=0.450570
2026-02-19 05:07:37.760 | INFO     | __main__:on_log:99 - step=3920 | loss=0.098100 | grad_norm=0.888241 | learning_rate=0.000024 | epoch=0.451145
2026-02-19 05:07:45.557 | INFO     | __main__:on_log:99 - step=3925 | loss=0.102600 | grad_norm=0.499275 | learning_rate=0.000024 | epoch=0.451721
2026-02-19 05:07:53.352 | INFO     | __main__:on_log:99 - step=3930 | loss=0.077600 | grad_norm=0.616204 | learning_rate=0.000024 | epoch=0.452296
2026-02-19 05:08:01.149 | INFO     | __main__:on_log:99 - step=3935 | loss=0.084300 | grad_norm=0.831680 | learning_rate=0.000024 | epoch=0.452871
2026-02-19 05:08:08.946 | INFO     | __main__:on_log:99 - step=3940 | loss=0.095000 | grad_norm=0.662840 | learning_rate=0.000024 | epoch=0.453447
2026-02-19 05:08:16.744 | INFO     | __main__:on_log:99 - step=3945 | loss=0.085600 | grad_norm=0.533677 | learning_rate=0.000024 | epoch=0.454022
2026-02-19 05:08:24.542 | INFO     | __main__:on_log:99 - step=3950 | loss=0.090000 | grad_norm=0.476834 | learning_rate=0.000024 | epoch=0.454598
2026-02-19 05:08:32.341 | INFO     | __main__:on_log:99 - step=3955 | loss=0.087300 | grad_norm=0.761938 | learning_rate=0.000024 | epoch=0.455173
2026-02-19 05:08:40.134 | INFO     | __main__:on_log:99 - step=3960 | loss=0.085600 | grad_norm=0.495502 | learning_rate=0.000024 | epoch=0.455749
2026-02-19 05:08:47.927 | INFO     | __main__:on_log:99 - step=3965 | loss=0.111200 | grad_norm=0.719836 | learning_rate=0.000024 | epoch=0.456324
2026-02-19 05:08:55.721 | INFO     | __main__:on_log:99 - step=3970 | loss=0.077300 | grad_norm=0.601613 | learning_rate=0.000024 | epoch=0.456900
2026-02-19 05:09:03.518 | INFO     | __main__:on_log:99 - step=3975 | loss=0.092500 | grad_norm=0.515704 | learning_rate=0.000024 | epoch=0.457475
2026-02-19 05:09:11.316 | INFO     | __main__:on_log:99 - step=3980 | loss=0.087100 | grad_norm=0.594186 | learning_rate=0.000024 | epoch=0.458050
2026-02-19 05:09:19.111 | INFO     | __main__:on_log:99 - step=3985 | loss=0.093800 | grad_norm=0.715407 | learning_rate=0.000024 | epoch=0.458626
2026-02-19 05:09:26.909 | INFO     | __main__:on_log:99 - step=3990 | loss=0.076900 | grad_norm=0.523841 | learning_rate=0.000024 | epoch=0.459201
2026-02-19 05:09:34.705 | INFO     | __main__:on_log:99 - step=3995 | loss=0.084600 | grad_norm=0.486600 | learning_rate=0.000024 | epoch=0.459777
2026-02-19 05:09:42.498 | INFO     | __main__:on_log:99 - step=4000 | loss=0.092600 | grad_norm=1.079618 | learning_rate=0.000024 | epoch=0.460352
2026-02-19 05:09:50.294 | INFO     | __main__:on_log:99 - step=4005 | loss=0.092800 | grad_norm=0.635139 | learning_rate=0.000024 | epoch=0.460928
2026-02-19 05:09:58.090 | INFO     | __main__:on_log:99 - step=4010 | loss=0.100500 | grad_norm=0.775281 | learning_rate=0.000024 | epoch=0.461503
2026-02-19 05:10:05.883 | INFO     | __main__:on_log:99 - step=4015 | loss=0.125400 | grad_norm=0.853119 | learning_rate=0.000024 | epoch=0.462078
2026-02-19 05:10:13.680 | INFO     | __main__:on_log:99 - step=4020 | loss=0.068300 | grad_norm=0.587994 | learning_rate=0.000024 | epoch=0.462654
2026-02-19 05:10:21.473 | INFO     | __main__:on_log:99 - step=4025 | loss=0.111300 | grad_norm=0.824786 | learning_rate=0.000024 | epoch=0.463229
2026-02-19 05:10:29.270 | INFO     | __main__:on_log:99 - step=4030 | loss=0.088200 | grad_norm=0.539315 | learning_rate=0.000024 | epoch=0.463805
2026-02-19 05:10:37.063 | INFO     | __main__:on_log:99 - step=4035 | loss=0.067400 | grad_norm=0.520805 | learning_rate=0.000024 | epoch=0.464380
2026-02-19 05:10:44.860 | INFO     | __main__:on_log:99 - step=4040 | loss=0.081100 | grad_norm=0.533465 | learning_rate=0.000024 | epoch=0.464956
2026-02-19 05:10:52.651 | INFO     | __main__:on_log:99 - step=4045 | loss=0.093600 | grad_norm=0.698579 | learning_rate=0.000024 | epoch=0.465531
2026-02-19 05:11:00.446 | INFO     | __main__:on_log:99 - step=4050 | loss=0.074300 | grad_norm=0.510972 | learning_rate=0.000024 | epoch=0.466107
2026-02-19 05:11:08.236 | INFO     | __main__:on_log:99 - step=4055 | loss=0.105700 | grad_norm=0.579789 | learning_rate=0.000024 | epoch=0.466682
2026-02-19 05:11:16.029 | INFO     | __main__:on_log:99 - step=4060 | loss=0.088600 | grad_norm=0.637980 | learning_rate=0.000024 | epoch=0.467257
2026-02-19 05:11:23.825 | INFO     | __main__:on_log:99 - step=4065 | loss=0.076600 | grad_norm=0.724619 | learning_rate=0.000024 | epoch=0.467833
2026-02-19 05:11:31.623 | INFO     | __main__:on_log:99 - step=4070 | loss=0.075800 | grad_norm=0.802543 | learning_rate=0.000024 | epoch=0.468408
2026-02-19 05:11:39.419 | INFO     | __main__:on_log:99 - step=4075 | loss=0.109400 | grad_norm=0.718419 | learning_rate=0.000024 | epoch=0.468984
2026-02-19 05:11:47.214 | INFO     | __main__:on_log:99 - step=4080 | loss=0.069400 | grad_norm=0.494311 | learning_rate=0.000024 | epoch=0.469559
2026-02-19 05:11:55.047 | INFO     | __main__:on_log:99 - step=4085 | loss=0.064200 | grad_norm=0.769507 | learning_rate=0.000024 | epoch=0.470135
2026-02-19 05:12:02.843 | INFO     | __main__:on_log:99 - step=4090 | loss=0.132500 | grad_norm=1.365366 | learning_rate=0.000024 | epoch=0.470710
2026-02-19 05:12:10.636 | INFO     | __main__:on_log:99 - step=4095 | loss=0.091400 | grad_norm=0.939701 | learning_rate=0.000024 | epoch=0.471286
2026-02-19 05:12:18.433 | INFO     | __main__:on_log:99 - step=4100 | loss=0.083600 | grad_norm=0.656506 | learning_rate=0.000024 | epoch=0.471861
2026-02-19 05:12:26.230 | INFO     | __main__:on_log:99 - step=4105 | loss=0.056400 | grad_norm=0.785473 | learning_rate=0.000024 | epoch=0.472436
2026-02-19 05:12:34.029 | INFO     | __main__:on_log:99 - step=4110 | loss=0.097400 | grad_norm=0.677116 | learning_rate=0.000024 | epoch=0.473012
2026-02-19 05:12:41.821 | INFO     | __main__:on_log:99 - step=4115 | loss=0.101600 | grad_norm=0.604664 | learning_rate=0.000024 | epoch=0.473587
2026-02-19 05:12:49.622 | INFO     | __main__:on_log:99 - step=4120 | loss=0.079900 | grad_norm=0.451276 | learning_rate=0.000024 | epoch=0.474163
2026-02-19 05:12:57.417 | INFO     | __main__:on_log:99 - step=4125 | loss=0.118800 | grad_norm=1.124228 | learning_rate=0.000024 | epoch=0.474738
2026-02-19 05:13:05.212 | INFO     | __main__:on_log:99 - step=4130 | loss=0.128200 | grad_norm=1.026113 | learning_rate=0.000024 | epoch=0.475314
2026-02-19 05:13:13.006 | INFO     | __main__:on_log:99 - step=4135 | loss=0.106900 | grad_norm=0.804895 | learning_rate=0.000024 | epoch=0.475889
2026-02-19 05:13:20.804 | INFO     | __main__:on_log:99 - step=4140 | loss=0.115300 | grad_norm=0.481696 | learning_rate=0.000024 | epoch=0.476464
2026-02-19 05:13:28.605 | INFO     | __main__:on_log:99 - step=4145 | loss=0.099200 | grad_norm=0.446274 | learning_rate=0.000024 | epoch=0.477040
2026-02-19 05:13:36.399 | INFO     | __main__:on_log:99 - step=4150 | loss=0.101700 | grad_norm=0.966376 | learning_rate=0.000024 | epoch=0.477615
2026-02-19 05:13:44.192 | INFO     | __main__:on_log:99 - step=4155 | loss=0.074000 | grad_norm=0.413668 | learning_rate=0.000024 | epoch=0.478191
2026-02-19 05:13:51.987 | INFO     | __main__:on_log:99 - step=4160 | loss=0.059000 | grad_norm=0.594778 | learning_rate=0.000024 | epoch=0.478766
2026-02-19 05:13:59.778 | INFO     | __main__:on_log:99 - step=4165 | loss=0.092300 | grad_norm=0.817597 | learning_rate=0.000024 | epoch=0.479342
2026-02-19 05:14:07.574 | INFO     | __main__:on_log:99 - step=4170 | loss=0.084300 | grad_norm=0.752022 | learning_rate=0.000024 | epoch=0.479917
2026-02-19 05:14:15.369 | INFO     | __main__:on_log:99 - step=4175 | loss=0.061400 | grad_norm=0.475561 | learning_rate=0.000024 | epoch=0.480493
2026-02-19 05:14:23.164 | INFO     | __main__:on_log:99 - step=4180 | loss=0.093100 | grad_norm=0.687568 | learning_rate=0.000024 | epoch=0.481068
2026-02-19 05:14:30.959 | INFO     | __main__:on_log:99 - step=4185 | loss=0.086200 | grad_norm=0.977519 | learning_rate=0.000024 | epoch=0.481643
2026-02-19 05:14:38.751 | INFO     | __main__:on_log:99 - step=4190 | loss=0.077500 | grad_norm=0.635333 | learning_rate=0.000024 | epoch=0.482219
2026-02-19 05:14:46.548 | INFO     | __main__:on_log:99 - step=4195 | loss=0.077900 | grad_norm=0.658747 | learning_rate=0.000024 | epoch=0.482794
2026-02-19 05:14:54.345 | INFO     | __main__:on_log:99 - step=4200 | loss=0.076700 | grad_norm=0.428204 | learning_rate=0.000024 | epoch=0.483370
2026-02-19 05:15:02.141 | INFO     | __main__:on_log:99 - step=4205 | loss=0.082200 | grad_norm=0.533108 | learning_rate=0.000024 | epoch=0.483945
2026-02-19 05:15:09.935 | INFO     | __main__:on_log:99 - step=4210 | loss=0.071700 | grad_norm=0.533665 | learning_rate=0.000024 | epoch=0.484521
2026-02-19 05:15:17.732 | INFO     | __main__:on_log:99 - step=4215 | loss=0.108500 | grad_norm=0.591368 | learning_rate=0.000024 | epoch=0.485096
2026-02-19 05:15:25.533 | INFO     | __main__:on_log:99 - step=4220 | loss=0.094600 | grad_norm=0.570450 | learning_rate=0.000024 | epoch=0.485672
2026-02-19 05:15:33.327 | INFO     | __main__:on_log:99 - step=4225 | loss=0.073500 | grad_norm=0.534715 | learning_rate=0.000024 | epoch=0.486247
2026-02-19 05:15:41.125 | INFO     | __main__:on_log:99 - step=4230 | loss=0.115200 | grad_norm=0.437432 | learning_rate=0.000024 | epoch=0.486822
2026-02-19 05:15:48.919 | INFO     | __main__:on_log:99 - step=4235 | loss=0.075200 | grad_norm=0.561848 | learning_rate=0.000024 | epoch=0.487398
2026-02-19 05:15:56.718 | INFO     | __main__:on_log:99 - step=4240 | loss=0.075600 | grad_norm=0.379721 | learning_rate=0.000024 | epoch=0.487973
2026-02-19 05:16:04.512 | INFO     | __main__:on_log:99 - step=4245 | loss=0.078000 | grad_norm=0.685777 | learning_rate=0.000024 | epoch=0.488549
2026-02-19 05:16:12.308 | INFO     | __main__:on_log:99 - step=4250 | loss=0.077100 | grad_norm=0.729881 | learning_rate=0.000024 | epoch=0.489124
2026-02-19 05:16:20.100 | INFO     | __main__:on_log:99 - step=4255 | loss=0.095000 | grad_norm=0.650824 | learning_rate=0.000024 | epoch=0.489700
2026-02-19 05:16:27.897 | INFO     | __main__:on_log:99 - step=4260 | loss=0.078500 | grad_norm=0.570564 | learning_rate=0.000024 | epoch=0.490275
2026-02-19 05:16:35.695 | INFO     | __main__:on_log:99 - step=4265 | loss=0.063600 | grad_norm=0.458225 | learning_rate=0.000024 | epoch=0.490851
2026-02-19 05:16:43.490 | INFO     | __main__:on_log:99 - step=4270 | loss=0.081100 | grad_norm=0.560222 | learning_rate=0.000024 | epoch=0.491426
2026-02-19 05:16:51.286 | INFO     | __main__:on_log:99 - step=4275 | loss=0.076000 | grad_norm=0.435829 | learning_rate=0.000024 | epoch=0.492001
2026-02-19 05:16:59.077 | INFO     | __main__:on_log:99 - step=4280 | loss=0.100800 | grad_norm=0.723521 | learning_rate=0.000024 | epoch=0.492577
2026-02-19 05:17:06.869 | INFO     | __main__:on_log:99 - step=4285 | loss=0.101700 | grad_norm=0.655838 | learning_rate=0.000024 | epoch=0.493152
2026-02-19 05:17:14.664 | INFO     | __main__:on_log:99 - step=4290 | loss=0.107300 | grad_norm=1.069358 | learning_rate=0.000024 | epoch=0.493728
2026-02-19 05:17:22.454 | INFO     | __main__:on_log:99 - step=4295 | loss=0.079400 | grad_norm=0.677012 | learning_rate=0.000024 | epoch=0.494303
2026-02-19 05:17:30.245 | INFO     | __main__:on_log:99 - step=4300 | loss=0.087300 | grad_norm=0.807962 | learning_rate=0.000024 | epoch=0.494879
2026-02-19 05:17:38.040 | INFO     | __main__:on_log:99 - step=4305 | loss=0.074200 | grad_norm=0.810259 | learning_rate=0.000024 | epoch=0.495454
2026-02-19 05:17:45.832 | INFO     | __main__:on_log:99 - step=4310 | loss=0.078200 | grad_norm=0.937543 | learning_rate=0.000024 | epoch=0.496029
2026-02-19 05:17:53.628 | INFO     | __main__:on_log:99 - step=4315 | loss=0.116500 | grad_norm=0.854917 | learning_rate=0.000024 | epoch=0.496605
2026-02-19 05:18:01.422 | INFO     | __main__:on_log:99 - step=4320 | loss=0.116500 | grad_norm=0.828054 | learning_rate=0.000024 | epoch=0.497180
2026-02-19 05:18:09.219 | INFO     | __main__:on_log:99 - step=4325 | loss=0.080900 | grad_norm=0.790807 | learning_rate=0.000024 | epoch=0.497756
2026-02-19 05:18:17.011 | INFO     | __main__:on_log:99 - step=4330 | loss=0.069700 | grad_norm=0.606281 | learning_rate=0.000024 | epoch=0.498331
2026-02-19 05:18:24.809 | INFO     | __main__:on_log:99 - step=4335 | loss=0.104000 | grad_norm=0.853599 | learning_rate=0.000024 | epoch=0.498907
2026-02-19 05:18:32.602 | INFO     | __main__:on_log:99 - step=4340 | loss=0.102600 | grad_norm=0.510175 | learning_rate=0.000024 | epoch=0.499482
2026-02-19 05:18:40.393 | INFO     | __main__:on_log:99 - step=4345 | loss=0.073700 | grad_norm=0.592412 | learning_rate=0.000024 | epoch=0.500058
2026-02-19 05:18:48.184 | INFO     | __main__:on_log:99 - step=4350 | loss=0.080300 | grad_norm=0.764186 | learning_rate=0.000024 | epoch=0.500633
2026-02-19 05:18:55.976 | INFO     | __main__:on_log:99 - step=4355 | loss=0.074700 | grad_norm=0.820465 | learning_rate=0.000024 | epoch=0.501208
2026-02-19 05:19:03.771 | INFO     | __main__:on_log:99 - step=4360 | loss=0.062600 | grad_norm=0.528715 | learning_rate=0.000024 | epoch=0.501784
2026-02-19 05:19:11.561 | INFO     | __main__:on_log:99 - step=4365 | loss=0.114900 | grad_norm=0.906831 | learning_rate=0.000024 | epoch=0.502359
2026-02-19 05:19:19.354 | INFO     | __main__:on_log:99 - step=4370 | loss=0.062900 | grad_norm=0.619471 | learning_rate=0.000024 | epoch=0.502935
2026-02-19 05:19:27.145 | INFO     | __main__:on_log:99 - step=4375 | loss=0.089400 | grad_norm=0.716130 | learning_rate=0.000024 | epoch=0.503510
2026-02-19 05:19:34.940 | INFO     | __main__:on_log:99 - step=4380 | loss=0.075000 | grad_norm=0.610929 | learning_rate=0.000024 | epoch=0.504086
2026-02-19 05:19:42.732 | INFO     | __main__:on_log:99 - step=4385 | loss=0.083900 | grad_norm=0.645529 | learning_rate=0.000024 | epoch=0.504661
2026-02-19 05:19:50.523 | INFO     | __main__:on_log:99 - step=4390 | loss=0.080000 | grad_norm=0.761054 | learning_rate=0.000024 | epoch=0.505237
2026-02-19 05:19:58.314 | INFO     | __main__:on_log:99 - step=4395 | loss=0.083800 | grad_norm=0.703016 | learning_rate=0.000024 | epoch=0.505812
2026-02-19 05:20:06.106 | INFO     | __main__:on_log:99 - step=4400 | loss=0.092100 | grad_norm=0.592992 | learning_rate=0.000024 | epoch=0.506387
2026-02-19 05:20:13.900 | INFO     | __main__:on_log:99 - step=4405 | loss=0.081100 | grad_norm=0.504687 | learning_rate=0.000024 | epoch=0.506963
2026-02-19 05:20:21.691 | INFO     | __main__:on_log:99 - step=4410 | loss=0.074200 | grad_norm=0.644141 | learning_rate=0.000024 | epoch=0.507538
2026-02-19 05:20:29.482 | INFO     | __main__:on_log:99 - step=4415 | loss=0.078100 | grad_norm=0.758060 | learning_rate=0.000024 | epoch=0.508114
2026-02-19 05:20:37.282 | INFO     | __main__:on_log:99 - step=4420 | loss=0.080600 | grad_norm=0.589996 | learning_rate=0.000024 | epoch=0.508689
2026-02-19 05:20:45.073 | INFO     | __main__:on_log:99 - step=4425 | loss=0.114700 | grad_norm=1.026108 | learning_rate=0.000024 | epoch=0.509265
2026-02-19 05:20:52.872 | INFO     | __main__:on_log:99 - step=4430 | loss=0.074500 | grad_norm=0.647789 | learning_rate=0.000024 | epoch=0.509840
2026-02-19 05:21:00.669 | INFO     | __main__:on_log:99 - step=4435 | loss=0.110400 | grad_norm=0.602956 | learning_rate=0.000024 | epoch=0.510415
2026-02-19 05:21:08.463 | INFO     | __main__:on_log:99 - step=4440 | loss=0.093200 | grad_norm=0.927692 | learning_rate=0.000024 | epoch=0.510991
2026-02-19 05:21:16.260 | INFO     | __main__:on_log:99 - step=4445 | loss=0.069700 | grad_norm=0.945123 | learning_rate=0.000024 | epoch=0.511566
2026-02-19 05:21:24.054 | INFO     | __main__:on_log:99 - step=4450 | loss=0.104200 | grad_norm=0.653388 | learning_rate=0.000023 | epoch=0.512142
2026-02-19 05:21:31.853 | INFO     | __main__:on_log:99 - step=4455 | loss=0.103400 | grad_norm=0.948835 | learning_rate=0.000023 | epoch=0.512717
2026-02-19 05:21:39.646 | INFO     | __main__:on_log:99 - step=4460 | loss=0.113700 | grad_norm=0.627167 | learning_rate=0.000023 | epoch=0.513293
2026-02-19 05:21:47.441 | INFO     | __main__:on_log:99 - step=4465 | loss=0.083100 | grad_norm=0.405104 | learning_rate=0.000023 | epoch=0.513868
2026-02-19 05:21:55.233 | INFO     | __main__:on_log:99 - step=4470 | loss=0.083700 | grad_norm=0.421072 | learning_rate=0.000023 | epoch=0.514444
2026-02-19 05:22:03.026 | INFO     | __main__:on_log:99 - step=4475 | loss=0.080200 | grad_norm=0.504710 | learning_rate=0.000023 | epoch=0.515019
2026-02-19 05:22:10.820 | INFO     | __main__:on_log:99 - step=4480 | loss=0.080800 | grad_norm=0.674257 | learning_rate=0.000023 | epoch=0.515594
2026-02-19 05:22:18.611 | INFO     | __main__:on_log:99 - step=4485 | loss=0.114000 | grad_norm=0.874576 | learning_rate=0.000023 | epoch=0.516170
2026-02-19 05:22:26.405 | INFO     | __main__:on_log:99 - step=4490 | loss=0.070700 | grad_norm=0.516929 | learning_rate=0.000023 | epoch=0.516745
2026-02-19 05:22:34.197 | INFO     | __main__:on_log:99 - step=4495 | loss=0.070500 | grad_norm=0.845019 | learning_rate=0.000023 | epoch=0.517321
2026-02-19 05:22:41.990 | INFO     | __main__:on_log:99 - step=4500 | loss=0.067600 | grad_norm=0.356665 | learning_rate=0.000023 | epoch=0.517896
2026-02-19 05:22:49.784 | INFO     | __main__:on_log:99 - step=4505 | loss=0.081000 | grad_norm=0.511216 | learning_rate=0.000023 | epoch=0.518472
2026-02-19 05:22:57.577 | INFO     | __main__:on_log:99 - step=4510 | loss=0.089000 | grad_norm=0.548878 | learning_rate=0.000023 | epoch=0.519047
2026-02-19 05:23:05.371 | INFO     | __main__:on_log:99 - step=4515 | loss=0.066200 | grad_norm=0.503999 | learning_rate=0.000023 | epoch=0.519623
2026-02-19 05:23:13.163 | INFO     | __main__:on_log:99 - step=4520 | loss=0.099100 | grad_norm=0.718197 | learning_rate=0.000023 | epoch=0.520198
2026-02-19 05:23:20.955 | INFO     | __main__:on_log:99 - step=4525 | loss=0.092200 | grad_norm=0.727913 | learning_rate=0.000023 | epoch=0.520773
2026-02-19 05:23:28.751 | INFO     | __main__:on_log:99 - step=4530 | loss=0.076200 | grad_norm=0.808180 | learning_rate=0.000023 | epoch=0.521349
2026-02-19 05:23:36.544 | INFO     | __main__:on_log:99 - step=4535 | loss=0.070200 | grad_norm=0.605923 | learning_rate=0.000023 | epoch=0.521924
2026-02-19 05:23:44.336 | INFO     | __main__:on_log:99 - step=4540 | loss=0.081200 | grad_norm=0.566257 | learning_rate=0.000023 | epoch=0.522500
2026-02-19 05:23:52.130 | INFO     | __main__:on_log:99 - step=4545 | loss=0.078000 | grad_norm=0.661202 | learning_rate=0.000023 | epoch=0.523075
2026-02-19 05:23:59.928 | INFO     | __main__:on_log:99 - step=4550 | loss=0.088600 | grad_norm=0.600809 | learning_rate=0.000023 | epoch=0.523651
2026-02-19 05:24:07.719 | INFO     | __main__:on_log:99 - step=4555 | loss=0.070000 | grad_norm=0.600900 | learning_rate=0.000023 | epoch=0.524226
2026-02-19 05:24:15.513 | INFO     | __main__:on_log:99 - step=4560 | loss=0.096400 | grad_norm=0.725213 | learning_rate=0.000023 | epoch=0.524801
2026-02-19 05:24:23.306 | INFO     | __main__:on_log:99 - step=4565 | loss=0.090100 | grad_norm=0.688519 | learning_rate=0.000023 | epoch=0.525377
2026-02-19 05:24:31.099 | INFO     | __main__:on_log:99 - step=4570 | loss=0.064500 | grad_norm=0.406697 | learning_rate=0.000023 | epoch=0.525952
2026-02-19 05:24:38.894 | INFO     | __main__:on_log:99 - step=4575 | loss=0.095600 | grad_norm=0.769166 | learning_rate=0.000023 | epoch=0.526528
2026-02-19 05:24:46.685 | INFO     | __main__:on_log:99 - step=4580 | loss=0.072200 | grad_norm=0.742796 | learning_rate=0.000023 | epoch=0.527103
2026-02-19 05:24:54.477 | INFO     | __main__:on_log:99 - step=4585 | loss=0.048300 | grad_norm=0.544719 | learning_rate=0.000023 | epoch=0.527679
2026-02-19 05:25:02.269 | INFO     | __main__:on_log:99 - step=4590 | loss=0.086000 | grad_norm=0.817266 | learning_rate=0.000023 | epoch=0.528254
2026-02-19 05:25:10.062 | INFO     | __main__:on_log:99 - step=4595 | loss=0.090600 | grad_norm=0.840422 | learning_rate=0.000023 | epoch=0.528830
2026-02-19 05:25:17.853 | INFO     | __main__:on_log:99 - step=4600 | loss=0.056700 | grad_norm=0.616669 | learning_rate=0.000023 | epoch=0.529405
2026-02-19 05:25:25.648 | INFO     | __main__:on_log:99 - step=4605 | loss=0.099000 | grad_norm=0.618397 | learning_rate=0.000023 | epoch=0.529980
2026-02-19 05:25:33.442 | INFO     | __main__:on_log:99 - step=4610 | loss=0.089600 | grad_norm=0.742690 | learning_rate=0.000023 | epoch=0.530556
2026-02-19 05:25:41.235 | INFO     | __main__:on_log:99 - step=4615 | loss=0.102000 | grad_norm=0.540628 | learning_rate=0.000023 | epoch=0.531131
2026-02-19 05:25:49.028 | INFO     | __main__:on_log:99 - step=4620 | loss=0.078100 | grad_norm=0.516708 | learning_rate=0.000023 | epoch=0.531707
2026-02-19 05:25:56.821 | INFO     | __main__:on_log:99 - step=4625 | loss=0.081600 | grad_norm=0.792602 | learning_rate=0.000023 | epoch=0.532282
2026-02-19 05:26:04.612 | INFO     | __main__:on_log:99 - step=4630 | loss=0.071800 | grad_norm=0.568896 | learning_rate=0.000023 | epoch=0.532858
2026-02-19 05:26:12.404 | INFO     | __main__:on_log:99 - step=4635 | loss=0.096400 | grad_norm=0.601871 | learning_rate=0.000023 | epoch=0.533433
2026-02-19 05:26:20.195 | INFO     | __main__:on_log:99 - step=4640 | loss=0.079500 | grad_norm=0.856038 | learning_rate=0.000023 | epoch=0.534009
2026-02-19 05:26:27.988 | INFO     | __main__:on_log:99 - step=4645 | loss=0.075200 | grad_norm=0.512274 | learning_rate=0.000023 | epoch=0.534584
2026-02-19 05:26:35.783 | INFO     | __main__:on_log:99 - step=4650 | loss=0.069300 | grad_norm=0.521430 | learning_rate=0.000023 | epoch=0.535159
2026-02-19 05:26:43.577 | INFO     | __main__:on_log:99 - step=4655 | loss=0.107300 | grad_norm=0.854528 | learning_rate=0.000023 | epoch=0.535735
2026-02-19 05:26:51.369 | INFO     | __main__:on_log:99 - step=4660 | loss=0.085300 | grad_norm=0.626617 | learning_rate=0.000023 | epoch=0.536310
2026-02-19 05:26:59.159 | INFO     | __main__:on_log:99 - step=4665 | loss=0.074700 | grad_norm=0.734987 | learning_rate=0.000023 | epoch=0.536886
2026-02-19 05:27:06.954 | INFO     | __main__:on_log:99 - step=4670 | loss=0.078200 | grad_norm=0.575234 | learning_rate=0.000023 | epoch=0.537461
2026-02-19 05:27:14.748 | INFO     | __main__:on_log:99 - step=4675 | loss=0.096900 | grad_norm=0.393999 | learning_rate=0.000023 | epoch=0.538037
2026-02-19 05:27:22.540 | INFO     | __main__:on_log:99 - step=4680 | loss=0.081200 | grad_norm=0.917024 | learning_rate=0.000023 | epoch=0.538612
2026-02-19 05:27:30.332 | INFO     | __main__:on_log:99 - step=4685 | loss=0.094600 | grad_norm=0.951676 | learning_rate=0.000023 | epoch=0.539187
2026-02-19 05:27:38.127 | INFO     | __main__:on_log:99 - step=4690 | loss=0.092500 | grad_norm=0.981752 | learning_rate=0.000023 | epoch=0.539763
2026-02-19 05:27:45.919 | INFO     | __main__:on_log:99 - step=4695 | loss=0.092500 | grad_norm=0.552231 | learning_rate=0.000023 | epoch=0.540338
2026-02-19 05:27:53.711 | INFO     | __main__:on_log:99 - step=4700 | loss=0.074900 | grad_norm=0.439299 | learning_rate=0.000023 | epoch=0.540914
2026-02-19 05:28:01.509 | INFO     | __main__:on_log:99 - step=4705 | loss=0.095500 | grad_norm=0.673329 | learning_rate=0.000023 | epoch=0.541489
2026-02-19 05:28:09.300 | INFO     | __main__:on_log:99 - step=4710 | loss=0.091400 | grad_norm=0.989318 | learning_rate=0.000023 | epoch=0.542065
2026-02-19 05:28:17.095 | INFO     | __main__:on_log:99 - step=4715 | loss=0.068900 | grad_norm=0.512624 | learning_rate=0.000023 | epoch=0.542640
2026-02-19 05:28:24.888 | INFO     | __main__:on_log:99 - step=4720 | loss=0.075700 | grad_norm=0.712616 | learning_rate=0.000023 | epoch=0.543216
2026-02-19 05:28:32.680 | INFO     | __main__:on_log:99 - step=4725 | loss=0.113200 | grad_norm=0.683883 | learning_rate=0.000023 | epoch=0.543791
2026-02-19 05:28:40.476 | INFO     | __main__:on_log:99 - step=4730 | loss=0.078400 | grad_norm=0.646254 | learning_rate=0.000023 | epoch=0.544366
2026-02-19 05:28:48.271 | INFO     | __main__:on_log:99 - step=4735 | loss=0.107400 | grad_norm=1.064223 | learning_rate=0.000023 | epoch=0.544942
2026-02-19 05:28:56.066 | INFO     | __main__:on_log:99 - step=4740 | loss=0.087300 | grad_norm=0.696577 | learning_rate=0.000023 | epoch=0.545517
2026-02-19 05:29:03.857 | INFO     | __main__:on_log:99 - step=4745 | loss=0.069000 | grad_norm=0.632275 | learning_rate=0.000023 | epoch=0.546093
2026-02-19 05:29:11.650 | INFO     | __main__:on_log:99 - step=4750 | loss=0.097000 | grad_norm=0.845639 | learning_rate=0.000023 | epoch=0.546668
2026-02-19 05:29:19.440 | INFO     | __main__:on_log:99 - step=4755 | loss=0.088100 | grad_norm=0.769205 | learning_rate=0.000023 | epoch=0.547244
2026-02-19 05:29:27.233 | INFO     | __main__:on_log:99 - step=4760 | loss=0.083300 | grad_norm=0.622880 | learning_rate=0.000023 | epoch=0.547819
2026-02-19 05:29:35.026 | INFO     | __main__:on_log:99 - step=4765 | loss=0.108200 | grad_norm=1.347591 | learning_rate=0.000023 | epoch=0.548395
2026-02-19 05:29:42.816 | INFO     | __main__:on_log:99 - step=4770 | loss=0.127100 | grad_norm=0.606974 | learning_rate=0.000023 | epoch=0.548970
2026-02-19 05:29:50.606 | INFO     | __main__:on_log:99 - step=4775 | loss=0.122200 | grad_norm=0.667119 | learning_rate=0.000023 | epoch=0.549545
2026-02-19 05:29:58.399 | INFO     | __main__:on_log:99 - step=4780 | loss=0.062800 | grad_norm=0.948353 | learning_rate=0.000023 | epoch=0.550121
2026-02-19 05:30:06.194 | INFO     | __main__:on_log:99 - step=4785 | loss=0.064000 | grad_norm=0.465630 | learning_rate=0.000023 | epoch=0.550696
2026-02-19 05:30:13.988 | INFO     | __main__:on_log:99 - step=4790 | loss=0.088000 | grad_norm=0.459647 | learning_rate=0.000023 | epoch=0.551272
2026-02-19 05:30:21.779 | INFO     | __main__:on_log:99 - step=4795 | loss=0.079700 | grad_norm=0.791698 | learning_rate=0.000023 | epoch=0.551847
2026-02-19 05:30:29.572 | INFO     | __main__:on_log:99 - step=4800 | loss=0.093300 | grad_norm=0.616657 | learning_rate=0.000023 | epoch=0.552423
2026-02-19 05:30:37.361 | INFO     | __main__:on_log:99 - step=4805 | loss=0.097800 | grad_norm=0.507016 | learning_rate=0.000023 | epoch=0.552998
2026-02-19 05:30:45.156 | INFO     | __main__:on_log:99 - step=4810 | loss=0.111400 | grad_norm=0.884129 | learning_rate=0.000023 | epoch=0.553573
2026-02-19 05:30:52.948 | INFO     | __main__:on_log:99 - step=4815 | loss=0.082600 | grad_norm=0.762835 | learning_rate=0.000023 | epoch=0.554149
2026-02-19 05:31:00.737 | INFO     | __main__:on_log:99 - step=4820 | loss=0.088600 | grad_norm=0.623384 | learning_rate=0.000023 | epoch=0.554724
2026-02-19 05:31:08.531 | INFO     | __main__:on_log:99 - step=4825 | loss=0.100900 | grad_norm=0.922778 | learning_rate=0.000023 | epoch=0.555300
2026-02-19 05:31:16.330 | INFO     | __main__:on_log:99 - step=4830 | loss=0.064300 | grad_norm=0.918159 | learning_rate=0.000023 | epoch=0.555875
2026-02-19 05:31:24.126 | INFO     | __main__:on_log:99 - step=4835 | loss=0.109700 | grad_norm=0.673131 | learning_rate=0.000023 | epoch=0.556451
2026-02-19 05:31:31.920 | INFO     | __main__:on_log:99 - step=4840 | loss=0.087700 | grad_norm=0.623291 | learning_rate=0.000023 | epoch=0.557026
2026-02-19 05:31:39.716 | INFO     | __main__:on_log:99 - step=4845 | loss=0.084600 | grad_norm=0.649419 | learning_rate=0.000023 | epoch=0.557602
2026-02-19 05:31:47.510 | INFO     | __main__:on_log:99 - step=4850 | loss=0.089700 | grad_norm=0.635531 | learning_rate=0.000023 | epoch=0.558177
2026-02-19 05:31:55.303 | INFO     | __main__:on_log:99 - step=4855 | loss=0.077600 | grad_norm=0.774840 | learning_rate=0.000023 | epoch=0.558752
2026-02-19 05:32:03.098 | INFO     | __main__:on_log:99 - step=4860 | loss=0.085500 | grad_norm=0.441126 | learning_rate=0.000023 | epoch=0.559328
2026-02-19 05:32:10.890 | INFO     | __main__:on_log:99 - step=4865 | loss=0.086400 | grad_norm=0.797278 | learning_rate=0.000023 | epoch=0.559903
2026-02-19 05:32:18.681 | INFO     | __main__:on_log:99 - step=4870 | loss=0.112500 | grad_norm=1.034851 | learning_rate=0.000023 | epoch=0.560479
2026-02-19 05:32:26.472 | INFO     | __main__:on_log:99 - step=4875 | loss=0.103700 | grad_norm=0.754013 | learning_rate=0.000023 | epoch=0.561054
2026-02-19 05:32:34.269 | INFO     | __main__:on_log:99 - step=4880 | loss=0.064300 | grad_norm=0.585852 | learning_rate=0.000023 | epoch=0.561630
2026-02-19 05:32:42.062 | INFO     | __main__:on_log:99 - step=4885 | loss=0.085800 | grad_norm=0.519587 | learning_rate=0.000023 | epoch=0.562205
2026-02-19 05:32:49.855 | INFO     | __main__:on_log:99 - step=4890 | loss=0.089200 | grad_norm=0.852615 | learning_rate=0.000023 | epoch=0.562781
2026-02-19 05:32:57.652 | INFO     | __main__:on_log:99 - step=4895 | loss=0.075800 | grad_norm=0.654585 | learning_rate=0.000023 | epoch=0.563356
2026-02-19 05:33:05.446 | INFO     | __main__:on_log:99 - step=4900 | loss=0.076300 | grad_norm=0.591361 | learning_rate=0.000023 | epoch=0.563931
2026-02-19 05:33:13.241 | INFO     | __main__:on_log:99 - step=4905 | loss=0.076000 | grad_norm=0.598826 | learning_rate=0.000023 | epoch=0.564507
2026-02-19 05:33:21.035 | INFO     | __main__:on_log:99 - step=4910 | loss=0.106500 | grad_norm=0.530270 | learning_rate=0.000023 | epoch=0.565082
2026-02-19 05:33:28.828 | INFO     | __main__:on_log:99 - step=4915 | loss=0.066900 | grad_norm=0.561571 | learning_rate=0.000023 | epoch=0.565658
2026-02-19 05:33:36.624 | INFO     | __main__:on_log:99 - step=4920 | loss=0.110500 | grad_norm=0.511161 | learning_rate=0.000023 | epoch=0.566233
2026-02-19 05:33:44.413 | INFO     | __main__:on_log:99 - step=4925 | loss=0.081600 | grad_norm=0.783843 | learning_rate=0.000023 | epoch=0.566809
2026-02-19 05:33:52.210 | INFO     | __main__:on_log:99 - step=4930 | loss=0.077300 | grad_norm=0.659316 | learning_rate=0.000023 | epoch=0.567384
2026-02-19 05:34:00.006 | INFO     | __main__:on_log:99 - step=4935 | loss=0.078700 | grad_norm=0.905259 | learning_rate=0.000023 | epoch=0.567959
2026-02-19 05:34:07.803 | INFO     | __main__:on_log:99 - step=4940 | loss=0.099300 | grad_norm=0.935617 | learning_rate=0.000023 | epoch=0.568535
2026-02-19 05:34:15.594 | INFO     | __main__:on_log:99 - step=4945 | loss=0.082900 | grad_norm=0.535947 | learning_rate=0.000023 | epoch=0.569110
2026-02-19 05:34:23.387 | INFO     | __main__:on_log:99 - step=4950 | loss=0.091200 | grad_norm=0.701309 | learning_rate=0.000023 | epoch=0.569686
2026-02-19 05:34:31.180 | INFO     | __main__:on_log:99 - step=4955 | loss=0.107000 | grad_norm=1.161809 | learning_rate=0.000023 | epoch=0.570261
2026-02-19 05:34:38.972 | INFO     | __main__:on_log:99 - step=4960 | loss=0.086500 | grad_norm=0.912888 | learning_rate=0.000023 | epoch=0.570837
2026-02-19 05:34:46.765 | INFO     | __main__:on_log:99 - step=4965 | loss=0.098700 | grad_norm=0.639527 | learning_rate=0.000023 | epoch=0.571412
2026-02-19 05:34:54.557 | INFO     | __main__:on_log:99 - step=4970 | loss=0.063500 | grad_norm=0.720840 | learning_rate=0.000023 | epoch=0.571988
2026-02-19 05:35:02.354 | INFO     | __main__:on_log:99 - step=4975 | loss=0.084400 | grad_norm=0.716958 | learning_rate=0.000023 | epoch=0.572563
2026-02-19 05:35:10.147 | INFO     | __main__:on_log:99 - step=4980 | loss=0.104500 | grad_norm=0.928281 | learning_rate=0.000023 | epoch=0.573138
2026-02-19 05:35:17.942 | INFO     | __main__:on_log:99 - step=4985 | loss=0.084600 | grad_norm=0.849920 | learning_rate=0.000023 | epoch=0.573714
2026-02-19 05:35:25.737 | INFO     | __main__:on_log:99 - step=4990 | loss=0.103400 | grad_norm=1.184143 | learning_rate=0.000023 | epoch=0.574289
2026-02-19 05:35:33.528 | INFO     | __main__:on_log:99 - step=4995 | loss=0.092600 | grad_norm=0.896364 | learning_rate=0.000023 | epoch=0.574865
2026-02-19 05:35:41.323 | INFO     | __main__:on_log:99 - step=5000 | loss=0.102400 | grad_norm=0.945709 | learning_rate=0.000022 | epoch=0.575440
2026-02-19 05:50:40.455 | INFO     | __main__:on_log:99 - step=5000 | epoch=0.575440
2026-02-19 05:50:48.911 | INFO     | __main__:on_log:99 - step=5005 | loss=0.092900 | grad_norm=0.532664 | learning_rate=0.000022 | epoch=0.576016
2026-02-19 05:50:56.707 | INFO     | __main__:on_log:99 - step=5010 | loss=0.079500 | grad_norm=0.857235 | learning_rate=0.000022 | epoch=0.576591
2026-02-19 05:51:04.502 | INFO     | __main__:on_log:99 - step=5015 | loss=0.115800 | grad_norm=1.236348 | learning_rate=0.000022 | epoch=0.577167
2026-02-19 05:51:12.299 | INFO     | __main__:on_log:99 - step=5020 | loss=0.097100 | grad_norm=0.484926 | learning_rate=0.000022 | epoch=0.577742
2026-02-19 05:51:20.095 | INFO     | __main__:on_log:99 - step=5025 | loss=0.097100 | grad_norm=0.576526 | learning_rate=0.000022 | epoch=0.578317
2026-02-19 05:51:27.889 | INFO     | __main__:on_log:99 - step=5030 | loss=0.061500 | grad_norm=0.624679 | learning_rate=0.000022 | epoch=0.578893
2026-02-19 05:51:35.690 | INFO     | __main__:on_log:99 - step=5035 | loss=0.137800 | grad_norm=0.546803 | learning_rate=0.000022 | epoch=0.579468
2026-02-19 05:51:43.485 | INFO     | __main__:on_log:99 - step=5040 | loss=0.088900 | grad_norm=0.689488 | learning_rate=0.000022 | epoch=0.580044
2026-02-19 05:51:51.279 | INFO     | __main__:on_log:99 - step=5045 | loss=0.072900 | grad_norm=0.627916 | learning_rate=0.000022 | epoch=0.580619
2026-02-19 05:51:59.076 | INFO     | __main__:on_log:99 - step=5050 | loss=0.072900 | grad_norm=0.752004 | learning_rate=0.000022 | epoch=0.581195
2026-02-19 05:52:06.870 | INFO     | __main__:on_log:99 - step=5055 | loss=0.087300 | grad_norm=0.906805 | learning_rate=0.000022 | epoch=0.581770
2026-02-19 05:52:14.666 | INFO     | __main__:on_log:99 - step=5060 | loss=0.095700 | grad_norm=1.133466 | learning_rate=0.000022 | epoch=0.582345
2026-02-19 05:52:22.459 | INFO     | __main__:on_log:99 - step=5065 | loss=0.113100 | grad_norm=0.553219 | learning_rate=0.000022 | epoch=0.582921
2026-02-19 05:52:30.256 | INFO     | __main__:on_log:99 - step=5070 | loss=0.079600 | grad_norm=0.875282 | learning_rate=0.000022 | epoch=0.583496
2026-02-19 05:52:38.055 | INFO     | __main__:on_log:99 - step=5075 | loss=0.101900 | grad_norm=0.873380 | learning_rate=0.000022 | epoch=0.584072
2026-02-19 05:52:45.851 | INFO     | __main__:on_log:99 - step=5080 | loss=0.104000 | grad_norm=0.819997 | learning_rate=0.000022 | epoch=0.584647
2026-02-19 05:52:53.646 | INFO     | __main__:on_log:99 - step=5085 | loss=0.126700 | grad_norm=0.744557 | learning_rate=0.000022 | epoch=0.585223
2026-02-19 05:53:01.440 | INFO     | __main__:on_log:99 - step=5090 | loss=0.072100 | grad_norm=0.422214 | learning_rate=0.000022 | epoch=0.585798
2026-02-19 05:53:09.234 | INFO     | __main__:on_log:99 - step=5095 | loss=0.097200 | grad_norm=0.577980 | learning_rate=0.000022 | epoch=0.586374
2026-02-19 05:53:17.030 | INFO     | __main__:on_log:99 - step=5100 | loss=0.086000 | grad_norm=0.398271 | learning_rate=0.000022 | epoch=0.586949
2026-02-19 05:53:24.830 | INFO     | __main__:on_log:99 - step=5105 | loss=0.060800 | grad_norm=0.486202 | learning_rate=0.000022 | epoch=0.587524
2026-02-19 05:53:32.625 | INFO     | __main__:on_log:99 - step=5110 | loss=0.081700 | grad_norm=1.014144 | learning_rate=0.000022 | epoch=0.588100
2026-02-19 05:53:40.419 | INFO     | __main__:on_log:99 - step=5115 | loss=0.077100 | grad_norm=0.870065 | learning_rate=0.000022 | epoch=0.588675
2026-02-19 05:53:48.214 | INFO     | __main__:on_log:99 - step=5120 | loss=0.078600 | grad_norm=0.540217 | learning_rate=0.000022 | epoch=0.589251
2026-02-19 05:53:56.008 | INFO     | __main__:on_log:99 - step=5125 | loss=0.088200 | grad_norm=0.672117 | learning_rate=0.000022 | epoch=0.589826
2026-02-19 05:54:03.802 | INFO     | __main__:on_log:99 - step=5130 | loss=0.076500 | grad_norm=0.617554 | learning_rate=0.000022 | epoch=0.590402
2026-02-19 05:54:11.597 | INFO     | __main__:on_log:99 - step=5135 | loss=0.078500 | grad_norm=0.744533 | learning_rate=0.000022 | epoch=0.590977
2026-02-19 05:54:19.394 | INFO     | __main__:on_log:99 - step=5140 | loss=0.071900 | grad_norm=1.053816 | learning_rate=0.000022 | epoch=0.591553
2026-02-19 05:54:27.189 | INFO     | __main__:on_log:99 - step=5145 | loss=0.096600 | grad_norm=0.595859 | learning_rate=0.000022 | epoch=0.592128
2026-02-19 05:54:34.987 | INFO     | __main__:on_log:99 - step=5150 | loss=0.081100 | grad_norm=0.473547 | learning_rate=0.000022 | epoch=0.592703
2026-02-19 05:54:42.781 | INFO     | __main__:on_log:99 - step=5155 | loss=0.085600 | grad_norm=0.719634 | learning_rate=0.000022 | epoch=0.593279
2026-02-19 05:54:50.575 | INFO     | __main__:on_log:99 - step=5160 | loss=0.092200 | grad_norm=0.594291 | learning_rate=0.000022 | epoch=0.593854
2026-02-19 05:54:58.370 | INFO     | __main__:on_log:99 - step=5165 | loss=0.062500 | grad_norm=0.680591 | learning_rate=0.000022 | epoch=0.594430
2026-02-19 05:55:06.163 | INFO     | __main__:on_log:99 - step=5170 | loss=0.117200 | grad_norm=0.603647 | learning_rate=0.000022 | epoch=0.595005
2026-02-19 05:55:13.958 | INFO     | __main__:on_log:99 - step=5175 | loss=0.084600 | grad_norm=0.721564 | learning_rate=0.000022 | epoch=0.595581
2026-02-19 05:55:21.752 | INFO     | __main__:on_log:99 - step=5180 | loss=0.070000 | grad_norm=0.573330 | learning_rate=0.000022 | epoch=0.596156
2026-02-19 05:55:29.550 | INFO     | __main__:on_log:99 - step=5185 | loss=0.085700 | grad_norm=0.580832 | learning_rate=0.000022 | epoch=0.596731
2026-02-19 05:55:37.350 | INFO     | __main__:on_log:99 - step=5190 | loss=0.102900 | grad_norm=1.018407 | learning_rate=0.000022 | epoch=0.597307
2026-02-19 05:55:45.145 | INFO     | __main__:on_log:99 - step=5195 | loss=0.117100 | grad_norm=1.112055 | learning_rate=0.000022 | epoch=0.597882
2026-02-19 05:55:52.941 | INFO     | __main__:on_log:99 - step=5200 | loss=0.094900 | grad_norm=0.535965 | learning_rate=0.000022 | epoch=0.598458
2026-02-19 05:56:00.736 | INFO     | __main__:on_log:99 - step=5205 | loss=0.083600 | grad_norm=0.698346 | learning_rate=0.000022 | epoch=0.599033
2026-02-19 05:56:08.535 | INFO     | __main__:on_log:99 - step=5210 | loss=0.069100 | grad_norm=0.640853 | learning_rate=0.000022 | epoch=0.599609
2026-02-19 05:56:16.327 | INFO     | __main__:on_log:99 - step=5215 | loss=0.093300 | grad_norm=0.626604 | learning_rate=0.000022 | epoch=0.600184
2026-02-19 05:56:24.122 | INFO     | __main__:on_log:99 - step=5220 | loss=0.070400 | grad_norm=0.763851 | learning_rate=0.000022 | epoch=0.600760
2026-02-19 05:56:31.917 | INFO     | __main__:on_log:99 - step=5225 | loss=0.098800 | grad_norm=0.871873 | learning_rate=0.000022 | epoch=0.601335
2026-02-19 05:56:39.717 | INFO     | __main__:on_log:99 - step=5230 | loss=0.091700 | grad_norm=0.831423 | learning_rate=0.000022 | epoch=0.601910
2026-02-19 05:56:47.513 | INFO     | __main__:on_log:99 - step=5235 | loss=0.070300 | grad_norm=0.941546 | learning_rate=0.000022 | epoch=0.602486
2026-02-19 05:56:55.307 | INFO     | __main__:on_log:99 - step=5240 | loss=0.075300 | grad_norm=0.837809 | learning_rate=0.000022 | epoch=0.603061
2026-02-19 05:57:03.100 | INFO     | __main__:on_log:99 - step=5245 | loss=0.097600 | grad_norm=0.623116 | learning_rate=0.000022 | epoch=0.603637
2026-02-19 05:57:10.896 | INFO     | __main__:on_log:99 - step=5250 | loss=0.099200 | grad_norm=0.780625 | learning_rate=0.000022 | epoch=0.604212
2026-02-19 05:57:18.690 | INFO     | __main__:on_log:99 - step=5255 | loss=0.122500 | grad_norm=0.695629 | learning_rate=0.000022 | epoch=0.604788
2026-02-19 05:57:26.486 | INFO     | __main__:on_log:99 - step=5260 | loss=0.100400 | grad_norm=0.809735 | learning_rate=0.000022 | epoch=0.605363
2026-02-19 05:57:34.282 | INFO     | __main__:on_log:99 - step=5265 | loss=0.069200 | grad_norm=0.424888 | learning_rate=0.000022 | epoch=0.605939
2026-02-19 05:57:42.077 | INFO     | __main__:on_log:99 - step=5270 | loss=0.088500 | grad_norm=0.636514 | learning_rate=0.000022 | epoch=0.606514
2026-02-19 05:57:49.873 | INFO     | __main__:on_log:99 - step=5275 | loss=0.087200 | grad_norm=0.560044 | learning_rate=0.000022 | epoch=0.607089
2026-02-19 05:57:57.671 | INFO     | __main__:on_log:99 - step=5280 | loss=0.085300 | grad_norm=0.419136 | learning_rate=0.000022 | epoch=0.607665
2026-02-19 05:58:05.467 | INFO     | __main__:on_log:99 - step=5285 | loss=0.116500 | grad_norm=0.662927 | learning_rate=0.000022 | epoch=0.608240
2026-02-19 05:58:13.264 | INFO     | __main__:on_log:99 - step=5290 | loss=0.093300 | grad_norm=0.506282 | learning_rate=0.000022 | epoch=0.608816
2026-02-19 05:58:21.064 | INFO     | __main__:on_log:99 - step=5295 | loss=0.074300 | grad_norm=0.851220 | learning_rate=0.000022 | epoch=0.609391
2026-02-19 05:58:28.861 | INFO     | __main__:on_log:99 - step=5300 | loss=0.088000 | grad_norm=0.673132 | learning_rate=0.000022 | epoch=0.609967
2026-02-19 05:58:36.656 | INFO     | __main__:on_log:99 - step=5305 | loss=0.089800 | grad_norm=0.813598 | learning_rate=0.000022 | epoch=0.610542
2026-02-19 05:58:44.450 | INFO     | __main__:on_log:99 - step=5310 | loss=0.088400 | grad_norm=0.580742 | learning_rate=0.000022 | epoch=0.611118
2026-02-19 05:58:52.245 | INFO     | __main__:on_log:99 - step=5315 | loss=0.077100 | grad_norm=0.523920 | learning_rate=0.000022 | epoch=0.611693
2026-02-19 05:59:00.037 | INFO     | __main__:on_log:99 - step=5320 | loss=0.105700 | grad_norm=0.749630 | learning_rate=0.000022 | epoch=0.612268
2026-02-19 05:59:07.838 | INFO     | __main__:on_log:99 - step=5325 | loss=0.104400 | grad_norm=0.446778 | learning_rate=0.000022 | epoch=0.612844
2026-02-19 05:59:15.634 | INFO     | __main__:on_log:99 - step=5330 | loss=0.092000 | grad_norm=0.679495 | learning_rate=0.000022 | epoch=0.613419
2026-02-19 05:59:23.430 | INFO     | __main__:on_log:99 - step=5335 | loss=0.088900 | grad_norm=0.615149 | learning_rate=0.000022 | epoch=0.613995
2026-02-19 05:59:31.225 | INFO     | __main__:on_log:99 - step=5340 | loss=0.118200 | grad_norm=0.761299 | learning_rate=0.000022 | epoch=0.614570
2026-02-19 05:59:39.019 | INFO     | __main__:on_log:99 - step=5345 | loss=0.068100 | grad_norm=0.699766 | learning_rate=0.000022 | epoch=0.615146
2026-02-19 05:59:46.814 | INFO     | __main__:on_log:99 - step=5350 | loss=0.094400 | grad_norm=0.766887 | learning_rate=0.000022 | epoch=0.615721
2026-02-19 05:59:54.606 | INFO     | __main__:on_log:99 - step=5355 | loss=0.079600 | grad_norm=0.476420 | learning_rate=0.000022 | epoch=0.616296
2026-02-19 06:00:02.402 | INFO     | __main__:on_log:99 - step=5360 | loss=0.071500 | grad_norm=0.562722 | learning_rate=0.000022 | epoch=0.616872
2026-02-19 06:00:10.199 | INFO     | __main__:on_log:99 - step=5365 | loss=0.058400 | grad_norm=0.533851 | learning_rate=0.000022 | epoch=0.617447
2026-02-19 06:00:17.994 | INFO     | __main__:on_log:99 - step=5370 | loss=0.074000 | grad_norm=0.588681 | learning_rate=0.000022 | epoch=0.618023
2026-02-19 06:00:25.788 | INFO     | __main__:on_log:99 - step=5375 | loss=0.110500 | grad_norm=0.604344 | learning_rate=0.000022 | epoch=0.618598
2026-02-19 06:00:33.579 | INFO     | __main__:on_log:99 - step=5380 | loss=0.070800 | grad_norm=0.506501 | learning_rate=0.000022 | epoch=0.619174
2026-02-19 06:00:41.374 | INFO     | __main__:on_log:99 - step=5385 | loss=0.090700 | grad_norm=0.440767 | learning_rate=0.000022 | epoch=0.619749
2026-02-19 06:00:49.168 | INFO     | __main__:on_log:99 - step=5390 | loss=0.062000 | grad_norm=0.763741 | learning_rate=0.000022 | epoch=0.620325
2026-02-19 06:00:56.963 | INFO     | __main__:on_log:99 - step=5395 | loss=0.072200 | grad_norm=0.474941 | learning_rate=0.000022 | epoch=0.620900
2026-02-19 06:01:04.754 | INFO     | __main__:on_log:99 - step=5400 | loss=0.081400 | grad_norm=0.923412 | learning_rate=0.000022 | epoch=0.621475
2026-02-19 06:01:12.548 | INFO     | __main__:on_log:99 - step=5405 | loss=0.079600 | grad_norm=0.735930 | learning_rate=0.000022 | epoch=0.622051
2026-02-19 06:01:20.342 | INFO     | __main__:on_log:99 - step=5410 | loss=0.080100 | grad_norm=0.590000 | learning_rate=0.000022 | epoch=0.622626
2026-02-19 06:01:28.136 | INFO     | __main__:on_log:99 - step=5415 | loss=0.060100 | grad_norm=0.868578 | learning_rate=0.000022 | epoch=0.623202
2026-02-19 06:01:35.931 | INFO     | __main__:on_log:99 - step=5420 | loss=0.061400 | grad_norm=0.555016 | learning_rate=0.000022 | epoch=0.623777
2026-02-19 06:01:43.725 | INFO     | __main__:on_log:99 - step=5425 | loss=0.072000 | grad_norm=0.489403 | learning_rate=0.000022 | epoch=0.624353
2026-02-19 06:01:51.519 | INFO     | __main__:on_log:99 - step=5430 | loss=0.065000 | grad_norm=0.661108 | learning_rate=0.000022 | epoch=0.624928
2026-02-19 06:01:59.311 | INFO     | __main__:on_log:99 - step=5435 | loss=0.097400 | grad_norm=1.111927 | learning_rate=0.000022 | epoch=0.625504
2026-02-19 06:02:07.108 | INFO     | __main__:on_log:99 - step=5440 | loss=0.084900 | grad_norm=0.691138 | learning_rate=0.000022 | epoch=0.626079
2026-02-19 06:02:14.905 | INFO     | __main__:on_log:99 - step=5445 | loss=0.074300 | grad_norm=0.727601 | learning_rate=0.000022 | epoch=0.626654
2026-02-19 06:02:22.700 | INFO     | __main__:on_log:99 - step=5450 | loss=0.087500 | grad_norm=0.627607 | learning_rate=0.000022 | epoch=0.627230
2026-02-19 06:02:30.494 | INFO     | __main__:on_log:99 - step=5455 | loss=0.071100 | grad_norm=0.495020 | learning_rate=0.000022 | epoch=0.627805
2026-02-19 06:02:38.290 | INFO     | __main__:on_log:99 - step=5460 | loss=0.081400 | grad_norm=0.473265 | learning_rate=0.000022 | epoch=0.628381
2026-02-19 06:02:46.086 | INFO     | __main__:on_log:99 - step=5465 | loss=0.107400 | grad_norm=1.066915 | learning_rate=0.000022 | epoch=0.628956
2026-02-19 06:02:53.882 | INFO     | __main__:on_log:99 - step=5470 | loss=0.068300 | grad_norm=0.586819 | learning_rate=0.000022 | epoch=0.629532
2026-02-19 06:03:01.676 | INFO     | __main__:on_log:99 - step=5475 | loss=0.069400 | grad_norm=0.445566 | learning_rate=0.000022 | epoch=0.630107
2026-02-19 06:03:09.473 | INFO     | __main__:on_log:99 - step=5480 | loss=0.115900 | grad_norm=0.685209 | learning_rate=0.000022 | epoch=0.630682
2026-02-19 06:03:17.269 | INFO     | __main__:on_log:99 - step=5485 | loss=0.095700 | grad_norm=0.671371 | learning_rate=0.000022 | epoch=0.631258
2026-02-19 06:03:25.065 | INFO     | __main__:on_log:99 - step=5490 | loss=0.088400 | grad_norm=0.570854 | learning_rate=0.000022 | epoch=0.631833
2026-02-19 06:03:32.863 | INFO     | __main__:on_log:99 - step=5495 | loss=0.093900 | grad_norm=0.533988 | learning_rate=0.000022 | epoch=0.632409
2026-02-19 06:03:40.659 | INFO     | __main__:on_log:99 - step=5500 | loss=0.086200 | grad_norm=0.565520 | learning_rate=0.000022 | epoch=0.632984
2026-02-19 06:03:48.457 | INFO     | __main__:on_log:99 - step=5505 | loss=0.081700 | grad_norm=0.637265 | learning_rate=0.000022 | epoch=0.633560
2026-02-19 06:03:56.254 | INFO     | __main__:on_log:99 - step=5510 | loss=0.075000 | grad_norm=0.665562 | learning_rate=0.000022 | epoch=0.634135
2026-02-19 06:04:04.048 | INFO     | __main__:on_log:99 - step=5515 | loss=0.074600 | grad_norm=0.904114 | learning_rate=0.000022 | epoch=0.634711
2026-02-19 06:04:11.843 | INFO     | __main__:on_log:99 - step=5520 | loss=0.062300 | grad_norm=0.412614 | learning_rate=0.000022 | epoch=0.635286
2026-02-19 06:04:19.642 | INFO     | __main__:on_log:99 - step=5525 | loss=0.095800 | grad_norm=0.443755 | learning_rate=0.000022 | epoch=0.635861
2026-02-19 06:04:27.434 | INFO     | __main__:on_log:99 - step=5530 | loss=0.116000 | grad_norm=0.835196 | learning_rate=0.000022 | epoch=0.636437
2026-02-19 06:04:35.228 | INFO     | __main__:on_log:99 - step=5535 | loss=0.097200 | grad_norm=0.843938 | learning_rate=0.000022 | epoch=0.637012
2026-02-19 06:04:43.024 | INFO     | __main__:on_log:99 - step=5540 | loss=0.077400 | grad_norm=0.704961 | learning_rate=0.000022 | epoch=0.637588
2026-02-19 06:04:50.814 | INFO     | __main__:on_log:99 - step=5545 | loss=0.114100 | grad_norm=0.802654 | learning_rate=0.000022 | epoch=0.638163
2026-02-19 06:04:58.609 | INFO     | __main__:on_log:99 - step=5550 | loss=0.091800 | grad_norm=0.771796 | learning_rate=0.000021 | epoch=0.638739
2026-02-19 06:05:06.403 | INFO     | __main__:on_log:99 - step=5555 | loss=0.092800 | grad_norm=0.527452 | learning_rate=0.000021 | epoch=0.639314
2026-02-19 06:05:14.195 | INFO     | __main__:on_log:99 - step=5560 | loss=0.081000 | grad_norm=0.505914 | learning_rate=0.000021 | epoch=0.639890
2026-02-19 06:05:21.988 | INFO     | __main__:on_log:99 - step=5565 | loss=0.073900 | grad_norm=0.654017 | learning_rate=0.000021 | epoch=0.640465
2026-02-19 06:05:29.784 | INFO     | __main__:on_log:99 - step=5570 | loss=0.091600 | grad_norm=0.352783 | learning_rate=0.000021 | epoch=0.641040
2026-02-19 06:05:37.580 | INFO     | __main__:on_log:99 - step=5575 | loss=0.073600 | grad_norm=0.694198 | learning_rate=0.000021 | epoch=0.641616
2026-02-19 06:05:45.373 | INFO     | __main__:on_log:99 - step=5580 | loss=0.089400 | grad_norm=0.779574 | learning_rate=0.000021 | epoch=0.642191
2026-02-19 06:05:53.165 | INFO     | __main__:on_log:99 - step=5585 | loss=0.067500 | grad_norm=0.612340 | learning_rate=0.000021 | epoch=0.642767
2026-02-19 06:06:00.960 | INFO     | __main__:on_log:99 - step=5590 | loss=0.090400 | grad_norm=0.689728 | learning_rate=0.000021 | epoch=0.643342
2026-02-19 06:06:08.753 | INFO     | __main__:on_log:99 - step=5595 | loss=0.109400 | grad_norm=0.465768 | learning_rate=0.000021 | epoch=0.643918
2026-02-19 06:06:16.552 | INFO     | __main__:on_log:99 - step=5600 | loss=0.069400 | grad_norm=0.516650 | learning_rate=0.000021 | epoch=0.644493
2026-02-19 06:06:24.348 | INFO     | __main__:on_log:99 - step=5605 | loss=0.078800 | grad_norm=0.755047 | learning_rate=0.000021 | epoch=0.645068
2026-02-19 06:06:32.142 | INFO     | __main__:on_log:99 - step=5610 | loss=0.137100 | grad_norm=0.802036 | learning_rate=0.000021 | epoch=0.645644
2026-02-19 06:06:39.936 | INFO     | __main__:on_log:99 - step=5615 | loss=0.108600 | grad_norm=0.604652 | learning_rate=0.000021 | epoch=0.646219
2026-02-19 06:06:47.730 | INFO     | __main__:on_log:99 - step=5620 | loss=0.069800 | grad_norm=0.686911 | learning_rate=0.000021 | epoch=0.646795
2026-02-19 06:06:55.525 | INFO     | __main__:on_log:99 - step=5625 | loss=0.085000 | grad_norm=0.774233 | learning_rate=0.000021 | epoch=0.647370
2026-02-19 06:07:03.320 | INFO     | __main__:on_log:99 - step=5630 | loss=0.101200 | grad_norm=0.884728 | learning_rate=0.000021 | epoch=0.647946
2026-02-19 06:07:11.113 | INFO     | __main__:on_log:99 - step=5635 | loss=0.093400 | grad_norm=0.429928 | learning_rate=0.000021 | epoch=0.648521
2026-02-19 06:07:18.906 | INFO     | __main__:on_log:99 - step=5640 | loss=0.069400 | grad_norm=0.741053 | learning_rate=0.000021 | epoch=0.649097
2026-02-19 06:07:26.701 | INFO     | __main__:on_log:99 - step=5645 | loss=0.089800 | grad_norm=0.744303 | learning_rate=0.000021 | epoch=0.649672
2026-02-19 06:07:34.495 | INFO     | __main__:on_log:99 - step=5650 | loss=0.065800 | grad_norm=0.785350 | learning_rate=0.000021 | epoch=0.650247
2026-02-19 06:07:42.287 | INFO     | __main__:on_log:99 - step=5655 | loss=0.090000 | grad_norm=0.711184 | learning_rate=0.000021 | epoch=0.650823
2026-02-19 06:07:50.083 | INFO     | __main__:on_log:99 - step=5660 | loss=0.074900 | grad_norm=0.557707 | learning_rate=0.000021 | epoch=0.651398
2026-02-19 06:07:57.877 | INFO     | __main__:on_log:99 - step=5665 | loss=0.055000 | grad_norm=0.475887 | learning_rate=0.000021 | epoch=0.651974
2026-02-19 06:08:05.671 | INFO     | __main__:on_log:99 - step=5670 | loss=0.076800 | grad_norm=0.702037 | learning_rate=0.000021 | epoch=0.652549
2026-02-19 06:08:13.467 | INFO     | __main__:on_log:99 - step=5675 | loss=0.085200 | grad_norm=0.515044 | learning_rate=0.000021 | epoch=0.653125
2026-02-19 06:08:21.259 | INFO     | __main__:on_log:99 - step=5680 | loss=0.075400 | grad_norm=0.700397 | learning_rate=0.000021 | epoch=0.653700
2026-02-19 06:08:29.055 | INFO     | __main__:on_log:99 - step=5685 | loss=0.092800 | grad_norm=0.587507 | learning_rate=0.000021 | epoch=0.654276
2026-02-19 06:08:36.851 | INFO     | __main__:on_log:99 - step=5690 | loss=0.086600 | grad_norm=0.695686 | learning_rate=0.000021 | epoch=0.654851
2026-02-19 06:08:44.643 | INFO     | __main__:on_log:99 - step=5695 | loss=0.119700 | grad_norm=0.595139 | learning_rate=0.000021 | epoch=0.655426
2026-02-19 06:08:52.436 | INFO     | __main__:on_log:99 - step=5700 | loss=0.076500 | grad_norm=0.683906 | learning_rate=0.000021 | epoch=0.656002
2026-02-19 06:09:00.227 | INFO     | __main__:on_log:99 - step=5705 | loss=0.090400 | grad_norm=0.876493 | learning_rate=0.000021 | epoch=0.656577
2026-02-19 06:09:08.022 | INFO     | __main__:on_log:99 - step=5710 | loss=0.070800 | grad_norm=0.546037 | learning_rate=0.000021 | epoch=0.657153
2026-02-19 06:09:15.815 | INFO     | __main__:on_log:99 - step=5715 | loss=0.090400 | grad_norm=0.698688 | learning_rate=0.000021 | epoch=0.657728
2026-02-19 06:09:23.607 | INFO     | __main__:on_log:99 - step=5720 | loss=0.075100 | grad_norm=0.754483 | learning_rate=0.000021 | epoch=0.658304
2026-02-19 06:09:31.401 | INFO     | __main__:on_log:99 - step=5725 | loss=0.095100 | grad_norm=0.988181 | learning_rate=0.000021 | epoch=0.658879
2026-02-19 06:09:39.197 | INFO     | __main__:on_log:99 - step=5730 | loss=0.077600 | grad_norm=0.490735 | learning_rate=0.000021 | epoch=0.659454
2026-02-19 06:09:46.994 | INFO     | __main__:on_log:99 - step=5735 | loss=0.068500 | grad_norm=0.491715 | learning_rate=0.000021 | epoch=0.660030
2026-02-19 06:09:54.790 | INFO     | __main__:on_log:99 - step=5740 | loss=0.076100 | grad_norm=0.657399 | learning_rate=0.000021 | epoch=0.660605
2026-02-19 06:10:02.582 | INFO     | __main__:on_log:99 - step=5745 | loss=0.102800 | grad_norm=0.592899 | learning_rate=0.000021 | epoch=0.661181
2026-02-19 06:10:10.376 | INFO     | __main__:on_log:99 - step=5750 | loss=0.098300 | grad_norm=0.792913 | learning_rate=0.000021 | epoch=0.661756
2026-02-19 06:10:18.169 | INFO     | __main__:on_log:99 - step=5755 | loss=0.105100 | grad_norm=0.747308 | learning_rate=0.000021 | epoch=0.662332
2026-02-19 06:10:25.964 | INFO     | __main__:on_log:99 - step=5760 | loss=0.103200 | grad_norm=1.078397 | learning_rate=0.000021 | epoch=0.662907
2026-02-19 06:10:33.761 | INFO     | __main__:on_log:99 - step=5765 | loss=0.077200 | grad_norm=0.828571 | learning_rate=0.000021 | epoch=0.663483
2026-02-19 06:10:41.557 | INFO     | __main__:on_log:99 - step=5770 | loss=0.091300 | grad_norm=0.596305 | learning_rate=0.000021 | epoch=0.664058
2026-02-19 06:10:49.350 | INFO     | __main__:on_log:99 - step=5775 | loss=0.076100 | grad_norm=0.668581 | learning_rate=0.000021 | epoch=0.664633
2026-02-19 06:10:57.148 | INFO     | __main__:on_log:99 - step=5780 | loss=0.067500 | grad_norm=0.725363 | learning_rate=0.000021 | epoch=0.665209
2026-02-19 06:11:04.939 | INFO     | __main__:on_log:99 - step=5785 | loss=0.093100 | grad_norm=0.607864 | learning_rate=0.000021 | epoch=0.665784
2026-02-19 06:11:12.730 | INFO     | __main__:on_log:99 - step=5790 | loss=0.075000 | grad_norm=0.602550 | learning_rate=0.000021 | epoch=0.666360
2026-02-19 06:11:20.524 | INFO     | __main__:on_log:99 - step=5795 | loss=0.063400 | grad_norm=0.623897 | learning_rate=0.000021 | epoch=0.666935
2026-02-19 06:11:28.321 | INFO     | __main__:on_log:99 - step=5800 | loss=0.085000 | grad_norm=1.005845 | learning_rate=0.000021 | epoch=0.667511
2026-02-19 06:11:36.110 | INFO     | __main__:on_log:99 - step=5805 | loss=0.113000 | grad_norm=1.049665 | learning_rate=0.000021 | epoch=0.668086
2026-02-19 06:11:43.905 | INFO     | __main__:on_log:99 - step=5810 | loss=0.089700 | grad_norm=0.575483 | learning_rate=0.000021 | epoch=0.668662
2026-02-19 06:11:51.698 | INFO     | __main__:on_log:99 - step=5815 | loss=0.067700 | grad_norm=0.876511 | learning_rate=0.000021 | epoch=0.669237
2026-02-19 06:11:59.491 | INFO     | __main__:on_log:99 - step=5820 | loss=0.082500 | grad_norm=0.649681 | learning_rate=0.000021 | epoch=0.669812
2026-02-19 06:12:07.284 | INFO     | __main__:on_log:99 - step=5825 | loss=0.081300 | grad_norm=0.707661 | learning_rate=0.000021 | epoch=0.670388
2026-02-19 06:12:15.077 | INFO     | __main__:on_log:99 - step=5830 | loss=0.077000 | grad_norm=0.482488 | learning_rate=0.000021 | epoch=0.670963
2026-02-19 06:12:22.868 | INFO     | __main__:on_log:99 - step=5835 | loss=0.079500 | grad_norm=0.800464 | learning_rate=0.000021 | epoch=0.671539
2026-02-19 06:12:30.660 | INFO     | __main__:on_log:99 - step=5840 | loss=0.065900 | grad_norm=0.722406 | learning_rate=0.000021 | epoch=0.672114
2026-02-19 06:12:38.451 | INFO     | __main__:on_log:99 - step=5845 | loss=0.079100 | grad_norm=0.904670 | learning_rate=0.000021 | epoch=0.672690
2026-02-19 06:12:46.244 | INFO     | __main__:on_log:99 - step=5850 | loss=0.068700 | grad_norm=0.662900 | learning_rate=0.000021 | epoch=0.673265
2026-02-19 06:12:54.033 | INFO     | __main__:on_log:99 - step=5855 | loss=0.100500 | grad_norm=0.535471 | learning_rate=0.000021 | epoch=0.673840
2026-02-19 06:13:01.827 | INFO     | __main__:on_log:99 - step=5860 | loss=0.093200 | grad_norm=0.761705 | learning_rate=0.000021 | epoch=0.674416
2026-02-19 06:13:09.619 | INFO     | __main__:on_log:99 - step=5865 | loss=0.076200 | grad_norm=0.905348 | learning_rate=0.000021 | epoch=0.674991
2026-02-19 06:13:17.412 | INFO     | __main__:on_log:99 - step=5870 | loss=0.072100 | grad_norm=0.463040 | learning_rate=0.000021 | epoch=0.675567
2026-02-19 06:13:25.204 | INFO     | __main__:on_log:99 - step=5875 | loss=0.060200 | grad_norm=0.696216 | learning_rate=0.000021 | epoch=0.676142
2026-02-19 06:13:32.997 | INFO     | __main__:on_log:99 - step=5880 | loss=0.090700 | grad_norm=0.429284 | learning_rate=0.000021 | epoch=0.676718
2026-02-19 06:13:40.790 | INFO     | __main__:on_log:99 - step=5885 | loss=0.083100 | grad_norm=0.443963 | learning_rate=0.000021 | epoch=0.677293
2026-02-19 06:13:48.579 | INFO     | __main__:on_log:99 - step=5890 | loss=0.081300 | grad_norm=0.655625 | learning_rate=0.000021 | epoch=0.677869
2026-02-19 06:13:56.373 | INFO     | __main__:on_log:99 - step=5895 | loss=0.075500 | grad_norm=1.122584 | learning_rate=0.000021 | epoch=0.678444
2026-02-19 06:14:04.167 | INFO     | __main__:on_log:99 - step=5900 | loss=0.095500 | grad_norm=0.693084 | learning_rate=0.000021 | epoch=0.679019
2026-02-19 06:14:11.958 | INFO     | __main__:on_log:99 - step=5905 | loss=0.045400 | grad_norm=0.440700 | learning_rate=0.000021 | epoch=0.679595
2026-02-19 06:14:19.751 | INFO     | __main__:on_log:99 - step=5910 | loss=0.089600 | grad_norm=0.824707 | learning_rate=0.000021 | epoch=0.680170
2026-02-19 06:14:27.547 | INFO     | __main__:on_log:99 - step=5915 | loss=0.089000 | grad_norm=0.690351 | learning_rate=0.000021 | epoch=0.680746
2026-02-19 06:14:35.340 | INFO     | __main__:on_log:99 - step=5920 | loss=0.086200 | grad_norm=0.625538 | learning_rate=0.000021 | epoch=0.681321
2026-02-19 06:14:43.133 | INFO     | __main__:on_log:99 - step=5925 | loss=0.087800 | grad_norm=0.653866 | learning_rate=0.000021 | epoch=0.681897
2026-02-19 06:14:50.928 | INFO     | __main__:on_log:99 - step=5930 | loss=0.086600 | grad_norm=0.593848 | learning_rate=0.000021 | epoch=0.682472
2026-02-19 06:14:58.719 | INFO     | __main__:on_log:99 - step=5935 | loss=0.058800 | grad_norm=0.631257 | learning_rate=0.000021 | epoch=0.683048
2026-02-19 06:15:06.510 | INFO     | __main__:on_log:99 - step=5940 | loss=0.119200 | grad_norm=1.013390 | learning_rate=0.000021 | epoch=0.683623
2026-02-19 06:15:14.303 | INFO     | __main__:on_log:99 - step=5945 | loss=0.063400 | grad_norm=0.742562 | learning_rate=0.000021 | epoch=0.684198
2026-02-19 06:15:22.095 | INFO     | __main__:on_log:99 - step=5950 | loss=0.075400 | grad_norm=0.443280 | learning_rate=0.000021 | epoch=0.684774
2026-02-19 06:15:29.888 | INFO     | __main__:on_log:99 - step=5955 | loss=0.075500 | grad_norm=0.765498 | learning_rate=0.000021 | epoch=0.685349
2026-02-19 06:15:37.682 | INFO     | __main__:on_log:99 - step=5960 | loss=0.092800 | grad_norm=0.605581 | learning_rate=0.000021 | epoch=0.685925
2026-02-19 06:15:45.475 | INFO     | __main__:on_log:99 - step=5965 | loss=0.066800 | grad_norm=0.784317 | learning_rate=0.000021 | epoch=0.686500
2026-02-19 06:15:53.267 | INFO     | __main__:on_log:99 - step=5970 | loss=0.080900 | grad_norm=0.543100 | learning_rate=0.000021 | epoch=0.687076
2026-02-19 06:16:01.057 | INFO     | __main__:on_log:99 - step=5975 | loss=0.100800 | grad_norm=0.661756 | learning_rate=0.000021 | epoch=0.687651
2026-02-19 06:16:08.851 | INFO     | __main__:on_log:99 - step=5980 | loss=0.089300 | grad_norm=0.883511 | learning_rate=0.000021 | epoch=0.688226
2026-02-19 06:16:16.644 | INFO     | __main__:on_log:99 - step=5985 | loss=0.047200 | grad_norm=0.654663 | learning_rate=0.000021 | epoch=0.688802
2026-02-19 06:16:24.438 | INFO     | __main__:on_log:99 - step=5990 | loss=0.090100 | grad_norm=1.003618 | learning_rate=0.000021 | epoch=0.689377
2026-02-19 06:16:32.233 | INFO     | __main__:on_log:99 - step=5995 | loss=0.046500 | grad_norm=0.500759 | learning_rate=0.000021 | epoch=0.689953
2026-02-19 06:16:40.025 | INFO     | __main__:on_log:99 - step=6000 | loss=0.075500 | grad_norm=0.898522 | learning_rate=0.000021 | epoch=0.690528
2026-02-19 06:16:47.824 | INFO     | __main__:on_log:99 - step=6005 | loss=0.088600 | grad_norm=0.569869 | learning_rate=0.000021 | epoch=0.691104
2026-02-19 06:16:55.619 | INFO     | __main__:on_log:99 - step=6010 | loss=0.092500 | grad_norm=0.589824 | learning_rate=0.000021 | epoch=0.691679
2026-02-19 06:17:03.413 | INFO     | __main__:on_log:99 - step=6015 | loss=0.076600 | grad_norm=0.470900 | learning_rate=0.000021 | epoch=0.692255
2026-02-19 06:17:11.206 | INFO     | __main__:on_log:99 - step=6020 | loss=0.114500 | grad_norm=0.552075 | learning_rate=0.000021 | epoch=0.692830
2026-02-19 06:17:19.002 | INFO     | __main__:on_log:99 - step=6025 | loss=0.065600 | grad_norm=0.514311 | learning_rate=0.000021 | epoch=0.693405
2026-02-19 06:17:26.798 | INFO     | __main__:on_log:99 - step=6030 | loss=0.086200 | grad_norm=0.788297 | learning_rate=0.000021 | epoch=0.693981
2026-02-19 06:17:34.592 | INFO     | __main__:on_log:99 - step=6035 | loss=0.069600 | grad_norm=0.680125 | learning_rate=0.000021 | epoch=0.694556
2026-02-19 06:17:42.385 | INFO     | __main__:on_log:99 - step=6040 | loss=0.100300 | grad_norm=0.779428 | learning_rate=0.000021 | epoch=0.695132
2026-02-19 06:17:50.178 | INFO     | __main__:on_log:99 - step=6045 | loss=0.105900 | grad_norm=0.545036 | learning_rate=0.000021 | epoch=0.695707
2026-02-19 06:17:57.972 | INFO     | __main__:on_log:99 - step=6050 | loss=0.105500 | grad_norm=0.721802 | learning_rate=0.000021 | epoch=0.696283
2026-02-19 06:18:05.769 | INFO     | __main__:on_log:99 - step=6055 | loss=0.088000 | grad_norm=0.757780 | learning_rate=0.000021 | epoch=0.696858
2026-02-19 06:18:13.563 | INFO     | __main__:on_log:99 - step=6060 | loss=0.110200 | grad_norm=0.968219 | learning_rate=0.000021 | epoch=0.697434
2026-02-19 06:18:21.358 | INFO     | __main__:on_log:99 - step=6065 | loss=0.070200 | grad_norm=0.731212 | learning_rate=0.000021 | epoch=0.698009
2026-02-19 06:18:29.153 | INFO     | __main__:on_log:99 - step=6070 | loss=0.076900 | grad_norm=0.609416 | learning_rate=0.000021 | epoch=0.698584
2026-02-19 06:18:36.947 | INFO     | __main__:on_log:99 - step=6075 | loss=0.085700 | grad_norm=0.858132 | learning_rate=0.000021 | epoch=0.699160
2026-02-19 06:18:44.742 | INFO     | __main__:on_log:99 - step=6080 | loss=0.060900 | grad_norm=0.572034 | learning_rate=0.000021 | epoch=0.699735
2026-02-19 06:18:52.536 | INFO     | __main__:on_log:99 - step=6085 | loss=0.080100 | grad_norm=0.539690 | learning_rate=0.000021 | epoch=0.700311
2026-02-19 06:19:00.332 | INFO     | __main__:on_log:99 - step=6090 | loss=0.084500 | grad_norm=0.777326 | learning_rate=0.000021 | epoch=0.700886
2026-02-19 06:19:08.128 | INFO     | __main__:on_log:99 - step=6095 | loss=0.082400 | grad_norm=0.790781 | learning_rate=0.000021 | epoch=0.701462
2026-02-19 06:19:15.921 | INFO     | __main__:on_log:99 - step=6100 | loss=0.069000 | grad_norm=0.627850 | learning_rate=0.000020 | epoch=0.702037
2026-02-19 06:19:23.715 | INFO     | __main__:on_log:99 - step=6105 | loss=0.056500 | grad_norm=0.510871 | learning_rate=0.000020 | epoch=0.702612
2026-02-19 06:19:31.509 | INFO     | __main__:on_log:99 - step=6110 | loss=0.075500 | grad_norm=0.809471 | learning_rate=0.000020 | epoch=0.703188
2026-02-19 06:19:39.302 | INFO     | __main__:on_log:99 - step=6115 | loss=0.104600 | grad_norm=0.948847 | learning_rate=0.000020 | epoch=0.703763
2026-02-19 06:19:47.094 | INFO     | __main__:on_log:99 - step=6120 | loss=0.086700 | grad_norm=0.540920 | learning_rate=0.000020 | epoch=0.704339
2026-02-19 06:19:54.889 | INFO     | __main__:on_log:99 - step=6125 | loss=0.064900 | grad_norm=0.825295 | learning_rate=0.000020 | epoch=0.704914
2026-02-19 06:20:02.680 | INFO     | __main__:on_log:99 - step=6130 | loss=0.083800 | grad_norm=0.871372 | learning_rate=0.000020 | epoch=0.705490
2026-02-19 06:20:10.476 | INFO     | __main__:on_log:99 - step=6135 | loss=0.050900 | grad_norm=0.415416 | learning_rate=0.000020 | epoch=0.706065
2026-02-19 06:20:18.269 | INFO     | __main__:on_log:99 - step=6140 | loss=0.091700 | grad_norm=0.769105 | learning_rate=0.000020 | epoch=0.706641
2026-02-19 06:20:26.064 | INFO     | __main__:on_log:99 - step=6145 | loss=0.075700 | grad_norm=0.916928 | learning_rate=0.000020 | epoch=0.707216
2026-02-19 06:20:33.858 | INFO     | __main__:on_log:99 - step=6150 | loss=0.088500 | grad_norm=0.939582 | learning_rate=0.000020 | epoch=0.707791
2026-02-19 06:20:41.653 | INFO     | __main__:on_log:99 - step=6155 | loss=0.091300 | grad_norm=0.653142 | learning_rate=0.000020 | epoch=0.708367
2026-02-19 06:20:49.445 | INFO     | __main__:on_log:99 - step=6160 | loss=0.077200 | grad_norm=0.730527 | learning_rate=0.000020 | epoch=0.708942
2026-02-19 06:20:57.241 | INFO     | __main__:on_log:99 - step=6165 | loss=0.068900 | grad_norm=0.516059 | learning_rate=0.000020 | epoch=0.709518
2026-02-19 06:21:05.036 | INFO     | __main__:on_log:99 - step=6170 | loss=0.094500 | grad_norm=0.957513 | learning_rate=0.000020 | epoch=0.710093
2026-02-19 06:21:12.830 | INFO     | __main__:on_log:99 - step=6175 | loss=0.098500 | grad_norm=0.602370 | learning_rate=0.000020 | epoch=0.710669
2026-02-19 06:21:20.625 | INFO     | __main__:on_log:99 - step=6180 | loss=0.117400 | grad_norm=0.595879 | learning_rate=0.000020 | epoch=0.711244
2026-02-19 06:21:28.420 | INFO     | __main__:on_log:99 - step=6185 | loss=0.080900 | grad_norm=0.902912 | learning_rate=0.000020 | epoch=0.711820
2026-02-19 06:21:36.216 | INFO     | __main__:on_log:99 - step=6190 | loss=0.066600 | grad_norm=0.510293 | learning_rate=0.000020 | epoch=0.712395
2026-02-19 06:21:44.012 | INFO     | __main__:on_log:99 - step=6195 | loss=0.069500 | grad_norm=0.454467 | learning_rate=0.000020 | epoch=0.712970
2026-02-19 06:21:51.803 | INFO     | __main__:on_log:99 - step=6200 | loss=0.089400 | grad_norm=0.736831 | learning_rate=0.000020 | epoch=0.713546
2026-02-19 06:21:59.595 | INFO     | __main__:on_log:99 - step=6205 | loss=0.075200 | grad_norm=0.533556 | learning_rate=0.000020 | epoch=0.714121
2026-02-19 06:22:07.386 | INFO     | __main__:on_log:99 - step=6210 | loss=0.092800 | grad_norm=0.869433 | learning_rate=0.000020 | epoch=0.714697
2026-02-19 06:22:15.180 | INFO     | __main__:on_log:99 - step=6215 | loss=0.055400 | grad_norm=0.539921 | learning_rate=0.000020 | epoch=0.715272
2026-02-19 06:22:22.976 | INFO     | __main__:on_log:99 - step=6220 | loss=0.089200 | grad_norm=0.435331 | learning_rate=0.000020 | epoch=0.715848
2026-02-19 06:22:30.772 | INFO     | __main__:on_log:99 - step=6225 | loss=0.081600 | grad_norm=0.754650 | learning_rate=0.000020 | epoch=0.716423
2026-02-19 06:22:38.565 | INFO     | __main__:on_log:99 - step=6230 | loss=0.086200 | grad_norm=0.537759 | learning_rate=0.000020 | epoch=0.716999
2026-02-19 06:22:46.359 | INFO     | __main__:on_log:99 - step=6235 | loss=0.071100 | grad_norm=0.656345 | learning_rate=0.000020 | epoch=0.717574
2026-02-19 06:22:54.152 | INFO     | __main__:on_log:99 - step=6240 | loss=0.083500 | grad_norm=0.783941 | learning_rate=0.000020 | epoch=0.718149
2026-02-19 06:23:01.944 | INFO     | __main__:on_log:99 - step=6245 | loss=0.105600 | grad_norm=0.562581 | learning_rate=0.000020 | epoch=0.718725
2026-02-19 06:23:09.738 | INFO     | __main__:on_log:99 - step=6250 | loss=0.093400 | grad_norm=0.785618 | learning_rate=0.000020 | epoch=0.719300
2026-02-19 06:23:17.529 | INFO     | __main__:on_log:99 - step=6255 | loss=0.083000 | grad_norm=0.816890 | learning_rate=0.000020 | epoch=0.719876
2026-02-19 06:23:25.323 | INFO     | __main__:on_log:99 - step=6260 | loss=0.089000 | grad_norm=0.819352 | learning_rate=0.000020 | epoch=0.720451
2026-02-19 06:23:33.116 | INFO     | __main__:on_log:99 - step=6265 | loss=0.093300 | grad_norm=1.091551 | learning_rate=0.000020 | epoch=0.721027
2026-02-19 06:23:40.908 | INFO     | __main__:on_log:99 - step=6270 | loss=0.105400 | grad_norm=0.534253 | learning_rate=0.000020 | epoch=0.721602
2026-02-19 06:23:48.701 | INFO     | __main__:on_log:99 - step=6275 | loss=0.069300 | grad_norm=0.648225 | learning_rate=0.000020 | epoch=0.722177
2026-02-19 06:23:56.500 | INFO     | __main__:on_log:99 - step=6280 | loss=0.075700 | grad_norm=1.064241 | learning_rate=0.000020 | epoch=0.722753
2026-02-19 06:24:04.294 | INFO     | __main__:on_log:99 - step=6285 | loss=0.056700 | grad_norm=0.964902 | learning_rate=0.000020 | epoch=0.723328
2026-02-19 06:24:12.088 | INFO     | __main__:on_log:99 - step=6290 | loss=0.112500 | grad_norm=1.048793 | learning_rate=0.000020 | epoch=0.723904
2026-02-19 06:24:19.880 | INFO     | __main__:on_log:99 - step=6295 | loss=0.066400 | grad_norm=0.602006 | learning_rate=0.000020 | epoch=0.724479
2026-02-19 06:24:27.671 | INFO     | __main__:on_log:99 - step=6300 | loss=0.054800 | grad_norm=0.601957 | learning_rate=0.000020 | epoch=0.725055
2026-02-19 06:24:35.464 | INFO     | __main__:on_log:99 - step=6305 | loss=0.085900 | grad_norm=0.743003 | learning_rate=0.000020 | epoch=0.725630
2026-02-19 06:24:43.259 | INFO     | __main__:on_log:99 - step=6310 | loss=0.094100 | grad_norm=0.695365 | learning_rate=0.000020 | epoch=0.726206
2026-02-19 06:24:51.050 | INFO     | __main__:on_log:99 - step=6315 | loss=0.061900 | grad_norm=0.515929 | learning_rate=0.000020 | epoch=0.726781
2026-02-19 06:24:58.844 | INFO     | __main__:on_log:99 - step=6320 | loss=0.084100 | grad_norm=1.051449 | learning_rate=0.000020 | epoch=0.727356
2026-02-19 06:25:06.641 | INFO     | __main__:on_log:99 - step=6325 | loss=0.072000 | grad_norm=0.543147 | learning_rate=0.000020 | epoch=0.727932
2026-02-19 06:25:14.434 | INFO     | __main__:on_log:99 - step=6330 | loss=0.080100 | grad_norm=0.548504 | learning_rate=0.000020 | epoch=0.728507
2026-02-19 06:25:22.228 | INFO     | __main__:on_log:99 - step=6335 | loss=0.064600 | grad_norm=0.601087 | learning_rate=0.000020 | epoch=0.729083
2026-02-19 06:25:30.023 | INFO     | __main__:on_log:99 - step=6340 | loss=0.090900 | grad_norm=0.954727 | learning_rate=0.000020 | epoch=0.729658
2026-02-19 06:25:37.817 | INFO     | __main__:on_log:99 - step=6345 | loss=0.081500 | grad_norm=0.553562 | learning_rate=0.000020 | epoch=0.730234
2026-02-19 06:25:45.612 | INFO     | __main__:on_log:99 - step=6350 | loss=0.060500 | grad_norm=0.662415 | learning_rate=0.000020 | epoch=0.730809
2026-02-19 06:25:53.404 | INFO     | __main__:on_log:99 - step=6355 | loss=0.112400 | grad_norm=0.882270 | learning_rate=0.000020 | epoch=0.731385
2026-02-19 06:26:01.197 | INFO     | __main__:on_log:99 - step=6360 | loss=0.058900 | grad_norm=0.634754 | learning_rate=0.000020 | epoch=0.731960
2026-02-19 06:26:08.992 | INFO     | __main__:on_log:99 - step=6365 | loss=0.101000 | grad_norm=0.681725 | learning_rate=0.000020 | epoch=0.732535
2026-02-19 06:26:16.784 | INFO     | __main__:on_log:99 - step=6370 | loss=0.093500 | grad_norm=0.627865 | learning_rate=0.000020 | epoch=0.733111
2026-02-19 06:26:24.578 | INFO     | __main__:on_log:99 - step=6375 | loss=0.071200 | grad_norm=0.573816 | learning_rate=0.000020 | epoch=0.733686
2026-02-19 06:26:32.372 | INFO     | __main__:on_log:99 - step=6380 | loss=0.071100 | grad_norm=0.608883 | learning_rate=0.000020 | epoch=0.734262
2026-02-19 06:26:40.168 | INFO     | __main__:on_log:99 - step=6385 | loss=0.125900 | grad_norm=1.255900 | learning_rate=0.000020 | epoch=0.734837
2026-02-19 06:26:47.960 | INFO     | __main__:on_log:99 - step=6390 | loss=0.119000 | grad_norm=0.831836 | learning_rate=0.000020 | epoch=0.735413
2026-02-19 06:26:55.752 | INFO     | __main__:on_log:99 - step=6395 | loss=0.065000 | grad_norm=0.567708 | learning_rate=0.000020 | epoch=0.735988
2026-02-19 06:27:03.544 | INFO     | __main__:on_log:99 - step=6400 | loss=0.067900 | grad_norm=0.665388 | learning_rate=0.000020 | epoch=0.736563
2026-02-19 06:27:11.339 | INFO     | __main__:on_log:99 - step=6405 | loss=0.067900 | grad_norm=0.597603 | learning_rate=0.000020 | epoch=0.737139
2026-02-19 06:27:19.130 | INFO     | __main__:on_log:99 - step=6410 | loss=0.093800 | grad_norm=0.750027 | learning_rate=0.000020 | epoch=0.737714
2026-02-19 06:27:26.922 | INFO     | __main__:on_log:99 - step=6415 | loss=0.070400 | grad_norm=0.603739 | learning_rate=0.000020 | epoch=0.738290
2026-02-19 06:27:34.717 | INFO     | __main__:on_log:99 - step=6420 | loss=0.093800 | grad_norm=0.834112 | learning_rate=0.000020 | epoch=0.738865
2026-02-19 06:27:42.510 | INFO     | __main__:on_log:99 - step=6425 | loss=0.065700 | grad_norm=0.564179 | learning_rate=0.000020 | epoch=0.739441
2026-02-19 06:27:50.302 | INFO     | __main__:on_log:99 - step=6430 | loss=0.083700 | grad_norm=0.470861 | learning_rate=0.000020 | epoch=0.740016
2026-02-19 06:27:58.093 | INFO     | __main__:on_log:99 - step=6435 | loss=0.069200 | grad_norm=0.776361 | learning_rate=0.000020 | epoch=0.740592
2026-02-19 06:28:05.883 | INFO     | __main__:on_log:99 - step=6440 | loss=0.080500 | grad_norm=0.583044 | learning_rate=0.000020 | epoch=0.741167
2026-02-19 06:28:13.676 | INFO     | __main__:on_log:99 - step=6445 | loss=0.064800 | grad_norm=0.603954 | learning_rate=0.000020 | epoch=0.741742
2026-02-19 06:28:21.470 | INFO     | __main__:on_log:99 - step=6450 | loss=0.086400 | grad_norm=0.613500 | learning_rate=0.000020 | epoch=0.742318
2026-02-19 06:28:29.261 | INFO     | __main__:on_log:99 - step=6455 | loss=0.075500 | grad_norm=0.816306 | learning_rate=0.000020 | epoch=0.742893
2026-02-19 06:28:37.055 | INFO     | __main__:on_log:99 - step=6460 | loss=0.084300 | grad_norm=0.785845 | learning_rate=0.000020 | epoch=0.743469
2026-02-19 06:28:44.847 | INFO     | __main__:on_log:99 - step=6465 | loss=0.083200 | grad_norm=0.663429 | learning_rate=0.000020 | epoch=0.744044
2026-02-19 06:28:52.639 | INFO     | __main__:on_log:99 - step=6470 | loss=0.072600 | grad_norm=0.474970 | learning_rate=0.000020 | epoch=0.744620
2026-02-19 06:29:00.436 | INFO     | __main__:on_log:99 - step=6475 | loss=0.104500 | grad_norm=0.878108 | learning_rate=0.000020 | epoch=0.745195
2026-02-19 06:29:08.232 | INFO     | __main__:on_log:99 - step=6480 | loss=0.076400 | grad_norm=0.668441 | learning_rate=0.000020 | epoch=0.745771
2026-02-19 06:29:16.029 | INFO     | __main__:on_log:99 - step=6485 | loss=0.092000 | grad_norm=0.848834 | learning_rate=0.000020 | epoch=0.746346
2026-02-19 06:29:23.822 | INFO     | __main__:on_log:99 - step=6490 | loss=0.100500 | grad_norm=1.040569 | learning_rate=0.000020 | epoch=0.746921
2026-02-19 06:29:31.615 | INFO     | __main__:on_log:99 - step=6495 | loss=0.081700 | grad_norm=0.570064 | learning_rate=0.000020 | epoch=0.747497
2026-02-19 06:29:39.408 | INFO     | __main__:on_log:99 - step=6500 | loss=0.082800 | grad_norm=0.653005 | learning_rate=0.000020 | epoch=0.748072
2026-02-19 06:29:47.201 | INFO     | __main__:on_log:99 - step=6505 | loss=0.058100 | grad_norm=0.476467 | learning_rate=0.000020 | epoch=0.748648
2026-02-19 06:29:54.993 | INFO     | __main__:on_log:99 - step=6510 | loss=0.085200 | grad_norm=0.702536 | learning_rate=0.000020 | epoch=0.749223
2026-02-19 06:30:02.786 | INFO     | __main__:on_log:99 - step=6515 | loss=0.106900 | grad_norm=0.786577 | learning_rate=0.000020 | epoch=0.749799
2026-02-19 06:30:10.582 | INFO     | __main__:on_log:99 - step=6520 | loss=0.110800 | grad_norm=0.746207 | learning_rate=0.000020 | epoch=0.750374
2026-02-19 06:30:18.375 | INFO     | __main__:on_log:99 - step=6525 | loss=0.102000 | grad_norm=0.683199 | learning_rate=0.000020 | epoch=0.750949
2026-02-19 06:30:26.169 | INFO     | __main__:on_log:99 - step=6530 | loss=0.057000 | grad_norm=0.457349 | learning_rate=0.000020 | epoch=0.751525
2026-02-19 06:30:33.965 | INFO     | __main__:on_log:99 - step=6535 | loss=0.075400 | grad_norm=0.449948 | learning_rate=0.000020 | epoch=0.752100
2026-02-19 06:30:41.755 | INFO     | __main__:on_log:99 - step=6540 | loss=0.108700 | grad_norm=1.207457 | learning_rate=0.000020 | epoch=0.752676
2026-02-19 06:30:49.548 | INFO     | __main__:on_log:99 - step=6545 | loss=0.091900 | grad_norm=0.662252 | learning_rate=0.000020 | epoch=0.753251
2026-02-19 06:30:57.339 | INFO     | __main__:on_log:99 - step=6550 | loss=0.092800 | grad_norm=1.222693 | learning_rate=0.000020 | epoch=0.753827
2026-02-19 06:31:05.133 | INFO     | __main__:on_log:99 - step=6555 | loss=0.085200 | grad_norm=0.695065 | learning_rate=0.000020 | epoch=0.754402
2026-02-19 06:31:12.928 | INFO     | __main__:on_log:99 - step=6560 | loss=0.077300 | grad_norm=0.780979 | learning_rate=0.000020 | epoch=0.754978
2026-02-19 06:31:20.720 | INFO     | __main__:on_log:99 - step=6565 | loss=0.068400 | grad_norm=0.550660 | learning_rate=0.000020 | epoch=0.755553
2026-02-19 06:31:28.512 | INFO     | __main__:on_log:99 - step=6570 | loss=0.082600 | grad_norm=0.560394 | learning_rate=0.000020 | epoch=0.756128
2026-02-19 06:31:36.306 | INFO     | __main__:on_log:99 - step=6575 | loss=0.102300 | grad_norm=0.590823 | learning_rate=0.000020 | epoch=0.756704
2026-02-19 06:31:44.099 | INFO     | __main__:on_log:99 - step=6580 | loss=0.078100 | grad_norm=0.907025 | learning_rate=0.000020 | epoch=0.757279
2026-02-19 06:31:51.895 | INFO     | __main__:on_log:99 - step=6585 | loss=0.101200 | grad_norm=0.801499 | learning_rate=0.000020 | epoch=0.757855
2026-02-19 06:31:59.693 | INFO     | __main__:on_log:99 - step=6590 | loss=0.075600 | grad_norm=0.779486 | learning_rate=0.000020 | epoch=0.758430
2026-02-19 06:32:07.484 | INFO     | __main__:on_log:99 - step=6595 | loss=0.075400 | grad_norm=0.822800 | learning_rate=0.000020 | epoch=0.759006
2026-02-19 06:32:15.276 | INFO     | __main__:on_log:99 - step=6600 | loss=0.090400 | grad_norm=0.760501 | learning_rate=0.000020 | epoch=0.759581
2026-02-19 06:32:23.068 | INFO     | __main__:on_log:99 - step=6605 | loss=0.062300 | grad_norm=0.537482 | learning_rate=0.000020 | epoch=0.760157
2026-02-19 06:32:30.864 | INFO     | __main__:on_log:99 - step=6610 | loss=0.073100 | grad_norm=0.762238 | learning_rate=0.000020 | epoch=0.760732
2026-02-19 06:32:38.657 | INFO     | __main__:on_log:99 - step=6615 | loss=0.084100 | grad_norm=0.938826 | learning_rate=0.000020 | epoch=0.761307
2026-02-19 06:32:46.454 | INFO     | __main__:on_log:99 - step=6620 | loss=0.093700 | grad_norm=0.644120 | learning_rate=0.000020 | epoch=0.761883
2026-02-19 06:32:54.247 | INFO     | __main__:on_log:99 - step=6625 | loss=0.051900 | grad_norm=0.351963 | learning_rate=0.000020 | epoch=0.762458
2026-02-19 06:33:02.041 | INFO     | __main__:on_log:99 - step=6630 | loss=0.076600 | grad_norm=0.603155 | learning_rate=0.000020 | epoch=0.763034
2026-02-19 06:33:09.836 | INFO     | __main__:on_log:99 - step=6635 | loss=0.055000 | grad_norm=0.648019 | learning_rate=0.000020 | epoch=0.763609
2026-02-19 06:33:17.629 | INFO     | __main__:on_log:99 - step=6640 | loss=0.071500 | grad_norm=0.434056 | learning_rate=0.000020 | epoch=0.764185
2026-02-19 06:33:25.425 | INFO     | __main__:on_log:99 - step=6645 | loss=0.072700 | grad_norm=0.665631 | learning_rate=0.000020 | epoch=0.764760
2026-02-19 06:33:33.219 | INFO     | __main__:on_log:99 - step=6650 | loss=0.074100 | grad_norm=0.920662 | learning_rate=0.000019 | epoch=0.765335
2026-02-19 06:33:41.014 | INFO     | __main__:on_log:99 - step=6655 | loss=0.086600 | grad_norm=0.762766 | learning_rate=0.000019 | epoch=0.765911
2026-02-19 06:33:48.810 | INFO     | __main__:on_log:99 - step=6660 | loss=0.100200 | grad_norm=0.964929 | learning_rate=0.000019 | epoch=0.766486
2026-02-19 06:33:56.605 | INFO     | __main__:on_log:99 - step=6665 | loss=0.099300 | grad_norm=0.877506 | learning_rate=0.000019 | epoch=0.767062
2026-02-19 06:34:04.400 | INFO     | __main__:on_log:99 - step=6670 | loss=0.080200 | grad_norm=0.684216 | learning_rate=0.000019 | epoch=0.767637
2026-02-19 06:34:12.198 | INFO     | __main__:on_log:99 - step=6675 | loss=0.056800 | grad_norm=0.643761 | learning_rate=0.000019 | epoch=0.768213
2026-02-19 06:34:19.993 | INFO     | __main__:on_log:99 - step=6680 | loss=0.089500 | grad_norm=0.737365 | learning_rate=0.000019 | epoch=0.768788
2026-02-19 06:34:27.788 | INFO     | __main__:on_log:99 - step=6685 | loss=0.085200 | grad_norm=0.759464 | learning_rate=0.000019 | epoch=0.769364
2026-02-19 06:34:35.585 | INFO     | __main__:on_log:99 - step=6690 | loss=0.081300 | grad_norm=0.617154 | learning_rate=0.000019 | epoch=0.769939
2026-02-19 06:34:43.379 | INFO     | __main__:on_log:99 - step=6695 | loss=0.084700 | grad_norm=0.638289 | learning_rate=0.000019 | epoch=0.770514
2026-02-19 06:34:51.177 | INFO     | __main__:on_log:99 - step=6700 | loss=0.089500 | grad_norm=0.772539 | learning_rate=0.000019 | epoch=0.771090
2026-02-19 06:34:58.969 | INFO     | __main__:on_log:99 - step=6705 | loss=0.080200 | grad_norm=0.751563 | learning_rate=0.000019 | epoch=0.771665
2026-02-19 06:35:06.763 | INFO     | __main__:on_log:99 - step=6710 | loss=0.076100 | grad_norm=0.618426 | learning_rate=0.000019 | epoch=0.772241
2026-02-19 06:35:14.558 | INFO     | __main__:on_log:99 - step=6715 | loss=0.074100 | grad_norm=0.420667 | learning_rate=0.000019 | epoch=0.772816
2026-02-19 06:35:22.350 | INFO     | __main__:on_log:99 - step=6720 | loss=0.121100 | grad_norm=0.583228 | learning_rate=0.000019 | epoch=0.773392
2026-02-19 06:35:30.146 | INFO     | __main__:on_log:99 - step=6725 | loss=0.089600 | grad_norm=0.600851 | learning_rate=0.000019 | epoch=0.773967
2026-02-19 06:35:37.941 | INFO     | __main__:on_log:99 - step=6730 | loss=0.097400 | grad_norm=0.972890 | learning_rate=0.000019 | epoch=0.774543
2026-02-19 06:35:45.737 | INFO     | __main__:on_log:99 - step=6735 | loss=0.091600 | grad_norm=1.131994 | learning_rate=0.000019 | epoch=0.775118
2026-02-19 06:35:53.532 | INFO     | __main__:on_log:99 - step=6740 | loss=0.095200 | grad_norm=0.749944 | learning_rate=0.000019 | epoch=0.775693
2026-02-19 06:36:01.328 | INFO     | __main__:on_log:99 - step=6745 | loss=0.071700 | grad_norm=0.496408 | learning_rate=0.000019 | epoch=0.776269
2026-02-19 06:36:09.125 | INFO     | __main__:on_log:99 - step=6750 | loss=0.063700 | grad_norm=0.611483 | learning_rate=0.000019 | epoch=0.776844
2026-02-19 06:36:16.919 | INFO     | __main__:on_log:99 - step=6755 | loss=0.102100 | grad_norm=0.787080 | learning_rate=0.000019 | epoch=0.777420
2026-02-19 06:36:24.713 | INFO     | __main__:on_log:99 - step=6760 | loss=0.065100 | grad_norm=0.602451 | learning_rate=0.000019 | epoch=0.777995
2026-02-19 06:36:32.508 | INFO     | __main__:on_log:99 - step=6765 | loss=0.080600 | grad_norm=0.794030 | learning_rate=0.000019 | epoch=0.778571
2026-02-19 06:36:40.300 | INFO     | __main__:on_log:99 - step=6770 | loss=0.090500 | grad_norm=0.769389 | learning_rate=0.000019 | epoch=0.779146
2026-02-19 06:36:48.096 | INFO     | __main__:on_log:99 - step=6775 | loss=0.079400 | grad_norm=0.748314 | learning_rate=0.000019 | epoch=0.779721
2026-02-19 06:36:55.893 | INFO     | __main__:on_log:99 - step=6780 | loss=0.075600 | grad_norm=0.904954 | learning_rate=0.000019 | epoch=0.780297
2026-02-19 06:37:03.685 | INFO     | __main__:on_log:99 - step=6785 | loss=0.079000 | grad_norm=0.884915 | learning_rate=0.000019 | epoch=0.780872
2026-02-19 06:37:11.480 | INFO     | __main__:on_log:99 - step=6790 | loss=0.086900 | grad_norm=1.159826 | learning_rate=0.000019 | epoch=0.781448
2026-02-19 06:37:19.273 | INFO     | __main__:on_log:99 - step=6795 | loss=0.051300 | grad_norm=0.552004 | learning_rate=0.000019 | epoch=0.782023
2026-02-19 06:37:27.070 | INFO     | __main__:on_log:99 - step=6800 | loss=0.079000 | grad_norm=0.768788 | learning_rate=0.000019 | epoch=0.782599
2026-02-19 06:37:34.867 | INFO     | __main__:on_log:99 - step=6805 | loss=0.058200 | grad_norm=0.392797 | learning_rate=0.000019 | epoch=0.783174
2026-02-19 06:37:42.660 | INFO     | __main__:on_log:99 - step=6810 | loss=0.068300 | grad_norm=0.709162 | learning_rate=0.000019 | epoch=0.783750
2026-02-19 06:37:50.457 | INFO     | __main__:on_log:99 - step=6815 | loss=0.097200 | grad_norm=0.833222 | learning_rate=0.000019 | epoch=0.784325
2026-02-19 06:37:58.253 | INFO     | __main__:on_log:99 - step=6820 | loss=0.120800 | grad_norm=0.521567 | learning_rate=0.000019 | epoch=0.784900
2026-02-19 06:38:06.050 | INFO     | __main__:on_log:99 - step=6825 | loss=0.103200 | grad_norm=0.735698 | learning_rate=0.000019 | epoch=0.785476
2026-02-19 06:38:13.844 | INFO     | __main__:on_log:99 - step=6830 | loss=0.074300 | grad_norm=0.512962 | learning_rate=0.000019 | epoch=0.786051
2026-02-19 06:38:21.636 | INFO     | __main__:on_log:99 - step=6835 | loss=0.071300 | grad_norm=0.508126 | learning_rate=0.000019 | epoch=0.786627
2026-02-19 06:38:29.432 | INFO     | __main__:on_log:99 - step=6840 | loss=0.085100 | grad_norm=0.467377 | learning_rate=0.000019 | epoch=0.787202
2026-02-19 06:38:37.227 | INFO     | __main__:on_log:99 - step=6845 | loss=0.068200 | grad_norm=0.610613 | learning_rate=0.000019 | epoch=0.787778
2026-02-19 06:38:45.020 | INFO     | __main__:on_log:99 - step=6850 | loss=0.092500 | grad_norm=0.430275 | learning_rate=0.000019 | epoch=0.788353
2026-02-19 06:38:52.814 | INFO     | __main__:on_log:99 - step=6855 | loss=0.091000 | grad_norm=0.389904 | learning_rate=0.000019 | epoch=0.788929
2026-02-19 06:39:00.607 | INFO     | __main__:on_log:99 - step=6860 | loss=0.076400 | grad_norm=0.707551 | learning_rate=0.000019 | epoch=0.789504
2026-02-19 06:39:08.399 | INFO     | __main__:on_log:99 - step=6865 | loss=0.066300 | grad_norm=0.861455 | learning_rate=0.000019 | epoch=0.790079
2026-02-19 06:39:16.191 | INFO     | __main__:on_log:99 - step=6870 | loss=0.078100 | grad_norm=0.791119 | learning_rate=0.000019 | epoch=0.790655
2026-02-19 06:39:23.984 | INFO     | __main__:on_log:99 - step=6875 | loss=0.079900 | grad_norm=0.592459 | learning_rate=0.000019 | epoch=0.791230
2026-02-19 06:39:31.776 | INFO     | __main__:on_log:99 - step=6880 | loss=0.062100 | grad_norm=0.811498 | learning_rate=0.000019 | epoch=0.791806
2026-02-19 06:39:39.568 | INFO     | __main__:on_log:99 - step=6885 | loss=0.113800 | grad_norm=0.973048 | learning_rate=0.000019 | epoch=0.792381
2026-02-19 06:39:47.359 | INFO     | __main__:on_log:99 - step=6890 | loss=0.078500 | grad_norm=0.451810 | learning_rate=0.000019 | epoch=0.792957
2026-02-19 06:39:55.149 | INFO     | __main__:on_log:99 - step=6895 | loss=0.079800 | grad_norm=0.449304 | learning_rate=0.000019 | epoch=0.793532
2026-02-19 06:40:02.947 | INFO     | __main__:on_log:99 - step=6900 | loss=0.049000 | grad_norm=0.415197 | learning_rate=0.000019 | epoch=0.794107
2026-02-19 06:40:10.743 | INFO     | __main__:on_log:99 - step=6905 | loss=0.077600 | grad_norm=0.604689 | learning_rate=0.000019 | epoch=0.794683
2026-02-19 06:40:18.536 | INFO     | __main__:on_log:99 - step=6910 | loss=0.084700 | grad_norm=0.715113 | learning_rate=0.000019 | epoch=0.795258
2026-02-19 06:40:26.335 | INFO     | __main__:on_log:99 - step=6915 | loss=0.067400 | grad_norm=0.825643 | learning_rate=0.000019 | epoch=0.795834
2026-02-19 06:40:34.131 | INFO     | __main__:on_log:99 - step=6920 | loss=0.071600 | grad_norm=0.718119 | learning_rate=0.000019 | epoch=0.796409
2026-02-19 06:40:41.923 | INFO     | __main__:on_log:99 - step=6925 | loss=0.082300 | grad_norm=0.609209 | learning_rate=0.000019 | epoch=0.796985
2026-02-19 06:40:49.717 | INFO     | __main__:on_log:99 - step=6930 | loss=0.096000 | grad_norm=0.741138 | learning_rate=0.000019 | epoch=0.797560
2026-02-19 06:40:57.508 | INFO     | __main__:on_log:99 - step=6935 | loss=0.115000 | grad_norm=0.765498 | learning_rate=0.000019 | epoch=0.798136
2026-02-19 06:41:05.304 | INFO     | __main__:on_log:99 - step=6940 | loss=0.073100 | grad_norm=0.625068 | learning_rate=0.000019 | epoch=0.798711
2026-02-19 06:41:13.101 | INFO     | __main__:on_log:99 - step=6945 | loss=0.110300 | grad_norm=0.487170 | learning_rate=0.000019 | epoch=0.799286
2026-02-19 06:41:20.894 | INFO     | __main__:on_log:99 - step=6950 | loss=0.092300 | grad_norm=0.612383 | learning_rate=0.000019 | epoch=0.799862
2026-02-19 06:41:28.687 | INFO     | __main__:on_log:99 - step=6955 | loss=0.131000 | grad_norm=0.715554 | learning_rate=0.000019 | epoch=0.800437
2026-02-19 06:41:36.483 | INFO     | __main__:on_log:99 - step=6960 | loss=0.073300 | grad_norm=0.527649 | learning_rate=0.000019 | epoch=0.801013
2026-02-19 06:41:44.280 | INFO     | __main__:on_log:99 - step=6965 | loss=0.080300 | grad_norm=0.534326 | learning_rate=0.000019 | epoch=0.801588
2026-02-19 06:41:52.070 | INFO     | __main__:on_log:99 - step=6970 | loss=0.095900 | grad_norm=0.504048 | learning_rate=0.000019 | epoch=0.802164
2026-02-19 06:41:59.866 | INFO     | __main__:on_log:99 - step=6975 | loss=0.076200 | grad_norm=0.611832 | learning_rate=0.000019 | epoch=0.802739
2026-02-19 06:42:07.658 | INFO     | __main__:on_log:99 - step=6980 | loss=0.098400 | grad_norm=0.933600 | learning_rate=0.000019 | epoch=0.803315
2026-02-19 06:42:15.451 | INFO     | __main__:on_log:99 - step=6985 | loss=0.071900 | grad_norm=0.884539 | learning_rate=0.000019 | epoch=0.803890
2026-02-19 06:42:23.245 | INFO     | __main__:on_log:99 - step=6990 | loss=0.066400 | grad_norm=0.729328 | learning_rate=0.000019 | epoch=0.804465
2026-02-19 06:42:31.038 | INFO     | __main__:on_log:99 - step=6995 | loss=0.140800 | grad_norm=0.743339 | learning_rate=0.000019 | epoch=0.805041
2026-02-19 06:42:38.832 | INFO     | __main__:on_log:99 - step=7000 | loss=0.090100 | grad_norm=0.511089 | learning_rate=0.000019 | epoch=0.805616
2026-02-19 06:42:46.628 | INFO     | __main__:on_log:99 - step=7005 | loss=0.067100 | grad_norm=0.516825 | learning_rate=0.000019 | epoch=0.806192
2026-02-19 06:42:54.420 | INFO     | __main__:on_log:99 - step=7010 | loss=0.073500 | grad_norm=0.493421 | learning_rate=0.000019 | epoch=0.806767
2026-02-19 06:43:02.214 | INFO     | __main__:on_log:99 - step=7015 | loss=0.087400 | grad_norm=0.848945 | learning_rate=0.000019 | epoch=0.807343
2026-02-19 06:43:10.010 | INFO     | __main__:on_log:99 - step=7020 | loss=0.119000 | grad_norm=0.869999 | learning_rate=0.000019 | epoch=0.807918
2026-02-19 06:43:17.807 | INFO     | __main__:on_log:99 - step=7025 | loss=0.065400 | grad_norm=0.312350 | learning_rate=0.000019 | epoch=0.808493
2026-02-19 06:43:25.602 | INFO     | __main__:on_log:99 - step=7030 | loss=0.086700 | grad_norm=0.648441 | learning_rate=0.000019 | epoch=0.809069
2026-02-19 06:43:33.400 | INFO     | __main__:on_log:99 - step=7035 | loss=0.093000 | grad_norm=0.635511 | learning_rate=0.000019 | epoch=0.809644
2026-02-19 06:43:41.194 | INFO     | __main__:on_log:99 - step=7040 | loss=0.075400 | grad_norm=0.504049 | learning_rate=0.000019 | epoch=0.810220
2026-02-19 06:43:48.989 | INFO     | __main__:on_log:99 - step=7045 | loss=0.057200 | grad_norm=0.513058 | learning_rate=0.000019 | epoch=0.810795
2026-02-19 06:43:56.783 | INFO     | __main__:on_log:99 - step=7050 | loss=0.072000 | grad_norm=0.708364 | learning_rate=0.000019 | epoch=0.811371
2026-02-19 06:44:04.576 | INFO     | __main__:on_log:99 - step=7055 | loss=0.075900 | grad_norm=1.072555 | learning_rate=0.000019 | epoch=0.811946
2026-02-19 06:44:12.370 | INFO     | __main__:on_log:99 - step=7060 | loss=0.115000 | grad_norm=0.804998 | learning_rate=0.000019 | epoch=0.812522
2026-02-19 06:44:20.162 | INFO     | __main__:on_log:99 - step=7065 | loss=0.120800 | grad_norm=0.684610 | learning_rate=0.000019 | epoch=0.813097
2026-02-19 06:44:27.956 | INFO     | __main__:on_log:99 - step=7070 | loss=0.122000 | grad_norm=0.852047 | learning_rate=0.000019 | epoch=0.813672
2026-02-19 06:44:35.748 | INFO     | __main__:on_log:99 - step=7075 | loss=0.086200 | grad_norm=0.453252 | learning_rate=0.000019 | epoch=0.814248
2026-02-19 06:44:43.544 | INFO     | __main__:on_log:99 - step=7080 | loss=0.055500 | grad_norm=0.504111 | learning_rate=0.000019 | epoch=0.814823
2026-02-19 06:44:51.340 | INFO     | __main__:on_log:99 - step=7085 | loss=0.087900 | grad_norm=0.790246 | learning_rate=0.000019 | epoch=0.815399
2026-02-19 06:44:59.135 | INFO     | __main__:on_log:99 - step=7090 | loss=0.074900 | grad_norm=0.506191 | learning_rate=0.000019 | epoch=0.815974
2026-02-19 06:45:06.929 | INFO     | __main__:on_log:99 - step=7095 | loss=0.101800 | grad_norm=0.642020 | learning_rate=0.000019 | epoch=0.816550
2026-02-19 06:45:14.723 | INFO     | __main__:on_log:99 - step=7100 | loss=0.088600 | grad_norm=0.404445 | learning_rate=0.000019 | epoch=0.817125
2026-02-19 06:45:22.515 | INFO     | __main__:on_log:99 - step=7105 | loss=0.101900 | grad_norm=0.819944 | learning_rate=0.000019 | epoch=0.817701
2026-02-19 06:45:30.309 | INFO     | __main__:on_log:99 - step=7110 | loss=0.106100 | grad_norm=0.696246 | learning_rate=0.000019 | epoch=0.818276
2026-02-19 06:45:38.105 | INFO     | __main__:on_log:99 - step=7115 | loss=0.078600 | grad_norm=0.518075 | learning_rate=0.000019 | epoch=0.818851
2026-02-19 06:45:45.901 | INFO     | __main__:on_log:99 - step=7120 | loss=0.072000 | grad_norm=0.512460 | learning_rate=0.000019 | epoch=0.819427
2026-02-19 06:45:53.695 | INFO     | __main__:on_log:99 - step=7125 | loss=0.095500 | grad_norm=0.804555 | learning_rate=0.000019 | epoch=0.820002
2026-02-19 06:46:01.488 | INFO     | __main__:on_log:99 - step=7130 | loss=0.085900 | grad_norm=0.674097 | learning_rate=0.000019 | epoch=0.820578
2026-02-19 06:46:09.280 | INFO     | __main__:on_log:99 - step=7135 | loss=0.128300 | grad_norm=0.923386 | learning_rate=0.000019 | epoch=0.821153
2026-02-19 06:46:17.070 | INFO     | __main__:on_log:99 - step=7140 | loss=0.075000 | grad_norm=0.464997 | learning_rate=0.000019 | epoch=0.821729
2026-02-19 06:46:24.864 | INFO     | __main__:on_log:99 - step=7145 | loss=0.088100 | grad_norm=0.695806 | learning_rate=0.000019 | epoch=0.822304
2026-02-19 06:46:32.657 | INFO     | __main__:on_log:99 - step=7150 | loss=0.079200 | grad_norm=0.520433 | learning_rate=0.000019 | epoch=0.822880
2026-02-19 06:46:40.450 | INFO     | __main__:on_log:99 - step=7155 | loss=0.088400 | grad_norm=1.030164 | learning_rate=0.000019 | epoch=0.823455
2026-02-19 06:46:48.241 | INFO     | __main__:on_log:99 - step=7160 | loss=0.068900 | grad_norm=0.745558 | learning_rate=0.000019 | epoch=0.824030
2026-02-19 06:46:56.034 | INFO     | __main__:on_log:99 - step=7165 | loss=0.080700 | grad_norm=0.747095 | learning_rate=0.000019 | epoch=0.824606
2026-02-19 06:47:03.831 | INFO     | __main__:on_log:99 - step=7170 | loss=0.086400 | grad_norm=0.717729 | learning_rate=0.000019 | epoch=0.825181
2026-02-19 06:47:11.623 | INFO     | __main__:on_log:99 - step=7175 | loss=0.074400 | grad_norm=0.652469 | learning_rate=0.000019 | epoch=0.825757
2026-02-19 06:47:19.420 | INFO     | __main__:on_log:99 - step=7180 | loss=0.076300 | grad_norm=0.729224 | learning_rate=0.000019 | epoch=0.826332
2026-02-19 06:47:27.214 | INFO     | __main__:on_log:99 - step=7185 | loss=0.119600 | grad_norm=0.913804 | learning_rate=0.000019 | epoch=0.826908
2026-02-19 06:47:35.009 | INFO     | __main__:on_log:99 - step=7190 | loss=0.095000 | grad_norm=1.086274 | learning_rate=0.000019 | epoch=0.827483
2026-02-19 06:47:42.802 | INFO     | __main__:on_log:99 - step=7195 | loss=0.077900 | grad_norm=0.528421 | learning_rate=0.000019 | epoch=0.828058
2026-02-19 06:47:50.596 | INFO     | __main__:on_log:99 - step=7200 | loss=0.065600 | grad_norm=0.476080 | learning_rate=0.000018 | epoch=0.828634
2026-02-19 06:47:58.389 | INFO     | __main__:on_log:99 - step=7205 | loss=0.063700 | grad_norm=1.077113 | learning_rate=0.000018 | epoch=0.829209
2026-02-19 06:48:06.185 | INFO     | __main__:on_log:99 - step=7210 | loss=0.094100 | grad_norm=0.599626 | learning_rate=0.000018 | epoch=0.829785
2026-02-19 06:48:13.978 | INFO     | __main__:on_log:99 - step=7215 | loss=0.075600 | grad_norm=0.477862 | learning_rate=0.000018 | epoch=0.830360
2026-02-19 06:48:21.768 | INFO     | __main__:on_log:99 - step=7220 | loss=0.075000 | grad_norm=0.564227 | learning_rate=0.000018 | epoch=0.830936
2026-02-19 06:48:29.563 | INFO     | __main__:on_log:99 - step=7225 | loss=0.089100 | grad_norm=0.615903 | learning_rate=0.000018 | epoch=0.831511
2026-02-19 06:48:37.356 | INFO     | __main__:on_log:99 - step=7230 | loss=0.069400 | grad_norm=0.571770 | learning_rate=0.000018 | epoch=0.832087
2026-02-19 06:48:45.155 | INFO     | __main__:on_log:99 - step=7235 | loss=0.048700 | grad_norm=0.792149 | learning_rate=0.000018 | epoch=0.832662
2026-02-19 06:48:52.949 | INFO     | __main__:on_log:99 - step=7240 | loss=0.087600 | grad_norm=0.376721 | learning_rate=0.000018 | epoch=0.833237
2026-02-19 06:49:00.740 | INFO     | __main__:on_log:99 - step=7245 | loss=0.093200 | grad_norm=0.794035 | learning_rate=0.000018 | epoch=0.833813
2026-02-19 06:49:08.531 | INFO     | __main__:on_log:99 - step=7250 | loss=0.099900 | grad_norm=0.866933 | learning_rate=0.000018 | epoch=0.834388
2026-02-19 06:49:16.324 | INFO     | __main__:on_log:99 - step=7255 | loss=0.065100 | grad_norm=0.543755 | learning_rate=0.000018 | epoch=0.834964
2026-02-19 06:49:24.118 | INFO     | __main__:on_log:99 - step=7260 | loss=0.066100 | grad_norm=0.655600 | learning_rate=0.000018 | epoch=0.835539
2026-02-19 06:49:31.912 | INFO     | __main__:on_log:99 - step=7265 | loss=0.059500 | grad_norm=0.710491 | learning_rate=0.000018 | epoch=0.836115
2026-02-19 06:49:39.709 | INFO     | __main__:on_log:99 - step=7270 | loss=0.080400 | grad_norm=0.629339 | learning_rate=0.000018 | epoch=0.836690
2026-02-19 06:49:47.501 | INFO     | __main__:on_log:99 - step=7275 | loss=0.082400 | grad_norm=0.841650 | learning_rate=0.000018 | epoch=0.837266
2026-02-19 06:49:55.293 | INFO     | __main__:on_log:99 - step=7280 | loss=0.087300 | grad_norm=0.438237 | learning_rate=0.000018 | epoch=0.837841
2026-02-19 06:50:03.088 | INFO     | __main__:on_log:99 - step=7285 | loss=0.072200 | grad_norm=0.422089 | learning_rate=0.000018 | epoch=0.838416
2026-02-19 06:50:10.885 | INFO     | __main__:on_log:99 - step=7290 | loss=0.082200 | grad_norm=0.593807 | learning_rate=0.000018 | epoch=0.838992
2026-02-19 06:50:18.678 | INFO     | __main__:on_log:99 - step=7295 | loss=0.077500 | grad_norm=0.558582 | learning_rate=0.000018 | epoch=0.839567
2026-02-19 06:50:26.471 | INFO     | __main__:on_log:99 - step=7300 | loss=0.064000 | grad_norm=0.520139 | learning_rate=0.000018 | epoch=0.840143
2026-02-19 06:50:34.266 | INFO     | __main__:on_log:99 - step=7305 | loss=0.078500 | grad_norm=0.784893 | learning_rate=0.000018 | epoch=0.840718
2026-02-19 06:50:42.058 | INFO     | __main__:on_log:99 - step=7310 | loss=0.072600 | grad_norm=0.660418 | learning_rate=0.000018 | epoch=0.841294
2026-02-19 06:50:49.856 | INFO     | __main__:on_log:99 - step=7315 | loss=0.089000 | grad_norm=0.825258 | learning_rate=0.000018 | epoch=0.841869
2026-02-19 06:50:57.650 | INFO     | __main__:on_log:99 - step=7320 | loss=0.072400 | grad_norm=0.606960 | learning_rate=0.000018 | epoch=0.842444
2026-02-19 06:51:05.440 | INFO     | __main__:on_log:99 - step=7325 | loss=0.063200 | grad_norm=0.574245 | learning_rate=0.000018 | epoch=0.843020
2026-02-19 06:51:13.232 | INFO     | __main__:on_log:99 - step=7330 | loss=0.076100 | grad_norm=0.433888 | learning_rate=0.000018 | epoch=0.843595
2026-02-19 06:51:21.023 | INFO     | __main__:on_log:99 - step=7335 | loss=0.103200 | grad_norm=0.886824 | learning_rate=0.000018 | epoch=0.844171
2026-02-19 06:51:28.817 | INFO     | __main__:on_log:99 - step=7340 | loss=0.072800 | grad_norm=0.496268 | learning_rate=0.000018 | epoch=0.844746
2026-02-19 06:51:36.611 | INFO     | __main__:on_log:99 - step=7345 | loss=0.063900 | grad_norm=0.512552 | learning_rate=0.000018 | epoch=0.845322
2026-02-19 06:51:44.419 | INFO     | __main__:on_log:99 - step=7350 | loss=0.085700 | grad_norm=1.076604 | learning_rate=0.000018 | epoch=0.845897
2026-02-19 06:51:52.210 | INFO     | __main__:on_log:99 - step=7355 | loss=0.061000 | grad_norm=0.534208 | learning_rate=0.000018 | epoch=0.846473
2026-02-19 06:52:00.008 | INFO     | __main__:on_log:99 - step=7360 | loss=0.078000 | grad_norm=0.886095 | learning_rate=0.000018 | epoch=0.847048
2026-02-19 06:52:07.803 | INFO     | __main__:on_log:99 - step=7365 | loss=0.094300 | grad_norm=1.295617 | learning_rate=0.000018 | epoch=0.847623
2026-02-19 06:52:15.597 | INFO     | __main__:on_log:99 - step=7370 | loss=0.054000 | grad_norm=0.485245 | learning_rate=0.000018 | epoch=0.848199
2026-02-19 06:52:23.391 | INFO     | __main__:on_log:99 - step=7375 | loss=0.057300 | grad_norm=0.480767 | learning_rate=0.000018 | epoch=0.848774
2026-02-19 06:52:31.185 | INFO     | __main__:on_log:99 - step=7380 | loss=0.074000 | grad_norm=0.599577 | learning_rate=0.000018 | epoch=0.849350
2026-02-19 06:52:38.983 | INFO     | __main__:on_log:99 - step=7385 | loss=0.110000 | grad_norm=0.676518 | learning_rate=0.000018 | epoch=0.849925
2026-02-19 06:52:46.774 | INFO     | __main__:on_log:99 - step=7390 | loss=0.081100 | grad_norm=0.604883 | learning_rate=0.000018 | epoch=0.850501
2026-02-19 06:52:54.566 | INFO     | __main__:on_log:99 - step=7395 | loss=0.075400 | grad_norm=0.539704 | learning_rate=0.000018 | epoch=0.851076
2026-02-19 06:53:02.361 | INFO     | __main__:on_log:99 - step=7400 | loss=0.073000 | grad_norm=0.437879 | learning_rate=0.000018 | epoch=0.851652
2026-02-19 06:53:10.153 | INFO     | __main__:on_log:99 - step=7405 | loss=0.078300 | grad_norm=0.567593 | learning_rate=0.000018 | epoch=0.852227
2026-02-19 06:53:17.944 | INFO     | __main__:on_log:99 - step=7410 | loss=0.091100 | grad_norm=0.534226 | learning_rate=0.000018 | epoch=0.852802
2026-02-19 06:53:25.739 | INFO     | __main__:on_log:99 - step=7415 | loss=0.076100 | grad_norm=0.766545 | learning_rate=0.000018 | epoch=0.853378
2026-02-19 06:53:33.531 | INFO     | __main__:on_log:99 - step=7420 | loss=0.079700 | grad_norm=0.583449 | learning_rate=0.000018 | epoch=0.853953
2026-02-19 06:53:41.325 | INFO     | __main__:on_log:99 - step=7425 | loss=0.082000 | grad_norm=0.784143 | learning_rate=0.000018 | epoch=0.854529
2026-02-19 06:53:49.119 | INFO     | __main__:on_log:99 - step=7430 | loss=0.093600 | grad_norm=0.748580 | learning_rate=0.000018 | epoch=0.855104
2026-02-19 06:53:56.914 | INFO     | __main__:on_log:99 - step=7435 | loss=0.079900 | grad_norm=0.938434 | learning_rate=0.000018 | epoch=0.855680
2026-02-19 06:54:04.707 | INFO     | __main__:on_log:99 - step=7440 | loss=0.074000 | grad_norm=0.799192 | learning_rate=0.000018 | epoch=0.856255
2026-02-19 06:54:12.503 | INFO     | __main__:on_log:99 - step=7445 | loss=0.068700 | grad_norm=0.651034 | learning_rate=0.000018 | epoch=0.856830
2026-02-19 06:54:20.296 | INFO     | __main__:on_log:99 - step=7450 | loss=0.085200 | grad_norm=0.541639 | learning_rate=0.000018 | epoch=0.857406
2026-02-19 06:54:28.092 | INFO     | __main__:on_log:99 - step=7455 | loss=0.102500 | grad_norm=0.643971 | learning_rate=0.000018 | epoch=0.857981
2026-02-19 06:54:35.885 | INFO     | __main__:on_log:99 - step=7460 | loss=0.087700 | grad_norm=0.730487 | learning_rate=0.000018 | epoch=0.858557
2026-02-19 06:54:43.680 | INFO     | __main__:on_log:99 - step=7465 | loss=0.078000 | grad_norm=0.596792 | learning_rate=0.000018 | epoch=0.859132
2026-02-19 06:54:51.474 | INFO     | __main__:on_log:99 - step=7470 | loss=0.095200 | grad_norm=0.543754 | learning_rate=0.000018 | epoch=0.859708
2026-02-19 06:54:59.271 | INFO     | __main__:on_log:99 - step=7475 | loss=0.093500 | grad_norm=0.632700 | learning_rate=0.000018 | epoch=0.860283
2026-02-19 06:55:07.063 | INFO     | __main__:on_log:99 - step=7480 | loss=0.082300 | grad_norm=0.661559 | learning_rate=0.000018 | epoch=0.860859
2026-02-19 06:55:14.860 | INFO     | __main__:on_log:99 - step=7485 | loss=0.078600 | grad_norm=0.778777 | learning_rate=0.000018 | epoch=0.861434
2026-02-19 06:55:22.654 | INFO     | __main__:on_log:99 - step=7490 | loss=0.089000 | grad_norm=0.633800 | learning_rate=0.000018 | epoch=0.862009
2026-02-19 06:55:30.449 | INFO     | __main__:on_log:99 - step=7495 | loss=0.051000 | grad_norm=0.569647 | learning_rate=0.000018 | epoch=0.862585
2026-02-19 06:55:38.244 | INFO     | __main__:on_log:99 - step=7500 | loss=0.080300 | grad_norm=0.404758 | learning_rate=0.000018 | epoch=0.863160
2026-02-19 06:55:46.039 | INFO     | __main__:on_log:99 - step=7505 | loss=0.068400 | grad_norm=0.886348 | learning_rate=0.000018 | epoch=0.863736
2026-02-19 06:55:53.835 | INFO     | __main__:on_log:99 - step=7510 | loss=0.069700 | grad_norm=0.485264 | learning_rate=0.000018 | epoch=0.864311
2026-02-19 06:56:01.631 | INFO     | __main__:on_log:99 - step=7515 | loss=0.075000 | grad_norm=0.948768 | learning_rate=0.000018 | epoch=0.864887
2026-02-19 06:56:09.427 | INFO     | __main__:on_log:99 - step=7520 | loss=0.107900 | grad_norm=0.568744 | learning_rate=0.000018 | epoch=0.865462
2026-02-19 06:56:17.223 | INFO     | __main__:on_log:99 - step=7525 | loss=0.089400 | grad_norm=0.889055 | learning_rate=0.000018 | epoch=0.866038
2026-02-19 06:56:25.016 | INFO     | __main__:on_log:99 - step=7530 | loss=0.095500 | grad_norm=0.659220 | learning_rate=0.000018 | epoch=0.866613
2026-02-19 06:56:32.809 | INFO     | __main__:on_log:99 - step=7535 | loss=0.068100 | grad_norm=0.570646 | learning_rate=0.000018 | epoch=0.867188
2026-02-19 06:56:40.602 | INFO     | __main__:on_log:99 - step=7540 | loss=0.088100 | grad_norm=0.548718 | learning_rate=0.000018 | epoch=0.867764
2026-02-19 06:56:48.394 | INFO     | __main__:on_log:99 - step=7545 | loss=0.088400 | grad_norm=0.792596 | learning_rate=0.000018 | epoch=0.868339
2026-02-19 06:56:56.190 | INFO     | __main__:on_log:99 - step=7550 | loss=0.062400 | grad_norm=0.843087 | learning_rate=0.000018 | epoch=0.868915
2026-02-19 06:57:03.984 | INFO     | __main__:on_log:99 - step=7555 | loss=0.060800 | grad_norm=0.422769 | learning_rate=0.000018 | epoch=0.869490
2026-02-19 06:57:11.777 | INFO     | __main__:on_log:99 - step=7560 | loss=0.073100 | grad_norm=0.564277 | learning_rate=0.000018 | epoch=0.870066
2026-02-19 06:57:19.570 | INFO     | __main__:on_log:99 - step=7565 | loss=0.092300 | grad_norm=0.847571 | learning_rate=0.000018 | epoch=0.870641
2026-02-19 06:57:27.363 | INFO     | __main__:on_log:99 - step=7570 | loss=0.099000 | grad_norm=0.584308 | learning_rate=0.000018 | epoch=0.871216
2026-02-19 06:57:35.392 | INFO     | __main__:on_log:99 - step=7575 | loss=0.102300 | grad_norm=0.480098 | learning_rate=0.000018 | epoch=0.871792
2026-02-19 06:57:43.186 | INFO     | __main__:on_log:99 - step=7580 | loss=0.089200 | grad_norm=0.690114 | learning_rate=0.000018 | epoch=0.872367
2026-02-19 06:57:50.980 | INFO     | __main__:on_log:99 - step=7585 | loss=0.083000 | grad_norm=0.809539 | learning_rate=0.000018 | epoch=0.872943
2026-02-19 06:57:58.778 | INFO     | __main__:on_log:99 - step=7590 | loss=0.077300 | grad_norm=0.639660 | learning_rate=0.000018 | epoch=0.873518
2026-02-19 06:58:06.575 | INFO     | __main__:on_log:99 - step=7595 | loss=0.070700 | grad_norm=0.664568 | learning_rate=0.000018 | epoch=0.874094
2026-02-19 06:58:14.373 | INFO     | __main__:on_log:99 - step=7600 | loss=0.086700 | grad_norm=0.557126 | learning_rate=0.000018 | epoch=0.874669
2026-02-19 06:58:22.164 | INFO     | __main__:on_log:99 - step=7605 | loss=0.102500 | grad_norm=0.678528 | learning_rate=0.000018 | epoch=0.875245
2026-02-19 06:58:29.955 | INFO     | __main__:on_log:99 - step=7610 | loss=0.082400 | grad_norm=0.693667 | learning_rate=0.000018 | epoch=0.875820
2026-02-19 06:58:37.750 | INFO     | __main__:on_log:99 - step=7615 | loss=0.099100 | grad_norm=0.809236 | learning_rate=0.000018 | epoch=0.876395
2026-02-19 06:58:45.543 | INFO     | __main__:on_log:99 - step=7620 | loss=0.086300 | grad_norm=0.555642 | learning_rate=0.000018 | epoch=0.876971
2026-02-19 06:58:53.336 | INFO     | __main__:on_log:99 - step=7625 | loss=0.078000 | grad_norm=0.604082 | learning_rate=0.000018 | epoch=0.877546
2026-02-19 06:59:01.130 | INFO     | __main__:on_log:99 - step=7630 | loss=0.082000 | grad_norm=0.546141 | learning_rate=0.000018 | epoch=0.878122
2026-02-19 06:59:08.924 | INFO     | __main__:on_log:99 - step=7635 | loss=0.089200 | grad_norm=1.274607 | learning_rate=0.000018 | epoch=0.878697
2026-02-19 06:59:16.717 | INFO     | __main__:on_log:99 - step=7640 | loss=0.086900 | grad_norm=0.820504 | learning_rate=0.000018 | epoch=0.879273
2026-02-19 06:59:24.512 | INFO     | __main__:on_log:99 - step=7645 | loss=0.056600 | grad_norm=0.422422 | learning_rate=0.000018 | epoch=0.879848
2026-02-19 06:59:32.308 | INFO     | __main__:on_log:99 - step=7650 | loss=0.105700 | grad_norm=1.320437 | learning_rate=0.000018 | epoch=0.880424
2026-02-19 06:59:40.104 | INFO     | __main__:on_log:99 - step=7655 | loss=0.074100 | grad_norm=0.519017 | learning_rate=0.000018 | epoch=0.880999
2026-02-19 06:59:47.895 | INFO     | __main__:on_log:99 - step=7660 | loss=0.078100 | grad_norm=0.532703 | learning_rate=0.000018 | epoch=0.881574
2026-02-19 06:59:55.689 | INFO     | __main__:on_log:99 - step=7665 | loss=0.075700 | grad_norm=0.561119 | learning_rate=0.000018 | epoch=0.882150
2026-02-19 07:00:03.484 | INFO     | __main__:on_log:99 - step=7670 | loss=0.087300 | grad_norm=0.806233 | learning_rate=0.000018 | epoch=0.882725
2026-02-19 07:00:11.278 | INFO     | __main__:on_log:99 - step=7675 | loss=0.102100 | grad_norm=0.731410 | learning_rate=0.000018 | epoch=0.883301
2026-02-19 07:00:19.073 | INFO     | __main__:on_log:99 - step=7680 | loss=0.075700 | grad_norm=0.643242 | learning_rate=0.000018 | epoch=0.883876
2026-02-19 07:00:26.871 | INFO     | __main__:on_log:99 - step=7685 | loss=0.059100 | grad_norm=0.458530 | learning_rate=0.000018 | epoch=0.884452
2026-02-19 07:00:34.665 | INFO     | __main__:on_log:99 - step=7690 | loss=0.071600 | grad_norm=0.875426 | learning_rate=0.000018 | epoch=0.885027
2026-02-19 07:00:42.479 | INFO     | __main__:on_log:99 - step=7695 | loss=0.053100 | grad_norm=0.662286 | learning_rate=0.000018 | epoch=0.885602
2026-02-19 07:00:50.275 | INFO     | __main__:on_log:99 - step=7700 | loss=0.089700 | grad_norm=0.650365 | learning_rate=0.000018 | epoch=0.886178
2026-02-19 07:00:58.070 | INFO     | __main__:on_log:99 - step=7705 | loss=0.091000 | grad_norm=0.741616 | learning_rate=0.000018 | epoch=0.886753
2026-02-19 07:01:05.866 | INFO     | __main__:on_log:99 - step=7710 | loss=0.073400 | grad_norm=0.539962 | learning_rate=0.000018 | epoch=0.887329
2026-02-19 07:01:13.661 | INFO     | __main__:on_log:99 - step=7715 | loss=0.082100 | grad_norm=0.522276 | learning_rate=0.000018 | epoch=0.887904
2026-02-19 07:01:21.454 | INFO     | __main__:on_log:99 - step=7720 | loss=0.097900 | grad_norm=0.654094 | learning_rate=0.000018 | epoch=0.888480
2026-02-19 07:01:29.247 | INFO     | __main__:on_log:99 - step=7725 | loss=0.060000 | grad_norm=0.545716 | learning_rate=0.000018 | epoch=0.889055
2026-02-19 07:01:37.039 | INFO     | __main__:on_log:99 - step=7730 | loss=0.075800 | grad_norm=0.480069 | learning_rate=0.000018 | epoch=0.889631
2026-02-19 07:01:44.834 | INFO     | __main__:on_log:99 - step=7735 | loss=0.099400 | grad_norm=0.582765 | learning_rate=0.000018 | epoch=0.890206
2026-02-19 07:01:52.627 | INFO     | __main__:on_log:99 - step=7740 | loss=0.078600 | grad_norm=0.813701 | learning_rate=0.000018 | epoch=0.890781
2026-02-19 07:02:00.419 | INFO     | __main__:on_log:99 - step=7745 | loss=0.074200 | grad_norm=0.877443 | learning_rate=0.000018 | epoch=0.891357
2026-02-19 07:02:08.212 | INFO     | __main__:on_log:99 - step=7750 | loss=0.098800 | grad_norm=0.712792 | learning_rate=0.000017 | epoch=0.891932
2026-02-19 07:02:16.007 | INFO     | __main__:on_log:99 - step=7755 | loss=0.070800 | grad_norm=0.617620 | learning_rate=0.000017 | epoch=0.892508
2026-02-19 07:02:23.799 | INFO     | __main__:on_log:99 - step=7760 | loss=0.102900 | grad_norm=0.631521 | learning_rate=0.000017 | epoch=0.893083
2026-02-19 07:02:31.593 | INFO     | __main__:on_log:99 - step=7765 | loss=0.107800 | grad_norm=0.622076 | learning_rate=0.000017 | epoch=0.893659
2026-02-19 07:02:39.386 | INFO     | __main__:on_log:99 - step=7770 | loss=0.099300 | grad_norm=0.689760 | learning_rate=0.000017 | epoch=0.894234
2026-02-19 07:02:47.179 | INFO     | __main__:on_log:99 - step=7775 | loss=0.074700 | grad_norm=0.728092 | learning_rate=0.000017 | epoch=0.894810
2026-02-19 07:02:54.974 | INFO     | __main__:on_log:99 - step=7780 | loss=0.057600 | grad_norm=0.746950 | learning_rate=0.000017 | epoch=0.895385
2026-02-19 07:03:02.765 | INFO     | __main__:on_log:99 - step=7785 | loss=0.101500 | grad_norm=0.493739 | learning_rate=0.000017 | epoch=0.895960
2026-02-19 07:03:10.560 | INFO     | __main__:on_log:99 - step=7790 | loss=0.073500 | grad_norm=0.977407 | learning_rate=0.000017 | epoch=0.896536
2026-02-19 07:03:18.353 | INFO     | __main__:on_log:99 - step=7795 | loss=0.079100 | grad_norm=0.752684 | learning_rate=0.000017 | epoch=0.897111
2026-02-19 07:03:26.147 | INFO     | __main__:on_log:99 - step=7800 | loss=0.104200 | grad_norm=0.604554 | learning_rate=0.000017 | epoch=0.897687
2026-02-19 07:03:33.940 | INFO     | __main__:on_log:99 - step=7805 | loss=0.096200 | grad_norm=0.884837 | learning_rate=0.000017 | epoch=0.898262
2026-02-19 07:03:41.733 | INFO     | __main__:on_log:99 - step=7810 | loss=0.075000 | grad_norm=0.548520 | learning_rate=0.000017 | epoch=0.898838
2026-02-19 07:03:49.526 | INFO     | __main__:on_log:99 - step=7815 | loss=0.077700 | grad_norm=0.450381 | learning_rate=0.000017 | epoch=0.899413
2026-02-19 07:03:57.319 | INFO     | __main__:on_log:99 - step=7820 | loss=0.100100 | grad_norm=0.889867 | learning_rate=0.000017 | epoch=0.899988
2026-02-19 07:04:05.112 | INFO     | __main__:on_log:99 - step=7825 | loss=0.073200 | grad_norm=0.558157 | learning_rate=0.000017 | epoch=0.900564
2026-02-19 07:04:12.905 | INFO     | __main__:on_log:99 - step=7830 | loss=0.057600 | grad_norm=1.082436 | learning_rate=0.000017 | epoch=0.901139
2026-02-19 07:04:20.697 | INFO     | __main__:on_log:99 - step=7835 | loss=0.077700 | grad_norm=0.637260 | learning_rate=0.000017 | epoch=0.901715
2026-02-19 07:04:28.492 | INFO     | __main__:on_log:99 - step=7840 | loss=0.064900 | grad_norm=0.487773 | learning_rate=0.000017 | epoch=0.902290
2026-02-19 07:04:36.282 | INFO     | __main__:on_log:99 - step=7845 | loss=0.095100 | grad_norm=0.600789 | learning_rate=0.000017 | epoch=0.902866
2026-02-19 07:04:44.075 | INFO     | __main__:on_log:99 - step=7850 | loss=0.105200 | grad_norm=0.672488 | learning_rate=0.000017 | epoch=0.903441
2026-02-19 07:04:51.869 | INFO     | __main__:on_log:99 - step=7855 | loss=0.100700 | grad_norm=0.636450 | learning_rate=0.000017 | epoch=0.904017
2026-02-19 07:04:59.662 | INFO     | __main__:on_log:99 - step=7860 | loss=0.078900 | grad_norm=0.573930 | learning_rate=0.000017 | epoch=0.904592
2026-02-19 07:05:07.454 | INFO     | __main__:on_log:99 - step=7865 | loss=0.104900 | grad_norm=0.736454 | learning_rate=0.000017 | epoch=0.905167
2026-02-19 07:05:15.247 | INFO     | __main__:on_log:99 - step=7870 | loss=0.061500 | grad_norm=0.440698 | learning_rate=0.000017 | epoch=0.905743
2026-02-19 07:05:23.040 | INFO     | __main__:on_log:99 - step=7875 | loss=0.082600 | grad_norm=0.525645 | learning_rate=0.000017 | epoch=0.906318
2026-02-19 07:05:30.836 | INFO     | __main__:on_log:99 - step=7880 | loss=0.056200 | grad_norm=0.543392 | learning_rate=0.000017 | epoch=0.906894
2026-02-19 07:05:38.631 | INFO     | __main__:on_log:99 - step=7885 | loss=0.074900 | grad_norm=0.529442 | learning_rate=0.000017 | epoch=0.907469
2026-02-19 07:05:46.429 | INFO     | __main__:on_log:99 - step=7890 | loss=0.070800 | grad_norm=0.754836 | learning_rate=0.000017 | epoch=0.908045
2026-02-19 07:05:54.224 | INFO     | __main__:on_log:99 - step=7895 | loss=0.061700 | grad_norm=0.536010 | learning_rate=0.000017 | epoch=0.908620
2026-02-19 07:06:02.020 | INFO     | __main__:on_log:99 - step=7900 | loss=0.081700 | grad_norm=0.634228 | learning_rate=0.000017 | epoch=0.909196
2026-02-19 07:06:09.811 | INFO     | __main__:on_log:99 - step=7905 | loss=0.083100 | grad_norm=0.542414 | learning_rate=0.000017 | epoch=0.909771
2026-02-19 07:06:17.606 | INFO     | __main__:on_log:99 - step=7910 | loss=0.098900 | grad_norm=0.672013 | learning_rate=0.000017 | epoch=0.910346
2026-02-19 07:06:25.400 | INFO     | __main__:on_log:99 - step=7915 | loss=0.076100 | grad_norm=0.593997 | learning_rate=0.000017 | epoch=0.910922
2026-02-19 07:06:33.195 | INFO     | __main__:on_log:99 - step=7920 | loss=0.064300 | grad_norm=0.548210 | learning_rate=0.000017 | epoch=0.911497
2026-02-19 07:06:40.993 | INFO     | __main__:on_log:99 - step=7925 | loss=0.076100 | grad_norm=0.481545 | learning_rate=0.000017 | epoch=0.912073
2026-02-19 07:06:48.788 | INFO     | __main__:on_log:99 - step=7930 | loss=0.059300 | grad_norm=0.545881 | learning_rate=0.000017 | epoch=0.912648
2026-02-19 07:06:56.581 | INFO     | __main__:on_log:99 - step=7935 | loss=0.070600 | grad_norm=0.522724 | learning_rate=0.000017 | epoch=0.913224
2026-02-19 07:07:04.373 | INFO     | __main__:on_log:99 - step=7940 | loss=0.065800 | grad_norm=0.469917 | learning_rate=0.000017 | epoch=0.913799
2026-02-19 07:07:12.167 | INFO     | __main__:on_log:99 - step=7945 | loss=0.097200 | grad_norm=1.182598 | learning_rate=0.000017 | epoch=0.914374
2026-02-19 07:07:19.959 | INFO     | __main__:on_log:99 - step=7950 | loss=0.074100 | grad_norm=0.643866 | learning_rate=0.000017 | epoch=0.914950
2026-02-19 07:07:27.751 | INFO     | __main__:on_log:99 - step=7955 | loss=0.070400 | grad_norm=0.655545 | learning_rate=0.000017 | epoch=0.915525
2026-02-19 07:07:35.542 | INFO     | __main__:on_log:99 - step=7960 | loss=0.103600 | grad_norm=0.533175 | learning_rate=0.000017 | epoch=0.916101
2026-02-19 07:07:43.333 | INFO     | __main__:on_log:99 - step=7965 | loss=0.054800 | grad_norm=0.529067 | learning_rate=0.000017 | epoch=0.916676
2026-02-19 07:07:51.125 | INFO     | __main__:on_log:99 - step=7970 | loss=0.081000 | grad_norm=0.528742 | learning_rate=0.000017 | epoch=0.917252
2026-02-19 07:07:58.915 | INFO     | __main__:on_log:99 - step=7975 | loss=0.076200 | grad_norm=0.686512 | learning_rate=0.000017 | epoch=0.917827
2026-02-19 07:08:06.709 | INFO     | __main__:on_log:99 - step=7980 | loss=0.092200 | grad_norm=0.805603 | learning_rate=0.000017 | epoch=0.918403
2026-02-19 07:08:14.500 | INFO     | __main__:on_log:99 - step=7985 | loss=0.077500 | grad_norm=0.621293 | learning_rate=0.000017 | epoch=0.918978
2026-02-19 07:08:22.292 | INFO     | __main__:on_log:99 - step=7990 | loss=0.077700 | grad_norm=0.641295 | learning_rate=0.000017 | epoch=0.919553
2026-02-19 07:08:30.085 | INFO     | __main__:on_log:99 - step=7995 | loss=0.071600 | grad_norm=0.493601 | learning_rate=0.000017 | epoch=0.920129
2026-02-19 07:08:37.875 | INFO     | __main__:on_log:99 - step=8000 | loss=0.077700 | grad_norm=0.708055 | learning_rate=0.000017 | epoch=0.920704
2026-02-19 07:08:45.665 | INFO     | __main__:on_log:99 - step=8005 | loss=0.101200 | grad_norm=0.572182 | learning_rate=0.000017 | epoch=0.921280
2026-02-19 07:08:53.460 | INFO     | __main__:on_log:99 - step=8010 | loss=0.075200 | grad_norm=0.819119 | learning_rate=0.000017 | epoch=0.921855
2026-02-19 07:09:01.252 | INFO     | __main__:on_log:99 - step=8015 | loss=0.087000 | grad_norm=0.877779 | learning_rate=0.000017 | epoch=0.922431
2026-02-19 07:09:09.050 | INFO     | __main__:on_log:99 - step=8020 | loss=0.084600 | grad_norm=0.577585 | learning_rate=0.000017 | epoch=0.923006
2026-02-19 07:09:16.846 | INFO     | __main__:on_log:99 - step=8025 | loss=0.073200 | grad_norm=0.748953 | learning_rate=0.000017 | epoch=0.923582
2026-02-19 07:09:24.645 | INFO     | __main__:on_log:99 - step=8030 | loss=0.078200 | grad_norm=0.735770 | learning_rate=0.000017 | epoch=0.924157
2026-02-19 07:09:32.438 | INFO     | __main__:on_log:99 - step=8035 | loss=0.072100 | grad_norm=0.468637 | learning_rate=0.000017 | epoch=0.924732
2026-02-19 07:09:40.233 | INFO     | __main__:on_log:99 - step=8040 | loss=0.094900 | grad_norm=0.909082 | learning_rate=0.000017 | epoch=0.925308
2026-02-19 07:09:48.026 | INFO     | __main__:on_log:99 - step=8045 | loss=0.099000 | grad_norm=1.166261 | learning_rate=0.000017 | epoch=0.925883
2026-02-19 07:09:55.818 | INFO     | __main__:on_log:99 - step=8050 | loss=0.094200 | grad_norm=0.802247 | learning_rate=0.000017 | epoch=0.926459
2026-02-19 07:10:03.611 | INFO     | __main__:on_log:99 - step=8055 | loss=0.109700 | grad_norm=0.731260 | learning_rate=0.000017 | epoch=0.927034
2026-02-19 07:10:11.140 | INFO     | __main__:on_log:99 - step=8060 | loss=0.086200 | grad_norm=1.177527 | learning_rate=0.000017 | epoch=0.927610
2026-02-19 07:10:18.935 | INFO     | __main__:on_log:99 - step=8065 | loss=0.109900 | grad_norm=0.779258 | learning_rate=0.000017 | epoch=0.928185
2026-02-19 07:10:26.732 | INFO     | __main__:on_log:99 - step=8070 | loss=0.094800 | grad_norm=0.902651 | learning_rate=0.000017 | epoch=0.928761
2026-02-19 07:10:34.523 | INFO     | __main__:on_log:99 - step=8075 | loss=0.081100 | grad_norm=0.544614 | learning_rate=0.000017 | epoch=0.929336
2026-02-19 07:10:42.314 | INFO     | __main__:on_log:99 - step=8080 | loss=0.086500 | grad_norm=1.060076 | learning_rate=0.000017 | epoch=0.929911
2026-02-19 07:10:50.105 | INFO     | __main__:on_log:99 - step=8085 | loss=0.078200 | grad_norm=0.525354 | learning_rate=0.000017 | epoch=0.930487
2026-02-19 07:10:57.898 | INFO     | __main__:on_log:99 - step=8090 | loss=0.058200 | grad_norm=0.731803 | learning_rate=0.000017 | epoch=0.931062
2026-02-19 07:11:05.693 | INFO     | __main__:on_log:99 - step=8095 | loss=0.099900 | grad_norm=0.619618 | learning_rate=0.000017 | epoch=0.931638
2026-02-19 07:11:13.487 | INFO     | __main__:on_log:99 - step=8100 | loss=0.084600 | grad_norm=0.484077 | learning_rate=0.000017 | epoch=0.932213
2026-02-19 07:11:21.278 | INFO     | __main__:on_log:99 - step=8105 | loss=0.099400 | grad_norm=0.746285 | learning_rate=0.000017 | epoch=0.932789
2026-02-19 07:11:29.074 | INFO     | __main__:on_log:99 - step=8110 | loss=0.091100 | grad_norm=0.831213 | learning_rate=0.000017 | epoch=0.933364
2026-02-19 07:11:36.866 | INFO     | __main__:on_log:99 - step=8115 | loss=0.083800 | grad_norm=0.874295 | learning_rate=0.000017 | epoch=0.933939
2026-02-19 07:11:44.661 | INFO     | __main__:on_log:99 - step=8120 | loss=0.061200 | grad_norm=0.811351 | learning_rate=0.000017 | epoch=0.934515
2026-02-19 07:11:52.455 | INFO     | __main__:on_log:99 - step=8125 | loss=0.083400 | grad_norm=0.709042 | learning_rate=0.000017 | epoch=0.935090
2026-02-19 07:12:00.251 | INFO     | __main__:on_log:99 - step=8130 | loss=0.072200 | grad_norm=0.913651 | learning_rate=0.000017 | epoch=0.935666
2026-02-19 07:12:08.045 | INFO     | __main__:on_log:99 - step=8135 | loss=0.076100 | grad_norm=0.640203 | learning_rate=0.000017 | epoch=0.936241
2026-02-19 07:12:15.839 | INFO     | __main__:on_log:99 - step=8140 | loss=0.086200 | grad_norm=0.614884 | learning_rate=0.000017 | epoch=0.936817
2026-02-19 07:12:23.636 | INFO     | __main__:on_log:99 - step=8145 | loss=0.074600 | grad_norm=0.582521 | learning_rate=0.000017 | epoch=0.937392
2026-02-19 07:12:31.430 | INFO     | __main__:on_log:99 - step=8150 | loss=0.109600 | grad_norm=0.898002 | learning_rate=0.000017 | epoch=0.937968
2026-02-19 07:12:39.221 | INFO     | __main__:on_log:99 - step=8155 | loss=0.074200 | grad_norm=0.416335 | learning_rate=0.000017 | epoch=0.938543
2026-02-19 07:12:47.013 | INFO     | __main__:on_log:99 - step=8160 | loss=0.122900 | grad_norm=0.697311 | learning_rate=0.000017 | epoch=0.939118
2026-02-19 07:12:54.804 | INFO     | __main__:on_log:99 - step=8165 | loss=0.054700 | grad_norm=0.554702 | learning_rate=0.000017 | epoch=0.939694
2026-02-19 07:13:02.597 | INFO     | __main__:on_log:99 - step=8170 | loss=0.088700 | grad_norm=0.655354 | learning_rate=0.000017 | epoch=0.940269
2026-02-19 07:13:10.390 | INFO     | __main__:on_log:99 - step=8175 | loss=0.060500 | grad_norm=0.702807 | learning_rate=0.000017 | epoch=0.940845
2026-02-19 07:13:18.183 | INFO     | __main__:on_log:99 - step=8180 | loss=0.074300 | grad_norm=0.920783 | learning_rate=0.000017 | epoch=0.941420
2026-02-19 07:13:25.975 | INFO     | __main__:on_log:99 - step=8185 | loss=0.065200 | grad_norm=0.519764 | learning_rate=0.000017 | epoch=0.941996
2026-02-19 07:13:33.767 | INFO     | __main__:on_log:99 - step=8190 | loss=0.084200 | grad_norm=0.643522 | learning_rate=0.000017 | epoch=0.942571
2026-02-19 07:13:41.562 | INFO     | __main__:on_log:99 - step=8195 | loss=0.114200 | grad_norm=0.735160 | learning_rate=0.000017 | epoch=0.943147
2026-02-19 07:13:49.359 | INFO     | __main__:on_log:99 - step=8200 | loss=0.091700 | grad_norm=0.788789 | learning_rate=0.000017 | epoch=0.943722
2026-02-19 07:13:57.151 | INFO     | __main__:on_log:99 - step=8205 | loss=0.097500 | grad_norm=0.704200 | learning_rate=0.000017 | epoch=0.944297
2026-02-19 07:14:04.943 | INFO     | __main__:on_log:99 - step=8210 | loss=0.068700 | grad_norm=0.538238 | learning_rate=0.000017 | epoch=0.944873
2026-02-19 07:14:12.736 | INFO     | __main__:on_log:99 - step=8215 | loss=0.071900 | grad_norm=0.735435 | learning_rate=0.000017 | epoch=0.945448
2026-02-19 07:14:20.529 | INFO     | __main__:on_log:99 - step=8220 | loss=0.075200 | grad_norm=0.663574 | learning_rate=0.000017 | epoch=0.946024
2026-02-19 07:14:28.321 | INFO     | __main__:on_log:99 - step=8225 | loss=0.066200 | grad_norm=0.370783 | learning_rate=0.000017 | epoch=0.946599
2026-02-19 07:14:36.112 | INFO     | __main__:on_log:99 - step=8230 | loss=0.054300 | grad_norm=0.576579 | learning_rate=0.000017 | epoch=0.947175
2026-02-19 07:14:43.904 | INFO     | __main__:on_log:99 - step=8235 | loss=0.066200 | grad_norm=0.600780 | learning_rate=0.000017 | epoch=0.947750
2026-02-19 07:14:51.698 | INFO     | __main__:on_log:99 - step=8240 | loss=0.093600 | grad_norm=0.632432 | learning_rate=0.000017 | epoch=0.948325
2026-02-19 07:14:59.492 | INFO     | __main__:on_log:99 - step=8245 | loss=0.084400 | grad_norm=0.361980 | learning_rate=0.000017 | epoch=0.948901
2026-02-19 07:15:07.283 | INFO     | __main__:on_log:99 - step=8250 | loss=0.079100 | grad_norm=0.453956 | learning_rate=0.000017 | epoch=0.949476
2026-02-19 07:15:15.079 | INFO     | __main__:on_log:99 - step=8255 | loss=0.085200 | grad_norm=0.371174 | learning_rate=0.000017 | epoch=0.950052
2026-02-19 07:15:22.871 | INFO     | __main__:on_log:99 - step=8260 | loss=0.082200 | grad_norm=0.601975 | learning_rate=0.000017 | epoch=0.950627
2026-02-19 07:15:30.663 | INFO     | __main__:on_log:99 - step=8265 | loss=0.076400 | grad_norm=0.351077 | learning_rate=0.000017 | epoch=0.951203
2026-02-19 07:15:38.454 | INFO     | __main__:on_log:99 - step=8270 | loss=0.090400 | grad_norm=0.531485 | learning_rate=0.000017 | epoch=0.951778
2026-02-19 07:15:46.246 | INFO     | __main__:on_log:99 - step=8275 | loss=0.082800 | grad_norm=0.478610 | learning_rate=0.000017 | epoch=0.952354
2026-02-19 07:15:54.037 | INFO     | __main__:on_log:99 - step=8280 | loss=0.046100 | grad_norm=0.458747 | learning_rate=0.000017 | epoch=0.952929
2026-02-19 07:16:01.830 | INFO     | __main__:on_log:99 - step=8285 | loss=0.085100 | grad_norm=0.642689 | learning_rate=0.000017 | epoch=0.953504
2026-02-19 07:16:09.622 | INFO     | __main__:on_log:99 - step=8290 | loss=0.086800 | grad_norm=0.594250 | learning_rate=0.000017 | epoch=0.954080
2026-02-19 07:16:17.413 | INFO     | __main__:on_log:99 - step=8295 | loss=0.062400 | grad_norm=0.494362 | learning_rate=0.000017 | epoch=0.954655
2026-02-19 07:16:25.207 | INFO     | __main__:on_log:99 - step=8300 | loss=0.087200 | grad_norm=0.483418 | learning_rate=0.000016 | epoch=0.955231
2026-02-19 07:16:33.001 | INFO     | __main__:on_log:99 - step=8305 | loss=0.092400 | grad_norm=1.055430 | learning_rate=0.000016 | epoch=0.955806
2026-02-19 07:16:40.795 | INFO     | __main__:on_log:99 - step=8310 | loss=0.047600 | grad_norm=0.653228 | learning_rate=0.000016 | epoch=0.956382
2026-02-19 07:16:48.588 | INFO     | __main__:on_log:99 - step=8315 | loss=0.102100 | grad_norm=0.816875 | learning_rate=0.000016 | epoch=0.956957
2026-02-19 07:16:56.378 | INFO     | __main__:on_log:99 - step=8320 | loss=0.075600 | grad_norm=0.650483 | learning_rate=0.000016 | epoch=0.957533
2026-02-19 07:17:04.170 | INFO     | __main__:on_log:99 - step=8325 | loss=0.094100 | grad_norm=0.599149 | learning_rate=0.000016 | epoch=0.958108
2026-02-19 07:17:11.962 | INFO     | __main__:on_log:99 - step=8330 | loss=0.076400 | grad_norm=0.597457 | learning_rate=0.000016 | epoch=0.958683
2026-02-19 07:17:19.754 | INFO     | __main__:on_log:99 - step=8335 | loss=0.095400 | grad_norm=0.914346 | learning_rate=0.000016 | epoch=0.959259
2026-02-19 07:17:27.546 | INFO     | __main__:on_log:99 - step=8340 | loss=0.088300 | grad_norm=0.719575 | learning_rate=0.000016 | epoch=0.959834
2026-02-19 07:17:35.338 | INFO     | __main__:on_log:99 - step=8345 | loss=0.099600 | grad_norm=0.648835 | learning_rate=0.000016 | epoch=0.960410
2026-02-19 07:17:43.134 | INFO     | __main__:on_log:99 - step=8350 | loss=0.081600 | grad_norm=0.856450 | learning_rate=0.000016 | epoch=0.960985
2026-02-19 07:17:50.929 | INFO     | __main__:on_log:99 - step=8355 | loss=0.069700 | grad_norm=0.409427 | learning_rate=0.000016 | epoch=0.961561
2026-02-19 07:17:58.719 | INFO     | __main__:on_log:99 - step=8360 | loss=0.080600 | grad_norm=0.915729 | learning_rate=0.000016 | epoch=0.962136
2026-02-19 07:18:06.513 | INFO     | __main__:on_log:99 - step=8365 | loss=0.072200 | grad_norm=0.773643 | learning_rate=0.000016 | epoch=0.962711
2026-02-19 07:18:14.307 | INFO     | __main__:on_log:99 - step=8370 | loss=0.082400 | grad_norm=0.978548 | learning_rate=0.000016 | epoch=0.963287
2026-02-19 07:18:22.101 | INFO     | __main__:on_log:99 - step=8375 | loss=0.089200 | grad_norm=0.695202 | learning_rate=0.000016 | epoch=0.963862
2026-02-19 07:18:29.898 | INFO     | __main__:on_log:99 - step=8380 | loss=0.071600 | grad_norm=0.454599 | learning_rate=0.000016 | epoch=0.964438
2026-02-19 07:18:37.692 | INFO     | __main__:on_log:99 - step=8385 | loss=0.056700 | grad_norm=0.692848 | learning_rate=0.000016 | epoch=0.965013
2026-02-19 07:18:45.488 | INFO     | __main__:on_log:99 - step=8390 | loss=0.058300 | grad_norm=0.517641 | learning_rate=0.000016 | epoch=0.965589
2026-02-19 07:18:53.282 | INFO     | __main__:on_log:99 - step=8395 | loss=0.075200 | grad_norm=0.741929 | learning_rate=0.000016 | epoch=0.966164
2026-02-19 07:19:01.076 | INFO     | __main__:on_log:99 - step=8400 | loss=0.067400 | grad_norm=0.556572 | learning_rate=0.000016 | epoch=0.966740
2026-02-19 07:19:08.869 | INFO     | __main__:on_log:99 - step=8405 | loss=0.073200 | grad_norm=0.549305 | learning_rate=0.000016 | epoch=0.967315
2026-02-19 07:19:16.664 | INFO     | __main__:on_log:99 - step=8410 | loss=0.077200 | grad_norm=0.409480 | learning_rate=0.000016 | epoch=0.967890
2026-02-19 07:19:24.457 | INFO     | __main__:on_log:99 - step=8415 | loss=0.075700 | grad_norm=0.748408 | learning_rate=0.000016 | epoch=0.968466
2026-02-19 07:19:32.251 | INFO     | __main__:on_log:99 - step=8420 | loss=0.079000 | grad_norm=0.588124 | learning_rate=0.000016 | epoch=0.969041
2026-02-19 07:19:40.046 | INFO     | __main__:on_log:99 - step=8425 | loss=0.058600 | grad_norm=0.497179 | learning_rate=0.000016 | epoch=0.969617
2026-02-19 07:19:47.837 | INFO     | __main__:on_log:99 - step=8430 | loss=0.064100 | grad_norm=0.661145 | learning_rate=0.000016 | epoch=0.970192
2026-02-19 07:19:55.633 | INFO     | __main__:on_log:99 - step=8435 | loss=0.078600 | grad_norm=0.766037 | learning_rate=0.000016 | epoch=0.970768
2026-02-19 07:20:03.428 | INFO     | __main__:on_log:99 - step=8440 | loss=0.080600 | grad_norm=0.758542 | learning_rate=0.000016 | epoch=0.971343
2026-02-19 07:20:11.220 | INFO     | __main__:on_log:99 - step=8445 | loss=0.081600 | grad_norm=0.875317 | learning_rate=0.000016 | epoch=0.971919
2026-02-19 07:20:19.012 | INFO     | __main__:on_log:99 - step=8450 | loss=0.096200 | grad_norm=0.629424 | learning_rate=0.000016 | epoch=0.972494
2026-02-19 07:20:26.805 | INFO     | __main__:on_log:99 - step=8455 | loss=0.064300 | grad_norm=0.484428 | learning_rate=0.000016 | epoch=0.973069
2026-02-19 07:20:34.599 | INFO     | __main__:on_log:99 - step=8460 | loss=0.077400 | grad_norm=0.571288 | learning_rate=0.000016 | epoch=0.973645
2026-02-19 07:20:42.390 | INFO     | __main__:on_log:99 - step=8465 | loss=0.062100 | grad_norm=0.613566 | learning_rate=0.000016 | epoch=0.974220
2026-02-19 07:20:50.185 | INFO     | __main__:on_log:99 - step=8470 | loss=0.105500 | grad_norm=0.997627 | learning_rate=0.000016 | epoch=0.974796
2026-02-19 07:20:57.978 | INFO     | __main__:on_log:99 - step=8475 | loss=0.089400 | grad_norm=0.630565 | learning_rate=0.000016 | epoch=0.975371
2026-02-19 07:21:05.769 | INFO     | __main__:on_log:99 - step=8480 | loss=0.100000 | grad_norm=0.744798 | learning_rate=0.000016 | epoch=0.975947
2026-02-19 07:21:13.562 | INFO     | __main__:on_log:99 - step=8485 | loss=0.084700 | grad_norm=0.689314 | learning_rate=0.000016 | epoch=0.976522
2026-02-19 07:21:21.352 | INFO     | __main__:on_log:99 - step=8490 | loss=0.085000 | grad_norm=0.706332 | learning_rate=0.000016 | epoch=0.977097
2026-02-19 07:21:29.145 | INFO     | __main__:on_log:99 - step=8495 | loss=0.063600 | grad_norm=0.556519 | learning_rate=0.000016 | epoch=0.977673
2026-02-19 07:21:36.938 | INFO     | __main__:on_log:99 - step=8500 | loss=0.081300 | grad_norm=0.560139 | learning_rate=0.000016 | epoch=0.978248
2026-02-19 07:21:44.733 | INFO     | __main__:on_log:99 - step=8505 | loss=0.080000 | grad_norm=0.800785 | learning_rate=0.000016 | epoch=0.978824
2026-02-19 07:21:52.529 | INFO     | __main__:on_log:99 - step=8510 | loss=0.054000 | grad_norm=0.599807 | learning_rate=0.000016 | epoch=0.979399
2026-02-19 07:22:00.320 | INFO     | __main__:on_log:99 - step=8515 | loss=0.091300 | grad_norm=0.666272 | learning_rate=0.000016 | epoch=0.979975
2026-02-19 07:22:08.113 | INFO     | __main__:on_log:99 - step=8520 | loss=0.084100 | grad_norm=0.710339 | learning_rate=0.000016 | epoch=0.980550
2026-02-19 07:22:15.911 | INFO     | __main__:on_log:99 - step=8525 | loss=0.093000 | grad_norm=0.739191 | learning_rate=0.000016 | epoch=0.981126
2026-02-19 07:22:23.706 | INFO     | __main__:on_log:99 - step=8530 | loss=0.071300 | grad_norm=0.518639 | learning_rate=0.000016 | epoch=0.981701
2026-02-19 07:22:31.501 | INFO     | __main__:on_log:99 - step=8535 | loss=0.057000 | grad_norm=0.693989 | learning_rate=0.000016 | epoch=0.982276
2026-02-19 07:22:39.293 | INFO     | __main__:on_log:99 - step=8540 | loss=0.099800 | grad_norm=0.823881 | learning_rate=0.000016 | epoch=0.982852
2026-02-19 07:22:47.087 | INFO     | __main__:on_log:99 - step=8545 | loss=0.093000 | grad_norm=0.665541 | learning_rate=0.000016 | epoch=0.983427
2026-02-19 07:22:54.884 | INFO     | __main__:on_log:99 - step=8550 | loss=0.103900 | grad_norm=0.647334 | learning_rate=0.000016 | epoch=0.984003
2026-02-19 07:23:02.677 | INFO     | __main__:on_log:99 - step=8555 | loss=0.074400 | grad_norm=0.435959 | learning_rate=0.000016 | epoch=0.984578
2026-02-19 07:23:10.470 | INFO     | __main__:on_log:99 - step=8560 | loss=0.072600 | grad_norm=2.157821 | learning_rate=0.000016 | epoch=0.985154
2026-02-19 07:23:18.264 | INFO     | __main__:on_log:99 - step=8565 | loss=0.100100 | grad_norm=0.859024 | learning_rate=0.000016 | epoch=0.985729
2026-02-19 07:23:26.055 | INFO     | __main__:on_log:99 - step=8570 | loss=0.069000 | grad_norm=0.541671 | learning_rate=0.000016 | epoch=0.986305
2026-02-19 07:23:33.850 | INFO     | __main__:on_log:99 - step=8575 | loss=0.081700 | grad_norm=0.836987 | learning_rate=0.000016 | epoch=0.986880
2026-02-19 07:23:41.644 | INFO     | __main__:on_log:99 - step=8580 | loss=0.066200 | grad_norm=0.531511 | learning_rate=0.000016 | epoch=0.987455
2026-02-19 07:23:49.437 | INFO     | __main__:on_log:99 - step=8585 | loss=0.058400 | grad_norm=0.476589 | learning_rate=0.000016 | epoch=0.988031
2026-02-19 07:23:57.229 | INFO     | __main__:on_log:99 - step=8590 | loss=0.067000 | grad_norm=0.402340 | learning_rate=0.000016 | epoch=0.988606
2026-02-19 07:24:05.023 | INFO     | __main__:on_log:99 - step=8595 | loss=0.073900 | grad_norm=0.643014 | learning_rate=0.000016 | epoch=0.989182
2026-02-19 07:24:12.819 | INFO     | __main__:on_log:99 - step=8600 | loss=0.097700 | grad_norm=0.838768 | learning_rate=0.000016 | epoch=0.989757
2026-02-19 07:24:20.612 | INFO     | __main__:on_log:99 - step=8605 | loss=0.064200 | grad_norm=0.521729 | learning_rate=0.000016 | epoch=0.990333
2026-02-19 07:24:28.403 | INFO     | __main__:on_log:99 - step=8610 | loss=0.084800 | grad_norm=0.829810 | learning_rate=0.000016 | epoch=0.990908
2026-02-19 07:24:36.196 | INFO     | __main__:on_log:99 - step=8615 | loss=0.077200 | grad_norm=0.910502 | learning_rate=0.000016 | epoch=0.991483
2026-02-19 07:24:43.990 | INFO     | __main__:on_log:99 - step=8620 | loss=0.086800 | grad_norm=0.452566 | learning_rate=0.000016 | epoch=0.992059
2026-02-19 07:24:51.785 | INFO     | __main__:on_log:99 - step=8625 | loss=0.059500 | grad_norm=0.465410 | learning_rate=0.000016 | epoch=0.992634
2026-02-19 07:24:59.581 | INFO     | __main__:on_log:99 - step=8630 | loss=0.087400 | grad_norm=1.021401 | learning_rate=0.000016 | epoch=0.993210
2026-02-19 07:25:07.376 | INFO     | __main__:on_log:99 - step=8635 | loss=0.095300 | grad_norm=0.687643 | learning_rate=0.000016 | epoch=0.993785
2026-02-19 07:25:15.168 | INFO     | __main__:on_log:99 - step=8640 | loss=0.079500 | grad_norm=0.615591 | learning_rate=0.000016 | epoch=0.994361
2026-02-19 07:25:22.960 | INFO     | __main__:on_log:99 - step=8645 | loss=0.084800 | grad_norm=0.713175 | learning_rate=0.000016 | epoch=0.994936
2026-02-19 07:25:30.753 | INFO     | __main__:on_log:99 - step=8650 | loss=0.082500 | grad_norm=0.526006 | learning_rate=0.000016 | epoch=0.995512
2026-02-19 07:25:38.544 | INFO     | __main__:on_log:99 - step=8655 | loss=0.096700 | grad_norm=0.704670 | learning_rate=0.000016 | epoch=0.996087
2026-02-19 07:25:46.335 | INFO     | __main__:on_log:99 - step=8660 | loss=0.061600 | grad_norm=0.417443 | learning_rate=0.000016 | epoch=0.996662
2026-02-19 07:25:54.130 | INFO     | __main__:on_log:99 - step=8665 | loss=0.088500 | grad_norm=0.589617 | learning_rate=0.000016 | epoch=0.997238
2026-02-19 07:26:01.923 | INFO     | __main__:on_log:99 - step=8670 | loss=0.071300 | grad_norm=0.537067 | learning_rate=0.000016 | epoch=0.997813
2026-02-19 07:26:09.716 | INFO     | __main__:on_log:99 - step=8675 | loss=0.099000 | grad_norm=0.507022 | learning_rate=0.000016 | epoch=0.998389
2026-02-19 07:26:17.512 | INFO     | __main__:on_log:99 - step=8680 | loss=0.078700 | grad_norm=0.609750 | learning_rate=0.000016 | epoch=0.998964
2026-02-19 07:26:25.308 | INFO     | __main__:on_log:99 - step=8685 | loss=0.077300 | grad_norm=0.534986 | learning_rate=0.000016 | epoch=0.999540
2026-02-19 07:26:32.394 | INFO     | __main__:on_log:99 - step=8690 | loss=0.075300 | grad_norm=0.455305 | learning_rate=0.000016 | epoch=1.000115
2026-02-19 07:26:40.189 | INFO     | __main__:on_log:99 - step=8695 | loss=0.078000 | grad_norm=0.723463 | learning_rate=0.000016 | epoch=1.000691
2026-02-19 07:26:47.981 | INFO     | __main__:on_log:99 - step=8700 | loss=0.070900 | grad_norm=0.566814 | learning_rate=0.000016 | epoch=1.001266
2026-02-19 07:26:55.774 | INFO     | __main__:on_log:99 - step=8705 | loss=0.064200 | grad_norm=0.490792 | learning_rate=0.000016 | epoch=1.001841
2026-02-19 07:27:03.567 | INFO     | __main__:on_log:99 - step=8710 | loss=0.063100 | grad_norm=0.689543 | learning_rate=0.000016 | epoch=1.002417
2026-02-19 07:27:11.360 | INFO     | __main__:on_log:99 - step=8715 | loss=0.070300 | grad_norm=0.683038 | learning_rate=0.000016 | epoch=1.002992
2026-02-19 07:27:19.153 | INFO     | __main__:on_log:99 - step=8720 | loss=0.079200 | grad_norm=1.126024 | learning_rate=0.000016 | epoch=1.003568
2026-02-19 07:27:26.948 | INFO     | __main__:on_log:99 - step=8725 | loss=0.063200 | grad_norm=0.426078 | learning_rate=0.000016 | epoch=1.004143
2026-02-19 07:27:34.740 | INFO     | __main__:on_log:99 - step=8730 | loss=0.069400 | grad_norm=0.749763 | learning_rate=0.000016 | epoch=1.004719
2026-02-19 07:27:42.533 | INFO     | __main__:on_log:99 - step=8735 | loss=0.056400 | grad_norm=0.507427 | learning_rate=0.000016 | epoch=1.005294
2026-02-19 07:27:50.327 | INFO     | __main__:on_log:99 - step=8740 | loss=0.091900 | grad_norm=0.859477 | learning_rate=0.000016 | epoch=1.005869
2026-02-19 07:27:58.119 | INFO     | __main__:on_log:99 - step=8745 | loss=0.091300 | grad_norm=0.657157 | learning_rate=0.000016 | epoch=1.006445
2026-02-19 07:28:05.915 | INFO     | __main__:on_log:99 - step=8750 | loss=0.070200 | grad_norm=0.790277 | learning_rate=0.000016 | epoch=1.007020
2026-02-19 07:28:13.711 | INFO     | __main__:on_log:99 - step=8755 | loss=0.100100 | grad_norm=0.698161 | learning_rate=0.000016 | epoch=1.007596
2026-02-19 07:28:21.507 | INFO     | __main__:on_log:99 - step=8760 | loss=0.061700 | grad_norm=0.727021 | learning_rate=0.000016 | epoch=1.008171
2026-02-19 07:28:29.301 | INFO     | __main__:on_log:99 - step=8765 | loss=0.065000 | grad_norm=0.750225 | learning_rate=0.000016 | epoch=1.008747
2026-02-19 07:28:37.093 | INFO     | __main__:on_log:99 - step=8770 | loss=0.069700 | grad_norm=0.713499 | learning_rate=0.000016 | epoch=1.009322
2026-02-19 07:28:44.887 | INFO     | __main__:on_log:99 - step=8775 | loss=0.056000 | grad_norm=0.461170 | learning_rate=0.000016 | epoch=1.009898
2026-02-19 07:28:52.681 | INFO     | __main__:on_log:99 - step=8780 | loss=0.047200 | grad_norm=0.744648 | learning_rate=0.000016 | epoch=1.010473
2026-02-19 07:29:00.473 | INFO     | __main__:on_log:99 - step=8785 | loss=0.068000 | grad_norm=0.656903 | learning_rate=0.000016 | epoch=1.011048
2026-02-19 07:29:08.265 | INFO     | __main__:on_log:99 - step=8790 | loss=0.096900 | grad_norm=0.838797 | learning_rate=0.000016 | epoch=1.011624
2026-02-19 07:29:16.060 | INFO     | __main__:on_log:99 - step=8795 | loss=0.078000 | grad_norm=0.616787 | learning_rate=0.000016 | epoch=1.012199
2026-02-19 07:29:23.856 | INFO     | __main__:on_log:99 - step=8800 | loss=0.055800 | grad_norm=0.578333 | learning_rate=0.000016 | epoch=1.012775
2026-02-19 07:29:31.651 | INFO     | __main__:on_log:99 - step=8805 | loss=0.070000 | grad_norm=0.476681 | learning_rate=0.000016 | epoch=1.013350
2026-02-19 07:29:39.446 | INFO     | __main__:on_log:99 - step=8810 | loss=0.057800 | grad_norm=0.705718 | learning_rate=0.000016 | epoch=1.013926
2026-02-19 07:29:47.239 | INFO     | __main__:on_log:99 - step=8815 | loss=0.088400 | grad_norm=0.809117 | learning_rate=0.000016 | epoch=1.014501
2026-02-19 07:29:55.030 | INFO     | __main__:on_log:99 - step=8820 | loss=0.084300 | grad_norm=0.935704 | learning_rate=0.000016 | epoch=1.015077
2026-02-19 07:30:02.825 | INFO     | __main__:on_log:99 - step=8825 | loss=0.066300 | grad_norm=0.645243 | learning_rate=0.000016 | epoch=1.015652
2026-02-19 07:30:10.619 | INFO     | __main__:on_log:99 - step=8830 | loss=0.083800 | grad_norm=0.539700 | learning_rate=0.000016 | epoch=1.016227
2026-02-19 07:30:18.413 | INFO     | __main__:on_log:99 - step=8835 | loss=0.085800 | grad_norm=0.838491 | learning_rate=0.000016 | epoch=1.016803
2026-02-19 07:30:26.209 | INFO     | __main__:on_log:99 - step=8840 | loss=0.071900 | grad_norm=0.680907 | learning_rate=0.000016 | epoch=1.017378
2026-02-19 07:30:34.006 | INFO     | __main__:on_log:99 - step=8845 | loss=0.071800 | grad_norm=0.752711 | learning_rate=0.000016 | epoch=1.017954
2026-02-19 07:30:41.799 | INFO     | __main__:on_log:99 - step=8850 | loss=0.075900 | grad_norm=0.629948 | learning_rate=0.000015 | epoch=1.018529
2026-02-19 07:30:49.595 | INFO     | __main__:on_log:99 - step=8855 | loss=0.051800 | grad_norm=0.583419 | learning_rate=0.000015 | epoch=1.019105
2026-02-19 07:30:57.388 | INFO     | __main__:on_log:99 - step=8860 | loss=0.096000 | grad_norm=0.525147 | learning_rate=0.000015 | epoch=1.019680
2026-02-19 07:31:05.183 | INFO     | __main__:on_log:99 - step=8865 | loss=0.083000 | grad_norm=0.773276 | learning_rate=0.000015 | epoch=1.020255
2026-02-19 07:31:12.977 | INFO     | __main__:on_log:99 - step=8870 | loss=0.078500 | grad_norm=0.556804 | learning_rate=0.000015 | epoch=1.020831
2026-02-19 07:31:20.774 | INFO     | __main__:on_log:99 - step=8875 | loss=0.067100 | grad_norm=0.696433 | learning_rate=0.000015 | epoch=1.021406
2026-02-19 07:31:28.585 | INFO     | __main__:on_log:99 - step=8880 | loss=0.057800 | grad_norm=0.843291 | learning_rate=0.000015 | epoch=1.021982
2026-02-19 07:31:36.380 | INFO     | __main__:on_log:99 - step=8885 | loss=0.095900 | grad_norm=0.713011 | learning_rate=0.000015 | epoch=1.022557
2026-02-19 07:31:44.175 | INFO     | __main__:on_log:99 - step=8890 | loss=0.052300 | grad_norm=0.565492 | learning_rate=0.000015 | epoch=1.023133
2026-02-19 07:31:51.970 | INFO     | __main__:on_log:99 - step=8895 | loss=0.065100 | grad_norm=0.597412 | learning_rate=0.000015 | epoch=1.023708
2026-02-19 07:31:59.766 | INFO     | __main__:on_log:99 - step=8900 | loss=0.081600 | grad_norm=0.580832 | learning_rate=0.000015 | epoch=1.024284
2026-02-19 07:32:07.565 | INFO     | __main__:on_log:99 - step=8905 | loss=0.079400 | grad_norm=0.611499 | learning_rate=0.000015 | epoch=1.024859
2026-02-19 07:32:15.359 | INFO     | __main__:on_log:99 - step=8910 | loss=0.097800 | grad_norm=1.001578 | learning_rate=0.000015 | epoch=1.025434
2026-02-19 07:32:23.152 | INFO     | __main__:on_log:99 - step=8915 | loss=0.091600 | grad_norm=0.712037 | learning_rate=0.000015 | epoch=1.026010
2026-02-19 07:32:30.947 | INFO     | __main__:on_log:99 - step=8920 | loss=0.044500 | grad_norm=0.444679 | learning_rate=0.000015 | epoch=1.026585
2026-02-19 07:32:38.741 | INFO     | __main__:on_log:99 - step=8925 | loss=0.071100 | grad_norm=0.619034 | learning_rate=0.000015 | epoch=1.027161
2026-02-19 07:32:46.533 | INFO     | __main__:on_log:99 - step=8930 | loss=0.071700 | grad_norm=0.561566 | learning_rate=0.000015 | epoch=1.027736
2026-02-19 07:32:54.325 | INFO     | __main__:on_log:99 - step=8935 | loss=0.047600 | grad_norm=0.587120 | learning_rate=0.000015 | epoch=1.028312
2026-02-19 07:33:02.118 | INFO     | __main__:on_log:99 - step=8940 | loss=0.078000 | grad_norm=0.495011 | learning_rate=0.000015 | epoch=1.028887
2026-02-19 07:33:09.912 | INFO     | __main__:on_log:99 - step=8945 | loss=0.060200 | grad_norm=0.583279 | learning_rate=0.000015 | epoch=1.029463
2026-02-19 07:33:17.704 | INFO     | __main__:on_log:99 - step=8950 | loss=0.072500 | grad_norm=0.572822 | learning_rate=0.000015 | epoch=1.030038
2026-02-19 07:33:25.499 | INFO     | __main__:on_log:99 - step=8955 | loss=0.062400 | grad_norm=0.633293 | learning_rate=0.000015 | epoch=1.030613
2026-02-19 07:33:33.292 | INFO     | __main__:on_log:99 - step=8960 | loss=0.062900 | grad_norm=0.394175 | learning_rate=0.000015 | epoch=1.031189
2026-02-19 07:33:41.084 | INFO     | __main__:on_log:99 - step=8965 | loss=0.078700 | grad_norm=0.839303 | learning_rate=0.000015 | epoch=1.031764
2026-02-19 07:33:48.879 | INFO     | __main__:on_log:99 - step=8970 | loss=0.067000 | grad_norm=0.511436 | learning_rate=0.000015 | epoch=1.032340
2026-02-19 07:33:56.674 | INFO     | __main__:on_log:99 - step=8975 | loss=0.085700 | grad_norm=0.580160 | learning_rate=0.000015 | epoch=1.032915
2026-02-19 07:34:04.469 | INFO     | __main__:on_log:99 - step=8980 | loss=0.080500 | grad_norm=0.730057 | learning_rate=0.000015 | epoch=1.033491
2026-02-19 07:34:12.264 | INFO     | __main__:on_log:99 - step=8985 | loss=0.056600 | grad_norm=0.652907 | learning_rate=0.000015 | epoch=1.034066
2026-02-19 07:34:20.059 | INFO     | __main__:on_log:99 - step=8990 | loss=0.075700 | grad_norm=0.789994 | learning_rate=0.000015 | epoch=1.034642
2026-02-19 07:34:27.852 | INFO     | __main__:on_log:99 - step=8995 | loss=0.050900 | grad_norm=0.559286 | learning_rate=0.000015 | epoch=1.035217
2026-02-19 07:34:35.647 | INFO     | __main__:on_log:99 - step=9000 | loss=0.075200 | grad_norm=0.892500 | learning_rate=0.000015 | epoch=1.035792
2026-02-19 07:34:43.441 | INFO     | __main__:on_log:99 - step=9005 | loss=0.073900 | grad_norm=0.948850 | learning_rate=0.000015 | epoch=1.036368
2026-02-19 07:34:51.240 | INFO     | __main__:on_log:99 - step=9010 | loss=0.087500 | grad_norm=0.497888 | learning_rate=0.000015 | epoch=1.036943
2026-02-19 07:34:59.036 | INFO     | __main__:on_log:99 - step=9015 | loss=0.075600 | grad_norm=0.713842 | learning_rate=0.000015 | epoch=1.037519
2026-02-19 07:35:06.832 | INFO     | __main__:on_log:99 - step=9020 | loss=0.074600 | grad_norm=0.685957 | learning_rate=0.000015 | epoch=1.038094
2026-02-19 07:35:14.626 | INFO     | __main__:on_log:99 - step=9025 | loss=0.070200 | grad_norm=0.756477 | learning_rate=0.000015 | epoch=1.038670
2026-02-19 07:35:22.421 | INFO     | __main__:on_log:99 - step=9030 | loss=0.092800 | grad_norm=0.907447 | learning_rate=0.000015 | epoch=1.039245
2026-02-19 07:35:30.216 | INFO     | __main__:on_log:99 - step=9035 | loss=0.083000 | grad_norm=1.142162 | learning_rate=0.000015 | epoch=1.039820
2026-02-19 07:35:38.011 | INFO     | __main__:on_log:99 - step=9040 | loss=0.055700 | grad_norm=0.542317 | learning_rate=0.000015 | epoch=1.040396
2026-02-19 07:35:45.805 | INFO     | __main__:on_log:99 - step=9045 | loss=0.066400 | grad_norm=0.485096 | learning_rate=0.000015 | epoch=1.040971
2026-02-19 07:35:53.598 | INFO     | __main__:on_log:99 - step=9050 | loss=0.063300 | grad_norm=0.850068 | learning_rate=0.000015 | epoch=1.041547
2026-02-19 07:36:01.393 | INFO     | __main__:on_log:99 - step=9055 | loss=0.056900 | grad_norm=0.461140 | learning_rate=0.000015 | epoch=1.042122
2026-02-19 07:36:09.188 | INFO     | __main__:on_log:99 - step=9060 | loss=0.068100 | grad_norm=0.656876 | learning_rate=0.000015 | epoch=1.042698
2026-02-19 07:36:16.984 | INFO     | __main__:on_log:99 - step=9065 | loss=0.083500 | grad_norm=0.864280 | learning_rate=0.000015 | epoch=1.043273
2026-02-19 07:36:24.780 | INFO     | __main__:on_log:99 - step=9070 | loss=0.083500 | grad_norm=0.374496 | learning_rate=0.000015 | epoch=1.043849
2026-02-19 07:36:32.573 | INFO     | __main__:on_log:99 - step=9075 | loss=0.057800 | grad_norm=0.612047 | learning_rate=0.000015 | epoch=1.044424
2026-02-19 07:36:40.369 | INFO     | __main__:on_log:99 - step=9080 | loss=0.065000 | grad_norm=0.631405 | learning_rate=0.000015 | epoch=1.044999
2026-02-19 07:36:48.163 | INFO     | __main__:on_log:99 - step=9085 | loss=0.073300 | grad_norm=0.868212 | learning_rate=0.000015 | epoch=1.045575
2026-02-19 07:36:55.959 | INFO     | __main__:on_log:99 - step=9090 | loss=0.052700 | grad_norm=0.814953 | learning_rate=0.000015 | epoch=1.046150
2026-02-19 07:37:03.754 | INFO     | __main__:on_log:99 - step=9095 | loss=0.065500 | grad_norm=0.754420 | learning_rate=0.000015 | epoch=1.046726
2026-02-19 07:37:11.549 | INFO     | __main__:on_log:99 - step=9100 | loss=0.060700 | grad_norm=0.593447 | learning_rate=0.000015 | epoch=1.047301
2026-02-19 07:37:19.344 | INFO     | __main__:on_log:99 - step=9105 | loss=0.072100 | grad_norm=0.535550 | learning_rate=0.000015 | epoch=1.047877
2026-02-19 07:37:27.144 | INFO     | __main__:on_log:99 - step=9110 | loss=0.087500 | grad_norm=0.505873 | learning_rate=0.000015 | epoch=1.048452
2026-02-19 07:37:34.941 | INFO     | __main__:on_log:99 - step=9115 | loss=0.072000 | grad_norm=0.838473 | learning_rate=0.000015 | epoch=1.049028
2026-02-19 07:37:42.738 | INFO     | __main__:on_log:99 - step=9120 | loss=0.072800 | grad_norm=0.801562 | learning_rate=0.000015 | epoch=1.049603
2026-02-19 07:37:50.530 | INFO     | __main__:on_log:99 - step=9125 | loss=0.069500 | grad_norm=0.726178 | learning_rate=0.000015 | epoch=1.050178
2026-02-19 07:37:58.325 | INFO     | __main__:on_log:99 - step=9130 | loss=0.061700 | grad_norm=0.611652 | learning_rate=0.000015 | epoch=1.050754
2026-02-19 07:38:06.120 | INFO     | __main__:on_log:99 - step=9135 | loss=0.073800 | grad_norm=0.838890 | learning_rate=0.000015 | epoch=1.051329
2026-02-19 07:38:13.915 | INFO     | __main__:on_log:99 - step=9140 | loss=0.073700 | grad_norm=0.674456 | learning_rate=0.000015 | epoch=1.051905
2026-02-19 07:38:21.712 | INFO     | __main__:on_log:99 - step=9145 | loss=0.089500 | grad_norm=0.998600 | learning_rate=0.000015 | epoch=1.052480
2026-02-19 07:38:29.513 | INFO     | __main__:on_log:99 - step=9150 | loss=0.080600 | grad_norm=1.002471 | learning_rate=0.000015 | epoch=1.053056
2026-02-19 07:38:37.307 | INFO     | __main__:on_log:99 - step=9155 | loss=0.070600 | grad_norm=0.724727 | learning_rate=0.000015 | epoch=1.053631
2026-02-19 07:38:45.103 | INFO     | __main__:on_log:99 - step=9160 | loss=0.044700 | grad_norm=0.518335 | learning_rate=0.000015 | epoch=1.054206
2026-02-19 07:38:52.899 | INFO     | __main__:on_log:99 - step=9165 | loss=0.084500 | grad_norm=0.647601 | learning_rate=0.000015 | epoch=1.054782
2026-02-19 07:39:00.692 | INFO     | __main__:on_log:99 - step=9170 | loss=0.079000 | grad_norm=1.021737 | learning_rate=0.000015 | epoch=1.055357
2026-02-19 07:39:08.485 | INFO     | __main__:on_log:99 - step=9175 | loss=0.069300 | grad_norm=0.757474 | learning_rate=0.000015 | epoch=1.055933
2026-02-19 07:39:16.280 | INFO     | __main__:on_log:99 - step=9180 | loss=0.064500 | grad_norm=0.424320 | learning_rate=0.000015 | epoch=1.056508
2026-02-19 07:39:24.076 | INFO     | __main__:on_log:99 - step=9185 | loss=0.100300 | grad_norm=0.814635 | learning_rate=0.000015 | epoch=1.057084
2026-02-19 07:39:31.875 | INFO     | __main__:on_log:99 - step=9190 | loss=0.059500 | grad_norm=0.664441 | learning_rate=0.000015 | epoch=1.057659
2026-02-19 07:39:39.672 | INFO     | __main__:on_log:99 - step=9195 | loss=0.065100 | grad_norm=0.651823 | learning_rate=0.000015 | epoch=1.058235
2026-02-19 07:39:47.466 | INFO     | __main__:on_log:99 - step=9200 | loss=0.064800 | grad_norm=0.514229 | learning_rate=0.000015 | epoch=1.058810
2026-02-19 07:39:55.258 | INFO     | __main__:on_log:99 - step=9205 | loss=0.074300 | grad_norm=1.056993 | learning_rate=0.000015 | epoch=1.059385
2026-02-19 07:40:03.053 | INFO     | __main__:on_log:99 - step=9210 | loss=0.067600 | grad_norm=0.328123 | learning_rate=0.000015 | epoch=1.059961
2026-02-19 07:40:10.849 | INFO     | __main__:on_log:99 - step=9215 | loss=0.063200 | grad_norm=0.410927 | learning_rate=0.000015 | epoch=1.060536
2026-02-19 07:40:18.644 | INFO     | __main__:on_log:99 - step=9220 | loss=0.052100 | grad_norm=0.536703 | learning_rate=0.000015 | epoch=1.061112
2026-02-19 07:40:26.440 | INFO     | __main__:on_log:99 - step=9225 | loss=0.062100 | grad_norm=0.559949 | learning_rate=0.000015 | epoch=1.061687
2026-02-19 07:40:34.233 | INFO     | __main__:on_log:99 - step=9230 | loss=0.065800 | grad_norm=0.747116 | learning_rate=0.000015 | epoch=1.062263
2026-02-19 07:40:42.028 | INFO     | __main__:on_log:99 - step=9235 | loss=0.055300 | grad_norm=0.765858 | learning_rate=0.000015 | epoch=1.062838
2026-02-19 07:40:49.822 | INFO     | __main__:on_log:99 - step=9240 | loss=0.053800 | grad_norm=0.605681 | learning_rate=0.000015 | epoch=1.063414
2026-02-19 07:40:57.620 | INFO     | __main__:on_log:99 - step=9245 | loss=0.070100 | grad_norm=0.510203 | learning_rate=0.000015 | epoch=1.063989
2026-02-19 07:41:05.416 | INFO     | __main__:on_log:99 - step=9250 | loss=0.066500 | grad_norm=0.583284 | learning_rate=0.000015 | epoch=1.064564
2026-02-19 07:41:13.208 | INFO     | __main__:on_log:99 - step=9255 | loss=0.061400 | grad_norm=0.842275 | learning_rate=0.000015 | epoch=1.065140
2026-02-19 07:41:21.003 | INFO     | __main__:on_log:99 - step=9260 | loss=0.086200 | grad_norm=0.543359 | learning_rate=0.000015 | epoch=1.065715
2026-02-19 07:41:28.799 | INFO     | __main__:on_log:99 - step=9265 | loss=0.063900 | grad_norm=0.507957 | learning_rate=0.000015 | epoch=1.066291
2026-02-19 07:41:36.594 | INFO     | __main__:on_log:99 - step=9270 | loss=0.066800 | grad_norm=0.537391 | learning_rate=0.000015 | epoch=1.066866
2026-02-19 07:41:44.388 | INFO     | __main__:on_log:99 - step=9275 | loss=0.052200 | grad_norm=0.519324 | learning_rate=0.000015 | epoch=1.067442
2026-02-19 07:41:52.185 | INFO     | __main__:on_log:99 - step=9280 | loss=0.079500 | grad_norm=0.709977 | learning_rate=0.000015 | epoch=1.068017
2026-02-19 07:41:59.981 | INFO     | __main__:on_log:99 - step=9285 | loss=0.084900 | grad_norm=0.693501 | learning_rate=0.000015 | epoch=1.068592
2026-02-19 07:42:07.775 | INFO     | __main__:on_log:99 - step=9290 | loss=0.054600 | grad_norm=0.810402 | learning_rate=0.000015 | epoch=1.069168
2026-02-19 07:42:15.569 | INFO     | __main__:on_log:99 - step=9295 | loss=0.081100 | grad_norm=0.795570 | learning_rate=0.000015 | epoch=1.069743
2026-02-19 07:42:23.361 | INFO     | __main__:on_log:99 - step=9300 | loss=0.074000 | grad_norm=0.462990 | learning_rate=0.000015 | epoch=1.070319
2026-02-19 07:42:31.160 | INFO     | __main__:on_log:99 - step=9305 | loss=0.066800 | grad_norm=0.626639 | learning_rate=0.000015 | epoch=1.070894
2026-02-19 07:42:38.957 | INFO     | __main__:on_log:99 - step=9310 | loss=0.061000 | grad_norm=0.712350 | learning_rate=0.000015 | epoch=1.071470
2026-02-19 07:42:46.756 | INFO     | __main__:on_log:99 - step=9315 | loss=0.076300 | grad_norm=0.757971 | learning_rate=0.000015 | epoch=1.072045
2026-02-19 07:42:54.550 | INFO     | __main__:on_log:99 - step=9320 | loss=0.065500 | grad_norm=0.643556 | learning_rate=0.000015 | epoch=1.072621
2026-02-19 07:43:02.342 | INFO     | __main__:on_log:99 - step=9325 | loss=0.086500 | grad_norm=0.926458 | learning_rate=0.000015 | epoch=1.073196
2026-02-19 07:43:10.137 | INFO     | __main__:on_log:99 - step=9330 | loss=0.069900 | grad_norm=0.962456 | learning_rate=0.000015 | epoch=1.073771
2026-02-19 07:43:17.930 | INFO     | __main__:on_log:99 - step=9335 | loss=0.090600 | grad_norm=0.662186 | learning_rate=0.000015 | epoch=1.074347
2026-02-19 07:43:25.724 | INFO     | __main__:on_log:99 - step=9340 | loss=0.106900 | grad_norm=1.001623 | learning_rate=0.000015 | epoch=1.074922
2026-02-19 07:43:33.518 | INFO     | __main__:on_log:99 - step=9345 | loss=0.063300 | grad_norm=0.673115 | learning_rate=0.000015 | epoch=1.075498
2026-02-19 07:43:41.314 | INFO     | __main__:on_log:99 - step=9350 | loss=0.067400 | grad_norm=0.574634 | learning_rate=0.000015 | epoch=1.076073
2026-02-19 07:43:49.111 | INFO     | __main__:on_log:99 - step=9355 | loss=0.080000 | grad_norm=1.130986 | learning_rate=0.000015 | epoch=1.076649
2026-02-19 07:43:56.905 | INFO     | __main__:on_log:99 - step=9360 | loss=0.055300 | grad_norm=0.558938 | learning_rate=0.000015 | epoch=1.077224
2026-02-19 07:44:04.700 | INFO     | __main__:on_log:99 - step=9365 | loss=0.080200 | grad_norm=0.926594 | learning_rate=0.000015 | epoch=1.077800
2026-02-19 07:44:12.498 | INFO     | __main__:on_log:99 - step=9370 | loss=0.064700 | grad_norm=0.554902 | learning_rate=0.000015 | epoch=1.078375
2026-02-19 07:44:20.294 | INFO     | __main__:on_log:99 - step=9375 | loss=0.060200 | grad_norm=0.517241 | learning_rate=0.000015 | epoch=1.078950
2026-02-19 07:44:28.089 | INFO     | __main__:on_log:99 - step=9380 | loss=0.066700 | grad_norm=0.972275 | learning_rate=0.000015 | epoch=1.079526
2026-02-19 07:44:35.883 | INFO     | __main__:on_log:99 - step=9385 | loss=0.078100 | grad_norm=0.714570 | learning_rate=0.000015 | epoch=1.080101
2026-02-19 07:44:43.676 | INFO     | __main__:on_log:99 - step=9390 | loss=0.068100 | grad_norm=0.749869 | learning_rate=0.000015 | epoch=1.080677
2026-02-19 07:44:51.471 | INFO     | __main__:on_log:99 - step=9395 | loss=0.073000 | grad_norm=0.582697 | learning_rate=0.000015 | epoch=1.081252
2026-02-19 07:44:59.266 | INFO     | __main__:on_log:99 - step=9400 | loss=0.073400 | grad_norm=0.457146 | learning_rate=0.000014 | epoch=1.081828
2026-02-19 07:45:07.061 | INFO     | __main__:on_log:99 - step=9405 | loss=0.047700 | grad_norm=0.403872 | learning_rate=0.000014 | epoch=1.082403
2026-02-19 07:45:14.854 | INFO     | __main__:on_log:99 - step=9410 | loss=0.077300 | grad_norm=0.772919 | learning_rate=0.000014 | epoch=1.082978
2026-02-19 07:45:22.647 | INFO     | __main__:on_log:99 - step=9415 | loss=0.057400 | grad_norm=0.674944 | learning_rate=0.000014 | epoch=1.083554
2026-02-19 07:45:30.441 | INFO     | __main__:on_log:99 - step=9420 | loss=0.091800 | grad_norm=0.765916 | learning_rate=0.000014 | epoch=1.084129
2026-02-19 07:45:38.234 | INFO     | __main__:on_log:99 - step=9425 | loss=0.085400 | grad_norm=0.829116 | learning_rate=0.000014 | epoch=1.084705
2026-02-19 07:45:46.028 | INFO     | __main__:on_log:99 - step=9430 | loss=0.060500 | grad_norm=0.953910 | learning_rate=0.000014 | epoch=1.085280
2026-02-19 07:45:53.821 | INFO     | __main__:on_log:99 - step=9435 | loss=0.067000 | grad_norm=0.736143 | learning_rate=0.000014 | epoch=1.085856
2026-02-19 07:46:01.613 | INFO     | __main__:on_log:99 - step=9440 | loss=0.066700 | grad_norm=0.546966 | learning_rate=0.000014 | epoch=1.086431
2026-02-19 07:46:09.411 | INFO     | __main__:on_log:99 - step=9445 | loss=0.080100 | grad_norm=0.633800 | learning_rate=0.000014 | epoch=1.087007
2026-02-19 07:46:17.207 | INFO     | __main__:on_log:99 - step=9450 | loss=0.065600 | grad_norm=0.468474 | learning_rate=0.000014 | epoch=1.087582
2026-02-19 07:46:25.002 | INFO     | __main__:on_log:99 - step=9455 | loss=0.051100 | grad_norm=0.449960 | learning_rate=0.000014 | epoch=1.088157
2026-02-19 07:46:32.797 | INFO     | __main__:on_log:99 - step=9460 | loss=0.061400 | grad_norm=0.566669 | learning_rate=0.000014 | epoch=1.088733
2026-02-19 07:46:40.590 | INFO     | __main__:on_log:99 - step=9465 | loss=0.056600 | grad_norm=0.951223 | learning_rate=0.000014 | epoch=1.089308
2026-02-19 07:46:48.387 | INFO     | __main__:on_log:99 - step=9470 | loss=0.064400 | grad_norm=0.667651 | learning_rate=0.000014 | epoch=1.089884
2026-02-19 07:46:56.183 | INFO     | __main__:on_log:99 - step=9475 | loss=0.058400 | grad_norm=0.547825 | learning_rate=0.000014 | epoch=1.090459
2026-02-19 07:47:03.976 | INFO     | __main__:on_log:99 - step=9480 | loss=0.068700 | grad_norm=0.889550 | learning_rate=0.000014 | epoch=1.091035
2026-02-19 07:47:11.775 | INFO     | __main__:on_log:99 - step=9485 | loss=0.078300 | grad_norm=0.636064 | learning_rate=0.000014 | epoch=1.091610
2026-02-19 07:47:19.568 | INFO     | __main__:on_log:99 - step=9490 | loss=0.085500 | grad_norm=1.054289 | learning_rate=0.000014 | epoch=1.092186
2026-02-19 07:47:27.372 | INFO     | __main__:on_log:99 - step=9495 | loss=0.088400 | grad_norm=0.433867 | learning_rate=0.000014 | epoch=1.092761
2026-02-19 07:47:35.170 | INFO     | __main__:on_log:99 - step=9500 | loss=0.065800 | grad_norm=0.802153 | learning_rate=0.000014 | epoch=1.093336
2026-02-19 07:47:42.964 | INFO     | __main__:on_log:99 - step=9505 | loss=0.066100 | grad_norm=0.616097 | learning_rate=0.000014 | epoch=1.093912
2026-02-19 07:47:50.757 | INFO     | __main__:on_log:99 - step=9510 | loss=0.080900 | grad_norm=0.675305 | learning_rate=0.000014 | epoch=1.094487
2026-02-19 07:47:58.550 | INFO     | __main__:on_log:99 - step=9515 | loss=0.079400 | grad_norm=0.668181 | learning_rate=0.000014 | epoch=1.095063
2026-02-19 07:48:06.347 | INFO     | __main__:on_log:99 - step=9520 | loss=0.044500 | grad_norm=0.724895 | learning_rate=0.000014 | epoch=1.095638
2026-02-19 07:48:14.143 | INFO     | __main__:on_log:99 - step=9525 | loss=0.047200 | grad_norm=0.437548 | learning_rate=0.000014 | epoch=1.096214
2026-02-19 07:48:21.936 | INFO     | __main__:on_log:99 - step=9530 | loss=0.084800 | grad_norm=0.645512 | learning_rate=0.000014 | epoch=1.096789
2026-02-19 07:48:29.733 | INFO     | __main__:on_log:99 - step=9535 | loss=0.080900 | grad_norm=0.711589 | learning_rate=0.000014 | epoch=1.097364
2026-02-19 07:48:37.528 | INFO     | __main__:on_log:99 - step=9540 | loss=0.060100 | grad_norm=0.645020 | learning_rate=0.000014 | epoch=1.097940
2026-02-19 07:48:45.325 | INFO     | __main__:on_log:99 - step=9545 | loss=0.089900 | grad_norm=0.927672 | learning_rate=0.000014 | epoch=1.098515
2026-02-19 07:48:53.119 | INFO     | __main__:on_log:99 - step=9550 | loss=0.062800 | grad_norm=0.589293 | learning_rate=0.000014 | epoch=1.099091
2026-02-19 07:49:00.913 | INFO     | __main__:on_log:99 - step=9555 | loss=0.086500 | grad_norm=0.916586 | learning_rate=0.000014 | epoch=1.099666
2026-02-19 07:49:08.709 | INFO     | __main__:on_log:99 - step=9560 | loss=0.080700 | grad_norm=0.816895 | learning_rate=0.000014 | epoch=1.100242
2026-02-19 07:49:16.505 | INFO     | __main__:on_log:99 - step=9565 | loss=0.055700 | grad_norm=0.517202 | learning_rate=0.000014 | epoch=1.100817
2026-02-19 07:49:24.304 | INFO     | __main__:on_log:99 - step=9570 | loss=0.076000 | grad_norm=0.674690 | learning_rate=0.000014 | epoch=1.101393
2026-02-19 07:49:32.103 | INFO     | __main__:on_log:99 - step=9575 | loss=0.056900 | grad_norm=0.420348 | learning_rate=0.000014 | epoch=1.101968
2026-02-19 07:49:39.901 | INFO     | __main__:on_log:99 - step=9580 | loss=0.067600 | grad_norm=0.685155 | learning_rate=0.000014 | epoch=1.102543
2026-02-19 07:49:47.697 | INFO     | __main__:on_log:99 - step=9585 | loss=0.072000 | grad_norm=0.528251 | learning_rate=0.000014 | epoch=1.103119
2026-02-19 07:49:55.492 | INFO     | __main__:on_log:99 - step=9590 | loss=0.068100 | grad_norm=1.075477 | learning_rate=0.000014 | epoch=1.103694
2026-02-19 07:50:03.289 | INFO     | __main__:on_log:99 - step=9595 | loss=0.061400 | grad_norm=0.584743 | learning_rate=0.000014 | epoch=1.104270
2026-02-19 07:50:11.085 | INFO     | __main__:on_log:99 - step=9600 | loss=0.088300 | grad_norm=0.419877 | learning_rate=0.000014 | epoch=1.104845
2026-02-19 07:50:18.882 | INFO     | __main__:on_log:99 - step=9605 | loss=0.093900 | grad_norm=0.738224 | learning_rate=0.000014 | epoch=1.105421
2026-02-19 07:50:26.682 | INFO     | __main__:on_log:99 - step=9610 | loss=0.070500 | grad_norm=0.719823 | learning_rate=0.000014 | epoch=1.105996
2026-02-19 07:50:34.475 | INFO     | __main__:on_log:99 - step=9615 | loss=0.054500 | grad_norm=0.515360 | learning_rate=0.000014 | epoch=1.106572
2026-02-19 07:50:42.271 | INFO     | __main__:on_log:99 - step=9620 | loss=0.070400 | grad_norm=0.951620 | learning_rate=0.000014 | epoch=1.107147
2026-02-19 07:50:50.064 | INFO     | __main__:on_log:99 - step=9625 | loss=0.056400 | grad_norm=0.669680 | learning_rate=0.000014 | epoch=1.107722
2026-02-19 07:50:57.859 | INFO     | __main__:on_log:99 - step=9630 | loss=0.068100 | grad_norm=0.636026 | learning_rate=0.000014 | epoch=1.108298
2026-02-19 07:51:05.658 | INFO     | __main__:on_log:99 - step=9635 | loss=0.063500 | grad_norm=0.646894 | learning_rate=0.000014 | epoch=1.108873
2026-02-19 07:51:13.453 | INFO     | __main__:on_log:99 - step=9640 | loss=0.052200 | grad_norm=0.710798 | learning_rate=0.000014 | epoch=1.109449
2026-02-19 07:51:21.248 | INFO     | __main__:on_log:99 - step=9645 | loss=0.057900 | grad_norm=0.704576 | learning_rate=0.000014 | epoch=1.110024
2026-02-19 07:51:29.040 | INFO     | __main__:on_log:99 - step=9650 | loss=0.078600 | grad_norm=0.575180 | learning_rate=0.000014 | epoch=1.110600
2026-02-19 07:51:36.836 | INFO     | __main__:on_log:99 - step=9655 | loss=0.059200 | grad_norm=0.598180 | learning_rate=0.000014 | epoch=1.111175
2026-02-19 07:51:44.632 | INFO     | __main__:on_log:99 - step=9660 | loss=0.098400 | grad_norm=0.823426 | learning_rate=0.000014 | epoch=1.111750
2026-02-19 07:51:52.427 | INFO     | __main__:on_log:99 - step=9665 | loss=0.068600 | grad_norm=0.607816 | learning_rate=0.000014 | epoch=1.112326
2026-02-19 07:52:00.223 | INFO     | __main__:on_log:99 - step=9670 | loss=0.047600 | grad_norm=0.495081 | learning_rate=0.000014 | epoch=1.112901
2026-02-19 07:52:08.023 | INFO     | __main__:on_log:99 - step=9675 | loss=0.071800 | grad_norm=0.590088 | learning_rate=0.000014 | epoch=1.113477
2026-02-19 07:52:15.819 | INFO     | __main__:on_log:99 - step=9680 | loss=0.085700 | grad_norm=1.136022 | learning_rate=0.000014 | epoch=1.114052
2026-02-19 07:52:23.614 | INFO     | __main__:on_log:99 - step=9685 | loss=0.073900 | grad_norm=0.854482 | learning_rate=0.000014 | epoch=1.114628
2026-02-19 07:52:31.408 | INFO     | __main__:on_log:99 - step=9690 | loss=0.101700 | grad_norm=0.669659 | learning_rate=0.000014 | epoch=1.115203
2026-02-19 07:52:39.203 | INFO     | __main__:on_log:99 - step=9695 | loss=0.092800 | grad_norm=0.643296 | learning_rate=0.000014 | epoch=1.115779
2026-02-19 07:52:46.999 | INFO     | __main__:on_log:99 - step=9700 | loss=0.074300 | grad_norm=0.723227 | learning_rate=0.000014 | epoch=1.116354
2026-02-19 07:52:54.795 | INFO     | __main__:on_log:99 - step=9705 | loss=0.086600 | grad_norm=0.969230 | learning_rate=0.000014 | epoch=1.116929
2026-02-19 07:53:02.591 | INFO     | __main__:on_log:99 - step=9710 | loss=0.109100 | grad_norm=0.529672 | learning_rate=0.000014 | epoch=1.117505
2026-02-19 07:53:10.386 | INFO     | __main__:on_log:99 - step=9715 | loss=0.055600 | grad_norm=0.650948 | learning_rate=0.000014 | epoch=1.118080
2026-02-19 07:53:18.182 | INFO     | __main__:on_log:99 - step=9720 | loss=0.070600 | grad_norm=0.461440 | learning_rate=0.000014 | epoch=1.118656
2026-02-19 07:53:25.974 | INFO     | __main__:on_log:99 - step=9725 | loss=0.071400 | grad_norm=0.560215 | learning_rate=0.000014 | epoch=1.119231
2026-02-19 07:53:33.769 | INFO     | __main__:on_log:99 - step=9730 | loss=0.064800 | grad_norm=0.948592 | learning_rate=0.000014 | epoch=1.119807
2026-02-19 07:53:41.566 | INFO     | __main__:on_log:99 - step=9735 | loss=0.056200 | grad_norm=0.721161 | learning_rate=0.000014 | epoch=1.120382
2026-02-19 07:53:49.362 | INFO     | __main__:on_log:99 - step=9740 | loss=0.060200 | grad_norm=0.426663 | learning_rate=0.000014 | epoch=1.120958
2026-02-19 07:53:57.158 | INFO     | __main__:on_log:99 - step=9745 | loss=0.056400 | grad_norm=0.562853 | learning_rate=0.000014 | epoch=1.121533
2026-02-19 07:54:04.956 | INFO     | __main__:on_log:99 - step=9750 | loss=0.054700 | grad_norm=0.582952 | learning_rate=0.000014 | epoch=1.122108
2026-02-19 07:54:12.750 | INFO     | __main__:on_log:99 - step=9755 | loss=0.069700 | grad_norm=0.483552 | learning_rate=0.000014 | epoch=1.122684
2026-02-19 07:54:20.545 | INFO     | __main__:on_log:99 - step=9760 | loss=0.074200 | grad_norm=0.794539 | learning_rate=0.000014 | epoch=1.123259
2026-02-19 07:54:28.342 | INFO     | __main__:on_log:99 - step=9765 | loss=0.069700 | grad_norm=1.062128 | learning_rate=0.000014 | epoch=1.123835
2026-02-19 07:54:36.136 | INFO     | __main__:on_log:99 - step=9770 | loss=0.054100 | grad_norm=0.797326 | learning_rate=0.000014 | epoch=1.124410
2026-02-19 07:54:43.934 | INFO     | __main__:on_log:99 - step=9775 | loss=0.075200 | grad_norm=0.743428 | learning_rate=0.000014 | epoch=1.124986
2026-02-19 07:54:51.730 | INFO     | __main__:on_log:99 - step=9780 | loss=0.089600 | grad_norm=0.689037 | learning_rate=0.000014 | epoch=1.125561
2026-02-19 07:54:59.524 | INFO     | __main__:on_log:99 - step=9785 | loss=0.061900 | grad_norm=0.789835 | learning_rate=0.000014 | epoch=1.126136
2026-02-19 07:55:07.318 | INFO     | __main__:on_log:99 - step=9790 | loss=0.054700 | grad_norm=0.556679 | learning_rate=0.000014 | epoch=1.126712
2026-02-19 07:55:15.112 | INFO     | __main__:on_log:99 - step=9795 | loss=0.073500 | grad_norm=0.627635 | learning_rate=0.000014 | epoch=1.127287
2026-02-19 07:55:22.906 | INFO     | __main__:on_log:99 - step=9800 | loss=0.074100 | grad_norm=0.900074 | learning_rate=0.000014 | epoch=1.127863
2026-02-19 07:55:30.707 | INFO     | __main__:on_log:99 - step=9805 | loss=0.070400 | grad_norm=0.441187 | learning_rate=0.000014 | epoch=1.128438
2026-02-19 07:55:38.505 | INFO     | __main__:on_log:99 - step=9810 | loss=0.061100 | grad_norm=0.462570 | learning_rate=0.000014 | epoch=1.129014
2026-02-19 07:55:46.300 | INFO     | __main__:on_log:99 - step=9815 | loss=0.046500 | grad_norm=0.661661 | learning_rate=0.000014 | epoch=1.129589
2026-02-19 07:55:54.096 | INFO     | __main__:on_log:99 - step=9820 | loss=0.068100 | grad_norm=0.546224 | learning_rate=0.000014 | epoch=1.130165
2026-02-19 07:56:01.892 | INFO     | __main__:on_log:99 - step=9825 | loss=0.052400 | grad_norm=0.688807 | learning_rate=0.000014 | epoch=1.130740
2026-02-19 07:56:09.688 | INFO     | __main__:on_log:99 - step=9830 | loss=0.059900 | grad_norm=0.440196 | learning_rate=0.000014 | epoch=1.131315
2026-02-19 07:56:17.484 | INFO     | __main__:on_log:99 - step=9835 | loss=0.068900 | grad_norm=0.550210 | learning_rate=0.000014 | epoch=1.131891
2026-02-19 07:56:25.278 | INFO     | __main__:on_log:99 - step=9840 | loss=0.061500 | grad_norm=0.507598 | learning_rate=0.000014 | epoch=1.132466
2026-02-19 07:56:33.074 | INFO     | __main__:on_log:99 - step=9845 | loss=0.088500 | grad_norm=0.693508 | learning_rate=0.000014 | epoch=1.133042
2026-02-19 07:56:40.870 | INFO     | __main__:on_log:99 - step=9850 | loss=0.063300 | grad_norm=0.461776 | learning_rate=0.000014 | epoch=1.133617
2026-02-19 07:56:48.665 | INFO     | __main__:on_log:99 - step=9855 | loss=0.092200 | grad_norm=0.796052 | learning_rate=0.000014 | epoch=1.134193
2026-02-19 07:56:56.459 | INFO     | __main__:on_log:99 - step=9860 | loss=0.099500 | grad_norm=1.766400 | learning_rate=0.000014 | epoch=1.134768
2026-02-19 07:57:04.251 | INFO     | __main__:on_log:99 - step=9865 | loss=0.086700 | grad_norm=0.787918 | learning_rate=0.000014 | epoch=1.135344
2026-02-19 07:57:12.045 | INFO     | __main__:on_log:99 - step=9870 | loss=0.087000 | grad_norm=0.880421 | learning_rate=0.000014 | epoch=1.135919
2026-02-19 07:57:19.841 | INFO     | __main__:on_log:99 - step=9875 | loss=0.089700 | grad_norm=0.661482 | learning_rate=0.000014 | epoch=1.136494
2026-02-19 07:57:27.633 | INFO     | __main__:on_log:99 - step=9880 | loss=0.053200 | grad_norm=0.813885 | learning_rate=0.000014 | epoch=1.137070
2026-02-19 07:57:35.431 | INFO     | __main__:on_log:99 - step=9885 | loss=0.083900 | grad_norm=0.900048 | learning_rate=0.000014 | epoch=1.137645
2026-02-19 07:57:43.229 | INFO     | __main__:on_log:99 - step=9890 | loss=0.070500 | grad_norm=0.463874 | learning_rate=0.000014 | epoch=1.138221
2026-02-19 07:57:51.023 | INFO     | __main__:on_log:99 - step=9895 | loss=0.081200 | grad_norm=0.603459 | learning_rate=0.000014 | epoch=1.138796
2026-02-19 07:57:58.813 | INFO     | __main__:on_log:99 - step=9900 | loss=0.080500 | grad_norm=0.712072 | learning_rate=0.000014 | epoch=1.139372
2026-02-19 07:58:06.607 | INFO     | __main__:on_log:99 - step=9905 | loss=0.058900 | grad_norm=0.372462 | learning_rate=0.000014 | epoch=1.139947
2026-02-19 07:58:14.399 | INFO     | __main__:on_log:99 - step=9910 | loss=0.060400 | grad_norm=0.694988 | learning_rate=0.000014 | epoch=1.140522
2026-02-19 07:58:22.193 | INFO     | __main__:on_log:99 - step=9915 | loss=0.060700 | grad_norm=0.897045 | learning_rate=0.000014 | epoch=1.141098
2026-02-19 07:58:29.987 | INFO     | __main__:on_log:99 - step=9920 | loss=0.064600 | grad_norm=0.772160 | learning_rate=0.000014 | epoch=1.141673
2026-02-19 07:58:37.780 | INFO     | __main__:on_log:99 - step=9925 | loss=0.085000 | grad_norm=0.858629 | learning_rate=0.000014 | epoch=1.142249
2026-02-19 07:58:45.578 | INFO     | __main__:on_log:99 - step=9930 | loss=0.058500 | grad_norm=0.672250 | learning_rate=0.000014 | epoch=1.142824
2026-02-19 07:58:53.371 | INFO     | __main__:on_log:99 - step=9935 | loss=0.056600 | grad_norm=0.595743 | learning_rate=0.000014 | epoch=1.143400
2026-02-19 07:59:01.167 | INFO     | __main__:on_log:99 - step=9940 | loss=0.086000 | grad_norm=0.553751 | learning_rate=0.000014 | epoch=1.143975
2026-02-19 07:59:08.962 | INFO     | __main__:on_log:99 - step=9945 | loss=0.084900 | grad_norm=0.809987 | learning_rate=0.000014 | epoch=1.144551
2026-02-19 07:59:16.758 | INFO     | __main__:on_log:99 - step=9950 | loss=0.083100 | grad_norm=0.896085 | learning_rate=0.000013 | epoch=1.145126
2026-02-19 07:59:24.554 | INFO     | __main__:on_log:99 - step=9955 | loss=0.071900 | grad_norm=0.817404 | learning_rate=0.000013 | epoch=1.145701
2026-02-19 07:59:32.351 | INFO     | __main__:on_log:99 - step=9960 | loss=0.070300 | grad_norm=1.169938 | learning_rate=0.000013 | epoch=1.146277
2026-02-19 07:59:40.145 | INFO     | __main__:on_log:99 - step=9965 | loss=0.075500 | grad_norm=0.690304 | learning_rate=0.000013 | epoch=1.146852
2026-02-19 07:59:47.941 | INFO     | __main__:on_log:99 - step=9970 | loss=0.080300 | grad_norm=0.562224 | learning_rate=0.000013 | epoch=1.147428
2026-02-19 07:59:55.737 | INFO     | __main__:on_log:99 - step=9975 | loss=0.079700 | grad_norm=0.909121 | learning_rate=0.000013 | epoch=1.148003
2026-02-19 08:00:03.533 | INFO     | __main__:on_log:99 - step=9980 | loss=0.058900 | grad_norm=0.561297 | learning_rate=0.000013 | epoch=1.148579
2026-02-19 08:00:11.329 | INFO     | __main__:on_log:99 - step=9985 | loss=0.077400 | grad_norm=0.481222 | learning_rate=0.000013 | epoch=1.149154
2026-02-19 08:00:19.122 | INFO     | __main__:on_log:99 - step=9990 | loss=0.061600 | grad_norm=0.545533 | learning_rate=0.000013 | epoch=1.149730
2026-02-19 08:00:26.916 | INFO     | __main__:on_log:99 - step=9995 | loss=0.057700 | grad_norm=0.465674 | learning_rate=0.000013 | epoch=1.150305
2026-02-19 08:00:34.710 | INFO     | __main__:on_log:99 - step=10000 | loss=0.059700 | grad_norm=0.325550 | learning_rate=0.000013 | epoch=1.150880
2026-02-19 08:15:33.999 | INFO     | __main__:on_log:99 - step=10000 | epoch=1.150880
2026-02-19 08:15:42.194 | INFO     | __main__:on_log:99 - step=10005 | loss=0.067400 | grad_norm=0.701637 | learning_rate=0.000013 | epoch=1.151456
2026-02-19 08:15:49.995 | INFO     | __main__:on_log:99 - step=10010 | loss=0.061400 | grad_norm=0.706816 | learning_rate=0.000013 | epoch=1.152031
2026-02-19 08:15:57.793 | INFO     | __main__:on_log:99 - step=10015 | loss=0.071600 | grad_norm=0.497995 | learning_rate=0.000013 | epoch=1.152607
2026-02-19 08:16:05.589 | INFO     | __main__:on_log:99 - step=10020 | loss=0.083100 | grad_norm=0.898377 | learning_rate=0.000013 | epoch=1.153182
2026-02-19 08:16:13.387 | INFO     | __main__:on_log:99 - step=10025 | loss=0.106400 | grad_norm=0.813774 | learning_rate=0.000013 | epoch=1.153758
2026-02-19 08:16:21.187 | INFO     | __main__:on_log:99 - step=10030 | loss=0.063800 | grad_norm=1.025722 | learning_rate=0.000013 | epoch=1.154333
2026-02-19 08:16:28.984 | INFO     | __main__:on_log:99 - step=10035 | loss=0.057800 | grad_norm=0.626737 | learning_rate=0.000013 | epoch=1.154909
2026-02-19 08:16:36.781 | INFO     | __main__:on_log:99 - step=10040 | loss=0.073200 | grad_norm=0.645061 | learning_rate=0.000013 | epoch=1.155484
2026-02-19 08:16:44.582 | INFO     | __main__:on_log:99 - step=10045 | loss=0.058300 | grad_norm=0.655911 | learning_rate=0.000013 | epoch=1.156059
2026-02-19 08:16:52.380 | INFO     | __main__:on_log:99 - step=10050 | loss=0.082400 | grad_norm=0.736555 | learning_rate=0.000013 | epoch=1.156635
2026-02-19 08:17:00.177 | INFO     | __main__:on_log:99 - step=10055 | loss=0.073100 | grad_norm=0.556847 | learning_rate=0.000013 | epoch=1.157210
2026-02-19 08:17:07.977 | INFO     | __main__:on_log:99 - step=10060 | loss=0.091100 | grad_norm=0.748618 | learning_rate=0.000013 | epoch=1.157786
2026-02-19 08:17:15.778 | INFO     | __main__:on_log:99 - step=10065 | loss=0.074200 | grad_norm=0.581868 | learning_rate=0.000013 | epoch=1.158361
2026-02-19 08:17:23.581 | INFO     | __main__:on_log:99 - step=10070 | loss=0.073800 | grad_norm=0.460384 | learning_rate=0.000013 | epoch=1.158937
2026-02-19 08:17:31.375 | INFO     | __main__:on_log:99 - step=10075 | loss=0.052500 | grad_norm=0.398998 | learning_rate=0.000013 | epoch=1.159512
2026-02-19 08:17:39.443 | INFO     | __main__:on_log:99 - step=10080 | loss=0.061100 | grad_norm=0.410026 | learning_rate=0.000013 | epoch=1.160087
2026-02-19 08:17:47.238 | INFO     | __main__:on_log:99 - step=10085 | loss=0.055900 | grad_norm=0.942189 | learning_rate=0.000013 | epoch=1.160663
2026-02-19 08:17:55.033 | INFO     | __main__:on_log:99 - step=10090 | loss=0.060600 | grad_norm=0.892204 | learning_rate=0.000013 | epoch=1.161238
2026-02-19 08:18:02.828 | INFO     | __main__:on_log:99 - step=10095 | loss=0.065800 | grad_norm=0.449885 | learning_rate=0.000013 | epoch=1.161814
2026-02-19 08:18:10.624 | INFO     | __main__:on_log:99 - step=10100 | loss=0.079700 | grad_norm=0.696047 | learning_rate=0.000013 | epoch=1.162389
2026-02-19 08:18:18.416 | INFO     | __main__:on_log:99 - step=10105 | loss=0.070400 | grad_norm=0.695842 | learning_rate=0.000013 | epoch=1.162965
2026-02-19 08:18:26.207 | INFO     | __main__:on_log:99 - step=10110 | loss=0.077900 | grad_norm=0.643972 | learning_rate=0.000013 | epoch=1.163540
2026-02-19 08:18:34.002 | INFO     | __main__:on_log:99 - step=10115 | loss=0.077100 | grad_norm=1.074320 | learning_rate=0.000013 | epoch=1.164116
2026-02-19 08:18:41.793 | INFO     | __main__:on_log:99 - step=10120 | loss=0.075900 | grad_norm=0.611313 | learning_rate=0.000013 | epoch=1.164691
2026-02-19 08:18:49.587 | INFO     | __main__:on_log:99 - step=10125 | loss=0.073900 | grad_norm=0.671676 | learning_rate=0.000013 | epoch=1.165266
2026-02-19 08:18:57.382 | INFO     | __main__:on_log:99 - step=10130 | loss=0.070200 | grad_norm=0.694061 | learning_rate=0.000013 | epoch=1.165842
2026-02-19 08:19:05.177 | INFO     | __main__:on_log:99 - step=10135 | loss=0.067300 | grad_norm=0.926123 | learning_rate=0.000013 | epoch=1.166417
2026-02-19 08:19:12.973 | INFO     | __main__:on_log:99 - step=10140 | loss=0.081200 | grad_norm=0.650499 | learning_rate=0.000013 | epoch=1.166993
2026-02-19 08:19:20.767 | INFO     | __main__:on_log:99 - step=10145 | loss=0.058200 | grad_norm=0.393449 | learning_rate=0.000013 | epoch=1.167568
2026-02-19 08:19:28.563 | INFO     | __main__:on_log:99 - step=10150 | loss=0.067400 | grad_norm=0.671668 | learning_rate=0.000013 | epoch=1.168144
2026-02-19 08:19:36.363 | INFO     | __main__:on_log:99 - step=10155 | loss=0.062600 | grad_norm=0.722970 | learning_rate=0.000013 | epoch=1.168719
2026-02-19 08:19:44.158 | INFO     | __main__:on_log:99 - step=10160 | loss=0.062000 | grad_norm=0.403840 | learning_rate=0.000013 | epoch=1.169295
2026-02-19 08:19:51.954 | INFO     | __main__:on_log:99 - step=10165 | loss=0.067900 | grad_norm=0.430807 | learning_rate=0.000013 | epoch=1.169870
2026-02-19 08:19:59.747 | INFO     | __main__:on_log:99 - step=10170 | loss=0.053100 | grad_norm=0.568985 | learning_rate=0.000013 | epoch=1.170445
2026-02-19 08:20:07.539 | INFO     | __main__:on_log:99 - step=10175 | loss=0.049400 | grad_norm=0.544556 | learning_rate=0.000013 | epoch=1.171021
2026-02-19 08:20:15.332 | INFO     | __main__:on_log:99 - step=10180 | loss=0.069300 | grad_norm=0.808910 | learning_rate=0.000013 | epoch=1.171596
2026-02-19 08:20:23.127 | INFO     | __main__:on_log:99 - step=10185 | loss=0.070100 | grad_norm=0.793872 | learning_rate=0.000013 | epoch=1.172172
2026-02-19 08:20:30.921 | INFO     | __main__:on_log:99 - step=10190 | loss=0.073100 | grad_norm=0.627192 | learning_rate=0.000013 | epoch=1.172747
2026-02-19 08:20:38.712 | INFO     | __main__:on_log:99 - step=10195 | loss=0.054000 | grad_norm=0.621395 | learning_rate=0.000013 | epoch=1.173323
2026-02-19 08:20:46.510 | INFO     | __main__:on_log:99 - step=10200 | loss=0.103800 | grad_norm=1.026293 | learning_rate=0.000013 | epoch=1.173898
2026-02-19 08:20:54.305 | INFO     | __main__:on_log:99 - step=10205 | loss=0.060100 | grad_norm=0.860137 | learning_rate=0.000013 | epoch=1.174473
2026-02-19 08:21:02.100 | INFO     | __main__:on_log:99 - step=10210 | loss=0.071100 | grad_norm=0.626234 | learning_rate=0.000013 | epoch=1.175049
2026-02-19 08:21:09.895 | INFO     | __main__:on_log:99 - step=10215 | loss=0.079800 | grad_norm=1.136552 | learning_rate=0.000013 | epoch=1.175624
2026-02-19 08:21:17.689 | INFO     | __main__:on_log:99 - step=10220 | loss=0.061100 | grad_norm=0.961975 | learning_rate=0.000013 | epoch=1.176200
2026-02-19 08:21:25.484 | INFO     | __main__:on_log:99 - step=10225 | loss=0.068400 | grad_norm=0.609315 | learning_rate=0.000013 | epoch=1.176775
2026-02-19 08:21:33.279 | INFO     | __main__:on_log:99 - step=10230 | loss=0.063100 | grad_norm=0.735362 | learning_rate=0.000013 | epoch=1.177351
2026-02-19 08:21:41.071 | INFO     | __main__:on_log:99 - step=10235 | loss=0.085400 | grad_norm=0.729889 | learning_rate=0.000013 | epoch=1.177926
2026-02-19 08:21:48.863 | INFO     | __main__:on_log:99 - step=10240 | loss=0.071800 | grad_norm=0.948532 | learning_rate=0.000013 | epoch=1.178502
2026-02-19 08:21:56.659 | INFO     | __main__:on_log:99 - step=10245 | loss=0.042200 | grad_norm=0.505836 | learning_rate=0.000013 | epoch=1.179077
2026-02-19 08:22:04.452 | INFO     | __main__:on_log:99 - step=10250 | loss=0.076400 | grad_norm=0.860413 | learning_rate=0.000013 | epoch=1.179652
2026-02-19 08:22:12.247 | INFO     | __main__:on_log:99 - step=10255 | loss=0.058100 | grad_norm=0.661331 | learning_rate=0.000013 | epoch=1.180228
2026-02-19 08:22:20.044 | INFO     | __main__:on_log:99 - step=10260 | loss=0.059800 | grad_norm=0.629360 | learning_rate=0.000013 | epoch=1.180803
2026-02-19 08:22:27.839 | INFO     | __main__:on_log:99 - step=10265 | loss=0.059500 | grad_norm=0.785395 | learning_rate=0.000013 | epoch=1.181379
2026-02-19 08:22:35.635 | INFO     | __main__:on_log:99 - step=10270 | loss=0.055100 | grad_norm=0.681358 | learning_rate=0.000013 | epoch=1.181954
2026-02-19 08:22:43.434 | INFO     | __main__:on_log:99 - step=10275 | loss=0.077100 | grad_norm=0.619833 | learning_rate=0.000013 | epoch=1.182530
2026-02-19 08:22:51.228 | INFO     | __main__:on_log:99 - step=10280 | loss=0.067700 | grad_norm=0.920062 | learning_rate=0.000013 | epoch=1.183105
2026-02-19 08:22:59.024 | INFO     | __main__:on_log:99 - step=10285 | loss=0.060400 | grad_norm=0.646309 | learning_rate=0.000013 | epoch=1.183681
2026-02-19 08:23:06.816 | INFO     | __main__:on_log:99 - step=10290 | loss=0.067500 | grad_norm=0.594245 | learning_rate=0.000013 | epoch=1.184256
2026-02-19 08:23:14.612 | INFO     | __main__:on_log:99 - step=10295 | loss=0.061700 | grad_norm=0.597363 | learning_rate=0.000013 | epoch=1.184831
2026-02-19 08:23:22.405 | INFO     | __main__:on_log:99 - step=10300 | loss=0.097500 | grad_norm=0.763748 | learning_rate=0.000013 | epoch=1.185407
2026-02-19 08:23:30.203 | INFO     | __main__:on_log:99 - step=10305 | loss=0.079600 | grad_norm=0.674311 | learning_rate=0.000013 | epoch=1.185982
2026-02-19 08:23:37.999 | INFO     | __main__:on_log:99 - step=10310 | loss=0.058200 | grad_norm=0.389933 | learning_rate=0.000013 | epoch=1.186558
2026-02-19 08:23:45.795 | INFO     | __main__:on_log:99 - step=10315 | loss=0.068000 | grad_norm=0.793967 | learning_rate=0.000013 | epoch=1.187133
2026-02-19 08:23:53.589 | INFO     | __main__:on_log:99 - step=10320 | loss=0.066200 | grad_norm=0.499645 | learning_rate=0.000013 | epoch=1.187709
2026-02-19 08:24:01.384 | INFO     | __main__:on_log:99 - step=10325 | loss=0.059900 | grad_norm=0.571592 | learning_rate=0.000013 | epoch=1.188284
2026-02-19 08:24:09.178 | INFO     | __main__:on_log:99 - step=10330 | loss=0.060400 | grad_norm=0.856076 | learning_rate=0.000013 | epoch=1.188859
2026-02-19 08:24:16.974 | INFO     | __main__:on_log:99 - step=10335 | loss=0.068000 | grad_norm=0.540001 | learning_rate=0.000013 | epoch=1.189435
2026-02-19 08:24:24.769 | INFO     | __main__:on_log:99 - step=10340 | loss=0.078600 | grad_norm=0.878517 | learning_rate=0.000013 | epoch=1.190010
2026-02-19 08:24:32.564 | INFO     | __main__:on_log:99 - step=10345 | loss=0.078000 | grad_norm=0.850665 | learning_rate=0.000013 | epoch=1.190586
2026-02-19 08:24:40.361 | INFO     | __main__:on_log:99 - step=10350 | loss=0.083800 | grad_norm=0.734527 | learning_rate=0.000013 | epoch=1.191161
2026-02-19 08:24:48.155 | INFO     | __main__:on_log:99 - step=10355 | loss=0.062600 | grad_norm=0.556346 | learning_rate=0.000013 | epoch=1.191737
2026-02-19 08:24:55.948 | INFO     | __main__:on_log:99 - step=10360 | loss=0.063800 | grad_norm=0.684729 | learning_rate=0.000013 | epoch=1.192312
2026-02-19 08:25:03.742 | INFO     | __main__:on_log:99 - step=10365 | loss=0.064400 | grad_norm=0.602626 | learning_rate=0.000013 | epoch=1.192888
2026-02-19 08:25:11.540 | INFO     | __main__:on_log:99 - step=10370 | loss=0.062100 | grad_norm=0.665983 | learning_rate=0.000013 | epoch=1.193463
2026-02-19 08:25:19.336 | INFO     | __main__:on_log:99 - step=10375 | loss=0.046600 | grad_norm=0.563430 | learning_rate=0.000013 | epoch=1.194038
2026-02-19 08:25:27.131 | INFO     | __main__:on_log:99 - step=10380 | loss=0.069200 | grad_norm=0.660788 | learning_rate=0.000013 | epoch=1.194614
2026-02-19 08:25:34.927 | INFO     | __main__:on_log:99 - step=10385 | loss=0.084300 | grad_norm=0.757205 | learning_rate=0.000013 | epoch=1.195189
2026-02-19 08:25:42.721 | INFO     | __main__:on_log:99 - step=10390 | loss=0.061100 | grad_norm=0.833251 | learning_rate=0.000013 | epoch=1.195765
2026-02-19 08:25:50.513 | INFO     | __main__:on_log:99 - step=10395 | loss=0.069700 | grad_norm=0.918273 | learning_rate=0.000013 | epoch=1.196340
2026-02-19 08:25:58.308 | INFO     | __main__:on_log:99 - step=10400 | loss=0.078900 | grad_norm=0.957710 | learning_rate=0.000013 | epoch=1.196916
2026-02-19 08:26:06.101 | INFO     | __main__:on_log:99 - step=10405 | loss=0.090000 | grad_norm=0.569233 | learning_rate=0.000013 | epoch=1.197491
2026-02-19 08:26:13.896 | INFO     | __main__:on_log:99 - step=10410 | loss=0.055800 | grad_norm=0.467745 | learning_rate=0.000013 | epoch=1.198067
2026-02-19 08:26:21.691 | INFO     | __main__:on_log:99 - step=10415 | loss=0.111800 | grad_norm=0.619933 | learning_rate=0.000013 | epoch=1.198642
2026-02-19 08:26:29.488 | INFO     | __main__:on_log:99 - step=10420 | loss=0.035100 | grad_norm=0.366890 | learning_rate=0.000013 | epoch=1.199217
2026-02-19 08:26:37.281 | INFO     | __main__:on_log:99 - step=10425 | loss=0.067200 | grad_norm=0.547644 | learning_rate=0.000013 | epoch=1.199793
2026-02-19 08:26:45.077 | INFO     | __main__:on_log:99 - step=10430 | loss=0.082100 | grad_norm=0.632793 | learning_rate=0.000013 | epoch=1.200368
2026-02-19 08:26:52.871 | INFO     | __main__:on_log:99 - step=10435 | loss=0.060000 | grad_norm=1.085494 | learning_rate=0.000013 | epoch=1.200944
2026-02-19 08:27:00.668 | INFO     | __main__:on_log:99 - step=10440 | loss=0.062100 | grad_norm=0.971385 | learning_rate=0.000013 | epoch=1.201519
2026-02-19 08:27:08.465 | INFO     | __main__:on_log:99 - step=10445 | loss=0.082400 | grad_norm=1.135306 | learning_rate=0.000013 | epoch=1.202095
2026-02-19 08:27:16.262 | INFO     | __main__:on_log:99 - step=10450 | loss=0.052200 | grad_norm=0.566069 | learning_rate=0.000013 | epoch=1.202670
