2026-02-19 07:26:10.293 | INFO     | __main__:main:156 - ============================================================
2026-02-19 07:26:10.293 | INFO     | __main__:main:157 - 모델: Qwen/Qwen2.5-7B-Instruct
2026-02-19 07:26:10.294 | INFO     | __main__:main:158 - 출력 경로: /root/SKN20-FINAL-2TEAM/SLLM_model/outputs/qwen2.5-7b
2026-02-19 07:26:10.294 | INFO     | __main__:main:159 - epochs=2, batch_size=2, lr=3e-05
2026-02-19 07:26:10.294 | INFO     | __main__:main:160 - ============================================================
2026-02-19 07:26:14.627 | INFO     | __main__:load_sft_data:129 - 데이터 로드: 17377건 (/root/SKN20-FINAL-2TEAM/SLLM_model/data/sllm_qwen_data/sllm_train.xlsx)
2026-02-19 07:26:17.303 | INFO     | __main__:load_sft_data:145 - 유효 샘플: 17377건
2026-02-19 07:26:19.837 | INFO     | __main__:load_sft_data:129 - 데이터 로드: 4317건 (/root/SKN20-FINAL-2TEAM/SLLM_model/data/sllm_qwen_data/sllm_test.xlsx)
2026-02-19 07:26:20.543 | INFO     | __main__:load_sft_data:145 - 유효 샘플: 4317건
2026-02-19 07:33:50.380 | INFO     | __main__:main:297 - 학습 시작...
2026-02-19 07:34:10.908 | INFO     | __main__:on_log:99 - step=5 | loss=0.552400 | grad_norm=1.435994 | learning_rate=0.000000 | epoch=0.000575
2026-02-19 07:34:30.824 | INFO     | __main__:on_log:99 - step=10 | loss=0.687900 | grad_norm=1.091448 | learning_rate=0.000000 | epoch=0.001151
2026-02-19 07:34:50.800 | INFO     | __main__:on_log:99 - step=15 | loss=0.498000 | grad_norm=0.677696 | learning_rate=0.000000 | epoch=0.001726
2026-02-19 07:35:10.775 | INFO     | __main__:on_log:99 - step=20 | loss=0.581100 | grad_norm=0.846633 | learning_rate=0.000001 | epoch=0.002302
2026-02-19 07:35:30.768 | INFO     | __main__:on_log:99 - step=25 | loss=0.479300 | grad_norm=0.400338 | learning_rate=0.000001 | epoch=0.002877
2026-02-19 07:35:50.760 | INFO     | __main__:on_log:99 - step=30 | loss=0.575900 | grad_norm=0.569616 | learning_rate=0.000001 | epoch=0.003453
2026-02-19 07:36:10.751 | INFO     | __main__:on_log:99 - step=35 | loss=0.488200 | grad_norm=0.655877 | learning_rate=0.000001 | epoch=0.004028
2026-02-19 07:36:30.751 | INFO     | __main__:on_log:99 - step=40 | loss=0.397500 | grad_norm=0.552805 | learning_rate=0.000001 | epoch=0.004604
2026-02-19 07:36:50.700 | INFO     | __main__:on_log:99 - step=45 | loss=0.557600 | grad_norm=0.695592 | learning_rate=0.000002 | epoch=0.005179
2026-02-19 07:37:10.666 | INFO     | __main__:on_log:99 - step=50 | loss=0.517900 | grad_norm=0.520478 | learning_rate=0.000002 | epoch=0.005754
2026-02-19 07:37:30.631 | INFO     | __main__:on_log:99 - step=55 | loss=0.414400 | grad_norm=0.901407 | learning_rate=0.000002 | epoch=0.006330
2026-02-19 07:37:50.580 | INFO     | __main__:on_log:99 - step=60 | loss=0.505000 | grad_norm=0.598653 | learning_rate=0.000002 | epoch=0.006905
2026-02-19 07:38:10.536 | INFO     | __main__:on_log:99 - step=65 | loss=0.473800 | grad_norm=0.795041 | learning_rate=0.000002 | epoch=0.007481
2026-02-19 07:38:30.461 | INFO     | __main__:on_log:99 - step=70 | loss=0.642700 | grad_norm=0.990660 | learning_rate=0.000002 | epoch=0.008056
2026-02-19 07:38:50.421 | INFO     | __main__:on_log:99 - step=75 | loss=0.394100 | grad_norm=0.840739 | learning_rate=0.000003 | epoch=0.008632
2026-02-19 07:39:10.392 | INFO     | __main__:on_log:99 - step=80 | loss=0.428800 | grad_norm=0.792009 | learning_rate=0.000003 | epoch=0.009207
2026-02-19 07:39:30.356 | INFO     | __main__:on_log:99 - step=85 | loss=0.424600 | grad_norm=0.361620 | learning_rate=0.000003 | epoch=0.009782
2026-02-19 07:39:50.312 | INFO     | __main__:on_log:99 - step=90 | loss=0.475000 | grad_norm=1.054215 | learning_rate=0.000003 | epoch=0.010358
2026-02-19 07:40:10.241 | INFO     | __main__:on_log:99 - step=95 | loss=0.470500 | grad_norm=0.630209 | learning_rate=0.000003 | epoch=0.010933
2026-02-19 07:40:30.151 | INFO     | __main__:on_log:99 - step=100 | loss=0.463500 | grad_norm=1.041786 | learning_rate=0.000003 | epoch=0.011509
2026-02-19 07:40:50.084 | INFO     | __main__:on_log:99 - step=105 | loss=0.423900 | grad_norm=0.512318 | learning_rate=0.000004 | epoch=0.012084
2026-02-19 07:41:10.064 | INFO     | __main__:on_log:99 - step=110 | loss=0.385700 | grad_norm=0.552337 | learning_rate=0.000004 | epoch=0.012660
2026-02-19 07:41:30.007 | INFO     | __main__:on_log:99 - step=115 | loss=0.403200 | grad_norm=0.664336 | learning_rate=0.000004 | epoch=0.013235
2026-02-19 07:41:49.982 | INFO     | __main__:on_log:99 - step=120 | loss=0.365500 | grad_norm=0.622743 | learning_rate=0.000004 | epoch=0.013811
2026-02-19 07:42:09.951 | INFO     | __main__:on_log:99 - step=125 | loss=0.330100 | grad_norm=0.613290 | learning_rate=0.000004 | epoch=0.014386
2026-02-19 07:42:29.927 | INFO     | __main__:on_log:99 - step=130 | loss=0.317800 | grad_norm=0.706145 | learning_rate=0.000004 | epoch=0.014961
2026-02-19 07:42:49.933 | INFO     | __main__:on_log:99 - step=135 | loss=0.285100 | grad_norm=0.847294 | learning_rate=0.000005 | epoch=0.015537
2026-02-19 07:43:09.960 | INFO     | __main__:on_log:99 - step=140 | loss=0.310700 | grad_norm=0.802039 | learning_rate=0.000005 | epoch=0.016112
2026-02-19 07:43:29.956 | INFO     | __main__:on_log:99 - step=145 | loss=0.263400 | grad_norm=0.721351 | learning_rate=0.000005 | epoch=0.016688
2026-02-19 07:43:49.937 | INFO     | __main__:on_log:99 - step=150 | loss=0.288100 | grad_norm=0.828417 | learning_rate=0.000005 | epoch=0.017263
2026-02-19 07:44:09.950 | INFO     | __main__:on_log:99 - step=155 | loss=0.249000 | grad_norm=0.889752 | learning_rate=0.000005 | epoch=0.017839
2026-02-19 07:44:29.965 | INFO     | __main__:on_log:99 - step=160 | loss=0.257500 | grad_norm=0.560007 | learning_rate=0.000005 | epoch=0.018414
2026-02-19 07:44:49.964 | INFO     | __main__:on_log:99 - step=165 | loss=0.156200 | grad_norm=0.595326 | learning_rate=0.000006 | epoch=0.018990
2026-02-19 07:45:09.942 | INFO     | __main__:on_log:99 - step=170 | loss=0.224000 | grad_norm=1.154304 | learning_rate=0.000006 | epoch=0.019565
2026-02-19 07:45:29.929 | INFO     | __main__:on_log:99 - step=175 | loss=0.200700 | grad_norm=0.596670 | learning_rate=0.000006 | epoch=0.020140
2026-02-19 07:45:49.906 | INFO     | __main__:on_log:99 - step=180 | loss=0.232100 | grad_norm=0.876994 | learning_rate=0.000006 | epoch=0.020716
2026-02-19 07:46:09.843 | INFO     | __main__:on_log:99 - step=185 | loss=0.232300 | grad_norm=0.849970 | learning_rate=0.000006 | epoch=0.021291
2026-02-19 07:46:29.811 | INFO     | __main__:on_log:99 - step=190 | loss=0.184900 | grad_norm=1.284592 | learning_rate=0.000007 | epoch=0.021867
2026-02-19 07:46:49.789 | INFO     | __main__:on_log:99 - step=195 | loss=0.131100 | grad_norm=0.550137 | learning_rate=0.000007 | epoch=0.022442
2026-02-19 07:47:09.755 | INFO     | __main__:on_log:99 - step=200 | loss=0.212200 | grad_norm=0.494445 | learning_rate=0.000007 | epoch=0.023018
2026-02-19 07:47:29.701 | INFO     | __main__:on_log:99 - step=205 | loss=0.194300 | grad_norm=0.960143 | learning_rate=0.000007 | epoch=0.023593
2026-02-19 07:47:49.657 | INFO     | __main__:on_log:99 - step=210 | loss=0.177200 | grad_norm=0.588124 | learning_rate=0.000007 | epoch=0.024168
2026-02-19 07:48:09.582 | INFO     | __main__:on_log:99 - step=215 | loss=0.158000 | grad_norm=0.623602 | learning_rate=0.000007 | epoch=0.024744
2026-02-19 07:48:29.546 | INFO     | __main__:on_log:99 - step=220 | loss=0.225500 | grad_norm=0.542749 | learning_rate=0.000008 | epoch=0.025319
2026-02-19 07:48:49.508 | INFO     | __main__:on_log:99 - step=225 | loss=0.171800 | grad_norm=0.519604 | learning_rate=0.000008 | epoch=0.025895
2026-02-19 07:49:09.456 | INFO     | __main__:on_log:99 - step=230 | loss=0.179200 | grad_norm=1.368348 | learning_rate=0.000008 | epoch=0.026470
2026-02-19 07:49:29.419 | INFO     | __main__:on_log:99 - step=235 | loss=0.185300 | grad_norm=0.682014 | learning_rate=0.000008 | epoch=0.027046
2026-02-19 07:49:49.383 | INFO     | __main__:on_log:99 - step=240 | loss=0.127100 | grad_norm=0.810949 | learning_rate=0.000008 | epoch=0.027621
2026-02-19 07:50:09.335 | INFO     | __main__:on_log:99 - step=245 | loss=0.136600 | grad_norm=3.882714 | learning_rate=0.000008 | epoch=0.028197
2026-02-19 07:50:29.304 | INFO     | __main__:on_log:99 - step=250 | loss=0.149500 | grad_norm=1.283302 | learning_rate=0.000009 | epoch=0.028772
2026-02-19 07:50:49.281 | INFO     | __main__:on_log:99 - step=255 | loss=0.177600 | grad_norm=0.733185 | learning_rate=0.000009 | epoch=0.029347
2026-02-19 07:51:09.233 | INFO     | __main__:on_log:99 - step=260 | loss=0.139900 | grad_norm=0.703544 | learning_rate=0.000009 | epoch=0.029923
2026-02-19 07:51:29.198 | INFO     | __main__:on_log:99 - step=265 | loss=0.193100 | grad_norm=0.688802 | learning_rate=0.000009 | epoch=0.030498
2026-02-19 07:51:49.193 | INFO     | __main__:on_log:99 - step=270 | loss=0.142800 | grad_norm=0.653256 | learning_rate=0.000009 | epoch=0.031074
2026-02-19 07:52:09.165 | INFO     | __main__:on_log:99 - step=275 | loss=0.120000 | grad_norm=0.757314 | learning_rate=0.000009 | epoch=0.031649
2026-02-19 07:52:29.108 | INFO     | __main__:on_log:99 - step=280 | loss=0.156800 | grad_norm=0.854593 | learning_rate=0.000010 | epoch=0.032225
2026-02-19 07:52:49.061 | INFO     | __main__:on_log:99 - step=285 | loss=0.155500 | grad_norm=1.306732 | learning_rate=0.000010 | epoch=0.032800
2026-02-19 07:53:09.001 | INFO     | __main__:on_log:99 - step=290 | loss=0.100800 | grad_norm=0.769658 | learning_rate=0.000010 | epoch=0.033376
2026-02-19 07:53:28.950 | INFO     | __main__:on_log:99 - step=295 | loss=0.143800 | grad_norm=0.675249 | learning_rate=0.000010 | epoch=0.033951
2026-02-19 07:53:48.888 | INFO     | __main__:on_log:99 - step=300 | loss=0.173800 | grad_norm=0.909671 | learning_rate=0.000010 | epoch=0.034526
2026-02-19 07:54:08.827 | INFO     | __main__:on_log:99 - step=305 | loss=0.150300 | grad_norm=0.587634 | learning_rate=0.000010 | epoch=0.035102
2026-02-19 07:54:28.792 | INFO     | __main__:on_log:99 - step=310 | loss=0.124300 | grad_norm=0.470321 | learning_rate=0.000011 | epoch=0.035677
2026-02-19 07:54:48.717 | INFO     | __main__:on_log:99 - step=315 | loss=0.162500 | grad_norm=0.737847 | learning_rate=0.000011 | epoch=0.036253
2026-02-19 07:55:08.640 | INFO     | __main__:on_log:99 - step=320 | loss=0.117100 | grad_norm=0.702833 | learning_rate=0.000011 | epoch=0.036828
2026-02-19 07:55:28.590 | INFO     | __main__:on_log:99 - step=325 | loss=0.154700 | grad_norm=0.931617 | learning_rate=0.000011 | epoch=0.037404
2026-02-19 07:55:48.534 | INFO     | __main__:on_log:99 - step=330 | loss=0.126200 | grad_norm=0.805779 | learning_rate=0.000011 | epoch=0.037979
2026-02-19 07:56:08.479 | INFO     | __main__:on_log:99 - step=335 | loss=0.173400 | grad_norm=1.014392 | learning_rate=0.000012 | epoch=0.038554
2026-02-19 07:56:28.444 | INFO     | __main__:on_log:99 - step=340 | loss=0.141100 | grad_norm=0.925397 | learning_rate=0.000012 | epoch=0.039130
2026-02-19 07:56:48.391 | INFO     | __main__:on_log:99 - step=345 | loss=0.111200 | grad_norm=0.779686 | learning_rate=0.000012 | epoch=0.039705
2026-02-19 07:57:08.337 | INFO     | __main__:on_log:99 - step=350 | loss=0.110500 | grad_norm=0.721973 | learning_rate=0.000012 | epoch=0.040281
2026-02-19 07:57:28.288 | INFO     | __main__:on_log:99 - step=355 | loss=0.101000 | grad_norm=0.607883 | learning_rate=0.000012 | epoch=0.040856
2026-02-19 07:57:48.259 | INFO     | __main__:on_log:99 - step=360 | loss=0.140500 | grad_norm=0.952347 | learning_rate=0.000012 | epoch=0.041432
2026-02-19 07:58:08.184 | INFO     | __main__:on_log:99 - step=365 | loss=0.113200 | grad_norm=0.865617 | learning_rate=0.000013 | epoch=0.042007
2026-02-19 07:58:28.127 | INFO     | __main__:on_log:99 - step=370 | loss=0.153600 | grad_norm=0.533242 | learning_rate=0.000013 | epoch=0.042583
2026-02-19 07:58:48.071 | INFO     | __main__:on_log:99 - step=375 | loss=0.136000 | grad_norm=0.559229 | learning_rate=0.000013 | epoch=0.043158
2026-02-19 07:59:07.990 | INFO     | __main__:on_log:99 - step=380 | loss=0.116100 | grad_norm=0.634014 | learning_rate=0.000013 | epoch=0.043733
2026-02-19 07:59:27.933 | INFO     | __main__:on_log:99 - step=385 | loss=0.111800 | grad_norm=0.591081 | learning_rate=0.000013 | epoch=0.044309
2026-02-19 07:59:47.901 | INFO     | __main__:on_log:99 - step=390 | loss=0.126100 | grad_norm=0.583431 | learning_rate=0.000013 | epoch=0.044884
2026-02-19 08:00:07.805 | INFO     | __main__:on_log:99 - step=395 | loss=0.131400 | grad_norm=0.724681 | learning_rate=0.000014 | epoch=0.045460
2026-02-19 08:00:27.749 | INFO     | __main__:on_log:99 - step=400 | loss=0.131900 | grad_norm=0.507381 | learning_rate=0.000014 | epoch=0.046035
2026-02-19 08:00:47.676 | INFO     | __main__:on_log:99 - step=405 | loss=0.147100 | grad_norm=0.892460 | learning_rate=0.000014 | epoch=0.046611
2026-02-19 08:01:07.631 | INFO     | __main__:on_log:99 - step=410 | loss=0.114000 | grad_norm=1.053505 | learning_rate=0.000014 | epoch=0.047186
2026-02-19 08:01:27.577 | INFO     | __main__:on_log:99 - step=415 | loss=0.118100 | grad_norm=0.657929 | learning_rate=0.000014 | epoch=0.047762
2026-02-19 08:01:47.521 | INFO     | __main__:on_log:99 - step=420 | loss=0.094300 | grad_norm=0.813407 | learning_rate=0.000014 | epoch=0.048337
2026-02-19 08:02:07.505 | INFO     | __main__:on_log:99 - step=425 | loss=0.105600 | grad_norm=0.877677 | learning_rate=0.000015 | epoch=0.048912
2026-02-19 08:02:27.486 | INFO     | __main__:on_log:99 - step=430 | loss=0.134600 | grad_norm=0.853234 | learning_rate=0.000015 | epoch=0.049488
2026-02-19 08:02:47.452 | INFO     | __main__:on_log:99 - step=435 | loss=0.118200 | grad_norm=0.595040 | learning_rate=0.000015 | epoch=0.050063
2026-02-19 08:03:07.412 | INFO     | __main__:on_log:99 - step=440 | loss=0.099700 | grad_norm=0.600562 | learning_rate=0.000015 | epoch=0.050639
2026-02-19 08:03:27.355 | INFO     | __main__:on_log:99 - step=445 | loss=0.132400 | grad_norm=0.614911 | learning_rate=0.000015 | epoch=0.051214
2026-02-19 08:03:47.318 | INFO     | __main__:on_log:99 - step=450 | loss=0.115200 | grad_norm=0.944914 | learning_rate=0.000016 | epoch=0.051790
2026-02-19 08:04:07.263 | INFO     | __main__:on_log:99 - step=455 | loss=0.097200 | grad_norm=0.987133 | learning_rate=0.000016 | epoch=0.052365
2026-02-19 08:04:27.205 | INFO     | __main__:on_log:99 - step=460 | loss=0.117100 | grad_norm=0.728057 | learning_rate=0.000016 | epoch=0.052940
2026-02-19 08:04:47.159 | INFO     | __main__:on_log:99 - step=465 | loss=0.107000 | grad_norm=0.654993 | learning_rate=0.000016 | epoch=0.053516
2026-02-19 08:05:07.097 | INFO     | __main__:on_log:99 - step=470 | loss=0.115400 | grad_norm=0.728237 | learning_rate=0.000016 | epoch=0.054091
2026-02-19 08:05:27.055 | INFO     | __main__:on_log:99 - step=475 | loss=0.120300 | grad_norm=0.750670 | learning_rate=0.000016 | epoch=0.054667
2026-02-19 08:05:46.994 | INFO     | __main__:on_log:99 - step=480 | loss=0.121000 | grad_norm=0.420673 | learning_rate=0.000017 | epoch=0.055242
2026-02-19 08:06:06.967 | INFO     | __main__:on_log:99 - step=485 | loss=0.102000 | grad_norm=0.692880 | learning_rate=0.000017 | epoch=0.055818
2026-02-19 08:06:26.940 | INFO     | __main__:on_log:99 - step=490 | loss=0.079200 | grad_norm=0.846131 | learning_rate=0.000017 | epoch=0.056393
2026-02-19 08:06:46.912 | INFO     | __main__:on_log:99 - step=495 | loss=0.092300 | grad_norm=1.192782 | learning_rate=0.000017 | epoch=0.056969
2026-02-19 08:07:06.877 | INFO     | __main__:on_log:99 - step=500 | loss=0.109900 | grad_norm=0.733477 | learning_rate=0.000017 | epoch=0.057544
2026-02-19 08:07:26.847 | INFO     | __main__:on_log:99 - step=505 | loss=0.133100 | grad_norm=0.477677 | learning_rate=0.000017 | epoch=0.058119
2026-02-19 08:07:46.803 | INFO     | __main__:on_log:99 - step=510 | loss=0.107700 | grad_norm=0.642253 | learning_rate=0.000018 | epoch=0.058695
2026-02-19 08:08:06.765 | INFO     | __main__:on_log:99 - step=515 | loss=0.165900 | grad_norm=0.583845 | learning_rate=0.000018 | epoch=0.059270
2026-02-19 08:08:26.718 | INFO     | __main__:on_log:99 - step=520 | loss=0.132700 | grad_norm=0.533408 | learning_rate=0.000018 | epoch=0.059846
2026-02-19 08:08:46.725 | INFO     | __main__:on_log:99 - step=525 | loss=0.115700 | grad_norm=0.565775 | learning_rate=0.000018 | epoch=0.060421
2026-02-19 08:09:06.672 | INFO     | __main__:on_log:99 - step=530 | loss=0.122200 | grad_norm=0.676040 | learning_rate=0.000018 | epoch=0.060997
2026-02-19 08:09:26.649 | INFO     | __main__:on_log:99 - step=535 | loss=0.113900 | grad_norm=0.706710 | learning_rate=0.000018 | epoch=0.061572
2026-02-19 08:09:46.608 | INFO     | __main__:on_log:99 - step=540 | loss=0.091400 | grad_norm=0.564271 | learning_rate=0.000019 | epoch=0.062148
2026-02-19 08:10:06.578 | INFO     | __main__:on_log:99 - step=545 | loss=0.119100 | grad_norm=0.827513 | learning_rate=0.000019 | epoch=0.062723
2026-02-19 08:10:26.597 | INFO     | __main__:on_log:99 - step=550 | loss=0.085900 | grad_norm=0.504464 | learning_rate=0.000019 | epoch=0.063298
2026-02-19 08:10:46.561 | INFO     | __main__:on_log:99 - step=555 | loss=0.091800 | grad_norm=0.699909 | learning_rate=0.000019 | epoch=0.063874
2026-02-19 08:11:06.525 | INFO     | __main__:on_log:99 - step=560 | loss=0.129200 | grad_norm=0.992442 | learning_rate=0.000019 | epoch=0.064449
2026-02-19 08:11:26.493 | INFO     | __main__:on_log:99 - step=565 | loss=0.099800 | grad_norm=0.511399 | learning_rate=0.000019 | epoch=0.065025
2026-02-19 08:11:46.426 | INFO     | __main__:on_log:99 - step=570 | loss=0.097300 | grad_norm=1.316861 | learning_rate=0.000020 | epoch=0.065600
2026-02-19 08:12:06.365 | INFO     | __main__:on_log:99 - step=575 | loss=0.140700 | grad_norm=0.826859 | learning_rate=0.000020 | epoch=0.066176
2026-02-19 08:12:26.315 | INFO     | __main__:on_log:99 - step=580 | loss=0.131900 | grad_norm=0.657107 | learning_rate=0.000020 | epoch=0.066751
2026-02-19 08:12:46.309 | INFO     | __main__:on_log:99 - step=585 | loss=0.114400 | grad_norm=0.814063 | learning_rate=0.000020 | epoch=0.067327
2026-02-19 08:13:06.269 | INFO     | __main__:on_log:99 - step=590 | loss=0.104100 | grad_norm=1.142959 | learning_rate=0.000020 | epoch=0.067902
2026-02-19 08:13:26.192 | INFO     | __main__:on_log:99 - step=595 | loss=0.105900 | grad_norm=0.719558 | learning_rate=0.000021 | epoch=0.068477
2026-02-19 08:13:46.132 | INFO     | __main__:on_log:99 - step=600 | loss=0.105900 | grad_norm=1.168174 | learning_rate=0.000021 | epoch=0.069053
2026-02-19 08:14:06.086 | INFO     | __main__:on_log:99 - step=605 | loss=0.093800 | grad_norm=0.514961 | learning_rate=0.000021 | epoch=0.069628
2026-02-19 08:14:26.028 | INFO     | __main__:on_log:99 - step=610 | loss=0.124400 | grad_norm=0.727206 | learning_rate=0.000021 | epoch=0.070204
2026-02-19 08:14:45.969 | INFO     | __main__:on_log:99 - step=615 | loss=0.144800 | grad_norm=0.743879 | learning_rate=0.000021 | epoch=0.070779
2026-02-19 08:15:05.925 | INFO     | __main__:on_log:99 - step=620 | loss=0.120400 | grad_norm=0.780556 | learning_rate=0.000021 | epoch=0.071355
2026-02-19 08:15:25.875 | INFO     | __main__:on_log:99 - step=625 | loss=0.097100 | grad_norm=0.613267 | learning_rate=0.000022 | epoch=0.071930
2026-02-19 08:15:45.820 | INFO     | __main__:on_log:99 - step=630 | loss=0.078100 | grad_norm=0.556527 | learning_rate=0.000022 | epoch=0.072505
2026-02-19 08:16:05.784 | INFO     | __main__:on_log:99 - step=635 | loss=0.108900 | grad_norm=0.699192 | learning_rate=0.000022 | epoch=0.073081
2026-02-19 08:16:25.745 | INFO     | __main__:on_log:99 - step=640 | loss=0.092600 | grad_norm=0.610285 | learning_rate=0.000022 | epoch=0.073656
2026-02-19 08:16:45.688 | INFO     | __main__:on_log:99 - step=645 | loss=0.115500 | grad_norm=0.798720 | learning_rate=0.000022 | epoch=0.074232
2026-02-19 08:17:05.636 | INFO     | __main__:on_log:99 - step=650 | loss=0.125300 | grad_norm=0.903481 | learning_rate=0.000022 | epoch=0.074807
2026-02-19 08:17:25.570 | INFO     | __main__:on_log:99 - step=655 | loss=0.099900 | grad_norm=0.543936 | learning_rate=0.000023 | epoch=0.075383
2026-02-19 08:17:45.517 | INFO     | __main__:on_log:99 - step=660 | loss=0.119200 | grad_norm=0.644780 | learning_rate=0.000023 | epoch=0.075958
2026-02-19 08:18:05.454 | INFO     | __main__:on_log:99 - step=665 | loss=0.108900 | grad_norm=0.752123 | learning_rate=0.000023 | epoch=0.076534
2026-02-19 08:18:25.401 | INFO     | __main__:on_log:99 - step=670 | loss=0.090900 | grad_norm=0.951756 | learning_rate=0.000023 | epoch=0.077109
2026-02-19 08:18:45.316 | INFO     | __main__:on_log:99 - step=675 | loss=0.115000 | grad_norm=0.743795 | learning_rate=0.000023 | epoch=0.077684
2026-02-19 08:19:05.264 | INFO     | __main__:on_log:99 - step=680 | loss=0.107700 | grad_norm=0.553023 | learning_rate=0.000023 | epoch=0.078260
2026-02-19 08:19:25.223 | INFO     | __main__:on_log:99 - step=685 | loss=0.108900 | grad_norm=0.472541 | learning_rate=0.000024 | epoch=0.078835
2026-02-19 08:19:45.167 | INFO     | __main__:on_log:99 - step=690 | loss=0.093600 | grad_norm=0.764651 | learning_rate=0.000024 | epoch=0.079411
2026-02-19 08:20:05.120 | INFO     | __main__:on_log:99 - step=695 | loss=0.085500 | grad_norm=0.400638 | learning_rate=0.000024 | epoch=0.079986
2026-02-19 08:20:25.051 | INFO     | __main__:on_log:99 - step=700 | loss=0.092500 | grad_norm=0.631389 | learning_rate=0.000024 | epoch=0.080562
2026-02-19 08:20:45.010 | INFO     | __main__:on_log:99 - step=705 | loss=0.091200 | grad_norm=0.746804 | learning_rate=0.000024 | epoch=0.081137
2026-02-19 08:21:04.958 | INFO     | __main__:on_log:99 - step=710 | loss=0.086400 | grad_norm=0.733299 | learning_rate=0.000024 | epoch=0.081713
2026-02-19 08:21:24.900 | INFO     | __main__:on_log:99 - step=715 | loss=0.108700 | grad_norm=0.924188 | learning_rate=0.000025 | epoch=0.082288
2026-02-19 08:21:44.856 | INFO     | __main__:on_log:99 - step=720 | loss=0.071700 | grad_norm=0.895705 | learning_rate=0.000025 | epoch=0.082863
2026-02-19 08:22:04.822 | INFO     | __main__:on_log:99 - step=725 | loss=0.136800 | grad_norm=1.153224 | learning_rate=0.000025 | epoch=0.083439
2026-02-19 08:22:24.790 | INFO     | __main__:on_log:99 - step=730 | loss=0.105700 | grad_norm=0.875185 | learning_rate=0.000025 | epoch=0.084014
2026-02-19 08:22:44.739 | INFO     | __main__:on_log:99 - step=735 | loss=0.111600 | grad_norm=0.522686 | learning_rate=0.000025 | epoch=0.084590
2026-02-19 08:23:04.717 | INFO     | __main__:on_log:99 - step=740 | loss=0.084300 | grad_norm=0.731343 | learning_rate=0.000026 | epoch=0.085165
2026-02-19 08:23:24.673 | INFO     | __main__:on_log:99 - step=745 | loss=0.104900 | grad_norm=0.667573 | learning_rate=0.000026 | epoch=0.085741
2026-02-19 08:23:44.629 | INFO     | __main__:on_log:99 - step=750 | loss=0.116200 | grad_norm=0.748277 | learning_rate=0.000026 | epoch=0.086316
2026-02-19 08:24:04.602 | INFO     | __main__:on_log:99 - step=755 | loss=0.093900 | grad_norm=0.421428 | learning_rate=0.000026 | epoch=0.086891
2026-02-19 08:24:24.573 | INFO     | __main__:on_log:99 - step=760 | loss=0.089200 | grad_norm=0.757518 | learning_rate=0.000026 | epoch=0.087467
2026-02-19 08:24:44.563 | INFO     | __main__:on_log:99 - step=765 | loss=0.111700 | grad_norm=0.697408 | learning_rate=0.000026 | epoch=0.088042
2026-02-19 08:25:04.514 | INFO     | __main__:on_log:99 - step=770 | loss=0.118600 | grad_norm=0.616670 | learning_rate=0.000027 | epoch=0.088618
2026-02-19 08:25:24.472 | INFO     | __main__:on_log:99 - step=775 | loss=0.082200 | grad_norm=0.629048 | learning_rate=0.000027 | epoch=0.089193
2026-02-19 08:25:44.460 | INFO     | __main__:on_log:99 - step=780 | loss=0.085800 | grad_norm=0.652447 | learning_rate=0.000027 | epoch=0.089769
2026-02-19 08:26:04.414 | INFO     | __main__:on_log:99 - step=785 | loss=0.118100 | grad_norm=0.829955 | learning_rate=0.000027 | epoch=0.090344
2026-02-19 08:26:24.420 | INFO     | __main__:on_log:99 - step=790 | loss=0.087400 | grad_norm=0.510077 | learning_rate=0.000027 | epoch=0.090920
2026-02-19 08:26:44.367 | INFO     | __main__:on_log:99 - step=795 | loss=0.108200 | grad_norm=0.849570 | learning_rate=0.000027 | epoch=0.091495
2026-02-19 08:27:04.323 | INFO     | __main__:on_log:99 - step=800 | loss=0.112700 | grad_norm=0.990407 | learning_rate=0.000028 | epoch=0.092070
2026-02-19 08:27:24.257 | INFO     | __main__:on_log:99 - step=805 | loss=0.083400 | grad_norm=0.760745 | learning_rate=0.000028 | epoch=0.092646
2026-02-19 08:27:44.193 | INFO     | __main__:on_log:99 - step=810 | loss=0.091300 | grad_norm=0.458198 | learning_rate=0.000028 | epoch=0.093221
2026-02-19 08:28:04.162 | INFO     | __main__:on_log:99 - step=815 | loss=0.065500 | grad_norm=0.426170 | learning_rate=0.000028 | epoch=0.093797
2026-02-19 08:28:24.109 | INFO     | __main__:on_log:99 - step=820 | loss=0.088500 | grad_norm=0.360146 | learning_rate=0.000028 | epoch=0.094372
2026-02-19 08:28:44.048 | INFO     | __main__:on_log:99 - step=825 | loss=0.076600 | grad_norm=0.510766 | learning_rate=0.000028 | epoch=0.094948
2026-02-19 08:29:04.026 | INFO     | __main__:on_log:99 - step=830 | loss=0.105600 | grad_norm=0.656635 | learning_rate=0.000029 | epoch=0.095523
2026-02-19 08:29:23.974 | INFO     | __main__:on_log:99 - step=835 | loss=0.085800 | grad_norm=0.630187 | learning_rate=0.000029 | epoch=0.096099
2026-02-19 08:29:43.931 | INFO     | __main__:on_log:99 - step=840 | loss=0.050700 | grad_norm=0.684153 | learning_rate=0.000029 | epoch=0.096674
2026-02-19 08:30:03.894 | INFO     | __main__:on_log:99 - step=845 | loss=0.118500 | grad_norm=1.234888 | learning_rate=0.000029 | epoch=0.097249
2026-02-19 08:30:23.863 | INFO     | __main__:on_log:99 - step=850 | loss=0.076100 | grad_norm=0.500957 | learning_rate=0.000029 | epoch=0.097825
2026-02-19 08:30:43.838 | INFO     | __main__:on_log:99 - step=855 | loss=0.084800 | grad_norm=0.655906 | learning_rate=0.000029 | epoch=0.098400
2026-02-19 08:31:03.818 | INFO     | __main__:on_log:99 - step=860 | loss=0.088300 | grad_norm=0.712080 | learning_rate=0.000030 | epoch=0.098976
2026-02-19 08:31:23.815 | INFO     | __main__:on_log:99 - step=865 | loss=0.087900 | grad_norm=0.460152 | learning_rate=0.000030 | epoch=0.099551
2026-02-19 08:31:43.801 | INFO     | __main__:on_log:99 - step=870 | loss=0.119700 | grad_norm=1.292341 | learning_rate=0.000030 | epoch=0.100127
2026-02-19 08:32:03.750 | INFO     | __main__:on_log:99 - step=875 | loss=0.084100 | grad_norm=0.499390 | learning_rate=0.000030 | epoch=0.100702
2026-02-19 08:32:23.760 | INFO     | __main__:on_log:99 - step=880 | loss=0.087200 | grad_norm=0.474582 | learning_rate=0.000030 | epoch=0.101277
2026-02-19 08:32:43.732 | INFO     | __main__:on_log:99 - step=885 | loss=0.068500 | grad_norm=0.519137 | learning_rate=0.000030 | epoch=0.101853
2026-02-19 08:33:03.689 | INFO     | __main__:on_log:99 - step=890 | loss=0.081900 | grad_norm=0.465388 | learning_rate=0.000030 | epoch=0.102428
2026-02-19 08:33:23.665 | INFO     | __main__:on_log:99 - step=895 | loss=0.081900 | grad_norm=0.708680 | learning_rate=0.000030 | epoch=0.103004
2026-02-19 08:33:43.664 | INFO     | __main__:on_log:99 - step=900 | loss=0.068400 | grad_norm=0.722460 | learning_rate=0.000030 | epoch=0.103579
2026-02-19 08:34:03.646 | INFO     | __main__:on_log:99 - step=905 | loss=0.056800 | grad_norm=0.432938 | learning_rate=0.000030 | epoch=0.104155
2026-02-19 08:34:23.610 | INFO     | __main__:on_log:99 - step=910 | loss=0.091900 | grad_norm=0.533897 | learning_rate=0.000030 | epoch=0.104730
2026-02-19 08:34:43.572 | INFO     | __main__:on_log:99 - step=915 | loss=0.111300 | grad_norm=0.676789 | learning_rate=0.000030 | epoch=0.105306
2026-02-19 08:35:03.533 | INFO     | __main__:on_log:99 - step=920 | loss=0.074900 | grad_norm=0.691768 | learning_rate=0.000030 | epoch=0.105881
2026-02-19 08:35:23.498 | INFO     | __main__:on_log:99 - step=925 | loss=0.122300 | grad_norm=0.784609 | learning_rate=0.000030 | epoch=0.106456
2026-02-19 08:35:43.434 | INFO     | __main__:on_log:99 - step=930 | loss=0.108800 | grad_norm=0.813701 | learning_rate=0.000030 | epoch=0.107032
2026-02-19 08:36:03.405 | INFO     | __main__:on_log:99 - step=935 | loss=0.089000 | grad_norm=0.765775 | learning_rate=0.000030 | epoch=0.107607
2026-02-19 08:36:23.384 | INFO     | __main__:on_log:99 - step=940 | loss=0.084700 | grad_norm=0.803103 | learning_rate=0.000030 | epoch=0.108183
2026-02-19 08:36:43.342 | INFO     | __main__:on_log:99 - step=945 | loss=0.088100 | grad_norm=0.913197 | learning_rate=0.000030 | epoch=0.108758
2026-02-19 08:37:03.328 | INFO     | __main__:on_log:99 - step=950 | loss=0.094000 | grad_norm=0.830845 | learning_rate=0.000030 | epoch=0.109334
2026-02-19 08:37:23.329 | INFO     | __main__:on_log:99 - step=955 | loss=0.093700 | grad_norm=0.566202 | learning_rate=0.000030 | epoch=0.109909
2026-02-19 08:37:43.278 | INFO     | __main__:on_log:99 - step=960 | loss=0.103500 | grad_norm=1.005299 | learning_rate=0.000030 | epoch=0.110485
2026-02-19 08:38:03.248 | INFO     | __main__:on_log:99 - step=965 | loss=0.106700 | grad_norm=0.835311 | learning_rate=0.000030 | epoch=0.111060
2026-02-19 08:38:23.215 | INFO     | __main__:on_log:99 - step=970 | loss=0.104100 | grad_norm=0.354742 | learning_rate=0.000030 | epoch=0.111635
2026-02-19 08:38:43.194 | INFO     | __main__:on_log:99 - step=975 | loss=0.086100 | grad_norm=0.777358 | learning_rate=0.000030 | epoch=0.112211
2026-02-19 08:39:03.160 | INFO     | __main__:on_log:99 - step=980 | loss=0.082000 | grad_norm=0.903744 | learning_rate=0.000030 | epoch=0.112786
2026-02-19 08:39:23.121 | INFO     | __main__:on_log:99 - step=985 | loss=0.108000 | grad_norm=0.485550 | learning_rate=0.000030 | epoch=0.113362
2026-02-19 08:39:43.065 | INFO     | __main__:on_log:99 - step=990 | loss=0.134800 | grad_norm=0.660969 | learning_rate=0.000030 | epoch=0.113937
2026-02-19 08:40:03.014 | INFO     | __main__:on_log:99 - step=995 | loss=0.104500 | grad_norm=0.623607 | learning_rate=0.000030 | epoch=0.114513
2026-02-19 08:40:22.978 | INFO     | __main__:on_log:99 - step=1000 | loss=0.082400 | grad_norm=0.539670 | learning_rate=0.000030 | epoch=0.115088
2026-02-19 08:40:42.950 | INFO     | __main__:on_log:99 - step=1005 | loss=0.108800 | grad_norm=0.694429 | learning_rate=0.000030 | epoch=0.115663
2026-02-19 08:41:02.917 | INFO     | __main__:on_log:99 - step=1010 | loss=0.109000 | grad_norm=0.561177 | learning_rate=0.000030 | epoch=0.116239
2026-02-19 08:41:22.915 | INFO     | __main__:on_log:99 - step=1015 | loss=0.097900 | grad_norm=0.483794 | learning_rate=0.000030 | epoch=0.116814
2026-02-19 08:41:42.930 | INFO     | __main__:on_log:99 - step=1020 | loss=0.125900 | grad_norm=0.715578 | learning_rate=0.000030 | epoch=0.117390
2026-02-19 08:42:02.905 | INFO     | __main__:on_log:99 - step=1025 | loss=0.096200 | grad_norm=0.833180 | learning_rate=0.000030 | epoch=0.117965
2026-02-19 08:42:22.854 | INFO     | __main__:on_log:99 - step=1030 | loss=0.084200 | grad_norm=0.905385 | learning_rate=0.000030 | epoch=0.118541
2026-02-19 08:42:42.821 | INFO     | __main__:on_log:99 - step=1035 | loss=0.054700 | grad_norm=0.278517 | learning_rate=0.000030 | epoch=0.119116
2026-02-19 08:43:02.779 | INFO     | __main__:on_log:99 - step=1040 | loss=0.067100 | grad_norm=0.818597 | learning_rate=0.000030 | epoch=0.119692
2026-02-19 08:43:22.737 | INFO     | __main__:on_log:99 - step=1045 | loss=0.074400 | grad_norm=0.694063 | learning_rate=0.000030 | epoch=0.120267
2026-02-19 08:43:42.731 | INFO     | __main__:on_log:99 - step=1050 | loss=0.092800 | grad_norm=0.717779 | learning_rate=0.000030 | epoch=0.120842
2026-02-19 08:44:02.702 | INFO     | __main__:on_log:99 - step=1055 | loss=0.100500 | grad_norm=0.489974 | learning_rate=0.000030 | epoch=0.121418
2026-02-19 08:44:22.675 | INFO     | __main__:on_log:99 - step=1060 | loss=0.064500 | grad_norm=0.546032 | learning_rate=0.000030 | epoch=0.121993
2026-02-19 08:44:42.672 | INFO     | __main__:on_log:99 - step=1065 | loss=0.063200 | grad_norm=0.260363 | learning_rate=0.000030 | epoch=0.122569
2026-02-19 08:45:02.646 | INFO     | __main__:on_log:99 - step=1070 | loss=0.098500 | grad_norm=0.749530 | learning_rate=0.000030 | epoch=0.123144
2026-02-19 08:45:22.642 | INFO     | __main__:on_log:99 - step=1075 | loss=0.087100 | grad_norm=0.822658 | learning_rate=0.000030 | epoch=0.123720
2026-02-19 08:45:42.620 | INFO     | __main__:on_log:99 - step=1080 | loss=0.086000 | grad_norm=0.612081 | learning_rate=0.000030 | epoch=0.124295
2026-02-19 08:46:02.614 | INFO     | __main__:on_log:99 - step=1085 | loss=0.082300 | grad_norm=0.460342 | learning_rate=0.000030 | epoch=0.124871
2026-02-19 08:46:22.574 | INFO     | __main__:on_log:99 - step=1090 | loss=0.086300 | grad_norm=1.080763 | learning_rate=0.000030 | epoch=0.125446
2026-02-19 08:46:42.560 | INFO     | __main__:on_log:99 - step=1095 | loss=0.088800 | grad_norm=0.706729 | learning_rate=0.000030 | epoch=0.126021
2026-02-19 08:47:02.505 | INFO     | __main__:on_log:99 - step=1100 | loss=0.084400 | grad_norm=0.469549 | learning_rate=0.000030 | epoch=0.126597
2026-02-19 08:47:22.493 | INFO     | __main__:on_log:99 - step=1105 | loss=0.093100 | grad_norm=0.550112 | learning_rate=0.000030 | epoch=0.127172
2026-02-19 08:47:42.445 | INFO     | __main__:on_log:99 - step=1110 | loss=0.064300 | grad_norm=0.606663 | learning_rate=0.000030 | epoch=0.127748
2026-02-19 08:48:02.415 | INFO     | __main__:on_log:99 - step=1115 | loss=0.095900 | grad_norm=0.683370 | learning_rate=0.000030 | epoch=0.128323
2026-02-19 08:48:22.356 | INFO     | __main__:on_log:99 - step=1120 | loss=0.064500 | grad_norm=0.573924 | learning_rate=0.000030 | epoch=0.128899
2026-02-19 08:48:42.309 | INFO     | __main__:on_log:99 - step=1125 | loss=0.069800 | grad_norm=0.546816 | learning_rate=0.000030 | epoch=0.129474
2026-02-19 08:49:02.256 | INFO     | __main__:on_log:99 - step=1130 | loss=0.078000 | grad_norm=0.651507 | learning_rate=0.000030 | epoch=0.130049
2026-02-19 08:49:22.201 | INFO     | __main__:on_log:99 - step=1135 | loss=0.073900 | grad_norm=0.567569 | learning_rate=0.000030 | epoch=0.130625
2026-02-19 08:49:42.153 | INFO     | __main__:on_log:99 - step=1140 | loss=0.126700 | grad_norm=0.879062 | learning_rate=0.000030 | epoch=0.131200
2026-02-19 08:50:02.138 | INFO     | __main__:on_log:99 - step=1145 | loss=0.072000 | grad_norm=0.440160 | learning_rate=0.000030 | epoch=0.131776
2026-02-19 08:50:22.095 | INFO     | __main__:on_log:99 - step=1150 | loss=0.059500 | grad_norm=0.445050 | learning_rate=0.000029 | epoch=0.132351
2026-02-19 08:50:42.066 | INFO     | __main__:on_log:99 - step=1155 | loss=0.086200 | grad_norm=0.520139 | learning_rate=0.000029 | epoch=0.132927
2026-02-19 08:51:02.056 | INFO     | __main__:on_log:99 - step=1160 | loss=0.070400 | grad_norm=0.524134 | learning_rate=0.000029 | epoch=0.133502
2026-02-19 08:51:22.022 | INFO     | __main__:on_log:99 - step=1165 | loss=0.121200 | grad_norm=0.544792 | learning_rate=0.000029 | epoch=0.134078
2026-02-19 08:51:41.962 | INFO     | __main__:on_log:99 - step=1170 | loss=0.120200 | grad_norm=0.509281 | learning_rate=0.000029 | epoch=0.134653
2026-02-19 08:52:01.921 | INFO     | __main__:on_log:99 - step=1175 | loss=0.067000 | grad_norm=0.535488 | learning_rate=0.000029 | epoch=0.135228
2026-02-19 08:52:21.860 | INFO     | __main__:on_log:99 - step=1180 | loss=0.094600 | grad_norm=0.578088 | learning_rate=0.000029 | epoch=0.135804
2026-02-19 08:52:41.790 | INFO     | __main__:on_log:99 - step=1185 | loss=0.083500 | grad_norm=0.460183 | learning_rate=0.000029 | epoch=0.136379
2026-02-19 08:53:01.742 | INFO     | __main__:on_log:99 - step=1190 | loss=0.067100 | grad_norm=0.493824 | learning_rate=0.000029 | epoch=0.136955
2026-02-19 08:53:21.671 | INFO     | __main__:on_log:99 - step=1195 | loss=0.111400 | grad_norm=0.723137 | learning_rate=0.000029 | epoch=0.137530
2026-02-19 08:53:41.633 | INFO     | __main__:on_log:99 - step=1200 | loss=0.094500 | grad_norm=0.508500 | learning_rate=0.000029 | epoch=0.138106
2026-02-19 08:54:01.612 | INFO     | __main__:on_log:99 - step=1205 | loss=0.061100 | grad_norm=0.761987 | learning_rate=0.000029 | epoch=0.138681
2026-02-19 08:54:21.551 | INFO     | __main__:on_log:99 - step=1210 | loss=0.078300 | grad_norm=0.509597 | learning_rate=0.000029 | epoch=0.139257
2026-02-19 08:54:41.472 | INFO     | __main__:on_log:99 - step=1215 | loss=0.088300 | grad_norm=0.736612 | learning_rate=0.000029 | epoch=0.139832
2026-02-19 08:55:01.466 | INFO     | __main__:on_log:99 - step=1220 | loss=0.102300 | grad_norm=0.616231 | learning_rate=0.000029 | epoch=0.140407
2026-02-19 08:55:21.438 | INFO     | __main__:on_log:99 - step=1225 | loss=0.080500 | grad_norm=0.365110 | learning_rate=0.000029 | epoch=0.140983
2026-02-19 08:55:41.408 | INFO     | __main__:on_log:99 - step=1230 | loss=0.132300 | grad_norm=0.752951 | learning_rate=0.000029 | epoch=0.141558
2026-02-19 08:56:01.350 | INFO     | __main__:on_log:99 - step=1235 | loss=0.093200 | grad_norm=0.583578 | learning_rate=0.000029 | epoch=0.142134
2026-02-19 08:56:21.328 | INFO     | __main__:on_log:99 - step=1240 | loss=0.059000 | grad_norm=0.439000 | learning_rate=0.000029 | epoch=0.142709
2026-02-19 08:56:41.259 | INFO     | __main__:on_log:99 - step=1245 | loss=0.076200 | grad_norm=0.631753 | learning_rate=0.000029 | epoch=0.143285
2026-02-19 08:57:01.198 | INFO     | __main__:on_log:99 - step=1250 | loss=0.073300 | grad_norm=0.573670 | learning_rate=0.000029 | epoch=0.143860
2026-02-19 08:57:21.166 | INFO     | __main__:on_log:99 - step=1255 | loss=0.129500 | grad_norm=0.668614 | learning_rate=0.000029 | epoch=0.144435
2026-02-19 08:57:41.137 | INFO     | __main__:on_log:99 - step=1260 | loss=0.074100 | grad_norm=0.473560 | learning_rate=0.000029 | epoch=0.145011
2026-02-19 08:58:01.090 | INFO     | __main__:on_log:99 - step=1265 | loss=0.093000 | grad_norm=0.658607 | learning_rate=0.000029 | epoch=0.145586
2026-02-19 08:58:21.043 | INFO     | __main__:on_log:99 - step=1270 | loss=0.085600 | grad_norm=0.455358 | learning_rate=0.000029 | epoch=0.146162
2026-02-19 08:58:41.005 | INFO     | __main__:on_log:99 - step=1275 | loss=0.116400 | grad_norm=0.472457 | learning_rate=0.000029 | epoch=0.146737
2026-02-19 08:59:00.940 | INFO     | __main__:on_log:99 - step=1280 | loss=0.121600 | grad_norm=0.990909 | learning_rate=0.000029 | epoch=0.147313
2026-02-19 08:59:20.893 | INFO     | __main__:on_log:99 - step=1285 | loss=0.075600 | grad_norm=0.378951 | learning_rate=0.000029 | epoch=0.147888
2026-02-19 08:59:40.854 | INFO     | __main__:on_log:99 - step=1290 | loss=0.083600 | grad_norm=0.574733 | learning_rate=0.000029 | epoch=0.148464
2026-02-19 09:00:00.800 | INFO     | __main__:on_log:99 - step=1295 | loss=0.092700 | grad_norm=0.699215 | learning_rate=0.000029 | epoch=0.149039
2026-02-19 09:00:20.756 | INFO     | __main__:on_log:99 - step=1300 | loss=0.089200 | grad_norm=0.779336 | learning_rate=0.000029 | epoch=0.149614
2026-02-19 09:00:40.710 | INFO     | __main__:on_log:99 - step=1305 | loss=0.095300 | grad_norm=0.752394 | learning_rate=0.000029 | epoch=0.150190
2026-02-19 09:01:00.682 | INFO     | __main__:on_log:99 - step=1310 | loss=0.061100 | grad_norm=0.391980 | learning_rate=0.000029 | epoch=0.150765
2026-02-19 09:01:20.636 | INFO     | __main__:on_log:99 - step=1315 | loss=0.073600 | grad_norm=0.421504 | learning_rate=0.000029 | epoch=0.151341
2026-02-19 09:01:40.591 | INFO     | __main__:on_log:99 - step=1320 | loss=0.084300 | grad_norm=0.728362 | learning_rate=0.000029 | epoch=0.151916
2026-02-19 09:02:00.526 | INFO     | __main__:on_log:99 - step=1325 | loss=0.082300 | grad_norm=0.534960 | learning_rate=0.000029 | epoch=0.152492
2026-02-19 09:02:20.496 | INFO     | __main__:on_log:99 - step=1330 | loss=0.077800 | grad_norm=0.589848 | learning_rate=0.000029 | epoch=0.153067
2026-02-19 09:02:40.446 | INFO     | __main__:on_log:99 - step=1335 | loss=0.111600 | grad_norm=0.469931 | learning_rate=0.000029 | epoch=0.153643
2026-02-19 09:03:00.381 | INFO     | __main__:on_log:99 - step=1340 | loss=0.098100 | grad_norm=0.405034 | learning_rate=0.000029 | epoch=0.154218
2026-02-19 09:03:20.305 | INFO     | __main__:on_log:99 - step=1345 | loss=0.092600 | grad_norm=0.570304 | learning_rate=0.000029 | epoch=0.154793
2026-02-19 09:03:40.267 | INFO     | __main__:on_log:99 - step=1350 | loss=0.076100 | grad_norm=0.681414 | learning_rate=0.000029 | epoch=0.155369
2026-02-19 09:04:00.223 | INFO     | __main__:on_log:99 - step=1355 | loss=0.098400 | grad_norm=0.720098 | learning_rate=0.000029 | epoch=0.155944
2026-02-19 09:04:20.176 | INFO     | __main__:on_log:99 - step=1360 | loss=0.091100 | grad_norm=0.667799 | learning_rate=0.000029 | epoch=0.156520
2026-02-19 09:04:40.118 | INFO     | __main__:on_log:99 - step=1365 | loss=0.068700 | grad_norm=0.915091 | learning_rate=0.000029 | epoch=0.157095
2026-02-19 09:05:00.079 | INFO     | __main__:on_log:99 - step=1370 | loss=0.105900 | grad_norm=0.753792 | learning_rate=0.000029 | epoch=0.157671
2026-02-19 09:05:20.037 | INFO     | __main__:on_log:99 - step=1375 | loss=0.094500 | grad_norm=0.773947 | learning_rate=0.000029 | epoch=0.158246
2026-02-19 09:05:39.970 | INFO     | __main__:on_log:99 - step=1380 | loss=0.098500 | grad_norm=0.613160 | learning_rate=0.000029 | epoch=0.158821
2026-02-19 09:05:59.912 | INFO     | __main__:on_log:99 - step=1385 | loss=0.100100 | grad_norm=0.960819 | learning_rate=0.000029 | epoch=0.159397
2026-02-19 09:06:19.842 | INFO     | __main__:on_log:99 - step=1390 | loss=0.083100 | grad_norm=0.550131 | learning_rate=0.000029 | epoch=0.159972
2026-02-19 09:06:39.800 | INFO     | __main__:on_log:99 - step=1395 | loss=0.062000 | grad_norm=0.497083 | learning_rate=0.000029 | epoch=0.160548
2026-02-19 09:06:59.742 | INFO     | __main__:on_log:99 - step=1400 | loss=0.069400 | grad_norm=0.574662 | learning_rate=0.000029 | epoch=0.161123
2026-02-19 09:07:19.657 | INFO     | __main__:on_log:99 - step=1405 | loss=0.087900 | grad_norm=0.454232 | learning_rate=0.000029 | epoch=0.161699
2026-02-19 09:07:39.593 | INFO     | __main__:on_log:99 - step=1410 | loss=0.085200 | grad_norm=0.690526 | learning_rate=0.000029 | epoch=0.162274
2026-02-19 09:07:59.516 | INFO     | __main__:on_log:99 - step=1415 | loss=0.067200 | grad_norm=0.268781 | learning_rate=0.000029 | epoch=0.162850
2026-02-19 09:08:19.496 | INFO     | __main__:on_log:99 - step=1420 | loss=0.082400 | grad_norm=0.617674 | learning_rate=0.000029 | epoch=0.163425
2026-02-19 09:08:39.451 | INFO     | __main__:on_log:99 - step=1425 | loss=0.092100 | grad_norm=0.500717 | learning_rate=0.000029 | epoch=0.164000
2026-02-19 09:08:59.436 | INFO     | __main__:on_log:99 - step=1430 | loss=0.096800 | grad_norm=0.457979 | learning_rate=0.000029 | epoch=0.164576
2026-02-19 09:09:19.413 | INFO     | __main__:on_log:99 - step=1435 | loss=0.087900 | grad_norm=0.663652 | learning_rate=0.000029 | epoch=0.165151
2026-02-19 09:09:39.389 | INFO     | __main__:on_log:99 - step=1440 | loss=0.099600 | grad_norm=0.486347 | learning_rate=0.000029 | epoch=0.165727
2026-02-19 09:09:59.354 | INFO     | __main__:on_log:99 - step=1445 | loss=0.066200 | grad_norm=0.448284 | learning_rate=0.000029 | epoch=0.166302
2026-02-19 09:10:19.320 | INFO     | __main__:on_log:99 - step=1450 | loss=0.098700 | grad_norm=0.673080 | learning_rate=0.000029 | epoch=0.166878
2026-02-19 09:10:39.304 | INFO     | __main__:on_log:99 - step=1455 | loss=0.070000 | grad_norm=0.603656 | learning_rate=0.000029 | epoch=0.167453
2026-02-19 09:10:59.282 | INFO     | __main__:on_log:99 - step=1460 | loss=0.071600 | grad_norm=0.564840 | learning_rate=0.000029 | epoch=0.168029
2026-02-19 09:11:19.260 | INFO     | __main__:on_log:99 - step=1465 | loss=0.072100 | grad_norm=0.517622 | learning_rate=0.000029 | epoch=0.168604
2026-02-19 09:11:39.226 | INFO     | __main__:on_log:99 - step=1470 | loss=0.089200 | grad_norm=0.487675 | learning_rate=0.000029 | epoch=0.169179
2026-02-19 09:11:59.238 | INFO     | __main__:on_log:99 - step=1475 | loss=0.073200 | grad_norm=0.510015 | learning_rate=0.000029 | epoch=0.169755
2026-02-19 09:12:19.178 | INFO     | __main__:on_log:99 - step=1480 | loss=0.094300 | grad_norm=0.755021 | learning_rate=0.000029 | epoch=0.170330
2026-02-19 09:12:39.153 | INFO     | __main__:on_log:99 - step=1485 | loss=0.066300 | grad_norm=0.553588 | learning_rate=0.000029 | epoch=0.170906
2026-02-19 09:12:59.131 | INFO     | __main__:on_log:99 - step=1490 | loss=0.089100 | grad_norm=0.721945 | learning_rate=0.000029 | epoch=0.171481
2026-02-19 09:13:19.075 | INFO     | __main__:on_log:99 - step=1495 | loss=0.074100 | grad_norm=0.384399 | learning_rate=0.000029 | epoch=0.172057
2026-02-19 09:13:39.042 | INFO     | __main__:on_log:99 - step=1500 | loss=0.093000 | grad_norm=0.666928 | learning_rate=0.000029 | epoch=0.172632
2026-02-19 09:13:59.010 | INFO     | __main__:on_log:99 - step=1505 | loss=0.079100 | grad_norm=0.460653 | learning_rate=0.000029 | epoch=0.173208
2026-02-19 09:14:18.938 | INFO     | __main__:on_log:99 - step=1510 | loss=0.096200 | grad_norm=0.673183 | learning_rate=0.000029 | epoch=0.173783
2026-02-19 09:14:38.879 | INFO     | __main__:on_log:99 - step=1515 | loss=0.089000 | grad_norm=0.500254 | learning_rate=0.000029 | epoch=0.174358
2026-02-19 09:14:58.850 | INFO     | __main__:on_log:99 - step=1520 | loss=0.078200 | grad_norm=0.872775 | learning_rate=0.000029 | epoch=0.174934
2026-02-19 09:15:18.771 | INFO     | __main__:on_log:99 - step=1525 | loss=0.067800 | grad_norm=0.482069 | learning_rate=0.000029 | epoch=0.175509
2026-02-19 09:15:38.744 | INFO     | __main__:on_log:99 - step=1530 | loss=0.062700 | grad_norm=0.401865 | learning_rate=0.000029 | epoch=0.176085
2026-02-19 09:15:58.736 | INFO     | __main__:on_log:99 - step=1535 | loss=0.083400 | grad_norm=0.488378 | learning_rate=0.000029 | epoch=0.176660
2026-02-19 09:16:18.746 | INFO     | __main__:on_log:99 - step=1540 | loss=0.068800 | grad_norm=0.468584 | learning_rate=0.000029 | epoch=0.177236
2026-02-19 09:16:38.708 | INFO     | __main__:on_log:99 - step=1545 | loss=0.081400 | grad_norm=0.696318 | learning_rate=0.000029 | epoch=0.177811
2026-02-19 09:16:58.676 | INFO     | __main__:on_log:99 - step=1550 | loss=0.099100 | grad_norm=0.558991 | learning_rate=0.000029 | epoch=0.178386
2026-02-19 09:17:18.628 | INFO     | __main__:on_log:99 - step=1555 | loss=0.065200 | grad_norm=0.477967 | learning_rate=0.000029 | epoch=0.178962
2026-02-19 09:17:38.563 | INFO     | __main__:on_log:99 - step=1560 | loss=0.066100 | grad_norm=0.387547 | learning_rate=0.000029 | epoch=0.179537
2026-02-19 09:17:58.542 | INFO     | __main__:on_log:99 - step=1565 | loss=0.082600 | grad_norm=0.463896 | learning_rate=0.000029 | epoch=0.180113
2026-02-19 09:18:18.478 | INFO     | __main__:on_log:99 - step=1570 | loss=0.075200 | grad_norm=0.557190 | learning_rate=0.000029 | epoch=0.180688
2026-02-19 09:18:38.413 | INFO     | __main__:on_log:99 - step=1575 | loss=0.079200 | grad_norm=0.559575 | learning_rate=0.000029 | epoch=0.181264
2026-02-19 09:18:58.353 | INFO     | __main__:on_log:99 - step=1580 | loss=0.085500 | grad_norm=0.461370 | learning_rate=0.000029 | epoch=0.181839
2026-02-19 09:19:18.288 | INFO     | __main__:on_log:99 - step=1585 | loss=0.089400 | grad_norm=0.607338 | learning_rate=0.000029 | epoch=0.182415
2026-02-19 09:19:38.257 | INFO     | __main__:on_log:99 - step=1590 | loss=0.071200 | grad_norm=0.422473 | learning_rate=0.000029 | epoch=0.182990
2026-02-19 09:19:58.199 | INFO     | __main__:on_log:99 - step=1595 | loss=0.083700 | grad_norm=0.731839 | learning_rate=0.000029 | epoch=0.183565
2026-02-19 09:20:18.159 | INFO     | __main__:on_log:99 - step=1600 | loss=0.082600 | grad_norm=0.455814 | learning_rate=0.000029 | epoch=0.184141
2026-02-19 09:20:38.123 | INFO     | __main__:on_log:99 - step=1605 | loss=0.081800 | grad_norm=0.557422 | learning_rate=0.000029 | epoch=0.184716
2026-02-19 09:20:58.069 | INFO     | __main__:on_log:99 - step=1610 | loss=0.050300 | grad_norm=0.418669 | learning_rate=0.000029 | epoch=0.185292
2026-02-19 09:21:18.026 | INFO     | __main__:on_log:99 - step=1615 | loss=0.087800 | grad_norm=0.586722 | learning_rate=0.000029 | epoch=0.185867
2026-02-19 09:21:37.980 | INFO     | __main__:on_log:99 - step=1620 | loss=0.079100 | grad_norm=0.564872 | learning_rate=0.000029 | epoch=0.186443
2026-02-19 09:21:57.932 | INFO     | __main__:on_log:99 - step=1625 | loss=0.061700 | grad_norm=0.541909 | learning_rate=0.000029 | epoch=0.187018
2026-02-19 09:22:17.887 | INFO     | __main__:on_log:99 - step=1630 | loss=0.078300 | grad_norm=0.557221 | learning_rate=0.000029 | epoch=0.187594
2026-02-19 09:22:37.835 | INFO     | __main__:on_log:99 - step=1635 | loss=0.088200 | grad_norm=0.491478 | learning_rate=0.000029 | epoch=0.188169
2026-02-19 09:22:57.800 | INFO     | __main__:on_log:99 - step=1640 | loss=0.048000 | grad_norm=0.387674 | learning_rate=0.000029 | epoch=0.188744
2026-02-19 09:23:17.736 | INFO     | __main__:on_log:99 - step=1645 | loss=0.059500 | grad_norm=0.459684 | learning_rate=0.000029 | epoch=0.189320
2026-02-19 09:23:37.658 | INFO     | __main__:on_log:99 - step=1650 | loss=0.066200 | grad_norm=0.514376 | learning_rate=0.000029 | epoch=0.189895
2026-02-19 09:23:57.589 | INFO     | __main__:on_log:99 - step=1655 | loss=0.077000 | grad_norm=0.550935 | learning_rate=0.000029 | epoch=0.190471
2026-02-19 09:24:17.516 | INFO     | __main__:on_log:99 - step=1660 | loss=0.072800 | grad_norm=0.461055 | learning_rate=0.000029 | epoch=0.191046
2026-02-19 09:24:37.463 | INFO     | __main__:on_log:99 - step=1665 | loss=0.051000 | grad_norm=0.501201 | learning_rate=0.000029 | epoch=0.191622
2026-02-19 09:24:57.402 | INFO     | __main__:on_log:99 - step=1670 | loss=0.065500 | grad_norm=0.611367 | learning_rate=0.000029 | epoch=0.192197
2026-02-19 09:25:17.326 | INFO     | __main__:on_log:99 - step=1675 | loss=0.086200 | grad_norm=0.466296 | learning_rate=0.000029 | epoch=0.192772
2026-02-19 09:25:37.255 | INFO     | __main__:on_log:99 - step=1680 | loss=0.089200 | grad_norm=0.586416 | learning_rate=0.000029 | epoch=0.193348
2026-02-19 09:25:57.197 | INFO     | __main__:on_log:99 - step=1685 | loss=0.076800 | grad_norm=0.642803 | learning_rate=0.000029 | epoch=0.193923
2026-02-19 09:26:17.120 | INFO     | __main__:on_log:99 - step=1690 | loss=0.090300 | grad_norm=0.561302 | learning_rate=0.000029 | epoch=0.194499
2026-02-19 09:26:37.043 | INFO     | __main__:on_log:99 - step=1695 | loss=0.069600 | grad_norm=0.591975 | learning_rate=0.000029 | epoch=0.195074
2026-02-19 09:26:56.991 | INFO     | __main__:on_log:99 - step=1700 | loss=0.098200 | grad_norm=0.757006 | learning_rate=0.000028 | epoch=0.195650
2026-02-19 09:27:16.941 | INFO     | __main__:on_log:99 - step=1705 | loss=0.091000 | grad_norm=0.588709 | learning_rate=0.000028 | epoch=0.196225
2026-02-19 09:27:36.867 | INFO     | __main__:on_log:99 - step=1710 | loss=0.105700 | grad_norm=0.714664 | learning_rate=0.000028 | epoch=0.196801
2026-02-19 09:27:56.838 | INFO     | __main__:on_log:99 - step=1715 | loss=0.075700 | grad_norm=0.876723 | learning_rate=0.000028 | epoch=0.197376
2026-02-19 09:28:16.806 | INFO     | __main__:on_log:99 - step=1720 | loss=0.099900 | grad_norm=0.814362 | learning_rate=0.000028 | epoch=0.197951
2026-02-19 09:28:36.759 | INFO     | __main__:on_log:99 - step=1725 | loss=0.087900 | grad_norm=0.837524 | learning_rate=0.000028 | epoch=0.198527
2026-02-19 09:28:56.716 | INFO     | __main__:on_log:99 - step=1730 | loss=0.079500 | grad_norm=0.428526 | learning_rate=0.000028 | epoch=0.199102
2026-02-19 09:29:16.669 | INFO     | __main__:on_log:99 - step=1735 | loss=0.102100 | grad_norm=0.735393 | learning_rate=0.000028 | epoch=0.199678
2026-02-19 09:29:36.604 | INFO     | __main__:on_log:99 - step=1740 | loss=0.084100 | grad_norm=0.650496 | learning_rate=0.000028 | epoch=0.200253
2026-02-19 09:29:56.562 | INFO     | __main__:on_log:99 - step=1745 | loss=0.096000 | grad_norm=0.589252 | learning_rate=0.000028 | epoch=0.200829
2026-02-19 09:30:16.502 | INFO     | __main__:on_log:99 - step=1750 | loss=0.079800 | grad_norm=0.370416 | learning_rate=0.000028 | epoch=0.201404
2026-02-19 09:30:36.447 | INFO     | __main__:on_log:99 - step=1755 | loss=0.085500 | grad_norm=0.486340 | learning_rate=0.000028 | epoch=0.201980
2026-02-19 09:30:56.407 | INFO     | __main__:on_log:99 - step=1760 | loss=0.104800 | grad_norm=0.530949 | learning_rate=0.000028 | epoch=0.202555
2026-02-19 09:31:16.362 | INFO     | __main__:on_log:99 - step=1765 | loss=0.100200 | grad_norm=0.646080 | learning_rate=0.000028 | epoch=0.203130
2026-02-19 09:31:36.313 | INFO     | __main__:on_log:99 - step=1770 | loss=0.098800 | grad_norm=0.558569 | learning_rate=0.000028 | epoch=0.203706
2026-02-19 09:31:56.285 | INFO     | __main__:on_log:99 - step=1775 | loss=0.077200 | grad_norm=0.612163 | learning_rate=0.000028 | epoch=0.204281
2026-02-19 09:32:16.234 | INFO     | __main__:on_log:99 - step=1780 | loss=0.078300 | grad_norm=0.533717 | learning_rate=0.000028 | epoch=0.204857
2026-02-19 09:32:36.177 | INFO     | __main__:on_log:99 - step=1785 | loss=0.060300 | grad_norm=0.469678 | learning_rate=0.000028 | epoch=0.205432
2026-02-19 09:32:56.120 | INFO     | __main__:on_log:99 - step=1790 | loss=0.078600 | grad_norm=0.576864 | learning_rate=0.000028 | epoch=0.206008
2026-02-19 09:33:16.075 | INFO     | __main__:on_log:99 - step=1795 | loss=0.091400 | grad_norm=0.745555 | learning_rate=0.000028 | epoch=0.206583
2026-02-19 09:33:36.012 | INFO     | __main__:on_log:99 - step=1800 | loss=0.076800 | grad_norm=0.571026 | learning_rate=0.000028 | epoch=0.207158
2026-02-19 09:33:55.971 | INFO     | __main__:on_log:99 - step=1805 | loss=0.087100 | grad_norm=0.720949 | learning_rate=0.000028 | epoch=0.207734
2026-02-19 09:34:15.933 | INFO     | __main__:on_log:99 - step=1810 | loss=0.076800 | grad_norm=0.475892 | learning_rate=0.000028 | epoch=0.208309
2026-02-19 09:34:35.902 | INFO     | __main__:on_log:99 - step=1815 | loss=0.062300 | grad_norm=0.483770 | learning_rate=0.000028 | epoch=0.208885
2026-02-19 09:34:55.861 | INFO     | __main__:on_log:99 - step=1820 | loss=0.107300 | grad_norm=0.430295 | learning_rate=0.000028 | epoch=0.209460
2026-02-19 09:35:15.782 | INFO     | __main__:on_log:99 - step=1825 | loss=0.110700 | grad_norm=0.689522 | learning_rate=0.000028 | epoch=0.210036
2026-02-19 09:35:35.727 | INFO     | __main__:on_log:99 - step=1830 | loss=0.074400 | grad_norm=0.602445 | learning_rate=0.000028 | epoch=0.210611
2026-02-19 09:35:55.667 | INFO     | __main__:on_log:99 - step=1835 | loss=0.092100 | grad_norm=0.607018 | learning_rate=0.000028 | epoch=0.211187
2026-02-19 09:36:15.602 | INFO     | __main__:on_log:99 - step=1840 | loss=0.089900 | grad_norm=0.466176 | learning_rate=0.000028 | epoch=0.211762
2026-02-19 09:36:35.557 | INFO     | __main__:on_log:99 - step=1845 | loss=0.108300 | grad_norm=0.840551 | learning_rate=0.000028 | epoch=0.212337
2026-02-19 09:36:55.523 | INFO     | __main__:on_log:99 - step=1850 | loss=0.068200 | grad_norm=0.546035 | learning_rate=0.000028 | epoch=0.212913
2026-02-19 09:37:15.443 | INFO     | __main__:on_log:99 - step=1855 | loss=0.091000 | grad_norm=0.738578 | learning_rate=0.000028 | epoch=0.213488
2026-02-19 09:37:35.388 | INFO     | __main__:on_log:99 - step=1860 | loss=0.086800 | grad_norm=0.650057 | learning_rate=0.000028 | epoch=0.214064
2026-02-19 09:37:55.337 | INFO     | __main__:on_log:99 - step=1865 | loss=0.094700 | grad_norm=0.658249 | learning_rate=0.000028 | epoch=0.214639
2026-02-19 09:38:15.291 | INFO     | __main__:on_log:99 - step=1870 | loss=0.105200 | grad_norm=0.635979 | learning_rate=0.000028 | epoch=0.215215
2026-02-19 09:38:35.226 | INFO     | __main__:on_log:99 - step=1875 | loss=0.117500 | grad_norm=1.021651 | learning_rate=0.000028 | epoch=0.215790
2026-02-19 09:38:55.152 | INFO     | __main__:on_log:99 - step=1880 | loss=0.081200 | grad_norm=0.809504 | learning_rate=0.000028 | epoch=0.216366
2026-02-19 09:39:15.100 | INFO     | __main__:on_log:99 - step=1885 | loss=0.074300 | grad_norm=0.702088 | learning_rate=0.000028 | epoch=0.216941
2026-02-19 09:39:35.019 | INFO     | __main__:on_log:99 - step=1890 | loss=0.075800 | grad_norm=0.525766 | learning_rate=0.000028 | epoch=0.217516
2026-02-19 09:39:54.952 | INFO     | __main__:on_log:99 - step=1895 | loss=0.113200 | grad_norm=0.695638 | learning_rate=0.000028 | epoch=0.218092
2026-02-19 09:40:14.889 | INFO     | __main__:on_log:99 - step=1900 | loss=0.079400 | grad_norm=0.510943 | learning_rate=0.000028 | epoch=0.218667
2026-02-19 09:40:34.863 | INFO     | __main__:on_log:99 - step=1905 | loss=0.104200 | grad_norm=0.605395 | learning_rate=0.000028 | epoch=0.219243
2026-02-19 09:40:54.832 | INFO     | __main__:on_log:99 - step=1910 | loss=0.092700 | grad_norm=0.516928 | learning_rate=0.000028 | epoch=0.219818
2026-02-19 09:41:14.810 | INFO     | __main__:on_log:99 - step=1915 | loss=0.070900 | grad_norm=0.804501 | learning_rate=0.000028 | epoch=0.220394
2026-02-19 09:41:34.759 | INFO     | __main__:on_log:99 - step=1920 | loss=0.085500 | grad_norm=0.697670 | learning_rate=0.000028 | epoch=0.220969
2026-02-19 09:41:54.741 | INFO     | __main__:on_log:99 - step=1925 | loss=0.081500 | grad_norm=0.474301 | learning_rate=0.000028 | epoch=0.221544
2026-02-19 09:42:14.709 | INFO     | __main__:on_log:99 - step=1930 | loss=0.087300 | grad_norm=0.625920 | learning_rate=0.000028 | epoch=0.222120
2026-02-19 09:42:34.676 | INFO     | __main__:on_log:99 - step=1935 | loss=0.070900 | grad_norm=0.464833 | learning_rate=0.000028 | epoch=0.222695
2026-02-19 09:42:54.660 | INFO     | __main__:on_log:99 - step=1940 | loss=0.080600 | grad_norm=0.537598 | learning_rate=0.000028 | epoch=0.223271
2026-02-19 09:43:14.633 | INFO     | __main__:on_log:99 - step=1945 | loss=0.078400 | grad_norm=0.719857 | learning_rate=0.000028 | epoch=0.223846
2026-02-19 09:43:34.613 | INFO     | __main__:on_log:99 - step=1950 | loss=0.060100 | grad_norm=0.417837 | learning_rate=0.000028 | epoch=0.224422
2026-02-19 09:43:54.580 | INFO     | __main__:on_log:99 - step=1955 | loss=0.116700 | grad_norm=0.492633 | learning_rate=0.000028 | epoch=0.224997
2026-02-19 09:44:14.544 | INFO     | __main__:on_log:99 - step=1960 | loss=0.054100 | grad_norm=0.456325 | learning_rate=0.000028 | epoch=0.225573
2026-02-19 09:44:34.480 | INFO     | __main__:on_log:99 - step=1965 | loss=0.063800 | grad_norm=0.551355 | learning_rate=0.000028 | epoch=0.226148
2026-02-19 09:44:54.438 | INFO     | __main__:on_log:99 - step=1970 | loss=0.069600 | grad_norm=0.668577 | learning_rate=0.000028 | epoch=0.226723
2026-02-19 09:45:14.357 | INFO     | __main__:on_log:99 - step=1975 | loss=0.083300 | grad_norm=0.704339 | learning_rate=0.000028 | epoch=0.227299
2026-02-19 09:45:34.289 | INFO     | __main__:on_log:99 - step=1980 | loss=0.092200 | grad_norm=0.468510 | learning_rate=0.000028 | epoch=0.227874
2026-02-19 09:45:54.215 | INFO     | __main__:on_log:99 - step=1985 | loss=0.084000 | grad_norm=0.823451 | learning_rate=0.000028 | epoch=0.228450
2026-02-19 09:46:14.149 | INFO     | __main__:on_log:99 - step=1990 | loss=0.064200 | grad_norm=0.675412 | learning_rate=0.000028 | epoch=0.229025
2026-02-19 09:46:34.087 | INFO     | __main__:on_log:99 - step=1995 | loss=0.100600 | grad_norm=0.572681 | learning_rate=0.000028 | epoch=0.229601
2026-02-19 09:46:54.009 | INFO     | __main__:on_log:99 - step=2000 | loss=0.070800 | grad_norm=0.573440 | learning_rate=0.000028 | epoch=0.230176
2026-02-19 09:47:13.945 | INFO     | __main__:on_log:99 - step=2005 | loss=0.071900 | grad_norm=0.481612 | learning_rate=0.000028 | epoch=0.230752
2026-02-19 09:47:33.889 | INFO     | __main__:on_log:99 - step=2010 | loss=0.075800 | grad_norm=0.821134 | learning_rate=0.000028 | epoch=0.231327
2026-02-19 09:47:53.821 | INFO     | __main__:on_log:99 - step=2015 | loss=0.112500 | grad_norm=1.001334 | learning_rate=0.000028 | epoch=0.231902
2026-02-19 09:48:13.804 | INFO     | __main__:on_log:99 - step=2020 | loss=0.097600 | grad_norm=0.577917 | learning_rate=0.000028 | epoch=0.232478
2026-02-19 09:48:33.776 | INFO     | __main__:on_log:99 - step=2025 | loss=0.074200 | grad_norm=0.347664 | learning_rate=0.000028 | epoch=0.233053
2026-02-19 09:48:53.747 | INFO     | __main__:on_log:99 - step=2030 | loss=0.044100 | grad_norm=0.369604 | learning_rate=0.000028 | epoch=0.233629
2026-02-19 09:49:13.682 | INFO     | __main__:on_log:99 - step=2035 | loss=0.071100 | grad_norm=0.571350 | learning_rate=0.000028 | epoch=0.234204
2026-02-19 09:49:33.627 | INFO     | __main__:on_log:99 - step=2040 | loss=0.065300 | grad_norm=0.551660 | learning_rate=0.000028 | epoch=0.234780
2026-02-19 09:49:53.566 | INFO     | __main__:on_log:99 - step=2045 | loss=0.073800 | grad_norm=0.347378 | learning_rate=0.000028 | epoch=0.235355
2026-02-19 09:50:13.524 | INFO     | __main__:on_log:99 - step=2050 | loss=0.080600 | grad_norm=0.572502 | learning_rate=0.000028 | epoch=0.235930
2026-02-19 09:50:33.448 | INFO     | __main__:on_log:99 - step=2055 | loss=0.112400 | grad_norm=1.207327 | learning_rate=0.000028 | epoch=0.236506
2026-02-19 09:50:53.374 | INFO     | __main__:on_log:99 - step=2060 | loss=0.068800 | grad_norm=0.493416 | learning_rate=0.000028 | epoch=0.237081
2026-02-19 09:51:13.323 | INFO     | __main__:on_log:99 - step=2065 | loss=0.073600 | grad_norm=0.601586 | learning_rate=0.000028 | epoch=0.237657
2026-02-19 09:51:33.269 | INFO     | __main__:on_log:99 - step=2070 | loss=0.079300 | grad_norm=0.775936 | learning_rate=0.000028 | epoch=0.238232
2026-02-19 09:51:53.211 | INFO     | __main__:on_log:99 - step=2075 | loss=0.071700 | grad_norm=0.814529 | learning_rate=0.000028 | epoch=0.238808
2026-02-19 09:52:13.144 | INFO     | __main__:on_log:99 - step=2080 | loss=0.076700 | grad_norm=0.566439 | learning_rate=0.000028 | epoch=0.239383
2026-02-19 09:52:33.065 | INFO     | __main__:on_log:99 - step=2085 | loss=0.092300 | grad_norm=0.607761 | learning_rate=0.000028 | epoch=0.239959
2026-02-19 09:52:53.006 | INFO     | __main__:on_log:99 - step=2090 | loss=0.068200 | grad_norm=0.519184 | learning_rate=0.000028 | epoch=0.240534
2026-02-19 09:53:12.944 | INFO     | __main__:on_log:99 - step=2095 | loss=0.122900 | grad_norm=0.546681 | learning_rate=0.000028 | epoch=0.241109
2026-02-19 09:53:32.904 | INFO     | __main__:on_log:99 - step=2100 | loss=0.056300 | grad_norm=0.560287 | learning_rate=0.000028 | epoch=0.241685
2026-02-19 09:53:52.855 | INFO     | __main__:on_log:99 - step=2105 | loss=0.109800 | grad_norm=0.656898 | learning_rate=0.000028 | epoch=0.242260
2026-02-19 09:54:12.823 | INFO     | __main__:on_log:99 - step=2110 | loss=0.076200 | grad_norm=0.568482 | learning_rate=0.000028 | epoch=0.242836
2026-02-19 09:54:32.795 | INFO     | __main__:on_log:99 - step=2115 | loss=0.095000 | grad_norm=0.939956 | learning_rate=0.000028 | epoch=0.243411
2026-02-19 09:54:52.729 | INFO     | __main__:on_log:99 - step=2120 | loss=0.059300 | grad_norm=0.427810 | learning_rate=0.000028 | epoch=0.243987
2026-02-19 09:55:12.686 | INFO     | __main__:on_log:99 - step=2125 | loss=0.080000 | grad_norm=0.424974 | learning_rate=0.000028 | epoch=0.244562
2026-02-19 09:55:32.642 | INFO     | __main__:on_log:99 - step=2130 | loss=0.071800 | grad_norm=0.399992 | learning_rate=0.000028 | epoch=0.245138
2026-02-19 09:55:52.615 | INFO     | __main__:on_log:99 - step=2135 | loss=0.113300 | grad_norm=0.780239 | learning_rate=0.000028 | epoch=0.245713
2026-02-19 09:56:12.575 | INFO     | __main__:on_log:99 - step=2140 | loss=0.069600 | grad_norm=0.753321 | learning_rate=0.000028 | epoch=0.246288
2026-02-19 09:56:32.578 | INFO     | __main__:on_log:99 - step=2145 | loss=0.077100 | grad_norm=0.477582 | learning_rate=0.000028 | epoch=0.246864
2026-02-19 09:56:52.558 | INFO     | __main__:on_log:99 - step=2150 | loss=0.077800 | grad_norm=0.450743 | learning_rate=0.000028 | epoch=0.247439
2026-02-19 09:57:12.508 | INFO     | __main__:on_log:99 - step=2155 | loss=0.084500 | grad_norm=0.409747 | learning_rate=0.000028 | epoch=0.248015
2026-02-19 09:57:32.443 | INFO     | __main__:on_log:99 - step=2160 | loss=0.077100 | grad_norm=0.892917 | learning_rate=0.000028 | epoch=0.248590
2026-02-19 09:57:52.362 | INFO     | __main__:on_log:99 - step=2165 | loss=0.079700 | grad_norm=0.730931 | learning_rate=0.000028 | epoch=0.249166
2026-02-19 09:58:12.310 | INFO     | __main__:on_log:99 - step=2170 | loss=0.072600 | grad_norm=0.650483 | learning_rate=0.000028 | epoch=0.249741
2026-02-19 09:58:32.235 | INFO     | __main__:on_log:99 - step=2175 | loss=0.101300 | grad_norm=0.549578 | learning_rate=0.000028 | epoch=0.250316
2026-02-19 09:58:52.177 | INFO     | __main__:on_log:99 - step=2180 | loss=0.075700 | grad_norm=0.556262 | learning_rate=0.000028 | epoch=0.250892
2026-02-19 09:59:12.075 | INFO     | __main__:on_log:99 - step=2185 | loss=0.091400 | grad_norm=0.563883 | learning_rate=0.000028 | epoch=0.251467
2026-02-19 09:59:32.007 | INFO     | __main__:on_log:99 - step=2190 | loss=0.128500 | grad_norm=1.173264 | learning_rate=0.000028 | epoch=0.252043
2026-02-19 09:59:51.932 | INFO     | __main__:on_log:99 - step=2195 | loss=0.086600 | grad_norm=0.848445 | learning_rate=0.000028 | epoch=0.252618
2026-02-19 10:00:11.856 | INFO     | __main__:on_log:99 - step=2200 | loss=0.106600 | grad_norm=0.518996 | learning_rate=0.000028 | epoch=0.253194
2026-02-19 10:00:31.798 | INFO     | __main__:on_log:99 - step=2205 | loss=0.094200 | grad_norm=0.548070 | learning_rate=0.000028 | epoch=0.253769
2026-02-19 10:00:51.740 | INFO     | __main__:on_log:99 - step=2210 | loss=0.087500 | grad_norm=0.720407 | learning_rate=0.000028 | epoch=0.254345
2026-02-19 10:01:11.680 | INFO     | __main__:on_log:99 - step=2215 | loss=0.057600 | grad_norm=0.458702 | learning_rate=0.000028 | epoch=0.254920
2026-02-19 10:01:31.636 | INFO     | __main__:on_log:99 - step=2220 | loss=0.054400 | grad_norm=0.297910 | learning_rate=0.000028 | epoch=0.255495
2026-02-19 10:01:51.544 | INFO     | __main__:on_log:99 - step=2225 | loss=0.083800 | grad_norm=0.613513 | learning_rate=0.000028 | epoch=0.256071
2026-02-19 10:02:11.494 | INFO     | __main__:on_log:99 - step=2230 | loss=0.066100 | grad_norm=0.454788 | learning_rate=0.000028 | epoch=0.256646
2026-02-19 10:02:31.413 | INFO     | __main__:on_log:99 - step=2235 | loss=0.096000 | grad_norm=0.518575 | learning_rate=0.000028 | epoch=0.257222
2026-02-19 10:02:51.376 | INFO     | __main__:on_log:99 - step=2240 | loss=0.068000 | grad_norm=0.558657 | learning_rate=0.000028 | epoch=0.257797
2026-02-19 10:03:11.292 | INFO     | __main__:on_log:99 - step=2245 | loss=0.074100 | grad_norm=0.396665 | learning_rate=0.000028 | epoch=0.258373
2026-02-19 10:03:31.250 | INFO     | __main__:on_log:99 - step=2250 | loss=0.081400 | grad_norm=0.471449 | learning_rate=0.000027 | epoch=0.258948
2026-02-19 10:03:51.200 | INFO     | __main__:on_log:99 - step=2255 | loss=0.072000 | grad_norm=0.509701 | learning_rate=0.000027 | epoch=0.259524
2026-02-19 10:04:11.155 | INFO     | __main__:on_log:99 - step=2260 | loss=0.088800 | grad_norm=0.517018 | learning_rate=0.000027 | epoch=0.260099
2026-02-19 10:04:31.141 | INFO     | __main__:on_log:99 - step=2265 | loss=0.061100 | grad_norm=0.359119 | learning_rate=0.000027 | epoch=0.260674
2026-02-19 10:04:51.097 | INFO     | __main__:on_log:99 - step=2270 | loss=0.070600 | grad_norm=0.435293 | learning_rate=0.000027 | epoch=0.261250
2026-02-19 10:05:11.082 | INFO     | __main__:on_log:99 - step=2275 | loss=0.076100 | grad_norm=0.366443 | learning_rate=0.000027 | epoch=0.261825
2026-02-19 10:05:31.044 | INFO     | __main__:on_log:99 - step=2280 | loss=0.088000 | grad_norm=0.622435 | learning_rate=0.000027 | epoch=0.262401
2026-02-19 10:05:51.001 | INFO     | __main__:on_log:99 - step=2285 | loss=0.075900 | grad_norm=0.829679 | learning_rate=0.000027 | epoch=0.262976
2026-02-19 10:06:10.962 | INFO     | __main__:on_log:99 - step=2290 | loss=0.083300 | grad_norm=0.521904 | learning_rate=0.000027 | epoch=0.263552
2026-02-19 10:06:30.940 | INFO     | __main__:on_log:99 - step=2295 | loss=0.059900 | grad_norm=0.547846 | learning_rate=0.000027 | epoch=0.264127
2026-02-19 10:06:50.881 | INFO     | __main__:on_log:99 - step=2300 | loss=0.076600 | grad_norm=0.483083 | learning_rate=0.000027 | epoch=0.264702
2026-02-19 10:07:10.843 | INFO     | __main__:on_log:99 - step=2305 | loss=0.069800 | grad_norm=0.510216 | learning_rate=0.000027 | epoch=0.265278
2026-02-19 10:07:30.815 | INFO     | __main__:on_log:99 - step=2310 | loss=0.058800 | grad_norm=0.475171 | learning_rate=0.000027 | epoch=0.265853
2026-02-19 10:07:50.794 | INFO     | __main__:on_log:99 - step=2315 | loss=0.080500 | grad_norm=0.605794 | learning_rate=0.000027 | epoch=0.266429
2026-02-19 10:08:10.780 | INFO     | __main__:on_log:99 - step=2320 | loss=0.076400 | grad_norm=0.548515 | learning_rate=0.000027 | epoch=0.267004
2026-02-19 10:08:30.705 | INFO     | __main__:on_log:99 - step=2325 | loss=0.073200 | grad_norm=0.463562 | learning_rate=0.000027 | epoch=0.267580
2026-02-19 10:08:50.666 | INFO     | __main__:on_log:99 - step=2330 | loss=0.059900 | grad_norm=0.298464 | learning_rate=0.000027 | epoch=0.268155
2026-02-19 10:09:10.621 | INFO     | __main__:on_log:99 - step=2335 | loss=0.065600 | grad_norm=0.508640 | learning_rate=0.000027 | epoch=0.268731
2026-02-19 10:09:30.566 | INFO     | __main__:on_log:99 - step=2340 | loss=0.083600 | grad_norm=0.402043 | learning_rate=0.000027 | epoch=0.269306
2026-02-19 10:09:50.503 | INFO     | __main__:on_log:99 - step=2345 | loss=0.062200 | grad_norm=0.436476 | learning_rate=0.000027 | epoch=0.269881
2026-02-19 10:10:10.435 | INFO     | __main__:on_log:99 - step=2350 | loss=0.068200 | grad_norm=0.578004 | learning_rate=0.000027 | epoch=0.270457
2026-02-19 10:10:30.374 | INFO     | __main__:on_log:99 - step=2355 | loss=0.084900 | grad_norm=0.454324 | learning_rate=0.000027 | epoch=0.271032
2026-02-19 10:10:50.319 | INFO     | __main__:on_log:99 - step=2360 | loss=0.067000 | grad_norm=0.967289 | learning_rate=0.000027 | epoch=0.271608
2026-02-19 10:11:10.273 | INFO     | __main__:on_log:99 - step=2365 | loss=0.076600 | grad_norm=0.422147 | learning_rate=0.000027 | epoch=0.272183
2026-02-19 10:11:30.235 | INFO     | __main__:on_log:99 - step=2370 | loss=0.090500 | grad_norm=0.728278 | learning_rate=0.000027 | epoch=0.272759
2026-02-19 10:11:50.211 | INFO     | __main__:on_log:99 - step=2375 | loss=0.081100 | grad_norm=0.473224 | learning_rate=0.000027 | epoch=0.273334
2026-02-19 10:12:10.183 | INFO     | __main__:on_log:99 - step=2380 | loss=0.100300 | grad_norm=0.598782 | learning_rate=0.000027 | epoch=0.273910
2026-02-19 10:12:30.143 | INFO     | __main__:on_log:99 - step=2385 | loss=0.073900 | grad_norm=0.569237 | learning_rate=0.000027 | epoch=0.274485
2026-02-19 10:12:50.137 | INFO     | __main__:on_log:99 - step=2390 | loss=0.061700 | grad_norm=0.464652 | learning_rate=0.000027 | epoch=0.275060
2026-02-19 10:13:10.117 | INFO     | __main__:on_log:99 - step=2395 | loss=0.062300 | grad_norm=0.340018 | learning_rate=0.000027 | epoch=0.275636
2026-02-19 10:13:30.079 | INFO     | __main__:on_log:99 - step=2400 | loss=0.075500 | grad_norm=0.377346 | learning_rate=0.000027 | epoch=0.276211
2026-02-19 10:13:50.049 | INFO     | __main__:on_log:99 - step=2405 | loss=0.075400 | grad_norm=0.530162 | learning_rate=0.000027 | epoch=0.276787
2026-02-19 10:14:10.000 | INFO     | __main__:on_log:99 - step=2410 | loss=0.072200 | grad_norm=0.590522 | learning_rate=0.000027 | epoch=0.277362
2026-02-19 10:14:29.956 | INFO     | __main__:on_log:99 - step=2415 | loss=0.075500 | grad_norm=0.677235 | learning_rate=0.000027 | epoch=0.277938
2026-02-19 10:14:49.918 | INFO     | __main__:on_log:99 - step=2420 | loss=0.107400 | grad_norm=0.367750 | learning_rate=0.000027 | epoch=0.278513
2026-02-19 10:15:09.845 | INFO     | __main__:on_log:99 - step=2425 | loss=0.085900 | grad_norm=0.657903 | learning_rate=0.000027 | epoch=0.279089
2026-02-19 10:15:29.767 | INFO     | __main__:on_log:99 - step=2430 | loss=0.067200 | grad_norm=0.423834 | learning_rate=0.000027 | epoch=0.279664
2026-02-19 10:15:49.728 | INFO     | __main__:on_log:99 - step=2435 | loss=0.107700 | grad_norm=0.645943 | learning_rate=0.000027 | epoch=0.280239
2026-02-19 10:16:09.687 | INFO     | __main__:on_log:99 - step=2440 | loss=0.085900 | grad_norm=0.776360 | learning_rate=0.000027 | epoch=0.280815
2026-02-19 10:16:29.619 | INFO     | __main__:on_log:99 - step=2445 | loss=0.047000 | grad_norm=0.451109 | learning_rate=0.000027 | epoch=0.281390
2026-02-19 10:16:49.572 | INFO     | __main__:on_log:99 - step=2450 | loss=0.093600 | grad_norm=0.420534 | learning_rate=0.000027 | epoch=0.281966
2026-02-19 10:17:09.527 | INFO     | __main__:on_log:99 - step=2455 | loss=0.075000 | grad_norm=0.605213 | learning_rate=0.000027 | epoch=0.282541
2026-02-19 10:17:29.480 | INFO     | __main__:on_log:99 - step=2460 | loss=0.049200 | grad_norm=0.447424 | learning_rate=0.000027 | epoch=0.283117
2026-02-19 10:17:49.424 | INFO     | __main__:on_log:99 - step=2465 | loss=0.105400 | grad_norm=0.712485 | learning_rate=0.000027 | epoch=0.283692
2026-02-19 10:18:09.387 | INFO     | __main__:on_log:99 - step=2470 | loss=0.083800 | grad_norm=0.662625 | learning_rate=0.000027 | epoch=0.284267
2026-02-19 10:18:29.312 | INFO     | __main__:on_log:99 - step=2475 | loss=0.076600 | grad_norm=0.729669 | learning_rate=0.000027 | epoch=0.284843
2026-02-19 10:18:49.291 | INFO     | __main__:on_log:99 - step=2480 | loss=0.077900 | grad_norm=0.328456 | learning_rate=0.000027 | epoch=0.285418
2026-02-19 10:19:09.275 | INFO     | __main__:on_log:99 - step=2485 | loss=0.069500 | grad_norm=0.613476 | learning_rate=0.000027 | epoch=0.285994
2026-02-19 10:19:29.438 | INFO     | __main__:on_log:99 - step=2490 | loss=0.077000 | grad_norm=0.627553 | learning_rate=0.000027 | epoch=0.286569
2026-02-19 10:19:49.417 | INFO     | __main__:on_log:99 - step=2495 | loss=0.073800 | grad_norm=0.638059 | learning_rate=0.000027 | epoch=0.287145
2026-02-19 10:20:09.348 | INFO     | __main__:on_log:99 - step=2500 | loss=0.094200 | grad_norm=0.607334 | learning_rate=0.000027 | epoch=0.287720
2026-02-19 10:20:29.311 | INFO     | __main__:on_log:99 - step=2505 | loss=0.105400 | grad_norm=0.670585 | learning_rate=0.000027 | epoch=0.288296
2026-02-19 10:20:49.294 | INFO     | __main__:on_log:99 - step=2510 | loss=0.077900 | grad_norm=0.662730 | learning_rate=0.000027 | epoch=0.288871
2026-02-19 10:21:09.244 | INFO     | __main__:on_log:99 - step=2515 | loss=0.072100 | grad_norm=0.576347 | learning_rate=0.000027 | epoch=0.289446
2026-02-19 10:21:29.211 | INFO     | __main__:on_log:99 - step=2520 | loss=0.100500 | grad_norm=0.605988 | learning_rate=0.000027 | epoch=0.290022
2026-02-19 10:21:49.161 | INFO     | __main__:on_log:99 - step=2525 | loss=0.072700 | grad_norm=0.406280 | learning_rate=0.000027 | epoch=0.290597
2026-02-19 10:22:09.118 | INFO     | __main__:on_log:99 - step=2530 | loss=0.071200 | grad_norm=0.428301 | learning_rate=0.000027 | epoch=0.291173
2026-02-19 10:22:29.054 | INFO     | __main__:on_log:99 - step=2535 | loss=0.084100 | grad_norm=0.777816 | learning_rate=0.000027 | epoch=0.291748
2026-02-19 10:22:49.040 | INFO     | __main__:on_log:99 - step=2540 | loss=0.097400 | grad_norm=0.493760 | learning_rate=0.000027 | epoch=0.292324
2026-02-19 10:23:08.995 | INFO     | __main__:on_log:99 - step=2545 | loss=0.079500 | grad_norm=0.403896 | learning_rate=0.000027 | epoch=0.292899
2026-02-19 10:23:28.932 | INFO     | __main__:on_log:99 - step=2550 | loss=0.097400 | grad_norm=0.538368 | learning_rate=0.000027 | epoch=0.293475
2026-02-19 10:23:48.894 | INFO     | __main__:on_log:99 - step=2555 | loss=0.088200 | grad_norm=0.474525 | learning_rate=0.000027 | epoch=0.294050
2026-02-19 10:24:08.849 | INFO     | __main__:on_log:99 - step=2560 | loss=0.083600 | grad_norm=0.480689 | learning_rate=0.000027 | epoch=0.294625
2026-02-19 10:24:28.821 | INFO     | __main__:on_log:99 - step=2565 | loss=0.061000 | grad_norm=0.693124 | learning_rate=0.000027 | epoch=0.295201
2026-02-19 10:24:48.795 | INFO     | __main__:on_log:99 - step=2570 | loss=0.094700 | grad_norm=0.540428 | learning_rate=0.000027 | epoch=0.295776
2026-02-19 10:25:08.719 | INFO     | __main__:on_log:99 - step=2575 | loss=0.072200 | grad_norm=0.520710 | learning_rate=0.000027 | epoch=0.296352
2026-02-19 10:25:28.627 | INFO     | __main__:on_log:99 - step=2580 | loss=0.108400 | grad_norm=0.649437 | learning_rate=0.000027 | epoch=0.296927
2026-02-19 10:25:48.551 | INFO     | __main__:on_log:99 - step=2585 | loss=0.060000 | grad_norm=0.567473 | learning_rate=0.000027 | epoch=0.297503
2026-02-19 10:26:08.461 | INFO     | __main__:on_log:99 - step=2590 | loss=0.073200 | grad_norm=0.491728 | learning_rate=0.000027 | epoch=0.298078
2026-02-19 10:26:28.418 | INFO     | __main__:on_log:99 - step=2595 | loss=0.066700 | grad_norm=0.731914 | learning_rate=0.000027 | epoch=0.298653
2026-02-19 10:26:48.361 | INFO     | __main__:on_log:99 - step=2600 | loss=0.076200 | grad_norm=0.540381 | learning_rate=0.000027 | epoch=0.299229
2026-02-19 10:27:08.291 | INFO     | __main__:on_log:99 - step=2605 | loss=0.055400 | grad_norm=0.617157 | learning_rate=0.000027 | epoch=0.299804
2026-02-19 10:27:28.215 | INFO     | __main__:on_log:99 - step=2610 | loss=0.100600 | grad_norm=0.500065 | learning_rate=0.000027 | epoch=0.300380
2026-02-19 10:27:48.166 | INFO     | __main__:on_log:99 - step=2615 | loss=0.077000 | grad_norm=0.405741 | learning_rate=0.000027 | epoch=0.300955
2026-02-19 10:28:08.112 | INFO     | __main__:on_log:99 - step=2620 | loss=0.080900 | grad_norm=0.804106 | learning_rate=0.000027 | epoch=0.301531
2026-02-19 10:28:28.034 | INFO     | __main__:on_log:99 - step=2625 | loss=0.075800 | grad_norm=0.647759 | learning_rate=0.000027 | epoch=0.302106
2026-02-19 10:28:47.988 | INFO     | __main__:on_log:99 - step=2630 | loss=0.078500 | grad_norm=0.611703 | learning_rate=0.000027 | epoch=0.302682
2026-02-19 10:29:07.955 | INFO     | __main__:on_log:99 - step=2635 | loss=0.074100 | grad_norm=0.653031 | learning_rate=0.000027 | epoch=0.303257
2026-02-19 10:29:27.956 | INFO     | __main__:on_log:99 - step=2640 | loss=0.091800 | grad_norm=0.356025 | learning_rate=0.000027 | epoch=0.303832
2026-02-19 10:29:47.933 | INFO     | __main__:on_log:99 - step=2645 | loss=0.066100 | grad_norm=0.498052 | learning_rate=0.000027 | epoch=0.304408
2026-02-19 10:30:07.889 | INFO     | __main__:on_log:99 - step=2650 | loss=0.062500 | grad_norm=0.362741 | learning_rate=0.000027 | epoch=0.304983
2026-02-19 10:30:27.850 | INFO     | __main__:on_log:99 - step=2655 | loss=0.094300 | grad_norm=0.760729 | learning_rate=0.000027 | epoch=0.305559
2026-02-19 10:30:47.814 | INFO     | __main__:on_log:99 - step=2660 | loss=0.063900 | grad_norm=0.655366 | learning_rate=0.000027 | epoch=0.306134
2026-02-19 10:31:07.756 | INFO     | __main__:on_log:99 - step=2665 | loss=0.051300 | grad_norm=0.370602 | learning_rate=0.000027 | epoch=0.306710
2026-02-19 10:31:27.672 | INFO     | __main__:on_log:99 - step=2670 | loss=0.081900 | grad_norm=0.385452 | learning_rate=0.000027 | epoch=0.307285
2026-02-19 10:31:47.633 | INFO     | __main__:on_log:99 - step=2675 | loss=0.084800 | grad_norm=0.551099 | learning_rate=0.000027 | epoch=0.307861
2026-02-19 10:32:07.583 | INFO     | __main__:on_log:99 - step=2680 | loss=0.092800 | grad_norm=0.776359 | learning_rate=0.000027 | epoch=0.308436
2026-02-19 10:32:27.526 | INFO     | __main__:on_log:99 - step=2685 | loss=0.078200 | grad_norm=0.503497 | learning_rate=0.000027 | epoch=0.309011
2026-02-19 10:32:47.486 | INFO     | __main__:on_log:99 - step=2690 | loss=0.082300 | grad_norm=0.394716 | learning_rate=0.000027 | epoch=0.309587
2026-02-19 10:33:07.431 | INFO     | __main__:on_log:99 - step=2695 | loss=0.083400 | grad_norm=0.787286 | learning_rate=0.000027 | epoch=0.310162
2026-02-19 10:33:27.362 | INFO     | __main__:on_log:99 - step=2700 | loss=0.068100 | grad_norm=0.647519 | learning_rate=0.000027 | epoch=0.310738
2026-02-19 10:33:47.322 | INFO     | __main__:on_log:99 - step=2705 | loss=0.061600 | grad_norm=0.361414 | learning_rate=0.000027 | epoch=0.311313
2026-02-19 10:34:07.281 | INFO     | __main__:on_log:99 - step=2710 | loss=0.104400 | grad_norm=0.814215 | learning_rate=0.000027 | epoch=0.311889
2026-02-19 10:34:27.233 | INFO     | __main__:on_log:99 - step=2715 | loss=0.076800 | grad_norm=0.354605 | learning_rate=0.000027 | epoch=0.312464
2026-02-19 10:34:47.181 | INFO     | __main__:on_log:99 - step=2720 | loss=0.071400 | grad_norm=0.640035 | learning_rate=0.000027 | epoch=0.313039
2026-02-19 10:35:07.117 | INFO     | __main__:on_log:99 - step=2725 | loss=0.079500 | grad_norm=0.582251 | learning_rate=0.000027 | epoch=0.313615
2026-02-19 10:35:27.054 | INFO     | __main__:on_log:99 - step=2730 | loss=0.065700 | grad_norm=0.491231 | learning_rate=0.000027 | epoch=0.314190
2026-02-19 10:35:47.004 | INFO     | __main__:on_log:99 - step=2735 | loss=0.089300 | grad_norm=0.362419 | learning_rate=0.000027 | epoch=0.314766
2026-02-19 10:36:06.917 | INFO     | __main__:on_log:99 - step=2740 | loss=0.077200 | grad_norm=0.527166 | learning_rate=0.000027 | epoch=0.315341
2026-02-19 10:36:26.860 | INFO     | __main__:on_log:99 - step=2745 | loss=0.080900 | grad_norm=0.426902 | learning_rate=0.000027 | epoch=0.315917
2026-02-19 10:36:46.768 | INFO     | __main__:on_log:99 - step=2750 | loss=0.080500 | grad_norm=0.553596 | learning_rate=0.000027 | epoch=0.316492
2026-02-19 10:37:06.702 | INFO     | __main__:on_log:99 - step=2755 | loss=0.073500 | grad_norm=0.432568 | learning_rate=0.000027 | epoch=0.317068
2026-02-19 10:37:26.632 | INFO     | __main__:on_log:99 - step=2760 | loss=0.074500 | grad_norm=0.729220 | learning_rate=0.000027 | epoch=0.317643
2026-02-19 10:37:46.555 | INFO     | __main__:on_log:99 - step=2765 | loss=0.077200 | grad_norm=0.515677 | learning_rate=0.000027 | epoch=0.318218
2026-02-19 10:38:06.511 | INFO     | __main__:on_log:99 - step=2770 | loss=0.076900 | grad_norm=0.392224 | learning_rate=0.000027 | epoch=0.318794
2026-02-19 10:38:26.478 | INFO     | __main__:on_log:99 - step=2775 | loss=0.075800 | grad_norm=0.605032 | learning_rate=0.000027 | epoch=0.319369
2026-02-19 10:38:46.413 | INFO     | __main__:on_log:99 - step=2780 | loss=0.070400 | grad_norm=0.509500 | learning_rate=0.000027 | epoch=0.319945
2026-02-19 10:39:06.353 | INFO     | __main__:on_log:99 - step=2785 | loss=0.089300 | grad_norm=0.539929 | learning_rate=0.000027 | epoch=0.320520
2026-02-19 10:39:26.321 | INFO     | __main__:on_log:99 - step=2790 | loss=0.063500 | grad_norm=0.453810 | learning_rate=0.000027 | epoch=0.321096
2026-02-19 10:39:46.285 | INFO     | __main__:on_log:99 - step=2795 | loss=0.072100 | grad_norm=0.634056 | learning_rate=0.000027 | epoch=0.321671
2026-02-19 10:40:06.210 | INFO     | __main__:on_log:99 - step=2800 | loss=0.070800 | grad_norm=0.606776 | learning_rate=0.000026 | epoch=0.322247
2026-02-19 10:40:26.167 | INFO     | __main__:on_log:99 - step=2805 | loss=0.073700 | grad_norm=0.472362 | learning_rate=0.000026 | epoch=0.322822
2026-02-19 10:40:46.160 | INFO     | __main__:on_log:99 - step=2810 | loss=0.062800 | grad_norm=0.331702 | learning_rate=0.000026 | epoch=0.323397
2026-02-19 10:41:06.131 | INFO     | __main__:on_log:99 - step=2815 | loss=0.067000 | grad_norm=0.365556 | learning_rate=0.000026 | epoch=0.323973
2026-02-19 10:41:26.078 | INFO     | __main__:on_log:99 - step=2820 | loss=0.092200 | grad_norm=0.615590 | learning_rate=0.000026 | epoch=0.324548
2026-02-19 10:41:46.037 | INFO     | __main__:on_log:99 - step=2825 | loss=0.091600 | grad_norm=0.767356 | learning_rate=0.000026 | epoch=0.325124
2026-02-19 10:42:05.987 | INFO     | __main__:on_log:99 - step=2830 | loss=0.099500 | grad_norm=0.528919 | learning_rate=0.000026 | epoch=0.325699
2026-02-19 10:42:25.914 | INFO     | __main__:on_log:99 - step=2835 | loss=0.078200 | grad_norm=0.580546 | learning_rate=0.000026 | epoch=0.326275
2026-02-19 10:42:45.876 | INFO     | __main__:on_log:99 - step=2840 | loss=0.054000 | grad_norm=0.577355 | learning_rate=0.000026 | epoch=0.326850
2026-02-19 10:43:05.794 | INFO     | __main__:on_log:99 - step=2845 | loss=0.105600 | grad_norm=0.740325 | learning_rate=0.000026 | epoch=0.327425
2026-02-19 10:43:25.772 | INFO     | __main__:on_log:99 - step=2850 | loss=0.088900 | grad_norm=0.497121 | learning_rate=0.000026 | epoch=0.328001
2026-02-19 10:43:45.738 | INFO     | __main__:on_log:99 - step=2855 | loss=0.094500 | grad_norm=0.564279 | learning_rate=0.000026 | epoch=0.328576
2026-02-19 10:44:05.666 | INFO     | __main__:on_log:99 - step=2860 | loss=0.095700 | grad_norm=0.952932 | learning_rate=0.000026 | epoch=0.329152
2026-02-19 10:44:25.601 | INFO     | __main__:on_log:99 - step=2865 | loss=0.086500 | grad_norm=0.338948 | learning_rate=0.000026 | epoch=0.329727
2026-02-19 10:44:45.535 | INFO     | __main__:on_log:99 - step=2870 | loss=0.072200 | grad_norm=0.348437 | learning_rate=0.000026 | epoch=0.330303
2026-02-19 10:45:05.514 | INFO     | __main__:on_log:99 - step=2875 | loss=0.072600 | grad_norm=0.632739 | learning_rate=0.000026 | epoch=0.330878
2026-02-19 10:45:25.462 | INFO     | __main__:on_log:99 - step=2880 | loss=0.068100 | grad_norm=0.539921 | learning_rate=0.000026 | epoch=0.331454
2026-02-19 10:45:45.394 | INFO     | __main__:on_log:99 - step=2885 | loss=0.077700 | grad_norm=0.723695 | learning_rate=0.000026 | epoch=0.332029
2026-02-19 10:46:05.370 | INFO     | __main__:on_log:99 - step=2890 | loss=0.066300 | grad_norm=0.339626 | learning_rate=0.000026 | epoch=0.332604
2026-02-19 10:46:25.322 | INFO     | __main__:on_log:99 - step=2895 | loss=0.081900 | grad_norm=0.624007 | learning_rate=0.000026 | epoch=0.333180
2026-02-19 10:46:45.269 | INFO     | __main__:on_log:99 - step=2900 | loss=0.076500 | grad_norm=0.693120 | learning_rate=0.000026 | epoch=0.333755
2026-02-19 10:47:05.226 | INFO     | __main__:on_log:99 - step=2905 | loss=0.060400 | grad_norm=0.312003 | learning_rate=0.000026 | epoch=0.334331
2026-02-19 10:47:25.203 | INFO     | __main__:on_log:99 - step=2910 | loss=0.066800 | grad_norm=0.690778 | learning_rate=0.000026 | epoch=0.334906
2026-02-19 10:47:45.173 | INFO     | __main__:on_log:99 - step=2915 | loss=0.065900 | grad_norm=0.595231 | learning_rate=0.000026 | epoch=0.335482
2026-02-19 10:48:05.112 | INFO     | __main__:on_log:99 - step=2920 | loss=0.075500 | grad_norm=0.511435 | learning_rate=0.000026 | epoch=0.336057
2026-02-19 10:48:25.103 | INFO     | __main__:on_log:99 - step=2925 | loss=0.086100 | grad_norm=0.490445 | learning_rate=0.000026 | epoch=0.336633
2026-02-19 10:48:45.058 | INFO     | __main__:on_log:99 - step=2930 | loss=0.054000 | grad_norm=0.605203 | learning_rate=0.000026 | epoch=0.337208
2026-02-19 10:49:04.980 | INFO     | __main__:on_log:99 - step=2935 | loss=0.080100 | grad_norm=0.403815 | learning_rate=0.000026 | epoch=0.337783
2026-02-19 10:49:24.897 | INFO     | __main__:on_log:99 - step=2940 | loss=0.079700 | grad_norm=0.732178 | learning_rate=0.000026 | epoch=0.338359
2026-02-19 10:49:44.842 | INFO     | __main__:on_log:99 - step=2945 | loss=0.069900 | grad_norm=0.453937 | learning_rate=0.000026 | epoch=0.338934
2026-02-19 10:50:04.754 | INFO     | __main__:on_log:99 - step=2950 | loss=0.083800 | grad_norm=0.572083 | learning_rate=0.000026 | epoch=0.339510
2026-02-19 10:50:24.694 | INFO     | __main__:on_log:99 - step=2955 | loss=0.082000 | grad_norm=0.343897 | learning_rate=0.000026 | epoch=0.340085
2026-02-19 10:50:44.626 | INFO     | __main__:on_log:99 - step=2960 | loss=0.077400 | grad_norm=0.693465 | learning_rate=0.000026 | epoch=0.340661
2026-02-19 10:51:04.571 | INFO     | __main__:on_log:99 - step=2965 | loss=0.056300 | grad_norm=0.507806 | learning_rate=0.000026 | epoch=0.341236
2026-02-19 10:51:24.500 | INFO     | __main__:on_log:99 - step=2970 | loss=0.070200 | grad_norm=0.475984 | learning_rate=0.000026 | epoch=0.341811
2026-02-19 10:51:44.451 | INFO     | __main__:on_log:99 - step=2975 | loss=0.063200 | grad_norm=0.762558 | learning_rate=0.000026 | epoch=0.342387
2026-02-19 10:52:04.400 | INFO     | __main__:on_log:99 - step=2980 | loss=0.072400 | grad_norm=0.762763 | learning_rate=0.000026 | epoch=0.342962
2026-02-19 10:52:24.337 | INFO     | __main__:on_log:99 - step=2985 | loss=0.060300 | grad_norm=0.494882 | learning_rate=0.000026 | epoch=0.343538
2026-02-19 10:52:44.271 | INFO     | __main__:on_log:99 - step=2990 | loss=0.078100 | grad_norm=0.658153 | learning_rate=0.000026 | epoch=0.344113
2026-02-19 10:53:04.207 | INFO     | __main__:on_log:99 - step=2995 | loss=0.073300 | grad_norm=0.546820 | learning_rate=0.000026 | epoch=0.344689
2026-02-19 10:53:24.164 | INFO     | __main__:on_log:99 - step=3000 | loss=0.087400 | grad_norm=0.588366 | learning_rate=0.000026 | epoch=0.345264
2026-02-19 10:53:44.121 | INFO     | __main__:on_log:99 - step=3005 | loss=0.067900 | grad_norm=0.652431 | learning_rate=0.000026 | epoch=0.345840
2026-02-19 10:54:04.074 | INFO     | __main__:on_log:99 - step=3010 | loss=0.082500 | grad_norm=0.642203 | learning_rate=0.000026 | epoch=0.346415
2026-02-19 10:54:24.018 | INFO     | __main__:on_log:99 - step=3015 | loss=0.067000 | grad_norm=0.469171 | learning_rate=0.000026 | epoch=0.346990
2026-02-19 10:54:43.989 | INFO     | __main__:on_log:99 - step=3020 | loss=0.075200 | grad_norm=0.429058 | learning_rate=0.000026 | epoch=0.347566
2026-02-19 10:55:03.935 | INFO     | __main__:on_log:99 - step=3025 | loss=0.089500 | grad_norm=1.184335 | learning_rate=0.000026 | epoch=0.348141
2026-02-19 10:55:23.931 | INFO     | __main__:on_log:99 - step=3030 | loss=0.054900 | grad_norm=0.393550 | learning_rate=0.000026 | epoch=0.348717
2026-02-19 10:55:43.883 | INFO     | __main__:on_log:99 - step=3035 | loss=0.086500 | grad_norm=0.591763 | learning_rate=0.000026 | epoch=0.349292
2026-02-19 10:56:03.833 | INFO     | __main__:on_log:99 - step=3040 | loss=0.064200 | grad_norm=0.552430 | learning_rate=0.000026 | epoch=0.349868
2026-02-19 10:56:23.789 | INFO     | __main__:on_log:99 - step=3045 | loss=0.069600 | grad_norm=0.640477 | learning_rate=0.000026 | epoch=0.350443
2026-02-19 10:56:43.725 | INFO     | __main__:on_log:99 - step=3050 | loss=0.082100 | grad_norm=0.572212 | learning_rate=0.000026 | epoch=0.351019
2026-02-19 10:57:03.662 | INFO     | __main__:on_log:99 - step=3055 | loss=0.100400 | grad_norm=0.466453 | learning_rate=0.000026 | epoch=0.351594
2026-02-19 10:57:23.614 | INFO     | __main__:on_log:99 - step=3060 | loss=0.065900 | grad_norm=0.447840 | learning_rate=0.000026 | epoch=0.352169
2026-02-19 10:57:43.620 | INFO     | __main__:on_log:99 - step=3065 | loss=0.055300 | grad_norm=0.347916 | learning_rate=0.000026 | epoch=0.352745
2026-02-19 10:58:03.586 | INFO     | __main__:on_log:99 - step=3070 | loss=0.068600 | grad_norm=0.587045 | learning_rate=0.000026 | epoch=0.353320
2026-02-19 10:58:23.550 | INFO     | __main__:on_log:99 - step=3075 | loss=0.079800 | grad_norm=0.473176 | learning_rate=0.000026 | epoch=0.353896
2026-02-19 10:58:43.492 | INFO     | __main__:on_log:99 - step=3080 | loss=0.075500 | grad_norm=0.291202 | learning_rate=0.000026 | epoch=0.354471
2026-02-19 10:59:03.441 | INFO     | __main__:on_log:99 - step=3085 | loss=0.069200 | grad_norm=0.687616 | learning_rate=0.000026 | epoch=0.355047
2026-02-19 10:59:23.387 | INFO     | __main__:on_log:99 - step=3090 | loss=0.064200 | grad_norm=0.621628 | learning_rate=0.000026 | epoch=0.355622
2026-02-19 10:59:43.309 | INFO     | __main__:on_log:99 - step=3095 | loss=0.092300 | grad_norm=0.820926 | learning_rate=0.000026 | epoch=0.356197
2026-02-19 11:00:03.248 | INFO     | __main__:on_log:99 - step=3100 | loss=0.095300 | grad_norm=0.432077 | learning_rate=0.000026 | epoch=0.356773
2026-02-19 11:00:23.166 | INFO     | __main__:on_log:99 - step=3105 | loss=0.065600 | grad_norm=0.511272 | learning_rate=0.000026 | epoch=0.357348
2026-02-19 11:00:43.090 | INFO     | __main__:on_log:99 - step=3110 | loss=0.073400 | grad_norm=0.566843 | learning_rate=0.000026 | epoch=0.357924
2026-02-19 11:01:03.020 | INFO     | __main__:on_log:99 - step=3115 | loss=0.067300 | grad_norm=0.608579 | learning_rate=0.000026 | epoch=0.358499
2026-02-19 11:01:22.953 | INFO     | __main__:on_log:99 - step=3120 | loss=0.083700 | grad_norm=0.564048 | learning_rate=0.000026 | epoch=0.359075
2026-02-19 11:01:42.891 | INFO     | __main__:on_log:99 - step=3125 | loss=0.077900 | grad_norm=0.544822 | learning_rate=0.000026 | epoch=0.359650
2026-02-19 11:02:02.823 | INFO     | __main__:on_log:99 - step=3130 | loss=0.107600 | grad_norm=0.762794 | learning_rate=0.000026 | epoch=0.360226
2026-02-19 11:02:22.795 | INFO     | __main__:on_log:99 - step=3135 | loss=0.053300 | grad_norm=0.333362 | learning_rate=0.000026 | epoch=0.360801
2026-02-19 11:02:42.738 | INFO     | __main__:on_log:99 - step=3140 | loss=0.088300 | grad_norm=0.710666 | learning_rate=0.000026 | epoch=0.361376
2026-02-19 11:03:02.718 | INFO     | __main__:on_log:99 - step=3145 | loss=0.048400 | grad_norm=0.393218 | learning_rate=0.000026 | epoch=0.361952
2026-02-19 11:03:22.666 | INFO     | __main__:on_log:99 - step=3150 | loss=0.058500 | grad_norm=0.433781 | learning_rate=0.000026 | epoch=0.362527
2026-02-19 11:03:42.631 | INFO     | __main__:on_log:99 - step=3155 | loss=0.108000 | grad_norm=0.718487 | learning_rate=0.000026 | epoch=0.363103
2026-02-19 11:04:02.577 | INFO     | __main__:on_log:99 - step=3160 | loss=0.065000 | grad_norm=0.486219 | learning_rate=0.000026 | epoch=0.363678
2026-02-19 11:04:22.510 | INFO     | __main__:on_log:99 - step=3165 | loss=0.076000 | grad_norm=0.547778 | learning_rate=0.000026 | epoch=0.364254
2026-02-19 11:04:42.438 | INFO     | __main__:on_log:99 - step=3170 | loss=0.061000 | grad_norm=0.593848 | learning_rate=0.000026 | epoch=0.364829
2026-02-19 11:05:02.362 | INFO     | __main__:on_log:99 - step=3175 | loss=0.064600 | grad_norm=0.516228 | learning_rate=0.000026 | epoch=0.365405
2026-02-19 11:05:22.291 | INFO     | __main__:on_log:99 - step=3180 | loss=0.089200 | grad_norm=0.605875 | learning_rate=0.000026 | epoch=0.365980
2026-02-19 11:05:42.241 | INFO     | __main__:on_log:99 - step=3185 | loss=0.078000 | grad_norm=0.501925 | learning_rate=0.000026 | epoch=0.366555
2026-02-19 11:06:02.175 | INFO     | __main__:on_log:99 - step=3190 | loss=0.096200 | grad_norm=0.755213 | learning_rate=0.000026 | epoch=0.367131
2026-02-19 11:06:22.088 | INFO     | __main__:on_log:99 - step=3195 | loss=0.056300 | grad_norm=0.539832 | learning_rate=0.000026 | epoch=0.367706
2026-02-19 11:06:41.991 | INFO     | __main__:on_log:99 - step=3200 | loss=0.099400 | grad_norm=0.788747 | learning_rate=0.000026 | epoch=0.368282
2026-02-19 11:07:01.946 | INFO     | __main__:on_log:99 - step=3205 | loss=0.087200 | grad_norm=0.432711 | learning_rate=0.000026 | epoch=0.368857
2026-02-19 11:07:21.868 | INFO     | __main__:on_log:99 - step=3210 | loss=0.076400 | grad_norm=0.520853 | learning_rate=0.000026 | epoch=0.369433
2026-02-19 11:07:41.802 | INFO     | __main__:on_log:99 - step=3215 | loss=0.089500 | grad_norm=0.469051 | learning_rate=0.000026 | epoch=0.370008
2026-02-19 11:08:01.729 | INFO     | __main__:on_log:99 - step=3220 | loss=0.078600 | grad_norm=0.412242 | learning_rate=0.000026 | epoch=0.370583
2026-02-19 11:08:21.675 | INFO     | __main__:on_log:99 - step=3225 | loss=0.068400 | grad_norm=0.530112 | learning_rate=0.000026 | epoch=0.371159
2026-02-19 11:08:41.603 | INFO     | __main__:on_log:99 - step=3230 | loss=0.074000 | grad_norm=0.441301 | learning_rate=0.000026 | epoch=0.371734
2026-02-19 11:09:01.581 | INFO     | __main__:on_log:99 - step=3235 | loss=0.068100 | grad_norm=0.743397 | learning_rate=0.000026 | epoch=0.372310
2026-02-19 11:09:21.512 | INFO     | __main__:on_log:99 - step=3240 | loss=0.085600 | grad_norm=0.549547 | learning_rate=0.000026 | epoch=0.372885
2026-02-19 11:09:41.451 | INFO     | __main__:on_log:99 - step=3245 | loss=0.086000 | grad_norm=0.614371 | learning_rate=0.000026 | epoch=0.373461
2026-02-19 11:10:01.388 | INFO     | __main__:on_log:99 - step=3250 | loss=0.086600 | grad_norm=0.581524 | learning_rate=0.000026 | epoch=0.374036
2026-02-19 11:10:21.312 | INFO     | __main__:on_log:99 - step=3255 | loss=0.076200 | grad_norm=0.420889 | learning_rate=0.000026 | epoch=0.374612
2026-02-19 11:10:41.250 | INFO     | __main__:on_log:99 - step=3260 | loss=0.074800 | grad_norm=0.656708 | learning_rate=0.000026 | epoch=0.375187
2026-02-19 11:11:01.195 | INFO     | __main__:on_log:99 - step=3265 | loss=0.078900 | grad_norm=0.423250 | learning_rate=0.000026 | epoch=0.375762
2026-02-19 11:11:21.151 | INFO     | __main__:on_log:99 - step=3270 | loss=0.060000 | grad_norm=0.531740 | learning_rate=0.000026 | epoch=0.376338
2026-02-19 11:11:41.084 | INFO     | __main__:on_log:99 - step=3275 | loss=0.064800 | grad_norm=0.576899 | learning_rate=0.000026 | epoch=0.376913
2026-02-19 11:12:01.067 | INFO     | __main__:on_log:99 - step=3280 | loss=0.052200 | grad_norm=0.468721 | learning_rate=0.000026 | epoch=0.377489
2026-02-19 11:12:21.031 | INFO     | __main__:on_log:99 - step=3285 | loss=0.047900 | grad_norm=0.521709 | learning_rate=0.000026 | epoch=0.378064
2026-02-19 11:12:40.988 | INFO     | __main__:on_log:99 - step=3290 | loss=0.051200 | grad_norm=0.503413 | learning_rate=0.000026 | epoch=0.378640
2026-02-19 11:13:00.909 | INFO     | __main__:on_log:99 - step=3295 | loss=0.091100 | grad_norm=0.680231 | learning_rate=0.000026 | epoch=0.379215
2026-02-19 11:13:20.832 | INFO     | __main__:on_log:99 - step=3300 | loss=0.058700 | grad_norm=0.377352 | learning_rate=0.000026 | epoch=0.379791
2026-02-19 11:13:40.739 | INFO     | __main__:on_log:99 - step=3305 | loss=0.084600 | grad_norm=0.672217 | learning_rate=0.000026 | epoch=0.380366
2026-02-19 11:14:00.695 | INFO     | __main__:on_log:99 - step=3310 | loss=0.073100 | grad_norm=0.514262 | learning_rate=0.000026 | epoch=0.380941
2026-02-19 11:14:20.655 | INFO     | __main__:on_log:99 - step=3315 | loss=0.069700 | grad_norm=0.677682 | learning_rate=0.000026 | epoch=0.381517
2026-02-19 11:14:40.598 | INFO     | __main__:on_log:99 - step=3320 | loss=0.062100 | grad_norm=0.456091 | learning_rate=0.000026 | epoch=0.382092
2026-02-19 11:15:00.590 | INFO     | __main__:on_log:99 - step=3325 | loss=0.058400 | grad_norm=0.454489 | learning_rate=0.000026 | epoch=0.382668
2026-02-19 11:15:20.524 | INFO     | __main__:on_log:99 - step=3330 | loss=0.064900 | grad_norm=0.447491 | learning_rate=0.000026 | epoch=0.383243
2026-02-19 11:15:40.450 | INFO     | __main__:on_log:99 - step=3335 | loss=0.065400 | grad_norm=0.615022 | learning_rate=0.000026 | epoch=0.383819
2026-02-19 11:16:00.378 | INFO     | __main__:on_log:99 - step=3340 | loss=0.087600 | grad_norm=0.458207 | learning_rate=0.000026 | epoch=0.384394
2026-02-19 11:16:20.327 | INFO     | __main__:on_log:99 - step=3345 | loss=0.074700 | grad_norm=0.450989 | learning_rate=0.000026 | epoch=0.384970
2026-02-19 11:16:40.288 | INFO     | __main__:on_log:99 - step=3350 | loss=0.077400 | grad_norm=0.726827 | learning_rate=0.000025 | epoch=0.385545
2026-02-19 11:17:00.220 | INFO     | __main__:on_log:99 - step=3355 | loss=0.058900 | grad_norm=0.467984 | learning_rate=0.000025 | epoch=0.386120
2026-02-19 11:17:20.200 | INFO     | __main__:on_log:99 - step=3360 | loss=0.072300 | grad_norm=0.495409 | learning_rate=0.000025 | epoch=0.386696
2026-02-19 11:17:40.159 | INFO     | __main__:on_log:99 - step=3365 | loss=0.063100 | grad_norm=0.515708 | learning_rate=0.000025 | epoch=0.387271
2026-02-19 11:18:00.105 | INFO     | __main__:on_log:99 - step=3370 | loss=0.103900 | grad_norm=0.436827 | learning_rate=0.000025 | epoch=0.387847
2026-02-19 11:18:20.048 | INFO     | __main__:on_log:99 - step=3375 | loss=0.058800 | grad_norm=0.413830 | learning_rate=0.000025 | epoch=0.388422
2026-02-19 11:18:40.003 | INFO     | __main__:on_log:99 - step=3380 | loss=0.082200 | grad_norm=0.399001 | learning_rate=0.000025 | epoch=0.388998
2026-02-19 11:18:59.952 | INFO     | __main__:on_log:99 - step=3385 | loss=0.045600 | grad_norm=0.452127 | learning_rate=0.000025 | epoch=0.389573
2026-02-19 11:19:19.889 | INFO     | __main__:on_log:99 - step=3390 | loss=0.072400 | grad_norm=0.544464 | learning_rate=0.000025 | epoch=0.390148
2026-02-19 11:19:39.819 | INFO     | __main__:on_log:99 - step=3395 | loss=0.073700 | grad_norm=0.476865 | learning_rate=0.000025 | epoch=0.390724
2026-02-19 11:19:59.757 | INFO     | __main__:on_log:99 - step=3400 | loss=0.057100 | grad_norm=0.445109 | learning_rate=0.000025 | epoch=0.391299
2026-02-19 11:20:19.726 | INFO     | __main__:on_log:99 - step=3405 | loss=0.078200 | grad_norm=0.529104 | learning_rate=0.000025 | epoch=0.391875
2026-02-19 11:20:39.642 | INFO     | __main__:on_log:99 - step=3410 | loss=0.064200 | grad_norm=0.390410 | learning_rate=0.000025 | epoch=0.392450
2026-02-19 11:20:59.562 | INFO     | __main__:on_log:99 - step=3415 | loss=0.073200 | grad_norm=0.534979 | learning_rate=0.000025 | epoch=0.393026
2026-02-19 11:21:19.507 | INFO     | __main__:on_log:99 - step=3420 | loss=0.094000 | grad_norm=0.722087 | learning_rate=0.000025 | epoch=0.393601
2026-02-19 11:21:39.429 | INFO     | __main__:on_log:99 - step=3425 | loss=0.089600 | grad_norm=0.607710 | learning_rate=0.000025 | epoch=0.394177
2026-02-19 11:21:59.383 | INFO     | __main__:on_log:99 - step=3430 | loss=0.074300 | grad_norm=0.308343 | learning_rate=0.000025 | epoch=0.394752
2026-02-19 11:22:19.313 | INFO     | __main__:on_log:99 - step=3435 | loss=0.068900 | grad_norm=0.686908 | learning_rate=0.000025 | epoch=0.395327
2026-02-19 11:22:39.244 | INFO     | __main__:on_log:99 - step=3440 | loss=0.072800 | grad_norm=0.582106 | learning_rate=0.000025 | epoch=0.395903
2026-02-19 11:22:59.185 | INFO     | __main__:on_log:99 - step=3445 | loss=0.063000 | grad_norm=0.403901 | learning_rate=0.000025 | epoch=0.396478
2026-02-19 11:23:19.135 | INFO     | __main__:on_log:99 - step=3450 | loss=0.067000 | grad_norm=0.446977 | learning_rate=0.000025 | epoch=0.397054
2026-02-19 11:23:39.066 | INFO     | __main__:on_log:99 - step=3455 | loss=0.075000 | grad_norm=1.051123 | learning_rate=0.000025 | epoch=0.397629
2026-02-19 11:23:59.005 | INFO     | __main__:on_log:99 - step=3460 | loss=0.089900 | grad_norm=0.628100 | learning_rate=0.000025 | epoch=0.398205
2026-02-19 11:24:18.978 | INFO     | __main__:on_log:99 - step=3465 | loss=0.062100 | grad_norm=0.361196 | learning_rate=0.000025 | epoch=0.398780
2026-02-19 11:24:38.935 | INFO     | __main__:on_log:99 - step=3470 | loss=0.085400 | grad_norm=0.451680 | learning_rate=0.000025 | epoch=0.399356
2026-02-19 11:24:58.909 | INFO     | __main__:on_log:99 - step=3475 | loss=0.058400 | grad_norm=0.430211 | learning_rate=0.000025 | epoch=0.399931
2026-02-19 11:25:18.838 | INFO     | __main__:on_log:99 - step=3480 | loss=0.093700 | grad_norm=0.623902 | learning_rate=0.000025 | epoch=0.400506
2026-02-19 11:25:38.812 | INFO     | __main__:on_log:99 - step=3485 | loss=0.070300 | grad_norm=0.538702 | learning_rate=0.000025 | epoch=0.401082
2026-02-19 11:25:58.818 | INFO     | __main__:on_log:99 - step=3490 | loss=0.076400 | grad_norm=0.293459 | learning_rate=0.000025 | epoch=0.401657
2026-02-19 11:26:18.780 | INFO     | __main__:on_log:99 - step=3495 | loss=0.086100 | grad_norm=0.700389 | learning_rate=0.000025 | epoch=0.402233
2026-02-19 11:26:38.747 | INFO     | __main__:on_log:99 - step=3500 | loss=0.068000 | grad_norm=0.416102 | learning_rate=0.000025 | epoch=0.402808
2026-02-19 11:26:58.712 | INFO     | __main__:on_log:99 - step=3505 | loss=0.061600 | grad_norm=0.489675 | learning_rate=0.000025 | epoch=0.403384
2026-02-19 11:27:18.621 | INFO     | __main__:on_log:99 - step=3510 | loss=0.073700 | grad_norm=0.605954 | learning_rate=0.000025 | epoch=0.403959
2026-02-19 11:27:38.564 | INFO     | __main__:on_log:99 - step=3515 | loss=0.095700 | grad_norm=0.443357 | learning_rate=0.000025 | epoch=0.404534
2026-02-19 11:27:58.512 | INFO     | __main__:on_log:99 - step=3520 | loss=0.063000 | grad_norm=0.361315 | learning_rate=0.000025 | epoch=0.405110
2026-02-19 11:28:18.435 | INFO     | __main__:on_log:99 - step=3525 | loss=0.098000 | grad_norm=0.809198 | learning_rate=0.000025 | epoch=0.405685
2026-02-19 11:28:38.366 | INFO     | __main__:on_log:99 - step=3530 | loss=0.064900 | grad_norm=0.487245 | learning_rate=0.000025 | epoch=0.406261
2026-02-19 11:28:58.297 | INFO     | __main__:on_log:99 - step=3535 | loss=0.055700 | grad_norm=0.371735 | learning_rate=0.000025 | epoch=0.406836
2026-02-19 11:29:18.223 | INFO     | __main__:on_log:99 - step=3540 | loss=0.097900 | grad_norm=1.007716 | learning_rate=0.000025 | epoch=0.407412
2026-02-19 11:29:38.142 | INFO     | __main__:on_log:99 - step=3545 | loss=0.071600 | grad_norm=0.847498 | learning_rate=0.000025 | epoch=0.407987
2026-02-19 11:29:58.094 | INFO     | __main__:on_log:99 - step=3550 | loss=0.093800 | grad_norm=0.629170 | learning_rate=0.000025 | epoch=0.408563
2026-02-19 11:30:18.019 | INFO     | __main__:on_log:99 - step=3555 | loss=0.065500 | grad_norm=0.467837 | learning_rate=0.000025 | epoch=0.409138
2026-02-19 11:30:37.983 | INFO     | __main__:on_log:99 - step=3560 | loss=0.074100 | grad_norm=0.687536 | learning_rate=0.000025 | epoch=0.409713
2026-02-19 11:30:57.921 | INFO     | __main__:on_log:99 - step=3565 | loss=0.079700 | grad_norm=0.432216 | learning_rate=0.000025 | epoch=0.410289
2026-02-19 11:31:17.877 | INFO     | __main__:on_log:99 - step=3570 | loss=0.069700 | grad_norm=0.493578 | learning_rate=0.000025 | epoch=0.410864
2026-02-19 11:31:37.820 | INFO     | __main__:on_log:99 - step=3575 | loss=0.080000 | grad_norm=0.712377 | learning_rate=0.000025 | epoch=0.411440
2026-02-19 11:31:57.788 | INFO     | __main__:on_log:99 - step=3580 | loss=0.056700 | grad_norm=0.568115 | learning_rate=0.000025 | epoch=0.412015
2026-02-19 11:32:17.708 | INFO     | __main__:on_log:99 - step=3585 | loss=0.062500 | grad_norm=0.544371 | learning_rate=0.000025 | epoch=0.412591
2026-02-19 11:32:37.647 | INFO     | __main__:on_log:99 - step=3590 | loss=0.076800 | grad_norm=0.541218 | learning_rate=0.000025 | epoch=0.413166
2026-02-19 11:32:57.576 | INFO     | __main__:on_log:99 - step=3595 | loss=0.062900 | grad_norm=0.470201 | learning_rate=0.000025 | epoch=0.413742
2026-02-19 11:33:17.499 | INFO     | __main__:on_log:99 - step=3600 | loss=0.072200 | grad_norm=0.705814 | learning_rate=0.000025 | epoch=0.414317
2026-02-19 11:33:37.432 | INFO     | __main__:on_log:99 - step=3605 | loss=0.056600 | grad_norm=0.547710 | learning_rate=0.000025 | epoch=0.414892
2026-02-19 11:33:57.390 | INFO     | __main__:on_log:99 - step=3610 | loss=0.124900 | grad_norm=0.962897 | learning_rate=0.000025 | epoch=0.415468
2026-02-19 11:34:17.345 | INFO     | __main__:on_log:99 - step=3615 | loss=0.098500 | grad_norm=0.839335 | learning_rate=0.000025 | epoch=0.416043
2026-02-19 11:34:37.273 | INFO     | __main__:on_log:99 - step=3620 | loss=0.069100 | grad_norm=0.406355 | learning_rate=0.000025 | epoch=0.416619
2026-02-19 11:34:57.213 | INFO     | __main__:on_log:99 - step=3625 | loss=0.071100 | grad_norm=0.492692 | learning_rate=0.000025 | epoch=0.417194
2026-02-19 11:35:17.122 | INFO     | __main__:on_log:99 - step=3630 | loss=0.075000 | grad_norm=0.339991 | learning_rate=0.000025 | epoch=0.417770
2026-02-19 11:35:37.055 | INFO     | __main__:on_log:99 - step=3635 | loss=0.060000 | grad_norm=0.707858 | learning_rate=0.000025 | epoch=0.418345
2026-02-19 11:35:57.028 | INFO     | __main__:on_log:99 - step=3640 | loss=0.078200 | grad_norm=0.556566 | learning_rate=0.000025 | epoch=0.418920
2026-02-19 11:36:16.970 | INFO     | __main__:on_log:99 - step=3645 | loss=0.055200 | grad_norm=0.472824 | learning_rate=0.000025 | epoch=0.419496
2026-02-19 11:36:36.920 | INFO     | __main__:on_log:99 - step=3650 | loss=0.070400 | grad_norm=0.577589 | learning_rate=0.000025 | epoch=0.420071
2026-02-19 11:36:56.871 | INFO     | __main__:on_log:99 - step=3655 | loss=0.112500 | grad_norm=0.696484 | learning_rate=0.000025 | epoch=0.420647
2026-02-19 11:37:16.829 | INFO     | __main__:on_log:99 - step=3660 | loss=0.058400 | grad_norm=0.573634 | learning_rate=0.000025 | epoch=0.421222
2026-02-19 11:37:36.767 | INFO     | __main__:on_log:99 - step=3665 | loss=0.083800 | grad_norm=0.464230 | learning_rate=0.000025 | epoch=0.421798
2026-02-19 11:37:56.721 | INFO     | __main__:on_log:99 - step=3670 | loss=0.054600 | grad_norm=0.393184 | learning_rate=0.000025 | epoch=0.422373
2026-02-19 11:38:16.662 | INFO     | __main__:on_log:99 - step=3675 | loss=0.062300 | grad_norm=0.544654 | learning_rate=0.000025 | epoch=0.422949
2026-02-19 11:38:36.616 | INFO     | __main__:on_log:99 - step=3680 | loss=0.054100 | grad_norm=0.462082 | learning_rate=0.000025 | epoch=0.423524
2026-02-19 11:38:56.553 | INFO     | __main__:on_log:99 - step=3685 | loss=0.094300 | grad_norm=0.651154 | learning_rate=0.000025 | epoch=0.424099
2026-02-19 11:39:16.477 | INFO     | __main__:on_log:99 - step=3690 | loss=0.068200 | grad_norm=0.596136 | learning_rate=0.000025 | epoch=0.424675
2026-02-19 11:39:36.419 | INFO     | __main__:on_log:99 - step=3695 | loss=0.094500 | grad_norm=0.631949 | learning_rate=0.000025 | epoch=0.425250
2026-02-19 11:39:56.373 | INFO     | __main__:on_log:99 - step=3700 | loss=0.051200 | grad_norm=0.394426 | learning_rate=0.000025 | epoch=0.425826
2026-02-19 11:40:16.299 | INFO     | __main__:on_log:99 - step=3705 | loss=0.104000 | grad_norm=0.756381 | learning_rate=0.000025 | epoch=0.426401
2026-02-19 11:40:36.255 | INFO     | __main__:on_log:99 - step=3710 | loss=0.071300 | grad_norm=0.407931 | learning_rate=0.000025 | epoch=0.426977
2026-02-19 11:40:56.176 | INFO     | __main__:on_log:99 - step=3715 | loss=0.077400 | grad_norm=0.536055 | learning_rate=0.000025 | epoch=0.427552
2026-02-19 11:41:16.089 | INFO     | __main__:on_log:99 - step=3720 | loss=0.069200 | grad_norm=0.783412 | learning_rate=0.000025 | epoch=0.428128
2026-02-19 11:41:36.048 | INFO     | __main__:on_log:99 - step=3725 | loss=0.078800 | grad_norm=0.522977 | learning_rate=0.000025 | epoch=0.428703
2026-02-19 11:41:56.012 | INFO     | __main__:on_log:99 - step=3730 | loss=0.063300 | grad_norm=0.392588 | learning_rate=0.000025 | epoch=0.429278
2026-02-19 11:42:15.982 | INFO     | __main__:on_log:99 - step=3735 | loss=0.049000 | grad_norm=0.441644 | learning_rate=0.000025 | epoch=0.429854
2026-02-19 11:42:35.940 | INFO     | __main__:on_log:99 - step=3740 | loss=0.087700 | grad_norm=0.581480 | learning_rate=0.000025 | epoch=0.430429
2026-02-19 11:42:55.903 | INFO     | __main__:on_log:99 - step=3745 | loss=0.061000 | grad_norm=0.339410 | learning_rate=0.000025 | epoch=0.431005
2026-02-19 11:43:15.826 | INFO     | __main__:on_log:99 - step=3750 | loss=0.077000 | grad_norm=0.666007 | learning_rate=0.000025 | epoch=0.431580
2026-02-19 11:43:35.769 | INFO     | __main__:on_log:99 - step=3755 | loss=0.075900 | grad_norm=0.639604 | learning_rate=0.000025 | epoch=0.432156
2026-02-19 11:43:55.712 | INFO     | __main__:on_log:99 - step=3760 | loss=0.106000 | grad_norm=0.729018 | learning_rate=0.000025 | epoch=0.432731
2026-02-19 11:44:15.664 | INFO     | __main__:on_log:99 - step=3765 | loss=0.073400 | grad_norm=0.506524 | learning_rate=0.000025 | epoch=0.433306
2026-02-19 11:44:35.600 | INFO     | __main__:on_log:99 - step=3770 | loss=0.075100 | grad_norm=0.570382 | learning_rate=0.000025 | epoch=0.433882
2026-02-19 11:44:55.535 | INFO     | __main__:on_log:99 - step=3775 | loss=0.078900 | grad_norm=0.695148 | learning_rate=0.000025 | epoch=0.434457
2026-02-19 11:45:15.458 | INFO     | __main__:on_log:99 - step=3780 | loss=0.073800 | grad_norm=0.740835 | learning_rate=0.000025 | epoch=0.435033
2026-02-19 11:45:35.398 | INFO     | __main__:on_log:99 - step=3785 | loss=0.071100 | grad_norm=0.489315 | learning_rate=0.000025 | epoch=0.435608
2026-02-19 11:45:55.337 | INFO     | __main__:on_log:99 - step=3790 | loss=0.068500 | grad_norm=0.368537 | learning_rate=0.000025 | epoch=0.436184
2026-02-19 11:46:15.269 | INFO     | __main__:on_log:99 - step=3795 | loss=0.068800 | grad_norm=0.525302 | learning_rate=0.000025 | epoch=0.436759
2026-02-19 11:46:35.197 | INFO     | __main__:on_log:99 - step=3800 | loss=0.079800 | grad_norm=0.835991 | learning_rate=0.000025 | epoch=0.437335
2026-02-19 11:46:55.184 | INFO     | __main__:on_log:99 - step=3805 | loss=0.069100 | grad_norm=0.442669 | learning_rate=0.000025 | epoch=0.437910
2026-02-19 11:47:15.173 | INFO     | __main__:on_log:99 - step=3810 | loss=0.070100 | grad_norm=0.394566 | learning_rate=0.000025 | epoch=0.438485
2026-02-19 11:47:35.115 | INFO     | __main__:on_log:99 - step=3815 | loss=0.077700 | grad_norm=0.785988 | learning_rate=0.000025 | epoch=0.439061
2026-02-19 11:47:55.071 | INFO     | __main__:on_log:99 - step=3820 | loss=0.056900 | grad_norm=0.469179 | learning_rate=0.000025 | epoch=0.439636
2026-02-19 11:48:15.005 | INFO     | __main__:on_log:99 - step=3825 | loss=0.056000 | grad_norm=0.631654 | learning_rate=0.000025 | epoch=0.440212
2026-02-19 11:48:34.948 | INFO     | __main__:on_log:99 - step=3830 | loss=0.061900 | grad_norm=0.363525 | learning_rate=0.000025 | epoch=0.440787
2026-02-19 11:48:54.920 | INFO     | __main__:on_log:99 - step=3835 | loss=0.071700 | grad_norm=0.706058 | learning_rate=0.000025 | epoch=0.441363
2026-02-19 11:49:14.849 | INFO     | __main__:on_log:99 - step=3840 | loss=0.084700 | grad_norm=0.378406 | learning_rate=0.000025 | epoch=0.441938
2026-02-19 11:49:34.784 | INFO     | __main__:on_log:99 - step=3845 | loss=0.068000 | grad_norm=0.394571 | learning_rate=0.000025 | epoch=0.442514
2026-02-19 11:49:54.739 | INFO     | __main__:on_log:99 - step=3850 | loss=0.062600 | grad_norm=0.395558 | learning_rate=0.000025 | epoch=0.443089
2026-02-19 11:50:14.690 | INFO     | __main__:on_log:99 - step=3855 | loss=0.079100 | grad_norm=0.509677 | learning_rate=0.000025 | epoch=0.443664
2026-02-19 11:50:34.611 | INFO     | __main__:on_log:99 - step=3860 | loss=0.068300 | grad_norm=0.599683 | learning_rate=0.000025 | epoch=0.444240
2026-02-19 11:50:54.570 | INFO     | __main__:on_log:99 - step=3865 | loss=0.055900 | grad_norm=0.434240 | learning_rate=0.000025 | epoch=0.444815
2026-02-19 11:51:14.499 | INFO     | __main__:on_log:99 - step=3870 | loss=0.080800 | grad_norm=0.486747 | learning_rate=0.000025 | epoch=0.445391
2026-02-19 11:51:34.427 | INFO     | __main__:on_log:99 - step=3875 | loss=0.072400 | grad_norm=0.727663 | learning_rate=0.000025 | epoch=0.445966
2026-02-19 11:51:54.379 | INFO     | __main__:on_log:99 - step=3880 | loss=0.066700 | grad_norm=0.503152 | learning_rate=0.000025 | epoch=0.446542
2026-02-19 11:52:14.309 | INFO     | __main__:on_log:99 - step=3885 | loss=0.060100 | grad_norm=0.565702 | learning_rate=0.000025 | epoch=0.447117
2026-02-19 11:52:34.244 | INFO     | __main__:on_log:99 - step=3890 | loss=0.079200 | grad_norm=0.632129 | learning_rate=0.000025 | epoch=0.447692
2026-02-19 11:52:54.174 | INFO     | __main__:on_log:99 - step=3895 | loss=0.089500 | grad_norm=0.631662 | learning_rate=0.000025 | epoch=0.448268
2026-02-19 11:53:14.139 | INFO     | __main__:on_log:99 - step=3900 | loss=0.076900 | grad_norm=0.419628 | learning_rate=0.000024 | epoch=0.448843
2026-02-19 11:53:34.079 | INFO     | __main__:on_log:99 - step=3905 | loss=0.068100 | grad_norm=0.601395 | learning_rate=0.000024 | epoch=0.449419
2026-02-19 11:53:54.039 | INFO     | __main__:on_log:99 - step=3910 | loss=0.067100 | grad_norm=0.501531 | learning_rate=0.000024 | epoch=0.449994
2026-02-19 11:54:14.047 | INFO     | __main__:on_log:99 - step=3915 | loss=0.052600 | grad_norm=0.376868 | learning_rate=0.000024 | epoch=0.450570
2026-02-19 11:54:34.014 | INFO     | __main__:on_log:99 - step=3920 | loss=0.083000 | grad_norm=0.618245 | learning_rate=0.000024 | epoch=0.451145
2026-02-19 11:54:54.009 | INFO     | __main__:on_log:99 - step=3925 | loss=0.083300 | grad_norm=0.365570 | learning_rate=0.000024 | epoch=0.451721
2026-02-19 11:55:13.971 | INFO     | __main__:on_log:99 - step=3930 | loss=0.058100 | grad_norm=0.433286 | learning_rate=0.000024 | epoch=0.452296
2026-02-19 11:55:33.902 | INFO     | __main__:on_log:99 - step=3935 | loss=0.070900 | grad_norm=0.732656 | learning_rate=0.000024 | epoch=0.452871
2026-02-19 11:55:53.858 | INFO     | __main__:on_log:99 - step=3940 | loss=0.076600 | grad_norm=0.433319 | learning_rate=0.000024 | epoch=0.453447
2026-02-19 11:56:13.822 | INFO     | __main__:on_log:99 - step=3945 | loss=0.068400 | grad_norm=0.454379 | learning_rate=0.000024 | epoch=0.454022
2026-02-19 11:56:33.760 | INFO     | __main__:on_log:99 - step=3950 | loss=0.069300 | grad_norm=0.319519 | learning_rate=0.000024 | epoch=0.454598
2026-02-19 11:56:53.742 | INFO     | __main__:on_log:99 - step=3955 | loss=0.062400 | grad_norm=0.604107 | learning_rate=0.000024 | epoch=0.455173
2026-02-19 11:57:13.665 | INFO     | __main__:on_log:99 - step=3960 | loss=0.068000 | grad_norm=0.418266 | learning_rate=0.000024 | epoch=0.455749
2026-02-19 11:57:33.599 | INFO     | __main__:on_log:99 - step=3965 | loss=0.080500 | grad_norm=0.675840 | learning_rate=0.000024 | epoch=0.456324
2026-02-19 11:57:53.522 | INFO     | __main__:on_log:99 - step=3970 | loss=0.061900 | grad_norm=0.373783 | learning_rate=0.000024 | epoch=0.456900
2026-02-19 11:58:13.437 | INFO     | __main__:on_log:99 - step=3975 | loss=0.068000 | grad_norm=0.426623 | learning_rate=0.000024 | epoch=0.457475
2026-02-19 11:58:33.387 | INFO     | __main__:on_log:99 - step=3980 | loss=0.069500 | grad_norm=0.518780 | learning_rate=0.000024 | epoch=0.458050
2026-02-19 11:58:53.336 | INFO     | __main__:on_log:99 - step=3985 | loss=0.072100 | grad_norm=0.471783 | learning_rate=0.000024 | epoch=0.458626
2026-02-19 11:59:13.283 | INFO     | __main__:on_log:99 - step=3990 | loss=0.066000 | grad_norm=0.409007 | learning_rate=0.000024 | epoch=0.459201
2026-02-19 11:59:33.230 | INFO     | __main__:on_log:99 - step=3995 | loss=0.066100 | grad_norm=0.310189 | learning_rate=0.000024 | epoch=0.459777
2026-02-19 11:59:53.162 | INFO     | __main__:on_log:99 - step=4000 | loss=0.076900 | grad_norm=0.866740 | learning_rate=0.000024 | epoch=0.460352
2026-02-19 12:00:13.140 | INFO     | __main__:on_log:99 - step=4005 | loss=0.072600 | grad_norm=0.459110 | learning_rate=0.000024 | epoch=0.460928
2026-02-19 12:00:33.074 | INFO     | __main__:on_log:99 - step=4010 | loss=0.076800 | grad_norm=0.552119 | learning_rate=0.000024 | epoch=0.461503
2026-02-19 12:00:53.025 | INFO     | __main__:on_log:99 - step=4015 | loss=0.096100 | grad_norm=0.595088 | learning_rate=0.000024 | epoch=0.462078
2026-02-19 12:01:12.969 | INFO     | __main__:on_log:99 - step=4020 | loss=0.050400 | grad_norm=0.445243 | learning_rate=0.000024 | epoch=0.462654
2026-02-19 12:01:32.914 | INFO     | __main__:on_log:99 - step=4025 | loss=0.085000 | grad_norm=0.693718 | learning_rate=0.000024 | epoch=0.463229
2026-02-19 12:01:52.869 | INFO     | __main__:on_log:99 - step=4030 | loss=0.073900 | grad_norm=0.425724 | learning_rate=0.000024 | epoch=0.463805
2026-02-19 12:02:12.797 | INFO     | __main__:on_log:99 - step=4035 | loss=0.049400 | grad_norm=0.435331 | learning_rate=0.000024 | epoch=0.464380
2026-02-19 12:02:32.753 | INFO     | __main__:on_log:99 - step=4040 | loss=0.064800 | grad_norm=0.357183 | learning_rate=0.000024 | epoch=0.464956
2026-02-19 12:02:52.671 | INFO     | __main__:on_log:99 - step=4045 | loss=0.079500 | grad_norm=0.458487 | learning_rate=0.000024 | epoch=0.465531
2026-02-19 12:03:12.621 | INFO     | __main__:on_log:99 - step=4050 | loss=0.060900 | grad_norm=0.374297 | learning_rate=0.000024 | epoch=0.466107
2026-02-19 12:03:32.518 | INFO     | __main__:on_log:99 - step=4055 | loss=0.069800 | grad_norm=0.350022 | learning_rate=0.000024 | epoch=0.466682
2026-02-19 12:03:52.474 | INFO     | __main__:on_log:99 - step=4060 | loss=0.073500 | grad_norm=0.483935 | learning_rate=0.000024 | epoch=0.467257
2026-02-19 12:04:12.386 | INFO     | __main__:on_log:99 - step=4065 | loss=0.068300 | grad_norm=0.504030 | learning_rate=0.000024 | epoch=0.467833
2026-02-19 12:04:32.332 | INFO     | __main__:on_log:99 - step=4070 | loss=0.060800 | grad_norm=0.624489 | learning_rate=0.000024 | epoch=0.468408
2026-02-19 12:04:52.264 | INFO     | __main__:on_log:99 - step=4075 | loss=0.087800 | grad_norm=0.560194 | learning_rate=0.000024 | epoch=0.468984
2026-02-19 12:05:12.199 | INFO     | __main__:on_log:99 - step=4080 | loss=0.059700 | grad_norm=0.378631 | learning_rate=0.000024 | epoch=0.469559
2026-02-19 12:05:32.124 | INFO     | __main__:on_log:99 - step=4085 | loss=0.057700 | grad_norm=0.555563 | learning_rate=0.000024 | epoch=0.470135
2026-02-19 12:05:52.067 | INFO     | __main__:on_log:99 - step=4090 | loss=0.110100 | grad_norm=0.993744 | learning_rate=0.000024 | epoch=0.470710
2026-02-19 12:06:11.998 | INFO     | __main__:on_log:99 - step=4095 | loss=0.072000 | grad_norm=0.671916 | learning_rate=0.000024 | epoch=0.471286
2026-02-19 12:06:31.922 | INFO     | __main__:on_log:99 - step=4100 | loss=0.069300 | grad_norm=0.676592 | learning_rate=0.000024 | epoch=0.471861
2026-02-19 12:06:51.872 | INFO     | __main__:on_log:99 - step=4105 | loss=0.048300 | grad_norm=0.518835 | learning_rate=0.000024 | epoch=0.472436
2026-02-19 12:07:11.796 | INFO     | __main__:on_log:99 - step=4110 | loss=0.070300 | grad_norm=0.476238 | learning_rate=0.000024 | epoch=0.473012
2026-02-19 12:07:31.728 | INFO     | __main__:on_log:99 - step=4115 | loss=0.080400 | grad_norm=0.478104 | learning_rate=0.000024 | epoch=0.473587
2026-02-19 12:07:51.672 | INFO     | __main__:on_log:99 - step=4120 | loss=0.063100 | grad_norm=0.374369 | learning_rate=0.000024 | epoch=0.474163
2026-02-19 12:08:11.600 | INFO     | __main__:on_log:99 - step=4125 | loss=0.085000 | grad_norm=0.929681 | learning_rate=0.000024 | epoch=0.474738
2026-02-19 12:08:31.541 | INFO     | __main__:on_log:99 - step=4130 | loss=0.098200 | grad_norm=0.846386 | learning_rate=0.000024 | epoch=0.475314
2026-02-19 12:08:51.497 | INFO     | __main__:on_log:99 - step=4135 | loss=0.084100 | grad_norm=0.510391 | learning_rate=0.000024 | epoch=0.475889
2026-02-19 12:09:11.451 | INFO     | __main__:on_log:99 - step=4140 | loss=0.095300 | grad_norm=0.429859 | learning_rate=0.000024 | epoch=0.476464
2026-02-19 12:09:31.424 | INFO     | __main__:on_log:99 - step=4145 | loss=0.076800 | grad_norm=0.336834 | learning_rate=0.000024 | epoch=0.477040
2026-02-19 12:09:51.395 | INFO     | __main__:on_log:99 - step=4150 | loss=0.077800 | grad_norm=0.751062 | learning_rate=0.000024 | epoch=0.477615
2026-02-19 12:10:11.319 | INFO     | __main__:on_log:99 - step=4155 | loss=0.064800 | grad_norm=0.338215 | learning_rate=0.000024 | epoch=0.478191
2026-02-19 12:10:31.285 | INFO     | __main__:on_log:99 - step=4160 | loss=0.047600 | grad_norm=0.431945 | learning_rate=0.000024 | epoch=0.478766
2026-02-19 12:10:51.231 | INFO     | __main__:on_log:99 - step=4165 | loss=0.065000 | grad_norm=0.493695 | learning_rate=0.000024 | epoch=0.479342
2026-02-19 12:11:11.193 | INFO     | __main__:on_log:99 - step=4170 | loss=0.064800 | grad_norm=0.689743 | learning_rate=0.000024 | epoch=0.479917
2026-02-19 12:11:31.141 | INFO     | __main__:on_log:99 - step=4175 | loss=0.044500 | grad_norm=0.401062 | learning_rate=0.000024 | epoch=0.480493
2026-02-19 12:11:51.105 | INFO     | __main__:on_log:99 - step=4180 | loss=0.069200 | grad_norm=0.562108 | learning_rate=0.000024 | epoch=0.481068
2026-02-19 12:12:11.028 | INFO     | __main__:on_log:99 - step=4185 | loss=0.069800 | grad_norm=0.739781 | learning_rate=0.000024 | epoch=0.481643
2026-02-19 12:12:30.954 | INFO     | __main__:on_log:99 - step=4190 | loss=0.065400 | grad_norm=0.520987 | learning_rate=0.000024 | epoch=0.482219
2026-02-19 12:12:50.931 | INFO     | __main__:on_log:99 - step=4195 | loss=0.064500 | grad_norm=0.544512 | learning_rate=0.000024 | epoch=0.482794
2026-02-19 12:13:10.914 | INFO     | __main__:on_log:99 - step=4200 | loss=0.057700 | grad_norm=0.348145 | learning_rate=0.000024 | epoch=0.483370
2026-02-19 12:13:30.868 | INFO     | __main__:on_log:99 - step=4205 | loss=0.061700 | grad_norm=0.400219 | learning_rate=0.000024 | epoch=0.483945
2026-02-19 12:13:50.824 | INFO     | __main__:on_log:99 - step=4210 | loss=0.059200 | grad_norm=0.395177 | learning_rate=0.000024 | epoch=0.484521
2026-02-19 12:14:10.787 | INFO     | __main__:on_log:99 - step=4215 | loss=0.089600 | grad_norm=0.503174 | learning_rate=0.000024 | epoch=0.485096
2026-02-19 12:14:30.733 | INFO     | __main__:on_log:99 - step=4220 | loss=0.071600 | grad_norm=0.422808 | learning_rate=0.000024 | epoch=0.485672
2026-02-19 12:14:50.672 | INFO     | __main__:on_log:99 - step=4225 | loss=0.061700 | grad_norm=0.410538 | learning_rate=0.000024 | epoch=0.486247
2026-02-19 12:15:10.643 | INFO     | __main__:on_log:99 - step=4230 | loss=0.095400 | grad_norm=0.402024 | learning_rate=0.000024 | epoch=0.486822
2026-02-19 12:15:30.603 | INFO     | __main__:on_log:99 - step=4235 | loss=0.060900 | grad_norm=0.381325 | learning_rate=0.000024 | epoch=0.487398
2026-02-19 12:15:50.539 | INFO     | __main__:on_log:99 - step=4240 | loss=0.054000 | grad_norm=0.254206 | learning_rate=0.000024 | epoch=0.487973
2026-02-19 12:16:10.470 | INFO     | __main__:on_log:99 - step=4245 | loss=0.065800 | grad_norm=0.550220 | learning_rate=0.000024 | epoch=0.488549
2026-02-19 12:16:30.399 | INFO     | __main__:on_log:99 - step=4250 | loss=0.059300 | grad_norm=0.540599 | learning_rate=0.000024 | epoch=0.489124
2026-02-19 12:16:50.313 | INFO     | __main__:on_log:99 - step=4255 | loss=0.077700 | grad_norm=0.528681 | learning_rate=0.000024 | epoch=0.489700
2026-02-19 12:17:10.223 | INFO     | __main__:on_log:99 - step=4260 | loss=0.064300 | grad_norm=0.406467 | learning_rate=0.000024 | epoch=0.490275
2026-02-19 12:17:30.164 | INFO     | __main__:on_log:99 - step=4265 | loss=0.056300 | grad_norm=0.354393 | learning_rate=0.000024 | epoch=0.490851
2026-02-19 12:17:50.102 | INFO     | __main__:on_log:99 - step=4270 | loss=0.065600 | grad_norm=0.374351 | learning_rate=0.000024 | epoch=0.491426
2026-02-19 12:18:10.044 | INFO     | __main__:on_log:99 - step=4275 | loss=0.060400 | grad_norm=0.267736 | learning_rate=0.000024 | epoch=0.492001
2026-02-19 12:18:29.982 | INFO     | __main__:on_log:99 - step=4280 | loss=0.074800 | grad_norm=0.510764 | learning_rate=0.000024 | epoch=0.492577
2026-02-19 12:18:49.935 | INFO     | __main__:on_log:99 - step=4285 | loss=0.076600 | grad_norm=0.485294 | learning_rate=0.000024 | epoch=0.493152
2026-02-19 12:19:09.846 | INFO     | __main__:on_log:99 - step=4290 | loss=0.087500 | grad_norm=0.912905 | learning_rate=0.000024 | epoch=0.493728
2026-02-19 12:19:29.768 | INFO     | __main__:on_log:99 - step=4295 | loss=0.072200 | grad_norm=0.544948 | learning_rate=0.000024 | epoch=0.494303
2026-02-19 12:19:49.694 | INFO     | __main__:on_log:99 - step=4300 | loss=0.076000 | grad_norm=0.604964 | learning_rate=0.000024 | epoch=0.494879
2026-02-19 12:20:09.643 | INFO     | __main__:on_log:99 - step=4305 | loss=0.055800 | grad_norm=0.479096 | learning_rate=0.000024 | epoch=0.495454
2026-02-19 12:20:29.551 | INFO     | __main__:on_log:99 - step=4310 | loss=0.057400 | grad_norm=0.689592 | learning_rate=0.000024 | epoch=0.496029
2026-02-19 12:20:49.498 | INFO     | __main__:on_log:99 - step=4315 | loss=0.087400 | grad_norm=0.567573 | learning_rate=0.000024 | epoch=0.496605
2026-02-19 12:21:09.416 | INFO     | __main__:on_log:99 - step=4320 | loss=0.087100 | grad_norm=0.512916 | learning_rate=0.000024 | epoch=0.497180
2026-02-19 12:21:29.372 | INFO     | __main__:on_log:99 - step=4325 | loss=0.065900 | grad_norm=0.524882 | learning_rate=0.000024 | epoch=0.497756
2026-02-19 12:21:49.337 | INFO     | __main__:on_log:99 - step=4330 | loss=0.062600 | grad_norm=0.403500 | learning_rate=0.000024 | epoch=0.498331
2026-02-19 12:22:09.279 | INFO     | __main__:on_log:99 - step=4335 | loss=0.090100 | grad_norm=0.693934 | learning_rate=0.000024 | epoch=0.498907
2026-02-19 12:22:29.252 | INFO     | __main__:on_log:99 - step=4340 | loss=0.078200 | grad_norm=0.470100 | learning_rate=0.000024 | epoch=0.499482
2026-02-19 12:22:49.230 | INFO     | __main__:on_log:99 - step=4345 | loss=0.051800 | grad_norm=0.403084 | learning_rate=0.000024 | epoch=0.500058
2026-02-19 12:23:09.170 | INFO     | __main__:on_log:99 - step=4350 | loss=0.065300 | grad_norm=0.526405 | learning_rate=0.000024 | epoch=0.500633
2026-02-19 12:23:29.135 | INFO     | __main__:on_log:99 - step=4355 | loss=0.060800 | grad_norm=0.601556 | learning_rate=0.000024 | epoch=0.501208
2026-02-19 12:23:49.087 | INFO     | __main__:on_log:99 - step=4360 | loss=0.051700 | grad_norm=0.393043 | learning_rate=0.000024 | epoch=0.501784
2026-02-19 12:24:09.032 | INFO     | __main__:on_log:99 - step=4365 | loss=0.095600 | grad_norm=0.662107 | learning_rate=0.000024 | epoch=0.502359
2026-02-19 12:24:28.980 | INFO     | __main__:on_log:99 - step=4370 | loss=0.056700 | grad_norm=0.484527 | learning_rate=0.000024 | epoch=0.502935
2026-02-19 12:24:48.946 | INFO     | __main__:on_log:99 - step=4375 | loss=0.073900 | grad_norm=0.579189 | learning_rate=0.000024 | epoch=0.503510
2026-02-19 12:25:08.923 | INFO     | __main__:on_log:99 - step=4380 | loss=0.059100 | grad_norm=0.457920 | learning_rate=0.000024 | epoch=0.504086
2026-02-19 12:25:28.886 | INFO     | __main__:on_log:99 - step=4385 | loss=0.069400 | grad_norm=0.509741 | learning_rate=0.000024 | epoch=0.504661
2026-02-19 12:25:48.838 | INFO     | __main__:on_log:99 - step=4390 | loss=0.068200 | grad_norm=0.575298 | learning_rate=0.000024 | epoch=0.505237
2026-02-19 12:26:08.804 | INFO     | __main__:on_log:99 - step=4395 | loss=0.063600 | grad_norm=0.490292 | learning_rate=0.000024 | epoch=0.505812
2026-02-19 12:26:28.770 | INFO     | __main__:on_log:99 - step=4400 | loss=0.069400 | grad_norm=0.375856 | learning_rate=0.000024 | epoch=0.506387
2026-02-19 12:26:48.721 | INFO     | __main__:on_log:99 - step=4405 | loss=0.073900 | grad_norm=0.373355 | learning_rate=0.000024 | epoch=0.506963
2026-02-19 12:27:08.681 | INFO     | __main__:on_log:99 - step=4410 | loss=0.057400 | grad_norm=0.368771 | learning_rate=0.000024 | epoch=0.507538
2026-02-19 12:27:28.630 | INFO     | __main__:on_log:99 - step=4415 | loss=0.066100 | grad_norm=0.564417 | learning_rate=0.000024 | epoch=0.508114
2026-02-19 12:27:48.578 | INFO     | __main__:on_log:99 - step=4420 | loss=0.062700 | grad_norm=0.389195 | learning_rate=0.000024 | epoch=0.508689
2026-02-19 12:28:08.519 | INFO     | __main__:on_log:99 - step=4425 | loss=0.092300 | grad_norm=0.749327 | learning_rate=0.000024 | epoch=0.509265
2026-02-19 12:28:28.468 | INFO     | __main__:on_log:99 - step=4430 | loss=0.058900 | grad_norm=0.498334 | learning_rate=0.000024 | epoch=0.509840
2026-02-19 12:28:48.410 | INFO     | __main__:on_log:99 - step=4435 | loss=0.089900 | grad_norm=0.477269 | learning_rate=0.000024 | epoch=0.510415
2026-02-19 12:29:08.333 | INFO     | __main__:on_log:99 - step=4440 | loss=0.072700 | grad_norm=0.710842 | learning_rate=0.000024 | epoch=0.510991
2026-02-19 12:29:28.281 | INFO     | __main__:on_log:99 - step=4445 | loss=0.054300 | grad_norm=0.618423 | learning_rate=0.000024 | epoch=0.511566
2026-02-19 12:29:48.242 | INFO     | __main__:on_log:99 - step=4450 | loss=0.081600 | grad_norm=0.498625 | learning_rate=0.000023 | epoch=0.512142
2026-02-19 12:30:08.191 | INFO     | __main__:on_log:99 - step=4455 | loss=0.085500 | grad_norm=0.707141 | learning_rate=0.000023 | epoch=0.512717
2026-02-19 12:30:28.111 | INFO     | __main__:on_log:99 - step=4460 | loss=0.089500 | grad_norm=0.500465 | learning_rate=0.000023 | epoch=0.513293
2026-02-19 12:30:48.095 | INFO     | __main__:on_log:99 - step=4465 | loss=0.064500 | grad_norm=0.279449 | learning_rate=0.000023 | epoch=0.513868
2026-02-19 12:31:08.046 | INFO     | __main__:on_log:99 - step=4470 | loss=0.068000 | grad_norm=0.304983 | learning_rate=0.000023 | epoch=0.514444
2026-02-19 12:31:28.001 | INFO     | __main__:on_log:99 - step=4475 | loss=0.065500 | grad_norm=0.384587 | learning_rate=0.000023 | epoch=0.515019
2026-02-19 12:31:47.959 | INFO     | __main__:on_log:99 - step=4480 | loss=0.061800 | grad_norm=0.481960 | learning_rate=0.000023 | epoch=0.515594
2026-02-19 12:32:07.929 | INFO     | __main__:on_log:99 - step=4485 | loss=0.086100 | grad_norm=0.707250 | learning_rate=0.000023 | epoch=0.516170
2026-02-19 12:32:27.919 | INFO     | __main__:on_log:99 - step=4490 | loss=0.054700 | grad_norm=0.382334 | learning_rate=0.000023 | epoch=0.516745
2026-02-19 12:32:47.882 | INFO     | __main__:on_log:99 - step=4495 | loss=0.053800 | grad_norm=0.649566 | learning_rate=0.000023 | epoch=0.517321
2026-02-19 12:33:07.837 | INFO     | __main__:on_log:99 - step=4500 | loss=0.057800 | grad_norm=0.351839 | learning_rate=0.000023 | epoch=0.517896
2026-02-19 12:33:27.793 | INFO     | __main__:on_log:99 - step=4505 | loss=0.065100 | grad_norm=0.388212 | learning_rate=0.000023 | epoch=0.518472
2026-02-19 12:33:47.715 | INFO     | __main__:on_log:99 - step=4510 | loss=0.070300 | grad_norm=0.403515 | learning_rate=0.000023 | epoch=0.519047
2026-02-19 12:34:07.684 | INFO     | __main__:on_log:99 - step=4515 | loss=0.052300 | grad_norm=0.378547 | learning_rate=0.000023 | epoch=0.519623
2026-02-19 12:34:27.641 | INFO     | __main__:on_log:99 - step=4520 | loss=0.077500 | grad_norm=0.472649 | learning_rate=0.000023 | epoch=0.520198
2026-02-19 12:34:47.562 | INFO     | __main__:on_log:99 - step=4525 | loss=0.065500 | grad_norm=0.499528 | learning_rate=0.000023 | epoch=0.520773
2026-02-19 12:35:07.526 | INFO     | __main__:on_log:99 - step=4530 | loss=0.054400 | grad_norm=0.583275 | learning_rate=0.000023 | epoch=0.521349
2026-02-19 12:35:27.458 | INFO     | __main__:on_log:99 - step=4535 | loss=0.059200 | grad_norm=0.371311 | learning_rate=0.000023 | epoch=0.521924
2026-02-19 12:35:47.429 | INFO     | __main__:on_log:99 - step=4540 | loss=0.061900 | grad_norm=0.393591 | learning_rate=0.000023 | epoch=0.522500
2026-02-19 12:36:07.397 | INFO     | __main__:on_log:99 - step=4545 | loss=0.066500 | grad_norm=0.506799 | learning_rate=0.000023 | epoch=0.523075
2026-02-19 12:36:27.341 | INFO     | __main__:on_log:99 - step=4550 | loss=0.073500 | grad_norm=0.604688 | learning_rate=0.000023 | epoch=0.523651
2026-02-19 12:36:47.292 | INFO     | __main__:on_log:99 - step=4555 | loss=0.056200 | grad_norm=0.453395 | learning_rate=0.000023 | epoch=0.524226
2026-02-19 12:37:07.203 | INFO     | __main__:on_log:99 - step=4560 | loss=0.070800 | grad_norm=0.512283 | learning_rate=0.000023 | epoch=0.524801
2026-02-19 12:37:27.147 | INFO     | __main__:on_log:99 - step=4565 | loss=0.075900 | grad_norm=0.488970 | learning_rate=0.000023 | epoch=0.525377
2026-02-19 12:37:47.104 | INFO     | __main__:on_log:99 - step=4570 | loss=0.052800 | grad_norm=0.380496 | learning_rate=0.000023 | epoch=0.525952
2026-02-19 12:38:07.046 | INFO     | __main__:on_log:99 - step=4575 | loss=0.079700 | grad_norm=0.514786 | learning_rate=0.000023 | epoch=0.526528
2026-02-19 12:38:26.979 | INFO     | __main__:on_log:99 - step=4580 | loss=0.059200 | grad_norm=0.456651 | learning_rate=0.000023 | epoch=0.527103
2026-02-19 12:38:46.923 | INFO     | __main__:on_log:99 - step=4585 | loss=0.042900 | grad_norm=0.426996 | learning_rate=0.000023 | epoch=0.527679
2026-02-19 12:39:06.867 | INFO     | __main__:on_log:99 - step=4590 | loss=0.069100 | grad_norm=0.632916 | learning_rate=0.000023 | epoch=0.528254
2026-02-19 12:39:26.804 | INFO     | __main__:on_log:99 - step=4595 | loss=0.074000 | grad_norm=0.667791 | learning_rate=0.000023 | epoch=0.528830
2026-02-19 12:39:46.754 | INFO     | __main__:on_log:99 - step=4600 | loss=0.044300 | grad_norm=0.516963 | learning_rate=0.000023 | epoch=0.529405
2026-02-19 12:40:06.713 | INFO     | __main__:on_log:99 - step=4605 | loss=0.082500 | grad_norm=0.454688 | learning_rate=0.000023 | epoch=0.529980
2026-02-19 12:40:26.636 | INFO     | __main__:on_log:99 - step=4610 | loss=0.078000 | grad_norm=0.575212 | learning_rate=0.000023 | epoch=0.530556
2026-02-19 12:40:46.585 | INFO     | __main__:on_log:99 - step=4615 | loss=0.076300 | grad_norm=0.416061 | learning_rate=0.000023 | epoch=0.531131
2026-02-19 12:41:06.521 | INFO     | __main__:on_log:99 - step=4620 | loss=0.064600 | grad_norm=0.415392 | learning_rate=0.000023 | epoch=0.531707
2026-02-19 12:41:26.472 | INFO     | __main__:on_log:99 - step=4625 | loss=0.071300 | grad_norm=0.769412 | learning_rate=0.000023 | epoch=0.532282
2026-02-19 12:41:46.453 | INFO     | __main__:on_log:99 - step=4630 | loss=0.062100 | grad_norm=0.487343 | learning_rate=0.000023 | epoch=0.532858
2026-02-19 12:42:06.413 | INFO     | __main__:on_log:99 - step=4635 | loss=0.072500 | grad_norm=0.440996 | learning_rate=0.000023 | epoch=0.533433
2026-02-19 12:42:26.399 | INFO     | __main__:on_log:99 - step=4640 | loss=0.063900 | grad_norm=0.696971 | learning_rate=0.000023 | epoch=0.534009
2026-02-19 12:42:46.369 | INFO     | __main__:on_log:99 - step=4645 | loss=0.059800 | grad_norm=0.391977 | learning_rate=0.000023 | epoch=0.534584
2026-02-19 12:43:06.333 | INFO     | __main__:on_log:99 - step=4650 | loss=0.056200 | grad_norm=0.371170 | learning_rate=0.000023 | epoch=0.535159
2026-02-19 12:43:26.291 | INFO     | __main__:on_log:99 - step=4655 | loss=0.088000 | grad_norm=0.614034 | learning_rate=0.000023 | epoch=0.535735
2026-02-19 12:43:46.258 | INFO     | __main__:on_log:99 - step=4660 | loss=0.066400 | grad_norm=0.487275 | learning_rate=0.000023 | epoch=0.536310
2026-02-19 12:44:06.199 | INFO     | __main__:on_log:99 - step=4665 | loss=0.062300 | grad_norm=0.513634 | learning_rate=0.000023 | epoch=0.536886
2026-02-19 12:44:26.154 | INFO     | __main__:on_log:99 - step=4670 | loss=0.062000 | grad_norm=0.459225 | learning_rate=0.000023 | epoch=0.537461
2026-02-19 12:44:46.112 | INFO     | __main__:on_log:99 - step=4675 | loss=0.074600 | grad_norm=0.287179 | learning_rate=0.000023 | epoch=0.538037
2026-02-19 12:45:06.041 | INFO     | __main__:on_log:99 - step=4680 | loss=0.066500 | grad_norm=0.647515 | learning_rate=0.000023 | epoch=0.538612
2026-02-19 12:45:25.971 | INFO     | __main__:on_log:99 - step=4685 | loss=0.076900 | grad_norm=0.707856 | learning_rate=0.000023 | epoch=0.539187
2026-02-19 12:45:45.951 | INFO     | __main__:on_log:99 - step=4690 | loss=0.082800 | grad_norm=0.863281 | learning_rate=0.000023 | epoch=0.539763
2026-02-19 12:46:05.921 | INFO     | __main__:on_log:99 - step=4695 | loss=0.076400 | grad_norm=0.441397 | learning_rate=0.000023 | epoch=0.540338
2026-02-19 12:46:25.887 | INFO     | __main__:on_log:99 - step=4700 | loss=0.063300 | grad_norm=0.383805 | learning_rate=0.000023 | epoch=0.540914
2026-02-19 12:46:45.851 | INFO     | __main__:on_log:99 - step=4705 | loss=0.085300 | grad_norm=0.633728 | learning_rate=0.000023 | epoch=0.541489
2026-02-19 12:47:05.800 | INFO     | __main__:on_log:99 - step=4710 | loss=0.076400 | grad_norm=0.706604 | learning_rate=0.000023 | epoch=0.542065
2026-02-19 12:47:25.737 | INFO     | __main__:on_log:99 - step=4715 | loss=0.057400 | grad_norm=0.378278 | learning_rate=0.000023 | epoch=0.542640
2026-02-19 12:47:45.678 | INFO     | __main__:on_log:99 - step=4720 | loss=0.062900 | grad_norm=0.492102 | learning_rate=0.000023 | epoch=0.543216
2026-02-19 12:48:05.655 | INFO     | __main__:on_log:99 - step=4725 | loss=0.086000 | grad_norm=0.472884 | learning_rate=0.000023 | epoch=0.543791
2026-02-19 12:48:25.622 | INFO     | __main__:on_log:99 - step=4730 | loss=0.065300 | grad_norm=0.491198 | learning_rate=0.000023 | epoch=0.544366
2026-02-19 12:48:45.584 | INFO     | __main__:on_log:99 - step=4735 | loss=0.081100 | grad_norm=0.745069 | learning_rate=0.000023 | epoch=0.544942
2026-02-19 12:49:05.527 | INFO     | __main__:on_log:99 - step=4740 | loss=0.067300 | grad_norm=0.534879 | learning_rate=0.000023 | epoch=0.545517
2026-02-19 12:49:25.480 | INFO     | __main__:on_log:99 - step=4745 | loss=0.064900 | grad_norm=0.650040 | learning_rate=0.000023 | epoch=0.546093
2026-02-19 12:49:45.469 | INFO     | __main__:on_log:99 - step=4750 | loss=0.075700 | grad_norm=0.630784 | learning_rate=0.000023 | epoch=0.546668
2026-02-19 12:50:05.418 | INFO     | __main__:on_log:99 - step=4755 | loss=0.075800 | grad_norm=0.635026 | learning_rate=0.000023 | epoch=0.547244
2026-02-19 12:50:25.401 | INFO     | __main__:on_log:99 - step=4760 | loss=0.063400 | grad_norm=0.450942 | learning_rate=0.000023 | epoch=0.547819
2026-02-19 12:50:45.351 | INFO     | __main__:on_log:99 - step=4765 | loss=0.082800 | grad_norm=0.699903 | learning_rate=0.000023 | epoch=0.548395
2026-02-19 12:51:05.320 | INFO     | __main__:on_log:99 - step=4770 | loss=0.101600 | grad_norm=0.452304 | learning_rate=0.000023 | epoch=0.548970
2026-02-19 12:51:25.257 | INFO     | __main__:on_log:99 - step=4775 | loss=0.094900 | grad_norm=0.493420 | learning_rate=0.000023 | epoch=0.549545
2026-02-19 12:51:45.206 | INFO     | __main__:on_log:99 - step=4780 | loss=0.052300 | grad_norm=0.715628 | learning_rate=0.000023 | epoch=0.550121
2026-02-19 12:52:05.154 | INFO     | __main__:on_log:99 - step=4785 | loss=0.056400 | grad_norm=0.340133 | learning_rate=0.000023 | epoch=0.550696
2026-02-19 12:52:25.111 | INFO     | __main__:on_log:99 - step=4790 | loss=0.069300 | grad_norm=0.344996 | learning_rate=0.000023 | epoch=0.551272
2026-02-19 12:52:45.054 | INFO     | __main__:on_log:99 - step=4795 | loss=0.064900 | grad_norm=0.552009 | learning_rate=0.000023 | epoch=0.551847
2026-02-19 12:53:04.968 | INFO     | __main__:on_log:99 - step=4800 | loss=0.076400 | grad_norm=0.483316 | learning_rate=0.000023 | epoch=0.552423
2026-02-19 12:53:24.883 | INFO     | __main__:on_log:99 - step=4805 | loss=0.072300 | grad_norm=0.327043 | learning_rate=0.000023 | epoch=0.552998
2026-02-19 12:53:44.819 | INFO     | __main__:on_log:99 - step=4810 | loss=0.094700 | grad_norm=0.625302 | learning_rate=0.000023 | epoch=0.553573
2026-02-19 12:54:04.747 | INFO     | __main__:on_log:99 - step=4815 | loss=0.069000 | grad_norm=0.565809 | learning_rate=0.000023 | epoch=0.554149
2026-02-19 12:54:24.667 | INFO     | __main__:on_log:99 - step=4820 | loss=0.075400 | grad_norm=0.475916 | learning_rate=0.000023 | epoch=0.554724
2026-02-19 12:54:44.614 | INFO     | __main__:on_log:99 - step=4825 | loss=0.084500 | grad_norm=0.681525 | learning_rate=0.000023 | epoch=0.555300
2026-02-19 12:55:04.554 | INFO     | __main__:on_log:99 - step=4830 | loss=0.051200 | grad_norm=0.623270 | learning_rate=0.000023 | epoch=0.555875
2026-02-19 12:55:24.487 | INFO     | __main__:on_log:99 - step=4835 | loss=0.085900 | grad_norm=0.533822 | learning_rate=0.000023 | epoch=0.556451
2026-02-19 12:55:44.466 | INFO     | __main__:on_log:99 - step=4840 | loss=0.065100 | grad_norm=0.413561 | learning_rate=0.000023 | epoch=0.557026
2026-02-19 12:56:04.446 | INFO     | __main__:on_log:99 - step=4845 | loss=0.068600 | grad_norm=0.522817 | learning_rate=0.000023 | epoch=0.557602
2026-02-19 12:56:24.429 | INFO     | __main__:on_log:99 - step=4850 | loss=0.076700 | grad_norm=0.555804 | learning_rate=0.000023 | epoch=0.558177
2026-02-19 12:56:44.393 | INFO     | __main__:on_log:99 - step=4855 | loss=0.063000 | grad_norm=0.546029 | learning_rate=0.000023 | epoch=0.558752
2026-02-19 12:57:04.326 | INFO     | __main__:on_log:99 - step=4860 | loss=0.065100 | grad_norm=0.334833 | learning_rate=0.000023 | epoch=0.559328
2026-02-19 12:57:24.261 | INFO     | __main__:on_log:99 - step=4865 | loss=0.067200 | grad_norm=0.547496 | learning_rate=0.000023 | epoch=0.559903
2026-02-19 12:57:44.194 | INFO     | __main__:on_log:99 - step=4870 | loss=0.086900 | grad_norm=0.702386 | learning_rate=0.000023 | epoch=0.560479
2026-02-19 12:58:04.146 | INFO     | __main__:on_log:99 - step=4875 | loss=0.082500 | grad_norm=0.492010 | learning_rate=0.000023 | epoch=0.561054
2026-02-19 12:58:24.106 | INFO     | __main__:on_log:99 - step=4880 | loss=0.057800 | grad_norm=0.424673 | learning_rate=0.000023 | epoch=0.561630
2026-02-19 12:58:44.072 | INFO     | __main__:on_log:99 - step=4885 | loss=0.074900 | grad_norm=0.394751 | learning_rate=0.000023 | epoch=0.562205
2026-02-19 12:59:04.027 | INFO     | __main__:on_log:99 - step=4890 | loss=0.067800 | grad_norm=0.586629 | learning_rate=0.000023 | epoch=0.562781
2026-02-19 12:59:23.980 | INFO     | __main__:on_log:99 - step=4895 | loss=0.058300 | grad_norm=0.414207 | learning_rate=0.000023 | epoch=0.563356
2026-02-19 12:59:43.933 | INFO     | __main__:on_log:99 - step=4900 | loss=0.060500 | grad_norm=0.480712 | learning_rate=0.000023 | epoch=0.563931
2026-02-19 13:00:03.884 | INFO     | __main__:on_log:99 - step=4905 | loss=0.064600 | grad_norm=0.462139 | learning_rate=0.000023 | epoch=0.564507
2026-02-19 13:00:23.846 | INFO     | __main__:on_log:99 - step=4910 | loss=0.081300 | grad_norm=0.359134 | learning_rate=0.000023 | epoch=0.565082
2026-02-19 13:00:43.798 | INFO     | __main__:on_log:99 - step=4915 | loss=0.052600 | grad_norm=0.413021 | learning_rate=0.000023 | epoch=0.565658
2026-02-19 13:01:03.760 | INFO     | __main__:on_log:99 - step=4920 | loss=0.092000 | grad_norm=0.397840 | learning_rate=0.000023 | epoch=0.566233
2026-02-19 13:01:23.693 | INFO     | __main__:on_log:99 - step=4925 | loss=0.071200 | grad_norm=0.660383 | learning_rate=0.000023 | epoch=0.566809
2026-02-19 13:01:43.627 | INFO     | __main__:on_log:99 - step=4930 | loss=0.061900 | grad_norm=0.477263 | learning_rate=0.000023 | epoch=0.567384
2026-02-19 13:02:03.582 | INFO     | __main__:on_log:99 - step=4935 | loss=0.066200 | grad_norm=0.721267 | learning_rate=0.000023 | epoch=0.567959
2026-02-19 13:02:23.550 | INFO     | __main__:on_log:99 - step=4940 | loss=0.073500 | grad_norm=0.685379 | learning_rate=0.000023 | epoch=0.568535
2026-02-19 13:02:43.491 | INFO     | __main__:on_log:99 - step=4945 | loss=0.074700 | grad_norm=0.443343 | learning_rate=0.000023 | epoch=0.569110
2026-02-19 13:03:03.415 | INFO     | __main__:on_log:99 - step=4950 | loss=0.071500 | grad_norm=0.557982 | learning_rate=0.000023 | epoch=0.569686
2026-02-19 13:03:23.349 | INFO     | __main__:on_log:99 - step=4955 | loss=0.082700 | grad_norm=0.794075 | learning_rate=0.000023 | epoch=0.570261
2026-02-19 13:03:43.303 | INFO     | __main__:on_log:99 - step=4960 | loss=0.068400 | grad_norm=0.604162 | learning_rate=0.000023 | epoch=0.570837
2026-02-19 13:04:03.270 | INFO     | __main__:on_log:99 - step=4965 | loss=0.071500 | grad_norm=0.520335 | learning_rate=0.000023 | epoch=0.571412
2026-02-19 13:04:23.227 | INFO     | __main__:on_log:99 - step=4970 | loss=0.046800 | grad_norm=0.532345 | learning_rate=0.000023 | epoch=0.571988
2026-02-19 13:04:43.182 | INFO     | __main__:on_log:99 - step=4975 | loss=0.063300 | grad_norm=0.505045 | learning_rate=0.000023 | epoch=0.572563
2026-02-19 13:05:03.117 | INFO     | __main__:on_log:99 - step=4980 | loss=0.074300 | grad_norm=0.787714 | learning_rate=0.000023 | epoch=0.573138
2026-02-19 13:05:23.050 | INFO     | __main__:on_log:99 - step=4985 | loss=0.065900 | grad_norm=0.577283 | learning_rate=0.000023 | epoch=0.573714
2026-02-19 13:05:42.984 | INFO     | __main__:on_log:99 - step=4990 | loss=0.077100 | grad_norm=0.869695 | learning_rate=0.000023 | epoch=0.574289
2026-02-19 13:06:02.908 | INFO     | __main__:on_log:99 - step=4995 | loss=0.076100 | grad_norm=0.707593 | learning_rate=0.000023 | epoch=0.574865
2026-02-19 13:06:22.839 | INFO     | __main__:on_log:99 - step=5000 | loss=0.079700 | grad_norm=0.653552 | learning_rate=0.000022 | epoch=0.575440
2026-02-19 13:46:35.679 | INFO     | __main__:on_log:99 - step=5000 | epoch=0.575440
2026-02-19 13:46:59.731 | INFO     | __main__:on_log:99 - step=5005 | loss=0.069100 | grad_norm=0.367227 | learning_rate=0.000022 | epoch=0.576016
2026-02-19 13:47:19.675 | INFO     | __main__:on_log:99 - step=5010 | loss=0.072700 | grad_norm=0.807664 | learning_rate=0.000022 | epoch=0.576591
2026-02-19 13:47:39.640 | INFO     | __main__:on_log:99 - step=5015 | loss=0.092000 | grad_norm=1.093197 | learning_rate=0.000022 | epoch=0.577167
2026-02-19 13:47:59.631 | INFO     | __main__:on_log:99 - step=5020 | loss=0.079100 | grad_norm=0.387941 | learning_rate=0.000022 | epoch=0.577742
2026-02-19 13:48:19.600 | INFO     | __main__:on_log:99 - step=5025 | loss=0.079100 | grad_norm=0.482583 | learning_rate=0.000022 | epoch=0.578317
2026-02-19 13:48:39.552 | INFO     | __main__:on_log:99 - step=5030 | loss=0.048600 | grad_norm=0.469160 | learning_rate=0.000022 | epoch=0.578893
2026-02-19 13:48:59.513 | INFO     | __main__:on_log:99 - step=5035 | loss=0.103300 | grad_norm=0.405230 | learning_rate=0.000022 | epoch=0.579468
2026-02-19 13:49:19.427 | INFO     | __main__:on_log:99 - step=5040 | loss=0.065300 | grad_norm=0.497962 | learning_rate=0.000022 | epoch=0.580044
2026-02-19 13:49:39.371 | INFO     | __main__:on_log:99 - step=5045 | loss=0.057600 | grad_norm=0.437443 | learning_rate=0.000022 | epoch=0.580619
2026-02-19 13:49:59.304 | INFO     | __main__:on_log:99 - step=5050 | loss=0.060300 | grad_norm=0.665617 | learning_rate=0.000022 | epoch=0.581195
2026-02-19 13:50:19.229 | INFO     | __main__:on_log:99 - step=5055 | loss=0.068800 | grad_norm=0.658948 | learning_rate=0.000022 | epoch=0.581770
2026-02-19 13:50:39.144 | INFO     | __main__:on_log:99 - step=5060 | loss=0.078200 | grad_norm=0.933400 | learning_rate=0.000022 | epoch=0.582345
2026-02-19 13:50:59.074 | INFO     | __main__:on_log:99 - step=5065 | loss=0.094100 | grad_norm=0.529711 | learning_rate=0.000022 | epoch=0.582921
2026-02-19 13:51:18.994 | INFO     | __main__:on_log:99 - step=5070 | loss=0.060200 | grad_norm=0.528957 | learning_rate=0.000022 | epoch=0.583496
2026-02-19 13:51:38.945 | INFO     | __main__:on_log:99 - step=5075 | loss=0.081600 | grad_norm=0.656564 | learning_rate=0.000022 | epoch=0.584072
2026-02-19 13:51:58.912 | INFO     | __main__:on_log:99 - step=5080 | loss=0.083600 | grad_norm=0.680908 | learning_rate=0.000022 | epoch=0.584647
2026-02-19 13:52:18.822 | INFO     | __main__:on_log:99 - step=5085 | loss=0.097100 | grad_norm=0.694794 | learning_rate=0.000022 | epoch=0.585223
2026-02-19 13:52:38.746 | INFO     | __main__:on_log:99 - step=5090 | loss=0.057800 | grad_norm=0.333997 | learning_rate=0.000022 | epoch=0.585798
2026-02-19 13:52:58.686 | INFO     | __main__:on_log:99 - step=5095 | loss=0.080700 | grad_norm=0.437638 | learning_rate=0.000022 | epoch=0.586374
2026-02-19 13:53:18.650 | INFO     | __main__:on_log:99 - step=5100 | loss=0.072000 | grad_norm=0.253083 | learning_rate=0.000022 | epoch=0.586949
2026-02-19 13:53:38.616 | INFO     | __main__:on_log:99 - step=5105 | loss=0.047700 | grad_norm=0.437962 | learning_rate=0.000022 | epoch=0.587524
2026-02-19 13:53:58.563 | INFO     | __main__:on_log:99 - step=5110 | loss=0.066100 | grad_norm=0.699803 | learning_rate=0.000022 | epoch=0.588100
2026-02-19 13:54:18.506 | INFO     | __main__:on_log:99 - step=5115 | loss=0.062100 | grad_norm=0.418854 | learning_rate=0.000022 | epoch=0.588675
2026-02-19 13:54:38.472 | INFO     | __main__:on_log:99 - step=5120 | loss=0.061500 | grad_norm=0.348979 | learning_rate=0.000022 | epoch=0.589251
2026-02-19 13:54:58.432 | INFO     | __main__:on_log:99 - step=5125 | loss=0.064600 | grad_norm=0.524894 | learning_rate=0.000022 | epoch=0.589826
2026-02-19 13:55:18.370 | INFO     | __main__:on_log:99 - step=5130 | loss=0.059800 | grad_norm=0.371713 | learning_rate=0.000022 | epoch=0.590402
2026-02-19 13:55:38.330 | INFO     | __main__:on_log:99 - step=5135 | loss=0.069200 | grad_norm=0.528092 | learning_rate=0.000022 | epoch=0.590977
2026-02-19 13:55:58.278 | INFO     | __main__:on_log:99 - step=5140 | loss=0.062700 | grad_norm=0.760606 | learning_rate=0.000022 | epoch=0.591553
2026-02-19 13:56:18.218 | INFO     | __main__:on_log:99 - step=5145 | loss=0.079400 | grad_norm=0.433488 | learning_rate=0.000022 | epoch=0.592128
2026-02-19 13:56:38.189 | INFO     | __main__:on_log:99 - step=5150 | loss=0.064400 | grad_norm=0.339752 | learning_rate=0.000022 | epoch=0.592703
2026-02-19 13:56:58.120 | INFO     | __main__:on_log:99 - step=5155 | loss=0.066200 | grad_norm=0.705193 | learning_rate=0.000022 | epoch=0.593279
2026-02-19 13:57:18.054 | INFO     | __main__:on_log:99 - step=5160 | loss=0.068100 | grad_norm=0.451782 | learning_rate=0.000022 | epoch=0.593854
2026-02-19 13:57:37.978 | INFO     | __main__:on_log:99 - step=5165 | loss=0.053100 | grad_norm=0.783729 | learning_rate=0.000022 | epoch=0.594430
2026-02-19 13:57:57.913 | INFO     | __main__:on_log:99 - step=5170 | loss=0.097100 | grad_norm=0.396636 | learning_rate=0.000022 | epoch=0.595005
2026-02-19 13:58:17.853 | INFO     | __main__:on_log:99 - step=5175 | loss=0.065600 | grad_norm=0.514171 | learning_rate=0.000022 | epoch=0.595581
2026-02-19 13:58:37.816 | INFO     | __main__:on_log:99 - step=5180 | loss=0.061400 | grad_norm=0.445822 | learning_rate=0.000022 | epoch=0.596156
2026-02-19 13:58:57.799 | INFO     | __main__:on_log:99 - step=5185 | loss=0.069700 | grad_norm=0.451683 | learning_rate=0.000022 | epoch=0.596731
2026-02-19 13:59:17.750 | INFO     | __main__:on_log:99 - step=5190 | loss=0.076700 | grad_norm=0.634080 | learning_rate=0.000022 | epoch=0.597307
2026-02-19 13:59:37.692 | INFO     | __main__:on_log:99 - step=5195 | loss=0.097000 | grad_norm=0.922819 | learning_rate=0.000022 | epoch=0.597882
2026-02-19 13:59:57.633 | INFO     | __main__:on_log:99 - step=5200 | loss=0.081700 | grad_norm=0.396095 | learning_rate=0.000022 | epoch=0.598458
2026-02-19 14:00:17.569 | INFO     | __main__:on_log:99 - step=5205 | loss=0.071200 | grad_norm=0.553898 | learning_rate=0.000022 | epoch=0.599033
2026-02-19 14:00:37.508 | INFO     | __main__:on_log:99 - step=5210 | loss=0.054900 | grad_norm=0.553356 | learning_rate=0.000022 | epoch=0.599609
2026-02-19 14:00:57.453 | INFO     | __main__:on_log:99 - step=5215 | loss=0.073400 | grad_norm=0.465105 | learning_rate=0.000022 | epoch=0.600184
2026-02-19 14:01:17.386 | INFO     | __main__:on_log:99 - step=5220 | loss=0.057100 | grad_norm=0.605481 | learning_rate=0.000022 | epoch=0.600760
2026-02-19 14:01:37.329 | INFO     | __main__:on_log:99 - step=5225 | loss=0.084300 | grad_norm=0.699642 | learning_rate=0.000022 | epoch=0.601335
2026-02-19 14:01:57.282 | INFO     | __main__:on_log:99 - step=5230 | loss=0.081200 | grad_norm=0.654484 | learning_rate=0.000022 | epoch=0.601910
2026-02-19 14:02:17.211 | INFO     | __main__:on_log:99 - step=5235 | loss=0.056900 | grad_norm=0.717664 | learning_rate=0.000022 | epoch=0.602486
2026-02-19 14:02:37.165 | INFO     | __main__:on_log:99 - step=5240 | loss=0.058000 | grad_norm=0.509568 | learning_rate=0.000022 | epoch=0.603061
2026-02-19 14:02:57.099 | INFO     | __main__:on_log:99 - step=5245 | loss=0.077300 | grad_norm=0.430344 | learning_rate=0.000022 | epoch=0.603637
2026-02-19 14:03:17.022 | INFO     | __main__:on_log:99 - step=5250 | loss=0.068300 | grad_norm=0.552501 | learning_rate=0.000022 | epoch=0.604212
2026-02-19 14:03:36.968 | INFO     | __main__:on_log:99 - step=5255 | loss=0.102800 | grad_norm=0.540428 | learning_rate=0.000022 | epoch=0.604788
2026-02-19 14:03:56.909 | INFO     | __main__:on_log:99 - step=5260 | loss=0.082200 | grad_norm=0.702943 | learning_rate=0.000022 | epoch=0.605363
2026-02-19 14:04:16.830 | INFO     | __main__:on_log:99 - step=5265 | loss=0.058100 | grad_norm=0.329226 | learning_rate=0.000022 | epoch=0.605939
2026-02-19 14:04:36.759 | INFO     | __main__:on_log:99 - step=5270 | loss=0.072700 | grad_norm=0.505215 | learning_rate=0.000022 | epoch=0.606514
2026-02-19 14:04:56.701 | INFO     | __main__:on_log:99 - step=5275 | loss=0.069200 | grad_norm=0.440885 | learning_rate=0.000022 | epoch=0.607089
2026-02-19 14:05:16.675 | INFO     | __main__:on_log:99 - step=5280 | loss=0.069200 | grad_norm=0.328664 | learning_rate=0.000022 | epoch=0.607665
2026-02-19 14:05:36.619 | INFO     | __main__:on_log:99 - step=5285 | loss=0.088700 | grad_norm=0.357052 | learning_rate=0.000022 | epoch=0.608240
2026-02-19 14:05:56.578 | INFO     | __main__:on_log:99 - step=5290 | loss=0.075400 | grad_norm=0.394227 | learning_rate=0.000022 | epoch=0.608816
2026-02-19 14:06:16.523 | INFO     | __main__:on_log:99 - step=5295 | loss=0.062700 | grad_norm=0.647862 | learning_rate=0.000022 | epoch=0.609391
2026-02-19 14:06:36.484 | INFO     | __main__:on_log:99 - step=5300 | loss=0.075200 | grad_norm=0.471370 | learning_rate=0.000022 | epoch=0.609967
2026-02-19 14:06:56.437 | INFO     | __main__:on_log:99 - step=5305 | loss=0.081000 | grad_norm=0.629476 | learning_rate=0.000022 | epoch=0.610542
2026-02-19 14:07:16.391 | INFO     | __main__:on_log:99 - step=5310 | loss=0.064700 | grad_norm=0.466262 | learning_rate=0.000022 | epoch=0.611118
2026-02-19 14:07:36.334 | INFO     | __main__:on_log:99 - step=5315 | loss=0.062800 | grad_norm=0.469328 | learning_rate=0.000022 | epoch=0.611693
2026-02-19 14:07:56.267 | INFO     | __main__:on_log:99 - step=5320 | loss=0.084900 | grad_norm=0.475747 | learning_rate=0.000022 | epoch=0.612268
2026-02-19 14:08:16.218 | INFO     | __main__:on_log:99 - step=5325 | loss=0.081100 | grad_norm=0.295255 | learning_rate=0.000022 | epoch=0.612844
2026-02-19 14:08:36.180 | INFO     | __main__:on_log:99 - step=5330 | loss=0.069700 | grad_norm=0.498604 | learning_rate=0.000022 | epoch=0.613419
2026-02-19 14:08:56.119 | INFO     | __main__:on_log:99 - step=5335 | loss=0.075800 | grad_norm=0.506144 | learning_rate=0.000022 | epoch=0.613995
2026-02-19 14:09:16.059 | INFO     | __main__:on_log:99 - step=5340 | loss=0.090400 | grad_norm=0.482497 | learning_rate=0.000022 | epoch=0.614570
2026-02-19 14:09:36.007 | INFO     | __main__:on_log:99 - step=5345 | loss=0.054000 | grad_norm=0.569144 | learning_rate=0.000022 | epoch=0.615146
2026-02-19 14:09:55.969 | INFO     | __main__:on_log:99 - step=5350 | loss=0.076000 | grad_norm=0.597465 | learning_rate=0.000022 | epoch=0.615721
2026-02-19 14:10:15.915 | INFO     | __main__:on_log:99 - step=5355 | loss=0.066400 | grad_norm=0.392571 | learning_rate=0.000022 | epoch=0.616296
2026-02-19 14:10:35.843 | INFO     | __main__:on_log:99 - step=5360 | loss=0.057400 | grad_norm=0.369724 | learning_rate=0.000022 | epoch=0.616872
2026-02-19 14:10:55.831 | INFO     | __main__:on_log:99 - step=5365 | loss=0.046300 | grad_norm=0.292457 | learning_rate=0.000022 | epoch=0.617447
2026-02-19 14:11:15.775 | INFO     | __main__:on_log:99 - step=5370 | loss=0.065300 | grad_norm=0.421990 | learning_rate=0.000022 | epoch=0.618023
2026-02-19 14:11:35.692 | INFO     | __main__:on_log:99 - step=5375 | loss=0.080300 | grad_norm=0.491629 | learning_rate=0.000022 | epoch=0.618598
2026-02-19 14:11:55.647 | INFO     | __main__:on_log:99 - step=5380 | loss=0.054300 | grad_norm=0.353315 | learning_rate=0.000022 | epoch=0.619174
2026-02-19 14:12:15.586 | INFO     | __main__:on_log:99 - step=5385 | loss=0.074500 | grad_norm=0.392681 | learning_rate=0.000022 | epoch=0.619749
2026-02-19 14:12:35.534 | INFO     | __main__:on_log:99 - step=5390 | loss=0.047100 | grad_norm=0.641376 | learning_rate=0.000022 | epoch=0.620325
2026-02-19 14:12:55.495 | INFO     | __main__:on_log:99 - step=5395 | loss=0.056200 | grad_norm=0.319838 | learning_rate=0.000022 | epoch=0.620900
2026-02-19 14:13:15.417 | INFO     | __main__:on_log:99 - step=5400 | loss=0.071600 | grad_norm=0.680385 | learning_rate=0.000022 | epoch=0.621475
2026-02-19 14:13:35.338 | INFO     | __main__:on_log:99 - step=5405 | loss=0.061400 | grad_norm=0.674278 | learning_rate=0.000022 | epoch=0.622051
2026-02-19 14:13:55.298 | INFO     | __main__:on_log:99 - step=5410 | loss=0.058500 | grad_norm=0.472704 | learning_rate=0.000022 | epoch=0.622626
2026-02-19 14:14:15.250 | INFO     | __main__:on_log:99 - step=5415 | loss=0.052100 | grad_norm=0.682134 | learning_rate=0.000022 | epoch=0.623202
2026-02-19 14:14:35.215 | INFO     | __main__:on_log:99 - step=5420 | loss=0.047900 | grad_norm=0.374591 | learning_rate=0.000022 | epoch=0.623777
2026-02-19 14:14:55.173 | INFO     | __main__:on_log:99 - step=5425 | loss=0.059800 | grad_norm=0.392978 | learning_rate=0.000022 | epoch=0.624353
2026-02-19 14:15:15.108 | INFO     | __main__:on_log:99 - step=5430 | loss=0.058300 | grad_norm=0.543493 | learning_rate=0.000022 | epoch=0.624928
2026-02-19 14:15:35.061 | INFO     | __main__:on_log:99 - step=5435 | loss=0.085800 | grad_norm=0.860730 | learning_rate=0.000022 | epoch=0.625504
2026-02-19 14:15:55.022 | INFO     | __main__:on_log:99 - step=5440 | loss=0.067000 | grad_norm=0.557654 | learning_rate=0.000022 | epoch=0.626079
2026-02-19 14:16:14.943 | INFO     | __main__:on_log:99 - step=5445 | loss=0.062300 | grad_norm=0.530237 | learning_rate=0.000022 | epoch=0.626654
2026-02-19 14:16:34.903 | INFO     | __main__:on_log:99 - step=5450 | loss=0.077200 | grad_norm=0.493969 | learning_rate=0.000022 | epoch=0.627230
2026-02-19 14:16:54.864 | INFO     | __main__:on_log:99 - step=5455 | loss=0.058200 | grad_norm=0.425294 | learning_rate=0.000022 | epoch=0.627805
2026-02-19 14:17:14.808 | INFO     | __main__:on_log:99 - step=5460 | loss=0.069400 | grad_norm=0.475098 | learning_rate=0.000022 | epoch=0.628381
2026-02-19 14:17:34.735 | INFO     | __main__:on_log:99 - step=5465 | loss=0.086200 | grad_norm=0.761519 | learning_rate=0.000022 | epoch=0.628956
2026-02-19 14:17:54.670 | INFO     | __main__:on_log:99 - step=5470 | loss=0.057900 | grad_norm=0.462283 | learning_rate=0.000022 | epoch=0.629532
2026-02-19 14:18:14.649 | INFO     | __main__:on_log:99 - step=5475 | loss=0.061600 | grad_norm=0.331122 | learning_rate=0.000022 | epoch=0.630107
2026-02-19 14:18:34.614 | INFO     | __main__:on_log:99 - step=5480 | loss=0.086500 | grad_norm=0.513000 | learning_rate=0.000022 | epoch=0.630682
2026-02-19 14:18:54.617 | INFO     | __main__:on_log:99 - step=5485 | loss=0.072600 | grad_norm=0.412976 | learning_rate=0.000022 | epoch=0.631258
2026-02-19 14:19:14.575 | INFO     | __main__:on_log:99 - step=5490 | loss=0.075000 | grad_norm=0.402211 | learning_rate=0.000022 | epoch=0.631833
2026-02-19 14:19:34.586 | INFO     | __main__:on_log:99 - step=5495 | loss=0.076100 | grad_norm=0.415667 | learning_rate=0.000022 | epoch=0.632409
2026-02-19 14:19:54.563 | INFO     | __main__:on_log:99 - step=5500 | loss=0.068600 | grad_norm=0.448508 | learning_rate=0.000022 | epoch=0.632984
2026-02-19 14:20:14.547 | INFO     | __main__:on_log:99 - step=5505 | loss=0.065200 | grad_norm=0.418779 | learning_rate=0.000022 | epoch=0.633560
2026-02-19 14:20:34.506 | INFO     | __main__:on_log:99 - step=5510 | loss=0.062500 | grad_norm=0.534958 | learning_rate=0.000022 | epoch=0.634135
2026-02-19 14:20:54.448 | INFO     | __main__:on_log:99 - step=5515 | loss=0.055800 | grad_norm=0.669069 | learning_rate=0.000022 | epoch=0.634711
2026-02-19 14:21:14.422 | INFO     | __main__:on_log:99 - step=5520 | loss=0.047400 | grad_norm=0.248887 | learning_rate=0.000022 | epoch=0.635286
2026-02-19 14:21:34.381 | INFO     | __main__:on_log:99 - step=5525 | loss=0.079000 | grad_norm=0.302734 | learning_rate=0.000022 | epoch=0.635861
2026-02-19 14:21:54.334 | INFO     | __main__:on_log:99 - step=5530 | loss=0.089500 | grad_norm=0.730365 | learning_rate=0.000022 | epoch=0.636437
2026-02-19 14:22:14.251 | INFO     | __main__:on_log:99 - step=5535 | loss=0.080900 | grad_norm=0.662489 | learning_rate=0.000022 | epoch=0.637012
2026-02-19 14:22:34.204 | INFO     | __main__:on_log:99 - step=5540 | loss=0.061800 | grad_norm=0.479485 | learning_rate=0.000022 | epoch=0.637588
2026-02-19 14:22:54.130 | INFO     | __main__:on_log:99 - step=5545 | loss=0.093300 | grad_norm=0.579699 | learning_rate=0.000022 | epoch=0.638163
2026-02-19 14:23:14.059 | INFO     | __main__:on_log:99 - step=5550 | loss=0.075500 | grad_norm=0.586588 | learning_rate=0.000021 | epoch=0.638739
2026-02-19 14:23:34.013 | INFO     | __main__:on_log:99 - step=5555 | loss=0.080300 | grad_norm=0.466446 | learning_rate=0.000021 | epoch=0.639314
2026-02-19 14:23:53.952 | INFO     | __main__:on_log:99 - step=5560 | loss=0.066200 | grad_norm=0.331156 | learning_rate=0.000021 | epoch=0.639890
2026-02-19 14:24:13.885 | INFO     | __main__:on_log:99 - step=5565 | loss=0.059400 | grad_norm=0.493848 | learning_rate=0.000021 | epoch=0.640465
2026-02-19 14:24:33.840 | INFO     | __main__:on_log:99 - step=5570 | loss=0.079800 | grad_norm=0.287452 | learning_rate=0.000021 | epoch=0.641040
2026-02-19 14:24:53.778 | INFO     | __main__:on_log:99 - step=5575 | loss=0.061200 | grad_norm=0.538773 | learning_rate=0.000021 | epoch=0.641616
2026-02-19 14:25:13.735 | INFO     | __main__:on_log:99 - step=5580 | loss=0.073300 | grad_norm=0.595646 | learning_rate=0.000021 | epoch=0.642191
2026-02-19 14:25:33.706 | INFO     | __main__:on_log:99 - step=5585 | loss=0.052800 | grad_norm=0.446162 | learning_rate=0.000021 | epoch=0.642767
2026-02-19 14:25:53.663 | INFO     | __main__:on_log:99 - step=5590 | loss=0.069200 | grad_norm=0.503955 | learning_rate=0.000021 | epoch=0.643342
2026-02-19 14:26:13.623 | INFO     | __main__:on_log:99 - step=5595 | loss=0.080100 | grad_norm=0.382468 | learning_rate=0.000021 | epoch=0.643918
2026-02-19 14:26:33.602 | INFO     | __main__:on_log:99 - step=5600 | loss=0.054300 | grad_norm=0.398443 | learning_rate=0.000021 | epoch=0.644493
2026-02-19 14:26:53.562 | INFO     | __main__:on_log:99 - step=5605 | loss=0.061700 | grad_norm=0.588078 | learning_rate=0.000021 | epoch=0.645068
2026-02-19 14:27:13.533 | INFO     | __main__:on_log:99 - step=5610 | loss=0.112300 | grad_norm=0.660045 | learning_rate=0.000021 | epoch=0.645644
2026-02-19 14:27:33.510 | INFO     | __main__:on_log:99 - step=5615 | loss=0.083900 | grad_norm=0.491302 | learning_rate=0.000021 | epoch=0.646219
2026-02-19 14:27:53.457 | INFO     | __main__:on_log:99 - step=5620 | loss=0.054400 | grad_norm=0.504918 | learning_rate=0.000021 | epoch=0.646795
2026-02-19 14:28:13.422 | INFO     | __main__:on_log:99 - step=5625 | loss=0.062000 | grad_norm=0.487975 | learning_rate=0.000021 | epoch=0.647370
2026-02-19 14:28:33.365 | INFO     | __main__:on_log:99 - step=5630 | loss=0.082600 | grad_norm=0.616228 | learning_rate=0.000021 | epoch=0.647946
2026-02-19 14:28:53.288 | INFO     | __main__:on_log:99 - step=5635 | loss=0.084800 | grad_norm=0.371325 | learning_rate=0.000021 | epoch=0.648521
2026-02-19 14:29:13.230 | INFO     | __main__:on_log:99 - step=5640 | loss=0.049000 | grad_norm=0.489992 | learning_rate=0.000021 | epoch=0.649097
2026-02-19 14:29:33.151 | INFO     | __main__:on_log:99 - step=5645 | loss=0.073800 | grad_norm=0.553738 | learning_rate=0.000021 | epoch=0.649672
2026-02-19 14:29:53.092 | INFO     | __main__:on_log:99 - step=5650 | loss=0.054900 | grad_norm=0.567536 | learning_rate=0.000021 | epoch=0.650247
2026-02-19 14:30:13.038 | INFO     | __main__:on_log:99 - step=5655 | loss=0.072700 | grad_norm=0.501168 | learning_rate=0.000021 | epoch=0.650823
2026-02-19 14:30:32.989 | INFO     | __main__:on_log:99 - step=5660 | loss=0.060800 | grad_norm=0.341860 | learning_rate=0.000021 | epoch=0.651398
2026-02-19 14:30:52.912 | INFO     | __main__:on_log:99 - step=5665 | loss=0.040300 | grad_norm=0.362825 | learning_rate=0.000021 | epoch=0.651974
2026-02-19 14:31:12.851 | INFO     | __main__:on_log:99 - step=5670 | loss=0.065200 | grad_norm=0.669609 | learning_rate=0.000021 | epoch=0.652549
2026-02-19 14:31:32.805 | INFO     | __main__:on_log:99 - step=5675 | loss=0.073200 | grad_norm=0.450818 | learning_rate=0.000021 | epoch=0.653125
2026-02-19 14:31:52.762 | INFO     | __main__:on_log:99 - step=5680 | loss=0.060300 | grad_norm=0.528871 | learning_rate=0.000021 | epoch=0.653700
2026-02-19 14:32:12.695 | INFO     | __main__:on_log:99 - step=5685 | loss=0.075500 | grad_norm=0.494369 | learning_rate=0.000021 | epoch=0.654276
2026-02-19 14:32:32.629 | INFO     | __main__:on_log:99 - step=5690 | loss=0.066800 | grad_norm=0.518469 | learning_rate=0.000021 | epoch=0.654851
2026-02-19 14:32:52.555 | INFO     | __main__:on_log:99 - step=5695 | loss=0.095800 | grad_norm=0.347290 | learning_rate=0.000021 | epoch=0.655426
2026-02-19 14:33:12.506 | INFO     | __main__:on_log:99 - step=5700 | loss=0.060700 | grad_norm=0.462987 | learning_rate=0.000021 | epoch=0.656002
2026-02-19 14:33:32.446 | INFO     | __main__:on_log:99 - step=5705 | loss=0.071600 | grad_norm=0.627849 | learning_rate=0.000021 | epoch=0.656577
2026-02-19 14:33:52.391 | INFO     | __main__:on_log:99 - step=5710 | loss=0.057500 | grad_norm=0.391598 | learning_rate=0.000021 | epoch=0.657153
2026-02-19 14:34:12.334 | INFO     | __main__:on_log:99 - step=5715 | loss=0.064600 | grad_norm=0.541790 | learning_rate=0.000021 | epoch=0.657728
2026-02-19 14:34:32.250 | INFO     | __main__:on_log:99 - step=5720 | loss=0.058600 | grad_norm=0.590627 | learning_rate=0.000021 | epoch=0.658304
2026-02-19 14:34:52.195 | INFO     | __main__:on_log:99 - step=5725 | loss=0.081300 | grad_norm=0.797343 | learning_rate=0.000021 | epoch=0.658879
2026-02-19 14:35:12.128 | INFO     | __main__:on_log:99 - step=5730 | loss=0.059400 | grad_norm=0.317104 | learning_rate=0.000021 | epoch=0.659454
2026-02-19 14:35:32.052 | INFO     | __main__:on_log:99 - step=5735 | loss=0.058600 | grad_norm=0.350198 | learning_rate=0.000021 | epoch=0.660030
2026-02-19 14:35:51.986 | INFO     | __main__:on_log:99 - step=5740 | loss=0.065300 | grad_norm=0.511480 | learning_rate=0.000021 | epoch=0.660605
2026-02-19 14:36:11.926 | INFO     | __main__:on_log:99 - step=5745 | loss=0.088200 | grad_norm=0.417917 | learning_rate=0.000021 | epoch=0.661181
2026-02-19 14:36:31.882 | INFO     | __main__:on_log:99 - step=5750 | loss=0.072500 | grad_norm=0.549956 | learning_rate=0.000021 | epoch=0.661756
2026-02-19 14:36:51.817 | INFO     | __main__:on_log:99 - step=5755 | loss=0.085100 | grad_norm=0.672981 | learning_rate=0.000021 | epoch=0.662332
2026-02-19 14:37:11.761 | INFO     | __main__:on_log:99 - step=5760 | loss=0.082500 | grad_norm=0.775879 | learning_rate=0.000021 | epoch=0.662907
2026-02-19 14:37:31.702 | INFO     | __main__:on_log:99 - step=5765 | loss=0.060200 | grad_norm=0.520525 | learning_rate=0.000021 | epoch=0.663483
2026-02-19 14:37:51.692 | INFO     | __main__:on_log:99 - step=5770 | loss=0.075200 | grad_norm=0.441908 | learning_rate=0.000021 | epoch=0.664058
2026-02-19 14:38:11.649 | INFO     | __main__:on_log:99 - step=5775 | loss=0.067900 | grad_norm=0.534049 | learning_rate=0.000021 | epoch=0.664633
2026-02-19 14:38:31.615 | INFO     | __main__:on_log:99 - step=5780 | loss=0.053700 | grad_norm=0.502832 | learning_rate=0.000021 | epoch=0.665209
2026-02-19 14:38:51.568 | INFO     | __main__:on_log:99 - step=5785 | loss=0.072800 | grad_norm=0.468707 | learning_rate=0.000021 | epoch=0.665784
2026-02-19 14:39:11.537 | INFO     | __main__:on_log:99 - step=5790 | loss=0.058500 | grad_norm=0.403567 | learning_rate=0.000021 | epoch=0.666360
2026-02-19 14:39:31.511 | INFO     | __main__:on_log:99 - step=5795 | loss=0.048000 | grad_norm=0.427597 | learning_rate=0.000021 | epoch=0.666935
2026-02-19 14:39:51.474 | INFO     | __main__:on_log:99 - step=5800 | loss=0.065600 | grad_norm=0.662692 | learning_rate=0.000021 | epoch=0.667511
2026-02-19 14:40:11.373 | INFO     | __main__:on_log:99 - step=5805 | loss=0.095100 | grad_norm=0.848756 | learning_rate=0.000021 | epoch=0.668086
2026-02-19 14:40:31.310 | INFO     | __main__:on_log:99 - step=5810 | loss=0.067600 | grad_norm=0.500405 | learning_rate=0.000021 | epoch=0.668662
2026-02-19 14:40:51.236 | INFO     | __main__:on_log:99 - step=5815 | loss=0.057400 | grad_norm=0.664510 | learning_rate=0.000021 | epoch=0.669237
2026-02-19 14:41:11.173 | INFO     | __main__:on_log:99 - step=5820 | loss=0.067300 | grad_norm=0.446282 | learning_rate=0.000021 | epoch=0.669812
2026-02-19 14:41:31.136 | INFO     | __main__:on_log:99 - step=5825 | loss=0.067000 | grad_norm=0.535014 | learning_rate=0.000021 | epoch=0.670388
2026-02-19 14:41:51.096 | INFO     | __main__:on_log:99 - step=5830 | loss=0.061600 | grad_norm=0.373567 | learning_rate=0.000021 | epoch=0.670963
2026-02-19 14:42:11.029 | INFO     | __main__:on_log:99 - step=5835 | loss=0.063300 | grad_norm=0.618665 | learning_rate=0.000021 | epoch=0.671539
2026-02-19 14:42:30.993 | INFO     | __main__:on_log:99 - step=5840 | loss=0.052200 | grad_norm=0.416246 | learning_rate=0.000021 | epoch=0.672114
2026-02-19 14:42:50.922 | INFO     | __main__:on_log:99 - step=5845 | loss=0.067100 | grad_norm=0.641704 | learning_rate=0.000021 | epoch=0.672690
2026-02-19 14:43:10.835 | INFO     | __main__:on_log:99 - step=5850 | loss=0.064700 | grad_norm=0.554678 | learning_rate=0.000021 | epoch=0.673265
2026-02-19 14:43:30.791 | INFO     | __main__:on_log:99 - step=5855 | loss=0.083100 | grad_norm=0.396231 | learning_rate=0.000021 | epoch=0.673840
2026-02-19 14:43:50.774 | INFO     | __main__:on_log:99 - step=5860 | loss=0.078500 | grad_norm=0.514528 | learning_rate=0.000021 | epoch=0.674416
2026-02-19 14:44:10.743 | INFO     | __main__:on_log:99 - step=5865 | loss=0.067300 | grad_norm=0.770603 | learning_rate=0.000021 | epoch=0.674991
2026-02-19 14:44:30.726 | INFO     | __main__:on_log:99 - step=5870 | loss=0.065400 | grad_norm=0.343795 | learning_rate=0.000021 | epoch=0.675567
2026-02-19 14:44:50.676 | INFO     | __main__:on_log:99 - step=5875 | loss=0.048100 | grad_norm=0.466614 | learning_rate=0.000021 | epoch=0.676142
2026-02-19 14:45:10.626 | INFO     | __main__:on_log:99 - step=5880 | loss=0.069000 | grad_norm=0.327571 | learning_rate=0.000021 | epoch=0.676718
2026-02-19 14:45:30.555 | INFO     | __main__:on_log:99 - step=5885 | loss=0.066200 | grad_norm=0.351455 | learning_rate=0.000021 | epoch=0.677293
2026-02-19 14:45:50.486 | INFO     | __main__:on_log:99 - step=5890 | loss=0.067800 | grad_norm=0.463629 | learning_rate=0.000021 | epoch=0.677869
2026-02-19 14:46:10.461 | INFO     | __main__:on_log:99 - step=5895 | loss=0.057300 | grad_norm=0.718001 | learning_rate=0.000021 | epoch=0.678444
2026-02-19 14:46:30.406 | INFO     | __main__:on_log:99 - step=5900 | loss=0.079000 | grad_norm=0.466391 | learning_rate=0.000021 | epoch=0.679019
2026-02-19 14:46:50.327 | INFO     | __main__:on_log:99 - step=5905 | loss=0.039400 | grad_norm=0.372482 | learning_rate=0.000021 | epoch=0.679595
2026-02-19 14:47:10.282 | INFO     | __main__:on_log:99 - step=5910 | loss=0.079500 | grad_norm=0.683673 | learning_rate=0.000021 | epoch=0.680170
2026-02-19 14:47:30.225 | INFO     | __main__:on_log:99 - step=5915 | loss=0.071300 | grad_norm=0.530527 | learning_rate=0.000021 | epoch=0.680746
2026-02-19 14:47:50.181 | INFO     | __main__:on_log:99 - step=5920 | loss=0.074100 | grad_norm=0.497636 | learning_rate=0.000021 | epoch=0.681321
2026-02-19 14:48:10.144 | INFO     | __main__:on_log:99 - step=5925 | loss=0.069000 | grad_norm=0.498887 | learning_rate=0.000021 | epoch=0.681897
2026-02-19 14:48:30.093 | INFO     | __main__:on_log:99 - step=5930 | loss=0.069600 | grad_norm=0.300827 | learning_rate=0.000021 | epoch=0.682472
2026-02-19 14:48:50.045 | INFO     | __main__:on_log:99 - step=5935 | loss=0.047500 | grad_norm=0.433186 | learning_rate=0.000021 | epoch=0.683048
2026-02-19 14:49:09.970 | INFO     | __main__:on_log:99 - step=5940 | loss=0.089700 | grad_norm=0.784667 | learning_rate=0.000021 | epoch=0.683623
2026-02-19 14:49:29.916 | INFO     | __main__:on_log:99 - step=5945 | loss=0.050300 | grad_norm=0.487183 | learning_rate=0.000021 | epoch=0.684198
2026-02-19 14:49:49.862 | INFO     | __main__:on_log:99 - step=5950 | loss=0.057600 | grad_norm=0.316703 | learning_rate=0.000021 | epoch=0.684774
2026-02-19 14:50:09.804 | INFO     | __main__:on_log:99 - step=5955 | loss=0.058100 | grad_norm=0.659987 | learning_rate=0.000021 | epoch=0.685349
2026-02-19 14:50:29.746 | INFO     | __main__:on_log:99 - step=5960 | loss=0.071300 | grad_norm=0.466230 | learning_rate=0.000021 | epoch=0.685925
2026-02-19 14:50:49.727 | INFO     | __main__:on_log:99 - step=5965 | loss=0.057700 | grad_norm=0.467193 | learning_rate=0.000021 | epoch=0.686500
2026-02-19 14:51:09.689 | INFO     | __main__:on_log:99 - step=5970 | loss=0.067200 | grad_norm=0.384645 | learning_rate=0.000021 | epoch=0.687076
2026-02-19 14:51:29.614 | INFO     | __main__:on_log:99 - step=5975 | loss=0.081100 | grad_norm=0.468493 | learning_rate=0.000021 | epoch=0.687651
2026-02-19 14:51:49.546 | INFO     | __main__:on_log:99 - step=5980 | loss=0.073600 | grad_norm=0.597985 | learning_rate=0.000021 | epoch=0.688226
2026-02-19 14:52:09.496 | INFO     | __main__:on_log:99 - step=5985 | loss=0.041500 | grad_norm=0.456450 | learning_rate=0.000021 | epoch=0.688802
2026-02-19 14:52:29.440 | INFO     | __main__:on_log:99 - step=5990 | loss=0.073200 | grad_norm=0.733806 | learning_rate=0.000021 | epoch=0.689377
2026-02-19 14:52:49.385 | INFO     | __main__:on_log:99 - step=5995 | loss=0.034800 | grad_norm=0.325452 | learning_rate=0.000021 | epoch=0.689953
2026-02-19 14:53:09.318 | INFO     | __main__:on_log:99 - step=6000 | loss=0.057800 | grad_norm=0.629552 | learning_rate=0.000021 | epoch=0.690528
2026-02-19 14:53:29.273 | INFO     | __main__:on_log:99 - step=6005 | loss=0.068900 | grad_norm=0.396169 | learning_rate=0.000021 | epoch=0.691104
2026-02-19 14:53:49.197 | INFO     | __main__:on_log:99 - step=6010 | loss=0.069800 | grad_norm=0.473662 | learning_rate=0.000021 | epoch=0.691679
2026-02-19 14:54:09.120 | INFO     | __main__:on_log:99 - step=6015 | loss=0.061900 | grad_norm=0.384291 | learning_rate=0.000021 | epoch=0.692255
2026-02-19 14:54:29.054 | INFO     | __main__:on_log:99 - step=6020 | loss=0.097000 | grad_norm=0.381680 | learning_rate=0.000021 | epoch=0.692830
2026-02-19 14:54:49.013 | INFO     | __main__:on_log:99 - step=6025 | loss=0.054400 | grad_norm=0.417555 | learning_rate=0.000021 | epoch=0.693405
2026-02-19 14:55:08.938 | INFO     | __main__:on_log:99 - step=6030 | loss=0.071000 | grad_norm=0.583033 | learning_rate=0.000021 | epoch=0.693981
2026-02-19 14:55:28.861 | INFO     | __main__:on_log:99 - step=6035 | loss=0.053000 | grad_norm=0.528996 | learning_rate=0.000021 | epoch=0.694556
2026-02-19 14:55:48.803 | INFO     | __main__:on_log:99 - step=6040 | loss=0.085500 | grad_norm=0.636634 | learning_rate=0.000021 | epoch=0.695132
2026-02-19 14:56:08.767 | INFO     | __main__:on_log:99 - step=6045 | loss=0.082400 | grad_norm=0.388765 | learning_rate=0.000021 | epoch=0.695707
2026-02-19 14:56:28.698 | INFO     | __main__:on_log:99 - step=6050 | loss=0.082100 | grad_norm=0.588915 | learning_rate=0.000021 | epoch=0.696283
2026-02-19 14:56:48.652 | INFO     | __main__:on_log:99 - step=6055 | loss=0.070500 | grad_norm=0.506164 | learning_rate=0.000021 | epoch=0.696858
2026-02-19 14:57:08.562 | INFO     | __main__:on_log:99 - step=6060 | loss=0.088300 | grad_norm=0.664220 | learning_rate=0.000021 | epoch=0.697434
2026-02-19 14:57:28.522 | INFO     | __main__:on_log:99 - step=6065 | loss=0.059100 | grad_norm=0.603858 | learning_rate=0.000021 | epoch=0.698009
2026-02-19 14:57:48.460 | INFO     | __main__:on_log:99 - step=6070 | loss=0.064000 | grad_norm=0.451556 | learning_rate=0.000021 | epoch=0.698584
2026-02-19 14:58:08.387 | INFO     | __main__:on_log:99 - step=6075 | loss=0.069200 | grad_norm=0.623405 | learning_rate=0.000021 | epoch=0.699160
2026-02-19 14:58:28.318 | INFO     | __main__:on_log:99 - step=6080 | loss=0.054500 | grad_norm=0.607039 | learning_rate=0.000021 | epoch=0.699735
2026-02-19 14:58:48.263 | INFO     | __main__:on_log:99 - step=6085 | loss=0.057800 | grad_norm=0.284497 | learning_rate=0.000021 | epoch=0.700311
2026-02-19 14:59:08.228 | INFO     | __main__:on_log:99 - step=6090 | loss=0.068300 | grad_norm=0.569294 | learning_rate=0.000021 | epoch=0.700886
2026-02-19 14:59:28.195 | INFO     | __main__:on_log:99 - step=6095 | loss=0.063900 | grad_norm=0.525318 | learning_rate=0.000021 | epoch=0.701462
2026-02-19 14:59:48.173 | INFO     | __main__:on_log:99 - step=6100 | loss=0.056100 | grad_norm=0.488993 | learning_rate=0.000020 | epoch=0.702037
2026-02-19 15:00:08.166 | INFO     | __main__:on_log:99 - step=6105 | loss=0.045500 | grad_norm=0.385599 | learning_rate=0.000020 | epoch=0.702612
2026-02-19 15:00:28.111 | INFO     | __main__:on_log:99 - step=6110 | loss=0.066100 | grad_norm=0.537028 | learning_rate=0.000020 | epoch=0.703188
2026-02-19 15:00:48.048 | INFO     | __main__:on_log:99 - step=6115 | loss=0.081600 | grad_norm=0.661029 | learning_rate=0.000020 | epoch=0.703763
2026-02-19 15:01:07.992 | INFO     | __main__:on_log:99 - step=6120 | loss=0.063700 | grad_norm=0.290030 | learning_rate=0.000020 | epoch=0.704339
2026-02-19 15:01:27.945 | INFO     | __main__:on_log:99 - step=6125 | loss=0.053900 | grad_norm=0.668671 | learning_rate=0.000020 | epoch=0.704914
2026-02-19 15:01:47.873 | INFO     | __main__:on_log:99 - step=6130 | loss=0.064100 | grad_norm=0.610337 | learning_rate=0.000020 | epoch=0.705490
2026-02-19 15:02:07.821 | INFO     | __main__:on_log:99 - step=6135 | loss=0.039700 | grad_norm=0.354887 | learning_rate=0.000020 | epoch=0.706065
2026-02-19 15:02:27.759 | INFO     | __main__:on_log:99 - step=6140 | loss=0.075200 | grad_norm=0.559044 | learning_rate=0.000020 | epoch=0.706641
2026-02-19 15:02:47.691 | INFO     | __main__:on_log:99 - step=6145 | loss=0.064000 | grad_norm=0.677668 | learning_rate=0.000020 | epoch=0.707216
2026-02-19 15:03:07.613 | INFO     | __main__:on_log:99 - step=6150 | loss=0.073900 | grad_norm=0.697154 | learning_rate=0.000020 | epoch=0.707791
2026-02-19 15:03:27.574 | INFO     | __main__:on_log:99 - step=6155 | loss=0.067000 | grad_norm=0.443230 | learning_rate=0.000020 | epoch=0.708367
2026-02-19 15:03:47.534 | INFO     | __main__:on_log:99 - step=6160 | loss=0.063400 | grad_norm=0.487042 | learning_rate=0.000020 | epoch=0.708942
2026-02-19 15:04:07.495 | INFO     | __main__:on_log:99 - step=6165 | loss=0.057300 | grad_norm=0.306053 | learning_rate=0.000020 | epoch=0.709518
2026-02-19 15:04:27.438 | INFO     | __main__:on_log:99 - step=6170 | loss=0.068300 | grad_norm=0.548817 | learning_rate=0.000020 | epoch=0.710093
2026-02-19 15:04:47.370 | INFO     | __main__:on_log:99 - step=6175 | loss=0.079600 | grad_norm=0.487545 | learning_rate=0.000020 | epoch=0.710669
2026-02-19 15:05:07.303 | INFO     | __main__:on_log:99 - step=6180 | loss=0.098800 | grad_norm=0.433223 | learning_rate=0.000020 | epoch=0.711244
2026-02-19 15:05:27.258 | INFO     | __main__:on_log:99 - step=6185 | loss=0.066600 | grad_norm=0.690880 | learning_rate=0.000020 | epoch=0.711820
2026-02-19 15:05:47.232 | INFO     | __main__:on_log:99 - step=6190 | loss=0.051000 | grad_norm=0.336070 | learning_rate=0.000020 | epoch=0.712395
2026-02-19 15:06:07.175 | INFO     | __main__:on_log:99 - step=6195 | loss=0.055600 | grad_norm=0.337421 | learning_rate=0.000020 | epoch=0.712970
2026-02-19 15:06:27.123 | INFO     | __main__:on_log:99 - step=6200 | loss=0.071600 | grad_norm=0.610843 | learning_rate=0.000020 | epoch=0.713546
2026-02-19 15:06:47.056 | INFO     | __main__:on_log:99 - step=6205 | loss=0.063100 | grad_norm=0.351564 | learning_rate=0.000020 | epoch=0.714121
2026-02-19 15:07:06.971 | INFO     | __main__:on_log:99 - step=6210 | loss=0.078600 | grad_norm=0.588246 | learning_rate=0.000020 | epoch=0.714697
2026-02-19 15:07:26.903 | INFO     | __main__:on_log:99 - step=6215 | loss=0.049500 | grad_norm=0.409104 | learning_rate=0.000020 | epoch=0.715272
2026-02-19 15:07:46.844 | INFO     | __main__:on_log:99 - step=6220 | loss=0.073100 | grad_norm=0.314114 | learning_rate=0.000020 | epoch=0.715848
2026-02-19 15:08:06.809 | INFO     | __main__:on_log:99 - step=6225 | loss=0.065200 | grad_norm=0.531456 | learning_rate=0.000020 | epoch=0.716423
2026-02-19 15:08:26.718 | INFO     | __main__:on_log:99 - step=6230 | loss=0.071300 | grad_norm=0.369708 | learning_rate=0.000020 | epoch=0.716999
2026-02-19 15:08:46.648 | INFO     | __main__:on_log:99 - step=6235 | loss=0.059400 | grad_norm=0.543124 | learning_rate=0.000020 | epoch=0.717574
2026-02-19 15:09:06.590 | INFO     | __main__:on_log:99 - step=6240 | loss=0.066000 | grad_norm=0.446937 | learning_rate=0.000020 | epoch=0.718149
2026-02-19 15:09:26.519 | INFO     | __main__:on_log:99 - step=6245 | loss=0.084800 | grad_norm=0.402519 | learning_rate=0.000020 | epoch=0.718725
2026-02-19 15:09:46.464 | INFO     | __main__:on_log:99 - step=6250 | loss=0.073500 | grad_norm=0.546216 | learning_rate=0.000020 | epoch=0.719300
2026-02-19 15:10:06.394 | INFO     | __main__:on_log:99 - step=6255 | loss=0.064800 | grad_norm=0.564153 | learning_rate=0.000020 | epoch=0.719876
2026-02-19 15:10:26.330 | INFO     | __main__:on_log:99 - step=6260 | loss=0.079400 | grad_norm=0.623766 | learning_rate=0.000020 | epoch=0.720451
2026-02-19 15:10:46.254 | INFO     | __main__:on_log:99 - step=6265 | loss=0.079100 | grad_norm=0.899319 | learning_rate=0.000020 | epoch=0.721027
2026-02-19 15:11:06.174 | INFO     | __main__:on_log:99 - step=6270 | loss=0.078900 | grad_norm=0.298912 | learning_rate=0.000020 | epoch=0.721602
2026-02-19 15:11:26.095 | INFO     | __main__:on_log:99 - step=6275 | loss=0.061800 | grad_norm=0.524477 | learning_rate=0.000020 | epoch=0.722177
2026-02-19 15:11:46.041 | INFO     | __main__:on_log:99 - step=6280 | loss=0.062100 | grad_norm=0.715625 | learning_rate=0.000020 | epoch=0.722753
2026-02-19 15:12:05.986 | INFO     | __main__:on_log:99 - step=6285 | loss=0.048500 | grad_norm=0.603392 | learning_rate=0.000020 | epoch=0.723328
2026-02-19 15:12:25.926 | INFO     | __main__:on_log:99 - step=6290 | loss=0.090900 | grad_norm=0.860857 | learning_rate=0.000020 | epoch=0.723904
2026-02-19 15:12:45.881 | INFO     | __main__:on_log:99 - step=6295 | loss=0.051700 | grad_norm=0.520011 | learning_rate=0.000020 | epoch=0.724479
2026-02-19 15:13:05.828 | INFO     | __main__:on_log:99 - step=6300 | loss=0.043200 | grad_norm=0.483939 | learning_rate=0.000020 | epoch=0.725055
2026-02-19 15:13:25.766 | INFO     | __main__:on_log:99 - step=6305 | loss=0.072500 | grad_norm=0.605661 | learning_rate=0.000020 | epoch=0.725630
2026-02-19 15:13:45.692 | INFO     | __main__:on_log:99 - step=6310 | loss=0.083000 | grad_norm=0.548136 | learning_rate=0.000020 | epoch=0.726206
2026-02-19 15:14:05.628 | INFO     | __main__:on_log:99 - step=6315 | loss=0.050600 | grad_norm=0.438955 | learning_rate=0.000020 | epoch=0.726781
2026-02-19 15:14:25.570 | INFO     | __main__:on_log:99 - step=6320 | loss=0.070600 | grad_norm=0.741139 | learning_rate=0.000020 | epoch=0.727356
2026-02-19 15:14:45.511 | INFO     | __main__:on_log:99 - step=6325 | loss=0.060000 | grad_norm=0.372357 | learning_rate=0.000020 | epoch=0.727932
2026-02-19 15:15:05.464 | INFO     | __main__:on_log:99 - step=6330 | loss=0.066800 | grad_norm=0.458747 | learning_rate=0.000020 | epoch=0.728507
2026-02-19 15:15:25.403 | INFO     | __main__:on_log:99 - step=6335 | loss=0.052800 | grad_norm=0.464945 | learning_rate=0.000020 | epoch=0.729083
2026-02-19 15:15:45.332 | INFO     | __main__:on_log:99 - step=6340 | loss=0.074500 | grad_norm=0.677604 | learning_rate=0.000020 | epoch=0.729658
2026-02-19 15:16:05.270 | INFO     | __main__:on_log:99 - step=6345 | loss=0.069800 | grad_norm=0.412807 | learning_rate=0.000020 | epoch=0.730234
2026-02-19 15:16:25.207 | INFO     | __main__:on_log:99 - step=6350 | loss=0.048700 | grad_norm=0.465273 | learning_rate=0.000020 | epoch=0.730809
2026-02-19 15:16:45.139 | INFO     | __main__:on_log:99 - step=6355 | loss=0.085100 | grad_norm=0.638649 | learning_rate=0.000020 | epoch=0.731385
2026-02-19 15:17:05.062 | INFO     | __main__:on_log:99 - step=6360 | loss=0.047900 | grad_norm=0.526398 | learning_rate=0.000020 | epoch=0.731960
2026-02-19 15:17:25.006 | INFO     | __main__:on_log:99 - step=6365 | loss=0.074200 | grad_norm=0.589975 | learning_rate=0.000020 | epoch=0.732535
2026-02-19 15:17:44.942 | INFO     | __main__:on_log:99 - step=6370 | loss=0.073200 | grad_norm=0.522679 | learning_rate=0.000020 | epoch=0.733111
2026-02-19 15:18:04.884 | INFO     | __main__:on_log:99 - step=6375 | loss=0.057500 | grad_norm=0.434951 | learning_rate=0.000020 | epoch=0.733686
2026-02-19 15:18:24.845 | INFO     | __main__:on_log:99 - step=6380 | loss=0.058900 | grad_norm=0.378623 | learning_rate=0.000020 | epoch=0.734262
2026-02-19 15:18:44.796 | INFO     | __main__:on_log:99 - step=6385 | loss=0.097300 | grad_norm=0.914871 | learning_rate=0.000020 | epoch=0.734837
2026-02-19 15:19:04.767 | INFO     | __main__:on_log:99 - step=6390 | loss=0.089000 | grad_norm=0.580551 | learning_rate=0.000020 | epoch=0.735413
2026-02-19 15:19:24.717 | INFO     | __main__:on_log:99 - step=6395 | loss=0.052000 | grad_norm=0.465155 | learning_rate=0.000020 | epoch=0.735988
2026-02-19 15:19:44.660 | INFO     | __main__:on_log:99 - step=6400 | loss=0.055700 | grad_norm=0.505775 | learning_rate=0.000020 | epoch=0.736563
2026-02-19 15:20:04.590 | INFO     | __main__:on_log:99 - step=6405 | loss=0.050200 | grad_norm=0.472023 | learning_rate=0.000020 | epoch=0.737139
2026-02-19 15:20:24.521 | INFO     | __main__:on_log:99 - step=6410 | loss=0.078000 | grad_norm=0.538675 | learning_rate=0.000020 | epoch=0.737714
2026-02-19 15:20:44.451 | INFO     | __main__:on_log:99 - step=6415 | loss=0.056400 | grad_norm=0.424708 | learning_rate=0.000020 | epoch=0.738290
2026-02-19 15:21:04.414 | INFO     | __main__:on_log:99 - step=6420 | loss=0.073800 | grad_norm=0.533770 | learning_rate=0.000020 | epoch=0.738865
2026-02-19 15:21:24.355 | INFO     | __main__:on_log:99 - step=6425 | loss=0.058900 | grad_norm=0.431043 | learning_rate=0.000020 | epoch=0.739441
2026-02-19 15:21:44.336 | INFO     | __main__:on_log:99 - step=6430 | loss=0.069200 | grad_norm=0.392127 | learning_rate=0.000020 | epoch=0.740016
2026-02-19 15:22:04.278 | INFO     | __main__:on_log:99 - step=6435 | loss=0.053400 | grad_norm=0.669763 | learning_rate=0.000020 | epoch=0.740592
2026-02-19 15:22:24.233 | INFO     | __main__:on_log:99 - step=6440 | loss=0.066500 | grad_norm=0.493612 | learning_rate=0.000020 | epoch=0.741167
2026-02-19 15:22:44.186 | INFO     | __main__:on_log:99 - step=6445 | loss=0.058600 | grad_norm=0.477416 | learning_rate=0.000020 | epoch=0.741742
2026-02-19 15:23:04.160 | INFO     | __main__:on_log:99 - step=6450 | loss=0.079100 | grad_norm=0.506009 | learning_rate=0.000020 | epoch=0.742318
2026-02-19 15:23:24.085 | INFO     | __main__:on_log:99 - step=6455 | loss=0.060400 | grad_norm=0.644972 | learning_rate=0.000020 | epoch=0.742893
2026-02-19 15:23:44.028 | INFO     | __main__:on_log:99 - step=6460 | loss=0.073300 | grad_norm=0.639717 | learning_rate=0.000020 | epoch=0.743469
2026-02-19 15:24:03.971 | INFO     | __main__:on_log:99 - step=6465 | loss=0.067400 | grad_norm=0.529047 | learning_rate=0.000020 | epoch=0.744044
2026-02-19 15:24:23.949 | INFO     | __main__:on_log:99 - step=6470 | loss=0.066200 | grad_norm=0.350350 | learning_rate=0.000020 | epoch=0.744620
2026-02-19 15:24:43.898 | INFO     | __main__:on_log:99 - step=6475 | loss=0.082700 | grad_norm=0.603258 | learning_rate=0.000020 | epoch=0.745195
2026-02-19 15:25:03.859 | INFO     | __main__:on_log:99 - step=6480 | loss=0.061600 | grad_norm=0.489083 | learning_rate=0.000020 | epoch=0.745771
2026-02-19 15:25:23.813 | INFO     | __main__:on_log:99 - step=6485 | loss=0.079000 | grad_norm=0.595748 | learning_rate=0.000020 | epoch=0.746346
2026-02-19 15:25:43.734 | INFO     | __main__:on_log:99 - step=6490 | loss=0.089100 | grad_norm=0.765480 | learning_rate=0.000020 | epoch=0.746921
2026-02-19 15:26:03.706 | INFO     | __main__:on_log:99 - step=6495 | loss=0.062500 | grad_norm=0.534293 | learning_rate=0.000020 | epoch=0.747497
2026-02-19 15:26:23.649 | INFO     | __main__:on_log:99 - step=6500 | loss=0.069500 | grad_norm=0.534307 | learning_rate=0.000020 | epoch=0.748072
2026-02-19 15:26:43.570 | INFO     | __main__:on_log:99 - step=6505 | loss=0.047600 | grad_norm=0.387995 | learning_rate=0.000020 | epoch=0.748648
2026-02-19 15:27:03.505 | INFO     | __main__:on_log:99 - step=6510 | loss=0.066800 | grad_norm=0.563578 | learning_rate=0.000020 | epoch=0.749223
2026-02-19 15:27:23.462 | INFO     | __main__:on_log:99 - step=6515 | loss=0.089000 | grad_norm=0.540006 | learning_rate=0.000020 | epoch=0.749799
2026-02-19 15:27:43.395 | INFO     | __main__:on_log:99 - step=6520 | loss=0.088900 | grad_norm=0.496864 | learning_rate=0.000020 | epoch=0.750374
2026-02-19 15:28:03.324 | INFO     | __main__:on_log:99 - step=6525 | loss=0.083100 | grad_norm=0.465542 | learning_rate=0.000020 | epoch=0.750949
2026-02-19 15:28:23.295 | INFO     | __main__:on_log:99 - step=6530 | loss=0.044200 | grad_norm=0.321411 | learning_rate=0.000020 | epoch=0.751525
2026-02-19 15:28:43.230 | INFO     | __main__:on_log:99 - step=6535 | loss=0.062900 | grad_norm=0.378171 | learning_rate=0.000020 | epoch=0.752100
2026-02-19 15:29:03.128 | INFO     | __main__:on_log:99 - step=6540 | loss=0.083400 | grad_norm=0.894584 | learning_rate=0.000020 | epoch=0.752676
2026-02-19 15:29:23.058 | INFO     | __main__:on_log:99 - step=6545 | loss=0.073200 | grad_norm=0.485565 | learning_rate=0.000020 | epoch=0.753251
2026-02-19 15:29:42.991 | INFO     | __main__:on_log:99 - step=6550 | loss=0.073700 | grad_norm=1.099683 | learning_rate=0.000020 | epoch=0.753827
2026-02-19 15:30:02.932 | INFO     | __main__:on_log:99 - step=6555 | loss=0.067800 | grad_norm=0.513001 | learning_rate=0.000020 | epoch=0.754402
2026-02-19 15:30:22.910 | INFO     | __main__:on_log:99 - step=6560 | loss=0.062300 | grad_norm=0.538394 | learning_rate=0.000020 | epoch=0.754978
2026-02-19 15:30:42.840 | INFO     | __main__:on_log:99 - step=6565 | loss=0.056100 | grad_norm=0.368401 | learning_rate=0.000020 | epoch=0.755553
2026-02-19 15:31:02.771 | INFO     | __main__:on_log:99 - step=6570 | loss=0.073700 | grad_norm=0.544244 | learning_rate=0.000020 | epoch=0.756128
2026-02-19 15:31:22.732 | INFO     | __main__:on_log:99 - step=6575 | loss=0.078400 | grad_norm=0.447626 | learning_rate=0.000020 | epoch=0.756704
2026-02-19 15:31:42.652 | INFO     | __main__:on_log:99 - step=6580 | loss=0.057700 | grad_norm=0.585620 | learning_rate=0.000020 | epoch=0.757279
2026-02-19 15:32:02.596 | INFO     | __main__:on_log:99 - step=6585 | loss=0.076400 | grad_norm=0.504613 | learning_rate=0.000020 | epoch=0.757855
2026-02-19 15:32:22.558 | INFO     | __main__:on_log:99 - step=6590 | loss=0.066800 | grad_norm=0.630282 | learning_rate=0.000020 | epoch=0.758430
2026-02-19 15:32:42.493 | INFO     | __main__:on_log:99 - step=6595 | loss=0.062100 | grad_norm=0.598456 | learning_rate=0.000020 | epoch=0.759006
2026-02-19 15:33:02.414 | INFO     | __main__:on_log:99 - step=6600 | loss=0.072500 | grad_norm=0.497348 | learning_rate=0.000020 | epoch=0.759581
2026-02-19 15:33:22.342 | INFO     | __main__:on_log:99 - step=6605 | loss=0.047200 | grad_norm=0.484468 | learning_rate=0.000020 | epoch=0.760157
2026-02-19 15:33:42.274 | INFO     | __main__:on_log:99 - step=6610 | loss=0.066100 | grad_norm=0.548684 | learning_rate=0.000020 | epoch=0.760732
2026-02-19 15:34:02.222 | INFO     | __main__:on_log:99 - step=6615 | loss=0.063900 | grad_norm=0.593224 | learning_rate=0.000020 | epoch=0.761307
2026-02-19 15:34:22.178 | INFO     | __main__:on_log:99 - step=6620 | loss=0.077600 | grad_norm=0.423765 | learning_rate=0.000020 | epoch=0.761883
2026-02-19 15:34:42.137 | INFO     | __main__:on_log:99 - step=6625 | loss=0.045300 | grad_norm=0.216053 | learning_rate=0.000020 | epoch=0.762458
2026-02-19 15:35:02.084 | INFO     | __main__:on_log:99 - step=6630 | loss=0.058400 | grad_norm=0.424163 | learning_rate=0.000020 | epoch=0.763034
2026-02-19 15:35:22.012 | INFO     | __main__:on_log:99 - step=6635 | loss=0.049900 | grad_norm=0.573300 | learning_rate=0.000020 | epoch=0.763609
2026-02-19 15:35:41.985 | INFO     | __main__:on_log:99 - step=6640 | loss=0.056100 | grad_norm=0.300305 | learning_rate=0.000020 | epoch=0.764185
2026-02-19 15:36:01.936 | INFO     | __main__:on_log:99 - step=6645 | loss=0.056800 | grad_norm=0.450214 | learning_rate=0.000020 | epoch=0.764760
2026-02-19 15:36:21.870 | INFO     | __main__:on_log:99 - step=6650 | loss=0.062300 | grad_norm=0.688015 | learning_rate=0.000019 | epoch=0.765335
2026-02-19 15:36:41.815 | INFO     | __main__:on_log:99 - step=6655 | loss=0.072200 | grad_norm=0.660145 | learning_rate=0.000019 | epoch=0.765911
2026-02-19 15:37:01.751 | INFO     | __main__:on_log:99 - step=6660 | loss=0.076200 | grad_norm=0.727325 | learning_rate=0.000019 | epoch=0.766486
2026-02-19 15:37:21.694 | INFO     | __main__:on_log:99 - step=6665 | loss=0.084000 | grad_norm=0.672268 | learning_rate=0.000019 | epoch=0.767062
2026-02-19 15:37:41.637 | INFO     | __main__:on_log:99 - step=6670 | loss=0.066000 | grad_norm=0.563323 | learning_rate=0.000019 | epoch=0.767637
2026-02-19 15:38:01.592 | INFO     | __main__:on_log:99 - step=6675 | loss=0.047700 | grad_norm=0.474952 | learning_rate=0.000019 | epoch=0.768213
2026-02-19 15:38:21.541 | INFO     | __main__:on_log:99 - step=6680 | loss=0.072300 | grad_norm=0.599654 | learning_rate=0.000019 | epoch=0.768788
2026-02-19 15:38:41.472 | INFO     | __main__:on_log:99 - step=6685 | loss=0.071700 | grad_norm=0.579003 | learning_rate=0.000019 | epoch=0.769364
2026-02-19 15:39:01.409 | INFO     | __main__:on_log:99 - step=6690 | loss=0.064500 | grad_norm=0.353009 | learning_rate=0.000019 | epoch=0.769939
2026-02-19 15:39:21.340 | INFO     | __main__:on_log:99 - step=6695 | loss=0.077300 | grad_norm=0.425316 | learning_rate=0.000019 | epoch=0.770514
2026-02-19 15:39:41.283 | INFO     | __main__:on_log:99 - step=6700 | loss=0.069700 | grad_norm=0.562202 | learning_rate=0.000019 | epoch=0.771090
2026-02-19 15:40:01.253 | INFO     | __main__:on_log:99 - step=6705 | loss=0.064300 | grad_norm=0.606180 | learning_rate=0.000019 | epoch=0.771665
2026-02-19 15:40:21.194 | INFO     | __main__:on_log:99 - step=6710 | loss=0.057600 | grad_norm=0.499328 | learning_rate=0.000019 | epoch=0.772241
2026-02-19 15:40:41.124 | INFO     | __main__:on_log:99 - step=6715 | loss=0.066300 | grad_norm=0.299208 | learning_rate=0.000019 | epoch=0.772816
2026-02-19 15:41:01.061 | INFO     | __main__:on_log:99 - step=6720 | loss=0.094900 | grad_norm=0.421979 | learning_rate=0.000019 | epoch=0.773392
2026-02-19 15:41:21.011 | INFO     | __main__:on_log:99 - step=6725 | loss=0.074000 | grad_norm=0.525447 | learning_rate=0.000019 | epoch=0.773967
2026-02-19 15:41:40.945 | INFO     | __main__:on_log:99 - step=6730 | loss=0.079500 | grad_norm=0.840598 | learning_rate=0.000019 | epoch=0.774543
2026-02-19 15:42:00.883 | INFO     | __main__:on_log:99 - step=6735 | loss=0.076900 | grad_norm=0.749955 | learning_rate=0.000019 | epoch=0.775118
2026-02-19 15:42:20.816 | INFO     | __main__:on_log:99 - step=6740 | loss=0.076300 | grad_norm=0.603490 | learning_rate=0.000019 | epoch=0.775693
2026-02-19 15:42:40.764 | INFO     | __main__:on_log:99 - step=6745 | loss=0.054500 | grad_norm=0.453252 | learning_rate=0.000019 | epoch=0.776269
2026-02-19 15:43:00.710 | INFO     | __main__:on_log:99 - step=6750 | loss=0.047400 | grad_norm=0.334714 | learning_rate=0.000019 | epoch=0.776844
2026-02-19 15:43:20.650 | INFO     | __main__:on_log:99 - step=6755 | loss=0.082200 | grad_norm=0.675494 | learning_rate=0.000019 | epoch=0.777420
2026-02-19 15:43:40.565 | INFO     | __main__:on_log:99 - step=6760 | loss=0.052300 | grad_norm=0.380651 | learning_rate=0.000019 | epoch=0.777995
2026-02-19 15:44:00.527 | INFO     | __main__:on_log:99 - step=6765 | loss=0.061400 | grad_norm=0.566346 | learning_rate=0.000019 | epoch=0.778571
2026-02-19 15:44:20.465 | INFO     | __main__:on_log:99 - step=6770 | loss=0.079800 | grad_norm=0.630045 | learning_rate=0.000019 | epoch=0.779146
2026-02-19 15:44:40.410 | INFO     | __main__:on_log:99 - step=6775 | loss=0.068300 | grad_norm=0.602245 | learning_rate=0.000019 | epoch=0.779721
2026-02-19 15:45:00.373 | INFO     | __main__:on_log:99 - step=6780 | loss=0.065100 | grad_norm=0.569664 | learning_rate=0.000019 | epoch=0.780297
2026-02-19 15:45:20.312 | INFO     | __main__:on_log:99 - step=6785 | loss=0.067100 | grad_norm=0.759072 | learning_rate=0.000019 | epoch=0.780872
2026-02-19 15:45:40.241 | INFO     | __main__:on_log:99 - step=6790 | loss=0.071300 | grad_norm=0.807308 | learning_rate=0.000019 | epoch=0.781448
2026-02-19 15:46:00.180 | INFO     | __main__:on_log:99 - step=6795 | loss=0.045100 | grad_norm=0.360292 | learning_rate=0.000019 | epoch=0.782023
2026-02-19 15:46:20.133 | INFO     | __main__:on_log:99 - step=6800 | loss=0.065400 | grad_norm=0.523384 | learning_rate=0.000019 | epoch=0.782599
2026-02-19 15:46:40.081 | INFO     | __main__:on_log:99 - step=6805 | loss=0.047300 | grad_norm=0.276523 | learning_rate=0.000019 | epoch=0.783174
2026-02-19 15:47:00.041 | INFO     | __main__:on_log:99 - step=6810 | loss=0.054900 | grad_norm=0.460052 | learning_rate=0.000019 | epoch=0.783750
2026-02-19 15:47:19.998 | INFO     | __main__:on_log:99 - step=6815 | loss=0.070000 | grad_norm=0.558684 | learning_rate=0.000019 | epoch=0.784325
2026-02-19 15:47:39.940 | INFO     | __main__:on_log:99 - step=6820 | loss=0.095000 | grad_norm=0.450310 | learning_rate=0.000019 | epoch=0.784900
2026-02-19 15:47:59.898 | INFO     | __main__:on_log:99 - step=6825 | loss=0.083800 | grad_norm=0.492250 | learning_rate=0.000019 | epoch=0.785476
2026-02-19 15:48:19.858 | INFO     | __main__:on_log:99 - step=6830 | loss=0.063500 | grad_norm=0.373626 | learning_rate=0.000019 | epoch=0.786051
2026-02-19 15:48:39.833 | INFO     | __main__:on_log:99 - step=6835 | loss=0.059800 | grad_norm=0.413502 | learning_rate=0.000019 | epoch=0.786627
2026-02-19 15:48:59.806 | INFO     | __main__:on_log:99 - step=6840 | loss=0.067200 | grad_norm=0.343009 | learning_rate=0.000019 | epoch=0.787202
2026-02-19 15:49:19.764 | INFO     | __main__:on_log:99 - step=6845 | loss=0.055900 | grad_norm=0.453505 | learning_rate=0.000019 | epoch=0.787778
2026-02-19 15:49:39.733 | INFO     | __main__:on_log:99 - step=6850 | loss=0.072400 | grad_norm=0.337783 | learning_rate=0.000019 | epoch=0.788353
2026-02-19 15:49:59.658 | INFO     | __main__:on_log:99 - step=6855 | loss=0.068400 | grad_norm=0.326535 | learning_rate=0.000019 | epoch=0.788929
2026-02-19 15:50:19.615 | INFO     | __main__:on_log:99 - step=6860 | loss=0.060900 | grad_norm=0.458385 | learning_rate=0.000019 | epoch=0.789504
2026-02-19 15:50:39.558 | INFO     | __main__:on_log:99 - step=6865 | loss=0.057500 | grad_norm=0.752534 | learning_rate=0.000019 | epoch=0.790079
2026-02-19 15:50:59.514 | INFO     | __main__:on_log:99 - step=6870 | loss=0.062300 | grad_norm=0.565078 | learning_rate=0.000019 | epoch=0.790655
2026-02-19 15:51:19.460 | INFO     | __main__:on_log:99 - step=6875 | loss=0.060300 | grad_norm=0.458567 | learning_rate=0.000019 | epoch=0.791230
2026-02-19 15:51:39.416 | INFO     | __main__:on_log:99 - step=6880 | loss=0.051200 | grad_norm=0.605029 | learning_rate=0.000019 | epoch=0.791806
2026-02-19 15:51:59.345 | INFO     | __main__:on_log:99 - step=6885 | loss=0.095500 | grad_norm=0.846976 | learning_rate=0.000019 | epoch=0.792381
2026-02-19 15:52:19.247 | INFO     | __main__:on_log:99 - step=6890 | loss=0.057600 | grad_norm=0.359376 | learning_rate=0.000019 | epoch=0.792957
2026-02-19 15:52:39.174 | INFO     | __main__:on_log:99 - step=6895 | loss=0.061100 | grad_norm=0.372966 | learning_rate=0.000019 | epoch=0.793532
2026-02-19 15:52:59.148 | INFO     | __main__:on_log:99 - step=6900 | loss=0.041000 | grad_norm=0.277076 | learning_rate=0.000019 | epoch=0.794107
2026-02-19 15:53:19.081 | INFO     | __main__:on_log:99 - step=6905 | loss=0.066200 | grad_norm=0.376418 | learning_rate=0.000019 | epoch=0.794683
2026-02-19 15:53:39.006 | INFO     | __main__:on_log:99 - step=6910 | loss=0.060900 | grad_norm=0.451274 | learning_rate=0.000019 | epoch=0.795258
2026-02-19 15:53:58.942 | INFO     | __main__:on_log:99 - step=6915 | loss=0.053800 | grad_norm=0.548678 | learning_rate=0.000019 | epoch=0.795834
2026-02-19 15:54:18.885 | INFO     | __main__:on_log:99 - step=6920 | loss=0.061100 | grad_norm=0.495903 | learning_rate=0.000019 | epoch=0.796409
2026-02-19 15:54:38.862 | INFO     | __main__:on_log:99 - step=6925 | loss=0.068300 | grad_norm=0.407750 | learning_rate=0.000019 | epoch=0.796985
2026-02-19 15:54:58.810 | INFO     | __main__:on_log:99 - step=6930 | loss=0.079700 | grad_norm=0.447721 | learning_rate=0.000019 | epoch=0.797560
2026-02-19 15:55:18.742 | INFO     | __main__:on_log:99 - step=6935 | loss=0.087500 | grad_norm=0.499156 | learning_rate=0.000019 | epoch=0.798136
2026-02-19 15:55:38.648 | INFO     | __main__:on_log:99 - step=6940 | loss=0.056900 | grad_norm=0.428014 | learning_rate=0.000019 | epoch=0.798711
2026-02-19 15:55:58.586 | INFO     | __main__:on_log:99 - step=6945 | loss=0.080800 | grad_norm=0.396076 | learning_rate=0.000019 | epoch=0.799286
2026-02-19 15:56:18.527 | INFO     | __main__:on_log:99 - step=6950 | loss=0.075900 | grad_norm=0.389756 | learning_rate=0.000019 | epoch=0.799862
2026-02-19 15:56:38.452 | INFO     | __main__:on_log:99 - step=6955 | loss=0.100000 | grad_norm=0.496181 | learning_rate=0.000019 | epoch=0.800437
2026-02-19 15:56:58.385 | INFO     | __main__:on_log:99 - step=6960 | loss=0.061200 | grad_norm=0.399411 | learning_rate=0.000019 | epoch=0.801013
2026-02-19 15:57:18.368 | INFO     | __main__:on_log:99 - step=6965 | loss=0.059100 | grad_norm=0.348750 | learning_rate=0.000019 | epoch=0.801588
2026-02-19 15:57:38.308 | INFO     | __main__:on_log:99 - step=6970 | loss=0.079300 | grad_norm=0.414124 | learning_rate=0.000019 | epoch=0.802164
2026-02-19 15:57:58.264 | INFO     | __main__:on_log:99 - step=6975 | loss=0.063800 | grad_norm=0.419996 | learning_rate=0.000019 | epoch=0.802739
2026-02-19 15:58:18.200 | INFO     | __main__:on_log:99 - step=6980 | loss=0.082500 | grad_norm=0.695108 | learning_rate=0.000019 | epoch=0.803315
2026-02-19 15:58:38.141 | INFO     | __main__:on_log:99 - step=6985 | loss=0.060500 | grad_norm=0.671097 | learning_rate=0.000019 | epoch=0.803890
2026-02-19 15:58:58.118 | INFO     | __main__:on_log:99 - step=6990 | loss=0.049700 | grad_norm=0.431771 | learning_rate=0.000019 | epoch=0.804465
2026-02-19 15:59:18.035 | INFO     | __main__:on_log:99 - step=6995 | loss=0.118200 | grad_norm=0.557454 | learning_rate=0.000019 | epoch=0.805041
2026-02-19 15:59:37.982 | INFO     | __main__:on_log:99 - step=7000 | loss=0.073000 | grad_norm=0.344388 | learning_rate=0.000019 | epoch=0.805616
2026-02-19 15:59:57.908 | INFO     | __main__:on_log:99 - step=7005 | loss=0.052800 | grad_norm=0.365399 | learning_rate=0.000019 | epoch=0.806192
2026-02-19 16:00:17.849 | INFO     | __main__:on_log:99 - step=7010 | loss=0.055800 | grad_norm=0.221926 | learning_rate=0.000019 | epoch=0.806767
2026-02-19 16:00:37.761 | INFO     | __main__:on_log:99 - step=7015 | loss=0.073700 | grad_norm=0.623596 | learning_rate=0.000019 | epoch=0.807343
2026-02-19 16:00:57.715 | INFO     | __main__:on_log:99 - step=7020 | loss=0.100400 | grad_norm=0.624250 | learning_rate=0.000019 | epoch=0.807918
2026-02-19 16:01:17.694 | INFO     | __main__:on_log:99 - step=7025 | loss=0.053800 | grad_norm=0.235241 | learning_rate=0.000019 | epoch=0.808493
2026-02-19 16:01:37.635 | INFO     | __main__:on_log:99 - step=7030 | loss=0.067400 | grad_norm=0.541360 | learning_rate=0.000019 | epoch=0.809069
2026-02-19 16:01:57.607 | INFO     | __main__:on_log:99 - step=7035 | loss=0.072700 | grad_norm=0.445700 | learning_rate=0.000019 | epoch=0.809644
2026-02-19 16:02:17.554 | INFO     | __main__:on_log:99 - step=7040 | loss=0.062700 | grad_norm=0.367713 | learning_rate=0.000019 | epoch=0.810220
2026-02-19 16:02:37.520 | INFO     | __main__:on_log:99 - step=7045 | loss=0.049700 | grad_norm=0.405875 | learning_rate=0.000019 | epoch=0.810795
2026-02-19 16:02:57.463 | INFO     | __main__:on_log:99 - step=7050 | loss=0.059200 | grad_norm=0.484517 | learning_rate=0.000019 | epoch=0.811371
2026-02-19 16:03:17.385 | INFO     | __main__:on_log:99 - step=7055 | loss=0.062000 | grad_norm=0.778896 | learning_rate=0.000019 | epoch=0.811946
2026-02-19 16:03:37.343 | INFO     | __main__:on_log:99 - step=7060 | loss=0.090100 | grad_norm=0.563515 | learning_rate=0.000019 | epoch=0.812522
2026-02-19 16:03:57.292 | INFO     | __main__:on_log:99 - step=7065 | loss=0.094800 | grad_norm=0.585270 | learning_rate=0.000019 | epoch=0.813097
2026-02-19 16:04:17.223 | INFO     | __main__:on_log:99 - step=7070 | loss=0.099000 | grad_norm=0.627335 | learning_rate=0.000019 | epoch=0.813672
2026-02-19 16:04:37.158 | INFO     | __main__:on_log:99 - step=7075 | loss=0.064300 | grad_norm=0.341193 | learning_rate=0.000019 | epoch=0.814248
2026-02-19 16:04:57.089 | INFO     | __main__:on_log:99 - step=7080 | loss=0.045200 | grad_norm=0.366794 | learning_rate=0.000019 | epoch=0.814823
2026-02-19 16:05:17.067 | INFO     | __main__:on_log:99 - step=7085 | loss=0.067100 | grad_norm=0.524513 | learning_rate=0.000019 | epoch=0.815399
2026-02-19 16:05:37.036 | INFO     | __main__:on_log:99 - step=7090 | loss=0.059400 | grad_norm=0.387822 | learning_rate=0.000019 | epoch=0.815974
2026-02-19 16:05:56.974 | INFO     | __main__:on_log:99 - step=7095 | loss=0.079800 | grad_norm=0.557011 | learning_rate=0.000019 | epoch=0.816550
2026-02-19 16:06:16.914 | INFO     | __main__:on_log:99 - step=7100 | loss=0.070400 | grad_norm=0.285849 | learning_rate=0.000019 | epoch=0.817125
2026-02-19 16:06:36.856 | INFO     | __main__:on_log:99 - step=7105 | loss=0.084100 | grad_norm=0.583872 | learning_rate=0.000019 | epoch=0.817701
2026-02-19 16:06:56.796 | INFO     | __main__:on_log:99 - step=7110 | loss=0.084500 | grad_norm=0.506344 | learning_rate=0.000019 | epoch=0.818276
2026-02-19 16:07:16.733 | INFO     | __main__:on_log:99 - step=7115 | loss=0.062000 | grad_norm=0.370503 | learning_rate=0.000019 | epoch=0.818851
2026-02-19 16:07:36.688 | INFO     | __main__:on_log:99 - step=7120 | loss=0.058300 | grad_norm=0.411520 | learning_rate=0.000019 | epoch=0.819427
2026-02-19 16:07:56.648 | INFO     | __main__:on_log:99 - step=7125 | loss=0.079800 | grad_norm=0.679183 | learning_rate=0.000019 | epoch=0.820002
2026-02-19 16:08:16.598 | INFO     | __main__:on_log:99 - step=7130 | loss=0.068000 | grad_norm=0.581470 | learning_rate=0.000019 | epoch=0.820578
2026-02-19 16:08:36.532 | INFO     | __main__:on_log:99 - step=7135 | loss=0.095700 | grad_norm=0.694988 | learning_rate=0.000019 | epoch=0.821153
2026-02-19 16:08:56.474 | INFO     | __main__:on_log:99 - step=7140 | loss=0.055900 | grad_norm=0.410577 | learning_rate=0.000019 | epoch=0.821729
2026-02-19 16:09:16.400 | INFO     | __main__:on_log:99 - step=7145 | loss=0.071000 | grad_norm=0.469686 | learning_rate=0.000019 | epoch=0.822304
2026-02-19 16:09:36.353 | INFO     | __main__:on_log:99 - step=7150 | loss=0.059300 | grad_norm=0.321308 | learning_rate=0.000019 | epoch=0.822880
2026-02-19 16:09:56.271 | INFO     | __main__:on_log:99 - step=7155 | loss=0.061800 | grad_norm=0.604522 | learning_rate=0.000019 | epoch=0.823455
2026-02-19 16:10:16.206 | INFO     | __main__:on_log:99 - step=7160 | loss=0.055700 | grad_norm=0.482520 | learning_rate=0.000019 | epoch=0.824030
2026-02-19 16:10:36.145 | INFO     | __main__:on_log:99 - step=7165 | loss=0.063400 | grad_norm=0.575385 | learning_rate=0.000019 | epoch=0.824606
2026-02-19 16:10:56.096 | INFO     | __main__:on_log:99 - step=7170 | loss=0.070900 | grad_norm=0.538097 | learning_rate=0.000019 | epoch=0.825181
2026-02-19 16:11:16.063 | INFO     | __main__:on_log:99 - step=7175 | loss=0.061000 | grad_norm=0.489404 | learning_rate=0.000019 | epoch=0.825757
2026-02-19 16:11:36.034 | INFO     | __main__:on_log:99 - step=7180 | loss=0.064000 | grad_norm=0.472674 | learning_rate=0.000019 | epoch=0.826332
2026-02-19 16:11:55.986 | INFO     | __main__:on_log:99 - step=7185 | loss=0.089700 | grad_norm=0.724054 | learning_rate=0.000019 | epoch=0.826908
2026-02-19 16:12:15.912 | INFO     | __main__:on_log:99 - step=7190 | loss=0.079000 | grad_norm=0.733303 | learning_rate=0.000019 | epoch=0.827483
2026-02-19 16:12:35.887 | INFO     | __main__:on_log:99 - step=7195 | loss=0.060600 | grad_norm=0.380456 | learning_rate=0.000019 | epoch=0.828058
2026-02-19 16:12:55.844 | INFO     | __main__:on_log:99 - step=7200 | loss=0.053100 | grad_norm=0.414614 | learning_rate=0.000018 | epoch=0.828634
2026-02-19 16:13:15.808 | INFO     | __main__:on_log:99 - step=7205 | loss=0.055700 | grad_norm=0.758425 | learning_rate=0.000018 | epoch=0.829209
2026-02-19 16:13:35.805 | INFO     | __main__:on_log:99 - step=7210 | loss=0.073900 | grad_norm=0.437566 | learning_rate=0.000018 | epoch=0.829785
2026-02-19 16:13:55.806 | INFO     | __main__:on_log:99 - step=7215 | loss=0.058100 | grad_norm=0.333153 | learning_rate=0.000018 | epoch=0.830360
2026-02-19 16:14:15.755 | INFO     | __main__:on_log:99 - step=7220 | loss=0.054300 | grad_norm=0.426218 | learning_rate=0.000018 | epoch=0.830936
2026-02-19 16:14:35.715 | INFO     | __main__:on_log:99 - step=7225 | loss=0.075900 | grad_norm=0.504528 | learning_rate=0.000018 | epoch=0.831511
2026-02-19 16:14:55.663 | INFO     | __main__:on_log:99 - step=7230 | loss=0.061700 | grad_norm=0.413704 | learning_rate=0.000018 | epoch=0.832087
2026-02-19 16:15:15.605 | INFO     | __main__:on_log:99 - step=7235 | loss=0.046600 | grad_norm=0.702333 | learning_rate=0.000018 | epoch=0.832662
2026-02-19 16:15:35.567 | INFO     | __main__:on_log:99 - step=7240 | loss=0.073100 | grad_norm=0.259954 | learning_rate=0.000018 | epoch=0.833237
2026-02-19 16:15:55.530 | INFO     | __main__:on_log:99 - step=7245 | loss=0.072500 | grad_norm=0.588722 | learning_rate=0.000018 | epoch=0.833813
2026-02-19 16:16:15.461 | INFO     | __main__:on_log:99 - step=7250 | loss=0.079300 | grad_norm=0.693018 | learning_rate=0.000018 | epoch=0.834388
2026-02-19 16:16:35.397 | INFO     | __main__:on_log:99 - step=7255 | loss=0.053700 | grad_norm=0.457225 | learning_rate=0.000018 | epoch=0.834964
2026-02-19 16:16:55.350 | INFO     | __main__:on_log:99 - step=7260 | loss=0.057800 | grad_norm=0.558123 | learning_rate=0.000018 | epoch=0.835539
2026-02-19 16:17:15.284 | INFO     | __main__:on_log:99 - step=7265 | loss=0.045800 | grad_norm=0.537919 | learning_rate=0.000018 | epoch=0.836115
2026-02-19 16:17:35.251 | INFO     | __main__:on_log:99 - step=7270 | loss=0.063900 | grad_norm=0.435269 | learning_rate=0.000018 | epoch=0.836690
2026-02-19 16:17:55.180 | INFO     | __main__:on_log:99 - step=7275 | loss=0.068800 | grad_norm=0.558561 | learning_rate=0.000018 | epoch=0.837266
2026-02-19 16:18:15.115 | INFO     | __main__:on_log:99 - step=7280 | loss=0.070700 | grad_norm=0.301162 | learning_rate=0.000018 | epoch=0.837841
2026-02-19 16:18:35.073 | INFO     | __main__:on_log:99 - step=7285 | loss=0.059600 | grad_norm=0.308054 | learning_rate=0.000018 | epoch=0.838416
2026-02-19 16:18:55.032 | INFO     | __main__:on_log:99 - step=7290 | loss=0.067600 | grad_norm=0.454772 | learning_rate=0.000018 | epoch=0.838992
2026-02-19 16:19:15.008 | INFO     | __main__:on_log:99 - step=7295 | loss=0.062600 | grad_norm=0.504197 | learning_rate=0.000018 | epoch=0.839567
2026-02-19 16:19:34.945 | INFO     | __main__:on_log:99 - step=7300 | loss=0.047100 | grad_norm=0.403962 | learning_rate=0.000018 | epoch=0.840143
2026-02-19 16:19:54.890 | INFO     | __main__:on_log:99 - step=7305 | loss=0.063600 | grad_norm=0.590347 | learning_rate=0.000018 | epoch=0.840718
2026-02-19 16:20:14.813 | INFO     | __main__:on_log:99 - step=7310 | loss=0.053300 | grad_norm=0.591001 | learning_rate=0.000018 | epoch=0.841294
2026-02-19 16:20:34.764 | INFO     | __main__:on_log:99 - step=7315 | loss=0.072800 | grad_norm=0.655201 | learning_rate=0.000018 | epoch=0.841869
2026-02-19 16:20:54.717 | INFO     | __main__:on_log:99 - step=7320 | loss=0.054600 | grad_norm=0.357171 | learning_rate=0.000018 | epoch=0.842444
2026-02-19 16:21:14.652 | INFO     | __main__:on_log:99 - step=7325 | loss=0.052800 | grad_norm=0.313012 | learning_rate=0.000018 | epoch=0.843020
2026-02-19 16:21:34.587 | INFO     | __main__:on_log:99 - step=7330 | loss=0.065500 | grad_norm=0.333548 | learning_rate=0.000018 | epoch=0.843595
2026-02-19 16:21:54.529 | INFO     | __main__:on_log:99 - step=7335 | loss=0.077300 | grad_norm=0.642915 | learning_rate=0.000018 | epoch=0.844171
2026-02-19 16:22:14.479 | INFO     | __main__:on_log:99 - step=7340 | loss=0.055900 | grad_norm=0.342568 | learning_rate=0.000018 | epoch=0.844746
2026-02-19 16:22:34.449 | INFO     | __main__:on_log:99 - step=7345 | loss=0.051900 | grad_norm=0.438964 | learning_rate=0.000018 | epoch=0.845322
2026-02-19 16:22:54.382 | INFO     | __main__:on_log:99 - step=7350 | loss=0.064300 | grad_norm=0.853155 | learning_rate=0.000018 | epoch=0.845897
2026-02-19 16:23:14.317 | INFO     | __main__:on_log:99 - step=7355 | loss=0.052700 | grad_norm=0.414577 | learning_rate=0.000018 | epoch=0.846473
2026-02-19 16:23:34.245 | INFO     | __main__:on_log:99 - step=7360 | loss=0.063300 | grad_norm=0.652273 | learning_rate=0.000018 | epoch=0.847048
2026-02-19 16:23:54.206 | INFO     | __main__:on_log:99 - step=7365 | loss=0.070200 | grad_norm=0.926950 | learning_rate=0.000018 | epoch=0.847623
2026-02-19 16:24:14.148 | INFO     | __main__:on_log:99 - step=7370 | loss=0.042000 | grad_norm=0.370935 | learning_rate=0.000018 | epoch=0.848199
2026-02-19 16:24:34.093 | INFO     | __main__:on_log:99 - step=7375 | loss=0.045800 | grad_norm=0.334692 | learning_rate=0.000018 | epoch=0.848774
2026-02-19 16:24:54.071 | INFO     | __main__:on_log:99 - step=7380 | loss=0.063400 | grad_norm=0.449628 | learning_rate=0.000018 | epoch=0.849350
2026-02-19 16:25:14.017 | INFO     | __main__:on_log:99 - step=7385 | loss=0.093300 | grad_norm=0.428147 | learning_rate=0.000018 | epoch=0.849925
2026-02-19 16:25:33.959 | INFO     | __main__:on_log:99 - step=7390 | loss=0.067100 | grad_norm=0.425622 | learning_rate=0.000018 | epoch=0.850501
2026-02-19 16:25:53.919 | INFO     | __main__:on_log:99 - step=7395 | loss=0.061200 | grad_norm=0.499418 | learning_rate=0.000018 | epoch=0.851076
2026-02-19 16:26:13.873 | INFO     | __main__:on_log:99 - step=7400 | loss=0.058200 | grad_norm=0.371952 | learning_rate=0.000018 | epoch=0.851652
2026-02-19 16:26:33.828 | INFO     | __main__:on_log:99 - step=7405 | loss=0.061500 | grad_norm=0.459777 | learning_rate=0.000018 | epoch=0.852227
2026-02-19 16:26:53.768 | INFO     | __main__:on_log:99 - step=7410 | loss=0.073200 | grad_norm=0.416712 | learning_rate=0.000018 | epoch=0.852802
2026-02-19 16:27:13.688 | INFO     | __main__:on_log:99 - step=7415 | loss=0.062300 | grad_norm=0.601729 | learning_rate=0.000018 | epoch=0.853378
2026-02-19 16:27:33.637 | INFO     | __main__:on_log:99 - step=7420 | loss=0.069100 | grad_norm=0.472485 | learning_rate=0.000018 | epoch=0.853953
2026-02-19 16:27:53.583 | INFO     | __main__:on_log:99 - step=7425 | loss=0.070700 | grad_norm=0.582891 | learning_rate=0.000018 | epoch=0.854529
2026-02-19 16:28:13.543 | INFO     | __main__:on_log:99 - step=7430 | loss=0.069100 | grad_norm=0.533053 | learning_rate=0.000018 | epoch=0.855104
2026-02-19 16:28:33.490 | INFO     | __main__:on_log:99 - step=7435 | loss=0.060000 | grad_norm=0.735516 | learning_rate=0.000018 | epoch=0.855680
2026-02-19 16:28:53.420 | INFO     | __main__:on_log:99 - step=7440 | loss=0.055800 | grad_norm=0.520537 | learning_rate=0.000018 | epoch=0.856255
2026-02-19 16:29:13.382 | INFO     | __main__:on_log:99 - step=7445 | loss=0.053700 | grad_norm=0.456278 | learning_rate=0.000018 | epoch=0.856830
2026-02-19 16:29:33.319 | INFO     | __main__:on_log:99 - step=7450 | loss=0.066200 | grad_norm=0.424251 | learning_rate=0.000018 | epoch=0.857406
2026-02-19 16:29:53.243 | INFO     | __main__:on_log:99 - step=7455 | loss=0.083900 | grad_norm=0.471803 | learning_rate=0.000018 | epoch=0.857981
2026-02-19 16:30:13.168 | INFO     | __main__:on_log:99 - step=7460 | loss=0.077100 | grad_norm=0.510338 | learning_rate=0.000018 | epoch=0.858557
2026-02-19 16:30:33.081 | INFO     | __main__:on_log:99 - step=7465 | loss=0.058300 | grad_norm=0.452782 | learning_rate=0.000018 | epoch=0.859132
2026-02-19 16:30:53.035 | INFO     | __main__:on_log:99 - step=7470 | loss=0.081700 | grad_norm=0.443600 | learning_rate=0.000018 | epoch=0.859708
2026-02-19 16:31:12.993 | INFO     | __main__:on_log:99 - step=7475 | loss=0.071300 | grad_norm=0.480230 | learning_rate=0.000018 | epoch=0.860283
2026-02-19 16:31:32.962 | INFO     | __main__:on_log:99 - step=7480 | loss=0.069700 | grad_norm=0.508972 | learning_rate=0.000018 | epoch=0.860859
2026-02-19 16:31:52.882 | INFO     | __main__:on_log:99 - step=7485 | loss=0.066000 | grad_norm=0.468200 | learning_rate=0.000018 | epoch=0.861434
2026-02-19 16:32:12.824 | INFO     | __main__:on_log:99 - step=7490 | loss=0.065600 | grad_norm=0.423353 | learning_rate=0.000018 | epoch=0.862009
2026-02-19 16:32:32.780 | INFO     | __main__:on_log:99 - step=7495 | loss=0.041400 | grad_norm=0.369589 | learning_rate=0.000018 | epoch=0.862585
2026-02-19 16:32:52.718 | INFO     | __main__:on_log:99 - step=7500 | loss=0.070600 | grad_norm=0.308542 | learning_rate=0.000018 | epoch=0.863160
2026-02-19 16:33:12.672 | INFO     | __main__:on_log:99 - step=7505 | loss=0.056300 | grad_norm=0.577453 | learning_rate=0.000018 | epoch=0.863736
2026-02-19 16:33:32.628 | INFO     | __main__:on_log:99 - step=7510 | loss=0.057800 | grad_norm=0.354695 | learning_rate=0.000018 | epoch=0.864311
2026-02-19 16:33:52.594 | INFO     | __main__:on_log:99 - step=7515 | loss=0.062800 | grad_norm=0.715190 | learning_rate=0.000018 | epoch=0.864887
2026-02-19 16:34:12.539 | INFO     | __main__:on_log:99 - step=7520 | loss=0.085200 | grad_norm=0.465986 | learning_rate=0.000018 | epoch=0.865462
2026-02-19 16:34:32.483 | INFO     | __main__:on_log:99 - step=7525 | loss=0.076300 | grad_norm=0.695594 | learning_rate=0.000018 | epoch=0.866038
2026-02-19 16:34:52.431 | INFO     | __main__:on_log:99 - step=7530 | loss=0.078000 | grad_norm=0.518658 | learning_rate=0.000018 | epoch=0.866613
2026-02-19 16:35:12.399 | INFO     | __main__:on_log:99 - step=7535 | loss=0.056400 | grad_norm=0.420155 | learning_rate=0.000018 | epoch=0.867188
2026-02-19 16:35:32.332 | INFO     | __main__:on_log:99 - step=7540 | loss=0.074900 | grad_norm=0.363776 | learning_rate=0.000018 | epoch=0.867764
2026-02-19 16:35:52.271 | INFO     | __main__:on_log:99 - step=7545 | loss=0.068900 | grad_norm=0.564136 | learning_rate=0.000018 | epoch=0.868339
2026-02-19 16:36:12.212 | INFO     | __main__:on_log:99 - step=7550 | loss=0.054300 | grad_norm=0.660850 | learning_rate=0.000018 | epoch=0.868915
2026-02-19 16:36:32.165 | INFO     | __main__:on_log:99 - step=7555 | loss=0.047600 | grad_norm=0.289808 | learning_rate=0.000018 | epoch=0.869490
2026-02-19 16:36:52.337 | INFO     | __main__:on_log:99 - step=7560 | loss=0.060100 | grad_norm=0.417080 | learning_rate=0.000018 | epoch=0.870066
2026-02-19 16:37:12.261 | INFO     | __main__:on_log:99 - step=7565 | loss=0.073700 | grad_norm=0.626804 | learning_rate=0.000018 | epoch=0.870641
2026-02-19 16:37:32.186 | INFO     | __main__:on_log:99 - step=7570 | loss=0.084500 | grad_norm=0.428758 | learning_rate=0.000018 | epoch=0.871216
2026-02-19 16:37:52.139 | INFO     | __main__:on_log:99 - step=7575 | loss=0.082200 | grad_norm=0.393948 | learning_rate=0.000018 | epoch=0.871792
2026-02-19 16:38:12.083 | INFO     | __main__:on_log:99 - step=7580 | loss=0.073400 | grad_norm=0.558800 | learning_rate=0.000018 | epoch=0.872367
2026-02-19 16:38:32.032 | INFO     | __main__:on_log:99 - step=7585 | loss=0.069200 | grad_norm=0.550142 | learning_rate=0.000018 | epoch=0.872943
2026-02-19 16:38:51.975 | INFO     | __main__:on_log:99 - step=7590 | loss=0.062200 | grad_norm=0.423088 | learning_rate=0.000018 | epoch=0.873518
2026-02-19 16:39:11.918 | INFO     | __main__:on_log:99 - step=7595 | loss=0.056700 | grad_norm=0.493827 | learning_rate=0.000018 | epoch=0.874094
2026-02-19 16:39:31.860 | INFO     | __main__:on_log:99 - step=7600 | loss=0.065400 | grad_norm=0.460355 | learning_rate=0.000018 | epoch=0.874669
2026-02-19 16:39:51.800 | INFO     | __main__:on_log:99 - step=7605 | loss=0.088100 | grad_norm=0.481028 | learning_rate=0.000018 | epoch=0.875245
2026-02-19 16:40:11.739 | INFO     | __main__:on_log:99 - step=7610 | loss=0.063900 | grad_norm=0.535384 | learning_rate=0.000018 | epoch=0.875820
2026-02-19 16:40:31.681 | INFO     | __main__:on_log:99 - step=7615 | loss=0.078900 | grad_norm=0.504265 | learning_rate=0.000018 | epoch=0.876395
2026-02-19 16:40:51.640 | INFO     | __main__:on_log:99 - step=7620 | loss=0.072000 | grad_norm=0.452824 | learning_rate=0.000018 | epoch=0.876971
2026-02-19 16:41:11.587 | INFO     | __main__:on_log:99 - step=7625 | loss=0.067700 | grad_norm=0.461206 | learning_rate=0.000018 | epoch=0.877546
2026-02-19 16:41:31.514 | INFO     | __main__:on_log:99 - step=7630 | loss=0.068300 | grad_norm=0.377003 | learning_rate=0.000018 | epoch=0.878122
2026-02-19 16:41:51.469 | INFO     | __main__:on_log:99 - step=7635 | loss=0.073000 | grad_norm=0.593280 | learning_rate=0.000018 | epoch=0.878697
2026-02-19 16:42:11.394 | INFO     | __main__:on_log:99 - step=7640 | loss=0.068800 | grad_norm=0.555084 | learning_rate=0.000018 | epoch=0.879273
2026-02-19 16:42:31.330 | INFO     | __main__:on_log:99 - step=7645 | loss=0.044400 | grad_norm=0.288935 | learning_rate=0.000018 | epoch=0.879848
2026-02-19 16:42:51.267 | INFO     | __main__:on_log:99 - step=7650 | loss=0.084900 | grad_norm=0.917441 | learning_rate=0.000018 | epoch=0.880424
2026-02-19 16:43:11.204 | INFO     | __main__:on_log:99 - step=7655 | loss=0.060900 | grad_norm=0.421053 | learning_rate=0.000018 | epoch=0.880999
2026-02-19 16:43:31.115 | INFO     | __main__:on_log:99 - step=7660 | loss=0.065300 | grad_norm=0.434687 | learning_rate=0.000018 | epoch=0.881574
2026-02-19 16:43:51.081 | INFO     | __main__:on_log:99 - step=7665 | loss=0.059600 | grad_norm=0.446153 | learning_rate=0.000018 | epoch=0.882150
2026-02-19 16:44:11.044 | INFO     | __main__:on_log:99 - step=7670 | loss=0.071700 | grad_norm=0.625852 | learning_rate=0.000018 | epoch=0.882725
2026-02-19 16:44:31.011 | INFO     | __main__:on_log:99 - step=7675 | loss=0.082600 | grad_norm=0.558705 | learning_rate=0.000018 | epoch=0.883301
2026-02-19 16:44:50.950 | INFO     | __main__:on_log:99 - step=7680 | loss=0.060100 | grad_norm=0.393974 | learning_rate=0.000018 | epoch=0.883876
2026-02-19 16:45:10.938 | INFO     | __main__:on_log:99 - step=7685 | loss=0.048400 | grad_norm=0.389273 | learning_rate=0.000018 | epoch=0.884452
2026-02-19 16:45:30.903 | INFO     | __main__:on_log:99 - step=7690 | loss=0.054700 | grad_norm=0.644389 | learning_rate=0.000018 | epoch=0.885027
2026-02-19 16:45:50.861 | INFO     | __main__:on_log:99 - step=7695 | loss=0.045400 | grad_norm=0.478758 | learning_rate=0.000018 | epoch=0.885602
2026-02-19 16:46:10.821 | INFO     | __main__:on_log:99 - step=7700 | loss=0.073300 | grad_norm=0.476998 | learning_rate=0.000018 | epoch=0.886178
2026-02-19 16:46:30.790 | INFO     | __main__:on_log:99 - step=7705 | loss=0.082900 | grad_norm=0.634966 | learning_rate=0.000018 | epoch=0.886753
2026-02-19 16:46:50.774 | INFO     | __main__:on_log:99 - step=7710 | loss=0.056800 | grad_norm=0.425701 | learning_rate=0.000018 | epoch=0.887329
2026-02-19 16:47:10.694 | INFO     | __main__:on_log:99 - step=7715 | loss=0.065500 | grad_norm=0.446838 | learning_rate=0.000018 | epoch=0.887904
2026-02-19 16:47:30.642 | INFO     | __main__:on_log:99 - step=7720 | loss=0.076400 | grad_norm=0.404724 | learning_rate=0.000018 | epoch=0.888480
2026-02-19 16:47:50.608 | INFO     | __main__:on_log:99 - step=7725 | loss=0.054000 | grad_norm=0.410778 | learning_rate=0.000018 | epoch=0.889055
2026-02-19 16:48:10.602 | INFO     | __main__:on_log:99 - step=7730 | loss=0.055000 | grad_norm=0.343917 | learning_rate=0.000018 | epoch=0.889631
2026-02-19 16:48:30.588 | INFO     | __main__:on_log:99 - step=7735 | loss=0.078200 | grad_norm=0.377616 | learning_rate=0.000018 | epoch=0.890206
2026-02-19 16:48:50.558 | INFO     | __main__:on_log:99 - step=7740 | loss=0.065500 | grad_norm=0.606654 | learning_rate=0.000018 | epoch=0.890781
2026-02-19 16:49:10.484 | INFO     | __main__:on_log:99 - step=7745 | loss=0.065600 | grad_norm=0.651851 | learning_rate=0.000018 | epoch=0.891357
2026-02-19 16:49:30.411 | INFO     | __main__:on_log:99 - step=7750 | loss=0.081300 | grad_norm=0.536667 | learning_rate=0.000017 | epoch=0.891932
2026-02-19 16:49:50.378 | INFO     | __main__:on_log:99 - step=7755 | loss=0.055300 | grad_norm=0.382491 | learning_rate=0.000017 | epoch=0.892508
2026-02-19 16:50:10.315 | INFO     | __main__:on_log:99 - step=7760 | loss=0.080700 | grad_norm=0.454267 | learning_rate=0.000017 | epoch=0.893083
2026-02-19 16:50:30.278 | INFO     | __main__:on_log:99 - step=7765 | loss=0.085700 | grad_norm=0.497717 | learning_rate=0.000017 | epoch=0.893659
2026-02-19 16:50:50.228 | INFO     | __main__:on_log:99 - step=7770 | loss=0.082100 | grad_norm=0.508686 | learning_rate=0.000017 | epoch=0.894234
2026-02-19 16:51:10.143 | INFO     | __main__:on_log:99 - step=7775 | loss=0.059300 | grad_norm=0.547323 | learning_rate=0.000017 | epoch=0.894810
2026-02-19 16:51:30.074 | INFO     | __main__:on_log:99 - step=7780 | loss=0.045900 | grad_norm=0.630149 | learning_rate=0.000017 | epoch=0.895385
2026-02-19 16:51:50.037 | INFO     | __main__:on_log:99 - step=7785 | loss=0.084600 | grad_norm=0.400887 | learning_rate=0.000017 | epoch=0.895960
2026-02-19 16:52:10.001 | INFO     | __main__:on_log:99 - step=7790 | loss=0.054400 | grad_norm=0.632791 | learning_rate=0.000017 | epoch=0.896536
2026-02-19 16:52:29.938 | INFO     | __main__:on_log:99 - step=7795 | loss=0.062100 | grad_norm=0.625248 | learning_rate=0.000017 | epoch=0.897111
2026-02-19 16:52:49.895 | INFO     | __main__:on_log:99 - step=7800 | loss=0.083400 | grad_norm=0.410286 | learning_rate=0.000017 | epoch=0.897687
2026-02-19 16:53:09.838 | INFO     | __main__:on_log:99 - step=7805 | loss=0.074400 | grad_norm=0.666844 | learning_rate=0.000017 | epoch=0.898262
2026-02-19 16:53:29.772 | INFO     | __main__:on_log:99 - step=7810 | loss=0.062900 | grad_norm=0.423439 | learning_rate=0.000017 | epoch=0.898838
2026-02-19 16:53:49.730 | INFO     | __main__:on_log:99 - step=7815 | loss=0.059800 | grad_norm=0.364348 | learning_rate=0.000017 | epoch=0.899413
2026-02-19 16:54:09.663 | INFO     | __main__:on_log:99 - step=7820 | loss=0.083900 | grad_norm=0.657165 | learning_rate=0.000017 | epoch=0.899988
2026-02-19 16:54:29.604 | INFO     | __main__:on_log:99 - step=7825 | loss=0.058000 | grad_norm=0.388346 | learning_rate=0.000017 | epoch=0.900564
2026-02-19 16:54:49.543 | INFO     | __main__:on_log:99 - step=7830 | loss=0.043400 | grad_norm=0.757844 | learning_rate=0.000017 | epoch=0.901139
2026-02-19 16:55:09.473 | INFO     | __main__:on_log:99 - step=7835 | loss=0.063500 | grad_norm=0.502484 | learning_rate=0.000017 | epoch=0.901715
2026-02-19 16:55:29.434 | INFO     | __main__:on_log:99 - step=7840 | loss=0.051200 | grad_norm=0.358452 | learning_rate=0.000017 | epoch=0.902290
2026-02-19 16:55:49.366 | INFO     | __main__:on_log:99 - step=7845 | loss=0.072300 | grad_norm=0.489255 | learning_rate=0.000017 | epoch=0.902866
2026-02-19 16:56:09.324 | INFO     | __main__:on_log:99 - step=7850 | loss=0.078000 | grad_norm=0.466668 | learning_rate=0.000017 | epoch=0.903441
2026-02-19 16:56:29.285 | INFO     | __main__:on_log:99 - step=7855 | loss=0.088200 | grad_norm=0.434597 | learning_rate=0.000017 | epoch=0.904017
2026-02-19 16:56:49.263 | INFO     | __main__:on_log:99 - step=7860 | loss=0.061400 | grad_norm=0.455594 | learning_rate=0.000017 | epoch=0.904592
2026-02-19 16:57:09.193 | INFO     | __main__:on_log:99 - step=7865 | loss=0.082600 | grad_norm=0.525387 | learning_rate=0.000017 | epoch=0.905167
2026-02-19 16:57:29.138 | INFO     | __main__:on_log:99 - step=7870 | loss=0.048100 | grad_norm=0.342098 | learning_rate=0.000017 | epoch=0.905743
2026-02-19 16:57:49.104 | INFO     | __main__:on_log:99 - step=7875 | loss=0.068700 | grad_norm=0.393160 | learning_rate=0.000017 | epoch=0.906318
2026-02-19 16:58:09.060 | INFO     | __main__:on_log:99 - step=7880 | loss=0.046100 | grad_norm=0.370753 | learning_rate=0.000017 | epoch=0.906894
2026-02-19 16:58:29.021 | INFO     | __main__:on_log:99 - step=7885 | loss=0.062800 | grad_norm=0.368684 | learning_rate=0.000017 | epoch=0.907469
2026-02-19 16:58:48.993 | INFO     | __main__:on_log:99 - step=7890 | loss=0.062500 | grad_norm=0.594419 | learning_rate=0.000017 | epoch=0.908045
2026-02-19 16:59:08.942 | INFO     | __main__:on_log:99 - step=7895 | loss=0.047700 | grad_norm=0.357158 | learning_rate=0.000017 | epoch=0.908620
2026-02-19 16:59:28.862 | INFO     | __main__:on_log:99 - step=7900 | loss=0.067600 | grad_norm=0.472854 | learning_rate=0.000017 | epoch=0.909196
2026-02-19 16:59:48.779 | INFO     | __main__:on_log:99 - step=7905 | loss=0.071000 | grad_norm=0.428124 | learning_rate=0.000017 | epoch=0.909771
2026-02-19 17:00:08.722 | INFO     | __main__:on_log:99 - step=7910 | loss=0.082300 | grad_norm=0.493654 | learning_rate=0.000017 | epoch=0.910346
2026-02-19 17:00:28.680 | INFO     | __main__:on_log:99 - step=7915 | loss=0.059200 | grad_norm=0.465305 | learning_rate=0.000017 | epoch=0.910922
2026-02-19 17:00:48.649 | INFO     | __main__:on_log:99 - step=7920 | loss=0.053700 | grad_norm=0.392819 | learning_rate=0.000017 | epoch=0.911497
2026-02-19 17:01:08.651 | INFO     | __main__:on_log:99 - step=7925 | loss=0.058100 | grad_norm=0.407904 | learning_rate=0.000017 | epoch=0.912073
2026-02-19 17:01:28.608 | INFO     | __main__:on_log:99 - step=7930 | loss=0.049500 | grad_norm=0.373362 | learning_rate=0.000017 | epoch=0.912648
2026-02-19 17:01:48.563 | INFO     | __main__:on_log:99 - step=7935 | loss=0.057500 | grad_norm=0.360088 | learning_rate=0.000017 | epoch=0.913224
2026-02-19 17:02:08.523 | INFO     | __main__:on_log:99 - step=7940 | loss=0.050300 | grad_norm=0.312867 | learning_rate=0.000017 | epoch=0.913799
2026-02-19 17:02:28.482 | INFO     | __main__:on_log:99 - step=7945 | loss=0.076200 | grad_norm=0.759337 | learning_rate=0.000017 | epoch=0.914374
2026-02-19 17:02:48.419 | INFO     | __main__:on_log:99 - step=7950 | loss=0.065100 | grad_norm=0.506318 | learning_rate=0.000017 | epoch=0.914950
2026-02-19 17:03:08.393 | INFO     | __main__:on_log:99 - step=7955 | loss=0.054900 | grad_norm=0.512242 | learning_rate=0.000017 | epoch=0.915525
2026-02-19 17:03:28.371 | INFO     | __main__:on_log:99 - step=7960 | loss=0.085300 | grad_norm=0.377510 | learning_rate=0.000017 | epoch=0.916101
2026-02-19 17:03:48.337 | INFO     | __main__:on_log:99 - step=7965 | loss=0.048200 | grad_norm=0.457224 | learning_rate=0.000017 | epoch=0.916676
2026-02-19 17:04:08.294 | INFO     | __main__:on_log:99 - step=7970 | loss=0.065800 | grad_norm=0.473964 | learning_rate=0.000017 | epoch=0.917252
2026-02-19 17:04:28.222 | INFO     | __main__:on_log:99 - step=7975 | loss=0.057300 | grad_norm=0.555485 | learning_rate=0.000017 | epoch=0.917827
2026-02-19 17:04:48.181 | INFO     | __main__:on_log:99 - step=7980 | loss=0.071900 | grad_norm=0.584788 | learning_rate=0.000017 | epoch=0.918403
2026-02-19 17:05:08.103 | INFO     | __main__:on_log:99 - step=7985 | loss=0.061300 | grad_norm=0.516700 | learning_rate=0.000017 | epoch=0.918978
2026-02-19 17:05:28.067 | INFO     | __main__:on_log:99 - step=7990 | loss=0.062900 | grad_norm=0.473635 | learning_rate=0.000017 | epoch=0.919553
2026-02-19 17:05:48.017 | INFO     | __main__:on_log:99 - step=7995 | loss=0.055700 | grad_norm=0.375803 | learning_rate=0.000017 | epoch=0.920129
2026-02-19 17:06:07.964 | INFO     | __main__:on_log:99 - step=8000 | loss=0.064300 | grad_norm=0.472004 | learning_rate=0.000017 | epoch=0.920704
2026-02-19 17:06:27.908 | INFO     | __main__:on_log:99 - step=8005 | loss=0.074400 | grad_norm=0.422608 | learning_rate=0.000017 | epoch=0.921280
2026-02-19 17:06:47.874 | INFO     | __main__:on_log:99 - step=8010 | loss=0.059000 | grad_norm=0.591180 | learning_rate=0.000017 | epoch=0.921855
2026-02-19 17:07:07.831 | INFO     | __main__:on_log:99 - step=8015 | loss=0.072500 | grad_norm=0.741584 | learning_rate=0.000017 | epoch=0.922431
2026-02-19 17:07:27.808 | INFO     | __main__:on_log:99 - step=8020 | loss=0.062800 | grad_norm=0.438523 | learning_rate=0.000017 | epoch=0.923006
2026-02-19 17:07:47.783 | INFO     | __main__:on_log:99 - step=8025 | loss=0.061800 | grad_norm=0.437996 | learning_rate=0.000017 | epoch=0.923582
2026-02-19 17:08:07.741 | INFO     | __main__:on_log:99 - step=8030 | loss=0.068900 | grad_norm=0.535086 | learning_rate=0.000017 | epoch=0.924157
2026-02-19 17:08:27.690 | INFO     | __main__:on_log:99 - step=8035 | loss=0.056300 | grad_norm=0.232382 | learning_rate=0.000017 | epoch=0.924732
2026-02-19 17:08:47.623 | INFO     | __main__:on_log:99 - step=8040 | loss=0.078200 | grad_norm=0.639281 | learning_rate=0.000017 | epoch=0.925308
2026-02-19 17:09:07.569 | INFO     | __main__:on_log:99 - step=8045 | loss=0.078300 | grad_norm=0.712424 | learning_rate=0.000017 | epoch=0.925883
2026-02-19 17:09:27.497 | INFO     | __main__:on_log:99 - step=8050 | loss=0.075000 | grad_norm=0.554352 | learning_rate=0.000017 | epoch=0.926459
2026-02-19 17:09:47.445 | INFO     | __main__:on_log:99 - step=8055 | loss=0.090400 | grad_norm=0.561616 | learning_rate=0.000017 | epoch=0.927034
2026-02-19 17:10:06.852 | INFO     | __main__:on_log:99 - step=8060 | loss=0.073300 | grad_norm=0.900172 | learning_rate=0.000017 | epoch=0.927610
2026-02-19 17:10:26.801 | INFO     | __main__:on_log:99 - step=8065 | loss=0.081800 | grad_norm=0.535877 | learning_rate=0.000017 | epoch=0.928185
2026-02-19 17:10:46.767 | INFO     | __main__:on_log:99 - step=8070 | loss=0.078800 | grad_norm=0.753909 | learning_rate=0.000017 | epoch=0.928761
2026-02-19 17:11:06.710 | INFO     | __main__:on_log:99 - step=8075 | loss=0.067100 | grad_norm=0.376291 | learning_rate=0.000017 | epoch=0.929336
2026-02-19 17:11:26.645 | INFO     | __main__:on_log:99 - step=8080 | loss=0.072200 | grad_norm=0.742866 | learning_rate=0.000017 | epoch=0.929911
2026-02-19 17:11:46.585 | INFO     | __main__:on_log:99 - step=8085 | loss=0.062300 | grad_norm=0.341289 | learning_rate=0.000017 | epoch=0.930487
2026-02-19 17:12:06.537 | INFO     | __main__:on_log:99 - step=8090 | loss=0.051300 | grad_norm=0.627640 | learning_rate=0.000017 | epoch=0.931062
2026-02-19 17:12:26.491 | INFO     | __main__:on_log:99 - step=8095 | loss=0.084000 | grad_norm=0.469207 | learning_rate=0.000017 | epoch=0.931638
2026-02-19 17:12:46.440 | INFO     | __main__:on_log:99 - step=8100 | loss=0.072000 | grad_norm=0.350812 | learning_rate=0.000017 | epoch=0.932213
2026-02-19 17:13:06.380 | INFO     | __main__:on_log:99 - step=8105 | loss=0.075400 | grad_norm=0.574459 | learning_rate=0.000017 | epoch=0.932789
2026-02-19 17:13:26.313 | INFO     | __main__:on_log:99 - step=8110 | loss=0.075300 | grad_norm=0.613928 | learning_rate=0.000017 | epoch=0.933364
2026-02-19 17:13:46.253 | INFO     | __main__:on_log:99 - step=8115 | loss=0.067700 | grad_norm=0.642685 | learning_rate=0.000017 | epoch=0.933939
2026-02-19 17:14:06.219 | INFO     | __main__:on_log:99 - step=8120 | loss=0.053100 | grad_norm=0.589426 | learning_rate=0.000017 | epoch=0.934515
2026-02-19 17:14:26.164 | INFO     | __main__:on_log:99 - step=8125 | loss=0.063900 | grad_norm=0.605958 | learning_rate=0.000017 | epoch=0.935090
2026-02-19 17:14:46.123 | INFO     | __main__:on_log:99 - step=8130 | loss=0.056200 | grad_norm=0.600568 | learning_rate=0.000017 | epoch=0.935666
2026-02-19 17:15:06.079 | INFO     | __main__:on_log:99 - step=8135 | loss=0.060300 | grad_norm=0.444795 | learning_rate=0.000017 | epoch=0.936241
2026-02-19 17:15:26.028 | INFO     | __main__:on_log:99 - step=8140 | loss=0.069700 | grad_norm=0.437240 | learning_rate=0.000017 | epoch=0.936817
2026-02-19 17:15:45.988 | INFO     | __main__:on_log:99 - step=8145 | loss=0.062900 | grad_norm=0.403129 | learning_rate=0.000017 | epoch=0.937392
2026-02-19 17:16:05.946 | INFO     | __main__:on_log:99 - step=8150 | loss=0.084900 | grad_norm=0.802984 | learning_rate=0.000017 | epoch=0.937968
2026-02-19 17:16:25.890 | INFO     | __main__:on_log:99 - step=8155 | loss=0.062900 | grad_norm=0.368203 | learning_rate=0.000017 | epoch=0.938543
2026-02-19 17:16:45.826 | INFO     | __main__:on_log:99 - step=8160 | loss=0.102000 | grad_norm=0.531061 | learning_rate=0.000017 | epoch=0.939118
2026-02-19 17:17:05.790 | INFO     | __main__:on_log:99 - step=8165 | loss=0.042200 | grad_norm=0.443479 | learning_rate=0.000017 | epoch=0.939694
2026-02-19 17:17:25.744 | INFO     | __main__:on_log:99 - step=8170 | loss=0.071000 | grad_norm=0.407750 | learning_rate=0.000017 | epoch=0.940269
2026-02-19 17:17:45.714 | INFO     | __main__:on_log:99 - step=8175 | loss=0.048900 | grad_norm=0.565801 | learning_rate=0.000017 | epoch=0.940845
2026-02-19 17:18:05.673 | INFO     | __main__:on_log:99 - step=8180 | loss=0.056300 | grad_norm=0.505387 | learning_rate=0.000017 | epoch=0.941420
2026-02-19 17:18:25.623 | INFO     | __main__:on_log:99 - step=8185 | loss=0.054700 | grad_norm=0.308463 | learning_rate=0.000017 | epoch=0.941996
2026-02-19 17:18:45.582 | INFO     | __main__:on_log:99 - step=8190 | loss=0.067800 | grad_norm=0.491938 | learning_rate=0.000017 | epoch=0.942571
2026-02-19 17:19:05.534 | INFO     | __main__:on_log:99 - step=8195 | loss=0.087800 | grad_norm=0.611347 | learning_rate=0.000017 | epoch=0.943147
2026-02-19 17:19:25.512 | INFO     | __main__:on_log:99 - step=8200 | loss=0.078700 | grad_norm=0.573819 | learning_rate=0.000017 | epoch=0.943722
2026-02-19 17:19:45.480 | INFO     | __main__:on_log:99 - step=8205 | loss=0.076300 | grad_norm=0.543290 | learning_rate=0.000017 | epoch=0.944297
2026-02-19 17:20:05.425 | INFO     | __main__:on_log:99 - step=8210 | loss=0.058500 | grad_norm=0.447632 | learning_rate=0.000017 | epoch=0.944873
2026-02-19 17:20:25.371 | INFO     | __main__:on_log:99 - step=8215 | loss=0.058300 | grad_norm=0.466697 | learning_rate=0.000017 | epoch=0.945448
2026-02-19 17:20:45.343 | INFO     | __main__:on_log:99 - step=8220 | loss=0.060500 | grad_norm=0.441024 | learning_rate=0.000017 | epoch=0.946024
2026-02-19 17:21:05.274 | INFO     | __main__:on_log:99 - step=8225 | loss=0.059900 | grad_norm=0.241730 | learning_rate=0.000017 | epoch=0.946599
2026-02-19 17:21:25.223 | INFO     | __main__:on_log:99 - step=8230 | loss=0.049100 | grad_norm=0.477883 | learning_rate=0.000017 | epoch=0.947175
2026-02-19 17:21:45.149 | INFO     | __main__:on_log:99 - step=8235 | loss=0.060700 | grad_norm=0.417651 | learning_rate=0.000017 | epoch=0.947750
2026-02-19 17:22:05.096 | INFO     | __main__:on_log:99 - step=8240 | loss=0.073800 | grad_norm=0.391314 | learning_rate=0.000017 | epoch=0.948325
2026-02-19 17:22:25.038 | INFO     | __main__:on_log:99 - step=8245 | loss=0.070500 | grad_norm=0.259137 | learning_rate=0.000017 | epoch=0.948901
2026-02-19 17:22:44.981 | INFO     | __main__:on_log:99 - step=8250 | loss=0.063600 | grad_norm=0.298133 | learning_rate=0.000017 | epoch=0.949476
2026-02-19 17:23:04.966 | INFO     | __main__:on_log:99 - step=8255 | loss=0.063900 | grad_norm=0.278436 | learning_rate=0.000017 | epoch=0.950052
2026-02-19 17:23:24.921 | INFO     | __main__:on_log:99 - step=8260 | loss=0.062700 | grad_norm=0.411222 | learning_rate=0.000017 | epoch=0.950627
2026-02-19 17:23:44.861 | INFO     | __main__:on_log:99 - step=8265 | loss=0.064400 | grad_norm=0.254125 | learning_rate=0.000017 | epoch=0.951203
2026-02-19 17:24:04.843 | INFO     | __main__:on_log:99 - step=8270 | loss=0.071700 | grad_norm=0.346103 | learning_rate=0.000017 | epoch=0.951778
2026-02-19 17:24:24.822 | INFO     | __main__:on_log:99 - step=8275 | loss=0.065200 | grad_norm=0.376377 | learning_rate=0.000017 | epoch=0.952354
2026-02-19 17:24:44.796 | INFO     | __main__:on_log:99 - step=8280 | loss=0.037500 | grad_norm=0.420654 | learning_rate=0.000017 | epoch=0.952929
2026-02-19 17:25:04.755 | INFO     | __main__:on_log:99 - step=8285 | loss=0.067000 | grad_norm=0.405369 | learning_rate=0.000017 | epoch=0.953504
2026-02-19 17:25:24.731 | INFO     | __main__:on_log:99 - step=8290 | loss=0.066800 | grad_norm=0.393208 | learning_rate=0.000017 | epoch=0.954080
2026-02-19 17:25:44.680 | INFO     | __main__:on_log:99 - step=8295 | loss=0.051600 | grad_norm=0.365088 | learning_rate=0.000017 | epoch=0.954655
2026-02-19 17:26:04.643 | INFO     | __main__:on_log:99 - step=8300 | loss=0.069400 | grad_norm=0.380468 | learning_rate=0.000016 | epoch=0.955231
2026-02-19 17:26:24.594 | INFO     | __main__:on_log:99 - step=8305 | loss=0.078200 | grad_norm=0.733482 | learning_rate=0.000016 | epoch=0.955806
2026-02-19 17:26:44.572 | INFO     | __main__:on_log:99 - step=8310 | loss=0.040700 | grad_norm=0.417471 | learning_rate=0.000016 | epoch=0.956382
2026-02-19 17:27:04.514 | INFO     | __main__:on_log:99 - step=8315 | loss=0.082100 | grad_norm=0.604133 | learning_rate=0.000016 | epoch=0.956957
2026-02-19 17:27:24.476 | INFO     | __main__:on_log:99 - step=8320 | loss=0.059800 | grad_norm=0.465009 | learning_rate=0.000016 | epoch=0.957533
2026-02-19 17:27:44.415 | INFO     | __main__:on_log:99 - step=8325 | loss=0.077000 | grad_norm=0.459869 | learning_rate=0.000016 | epoch=0.958108
2026-02-19 17:28:04.366 | INFO     | __main__:on_log:99 - step=8330 | loss=0.063200 | grad_norm=0.516030 | learning_rate=0.000016 | epoch=0.958683
2026-02-19 17:28:24.292 | INFO     | __main__:on_log:99 - step=8335 | loss=0.076200 | grad_norm=0.542533 | learning_rate=0.000016 | epoch=0.959259
2026-02-19 17:28:44.220 | INFO     | __main__:on_log:99 - step=8340 | loss=0.072500 | grad_norm=0.406256 | learning_rate=0.000016 | epoch=0.959834
2026-02-19 17:29:04.197 | INFO     | __main__:on_log:99 - step=8345 | loss=0.073600 | grad_norm=0.504318 | learning_rate=0.000016 | epoch=0.960410
2026-02-19 17:29:24.156 | INFO     | __main__:on_log:99 - step=8350 | loss=0.060300 | grad_norm=0.557798 | learning_rate=0.000016 | epoch=0.960985
2026-02-19 17:29:44.164 | INFO     | __main__:on_log:99 - step=8355 | loss=0.061800 | grad_norm=0.346576 | learning_rate=0.000016 | epoch=0.961561
2026-02-19 17:30:04.114 | INFO     | __main__:on_log:99 - step=8360 | loss=0.063900 | grad_norm=0.629064 | learning_rate=0.000016 | epoch=0.962136
2026-02-19 17:30:24.060 | INFO     | __main__:on_log:99 - step=8365 | loss=0.056500 | grad_norm=0.485610 | learning_rate=0.000016 | epoch=0.962711
2026-02-19 17:30:43.999 | INFO     | __main__:on_log:99 - step=8370 | loss=0.060000 | grad_norm=0.465315 | learning_rate=0.000016 | epoch=0.963287
2026-02-19 17:31:03.954 | INFO     | __main__:on_log:99 - step=8375 | loss=0.067800 | grad_norm=0.465766 | learning_rate=0.000016 | epoch=0.963862
2026-02-19 17:31:23.918 | INFO     | __main__:on_log:99 - step=8380 | loss=0.057800 | grad_norm=0.365217 | learning_rate=0.000016 | epoch=0.964438
2026-02-19 17:31:43.854 | INFO     | __main__:on_log:99 - step=8385 | loss=0.047500 | grad_norm=0.548288 | learning_rate=0.000016 | epoch=0.965013
2026-02-19 17:32:03.818 | INFO     | __main__:on_log:99 - step=8390 | loss=0.045500 | grad_norm=0.369069 | learning_rate=0.000016 | epoch=0.965589
2026-02-19 17:32:23.758 | INFO     | __main__:on_log:99 - step=8395 | loss=0.062000 | grad_norm=0.577901 | learning_rate=0.000016 | epoch=0.966164
2026-02-19 17:32:43.715 | INFO     | __main__:on_log:99 - step=8400 | loss=0.054400 | grad_norm=0.372520 | learning_rate=0.000016 | epoch=0.966740
2026-02-19 17:33:03.685 | INFO     | __main__:on_log:99 - step=8405 | loss=0.058300 | grad_norm=0.362987 | learning_rate=0.000016 | epoch=0.967315
2026-02-19 17:33:23.631 | INFO     | __main__:on_log:99 - step=8410 | loss=0.064600 | grad_norm=0.265101 | learning_rate=0.000016 | epoch=0.967890
2026-02-19 17:33:43.593 | INFO     | __main__:on_log:99 - step=8415 | loss=0.060000 | grad_norm=0.638276 | learning_rate=0.000016 | epoch=0.968466
2026-02-19 17:34:03.552 | INFO     | __main__:on_log:99 - step=8420 | loss=0.068600 | grad_norm=0.454536 | learning_rate=0.000016 | epoch=0.969041
2026-02-19 17:34:23.489 | INFO     | __main__:on_log:99 - step=8425 | loss=0.047400 | grad_norm=0.392403 | learning_rate=0.000016 | epoch=0.969617
2026-02-19 17:34:43.426 | INFO     | __main__:on_log:99 - step=8430 | loss=0.052900 | grad_norm=0.476051 | learning_rate=0.000016 | epoch=0.970192
2026-02-19 17:35:03.379 | INFO     | __main__:on_log:99 - step=8435 | loss=0.063500 | grad_norm=0.609094 | learning_rate=0.000016 | epoch=0.970768
2026-02-19 17:35:23.334 | INFO     | __main__:on_log:99 - step=8440 | loss=0.057900 | grad_norm=0.514693 | learning_rate=0.000016 | epoch=0.971343
2026-02-19 17:35:43.268 | INFO     | __main__:on_log:99 - step=8445 | loss=0.067000 | grad_norm=0.576721 | learning_rate=0.000016 | epoch=0.971919
2026-02-19 17:36:03.198 | INFO     | __main__:on_log:99 - step=8450 | loss=0.079700 | grad_norm=0.505008 | learning_rate=0.000016 | epoch=0.972494
2026-02-19 17:36:23.150 | INFO     | __main__:on_log:99 - step=8455 | loss=0.051200 | grad_norm=0.366761 | learning_rate=0.000016 | epoch=0.973069
2026-02-19 17:36:43.146 | INFO     | __main__:on_log:99 - step=8460 | loss=0.063800 | grad_norm=0.440056 | learning_rate=0.000016 | epoch=0.973645
2026-02-19 17:37:03.079 | INFO     | __main__:on_log:99 - step=8465 | loss=0.049800 | grad_norm=0.412692 | learning_rate=0.000016 | epoch=0.974220
2026-02-19 17:37:23.022 | INFO     | __main__:on_log:99 - step=8470 | loss=0.088100 | grad_norm=0.867091 | learning_rate=0.000016 | epoch=0.974796
2026-02-19 17:37:43.004 | INFO     | __main__:on_log:99 - step=8475 | loss=0.075800 | grad_norm=0.492863 | learning_rate=0.000016 | epoch=0.975371
2026-02-19 17:38:02.950 | INFO     | __main__:on_log:99 - step=8480 | loss=0.079800 | grad_norm=0.558782 | learning_rate=0.000016 | epoch=0.975947
2026-02-19 17:38:22.916 | INFO     | __main__:on_log:99 - step=8485 | loss=0.062600 | grad_norm=0.458673 | learning_rate=0.000016 | epoch=0.976522
2026-02-19 17:38:42.876 | INFO     | __main__:on_log:99 - step=8490 | loss=0.063000 | grad_norm=0.537827 | learning_rate=0.000016 | epoch=0.977097
2026-02-19 17:39:02.820 | INFO     | __main__:on_log:99 - step=8495 | loss=0.050000 | grad_norm=0.453121 | learning_rate=0.000016 | epoch=0.977673
2026-02-19 17:39:22.748 | INFO     | __main__:on_log:99 - step=8500 | loss=0.065700 | grad_norm=0.370573 | learning_rate=0.000016 | epoch=0.978248
2026-02-19 17:39:42.688 | INFO     | __main__:on_log:99 - step=8505 | loss=0.061500 | grad_norm=0.545942 | learning_rate=0.000016 | epoch=0.978824
2026-02-19 17:40:02.625 | INFO     | __main__:on_log:99 - step=8510 | loss=0.043900 | grad_norm=0.424396 | learning_rate=0.000016 | epoch=0.979399
2026-02-19 17:40:22.571 | INFO     | __main__:on_log:99 - step=8515 | loss=0.077300 | grad_norm=0.491793 | learning_rate=0.000016 | epoch=0.979975
2026-02-19 17:40:42.510 | INFO     | __main__:on_log:99 - step=8520 | loss=0.074500 | grad_norm=0.604969 | learning_rate=0.000016 | epoch=0.980550
2026-02-19 17:41:02.474 | INFO     | __main__:on_log:99 - step=8525 | loss=0.071000 | grad_norm=0.559718 | learning_rate=0.000016 | epoch=0.981126
2026-02-19 17:41:22.431 | INFO     | __main__:on_log:99 - step=8530 | loss=0.060200 | grad_norm=0.344170 | learning_rate=0.000016 | epoch=0.981701
2026-02-19 17:41:42.358 | INFO     | __main__:on_log:99 - step=8535 | loss=0.048200 | grad_norm=0.510855 | learning_rate=0.000016 | epoch=0.982276
2026-02-19 17:42:02.286 | INFO     | __main__:on_log:99 - step=8540 | loss=0.082600 | grad_norm=0.587655 | learning_rate=0.000016 | epoch=0.982852
2026-02-19 17:42:22.212 | INFO     | __main__:on_log:99 - step=8545 | loss=0.073900 | grad_norm=0.422900 | learning_rate=0.000016 | epoch=0.983427
2026-02-19 17:42:42.180 | INFO     | __main__:on_log:99 - step=8550 | loss=0.076900 | grad_norm=0.477781 | learning_rate=0.000016 | epoch=0.984003
2026-02-19 17:43:02.144 | INFO     | __main__:on_log:99 - step=8555 | loss=0.056300 | grad_norm=0.373566 | learning_rate=0.000016 | epoch=0.984578
2026-02-19 17:43:22.134 | INFO     | __main__:on_log:99 - step=8560 | loss=0.055900 | grad_norm=0.629652 | learning_rate=0.000016 | epoch=0.985154
2026-02-19 17:43:42.107 | INFO     | __main__:on_log:99 - step=8565 | loss=0.086300 | grad_norm=0.690686 | learning_rate=0.000016 | epoch=0.985729
2026-02-19 17:44:02.074 | INFO     | __main__:on_log:99 - step=8570 | loss=0.056700 | grad_norm=0.417722 | learning_rate=0.000016 | epoch=0.986305
2026-02-19 17:44:22.023 | INFO     | __main__:on_log:99 - step=8575 | loss=0.067000 | grad_norm=0.618144 | learning_rate=0.000016 | epoch=0.986880
2026-02-19 17:44:41.987 | INFO     | __main__:on_log:99 - step=8580 | loss=0.051200 | grad_norm=0.398414 | learning_rate=0.000016 | epoch=0.987455
2026-02-19 17:45:01.951 | INFO     | __main__:on_log:99 - step=8585 | loss=0.048200 | grad_norm=0.349362 | learning_rate=0.000016 | epoch=0.988031
2026-02-19 17:45:21.884 | INFO     | __main__:on_log:99 - step=8590 | loss=0.055200 | grad_norm=0.322908 | learning_rate=0.000016 | epoch=0.988606
2026-02-19 17:45:41.827 | INFO     | __main__:on_log:99 - step=8595 | loss=0.064600 | grad_norm=0.446918 | learning_rate=0.000016 | epoch=0.989182
2026-02-19 17:46:01.790 | INFO     | __main__:on_log:99 - step=8600 | loss=0.071600 | grad_norm=0.477775 | learning_rate=0.000016 | epoch=0.989757
2026-02-19 17:46:21.741 | INFO     | __main__:on_log:99 - step=8605 | loss=0.053600 | grad_norm=0.395787 | learning_rate=0.000016 | epoch=0.990333
2026-02-19 17:46:41.699 | INFO     | __main__:on_log:99 - step=8610 | loss=0.071000 | grad_norm=0.681121 | learning_rate=0.000016 | epoch=0.990908
2026-02-19 17:47:01.636 | INFO     | __main__:on_log:99 - step=8615 | loss=0.066100 | grad_norm=0.633971 | learning_rate=0.000016 | epoch=0.991483
2026-02-19 17:47:21.577 | INFO     | __main__:on_log:99 - step=8620 | loss=0.069300 | grad_norm=0.307030 | learning_rate=0.000016 | epoch=0.992059
2026-02-19 17:47:41.547 | INFO     | __main__:on_log:99 - step=8625 | loss=0.049400 | grad_norm=0.292132 | learning_rate=0.000016 | epoch=0.992634
2026-02-19 17:48:01.488 | INFO     | __main__:on_log:99 - step=8630 | loss=0.070400 | grad_norm=0.790436 | learning_rate=0.000016 | epoch=0.993210
2026-02-19 17:48:21.434 | INFO     | __main__:on_log:99 - step=8635 | loss=0.074400 | grad_norm=0.548082 | learning_rate=0.000016 | epoch=0.993785
2026-02-19 17:48:41.366 | INFO     | __main__:on_log:99 - step=8640 | loss=0.069900 | grad_norm=0.544039 | learning_rate=0.000016 | epoch=0.994361
2026-02-19 17:49:01.311 | INFO     | __main__:on_log:99 - step=8645 | loss=0.068600 | grad_norm=0.462875 | learning_rate=0.000016 | epoch=0.994936
2026-02-19 17:49:21.253 | INFO     | __main__:on_log:99 - step=8650 | loss=0.066900 | grad_norm=0.364043 | learning_rate=0.000016 | epoch=0.995512
2026-02-19 17:49:41.186 | INFO     | __main__:on_log:99 - step=8655 | loss=0.078700 | grad_norm=0.498682 | learning_rate=0.000016 | epoch=0.996087
2026-02-19 17:50:01.107 | INFO     | __main__:on_log:99 - step=8660 | loss=0.044300 | grad_norm=0.290750 | learning_rate=0.000016 | epoch=0.996662
2026-02-19 17:50:21.078 | INFO     | __main__:on_log:99 - step=8665 | loss=0.070800 | grad_norm=0.421984 | learning_rate=0.000016 | epoch=0.997238
2026-02-19 17:50:41.028 | INFO     | __main__:on_log:99 - step=8670 | loss=0.053500 | grad_norm=0.408972 | learning_rate=0.000016 | epoch=0.997813
2026-02-19 17:51:00.982 | INFO     | __main__:on_log:99 - step=8675 | loss=0.075200 | grad_norm=0.355341 | learning_rate=0.000016 | epoch=0.998389
2026-02-19 17:51:20.941 | INFO     | __main__:on_log:99 - step=8680 | loss=0.068200 | grad_norm=0.451151 | learning_rate=0.000016 | epoch=0.998964
2026-02-19 17:51:40.908 | INFO     | __main__:on_log:99 - step=8685 | loss=0.059500 | grad_norm=0.348993 | learning_rate=0.000016 | epoch=0.999540
2026-02-19 17:51:59.024 | INFO     | __main__:on_log:99 - step=8690 | loss=0.059700 | grad_norm=0.316726 | learning_rate=0.000016 | epoch=1.000115
2026-02-19 17:52:18.958 | INFO     | __main__:on_log:99 - step=8695 | loss=0.057200 | grad_norm=0.414993 | learning_rate=0.000016 | epoch=1.000691
2026-02-19 17:52:38.894 | INFO     | __main__:on_log:99 - step=8700 | loss=0.058300 | grad_norm=0.472334 | learning_rate=0.000016 | epoch=1.001266
2026-02-19 17:52:58.830 | INFO     | __main__:on_log:99 - step=8705 | loss=0.050900 | grad_norm=0.407973 | learning_rate=0.000016 | epoch=1.001841
2026-02-19 17:53:18.770 | INFO     | __main__:on_log:99 - step=8710 | loss=0.050000 | grad_norm=0.537438 | learning_rate=0.000016 | epoch=1.002417
2026-02-19 17:53:38.692 | INFO     | __main__:on_log:99 - step=8715 | loss=0.051200 | grad_norm=0.510705 | learning_rate=0.000016 | epoch=1.002992
2026-02-19 17:53:58.640 | INFO     | __main__:on_log:99 - step=8720 | loss=0.064600 | grad_norm=0.767370 | learning_rate=0.000016 | epoch=1.003568
2026-02-19 17:54:18.634 | INFO     | __main__:on_log:99 - step=8725 | loss=0.048300 | grad_norm=0.327671 | learning_rate=0.000016 | epoch=1.004143
2026-02-19 17:54:38.594 | INFO     | __main__:on_log:99 - step=8730 | loss=0.056100 | grad_norm=0.550347 | learning_rate=0.000016 | epoch=1.004719
2026-02-19 17:54:58.567 | INFO     | __main__:on_log:99 - step=8735 | loss=0.045900 | grad_norm=0.354535 | learning_rate=0.000016 | epoch=1.005294
2026-02-19 17:55:18.517 | INFO     | __main__:on_log:99 - step=8740 | loss=0.069100 | grad_norm=0.638264 | learning_rate=0.000016 | epoch=1.005869
2026-02-19 17:55:38.485 | INFO     | __main__:on_log:99 - step=8745 | loss=0.070900 | grad_norm=0.481868 | learning_rate=0.000016 | epoch=1.006445
2026-02-19 17:55:58.437 | INFO     | __main__:on_log:99 - step=8750 | loss=0.058000 | grad_norm=0.679550 | learning_rate=0.000016 | epoch=1.007020
2026-02-19 17:56:18.416 | INFO     | __main__:on_log:99 - step=8755 | loss=0.083600 | grad_norm=0.530443 | learning_rate=0.000016 | epoch=1.007596
2026-02-19 17:56:38.359 | INFO     | __main__:on_log:99 - step=8760 | loss=0.048000 | grad_norm=0.474673 | learning_rate=0.000016 | epoch=1.008171
2026-02-19 17:56:58.312 | INFO     | __main__:on_log:99 - step=8765 | loss=0.049900 | grad_norm=0.495304 | learning_rate=0.000016 | epoch=1.008747
2026-02-19 17:57:18.240 | INFO     | __main__:on_log:99 - step=8770 | loss=0.048900 | grad_norm=0.475920 | learning_rate=0.000016 | epoch=1.009322
2026-02-19 17:57:38.164 | INFO     | __main__:on_log:99 - step=8775 | loss=0.044500 | grad_norm=0.436529 | learning_rate=0.000016 | epoch=1.009898
2026-02-19 17:57:58.110 | INFO     | __main__:on_log:99 - step=8780 | loss=0.038800 | grad_norm=0.625537 | learning_rate=0.000016 | epoch=1.010473
2026-02-19 17:58:18.042 | INFO     | __main__:on_log:99 - step=8785 | loss=0.059000 | grad_norm=0.499064 | learning_rate=0.000016 | epoch=1.011048
2026-02-19 17:58:37.957 | INFO     | __main__:on_log:99 - step=8790 | loss=0.082700 | grad_norm=0.836404 | learning_rate=0.000016 | epoch=1.011624
2026-02-19 17:58:57.925 | INFO     | __main__:on_log:99 - step=8795 | loss=0.057400 | grad_norm=0.402914 | learning_rate=0.000016 | epoch=1.012199
2026-02-19 17:59:17.868 | INFO     | __main__:on_log:99 - step=8800 | loss=0.043800 | grad_norm=0.357050 | learning_rate=0.000016 | epoch=1.012775
2026-02-19 17:59:37.816 | INFO     | __main__:on_log:99 - step=8805 | loss=0.053400 | grad_norm=0.400119 | learning_rate=0.000016 | epoch=1.013350
2026-02-19 17:59:57.765 | INFO     | __main__:on_log:99 - step=8810 | loss=0.043400 | grad_norm=0.527847 | learning_rate=0.000016 | epoch=1.013926
2026-02-19 18:00:17.709 | INFO     | __main__:on_log:99 - step=8815 | loss=0.072500 | grad_norm=0.577671 | learning_rate=0.000016 | epoch=1.014501
2026-02-19 18:00:37.657 | INFO     | __main__:on_log:99 - step=8820 | loss=0.061300 | grad_norm=0.735177 | learning_rate=0.000016 | epoch=1.015077
2026-02-19 18:00:57.591 | INFO     | __main__:on_log:99 - step=8825 | loss=0.052100 | grad_norm=0.446368 | learning_rate=0.000016 | epoch=1.015652
2026-02-19 18:01:17.553 | INFO     | __main__:on_log:99 - step=8830 | loss=0.066700 | grad_norm=0.436890 | learning_rate=0.000016 | epoch=1.016227
2026-02-19 18:01:37.474 | INFO     | __main__:on_log:99 - step=8835 | loss=0.072400 | grad_norm=0.628456 | learning_rate=0.000016 | epoch=1.016803
2026-02-19 18:01:57.409 | INFO     | __main__:on_log:99 - step=8840 | loss=0.057800 | grad_norm=0.469812 | learning_rate=0.000016 | epoch=1.017378
2026-02-19 18:02:17.323 | INFO     | __main__:on_log:99 - step=8845 | loss=0.054100 | grad_norm=0.562948 | learning_rate=0.000016 | epoch=1.017954
2026-02-19 18:02:37.289 | INFO     | __main__:on_log:99 - step=8850 | loss=0.062600 | grad_norm=0.529675 | learning_rate=0.000015 | epoch=1.018529
2026-02-19 18:02:57.237 | INFO     | __main__:on_log:99 - step=8855 | loss=0.045700 | grad_norm=0.455511 | learning_rate=0.000015 | epoch=1.019105
2026-02-19 18:03:17.198 | INFO     | __main__:on_log:99 - step=8860 | loss=0.075400 | grad_norm=0.373508 | learning_rate=0.000015 | epoch=1.019680
2026-02-19 18:03:37.139 | INFO     | __main__:on_log:99 - step=8865 | loss=0.067000 | grad_norm=0.561697 | learning_rate=0.000015 | epoch=1.020255
2026-02-19 18:03:57.111 | INFO     | __main__:on_log:99 - step=8870 | loss=0.057800 | grad_norm=0.364765 | learning_rate=0.000015 | epoch=1.020831
2026-02-19 18:04:17.055 | INFO     | __main__:on_log:99 - step=8875 | loss=0.050600 | grad_norm=0.507258 | learning_rate=0.000015 | epoch=1.021406
2026-02-19 18:04:37.003 | INFO     | __main__:on_log:99 - step=8880 | loss=0.046300 | grad_norm=0.544942 | learning_rate=0.000015 | epoch=1.021982
2026-02-19 18:04:56.925 | INFO     | __main__:on_log:99 - step=8885 | loss=0.076100 | grad_norm=0.569984 | learning_rate=0.000015 | epoch=1.022557
2026-02-19 18:05:16.853 | INFO     | __main__:on_log:99 - step=8890 | loss=0.039700 | grad_norm=0.356103 | learning_rate=0.000015 | epoch=1.023133
2026-02-19 18:05:36.799 | INFO     | __main__:on_log:99 - step=8895 | loss=0.047200 | grad_norm=0.427234 | learning_rate=0.000015 | epoch=1.023708
2026-02-19 18:05:56.731 | INFO     | __main__:on_log:99 - step=8900 | loss=0.061500 | grad_norm=0.412579 | learning_rate=0.000015 | epoch=1.024284
2026-02-19 18:06:16.680 | INFO     | __main__:on_log:99 - step=8905 | loss=0.061100 | grad_norm=0.438530 | learning_rate=0.000015 | epoch=1.024859
2026-02-19 18:06:36.642 | INFO     | __main__:on_log:99 - step=8910 | loss=0.069700 | grad_norm=0.760721 | learning_rate=0.000015 | epoch=1.025434
2026-02-19 18:06:56.617 | INFO     | __main__:on_log:99 - step=8915 | loss=0.079800 | grad_norm=0.590353 | learning_rate=0.000015 | epoch=1.026010
2026-02-19 18:07:16.568 | INFO     | __main__:on_log:99 - step=8920 | loss=0.038000 | grad_norm=0.334982 | learning_rate=0.000015 | epoch=1.026585
2026-02-19 18:07:36.519 | INFO     | __main__:on_log:99 - step=8925 | loss=0.058500 | grad_norm=0.473507 | learning_rate=0.000015 | epoch=1.027161
2026-02-19 18:07:56.443 | INFO     | __main__:on_log:99 - step=8930 | loss=0.058600 | grad_norm=0.419474 | learning_rate=0.000015 | epoch=1.027736
2026-02-19 18:08:16.399 | INFO     | __main__:on_log:99 - step=8935 | loss=0.042000 | grad_norm=0.499295 | learning_rate=0.000015 | epoch=1.028312
2026-02-19 18:08:36.377 | INFO     | __main__:on_log:99 - step=8940 | loss=0.056200 | grad_norm=0.393621 | learning_rate=0.000015 | epoch=1.028887
2026-02-19 18:08:56.352 | INFO     | __main__:on_log:99 - step=8945 | loss=0.048000 | grad_norm=0.401294 | learning_rate=0.000015 | epoch=1.029463
2026-02-19 18:09:16.313 | INFO     | __main__:on_log:99 - step=8950 | loss=0.054900 | grad_norm=0.387748 | learning_rate=0.000015 | epoch=1.030038
2026-02-19 18:09:36.260 | INFO     | __main__:on_log:99 - step=8955 | loss=0.049600 | grad_norm=0.380199 | learning_rate=0.000015 | epoch=1.030613
2026-02-19 18:09:56.219 | INFO     | __main__:on_log:99 - step=8960 | loss=0.053600 | grad_norm=0.327163 | learning_rate=0.000015 | epoch=1.031189
2026-02-19 18:10:16.164 | INFO     | __main__:on_log:99 - step=8965 | loss=0.061900 | grad_norm=0.724513 | learning_rate=0.000015 | epoch=1.031764
2026-02-19 18:10:36.129 | INFO     | __main__:on_log:99 - step=8970 | loss=0.056700 | grad_norm=0.372957 | learning_rate=0.000015 | epoch=1.032340
2026-02-19 18:10:56.110 | INFO     | __main__:on_log:99 - step=8975 | loss=0.061800 | grad_norm=0.421171 | learning_rate=0.000015 | epoch=1.032915
2026-02-19 18:11:16.066 | INFO     | __main__:on_log:99 - step=8980 | loss=0.061700 | grad_norm=0.573845 | learning_rate=0.000015 | epoch=1.033491
2026-02-19 18:11:36.005 | INFO     | __main__:on_log:99 - step=8985 | loss=0.047800 | grad_norm=0.568252 | learning_rate=0.000015 | epoch=1.034066
2026-02-19 18:11:55.956 | INFO     | __main__:on_log:99 - step=8990 | loss=0.055000 | grad_norm=0.609242 | learning_rate=0.000015 | epoch=1.034642
2026-02-19 18:12:15.899 | INFO     | __main__:on_log:99 - step=8995 | loss=0.044400 | grad_norm=0.390171 | learning_rate=0.000015 | epoch=1.035217
2026-02-19 18:12:35.852 | INFO     | __main__:on_log:99 - step=9000 | loss=0.063000 | grad_norm=0.662248 | learning_rate=0.000015 | epoch=1.035792
2026-02-19 18:12:55.804 | INFO     | __main__:on_log:99 - step=9005 | loss=0.062200 | grad_norm=0.695447 | learning_rate=0.000015 | epoch=1.036368
2026-02-19 18:13:15.741 | INFO     | __main__:on_log:99 - step=9010 | loss=0.069100 | grad_norm=0.385328 | learning_rate=0.000015 | epoch=1.036943
2026-02-19 18:13:35.719 | INFO     | __main__:on_log:99 - step=9015 | loss=0.055800 | grad_norm=0.455932 | learning_rate=0.000015 | epoch=1.037519
2026-02-19 18:13:55.692 | INFO     | __main__:on_log:99 - step=9020 | loss=0.059700 | grad_norm=0.519669 | learning_rate=0.000015 | epoch=1.038094
2026-02-19 18:14:15.661 | INFO     | __main__:on_log:99 - step=9025 | loss=0.051600 | grad_norm=0.682399 | learning_rate=0.000015 | epoch=1.038670
2026-02-19 18:14:35.618 | INFO     | __main__:on_log:99 - step=9030 | loss=0.071600 | grad_norm=0.621975 | learning_rate=0.000015 | epoch=1.039245
2026-02-19 18:14:55.587 | INFO     | __main__:on_log:99 - step=9035 | loss=0.062900 | grad_norm=0.824567 | learning_rate=0.000015 | epoch=1.039820
2026-02-19 18:15:15.513 | INFO     | __main__:on_log:99 - step=9040 | loss=0.049100 | grad_norm=0.427408 | learning_rate=0.000015 | epoch=1.040396
2026-02-19 18:15:35.462 | INFO     | __main__:on_log:99 - step=9045 | loss=0.054800 | grad_norm=0.450366 | learning_rate=0.000015 | epoch=1.040971
2026-02-19 18:15:55.391 | INFO     | __main__:on_log:99 - step=9050 | loss=0.049800 | grad_norm=0.660667 | learning_rate=0.000015 | epoch=1.041547
2026-02-19 18:16:15.375 | INFO     | __main__:on_log:99 - step=9055 | loss=0.042700 | grad_norm=0.396203 | learning_rate=0.000015 | epoch=1.042122
2026-02-19 18:16:35.305 | INFO     | __main__:on_log:99 - step=9060 | loss=0.058500 | grad_norm=0.544505 | learning_rate=0.000015 | epoch=1.042698
2026-02-19 18:16:55.263 | INFO     | __main__:on_log:99 - step=9065 | loss=0.061400 | grad_norm=0.662408 | learning_rate=0.000015 | epoch=1.043273
2026-02-19 18:17:15.219 | INFO     | __main__:on_log:99 - step=9070 | loss=0.062100 | grad_norm=0.244472 | learning_rate=0.000015 | epoch=1.043849
2026-02-19 18:17:35.148 | INFO     | __main__:on_log:99 - step=9075 | loss=0.046900 | grad_norm=0.478041 | learning_rate=0.000015 | epoch=1.044424
2026-02-19 18:17:55.094 | INFO     | __main__:on_log:99 - step=9080 | loss=0.047900 | grad_norm=0.367253 | learning_rate=0.000015 | epoch=1.044999
2026-02-19 18:18:15.012 | INFO     | __main__:on_log:99 - step=9085 | loss=0.062800 | grad_norm=0.764863 | learning_rate=0.000015 | epoch=1.045575
2026-02-19 18:18:34.974 | INFO     | __main__:on_log:99 - step=9090 | loss=0.042800 | grad_norm=0.594230 | learning_rate=0.000015 | epoch=1.046150
2026-02-19 18:18:54.904 | INFO     | __main__:on_log:99 - step=9095 | loss=0.052500 | grad_norm=0.511701 | learning_rate=0.000015 | epoch=1.046726
2026-02-19 18:19:14.854 | INFO     | __main__:on_log:99 - step=9100 | loss=0.052300 | grad_norm=0.357565 | learning_rate=0.000015 | epoch=1.047301
2026-02-19 18:19:34.790 | INFO     | __main__:on_log:99 - step=9105 | loss=0.056500 | grad_norm=0.431546 | learning_rate=0.000015 | epoch=1.047877
2026-02-19 18:19:54.744 | INFO     | __main__:on_log:99 - step=9110 | loss=0.069600 | grad_norm=0.422194 | learning_rate=0.000015 | epoch=1.048452
2026-02-19 18:20:14.661 | INFO     | __main__:on_log:99 - step=9115 | loss=0.057700 | grad_norm=0.651809 | learning_rate=0.000015 | epoch=1.049028
2026-02-19 18:20:34.613 | INFO     | __main__:on_log:99 - step=9120 | loss=0.054100 | grad_norm=0.619825 | learning_rate=0.000015 | epoch=1.049603
2026-02-19 18:20:54.556 | INFO     | __main__:on_log:99 - step=9125 | loss=0.055300 | grad_norm=0.604194 | learning_rate=0.000015 | epoch=1.050178
2026-02-19 18:21:14.499 | INFO     | __main__:on_log:99 - step=9130 | loss=0.047800 | grad_norm=0.503799 | learning_rate=0.000015 | epoch=1.050754
2026-02-19 18:21:34.437 | INFO     | __main__:on_log:99 - step=9135 | loss=0.055900 | grad_norm=0.634121 | learning_rate=0.000015 | epoch=1.051329
2026-02-19 18:21:54.395 | INFO     | __main__:on_log:99 - step=9140 | loss=0.059800 | grad_norm=0.503170 | learning_rate=0.000015 | epoch=1.051905
2026-02-19 18:22:14.360 | INFO     | __main__:on_log:99 - step=9145 | loss=0.067400 | grad_norm=0.735987 | learning_rate=0.000015 | epoch=1.052480
2026-02-19 18:22:34.356 | INFO     | __main__:on_log:99 - step=9150 | loss=0.064700 | grad_norm=0.697484 | learning_rate=0.000015 | epoch=1.053056
2026-02-19 18:22:54.296 | INFO     | __main__:on_log:99 - step=9155 | loss=0.054400 | grad_norm=0.485755 | learning_rate=0.000015 | epoch=1.053631
2026-02-19 18:23:14.233 | INFO     | __main__:on_log:99 - step=9160 | loss=0.037600 | grad_norm=0.442174 | learning_rate=0.000015 | epoch=1.054206
2026-02-19 18:23:34.189 | INFO     | __main__:on_log:99 - step=9165 | loss=0.066100 | grad_norm=0.469240 | learning_rate=0.000015 | epoch=1.054782
2026-02-19 18:23:54.139 | INFO     | __main__:on_log:99 - step=9170 | loss=0.071300 | grad_norm=0.842279 | learning_rate=0.000015 | epoch=1.055357
2026-02-19 18:24:14.051 | INFO     | __main__:on_log:99 - step=9175 | loss=0.051700 | grad_norm=0.633833 | learning_rate=0.000015 | epoch=1.055933
2026-02-19 18:24:33.998 | INFO     | __main__:on_log:99 - step=9180 | loss=0.051700 | grad_norm=0.321616 | learning_rate=0.000015 | epoch=1.056508
2026-02-19 18:24:53.939 | INFO     | __main__:on_log:99 - step=9185 | loss=0.080900 | grad_norm=0.511994 | learning_rate=0.000015 | epoch=1.057084
2026-02-19 18:25:13.931 | INFO     | __main__:on_log:99 - step=9190 | loss=0.050500 | grad_norm=0.496722 | learning_rate=0.000015 | epoch=1.057659
2026-02-19 18:25:33.884 | INFO     | __main__:on_log:99 - step=9195 | loss=0.046600 | grad_norm=0.471794 | learning_rate=0.000015 | epoch=1.058235
2026-02-19 18:25:53.827 | INFO     | __main__:on_log:99 - step=9200 | loss=0.052800 | grad_norm=0.367824 | learning_rate=0.000015 | epoch=1.058810
2026-02-19 18:26:13.747 | INFO     | __main__:on_log:99 - step=9205 | loss=0.055900 | grad_norm=0.805952 | learning_rate=0.000015 | epoch=1.059385
2026-02-19 18:26:33.689 | INFO     | __main__:on_log:99 - step=9210 | loss=0.054200 | grad_norm=0.252158 | learning_rate=0.000015 | epoch=1.059961
2026-02-19 18:26:53.706 | INFO     | __main__:on_log:99 - step=9215 | loss=0.050100 | grad_norm=0.270409 | learning_rate=0.000015 | epoch=1.060536
2026-02-19 18:27:13.646 | INFO     | __main__:on_log:99 - step=9220 | loss=0.042800 | grad_norm=0.359970 | learning_rate=0.000015 | epoch=1.061112
2026-02-19 18:27:33.608 | INFO     | __main__:on_log:99 - step=9225 | loss=0.048300 | grad_norm=0.386483 | learning_rate=0.000015 | epoch=1.061687
2026-02-19 18:27:53.560 | INFO     | __main__:on_log:99 - step=9230 | loss=0.057000 | grad_norm=0.522738 | learning_rate=0.000015 | epoch=1.062263
2026-02-19 18:28:13.501 | INFO     | __main__:on_log:99 - step=9235 | loss=0.045000 | grad_norm=0.581492 | learning_rate=0.000015 | epoch=1.062838
2026-02-19 18:28:33.475 | INFO     | __main__:on_log:99 - step=9240 | loss=0.042800 | grad_norm=0.444171 | learning_rate=0.000015 | epoch=1.063414
2026-02-19 18:28:53.430 | INFO     | __main__:on_log:99 - step=9245 | loss=0.052100 | grad_norm=0.380499 | learning_rate=0.000015 | epoch=1.063989
2026-02-19 18:29:13.396 | INFO     | __main__:on_log:99 - step=9250 | loss=0.052800 | grad_norm=0.435918 | learning_rate=0.000015 | epoch=1.064564
2026-02-19 18:29:33.336 | INFO     | __main__:on_log:99 - step=9255 | loss=0.047200 | grad_norm=0.615780 | learning_rate=0.000015 | epoch=1.065140
2026-02-19 18:29:53.308 | INFO     | __main__:on_log:99 - step=9260 | loss=0.068800 | grad_norm=0.393290 | learning_rate=0.000015 | epoch=1.065715
2026-02-19 18:30:13.256 | INFO     | __main__:on_log:99 - step=9265 | loss=0.050200 | grad_norm=0.377513 | learning_rate=0.000015 | epoch=1.066291
2026-02-19 18:30:33.235 | INFO     | __main__:on_log:99 - step=9270 | loss=0.052000 | grad_norm=0.376262 | learning_rate=0.000015 | epoch=1.066866
2026-02-19 18:30:53.187 | INFO     | __main__:on_log:99 - step=9275 | loss=0.045500 | grad_norm=0.398065 | learning_rate=0.000015 | epoch=1.067442
2026-02-19 18:31:13.119 | INFO     | __main__:on_log:99 - step=9280 | loss=0.066300 | grad_norm=0.548682 | learning_rate=0.000015 | epoch=1.068017
2026-02-19 18:31:33.047 | INFO     | __main__:on_log:99 - step=9285 | loss=0.067400 | grad_norm=0.477294 | learning_rate=0.000015 | epoch=1.068592
2026-02-19 18:31:52.994 | INFO     | __main__:on_log:99 - step=9290 | loss=0.043400 | grad_norm=0.527215 | learning_rate=0.000015 | epoch=1.069168
2026-02-19 18:32:12.909 | INFO     | __main__:on_log:99 - step=9295 | loss=0.058600 | grad_norm=0.543331 | learning_rate=0.000015 | epoch=1.069743
2026-02-19 18:32:32.851 | INFO     | __main__:on_log:99 - step=9300 | loss=0.048300 | grad_norm=0.297226 | learning_rate=0.000015 | epoch=1.070319
2026-02-19 18:32:52.833 | INFO     | __main__:on_log:99 - step=9305 | loss=0.049600 | grad_norm=0.554960 | learning_rate=0.000015 | epoch=1.070894
2026-02-19 18:33:12.792 | INFO     | __main__:on_log:99 - step=9310 | loss=0.050000 | grad_norm=0.529273 | learning_rate=0.000015 | epoch=1.071470
2026-02-19 18:33:32.767 | INFO     | __main__:on_log:99 - step=9315 | loss=0.057100 | grad_norm=0.516169 | learning_rate=0.000015 | epoch=1.072045
2026-02-19 18:33:52.757 | INFO     | __main__:on_log:99 - step=9320 | loss=0.053400 | grad_norm=0.552497 | learning_rate=0.000015 | epoch=1.072621
2026-02-19 18:34:12.709 | INFO     | __main__:on_log:99 - step=9325 | loss=0.064900 | grad_norm=0.667837 | learning_rate=0.000015 | epoch=1.073196
2026-02-19 18:34:32.677 | INFO     | __main__:on_log:99 - step=9330 | loss=0.058500 | grad_norm=0.808687 | learning_rate=0.000015 | epoch=1.073771
2026-02-19 18:34:52.622 | INFO     | __main__:on_log:99 - step=9335 | loss=0.068700 | grad_norm=0.503214 | learning_rate=0.000015 | epoch=1.074347
2026-02-19 18:35:12.555 | INFO     | __main__:on_log:99 - step=9340 | loss=0.083600 | grad_norm=0.756856 | learning_rate=0.000015 | epoch=1.074922
2026-02-19 18:35:32.500 | INFO     | __main__:on_log:99 - step=9345 | loss=0.043700 | grad_norm=0.497097 | learning_rate=0.000015 | epoch=1.075498
2026-02-19 18:35:52.443 | INFO     | __main__:on_log:99 - step=9350 | loss=0.050300 | grad_norm=0.451041 | learning_rate=0.000015 | epoch=1.076073
2026-02-19 18:36:12.407 | INFO     | __main__:on_log:99 - step=9355 | loss=0.064100 | grad_norm=0.719243 | learning_rate=0.000015 | epoch=1.076649
2026-02-19 18:36:32.343 | INFO     | __main__:on_log:99 - step=9360 | loss=0.043200 | grad_norm=0.453122 | learning_rate=0.000015 | epoch=1.077224
2026-02-19 18:36:52.292 | INFO     | __main__:on_log:99 - step=9365 | loss=0.063700 | grad_norm=0.782054 | learning_rate=0.000015 | epoch=1.077800
2026-02-19 18:37:12.250 | INFO     | __main__:on_log:99 - step=9370 | loss=0.049900 | grad_norm=0.432223 | learning_rate=0.000015 | epoch=1.078375
2026-02-19 18:37:32.238 | INFO     | __main__:on_log:99 - step=9375 | loss=0.049400 | grad_norm=0.411412 | learning_rate=0.000015 | epoch=1.078950
2026-02-19 18:37:52.187 | INFO     | __main__:on_log:99 - step=9380 | loss=0.052200 | grad_norm=0.789404 | learning_rate=0.000015 | epoch=1.079526
2026-02-19 18:38:12.145 | INFO     | __main__:on_log:99 - step=9385 | loss=0.056500 | grad_norm=0.497958 | learning_rate=0.000015 | epoch=1.080101
2026-02-19 18:38:32.128 | INFO     | __main__:on_log:99 - step=9390 | loss=0.056100 | grad_norm=0.592704 | learning_rate=0.000015 | epoch=1.080677
2026-02-19 18:38:52.096 | INFO     | __main__:on_log:99 - step=9395 | loss=0.056500 | grad_norm=0.475517 | learning_rate=0.000015 | epoch=1.081252
2026-02-19 18:39:12.079 | INFO     | __main__:on_log:99 - step=9400 | loss=0.056100 | grad_norm=0.336879 | learning_rate=0.000014 | epoch=1.081828
2026-02-19 18:39:32.035 | INFO     | __main__:on_log:99 - step=9405 | loss=0.036300 | grad_norm=0.269245 | learning_rate=0.000014 | epoch=1.082403
2026-02-19 18:39:51.973 | INFO     | __main__:on_log:99 - step=9410 | loss=0.058100 | grad_norm=0.576634 | learning_rate=0.000014 | epoch=1.082978
2026-02-19 18:40:11.939 | INFO     | __main__:on_log:99 - step=9415 | loss=0.043400 | grad_norm=0.466389 | learning_rate=0.000014 | epoch=1.083554
2026-02-19 18:40:31.904 | INFO     | __main__:on_log:99 - step=9420 | loss=0.071700 | grad_norm=0.579065 | learning_rate=0.000014 | epoch=1.084129
2026-02-19 18:40:51.856 | INFO     | __main__:on_log:99 - step=9425 | loss=0.067700 | grad_norm=0.637520 | learning_rate=0.000014 | epoch=1.084705
2026-02-19 18:41:11.795 | INFO     | __main__:on_log:99 - step=9430 | loss=0.047400 | grad_norm=0.867005 | learning_rate=0.000014 | epoch=1.085280
2026-02-19 18:41:31.718 | INFO     | __main__:on_log:99 - step=9435 | loss=0.053200 | grad_norm=0.585546 | learning_rate=0.000014 | epoch=1.085856
2026-02-19 18:41:51.665 | INFO     | __main__:on_log:99 - step=9440 | loss=0.050700 | grad_norm=0.409768 | learning_rate=0.000014 | epoch=1.086431
2026-02-19 18:42:11.607 | INFO     | __main__:on_log:99 - step=9445 | loss=0.062800 | grad_norm=0.474115 | learning_rate=0.000014 | epoch=1.087007
2026-02-19 18:42:31.542 | INFO     | __main__:on_log:99 - step=9450 | loss=0.053300 | grad_norm=0.376696 | learning_rate=0.000014 | epoch=1.087582
2026-02-19 18:42:51.469 | INFO     | __main__:on_log:99 - step=9455 | loss=0.045800 | grad_norm=0.352829 | learning_rate=0.000014 | epoch=1.088157
2026-02-19 18:43:11.381 | INFO     | __main__:on_log:99 - step=9460 | loss=0.046500 | grad_norm=0.367524 | learning_rate=0.000014 | epoch=1.088733
2026-02-19 18:43:31.319 | INFO     | __main__:on_log:99 - step=9465 | loss=0.039100 | grad_norm=0.516380 | learning_rate=0.000014 | epoch=1.089308
2026-02-19 18:43:51.253 | INFO     | __main__:on_log:99 - step=9470 | loss=0.052100 | grad_norm=0.573321 | learning_rate=0.000014 | epoch=1.089884
2026-02-19 18:44:11.220 | INFO     | __main__:on_log:99 - step=9475 | loss=0.045500 | grad_norm=0.347929 | learning_rate=0.000014 | epoch=1.090459
2026-02-19 18:44:31.159 | INFO     | __main__:on_log:99 - step=9480 | loss=0.053000 | grad_norm=0.638674 | learning_rate=0.000014 | epoch=1.091035
2026-02-19 18:44:51.117 | INFO     | __main__:on_log:99 - step=9485 | loss=0.069300 | grad_norm=0.465559 | learning_rate=0.000014 | epoch=1.091610
2026-02-19 18:45:11.051 | INFO     | __main__:on_log:99 - step=9490 | loss=0.062300 | grad_norm=0.844369 | learning_rate=0.000014 | epoch=1.092186
2026-02-19 18:45:31.017 | INFO     | __main__:on_log:99 - step=9495 | loss=0.067300 | grad_norm=0.368366 | learning_rate=0.000014 | epoch=1.092761
2026-02-19 18:45:50.948 | INFO     | __main__:on_log:99 - step=9500 | loss=0.056600 | grad_norm=0.699846 | learning_rate=0.000014 | epoch=1.093336
2026-02-19 18:46:10.900 | INFO     | __main__:on_log:99 - step=9505 | loss=0.050700 | grad_norm=0.445227 | learning_rate=0.000014 | epoch=1.093912
2026-02-19 18:46:30.853 | INFO     | __main__:on_log:99 - step=9510 | loss=0.061000 | grad_norm=0.459226 | learning_rate=0.000014 | epoch=1.094487
2026-02-19 18:46:50.830 | INFO     | __main__:on_log:99 - step=9515 | loss=0.061000 | grad_norm=0.534411 | learning_rate=0.000014 | epoch=1.095063
2026-02-19 18:47:10.788 | INFO     | __main__:on_log:99 - step=9520 | loss=0.034700 | grad_norm=0.580817 | learning_rate=0.000014 | epoch=1.095638
2026-02-19 18:47:30.708 | INFO     | __main__:on_log:99 - step=9525 | loss=0.038600 | grad_norm=0.325519 | learning_rate=0.000014 | epoch=1.096214
2026-02-19 18:47:50.646 | INFO     | __main__:on_log:99 - step=9530 | loss=0.063500 | grad_norm=0.432644 | learning_rate=0.000014 | epoch=1.096789
2026-02-19 18:48:10.579 | INFO     | __main__:on_log:99 - step=9535 | loss=0.063700 | grad_norm=0.546055 | learning_rate=0.000014 | epoch=1.097364
2026-02-19 18:48:30.529 | INFO     | __main__:on_log:99 - step=9540 | loss=0.047300 | grad_norm=0.468170 | learning_rate=0.000014 | epoch=1.097940
2026-02-19 18:48:50.462 | INFO     | __main__:on_log:99 - step=9545 | loss=0.067900 | grad_norm=0.706692 | learning_rate=0.000014 | epoch=1.098515
2026-02-19 18:49:10.406 | INFO     | __main__:on_log:99 - step=9550 | loss=0.046500 | grad_norm=0.455638 | learning_rate=0.000014 | epoch=1.099091
2026-02-19 18:49:30.337 | INFO     | __main__:on_log:99 - step=9555 | loss=0.066800 | grad_norm=0.721670 | learning_rate=0.000014 | epoch=1.099666
2026-02-19 18:49:50.287 | INFO     | __main__:on_log:99 - step=9560 | loss=0.060800 | grad_norm=0.692039 | learning_rate=0.000014 | epoch=1.100242
2026-02-19 18:50:10.261 | INFO     | __main__:on_log:99 - step=9565 | loss=0.041600 | grad_norm=0.484633 | learning_rate=0.000014 | epoch=1.100817
2026-02-19 18:50:30.266 | INFO     | __main__:on_log:99 - step=9570 | loss=0.057700 | grad_norm=0.564351 | learning_rate=0.000014 | epoch=1.101393
2026-02-19 18:50:50.227 | INFO     | __main__:on_log:99 - step=9575 | loss=0.045900 | grad_norm=0.316496 | learning_rate=0.000014 | epoch=1.101968
2026-02-19 18:51:10.207 | INFO     | __main__:on_log:99 - step=9580 | loss=0.047700 | grad_norm=0.566318 | learning_rate=0.000014 | epoch=1.102543
2026-02-19 18:51:30.126 | INFO     | __main__:on_log:99 - step=9585 | loss=0.051800 | grad_norm=0.426014 | learning_rate=0.000014 | epoch=1.103119
2026-02-19 18:51:50.104 | INFO     | __main__:on_log:99 - step=9590 | loss=0.057500 | grad_norm=0.816062 | learning_rate=0.000014 | epoch=1.103694
2026-02-19 18:52:10.044 | INFO     | __main__:on_log:99 - step=9595 | loss=0.050800 | grad_norm=0.486020 | learning_rate=0.000014 | epoch=1.104270
2026-02-19 18:52:29.997 | INFO     | __main__:on_log:99 - step=9600 | loss=0.069300 | grad_norm=0.372489 | learning_rate=0.000014 | epoch=1.104845
2026-02-19 18:52:49.950 | INFO     | __main__:on_log:99 - step=9605 | loss=0.073400 | grad_norm=0.575691 | learning_rate=0.000014 | epoch=1.105421
2026-02-19 18:53:09.916 | INFO     | __main__:on_log:99 - step=9610 | loss=0.057500 | grad_norm=0.523519 | learning_rate=0.000014 | epoch=1.105996
2026-02-19 18:53:29.859 | INFO     | __main__:on_log:99 - step=9615 | loss=0.043800 | grad_norm=0.546499 | learning_rate=0.000014 | epoch=1.106572
2026-02-19 18:53:49.799 | INFO     | __main__:on_log:99 - step=9620 | loss=0.054600 | grad_norm=0.906090 | learning_rate=0.000014 | epoch=1.107147
2026-02-19 18:54:09.750 | INFO     | __main__:on_log:99 - step=9625 | loss=0.043300 | grad_norm=0.550024 | learning_rate=0.000014 | epoch=1.107722
2026-02-19 18:54:29.690 | INFO     | __main__:on_log:99 - step=9630 | loss=0.051000 | grad_norm=0.483410 | learning_rate=0.000014 | epoch=1.108298
2026-02-19 18:54:49.639 | INFO     | __main__:on_log:99 - step=9635 | loss=0.048700 | grad_norm=0.505561 | learning_rate=0.000014 | epoch=1.108873
2026-02-19 18:55:09.599 | INFO     | __main__:on_log:99 - step=9640 | loss=0.044200 | grad_norm=0.558232 | learning_rate=0.000014 | epoch=1.109449
2026-02-19 18:55:29.562 | INFO     | __main__:on_log:99 - step=9645 | loss=0.048900 | grad_norm=0.511961 | learning_rate=0.000014 | epoch=1.110024
2026-02-19 18:55:49.496 | INFO     | __main__:on_log:99 - step=9650 | loss=0.063500 | grad_norm=0.407282 | learning_rate=0.000014 | epoch=1.110600
2026-02-19 18:56:09.452 | INFO     | __main__:on_log:99 - step=9655 | loss=0.049300 | grad_norm=0.396859 | learning_rate=0.000014 | epoch=1.111175
2026-02-19 18:56:29.400 | INFO     | __main__:on_log:99 - step=9660 | loss=0.074500 | grad_norm=0.590067 | learning_rate=0.000014 | epoch=1.111750
2026-02-19 18:56:49.391 | INFO     | __main__:on_log:99 - step=9665 | loss=0.051900 | grad_norm=0.400313 | learning_rate=0.000014 | epoch=1.112326
2026-02-19 18:57:09.373 | INFO     | __main__:on_log:99 - step=9670 | loss=0.039500 | grad_norm=0.395774 | learning_rate=0.000014 | epoch=1.112901
2026-02-19 18:57:29.331 | INFO     | __main__:on_log:99 - step=9675 | loss=0.053700 | grad_norm=0.440963 | learning_rate=0.000014 | epoch=1.113477
2026-02-19 18:57:49.334 | INFO     | __main__:on_log:99 - step=9680 | loss=0.064900 | grad_norm=0.812603 | learning_rate=0.000014 | epoch=1.114052
2026-02-19 18:58:09.308 | INFO     | __main__:on_log:99 - step=9685 | loss=0.056700 | grad_norm=0.563184 | learning_rate=0.000014 | epoch=1.114628
2026-02-19 18:58:29.265 | INFO     | __main__:on_log:99 - step=9690 | loss=0.073800 | grad_norm=0.462584 | learning_rate=0.000014 | epoch=1.115203
2026-02-19 18:58:49.232 | INFO     | __main__:on_log:99 - step=9695 | loss=0.075900 | grad_norm=0.428643 | learning_rate=0.000014 | epoch=1.115779
2026-02-19 18:59:09.214 | INFO     | __main__:on_log:99 - step=9700 | loss=0.060600 | grad_norm=0.605731 | learning_rate=0.000014 | epoch=1.116354
2026-02-19 18:59:29.143 | INFO     | __main__:on_log:99 - step=9705 | loss=0.068900 | grad_norm=0.680319 | learning_rate=0.000014 | epoch=1.116929
2026-02-19 18:59:49.075 | INFO     | __main__:on_log:99 - step=9710 | loss=0.082700 | grad_norm=0.404528 | learning_rate=0.000014 | epoch=1.117505
2026-02-19 19:00:09.030 | INFO     | __main__:on_log:99 - step=9715 | loss=0.043000 | grad_norm=0.519194 | learning_rate=0.000014 | epoch=1.118080
2026-02-19 19:00:28.993 | INFO     | __main__:on_log:99 - step=9720 | loss=0.049600 | grad_norm=0.331401 | learning_rate=0.000014 | epoch=1.118656
2026-02-19 19:00:48.945 | INFO     | __main__:on_log:99 - step=9725 | loss=0.055800 | grad_norm=0.490245 | learning_rate=0.000014 | epoch=1.119231
2026-02-19 19:01:08.889 | INFO     | __main__:on_log:99 - step=9730 | loss=0.050000 | grad_norm=0.814924 | learning_rate=0.000014 | epoch=1.119807
2026-02-19 19:01:28.844 | INFO     | __main__:on_log:99 - step=9735 | loss=0.043100 | grad_norm=0.522695 | learning_rate=0.000014 | epoch=1.120382
2026-02-19 19:01:48.825 | INFO     | __main__:on_log:99 - step=9740 | loss=0.041600 | grad_norm=0.318012 | learning_rate=0.000014 | epoch=1.120958
2026-02-19 19:02:08.758 | INFO     | __main__:on_log:99 - step=9745 | loss=0.046300 | grad_norm=0.341422 | learning_rate=0.000014 | epoch=1.121533
2026-02-19 19:02:28.699 | INFO     | __main__:on_log:99 - step=9750 | loss=0.043800 | grad_norm=0.433521 | learning_rate=0.000014 | epoch=1.122108
2026-02-19 19:02:48.627 | INFO     | __main__:on_log:99 - step=9755 | loss=0.057400 | grad_norm=0.424545 | learning_rate=0.000014 | epoch=1.122684
2026-02-19 19:03:08.579 | INFO     | __main__:on_log:99 - step=9760 | loss=0.055000 | grad_norm=0.562674 | learning_rate=0.000014 | epoch=1.123259
2026-02-19 19:03:28.569 | INFO     | __main__:on_log:99 - step=9765 | loss=0.059500 | grad_norm=0.762671 | learning_rate=0.000014 | epoch=1.123835
2026-02-19 19:03:48.519 | INFO     | __main__:on_log:99 - step=9770 | loss=0.044600 | grad_norm=0.699593 | learning_rate=0.000014 | epoch=1.124410
2026-02-19 19:04:08.485 | INFO     | __main__:on_log:99 - step=9775 | loss=0.060100 | grad_norm=0.559776 | learning_rate=0.000014 | epoch=1.124986
2026-02-19 19:04:28.410 | INFO     | __main__:on_log:99 - step=9780 | loss=0.072500 | grad_norm=0.522953 | learning_rate=0.000014 | epoch=1.125561
2026-02-19 19:04:48.351 | INFO     | __main__:on_log:99 - step=9785 | loss=0.051300 | grad_norm=0.652155 | learning_rate=0.000014 | epoch=1.126136
2026-02-19 19:05:08.302 | INFO     | __main__:on_log:99 - step=9790 | loss=0.040300 | grad_norm=0.390517 | learning_rate=0.000014 | epoch=1.126712
2026-02-19 19:05:28.261 | INFO     | __main__:on_log:99 - step=9795 | loss=0.053700 | grad_norm=0.430017 | learning_rate=0.000014 | epoch=1.127287
2026-02-19 19:05:48.204 | INFO     | __main__:on_log:99 - step=9800 | loss=0.054000 | grad_norm=0.709003 | learning_rate=0.000014 | epoch=1.127863
2026-02-19 19:06:08.157 | INFO     | __main__:on_log:99 - step=9805 | loss=0.055400 | grad_norm=0.314258 | learning_rate=0.000014 | epoch=1.128438
2026-02-19 19:06:28.102 | INFO     | __main__:on_log:99 - step=9810 | loss=0.051800 | grad_norm=0.352875 | learning_rate=0.000014 | epoch=1.129014
2026-02-19 19:06:48.057 | INFO     | __main__:on_log:99 - step=9815 | loss=0.035200 | grad_norm=0.434199 | learning_rate=0.000014 | epoch=1.129589
2026-02-19 19:07:08.006 | INFO     | __main__:on_log:99 - step=9820 | loss=0.056500 | grad_norm=0.471243 | learning_rate=0.000014 | epoch=1.130165
2026-02-19 19:07:27.980 | INFO     | __main__:on_log:99 - step=9825 | loss=0.041500 | grad_norm=0.416503 | learning_rate=0.000014 | epoch=1.130740
2026-02-19 19:07:47.934 | INFO     | __main__:on_log:99 - step=9830 | loss=0.045400 | grad_norm=0.300344 | learning_rate=0.000014 | epoch=1.131315
2026-02-19 19:08:07.915 | INFO     | __main__:on_log:99 - step=9835 | loss=0.054700 | grad_norm=0.476325 | learning_rate=0.000014 | epoch=1.131891
2026-02-19 19:08:27.863 | INFO     | __main__:on_log:99 - step=9840 | loss=0.048200 | grad_norm=0.398520 | learning_rate=0.000014 | epoch=1.132466
2026-02-19 19:08:47.816 | INFO     | __main__:on_log:99 - step=9845 | loss=0.068400 | grad_norm=0.554374 | learning_rate=0.000014 | epoch=1.133042
2026-02-19 19:09:07.780 | INFO     | __main__:on_log:99 - step=9850 | loss=0.047700 | grad_norm=0.298067 | learning_rate=0.000014 | epoch=1.133617
2026-02-19 19:09:27.727 | INFO     | __main__:on_log:99 - step=9855 | loss=0.067900 | grad_norm=0.598304 | learning_rate=0.000014 | epoch=1.134193
2026-02-19 19:09:47.685 | INFO     | __main__:on_log:99 - step=9860 | loss=0.073400 | grad_norm=0.589650 | learning_rate=0.000014 | epoch=1.134768
2026-02-19 19:10:07.622 | INFO     | __main__:on_log:99 - step=9865 | loss=0.070800 | grad_norm=0.683732 | learning_rate=0.000014 | epoch=1.135344
2026-02-19 19:10:27.579 | INFO     | __main__:on_log:99 - step=9870 | loss=0.062200 | grad_norm=0.666995 | learning_rate=0.000014 | epoch=1.135919
2026-02-19 19:10:47.531 | INFO     | __main__:on_log:99 - step=9875 | loss=0.069300 | grad_norm=0.426464 | learning_rate=0.000014 | epoch=1.136494
2026-02-19 19:11:07.450 | INFO     | __main__:on_log:99 - step=9880 | loss=0.046600 | grad_norm=0.597053 | learning_rate=0.000014 | epoch=1.137070
2026-02-19 19:11:27.408 | INFO     | __main__:on_log:99 - step=9885 | loss=0.064800 | grad_norm=0.705842 | learning_rate=0.000014 | epoch=1.137645
2026-02-19 19:11:47.380 | INFO     | __main__:on_log:99 - step=9890 | loss=0.055200 | grad_norm=0.366115 | learning_rate=0.000014 | epoch=1.138221
2026-02-19 19:12:07.309 | INFO     | __main__:on_log:99 - step=9895 | loss=0.058400 | grad_norm=0.305678 | learning_rate=0.000014 | epoch=1.138796
2026-02-19 19:12:27.239 | INFO     | __main__:on_log:99 - step=9900 | loss=0.062200 | grad_norm=0.522184 | learning_rate=0.000014 | epoch=1.139372
2026-02-19 19:12:47.190 | INFO     | __main__:on_log:99 - step=9905 | loss=0.047200 | grad_norm=0.266479 | learning_rate=0.000014 | epoch=1.139947
2026-02-19 19:13:07.156 | INFO     | __main__:on_log:99 - step=9910 | loss=0.047300 | grad_norm=0.453898 | learning_rate=0.000014 | epoch=1.140522
2026-02-19 19:13:27.125 | INFO     | __main__:on_log:99 - step=9915 | loss=0.049700 | grad_norm=0.726173 | learning_rate=0.000014 | epoch=1.141098
2026-02-19 19:13:47.088 | INFO     | __main__:on_log:99 - step=9920 | loss=0.049900 | grad_norm=0.502050 | learning_rate=0.000014 | epoch=1.141673
2026-02-19 19:14:07.047 | INFO     | __main__:on_log:99 - step=9925 | loss=0.063300 | grad_norm=0.621189 | learning_rate=0.000014 | epoch=1.142249
2026-02-19 19:14:26.998 | INFO     | __main__:on_log:99 - step=9930 | loss=0.045400 | grad_norm=0.502099 | learning_rate=0.000014 | epoch=1.142824
2026-02-19 19:14:46.933 | INFO     | __main__:on_log:99 - step=9935 | loss=0.042700 | grad_norm=0.450485 | learning_rate=0.000014 | epoch=1.143400
2026-02-19 19:15:06.871 | INFO     | __main__:on_log:99 - step=9940 | loss=0.068000 | grad_norm=0.483967 | learning_rate=0.000014 | epoch=1.143975
2026-02-19 19:15:26.815 | INFO     | __main__:on_log:99 - step=9945 | loss=0.061200 | grad_norm=0.548742 | learning_rate=0.000014 | epoch=1.144551
2026-02-19 19:15:46.773 | INFO     | __main__:on_log:99 - step=9950 | loss=0.069600 | grad_norm=0.791095 | learning_rate=0.000013 | epoch=1.145126
2026-02-19 19:16:06.727 | INFO     | __main__:on_log:99 - step=9955 | loss=0.054900 | grad_norm=0.571521 | learning_rate=0.000013 | epoch=1.145701
2026-02-19 19:16:26.714 | INFO     | __main__:on_log:99 - step=9960 | loss=0.052900 | grad_norm=0.819833 | learning_rate=0.000013 | epoch=1.146277
2026-02-19 19:16:46.635 | INFO     | __main__:on_log:99 - step=9965 | loss=0.054800 | grad_norm=0.484253 | learning_rate=0.000013 | epoch=1.146852
2026-02-19 19:17:06.582 | INFO     | __main__:on_log:99 - step=9970 | loss=0.060000 | grad_norm=0.511785 | learning_rate=0.000013 | epoch=1.147428
2026-02-19 19:17:26.562 | INFO     | __main__:on_log:99 - step=9975 | loss=0.058800 | grad_norm=0.780575 | learning_rate=0.000013 | epoch=1.148003
2026-02-19 19:17:46.507 | INFO     | __main__:on_log:99 - step=9980 | loss=0.048100 | grad_norm=0.535289 | learning_rate=0.000013 | epoch=1.148579
2026-02-19 19:18:06.453 | INFO     | __main__:on_log:99 - step=9985 | loss=0.059800 | grad_norm=0.436430 | learning_rate=0.000013 | epoch=1.149154
2026-02-19 19:18:26.402 | INFO     | __main__:on_log:99 - step=9990 | loss=0.044700 | grad_norm=0.417095 | learning_rate=0.000013 | epoch=1.149730
2026-02-19 19:18:46.381 | INFO     | __main__:on_log:99 - step=9995 | loss=0.045100 | grad_norm=0.308905 | learning_rate=0.000013 | epoch=1.150305
2026-02-19 19:19:06.323 | INFO     | __main__:on_log:99 - step=10000 | loss=0.047300 | grad_norm=0.274813 | learning_rate=0.000013 | epoch=1.150880
2026-02-19 19:59:20.531 | INFO     | __main__:on_log:99 - step=10000 | epoch=1.150880
2026-02-19 19:59:41.423 | INFO     | __main__:on_log:99 - step=10005 | loss=0.050900 | grad_norm=0.488993 | learning_rate=0.000013 | epoch=1.151456
2026-02-19 20:00:01.394 | INFO     | __main__:on_log:99 - step=10010 | loss=0.041400 | grad_norm=0.435156 | learning_rate=0.000013 | epoch=1.152031
2026-02-19 20:00:21.345 | INFO     | __main__:on_log:99 - step=10015 | loss=0.053500 | grad_norm=0.352256 | learning_rate=0.000013 | epoch=1.152607
2026-02-19 20:00:41.277 | INFO     | __main__:on_log:99 - step=10020 | loss=0.060500 | grad_norm=0.768600 | learning_rate=0.000013 | epoch=1.153182
2026-02-19 20:01:01.192 | INFO     | __main__:on_log:99 - step=10025 | loss=0.090500 | grad_norm=0.675100 | learning_rate=0.000013 | epoch=1.153758
2026-02-19 20:01:21.168 | INFO     | __main__:on_log:99 - step=10030 | loss=0.051100 | grad_norm=0.836269 | learning_rate=0.000013 | epoch=1.154333
2026-02-19 20:01:41.116 | INFO     | __main__:on_log:99 - step=10035 | loss=0.043700 | grad_norm=0.499015 | learning_rate=0.000013 | epoch=1.154909
2026-02-19 20:02:01.065 | INFO     | __main__:on_log:99 - step=10040 | loss=0.056500 | grad_norm=0.569477 | learning_rate=0.000013 | epoch=1.155484
2026-02-19 20:02:21.027 | INFO     | __main__:on_log:99 - step=10045 | loss=0.048600 | grad_norm=0.480433 | learning_rate=0.000013 | epoch=1.156059
2026-02-19 20:02:40.990 | INFO     | __main__:on_log:99 - step=10050 | loss=0.061300 | grad_norm=0.570809 | learning_rate=0.000013 | epoch=1.156635
2026-02-19 20:03:00.949 | INFO     | __main__:on_log:99 - step=10055 | loss=0.057200 | grad_norm=0.505066 | learning_rate=0.000013 | epoch=1.157210
2026-02-19 20:03:20.944 | INFO     | __main__:on_log:99 - step=10060 | loss=0.075200 | grad_norm=0.669772 | learning_rate=0.000013 | epoch=1.157786
2026-02-19 20:03:40.948 | INFO     | __main__:on_log:99 - step=10065 | loss=0.062600 | grad_norm=0.433661 | learning_rate=0.000013 | epoch=1.158361
2026-02-19 20:04:01.208 | INFO     | __main__:on_log:99 - step=10070 | loss=0.057400 | grad_norm=0.339821 | learning_rate=0.000013 | epoch=1.158937
2026-02-19 20:04:21.167 | INFO     | __main__:on_log:99 - step=10075 | loss=0.043100 | grad_norm=0.303353 | learning_rate=0.000013 | epoch=1.159512
2026-02-19 20:04:41.145 | INFO     | __main__:on_log:99 - step=10080 | loss=0.053700 | grad_norm=0.316116 | learning_rate=0.000013 | epoch=1.160087
2026-02-19 20:05:01.072 | INFO     | __main__:on_log:99 - step=10085 | loss=0.050100 | grad_norm=0.786815 | learning_rate=0.000013 | epoch=1.160663
2026-02-19 20:05:21.017 | INFO     | __main__:on_log:99 - step=10090 | loss=0.049100 | grad_norm=0.602453 | learning_rate=0.000013 | epoch=1.161238
2026-02-19 20:05:40.986 | INFO     | __main__:on_log:99 - step=10095 | loss=0.047900 | grad_norm=0.373356 | learning_rate=0.000013 | epoch=1.161814
2026-02-19 20:06:00.920 | INFO     | __main__:on_log:99 - step=10100 | loss=0.060800 | grad_norm=0.452335 | learning_rate=0.000013 | epoch=1.162389
2026-02-19 20:06:20.872 | INFO     | __main__:on_log:99 - step=10105 | loss=0.055700 | grad_norm=0.559741 | learning_rate=0.000013 | epoch=1.162965
2026-02-19 20:06:40.806 | INFO     | __main__:on_log:99 - step=10110 | loss=0.062700 | grad_norm=0.517503 | learning_rate=0.000013 | epoch=1.163540
2026-02-19 20:07:00.723 | INFO     | __main__:on_log:99 - step=10115 | loss=0.057600 | grad_norm=0.766561 | learning_rate=0.000013 | epoch=1.164116
2026-02-19 20:07:20.649 | INFO     | __main__:on_log:99 - step=10120 | loss=0.060500 | grad_norm=0.412949 | learning_rate=0.000013 | epoch=1.164691
2026-02-19 20:07:40.607 | INFO     | __main__:on_log:99 - step=10125 | loss=0.058600 | grad_norm=0.559645 | learning_rate=0.000013 | epoch=1.165266
2026-02-19 20:08:00.584 | INFO     | __main__:on_log:99 - step=10130 | loss=0.057600 | grad_norm=0.602092 | learning_rate=0.000013 | epoch=1.165842
2026-02-19 20:08:20.533 | INFO     | __main__:on_log:99 - step=10135 | loss=0.056700 | grad_norm=0.671865 | learning_rate=0.000013 | epoch=1.166417
2026-02-19 20:08:40.466 | INFO     | __main__:on_log:99 - step=10140 | loss=0.066000 | grad_norm=0.473025 | learning_rate=0.000013 | epoch=1.166993
2026-02-19 20:09:00.413 | INFO     | __main__:on_log:99 - step=10145 | loss=0.047200 | grad_norm=0.278153 | learning_rate=0.000013 | epoch=1.167568
2026-02-19 20:09:20.349 | INFO     | __main__:on_log:99 - step=10150 | loss=0.054200 | grad_norm=0.492666 | learning_rate=0.000013 | epoch=1.168144
2026-02-19 20:09:40.292 | INFO     | __main__:on_log:99 - step=10155 | loss=0.050600 | grad_norm=0.508608 | learning_rate=0.000013 | epoch=1.168719
2026-02-19 20:10:00.243 | INFO     | __main__:on_log:99 - step=10160 | loss=0.045100 | grad_norm=0.384625 | learning_rate=0.000013 | epoch=1.169295
2026-02-19 20:10:20.201 | INFO     | __main__:on_log:99 - step=10165 | loss=0.051800 | grad_norm=0.313452 | learning_rate=0.000013 | epoch=1.169870
2026-02-19 20:10:40.144 | INFO     | __main__:on_log:99 - step=10170 | loss=0.043000 | grad_norm=0.457198 | learning_rate=0.000013 | epoch=1.170445
2026-02-19 20:11:00.078 | INFO     | __main__:on_log:99 - step=10175 | loss=0.039600 | grad_norm=0.399521 | learning_rate=0.000013 | epoch=1.171021
2026-02-19 20:11:19.996 | INFO     | __main__:on_log:99 - step=10180 | loss=0.051500 | grad_norm=0.523713 | learning_rate=0.000013 | epoch=1.171596
2026-02-19 20:11:39.920 | INFO     | __main__:on_log:99 - step=10185 | loss=0.052800 | grad_norm=0.470872 | learning_rate=0.000013 | epoch=1.172172
2026-02-19 20:11:59.846 | INFO     | __main__:on_log:99 - step=10190 | loss=0.057300 | grad_norm=0.600123 | learning_rate=0.000013 | epoch=1.172747
2026-02-19 20:12:19.798 | INFO     | __main__:on_log:99 - step=10195 | loss=0.042000 | grad_norm=0.446513 | learning_rate=0.000013 | epoch=1.173323
2026-02-19 20:12:39.748 | INFO     | __main__:on_log:99 - step=10200 | loss=0.077400 | grad_norm=0.684894 | learning_rate=0.000013 | epoch=1.173898
2026-02-19 20:12:59.703 | INFO     | __main__:on_log:99 - step=10205 | loss=0.051300 | grad_norm=0.564415 | learning_rate=0.000013 | epoch=1.174473
2026-02-19 20:13:19.652 | INFO     | __main__:on_log:99 - step=10210 | loss=0.061800 | grad_norm=0.509917 | learning_rate=0.000013 | epoch=1.175049
2026-02-19 20:13:39.594 | INFO     | __main__:on_log:99 - step=10215 | loss=0.060900 | grad_norm=0.741316 | learning_rate=0.000013 | epoch=1.175624
2026-02-19 20:13:59.553 | INFO     | __main__:on_log:99 - step=10220 | loss=0.052700 | grad_norm=0.884941 | learning_rate=0.000013 | epoch=1.176200
2026-02-19 20:14:19.485 | INFO     | __main__:on_log:99 - step=10225 | loss=0.063000 | grad_norm=0.438362 | learning_rate=0.000013 | epoch=1.176775
2026-02-19 20:14:39.420 | INFO     | __main__:on_log:99 - step=10230 | loss=0.049000 | grad_norm=0.453493 | learning_rate=0.000013 | epoch=1.177351
2026-02-19 20:14:59.327 | INFO     | __main__:on_log:99 - step=10235 | loss=0.065300 | grad_norm=0.543932 | learning_rate=0.000013 | epoch=1.177926
2026-02-19 20:15:19.272 | INFO     | __main__:on_log:99 - step=10240 | loss=0.057400 | grad_norm=0.698147 | learning_rate=0.000013 | epoch=1.178502
2026-02-19 20:15:39.216 | INFO     | __main__:on_log:99 - step=10245 | loss=0.036700 | grad_norm=0.340276 | learning_rate=0.000013 | epoch=1.179077
2026-02-19 20:15:59.117 | INFO     | __main__:on_log:99 - step=10250 | loss=0.061400 | grad_norm=0.656396 | learning_rate=0.000013 | epoch=1.179652
2026-02-19 20:16:19.070 | INFO     | __main__:on_log:99 - step=10255 | loss=0.041200 | grad_norm=0.469052 | learning_rate=0.000013 | epoch=1.180228
2026-02-19 20:16:38.995 | INFO     | __main__:on_log:99 - step=10260 | loss=0.048300 | grad_norm=0.471841 | learning_rate=0.000013 | epoch=1.180803
2026-02-19 20:16:58.923 | INFO     | __main__:on_log:99 - step=10265 | loss=0.048500 | grad_norm=0.598900 | learning_rate=0.000013 | epoch=1.181379
2026-02-19 20:17:18.825 | INFO     | __main__:on_log:99 - step=10270 | loss=0.042800 | grad_norm=0.572475 | learning_rate=0.000013 | epoch=1.181954
2026-02-19 20:17:38.803 | INFO     | __main__:on_log:99 - step=10275 | loss=0.061700 | grad_norm=0.543974 | learning_rate=0.000013 | epoch=1.182530
2026-02-19 20:17:58.756 | INFO     | __main__:on_log:99 - step=10280 | loss=0.057500 | grad_norm=0.652742 | learning_rate=0.000013 | epoch=1.183105
2026-02-19 20:18:18.717 | INFO     | __main__:on_log:99 - step=10285 | loss=0.048500 | grad_norm=0.449281 | learning_rate=0.000013 | epoch=1.183681
2026-02-19 20:18:38.661 | INFO     | __main__:on_log:99 - step=10290 | loss=0.051000 | grad_norm=0.494287 | learning_rate=0.000013 | epoch=1.184256
2026-02-19 20:18:58.607 | INFO     | __main__:on_log:99 - step=10295 | loss=0.051300 | grad_norm=0.461001 | learning_rate=0.000013 | epoch=1.184831
2026-02-19 20:19:18.557 | INFO     | __main__:on_log:99 - step=10300 | loss=0.087700 | grad_norm=0.601061 | learning_rate=0.000013 | epoch=1.185407
2026-02-19 20:19:38.533 | INFO     | __main__:on_log:99 - step=10305 | loss=0.057400 | grad_norm=0.502058 | learning_rate=0.000013 | epoch=1.185982
2026-02-19 20:19:58.526 | INFO     | __main__:on_log:99 - step=10310 | loss=0.050200 | grad_norm=0.275750 | learning_rate=0.000013 | epoch=1.186558
2026-02-19 20:20:18.485 | INFO     | __main__:on_log:99 - step=10315 | loss=0.052100 | grad_norm=0.554622 | learning_rate=0.000013 | epoch=1.187133
2026-02-19 20:20:38.452 | INFO     | __main__:on_log:99 - step=10320 | loss=0.053900 | grad_norm=0.359161 | learning_rate=0.000013 | epoch=1.187709
2026-02-19 20:20:58.416 | INFO     | __main__:on_log:99 - step=10325 | loss=0.046200 | grad_norm=0.358841 | learning_rate=0.000013 | epoch=1.188284
2026-02-19 20:21:18.345 | INFO     | __main__:on_log:99 - step=10330 | loss=0.047100 | grad_norm=0.606330 | learning_rate=0.000013 | epoch=1.188859
2026-02-19 20:21:38.287 | INFO     | __main__:on_log:99 - step=10335 | loss=0.057000 | grad_norm=0.556181 | learning_rate=0.000013 | epoch=1.189435
2026-02-19 20:21:58.243 | INFO     | __main__:on_log:99 - step=10340 | loss=0.055400 | grad_norm=0.642935 | learning_rate=0.000013 | epoch=1.190010
2026-02-19 20:22:18.172 | INFO     | __main__:on_log:99 - step=10345 | loss=0.066100 | grad_norm=0.594746 | learning_rate=0.000013 | epoch=1.190586
2026-02-19 20:22:38.116 | INFO     | __main__:on_log:99 - step=10350 | loss=0.070100 | grad_norm=0.554928 | learning_rate=0.000013 | epoch=1.191161
2026-02-19 20:22:58.084 | INFO     | __main__:on_log:99 - step=10355 | loss=0.048900 | grad_norm=0.448146 | learning_rate=0.000013 | epoch=1.191737
2026-02-19 20:23:18.026 | INFO     | __main__:on_log:99 - step=10360 | loss=0.054300 | grad_norm=0.442551 | learning_rate=0.000013 | epoch=1.192312
2026-02-19 20:23:37.972 | INFO     | __main__:on_log:99 - step=10365 | loss=0.050500 | grad_norm=0.428108 | learning_rate=0.000013 | epoch=1.192888
2026-02-19 20:23:57.937 | INFO     | __main__:on_log:99 - step=10370 | loss=0.046800 | grad_norm=0.489783 | learning_rate=0.000013 | epoch=1.193463
2026-02-19 20:24:17.884 | INFO     | __main__:on_log:99 - step=10375 | loss=0.040000 | grad_norm=0.437449 | learning_rate=0.000013 | epoch=1.194038
2026-02-19 20:24:37.821 | INFO     | __main__:on_log:99 - step=10380 | loss=0.050300 | grad_norm=0.531018 | learning_rate=0.000013 | epoch=1.194614
2026-02-19 20:24:57.804 | INFO     | __main__:on_log:99 - step=10385 | loss=0.063300 | grad_norm=0.575765 | learning_rate=0.000013 | epoch=1.195189
2026-02-19 20:25:17.767 | INFO     | __main__:on_log:99 - step=10390 | loss=0.050900 | grad_norm=0.683028 | learning_rate=0.000013 | epoch=1.195765
2026-02-19 20:25:37.712 | INFO     | __main__:on_log:99 - step=10395 | loss=0.056800 | grad_norm=0.703155 | learning_rate=0.000013 | epoch=1.196340
2026-02-19 20:25:57.674 | INFO     | __main__:on_log:99 - step=10400 | loss=0.066100 | grad_norm=0.941415 | learning_rate=0.000013 | epoch=1.196916
2026-02-19 20:26:17.615 | INFO     | __main__:on_log:99 - step=10405 | loss=0.070000 | grad_norm=0.431292 | learning_rate=0.000013 | epoch=1.197491
2026-02-19 20:26:37.582 | INFO     | __main__:on_log:99 - step=10410 | loss=0.043900 | grad_norm=0.330709 | learning_rate=0.000013 | epoch=1.198067
2026-02-19 20:26:57.521 | INFO     | __main__:on_log:99 - step=10415 | loss=0.085400 | grad_norm=0.490405 | learning_rate=0.000013 | epoch=1.198642
2026-02-19 20:27:17.462 | INFO     | __main__:on_log:99 - step=10420 | loss=0.026700 | grad_norm=0.241947 | learning_rate=0.000013 | epoch=1.199217
2026-02-19 20:27:37.423 | INFO     | __main__:on_log:99 - step=10425 | loss=0.054200 | grad_norm=0.439197 | learning_rate=0.000013 | epoch=1.199793
2026-02-19 20:27:57.387 | INFO     | __main__:on_log:99 - step=10430 | loss=0.060200 | grad_norm=0.488467 | learning_rate=0.000013 | epoch=1.200368
2026-02-19 20:28:17.370 | INFO     | __main__:on_log:99 - step=10435 | loss=0.043100 | grad_norm=0.453724 | learning_rate=0.000013 | epoch=1.200944
2026-02-19 20:28:37.328 | INFO     | __main__:on_log:99 - step=10440 | loss=0.055600 | grad_norm=0.712429 | learning_rate=0.000013 | epoch=1.201519
2026-02-19 20:28:57.289 | INFO     | __main__:on_log:99 - step=10445 | loss=0.061900 | grad_norm=0.843968 | learning_rate=0.000013 | epoch=1.202095
2026-02-19 20:29:17.232 | INFO     | __main__:on_log:99 - step=10450 | loss=0.040800 | grad_norm=0.386084 | learning_rate=0.000013 | epoch=1.202670
2026-02-19 20:29:37.218 | INFO     | __main__:on_log:99 - step=10455 | loss=0.054100 | grad_norm=0.401959 | learning_rate=0.000013 | epoch=1.203245
2026-02-19 20:29:57.154 | INFO     | __main__:on_log:99 - step=10460 | loss=0.048500 | grad_norm=0.425108 | learning_rate=0.000013 | epoch=1.203821
2026-02-19 20:30:17.100 | INFO     | __main__:on_log:99 - step=10465 | loss=0.052400 | grad_norm=0.317087 | learning_rate=0.000013 | epoch=1.204396
2026-02-19 20:30:37.029 | INFO     | __main__:on_log:99 - step=10470 | loss=0.058100 | grad_norm=0.440294 | learning_rate=0.000013 | epoch=1.204972
2026-02-19 20:30:56.984 | INFO     | __main__:on_log:99 - step=10475 | loss=0.055700 | grad_norm=0.450808 | learning_rate=0.000013 | epoch=1.205547
2026-02-19 20:31:16.929 | INFO     | __main__:on_log:99 - step=10480 | loss=0.035100 | grad_norm=0.291236 | learning_rate=0.000013 | epoch=1.206123
2026-02-19 20:31:36.907 | INFO     | __main__:on_log:99 - step=10485 | loss=0.041300 | grad_norm=0.346571 | learning_rate=0.000013 | epoch=1.206698
2026-02-19 20:31:56.890 | INFO     | __main__:on_log:99 - step=10490 | loss=0.053400 | grad_norm=0.745468 | learning_rate=0.000013 | epoch=1.207274
2026-02-19 20:32:16.864 | INFO     | __main__:on_log:99 - step=10495 | loss=0.066300 | grad_norm=0.912132 | learning_rate=0.000013 | epoch=1.207849
2026-02-19 20:32:36.803 | INFO     | __main__:on_log:99 - step=10500 | loss=0.054100 | grad_norm=0.431136 | learning_rate=0.000013 | epoch=1.208424
2026-02-19 20:32:56.751 | INFO     | __main__:on_log:99 - step=10505 | loss=0.057500 | grad_norm=0.506439 | learning_rate=0.000012 | epoch=1.209000
2026-02-19 20:33:16.714 | INFO     | __main__:on_log:99 - step=10510 | loss=0.059600 | grad_norm=0.701428 | learning_rate=0.000012 | epoch=1.209575
2026-02-19 20:33:36.709 | INFO     | __main__:on_log:99 - step=10515 | loss=0.040000 | grad_norm=0.351107 | learning_rate=0.000012 | epoch=1.210151
2026-02-19 20:33:56.672 | INFO     | __main__:on_log:99 - step=10520 | loss=0.042300 | grad_norm=0.264558 | learning_rate=0.000012 | epoch=1.210726
2026-02-19 20:34:16.642 | INFO     | __main__:on_log:99 - step=10525 | loss=0.047700 | grad_norm=0.677973 | learning_rate=0.000012 | epoch=1.211302
2026-02-19 20:34:36.586 | INFO     | __main__:on_log:99 - step=10530 | loss=0.049200 | grad_norm=0.431896 | learning_rate=0.000012 | epoch=1.211877
2026-02-19 20:34:56.524 | INFO     | __main__:on_log:99 - step=10535 | loss=0.060400 | grad_norm=0.557627 | learning_rate=0.000012 | epoch=1.212453
2026-02-19 20:35:16.484 | INFO     | __main__:on_log:99 - step=10540 | loss=0.046800 | grad_norm=0.540122 | learning_rate=0.000012 | epoch=1.213028
2026-02-19 20:35:36.451 | INFO     | __main__:on_log:99 - step=10545 | loss=0.056600 | grad_norm=0.442154 | learning_rate=0.000012 | epoch=1.213603
2026-02-19 20:35:56.443 | INFO     | __main__:on_log:99 - step=10550 | loss=0.050600 | grad_norm=0.493246 | learning_rate=0.000012 | epoch=1.214179
2026-02-19 20:36:16.366 | INFO     | __main__:on_log:99 - step=10555 | loss=0.042300 | grad_norm=0.548805 | learning_rate=0.000012 | epoch=1.214754
2026-02-19 20:36:36.331 | INFO     | __main__:on_log:99 - step=10560 | loss=0.063800 | grad_norm=0.390455 | learning_rate=0.000012 | epoch=1.215330
2026-02-19 20:36:56.286 | INFO     | __main__:on_log:99 - step=10565 | loss=0.058100 | grad_norm=0.571083 | learning_rate=0.000012 | epoch=1.215905
2026-02-19 20:37:16.236 | INFO     | __main__:on_log:99 - step=10570 | loss=0.045200 | grad_norm=0.441352 | learning_rate=0.000012 | epoch=1.216481
2026-02-19 20:37:36.211 | INFO     | __main__:on_log:99 - step=10575 | loss=0.058300 | grad_norm=0.724022 | learning_rate=0.000012 | epoch=1.217056
2026-02-19 20:37:56.166 | INFO     | __main__:on_log:99 - step=10580 | loss=0.062100 | grad_norm=0.618422 | learning_rate=0.000012 | epoch=1.217631
2026-02-19 20:38:16.084 | INFO     | __main__:on_log:99 - step=10585 | loss=0.063700 | grad_norm=0.675288 | learning_rate=0.000012 | epoch=1.218207
2026-02-19 20:38:36.025 | INFO     | __main__:on_log:99 - step=10590 | loss=0.054300 | grad_norm=0.582001 | learning_rate=0.000012 | epoch=1.218782
2026-02-19 20:38:55.992 | INFO     | __main__:on_log:99 - step=10595 | loss=0.059800 | grad_norm=0.833054 | learning_rate=0.000012 | epoch=1.219358
2026-02-19 20:39:15.940 | INFO     | __main__:on_log:99 - step=10600 | loss=0.047800 | grad_norm=0.441444 | learning_rate=0.000012 | epoch=1.219933
2026-02-19 20:39:35.906 | INFO     | __main__:on_log:99 - step=10605 | loss=0.060800 | grad_norm=0.413610 | learning_rate=0.000012 | epoch=1.220509
2026-02-19 20:39:55.837 | INFO     | __main__:on_log:99 - step=10610 | loss=0.063300 | grad_norm=0.425299 | learning_rate=0.000012 | epoch=1.221084
2026-02-19 20:40:15.773 | INFO     | __main__:on_log:99 - step=10615 | loss=0.054400 | grad_norm=0.720254 | learning_rate=0.000012 | epoch=1.221660
2026-02-19 20:40:35.715 | INFO     | __main__:on_log:99 - step=10620 | loss=0.061300 | grad_norm=0.431309 | learning_rate=0.000012 | epoch=1.222235
2026-02-19 20:40:55.652 | INFO     | __main__:on_log:99 - step=10625 | loss=0.039000 | grad_norm=0.288117 | learning_rate=0.000012 | epoch=1.222810
2026-02-19 20:41:15.567 | INFO     | __main__:on_log:99 - step=10630 | loss=0.078100 | grad_norm=0.625483 | learning_rate=0.000012 | epoch=1.223386
2026-02-19 20:41:35.513 | INFO     | __main__:on_log:99 - step=10635 | loss=0.045500 | grad_norm=0.683099 | learning_rate=0.000012 | epoch=1.223961
2026-02-19 20:41:55.440 | INFO     | __main__:on_log:99 - step=10640 | loss=0.062100 | grad_norm=0.433064 | learning_rate=0.000012 | epoch=1.224537
2026-02-19 20:42:15.381 | INFO     | __main__:on_log:99 - step=10645 | loss=0.061100 | grad_norm=0.866305 | learning_rate=0.000012 | epoch=1.225112
2026-02-19 20:42:35.344 | INFO     | __main__:on_log:99 - step=10650 | loss=0.043400 | grad_norm=0.391149 | learning_rate=0.000012 | epoch=1.225688
2026-02-19 20:42:55.261 | INFO     | __main__:on_log:99 - step=10655 | loss=0.077200 | grad_norm=0.823063 | learning_rate=0.000012 | epoch=1.226263
2026-02-19 20:43:15.257 | INFO     | __main__:on_log:99 - step=10660 | loss=0.043700 | grad_norm=0.558717 | learning_rate=0.000012 | epoch=1.226839
2026-02-19 20:43:35.210 | INFO     | __main__:on_log:99 - step=10665 | loss=0.050100 | grad_norm=0.394737 | learning_rate=0.000012 | epoch=1.227414
2026-02-19 20:43:55.145 | INFO     | __main__:on_log:99 - step=10670 | loss=0.067000 | grad_norm=0.580315 | learning_rate=0.000012 | epoch=1.227989
2026-02-19 20:44:15.072 | INFO     | __main__:on_log:99 - step=10675 | loss=0.076500 | grad_norm=0.483365 | learning_rate=0.000012 | epoch=1.228565
2026-02-19 20:44:35.022 | INFO     | __main__:on_log:99 - step=10680 | loss=0.049100 | grad_norm=0.537835 | learning_rate=0.000012 | epoch=1.229140
2026-02-19 20:44:54.951 | INFO     | __main__:on_log:99 - step=10685 | loss=0.050600 | grad_norm=0.489203 | learning_rate=0.000012 | epoch=1.229716
2026-02-19 20:45:14.901 | INFO     | __main__:on_log:99 - step=10690 | loss=0.049200 | grad_norm=0.467633 | learning_rate=0.000012 | epoch=1.230291
2026-02-19 20:45:34.855 | INFO     | __main__:on_log:99 - step=10695 | loss=0.051300 | grad_norm=0.481740 | learning_rate=0.000012 | epoch=1.230867
2026-02-19 20:45:54.806 | INFO     | __main__:on_log:99 - step=10700 | loss=0.050200 | grad_norm=0.516532 | learning_rate=0.000012 | epoch=1.231442
2026-02-19 20:46:14.740 | INFO     | __main__:on_log:99 - step=10705 | loss=0.064500 | grad_norm=0.570099 | learning_rate=0.000012 | epoch=1.232017
2026-02-19 20:46:34.668 | INFO     | __main__:on_log:99 - step=10710 | loss=0.043800 | grad_norm=0.417764 | learning_rate=0.000012 | epoch=1.232593
2026-02-19 20:46:54.603 | INFO     | __main__:on_log:99 - step=10715 | loss=0.050600 | grad_norm=0.484661 | learning_rate=0.000012 | epoch=1.233168
2026-02-19 20:47:14.567 | INFO     | __main__:on_log:99 - step=10720 | loss=0.047500 | grad_norm=0.568121 | learning_rate=0.000012 | epoch=1.233744
2026-02-19 20:47:34.510 | INFO     | __main__:on_log:99 - step=10725 | loss=0.047300 | grad_norm=0.651823 | learning_rate=0.000012 | epoch=1.234319
2026-02-19 20:47:54.446 | INFO     | __main__:on_log:99 - step=10730 | loss=0.060000 | grad_norm=0.572581 | learning_rate=0.000012 | epoch=1.234895
2026-02-19 20:48:14.409 | INFO     | __main__:on_log:99 - step=10735 | loss=0.057000 | grad_norm=0.534211 | learning_rate=0.000012 | epoch=1.235470
2026-02-19 20:48:34.339 | INFO     | __main__:on_log:99 - step=10740 | loss=0.068200 | grad_norm=0.592638 | learning_rate=0.000012 | epoch=1.236046
2026-02-19 20:48:54.282 | INFO     | __main__:on_log:99 - step=10745 | loss=0.056300 | grad_norm=0.415181 | learning_rate=0.000012 | epoch=1.236621
2026-02-19 20:49:14.216 | INFO     | __main__:on_log:99 - step=10750 | loss=0.038400 | grad_norm=0.355178 | learning_rate=0.000012 | epoch=1.237196
2026-02-19 20:49:34.160 | INFO     | __main__:on_log:99 - step=10755 | loss=0.079500 | grad_norm=0.347497 | learning_rate=0.000012 | epoch=1.237772
2026-02-19 20:49:54.089 | INFO     | __main__:on_log:99 - step=10760 | loss=0.058600 | grad_norm=0.811313 | learning_rate=0.000012 | epoch=1.238347
2026-02-19 20:50:14.043 | INFO     | __main__:on_log:99 - step=10765 | loss=0.063500 | grad_norm=0.397608 | learning_rate=0.000012 | epoch=1.238923
2026-02-19 20:50:34.016 | INFO     | __main__:on_log:99 - step=10770 | loss=0.041600 | grad_norm=0.470008 | learning_rate=0.000012 | epoch=1.239498
2026-02-19 20:50:53.961 | INFO     | __main__:on_log:99 - step=10775 | loss=0.074000 | grad_norm=0.538976 | learning_rate=0.000012 | epoch=1.240074
2026-02-19 20:51:13.921 | INFO     | __main__:on_log:99 - step=10780 | loss=0.063000 | grad_norm=0.734988 | learning_rate=0.000012 | epoch=1.240649
2026-02-19 20:51:33.870 | INFO     | __main__:on_log:99 - step=10785 | loss=0.041100 | grad_norm=0.436798 | learning_rate=0.000012 | epoch=1.241225
2026-02-19 20:51:53.815 | INFO     | __main__:on_log:99 - step=10790 | loss=0.051300 | grad_norm=0.609143 | learning_rate=0.000012 | epoch=1.241800
2026-02-19 20:52:13.791 | INFO     | __main__:on_log:99 - step=10795 | loss=0.047200 | grad_norm=0.534090 | learning_rate=0.000012 | epoch=1.242375
2026-02-19 20:52:33.715 | INFO     | __main__:on_log:99 - step=10800 | loss=0.054000 | grad_norm=0.533283 | learning_rate=0.000012 | epoch=1.242951
2026-02-19 20:52:53.655 | INFO     | __main__:on_log:99 - step=10805 | loss=0.045600 | grad_norm=0.447755 | learning_rate=0.000012 | epoch=1.243526
2026-02-19 20:53:13.624 | INFO     | __main__:on_log:99 - step=10810 | loss=0.046900 | grad_norm=0.363931 | learning_rate=0.000012 | epoch=1.244102
2026-02-19 20:53:33.553 | INFO     | __main__:on_log:99 - step=10815 | loss=0.045700 | grad_norm=0.427838 | learning_rate=0.000012 | epoch=1.244677
2026-02-19 20:53:53.512 | INFO     | __main__:on_log:99 - step=10820 | loss=0.048900 | grad_norm=0.356201 | learning_rate=0.000012 | epoch=1.245253
2026-02-19 20:54:13.474 | INFO     | __main__:on_log:99 - step=10825 | loss=0.044900 | grad_norm=0.434130 | learning_rate=0.000012 | epoch=1.245828
2026-02-19 20:54:33.427 | INFO     | __main__:on_log:99 - step=10830 | loss=0.084200 | grad_norm=0.451115 | learning_rate=0.000012 | epoch=1.246403
2026-02-19 20:54:53.386 | INFO     | __main__:on_log:99 - step=10835 | loss=0.055500 | grad_norm=0.505758 | learning_rate=0.000012 | epoch=1.246979
2026-02-19 20:55:13.342 | INFO     | __main__:on_log:99 - step=10840 | loss=0.060100 | grad_norm=0.677788 | learning_rate=0.000012 | epoch=1.247554
2026-02-19 20:55:33.312 | INFO     | __main__:on_log:99 - step=10845 | loss=0.074300 | grad_norm=0.631407 | learning_rate=0.000012 | epoch=1.248130
2026-02-19 20:55:53.318 | INFO     | __main__:on_log:99 - step=10850 | loss=0.048800 | grad_norm=0.426867 | learning_rate=0.000012 | epoch=1.248705
2026-02-19 20:56:13.280 | INFO     | __main__:on_log:99 - step=10855 | loss=0.056300 | grad_norm=0.474345 | learning_rate=0.000012 | epoch=1.249281
2026-02-19 20:56:33.221 | INFO     | __main__:on_log:99 - step=10860 | loss=0.046000 | grad_norm=0.446459 | learning_rate=0.000012 | epoch=1.249856
2026-02-19 20:56:53.146 | INFO     | __main__:on_log:99 - step=10865 | loss=0.059800 | grad_norm=0.523915 | learning_rate=0.000012 | epoch=1.250432
2026-02-19 20:57:13.108 | INFO     | __main__:on_log:99 - step=10870 | loss=0.096700 | grad_norm=1.114338 | learning_rate=0.000012 | epoch=1.251007
2026-02-19 20:57:33.069 | INFO     | __main__:on_log:99 - step=10875 | loss=0.061500 | grad_norm=0.393851 | learning_rate=0.000012 | epoch=1.251582
2026-02-19 20:57:53.006 | INFO     | __main__:on_log:99 - step=10880 | loss=0.056100 | grad_norm=0.485335 | learning_rate=0.000012 | epoch=1.252158
2026-02-19 20:58:12.963 | INFO     | __main__:on_log:99 - step=10885 | loss=0.060100 | grad_norm=0.729444 | learning_rate=0.000012 | epoch=1.252733
2026-02-19 20:58:32.950 | INFO     | __main__:on_log:99 - step=10890 | loss=0.057900 | grad_norm=0.474193 | learning_rate=0.000012 | epoch=1.253309
2026-02-19 20:58:52.929 | INFO     | __main__:on_log:99 - step=10895 | loss=0.060400 | grad_norm=0.481199 | learning_rate=0.000012 | epoch=1.253884
2026-02-19 20:59:12.881 | INFO     | __main__:on_log:99 - step=10900 | loss=0.066500 | grad_norm=0.843844 | learning_rate=0.000012 | epoch=1.254460
2026-02-19 20:59:32.843 | INFO     | __main__:on_log:99 - step=10905 | loss=0.071400 | grad_norm=0.449469 | learning_rate=0.000012 | epoch=1.255035
2026-02-19 20:59:52.833 | INFO     | __main__:on_log:99 - step=10910 | loss=0.043500 | grad_norm=0.420076 | learning_rate=0.000012 | epoch=1.255611
2026-02-19 21:00:12.800 | INFO     | __main__:on_log:99 - step=10915 | loss=0.053800 | grad_norm=0.635868 | learning_rate=0.000012 | epoch=1.256186
2026-02-19 21:00:32.769 | INFO     | __main__:on_log:99 - step=10920 | loss=0.052000 | grad_norm=0.302516 | learning_rate=0.000012 | epoch=1.256761
2026-02-19 21:00:52.752 | INFO     | __main__:on_log:99 - step=10925 | loss=0.070300 | grad_norm=0.531733 | learning_rate=0.000012 | epoch=1.257337
2026-02-19 21:01:12.677 | INFO     | __main__:on_log:99 - step=10930 | loss=0.060000 | grad_norm=0.610632 | learning_rate=0.000012 | epoch=1.257912
2026-02-19 21:01:32.615 | INFO     | __main__:on_log:99 - step=10935 | loss=0.076000 | grad_norm=0.478635 | learning_rate=0.000012 | epoch=1.258488
2026-02-19 21:01:52.579 | INFO     | __main__:on_log:99 - step=10940 | loss=0.044000 | grad_norm=0.420671 | learning_rate=0.000012 | epoch=1.259063
2026-02-19 21:02:12.522 | INFO     | __main__:on_log:99 - step=10945 | loss=0.036800 | grad_norm=0.603204 | learning_rate=0.000012 | epoch=1.259639
2026-02-19 21:02:32.491 | INFO     | __main__:on_log:99 - step=10950 | loss=0.050800 | grad_norm=0.481126 | learning_rate=0.000012 | epoch=1.260214
2026-02-19 21:02:52.455 | INFO     | __main__:on_log:99 - step=10955 | loss=0.065400 | grad_norm=0.427181 | learning_rate=0.000012 | epoch=1.260790
2026-02-19 21:03:12.424 | INFO     | __main__:on_log:99 - step=10960 | loss=0.065500 | grad_norm=0.334458 | learning_rate=0.000012 | epoch=1.261365
2026-02-19 21:03:32.354 | INFO     | __main__:on_log:99 - step=10965 | loss=0.057700 | grad_norm=0.503065 | learning_rate=0.000012 | epoch=1.261940
2026-02-19 21:03:52.284 | INFO     | __main__:on_log:99 - step=10970 | loss=0.062900 | grad_norm=0.531035 | learning_rate=0.000012 | epoch=1.262516
2026-02-19 21:04:12.216 | INFO     | __main__:on_log:99 - step=10975 | loss=0.059600 | grad_norm=0.476119 | learning_rate=0.000012 | epoch=1.263091
2026-02-19 21:04:32.174 | INFO     | __main__:on_log:99 - step=10980 | loss=0.050400 | grad_norm=0.405327 | learning_rate=0.000012 | epoch=1.263667
2026-02-19 21:04:52.089 | INFO     | __main__:on_log:99 - step=10985 | loss=0.077600 | grad_norm=0.923098 | learning_rate=0.000012 | epoch=1.264242
2026-02-19 21:05:12.025 | INFO     | __main__:on_log:99 - step=10990 | loss=0.036000 | grad_norm=0.472403 | learning_rate=0.000012 | epoch=1.264818
2026-02-19 21:05:31.939 | INFO     | __main__:on_log:99 - step=10995 | loss=0.067100 | grad_norm=0.595007 | learning_rate=0.000012 | epoch=1.265393
2026-02-19 21:05:51.888 | INFO     | __main__:on_log:99 - step=11000 | loss=0.050200 | grad_norm=0.442090 | learning_rate=0.000012 | epoch=1.265968
2026-02-19 21:06:11.842 | INFO     | __main__:on_log:99 - step=11005 | loss=0.074200 | grad_norm=0.895343 | learning_rate=0.000012 | epoch=1.266544
2026-02-19 21:06:31.816 | INFO     | __main__:on_log:99 - step=11010 | loss=0.056800 | grad_norm=0.561593 | learning_rate=0.000012 | epoch=1.267119
2026-02-19 21:06:51.770 | INFO     | __main__:on_log:99 - step=11015 | loss=0.058200 | grad_norm=0.592343 | learning_rate=0.000012 | epoch=1.267695
2026-02-19 21:07:11.723 | INFO     | __main__:on_log:99 - step=11020 | loss=0.047400 | grad_norm=0.288085 | learning_rate=0.000012 | epoch=1.268270
2026-02-19 21:07:31.712 | INFO     | __main__:on_log:99 - step=11025 | loss=0.055200 | grad_norm=0.414587 | learning_rate=0.000012 | epoch=1.268846
2026-02-19 21:07:51.643 | INFO     | __main__:on_log:99 - step=11030 | loss=0.065600 | grad_norm=0.393734 | learning_rate=0.000012 | epoch=1.269421
2026-02-19 21:08:11.570 | INFO     | __main__:on_log:99 - step=11035 | loss=0.060100 | grad_norm=0.391316 | learning_rate=0.000012 | epoch=1.269997
2026-02-19 21:08:31.507 | INFO     | __main__:on_log:99 - step=11040 | loss=0.060200 | grad_norm=0.387714 | learning_rate=0.000012 | epoch=1.270572
2026-02-19 21:08:51.437 | INFO     | __main__:on_log:99 - step=11045 | loss=0.052700 | grad_norm=0.628305 | learning_rate=0.000012 | epoch=1.271147
2026-02-19 21:09:11.412 | INFO     | __main__:on_log:99 - step=11050 | loss=0.044400 | grad_norm=0.337144 | learning_rate=0.000012 | epoch=1.271723
2026-02-19 21:09:31.390 | INFO     | __main__:on_log:99 - step=11055 | loss=0.053700 | grad_norm=0.577064 | learning_rate=0.000011 | epoch=1.272298
2026-02-19 21:09:51.334 | INFO     | __main__:on_log:99 - step=11060 | loss=0.069500 | grad_norm=0.755077 | learning_rate=0.000011 | epoch=1.272874
2026-02-19 21:10:11.272 | INFO     | __main__:on_log:99 - step=11065 | loss=0.054100 | grad_norm=0.460383 | learning_rate=0.000011 | epoch=1.273449
2026-02-19 21:10:31.241 | INFO     | __main__:on_log:99 - step=11070 | loss=0.043100 | grad_norm=0.419883 | learning_rate=0.000011 | epoch=1.274025
2026-02-19 21:10:51.231 | INFO     | __main__:on_log:99 - step=11075 | loss=0.057400 | grad_norm=0.419355 | learning_rate=0.000011 | epoch=1.274600
2026-02-19 21:11:11.163 | INFO     | __main__:on_log:99 - step=11080 | loss=0.062100 | grad_norm=0.837312 | learning_rate=0.000011 | epoch=1.275176
2026-02-19 21:11:31.127 | INFO     | __main__:on_log:99 - step=11085 | loss=0.033100 | grad_norm=0.453659 | learning_rate=0.000011 | epoch=1.275751
2026-02-19 21:11:51.085 | INFO     | __main__:on_log:99 - step=11090 | loss=0.057200 | grad_norm=0.498597 | learning_rate=0.000011 | epoch=1.276326
2026-02-19 21:12:11.052 | INFO     | __main__:on_log:99 - step=11095 | loss=0.057200 | grad_norm=0.226429 | learning_rate=0.000011 | epoch=1.276902
2026-02-19 21:12:30.987 | INFO     | __main__:on_log:99 - step=11100 | loss=0.050900 | grad_norm=0.519446 | learning_rate=0.000011 | epoch=1.277477
2026-02-19 21:12:50.927 | INFO     | __main__:on_log:99 - step=11105 | loss=0.059800 | grad_norm=0.737637 | learning_rate=0.000011 | epoch=1.278053
2026-02-19 21:13:10.871 | INFO     | __main__:on_log:99 - step=11110 | loss=0.042900 | grad_norm=0.403140 | learning_rate=0.000011 | epoch=1.278628
2026-02-19 21:13:30.839 | INFO     | __main__:on_log:99 - step=11115 | loss=0.054300 | grad_norm=0.537706 | learning_rate=0.000011 | epoch=1.279204
2026-02-19 21:13:50.813 | INFO     | __main__:on_log:99 - step=11120 | loss=0.046300 | grad_norm=0.408780 | learning_rate=0.000011 | epoch=1.279779
2026-02-19 21:14:10.741 | INFO     | __main__:on_log:99 - step=11125 | loss=0.050700 | grad_norm=0.443614 | learning_rate=0.000011 | epoch=1.280354
2026-02-19 21:14:30.685 | INFO     | __main__:on_log:99 - step=11130 | loss=0.039700 | grad_norm=0.468680 | learning_rate=0.000011 | epoch=1.280930
2026-02-19 21:14:50.609 | INFO     | __main__:on_log:99 - step=11135 | loss=0.056100 | grad_norm=0.570451 | learning_rate=0.000011 | epoch=1.281505
2026-02-19 21:15:10.589 | INFO     | __main__:on_log:99 - step=11140 | loss=0.061600 | grad_norm=0.297114 | learning_rate=0.000011 | epoch=1.282081
2026-02-19 21:15:30.565 | INFO     | __main__:on_log:99 - step=11145 | loss=0.047800 | grad_norm=0.624962 | learning_rate=0.000011 | epoch=1.282656
2026-02-19 21:15:50.552 | INFO     | __main__:on_log:99 - step=11150 | loss=0.055900 | grad_norm=0.898617 | learning_rate=0.000011 | epoch=1.283232
2026-02-19 21:16:10.531 | INFO     | __main__:on_log:99 - step=11155 | loss=0.048800 | grad_norm=0.595910 | learning_rate=0.000011 | epoch=1.283807
2026-02-19 21:16:30.492 | INFO     | __main__:on_log:99 - step=11160 | loss=0.066400 | grad_norm=0.495180 | learning_rate=0.000011 | epoch=1.284383
2026-02-19 21:16:50.440 | INFO     | __main__:on_log:99 - step=11165 | loss=0.063400 | grad_norm=0.721436 | learning_rate=0.000011 | epoch=1.284958
2026-02-19 21:17:10.364 | INFO     | __main__:on_log:99 - step=11170 | loss=0.050400 | grad_norm=0.473406 | learning_rate=0.000011 | epoch=1.285533
2026-02-19 21:17:30.304 | INFO     | __main__:on_log:99 - step=11175 | loss=0.058000 | grad_norm=0.714534 | learning_rate=0.000011 | epoch=1.286109
2026-02-19 21:17:50.259 | INFO     | __main__:on_log:99 - step=11180 | loss=0.046200 | grad_norm=0.430464 | learning_rate=0.000011 | epoch=1.286684
2026-02-19 21:18:10.192 | INFO     | __main__:on_log:99 - step=11185 | loss=0.050900 | grad_norm=0.430741 | learning_rate=0.000011 | epoch=1.287260
2026-02-19 21:18:30.129 | INFO     | __main__:on_log:99 - step=11190 | loss=0.036800 | grad_norm=0.473531 | learning_rate=0.000011 | epoch=1.287835
2026-02-19 21:18:50.090 | INFO     | __main__:on_log:99 - step=11195 | loss=0.049100 | grad_norm=0.403643 | learning_rate=0.000011 | epoch=1.288411
2026-02-19 21:19:10.055 | INFO     | __main__:on_log:99 - step=11200 | loss=0.050500 | grad_norm=0.333987 | learning_rate=0.000011 | epoch=1.288986
2026-02-19 21:19:30.008 | INFO     | __main__:on_log:99 - step=11205 | loss=0.067900 | grad_norm=0.899239 | learning_rate=0.000011 | epoch=1.289562
2026-02-19 21:19:49.998 | INFO     | __main__:on_log:99 - step=11210 | loss=0.054500 | grad_norm=0.357056 | learning_rate=0.000011 | epoch=1.290137
2026-02-19 21:20:09.924 | INFO     | __main__:on_log:99 - step=11215 | loss=0.056000 | grad_norm=0.760270 | learning_rate=0.000011 | epoch=1.290712
2026-02-19 21:20:29.873 | INFO     | __main__:on_log:99 - step=11220 | loss=0.058500 | grad_norm=0.371519 | learning_rate=0.000011 | epoch=1.291288
2026-02-19 21:20:49.809 | INFO     | __main__:on_log:99 - step=11225 | loss=0.057300 | grad_norm=0.733483 | learning_rate=0.000011 | epoch=1.291863
2026-02-19 21:21:09.738 | INFO     | __main__:on_log:99 - step=11230 | loss=0.069400 | grad_norm=0.643073 | learning_rate=0.000011 | epoch=1.292439
2026-02-19 21:21:29.691 | INFO     | __main__:on_log:99 - step=11235 | loss=0.049000 | grad_norm=0.496398 | learning_rate=0.000011 | epoch=1.293014
2026-02-19 21:21:49.649 | INFO     | __main__:on_log:99 - step=11240 | loss=0.041900 | grad_norm=0.387630 | learning_rate=0.000011 | epoch=1.293590
2026-02-19 21:22:09.584 | INFO     | __main__:on_log:99 - step=11245 | loss=0.047200 | grad_norm=0.661703 | learning_rate=0.000011 | epoch=1.294165
2026-02-19 21:22:29.551 | INFO     | __main__:on_log:99 - step=11250 | loss=0.052000 | grad_norm=0.359775 | learning_rate=0.000011 | epoch=1.294740
2026-02-19 21:22:49.524 | INFO     | __main__:on_log:99 - step=11255 | loss=0.050600 | grad_norm=0.398279 | learning_rate=0.000011 | epoch=1.295316
2026-02-19 21:23:09.474 | INFO     | __main__:on_log:99 - step=11260 | loss=0.055100 | grad_norm=0.496427 | learning_rate=0.000011 | epoch=1.295891
2026-02-19 21:23:29.433 | INFO     | __main__:on_log:99 - step=11265 | loss=0.045700 | grad_norm=0.444735 | learning_rate=0.000011 | epoch=1.296467
2026-02-19 21:23:49.409 | INFO     | __main__:on_log:99 - step=11270 | loss=0.048800 | grad_norm=0.449876 | learning_rate=0.000011 | epoch=1.297042
2026-02-19 21:24:09.329 | INFO     | __main__:on_log:99 - step=11275 | loss=0.058200 | grad_norm=0.569285 | learning_rate=0.000011 | epoch=1.297618
2026-02-19 21:24:29.278 | INFO     | __main__:on_log:99 - step=11280 | loss=0.055200 | grad_norm=0.659895 | learning_rate=0.000011 | epoch=1.298193
2026-02-19 21:24:49.218 | INFO     | __main__:on_log:99 - step=11285 | loss=0.067800 | grad_norm=0.642802 | learning_rate=0.000011 | epoch=1.298769
2026-02-19 21:25:09.167 | INFO     | __main__:on_log:99 - step=11290 | loss=0.050100 | grad_norm=0.553845 | learning_rate=0.000011 | epoch=1.299344
2026-02-19 21:25:28.552 | INFO     | __main__:on_log:99 - step=11295 | loss=0.064700 | grad_norm=0.514023 | learning_rate=0.000011 | epoch=1.299919
2026-02-19 21:25:48.513 | INFO     | __main__:on_log:99 - step=11300 | loss=0.069200 | grad_norm=0.710855 | learning_rate=0.000011 | epoch=1.300495
2026-02-19 21:26:08.435 | INFO     | __main__:on_log:99 - step=11305 | loss=0.047800 | grad_norm=0.651353 | learning_rate=0.000011 | epoch=1.301070
2026-02-19 21:26:28.407 | INFO     | __main__:on_log:99 - step=11310 | loss=0.055200 | grad_norm=0.352664 | learning_rate=0.000011 | epoch=1.301646
2026-02-19 21:26:48.351 | INFO     | __main__:on_log:99 - step=11315 | loss=0.044300 | grad_norm=0.483098 | learning_rate=0.000011 | epoch=1.302221
2026-02-19 21:27:08.294 | INFO     | __main__:on_log:99 - step=11320 | loss=0.056700 | grad_norm=0.566458 | learning_rate=0.000011 | epoch=1.302797
2026-02-19 21:27:28.238 | INFO     | __main__:on_log:99 - step=11325 | loss=0.044900 | grad_norm=0.736039 | learning_rate=0.000011 | epoch=1.303372
2026-02-19 21:27:48.201 | INFO     | __main__:on_log:99 - step=11330 | loss=0.055900 | grad_norm=0.478078 | learning_rate=0.000011 | epoch=1.303948
2026-02-19 21:28:08.155 | INFO     | __main__:on_log:99 - step=11335 | loss=0.052900 | grad_norm=0.413793 | learning_rate=0.000011 | epoch=1.304523
2026-02-19 21:28:28.105 | INFO     | __main__:on_log:99 - step=11340 | loss=0.050000 | grad_norm=0.617529 | learning_rate=0.000011 | epoch=1.305098
2026-02-19 21:28:48.116 | INFO     | __main__:on_log:99 - step=11345 | loss=0.060300 | grad_norm=0.428682 | learning_rate=0.000011 | epoch=1.305674
2026-02-19 21:29:08.068 | INFO     | __main__:on_log:99 - step=11350 | loss=0.066000 | grad_norm=0.563924 | learning_rate=0.000011 | epoch=1.306249
2026-02-19 21:29:28.059 | INFO     | __main__:on_log:99 - step=11355 | loss=0.039200 | grad_norm=0.435558 | learning_rate=0.000011 | epoch=1.306825
2026-02-19 21:29:48.035 | INFO     | __main__:on_log:99 - step=11360 | loss=0.078000 | grad_norm=0.358618 | learning_rate=0.000011 | epoch=1.307400
2026-02-19 21:30:08.012 | INFO     | __main__:on_log:99 - step=11365 | loss=0.058000 | grad_norm=0.522667 | learning_rate=0.000011 | epoch=1.307976
2026-02-19 21:30:27.972 | INFO     | __main__:on_log:99 - step=11370 | loss=0.059800 | grad_norm=0.511759 | learning_rate=0.000011 | epoch=1.308551
2026-02-19 21:30:47.920 | INFO     | __main__:on_log:99 - step=11375 | loss=0.058400 | grad_norm=0.547255 | learning_rate=0.000011 | epoch=1.309126
2026-02-19 21:31:07.860 | INFO     | __main__:on_log:99 - step=11380 | loss=0.057100 | grad_norm=0.729612 | learning_rate=0.000011 | epoch=1.309702
2026-02-19 21:31:27.830 | INFO     | __main__:on_log:99 - step=11385 | loss=0.049300 | grad_norm=0.571308 | learning_rate=0.000011 | epoch=1.310277
2026-02-19 21:31:47.768 | INFO     | __main__:on_log:99 - step=11390 | loss=0.079000 | grad_norm=0.610586 | learning_rate=0.000011 | epoch=1.310853
2026-02-19 21:32:07.699 | INFO     | __main__:on_log:99 - step=11395 | loss=0.062100 | grad_norm=0.426403 | learning_rate=0.000011 | epoch=1.311428
2026-02-19 21:32:27.654 | INFO     | __main__:on_log:99 - step=11400 | loss=0.035900 | grad_norm=0.435466 | learning_rate=0.000011 | epoch=1.312004
2026-02-19 21:32:47.593 | INFO     | __main__:on_log:99 - step=11405 | loss=0.072000 | grad_norm=0.778057 | learning_rate=0.000011 | epoch=1.312579
2026-02-19 21:33:07.531 | INFO     | __main__:on_log:99 - step=11410 | loss=0.064100 | grad_norm=0.823298 | learning_rate=0.000011 | epoch=1.313155
2026-02-19 21:33:27.458 | INFO     | __main__:on_log:99 - step=11415 | loss=0.052400 | grad_norm=0.422990 | learning_rate=0.000011 | epoch=1.313730
2026-02-19 21:33:47.408 | INFO     | __main__:on_log:99 - step=11420 | loss=0.064500 | grad_norm=0.679937 | learning_rate=0.000011 | epoch=1.314305
2026-02-19 21:34:07.394 | INFO     | __main__:on_log:99 - step=11425 | loss=0.065800 | grad_norm=0.474499 | learning_rate=0.000011 | epoch=1.314881
2026-02-19 21:34:27.349 | INFO     | __main__:on_log:99 - step=11430 | loss=0.058400 | grad_norm=0.361274 | learning_rate=0.000011 | epoch=1.315456
2026-02-19 21:34:47.318 | INFO     | __main__:on_log:99 - step=11435 | loss=0.073300 | grad_norm=0.570381 | learning_rate=0.000011 | epoch=1.316032
2026-02-19 21:35:07.274 | INFO     | __main__:on_log:99 - step=11440 | loss=0.050800 | grad_norm=0.562891 | learning_rate=0.000011 | epoch=1.316607
2026-02-19 21:35:27.259 | INFO     | __main__:on_log:99 - step=11445 | loss=0.043600 | grad_norm=0.569648 | learning_rate=0.000011 | epoch=1.317183
2026-02-19 21:35:47.227 | INFO     | __main__:on_log:99 - step=11450 | loss=0.044200 | grad_norm=0.333499 | learning_rate=0.000011 | epoch=1.317758
2026-02-19 21:36:07.185 | INFO     | __main__:on_log:99 - step=11455 | loss=0.055900 | grad_norm=0.666974 | learning_rate=0.000011 | epoch=1.318334
2026-02-19 21:36:27.125 | INFO     | __main__:on_log:99 - step=11460 | loss=0.061400 | grad_norm=0.328583 | learning_rate=0.000011 | epoch=1.318909
2026-02-19 21:36:47.090 | INFO     | __main__:on_log:99 - step=11465 | loss=0.063400 | grad_norm=0.635855 | learning_rate=0.000011 | epoch=1.319484
2026-02-19 21:37:06.994 | INFO     | __main__:on_log:99 - step=11470 | loss=0.070900 | grad_norm=0.738891 | learning_rate=0.000011 | epoch=1.320060
2026-02-19 21:37:26.962 | INFO     | __main__:on_log:99 - step=11475 | loss=0.058800 | grad_norm=0.587243 | learning_rate=0.000011 | epoch=1.320635
2026-02-19 21:37:46.910 | INFO     | __main__:on_log:99 - step=11480 | loss=0.051500 | grad_norm=0.743499 | learning_rate=0.000011 | epoch=1.321211
2026-02-19 21:38:06.845 | INFO     | __main__:on_log:99 - step=11485 | loss=0.038700 | grad_norm=0.569192 | learning_rate=0.000011 | epoch=1.321786
2026-02-19 21:38:26.777 | INFO     | __main__:on_log:99 - step=11490 | loss=0.055900 | grad_norm=0.539190 | learning_rate=0.000011 | epoch=1.322362
2026-02-19 21:38:46.739 | INFO     | __main__:on_log:99 - step=11495 | loss=0.054700 | grad_norm=0.869276 | learning_rate=0.000011 | epoch=1.322937
2026-02-19 21:39:06.681 | INFO     | __main__:on_log:99 - step=11500 | loss=0.056100 | grad_norm=0.576904 | learning_rate=0.000011 | epoch=1.323512
2026-02-19 21:39:26.636 | INFO     | __main__:on_log:99 - step=11505 | loss=0.061100 | grad_norm=0.467079 | learning_rate=0.000011 | epoch=1.324088
2026-02-19 21:39:46.585 | INFO     | __main__:on_log:99 - step=11510 | loss=0.083400 | grad_norm=1.057161 | learning_rate=0.000011 | epoch=1.324663
2026-02-19 21:40:06.535 | INFO     | __main__:on_log:99 - step=11515 | loss=0.066200 | grad_norm=0.597180 | learning_rate=0.000011 | epoch=1.325239
2026-02-19 21:40:26.496 | INFO     | __main__:on_log:99 - step=11520 | loss=0.071900 | grad_norm=0.354129 | learning_rate=0.000011 | epoch=1.325814
2026-02-19 21:40:46.467 | INFO     | __main__:on_log:99 - step=11525 | loss=0.043800 | grad_norm=0.443945 | learning_rate=0.000011 | epoch=1.326390
2026-02-19 21:41:06.427 | INFO     | __main__:on_log:99 - step=11530 | loss=0.051900 | grad_norm=0.313204 | learning_rate=0.000011 | epoch=1.326965
2026-02-19 21:41:26.380 | INFO     | __main__:on_log:99 - step=11535 | loss=0.052800 | grad_norm=0.845407 | learning_rate=0.000011 | epoch=1.327541
2026-02-19 21:41:46.340 | INFO     | __main__:on_log:99 - step=11540 | loss=0.063100 | grad_norm=0.622591 | learning_rate=0.000011 | epoch=1.328116
2026-02-19 21:42:06.308 | INFO     | __main__:on_log:99 - step=11545 | loss=0.053100 | grad_norm=0.564156 | learning_rate=0.000011 | epoch=1.328691
2026-02-19 21:42:26.280 | INFO     | __main__:on_log:99 - step=11550 | loss=0.048200 | grad_norm=0.342455 | learning_rate=0.000011 | epoch=1.329267
2026-02-19 21:42:46.246 | INFO     | __main__:on_log:99 - step=11555 | loss=0.054100 | grad_norm=0.297231 | learning_rate=0.000011 | epoch=1.329842
2026-02-19 21:43:06.243 | INFO     | __main__:on_log:99 - step=11560 | loss=0.051300 | grad_norm=0.471906 | learning_rate=0.000011 | epoch=1.330418
2026-02-19 21:43:26.193 | INFO     | __main__:on_log:99 - step=11565 | loss=0.077100 | grad_norm=0.490750 | learning_rate=0.000011 | epoch=1.330993
2026-02-19 21:43:46.148 | INFO     | __main__:on_log:99 - step=11570 | loss=0.062000 | grad_norm=0.629932 | learning_rate=0.000011 | epoch=1.331569
2026-02-19 21:44:06.100 | INFO     | __main__:on_log:99 - step=11575 | loss=0.044700 | grad_norm=0.451018 | learning_rate=0.000011 | epoch=1.332144
2026-02-19 21:44:26.061 | INFO     | __main__:on_log:99 - step=11580 | loss=0.051400 | grad_norm=0.445166 | learning_rate=0.000011 | epoch=1.332720
2026-02-19 21:44:46.013 | INFO     | __main__:on_log:99 - step=11585 | loss=0.061900 | grad_norm=0.770300 | learning_rate=0.000011 | epoch=1.333295
2026-02-19 21:45:05.969 | INFO     | __main__:on_log:99 - step=11590 | loss=0.061600 | grad_norm=0.728212 | learning_rate=0.000011 | epoch=1.333870
2026-02-19 21:45:25.921 | INFO     | __main__:on_log:99 - step=11595 | loss=0.058200 | grad_norm=0.289846 | learning_rate=0.000011 | epoch=1.334446
2026-02-19 21:45:45.851 | INFO     | __main__:on_log:99 - step=11600 | loss=0.053200 | grad_norm=0.479918 | learning_rate=0.000011 | epoch=1.335021
2026-02-19 21:46:05.793 | INFO     | __main__:on_log:99 - step=11605 | loss=0.045000 | grad_norm=0.461600 | learning_rate=0.000010 | epoch=1.335597
2026-02-19 21:46:25.744 | INFO     | __main__:on_log:99 - step=11610 | loss=0.049000 | grad_norm=0.412039 | learning_rate=0.000010 | epoch=1.336172
2026-02-19 21:46:45.680 | INFO     | __main__:on_log:99 - step=11615 | loss=0.042500 | grad_norm=0.477268 | learning_rate=0.000010 | epoch=1.336748
2026-02-19 21:47:05.641 | INFO     | __main__:on_log:99 - step=11620 | loss=0.047400 | grad_norm=0.727845 | learning_rate=0.000010 | epoch=1.337323
2026-02-19 21:47:25.618 | INFO     | __main__:on_log:99 - step=11625 | loss=0.039600 | grad_norm=0.337968 | learning_rate=0.000010 | epoch=1.337898
2026-02-19 21:47:45.572 | INFO     | __main__:on_log:99 - step=11630 | loss=0.051500 | grad_norm=0.634412 | learning_rate=0.000010 | epoch=1.338474
2026-02-19 21:48:05.509 | INFO     | __main__:on_log:99 - step=11635 | loss=0.050900 | grad_norm=0.636373 | learning_rate=0.000010 | epoch=1.339049
2026-02-19 21:48:25.448 | INFO     | __main__:on_log:99 - step=11640 | loss=0.066200 | grad_norm=0.716366 | learning_rate=0.000010 | epoch=1.339625
2026-02-19 21:48:45.379 | INFO     | __main__:on_log:99 - step=11645 | loss=0.044500 | grad_norm=0.494514 | learning_rate=0.000010 | epoch=1.340200
2026-02-19 21:49:05.307 | INFO     | __main__:on_log:99 - step=11650 | loss=0.055300 | grad_norm=0.606972 | learning_rate=0.000010 | epoch=1.340776
2026-02-19 21:49:25.260 | INFO     | __main__:on_log:99 - step=11655 | loss=0.042500 | grad_norm=0.481750 | learning_rate=0.000010 | epoch=1.341351
2026-02-19 21:49:45.229 | INFO     | __main__:on_log:99 - step=11660 | loss=0.067200 | grad_norm=0.529427 | learning_rate=0.000010 | epoch=1.341927
2026-02-19 21:50:05.145 | INFO     | __main__:on_log:99 - step=11665 | loss=0.041200 | grad_norm=0.509463 | learning_rate=0.000010 | epoch=1.342502
2026-02-19 21:50:25.064 | INFO     | __main__:on_log:99 - step=11670 | loss=0.053500 | grad_norm=0.631209 | learning_rate=0.000010 | epoch=1.343077
2026-02-19 21:50:44.995 | INFO     | __main__:on_log:99 - step=11675 | loss=0.053500 | grad_norm=0.584667 | learning_rate=0.000010 | epoch=1.343653
2026-02-19 21:51:04.958 | INFO     | __main__:on_log:99 - step=11680 | loss=0.048000 | grad_norm=0.396554 | learning_rate=0.000010 | epoch=1.344228
2026-02-19 21:51:24.902 | INFO     | __main__:on_log:99 - step=11685 | loss=0.059700 | grad_norm=0.378644 | learning_rate=0.000010 | epoch=1.344804
2026-02-19 21:51:44.862 | INFO     | __main__:on_log:99 - step=11690 | loss=0.038500 | grad_norm=0.324599 | learning_rate=0.000010 | epoch=1.345379
2026-02-19 21:52:04.808 | INFO     | __main__:on_log:99 - step=11695 | loss=0.063600 | grad_norm=0.474994 | learning_rate=0.000010 | epoch=1.345955
2026-02-19 21:52:24.765 | INFO     | __main__:on_log:99 - step=11700 | loss=0.051800 | grad_norm=0.445753 | learning_rate=0.000010 | epoch=1.346530
2026-02-19 21:52:44.725 | INFO     | __main__:on_log:99 - step=11705 | loss=0.071500 | grad_norm=0.518967 | learning_rate=0.000010 | epoch=1.347106
2026-02-19 21:53:04.667 | INFO     | __main__:on_log:99 - step=11710 | loss=0.043400 | grad_norm=0.440764 | learning_rate=0.000010 | epoch=1.347681
2026-02-19 21:53:24.608 | INFO     | __main__:on_log:99 - step=11715 | loss=0.065000 | grad_norm=0.702944 | learning_rate=0.000010 | epoch=1.348256
2026-02-19 21:53:44.524 | INFO     | __main__:on_log:99 - step=11720 | loss=0.053100 | grad_norm=0.518938 | learning_rate=0.000010 | epoch=1.348832
2026-02-19 21:54:04.476 | INFO     | __main__:on_log:99 - step=11725 | loss=0.062800 | grad_norm=0.578866 | learning_rate=0.000010 | epoch=1.349407
2026-02-19 21:54:24.419 | INFO     | __main__:on_log:99 - step=11730 | loss=0.062100 | grad_norm=0.591709 | learning_rate=0.000010 | epoch=1.349983
2026-02-19 21:54:44.342 | INFO     | __main__:on_log:99 - step=11735 | loss=0.055200 | grad_norm=0.827635 | learning_rate=0.000010 | epoch=1.350558
2026-02-19 21:55:04.289 | INFO     | __main__:on_log:99 - step=11740 | loss=0.044900 | grad_norm=0.416176 | learning_rate=0.000010 | epoch=1.351134
2026-02-19 21:55:24.232 | INFO     | __main__:on_log:99 - step=11745 | loss=0.051300 | grad_norm=0.378881 | learning_rate=0.000010 | epoch=1.351709
2026-02-19 21:55:44.187 | INFO     | __main__:on_log:99 - step=11750 | loss=0.071200 | grad_norm=0.334836 | learning_rate=0.000010 | epoch=1.352284
2026-02-19 21:56:04.144 | INFO     | __main__:on_log:99 - step=11755 | loss=0.052900 | grad_norm=0.419178 | learning_rate=0.000010 | epoch=1.352860
2026-02-19 21:56:24.095 | INFO     | __main__:on_log:99 - step=11760 | loss=0.040600 | grad_norm=0.442044 | learning_rate=0.000010 | epoch=1.353435
2026-02-19 21:56:44.012 | INFO     | __main__:on_log:99 - step=11765 | loss=0.053200 | grad_norm=0.636949 | learning_rate=0.000010 | epoch=1.354011
2026-02-19 21:57:03.946 | INFO     | __main__:on_log:99 - step=11770 | loss=0.078100 | grad_norm=0.517950 | learning_rate=0.000010 | epoch=1.354586
2026-02-19 21:57:23.882 | INFO     | __main__:on_log:99 - step=11775 | loss=0.064100 | grad_norm=0.420917 | learning_rate=0.000010 | epoch=1.355162
2026-02-19 21:57:43.817 | INFO     | __main__:on_log:99 - step=11780 | loss=0.069100 | grad_norm=0.442950 | learning_rate=0.000010 | epoch=1.355737
2026-02-19 21:58:03.769 | INFO     | __main__:on_log:99 - step=11785 | loss=0.049400 | grad_norm=0.318640 | learning_rate=0.000010 | epoch=1.356313
2026-02-19 21:58:23.721 | INFO     | __main__:on_log:99 - step=11790 | loss=0.042800 | grad_norm=0.509491 | learning_rate=0.000010 | epoch=1.356888
2026-02-19 21:58:43.651 | INFO     | __main__:on_log:99 - step=11795 | loss=0.066800 | grad_norm=0.771207 | learning_rate=0.000010 | epoch=1.357463
2026-02-19 21:59:03.589 | INFO     | __main__:on_log:99 - step=11800 | loss=0.041600 | grad_norm=0.527517 | learning_rate=0.000010 | epoch=1.358039
2026-02-19 21:59:23.526 | INFO     | __main__:on_log:99 - step=11805 | loss=0.068300 | grad_norm=0.668694 | learning_rate=0.000010 | epoch=1.358614
2026-02-19 21:59:43.479 | INFO     | __main__:on_log:99 - step=11810 | loss=0.058500 | grad_norm=0.475177 | learning_rate=0.000010 | epoch=1.359190
2026-02-19 22:00:03.406 | INFO     | __main__:on_log:99 - step=11815 | loss=0.057500 | grad_norm=0.708877 | learning_rate=0.000010 | epoch=1.359765
2026-02-19 22:00:23.368 | INFO     | __main__:on_log:99 - step=11820 | loss=0.049200 | grad_norm=0.521056 | learning_rate=0.000010 | epoch=1.360341
2026-02-19 22:00:43.293 | INFO     | __main__:on_log:99 - step=11825 | loss=0.048000 | grad_norm=0.432510 | learning_rate=0.000010 | epoch=1.360916
2026-02-19 22:01:03.271 | INFO     | __main__:on_log:99 - step=11830 | loss=0.046400 | grad_norm=0.369984 | learning_rate=0.000010 | epoch=1.361492
2026-02-19 22:01:23.216 | INFO     | __main__:on_log:99 - step=11835 | loss=0.066200 | grad_norm=0.757277 | learning_rate=0.000010 | epoch=1.362067
2026-02-19 22:01:43.159 | INFO     | __main__:on_log:99 - step=11840 | loss=0.060200 | grad_norm=0.746029 | learning_rate=0.000010 | epoch=1.362642
2026-02-19 22:02:03.116 | INFO     | __main__:on_log:99 - step=11845 | loss=0.056900 | grad_norm=0.506397 | learning_rate=0.000010 | epoch=1.363218
2026-02-19 22:02:23.077 | INFO     | __main__:on_log:99 - step=11850 | loss=0.061700 | grad_norm=0.582640 | learning_rate=0.000010 | epoch=1.363793
2026-02-19 22:02:43.026 | INFO     | __main__:on_log:99 - step=11855 | loss=0.059900 | grad_norm=0.471871 | learning_rate=0.000010 | epoch=1.364369
2026-02-19 22:03:02.996 | INFO     | __main__:on_log:99 - step=11860 | loss=0.045600 | grad_norm=0.502544 | learning_rate=0.000010 | epoch=1.364944
2026-02-19 22:03:22.963 | INFO     | __main__:on_log:99 - step=11865 | loss=0.044300 | grad_norm=0.359384 | learning_rate=0.000010 | epoch=1.365520
2026-02-19 22:03:42.900 | INFO     | __main__:on_log:99 - step=11870 | loss=0.077000 | grad_norm=1.030203 | learning_rate=0.000010 | epoch=1.366095
2026-02-19 22:04:02.832 | INFO     | __main__:on_log:99 - step=11875 | loss=0.061300 | grad_norm=0.441058 | learning_rate=0.000010 | epoch=1.366671
2026-02-19 22:04:22.804 | INFO     | __main__:on_log:99 - step=11880 | loss=0.039500 | grad_norm=0.511705 | learning_rate=0.000010 | epoch=1.367246
2026-02-19 22:04:42.770 | INFO     | __main__:on_log:99 - step=11885 | loss=0.050300 | grad_norm=0.604933 | learning_rate=0.000010 | epoch=1.367821
2026-02-19 22:05:02.732 | INFO     | __main__:on_log:99 - step=11890 | loss=0.054600 | grad_norm=0.610191 | learning_rate=0.000010 | epoch=1.368397
2026-02-19 22:05:22.694 | INFO     | __main__:on_log:99 - step=11895 | loss=0.045600 | grad_norm=0.580968 | learning_rate=0.000010 | epoch=1.368972
2026-02-19 22:05:42.673 | INFO     | __main__:on_log:99 - step=11900 | loss=0.052500 | grad_norm=0.376034 | learning_rate=0.000010 | epoch=1.369548
2026-02-19 22:06:02.667 | INFO     | __main__:on_log:99 - step=11905 | loss=0.044300 | grad_norm=0.444036 | learning_rate=0.000010 | epoch=1.370123
2026-02-19 22:06:22.637 | INFO     | __main__:on_log:99 - step=11910 | loss=0.031400 | grad_norm=0.375714 | learning_rate=0.000010 | epoch=1.370699
2026-02-19 22:06:42.583 | INFO     | __main__:on_log:99 - step=11915 | loss=0.053200 | grad_norm=0.333924 | learning_rate=0.000010 | epoch=1.371274
2026-02-19 22:07:02.512 | INFO     | __main__:on_log:99 - step=11920 | loss=0.048500 | grad_norm=0.774064 | learning_rate=0.000010 | epoch=1.371849
2026-02-19 22:07:22.443 | INFO     | __main__:on_log:99 - step=11925 | loss=0.053500 | grad_norm=0.596994 | learning_rate=0.000010 | epoch=1.372425
2026-02-19 22:07:42.363 | INFO     | __main__:on_log:99 - step=11930 | loss=0.060100 | grad_norm=0.695778 | learning_rate=0.000010 | epoch=1.373000
2026-02-19 22:08:02.317 | INFO     | __main__:on_log:99 - step=11935 | loss=0.048300 | grad_norm=0.501836 | learning_rate=0.000010 | epoch=1.373576
2026-02-19 22:08:22.222 | INFO     | __main__:on_log:99 - step=11940 | loss=0.073000 | grad_norm=0.752172 | learning_rate=0.000010 | epoch=1.374151
2026-02-19 22:08:42.197 | INFO     | __main__:on_log:99 - step=11945 | loss=0.076600 | grad_norm=0.529467 | learning_rate=0.000010 | epoch=1.374727
2026-02-19 22:09:02.143 | INFO     | __main__:on_log:99 - step=11950 | loss=0.053800 | grad_norm=0.635736 | learning_rate=0.000010 | epoch=1.375302
2026-02-19 22:09:22.093 | INFO     | __main__:on_log:99 - step=11955 | loss=0.061400 | grad_norm=0.577854 | learning_rate=0.000010 | epoch=1.375878
2026-02-19 22:09:42.012 | INFO     | __main__:on_log:99 - step=11960 | loss=0.050400 | grad_norm=0.386055 | learning_rate=0.000010 | epoch=1.376453
2026-02-19 22:10:01.946 | INFO     | __main__:on_log:99 - step=11965 | loss=0.052700 | grad_norm=0.915370 | learning_rate=0.000010 | epoch=1.377028
2026-02-19 22:10:21.890 | INFO     | __main__:on_log:99 - step=11970 | loss=0.050200 | grad_norm=0.652219 | learning_rate=0.000010 | epoch=1.377604
2026-02-19 22:10:41.860 | INFO     | __main__:on_log:99 - step=11975 | loss=0.043600 | grad_norm=0.509684 | learning_rate=0.000010 | epoch=1.378179
2026-02-19 22:11:01.825 | INFO     | __main__:on_log:99 - step=11980 | loss=0.070700 | grad_norm=0.770362 | learning_rate=0.000010 | epoch=1.378755
2026-02-19 22:11:21.779 | INFO     | __main__:on_log:99 - step=11985 | loss=0.052100 | grad_norm=0.727216 | learning_rate=0.000010 | epoch=1.379330
2026-02-19 22:11:41.749 | INFO     | __main__:on_log:99 - step=11990 | loss=0.070700 | grad_norm=0.351748 | learning_rate=0.000010 | epoch=1.379906
2026-02-19 22:12:01.695 | INFO     | __main__:on_log:99 - step=11995 | loss=0.060500 | grad_norm=0.427746 | learning_rate=0.000010 | epoch=1.380481
2026-02-19 22:12:21.659 | INFO     | __main__:on_log:99 - step=12000 | loss=0.074700 | grad_norm=0.721873 | learning_rate=0.000010 | epoch=1.381057
2026-02-19 22:12:41.643 | INFO     | __main__:on_log:99 - step=12005 | loss=0.066000 | grad_norm=0.367342 | learning_rate=0.000010 | epoch=1.381632
2026-02-19 22:13:01.618 | INFO     | __main__:on_log:99 - step=12010 | loss=0.054000 | grad_norm=0.649693 | learning_rate=0.000010 | epoch=1.382207
2026-02-19 22:13:21.606 | INFO     | __main__:on_log:99 - step=12015 | loss=0.059200 | grad_norm=0.772390 | learning_rate=0.000010 | epoch=1.382783
2026-02-19 22:13:41.562 | INFO     | __main__:on_log:99 - step=12020 | loss=0.058900 | grad_norm=0.615566 | learning_rate=0.000010 | epoch=1.383358
2026-02-19 22:14:01.536 | INFO     | __main__:on_log:99 - step=12025 | loss=0.047200 | grad_norm=0.437383 | learning_rate=0.000010 | epoch=1.383934
2026-02-19 22:14:21.496 | INFO     | __main__:on_log:99 - step=12030 | loss=0.050000 | grad_norm=0.447764 | learning_rate=0.000010 | epoch=1.384509
2026-02-19 22:14:41.442 | INFO     | __main__:on_log:99 - step=12035 | loss=0.046600 | grad_norm=0.424204 | learning_rate=0.000010 | epoch=1.385085
2026-02-19 22:15:01.383 | INFO     | __main__:on_log:99 - step=12040 | loss=0.047900 | grad_norm=0.422369 | learning_rate=0.000010 | epoch=1.385660
2026-02-19 22:15:21.358 | INFO     | __main__:on_log:99 - step=12045 | loss=0.063200 | grad_norm=0.476491 | learning_rate=0.000010 | epoch=1.386235
2026-02-19 22:15:41.288 | INFO     | __main__:on_log:99 - step=12050 | loss=0.071000 | grad_norm=0.707070 | learning_rate=0.000010 | epoch=1.386811
2026-02-19 22:16:01.242 | INFO     | __main__:on_log:99 - step=12055 | loss=0.052400 | grad_norm=0.330579 | learning_rate=0.000010 | epoch=1.387386
2026-02-19 22:16:21.189 | INFO     | __main__:on_log:99 - step=12060 | loss=0.035100 | grad_norm=0.337788 | learning_rate=0.000010 | epoch=1.387962
2026-02-19 22:16:41.126 | INFO     | __main__:on_log:99 - step=12065 | loss=0.042600 | grad_norm=0.441120 | learning_rate=0.000010 | epoch=1.388537
2026-02-19 22:17:01.066 | INFO     | __main__:on_log:99 - step=12070 | loss=0.052000 | grad_norm=0.438610 | learning_rate=0.000010 | epoch=1.389113
2026-02-19 22:17:21.025 | INFO     | __main__:on_log:99 - step=12075 | loss=0.047400 | grad_norm=0.527014 | learning_rate=0.000010 | epoch=1.389688
2026-02-19 22:17:40.980 | INFO     | __main__:on_log:99 - step=12080 | loss=0.047400 | grad_norm=0.507912 | learning_rate=0.000010 | epoch=1.390264
2026-02-19 22:18:00.931 | INFO     | __main__:on_log:99 - step=12085 | loss=0.071100 | grad_norm=0.977610 | learning_rate=0.000010 | epoch=1.390839
2026-02-19 22:18:20.884 | INFO     | __main__:on_log:99 - step=12090 | loss=0.046600 | grad_norm=0.461531 | learning_rate=0.000010 | epoch=1.391414
2026-02-19 22:18:40.834 | INFO     | __main__:on_log:99 - step=12095 | loss=0.051200 | grad_norm=0.514724 | learning_rate=0.000010 | epoch=1.391990
2026-02-19 22:19:00.771 | INFO     | __main__:on_log:99 - step=12100 | loss=0.055500 | grad_norm=0.364248 | learning_rate=0.000010 | epoch=1.392565
2026-02-19 22:19:20.705 | INFO     | __main__:on_log:99 - step=12105 | loss=0.051300 | grad_norm=0.777562 | learning_rate=0.000010 | epoch=1.393141
2026-02-19 22:19:40.653 | INFO     | __main__:on_log:99 - step=12110 | loss=0.075500 | grad_norm=0.606693 | learning_rate=0.000010 | epoch=1.393716
2026-02-19 22:20:00.599 | INFO     | __main__:on_log:99 - step=12115 | loss=0.058400 | grad_norm=0.349096 | learning_rate=0.000010 | epoch=1.394292
2026-02-19 22:20:20.548 | INFO     | __main__:on_log:99 - step=12120 | loss=0.067400 | grad_norm=0.452149 | learning_rate=0.000010 | epoch=1.394867
2026-02-19 22:20:40.517 | INFO     | __main__:on_log:99 - step=12125 | loss=0.056000 | grad_norm=0.473555 | learning_rate=0.000010 | epoch=1.395443
2026-02-19 22:21:00.497 | INFO     | __main__:on_log:99 - step=12130 | loss=0.048800 | grad_norm=0.403703 | learning_rate=0.000010 | epoch=1.396018
2026-02-19 22:21:20.463 | INFO     | __main__:on_log:99 - step=12135 | loss=0.045600 | grad_norm=0.369059 | learning_rate=0.000010 | epoch=1.396593
2026-02-19 22:21:40.440 | INFO     | __main__:on_log:99 - step=12140 | loss=0.044200 | grad_norm=0.412772 | learning_rate=0.000010 | epoch=1.397169
2026-02-19 22:22:00.359 | INFO     | __main__:on_log:99 - step=12145 | loss=0.048200 | grad_norm=0.710002 | learning_rate=0.000010 | epoch=1.397744
2026-02-19 22:22:20.327 | INFO     | __main__:on_log:99 - step=12150 | loss=0.053400 | grad_norm=0.656336 | learning_rate=0.000010 | epoch=1.398320
2026-02-19 22:22:40.274 | INFO     | __main__:on_log:99 - step=12155 | loss=0.055200 | grad_norm=0.680617 | learning_rate=0.000009 | epoch=1.398895
2026-02-19 22:23:00.234 | INFO     | __main__:on_log:99 - step=12160 | loss=0.058700 | grad_norm=0.643578 | learning_rate=0.000009 | epoch=1.399471
2026-02-19 22:23:20.198 | INFO     | __main__:on_log:99 - step=12165 | loss=0.057900 | grad_norm=0.437303 | learning_rate=0.000009 | epoch=1.400046
2026-02-19 22:23:40.143 | INFO     | __main__:on_log:99 - step=12170 | loss=0.052300 | grad_norm=0.462121 | learning_rate=0.000009 | epoch=1.400621
2026-02-19 22:24:00.128 | INFO     | __main__:on_log:99 - step=12175 | loss=0.050100 | grad_norm=0.416740 | learning_rate=0.000009 | epoch=1.401197
2026-02-19 22:24:20.122 | INFO     | __main__:on_log:99 - step=12180 | loss=0.045500 | grad_norm=0.371806 | learning_rate=0.000009 | epoch=1.401772
2026-02-19 22:24:40.101 | INFO     | __main__:on_log:99 - step=12185 | loss=0.049900 | grad_norm=0.440227 | learning_rate=0.000009 | epoch=1.402348
2026-02-19 22:25:00.065 | INFO     | __main__:on_log:99 - step=12190 | loss=0.069300 | grad_norm=0.749150 | learning_rate=0.000009 | epoch=1.402923
2026-02-19 22:25:20.006 | INFO     | __main__:on_log:99 - step=12195 | loss=0.061200 | grad_norm=0.701200 | learning_rate=0.000009 | epoch=1.403499
2026-02-19 22:25:39.940 | INFO     | __main__:on_log:99 - step=12200 | loss=0.057400 | grad_norm=0.630173 | learning_rate=0.000009 | epoch=1.404074
2026-02-19 22:25:59.902 | INFO     | __main__:on_log:99 - step=12205 | loss=0.049600 | grad_norm=0.499712 | learning_rate=0.000009 | epoch=1.404650
2026-02-19 22:26:19.863 | INFO     | __main__:on_log:99 - step=12210 | loss=0.064800 | grad_norm=0.832651 | learning_rate=0.000009 | epoch=1.405225
2026-02-19 22:26:39.804 | INFO     | __main__:on_log:99 - step=12215 | loss=0.045400 | grad_norm=0.317355 | learning_rate=0.000009 | epoch=1.405800
2026-02-19 22:26:59.758 | INFO     | __main__:on_log:99 - step=12220 | loss=0.061100 | grad_norm=0.436692 | learning_rate=0.000009 | epoch=1.406376
2026-02-19 22:27:19.695 | INFO     | __main__:on_log:99 - step=12225 | loss=0.060600 | grad_norm=0.470326 | learning_rate=0.000009 | epoch=1.406951
2026-02-19 22:27:39.636 | INFO     | __main__:on_log:99 - step=12230 | loss=0.055900 | grad_norm=0.566646 | learning_rate=0.000009 | epoch=1.407527
2026-02-19 22:27:59.594 | INFO     | __main__:on_log:99 - step=12235 | loss=0.052100 | grad_norm=0.403895 | learning_rate=0.000009 | epoch=1.408102
2026-02-19 22:28:19.576 | INFO     | __main__:on_log:99 - step=12240 | loss=0.040100 | grad_norm=0.368390 | learning_rate=0.000009 | epoch=1.408678
2026-02-19 22:28:39.507 | INFO     | __main__:on_log:99 - step=12245 | loss=0.039900 | grad_norm=0.561333 | learning_rate=0.000009 | epoch=1.409253
2026-02-19 22:28:59.479 | INFO     | __main__:on_log:99 - step=12250 | loss=0.053200 | grad_norm=0.489652 | learning_rate=0.000009 | epoch=1.409829
2026-02-19 22:29:19.419 | INFO     | __main__:on_log:99 - step=12255 | loss=0.038800 | grad_norm=0.320455 | learning_rate=0.000009 | epoch=1.410404
2026-02-19 22:29:39.369 | INFO     | __main__:on_log:99 - step=12260 | loss=0.048200 | grad_norm=0.396559 | learning_rate=0.000009 | epoch=1.410979
2026-02-19 22:29:59.336 | INFO     | __main__:on_log:99 - step=12265 | loss=0.034500 | grad_norm=0.477098 | learning_rate=0.000009 | epoch=1.411555
2026-02-19 22:30:19.282 | INFO     | __main__:on_log:99 - step=12270 | loss=0.040700 | grad_norm=0.532450 | learning_rate=0.000009 | epoch=1.412130
2026-02-19 22:30:39.232 | INFO     | __main__:on_log:99 - step=12275 | loss=0.061700 | grad_norm=0.559778 | learning_rate=0.000009 | epoch=1.412706
2026-02-19 22:30:59.208 | INFO     | __main__:on_log:99 - step=12280 | loss=0.056800 | grad_norm=0.540883 | learning_rate=0.000009 | epoch=1.413281
2026-02-19 22:31:19.202 | INFO     | __main__:on_log:99 - step=12285 | loss=0.064700 | grad_norm=0.375926 | learning_rate=0.000009 | epoch=1.413857
2026-02-19 22:31:39.183 | INFO     | __main__:on_log:99 - step=12290 | loss=0.040400 | grad_norm=0.736008 | learning_rate=0.000009 | epoch=1.414432
2026-02-19 22:31:59.169 | INFO     | __main__:on_log:99 - step=12295 | loss=0.071500 | grad_norm=0.531125 | learning_rate=0.000009 | epoch=1.415007
2026-02-19 22:32:19.139 | INFO     | __main__:on_log:99 - step=12300 | loss=0.062700 | grad_norm=0.893620 | learning_rate=0.000009 | epoch=1.415583
2026-02-19 22:32:39.106 | INFO     | __main__:on_log:99 - step=12305 | loss=0.043800 | grad_norm=0.501873 | learning_rate=0.000009 | epoch=1.416158
2026-02-19 22:32:59.076 | INFO     | __main__:on_log:99 - step=12310 | loss=0.042000 | grad_norm=0.581441 | learning_rate=0.000009 | epoch=1.416734
2026-02-19 22:33:19.051 | INFO     | __main__:on_log:99 - step=12315 | loss=0.045500 | grad_norm=0.695090 | learning_rate=0.000009 | epoch=1.417309
2026-02-19 22:33:38.984 | INFO     | __main__:on_log:99 - step=12320 | loss=0.042800 | grad_norm=0.345637 | learning_rate=0.000009 | epoch=1.417885
2026-02-19 22:33:58.897 | INFO     | __main__:on_log:99 - step=12325 | loss=0.062300 | grad_norm=0.648552 | learning_rate=0.000009 | epoch=1.418460
2026-02-19 22:34:18.879 | INFO     | __main__:on_log:99 - step=12330 | loss=0.038000 | grad_norm=0.389313 | learning_rate=0.000009 | epoch=1.419036
2026-02-19 22:34:38.838 | INFO     | __main__:on_log:99 - step=12335 | loss=0.046700 | grad_norm=0.453826 | learning_rate=0.000009 | epoch=1.419611
2026-02-19 22:34:58.806 | INFO     | __main__:on_log:99 - step=12340 | loss=0.060400 | grad_norm=0.517774 | learning_rate=0.000009 | epoch=1.420186
2026-02-19 22:35:18.768 | INFO     | __main__:on_log:99 - step=12345 | loss=0.050900 | grad_norm=0.517832 | learning_rate=0.000009 | epoch=1.420762
2026-02-19 22:35:38.738 | INFO     | __main__:on_log:99 - step=12350 | loss=0.055000 | grad_norm=0.893848 | learning_rate=0.000009 | epoch=1.421337
2026-02-19 22:35:58.668 | INFO     | __main__:on_log:99 - step=12355 | loss=0.054400 | grad_norm=0.717261 | learning_rate=0.000009 | epoch=1.421913
2026-02-19 22:36:18.626 | INFO     | __main__:on_log:99 - step=12360 | loss=0.069600 | grad_norm=0.701136 | learning_rate=0.000009 | epoch=1.422488
2026-02-19 22:36:38.577 | INFO     | __main__:on_log:99 - step=12365 | loss=0.047700 | grad_norm=0.557324 | learning_rate=0.000009 | epoch=1.423064
2026-02-19 22:36:58.530 | INFO     | __main__:on_log:99 - step=12370 | loss=0.070700 | grad_norm=0.681839 | learning_rate=0.000009 | epoch=1.423639
2026-02-19 22:37:18.459 | INFO     | __main__:on_log:99 - step=12375 | loss=0.057900 | grad_norm=0.695421 | learning_rate=0.000009 | epoch=1.424215
2026-02-19 22:37:38.420 | INFO     | __main__:on_log:99 - step=12380 | loss=0.043400 | grad_norm=0.461539 | learning_rate=0.000009 | epoch=1.424790
2026-02-19 22:37:58.369 | INFO     | __main__:on_log:99 - step=12385 | loss=0.048000 | grad_norm=0.437678 | learning_rate=0.000009 | epoch=1.425365
2026-02-19 22:38:18.331 | INFO     | __main__:on_log:99 - step=12390 | loss=0.050800 | grad_norm=0.397203 | learning_rate=0.000009 | epoch=1.425941
2026-02-19 22:38:38.255 | INFO     | __main__:on_log:99 - step=12395 | loss=0.057300 | grad_norm=0.648695 | learning_rate=0.000009 | epoch=1.426516
2026-02-19 22:38:58.191 | INFO     | __main__:on_log:99 - step=12400 | loss=0.082500 | grad_norm=0.616377 | learning_rate=0.000009 | epoch=1.427092
2026-02-19 22:39:18.125 | INFO     | __main__:on_log:99 - step=12405 | loss=0.048800 | grad_norm=0.527266 | learning_rate=0.000009 | epoch=1.427667
2026-02-19 22:39:38.079 | INFO     | __main__:on_log:99 - step=12410 | loss=0.062100 | grad_norm=0.730130 | learning_rate=0.000009 | epoch=1.428243
2026-02-19 22:39:58.022 | INFO     | __main__:on_log:99 - step=12415 | loss=0.055300 | grad_norm=0.454325 | learning_rate=0.000009 | epoch=1.428818
2026-02-19 22:40:17.966 | INFO     | __main__:on_log:99 - step=12420 | loss=0.046200 | grad_norm=0.432062 | learning_rate=0.000009 | epoch=1.429393
2026-02-19 22:40:37.935 | INFO     | __main__:on_log:99 - step=12425 | loss=0.052200 | grad_norm=0.488804 | learning_rate=0.000009 | epoch=1.429969
2026-02-19 22:40:57.878 | INFO     | __main__:on_log:99 - step=12430 | loss=0.056900 | grad_norm=0.584160 | learning_rate=0.000009 | epoch=1.430544
2026-02-19 22:41:17.838 | INFO     | __main__:on_log:99 - step=12435 | loss=0.041100 | grad_norm=0.473649 | learning_rate=0.000009 | epoch=1.431120
2026-02-19 22:41:37.791 | INFO     | __main__:on_log:99 - step=12440 | loss=0.041900 | grad_norm=0.576647 | learning_rate=0.000009 | epoch=1.431695
2026-02-19 22:41:57.766 | INFO     | __main__:on_log:99 - step=12445 | loss=0.028700 | grad_norm=0.397515 | learning_rate=0.000009 | epoch=1.432271
2026-02-19 22:42:17.730 | INFO     | __main__:on_log:99 - step=12450 | loss=0.064200 | grad_norm=0.571159 | learning_rate=0.000009 | epoch=1.432846
2026-02-19 22:42:37.719 | INFO     | __main__:on_log:99 - step=12455 | loss=0.053500 | grad_norm=0.557895 | learning_rate=0.000009 | epoch=1.433422
2026-02-19 22:42:57.671 | INFO     | __main__:on_log:99 - step=12460 | loss=0.059700 | grad_norm=0.666055 | learning_rate=0.000009 | epoch=1.433997
2026-02-19 22:43:17.629 | INFO     | __main__:on_log:99 - step=12465 | loss=0.074600 | grad_norm=0.671914 | learning_rate=0.000009 | epoch=1.434572
2026-02-19 22:43:37.565 | INFO     | __main__:on_log:99 - step=12470 | loss=0.058200 | grad_norm=0.467738 | learning_rate=0.000009 | epoch=1.435148
2026-02-19 22:43:57.521 | INFO     | __main__:on_log:99 - step=12475 | loss=0.054000 | grad_norm=0.596181 | learning_rate=0.000009 | epoch=1.435723
2026-02-19 22:44:17.491 | INFO     | __main__:on_log:99 - step=12480 | loss=0.057600 | grad_norm=0.457779 | learning_rate=0.000009 | epoch=1.436299
2026-02-19 22:44:37.455 | INFO     | __main__:on_log:99 - step=12485 | loss=0.062900 | grad_norm=0.509654 | learning_rate=0.000009 | epoch=1.436874
2026-02-19 22:44:57.396 | INFO     | __main__:on_log:99 - step=12490 | loss=0.053400 | grad_norm=0.336303 | learning_rate=0.000009 | epoch=1.437450
2026-02-19 22:45:17.347 | INFO     | __main__:on_log:99 - step=12495 | loss=0.052300 | grad_norm=0.570667 | learning_rate=0.000009 | epoch=1.438025
2026-02-19 22:45:37.312 | INFO     | __main__:on_log:99 - step=12500 | loss=0.039900 | grad_norm=0.267706 | learning_rate=0.000009 | epoch=1.438601
2026-02-19 22:45:57.287 | INFO     | __main__:on_log:99 - step=12505 | loss=0.042000 | grad_norm=0.328352 | learning_rate=0.000009 | epoch=1.439176
2026-02-19 22:46:17.257 | INFO     | __main__:on_log:99 - step=12510 | loss=0.049700 | grad_norm=0.618895 | learning_rate=0.000009 | epoch=1.439751
2026-02-19 22:46:37.227 | INFO     | __main__:on_log:99 - step=12515 | loss=0.053100 | grad_norm=0.510295 | learning_rate=0.000009 | epoch=1.440327
2026-02-19 22:46:57.171 | INFO     | __main__:on_log:99 - step=12520 | loss=0.051600 | grad_norm=0.413587 | learning_rate=0.000009 | epoch=1.440902
2026-02-19 22:47:17.134 | INFO     | __main__:on_log:99 - step=12525 | loss=0.067600 | grad_norm=0.586571 | learning_rate=0.000009 | epoch=1.441478
2026-02-19 22:47:37.062 | INFO     | __main__:on_log:99 - step=12530 | loss=0.053900 | grad_norm=0.456156 | learning_rate=0.000009 | epoch=1.442053
2026-02-19 22:47:57.017 | INFO     | __main__:on_log:99 - step=12535 | loss=0.062000 | grad_norm=0.483245 | learning_rate=0.000009 | epoch=1.442629
2026-02-19 22:48:16.946 | INFO     | __main__:on_log:99 - step=12540 | loss=0.051300 | grad_norm=0.356281 | learning_rate=0.000009 | epoch=1.443204
2026-02-19 22:48:36.922 | INFO     | __main__:on_log:99 - step=12545 | loss=0.044500 | grad_norm=0.667133 | learning_rate=0.000009 | epoch=1.443779
2026-02-19 22:48:56.908 | INFO     | __main__:on_log:99 - step=12550 | loss=0.053400 | grad_norm=0.404434 | learning_rate=0.000009 | epoch=1.444355
2026-02-19 22:49:16.846 | INFO     | __main__:on_log:99 - step=12555 | loss=0.051900 | grad_norm=0.486628 | learning_rate=0.000009 | epoch=1.444930
2026-02-19 22:49:36.822 | INFO     | __main__:on_log:99 - step=12560 | loss=0.073900 | grad_norm=0.620999 | learning_rate=0.000009 | epoch=1.445506
2026-02-19 22:49:56.753 | INFO     | __main__:on_log:99 - step=12565 | loss=0.061100 | grad_norm=0.657353 | learning_rate=0.000009 | epoch=1.446081
2026-02-19 22:50:16.692 | INFO     | __main__:on_log:99 - step=12570 | loss=0.061700 | grad_norm=0.402312 | learning_rate=0.000009 | epoch=1.446657
2026-02-19 22:50:36.638 | INFO     | __main__:on_log:99 - step=12575 | loss=0.069800 | grad_norm=0.460576 | learning_rate=0.000009 | epoch=1.447232
2026-02-19 22:50:56.555 | INFO     | __main__:on_log:99 - step=12580 | loss=0.045300 | grad_norm=0.510054 | learning_rate=0.000009 | epoch=1.447808
2026-02-19 22:51:16.496 | INFO     | __main__:on_log:99 - step=12585 | loss=0.044000 | grad_norm=0.675767 | learning_rate=0.000009 | epoch=1.448383
2026-02-19 22:51:36.431 | INFO     | __main__:on_log:99 - step=12590 | loss=0.047900 | grad_norm=0.428174 | learning_rate=0.000009 | epoch=1.448958
2026-02-19 22:51:56.408 | INFO     | __main__:on_log:99 - step=12595 | loss=0.049600 | grad_norm=0.695192 | learning_rate=0.000009 | epoch=1.449534
2026-02-19 22:52:16.353 | INFO     | __main__:on_log:99 - step=12600 | loss=0.040000 | grad_norm=0.373892 | learning_rate=0.000009 | epoch=1.450109
2026-02-19 22:52:36.339 | INFO     | __main__:on_log:99 - step=12605 | loss=0.046400 | grad_norm=0.553543 | learning_rate=0.000009 | epoch=1.450685
2026-02-19 22:52:56.303 | INFO     | __main__:on_log:99 - step=12610 | loss=0.056900 | grad_norm=0.416573 | learning_rate=0.000009 | epoch=1.451260
2026-02-19 22:53:16.305 | INFO     | __main__:on_log:99 - step=12615 | loss=0.071700 | grad_norm=0.654721 | learning_rate=0.000009 | epoch=1.451836
2026-02-19 22:53:36.286 | INFO     | __main__:on_log:99 - step=12620 | loss=0.047300 | grad_norm=0.500086 | learning_rate=0.000009 | epoch=1.452411
2026-02-19 22:53:56.259 | INFO     | __main__:on_log:99 - step=12625 | loss=0.064600 | grad_norm=0.480672 | learning_rate=0.000009 | epoch=1.452987
2026-02-19 22:54:16.217 | INFO     | __main__:on_log:99 - step=12630 | loss=0.056000 | grad_norm=0.564840 | learning_rate=0.000009 | epoch=1.453562
2026-02-19 22:54:36.173 | INFO     | __main__:on_log:99 - step=12635 | loss=0.064300 | grad_norm=0.757607 | learning_rate=0.000009 | epoch=1.454137
2026-02-19 22:54:56.132 | INFO     | __main__:on_log:99 - step=12640 | loss=0.051000 | grad_norm=0.517913 | learning_rate=0.000009 | epoch=1.454713
2026-02-19 22:55:16.322 | INFO     | __main__:on_log:99 - step=12645 | loss=0.045600 | grad_norm=0.613857 | learning_rate=0.000009 | epoch=1.455288
2026-02-19 22:55:36.250 | INFO     | __main__:on_log:99 - step=12650 | loss=0.038300 | grad_norm=0.405065 | learning_rate=0.000009 | epoch=1.455864
2026-02-19 22:55:56.194 | INFO     | __main__:on_log:99 - step=12655 | loss=0.046200 | grad_norm=0.629835 | learning_rate=0.000009 | epoch=1.456439
2026-02-19 22:56:16.141 | INFO     | __main__:on_log:99 - step=12660 | loss=0.056800 | grad_norm=0.586311 | learning_rate=0.000009 | epoch=1.457015
2026-02-19 22:56:36.092 | INFO     | __main__:on_log:99 - step=12665 | loss=0.049900 | grad_norm=0.435450 | learning_rate=0.000009 | epoch=1.457590
2026-02-19 22:56:56.038 | INFO     | __main__:on_log:99 - step=12670 | loss=0.049900 | grad_norm=0.574011 | learning_rate=0.000009 | epoch=1.458165
2026-02-19 22:57:16.029 | INFO     | __main__:on_log:99 - step=12675 | loss=0.063000 | grad_norm=0.370728 | learning_rate=0.000009 | epoch=1.458741
2026-02-19 22:57:35.976 | INFO     | __main__:on_log:99 - step=12680 | loss=0.065700 | grad_norm=0.642075 | learning_rate=0.000009 | epoch=1.459316
2026-02-19 22:57:55.944 | INFO     | __main__:on_log:99 - step=12685 | loss=0.063400 | grad_norm=0.553925 | learning_rate=0.000009 | epoch=1.459892
2026-02-19 22:58:15.904 | INFO     | __main__:on_log:99 - step=12690 | loss=0.055800 | grad_norm=0.579716 | learning_rate=0.000009 | epoch=1.460467
2026-02-19 22:58:35.854 | INFO     | __main__:on_log:99 - step=12695 | loss=0.047400 | grad_norm=0.400818 | learning_rate=0.000009 | epoch=1.461043
2026-02-19 22:58:55.794 | INFO     | __main__:on_log:99 - step=12700 | loss=0.052800 | grad_norm=0.542664 | learning_rate=0.000009 | epoch=1.461618
2026-02-19 22:59:15.736 | INFO     | __main__:on_log:99 - step=12705 | loss=0.051300 | grad_norm=0.465557 | learning_rate=0.000008 | epoch=1.462194
2026-02-19 22:59:35.713 | INFO     | __main__:on_log:99 - step=12710 | loss=0.060200 | grad_norm=0.770890 | learning_rate=0.000008 | epoch=1.462769
2026-02-19 22:59:55.662 | INFO     | __main__:on_log:99 - step=12715 | loss=0.032300 | grad_norm=0.175988 | learning_rate=0.000008 | epoch=1.463344
2026-02-19 23:00:15.616 | INFO     | __main__:on_log:99 - step=12720 | loss=0.046600 | grad_norm=0.654137 | learning_rate=0.000008 | epoch=1.463920
2026-02-19 23:00:35.556 | INFO     | __main__:on_log:99 - step=12725 | loss=0.067300 | grad_norm=0.708404 | learning_rate=0.000008 | epoch=1.464495
2026-02-19 23:00:55.494 | INFO     | __main__:on_log:99 - step=12730 | loss=0.036800 | grad_norm=0.442299 | learning_rate=0.000008 | epoch=1.465071
2026-02-19 23:01:15.450 | INFO     | __main__:on_log:99 - step=12735 | loss=0.053100 | grad_norm=0.753664 | learning_rate=0.000008 | epoch=1.465646
2026-02-19 23:01:35.386 | INFO     | __main__:on_log:99 - step=12740 | loss=0.048900 | grad_norm=0.447752 | learning_rate=0.000008 | epoch=1.466222
2026-02-19 23:01:55.327 | INFO     | __main__:on_log:99 - step=12745 | loss=0.055900 | grad_norm=0.711379 | learning_rate=0.000008 | epoch=1.466797
2026-02-19 23:02:15.270 | INFO     | __main__:on_log:99 - step=12750 | loss=0.058600 | grad_norm=0.811741 | learning_rate=0.000008 | epoch=1.467373
2026-02-19 23:02:35.225 | INFO     | __main__:on_log:99 - step=12755 | loss=0.050300 | grad_norm=0.878059 | learning_rate=0.000008 | epoch=1.467948
2026-02-19 23:02:55.172 | INFO     | __main__:on_log:99 - step=12760 | loss=0.052100 | grad_norm=0.474086 | learning_rate=0.000008 | epoch=1.468523
2026-02-19 23:03:15.116 | INFO     | __main__:on_log:99 - step=12765 | loss=0.067600 | grad_norm=0.426389 | learning_rate=0.000008 | epoch=1.469099
2026-02-19 23:03:35.068 | INFO     | __main__:on_log:99 - step=12770 | loss=0.065900 | grad_norm=0.711982 | learning_rate=0.000008 | epoch=1.469674
2026-02-19 23:03:55.025 | INFO     | __main__:on_log:99 - step=12775 | loss=0.048000 | grad_norm=0.551763 | learning_rate=0.000008 | epoch=1.470250
2026-02-19 23:04:14.996 | INFO     | __main__:on_log:99 - step=12780 | loss=0.059500 | grad_norm=0.565469 | learning_rate=0.000008 | epoch=1.470825
2026-02-19 23:04:34.937 | INFO     | __main__:on_log:99 - step=12785 | loss=0.055400 | grad_norm=0.402693 | learning_rate=0.000008 | epoch=1.471401
2026-02-19 23:04:54.880 | INFO     | __main__:on_log:99 - step=12790 | loss=0.062100 | grad_norm=0.455687 | learning_rate=0.000008 | epoch=1.471976
2026-02-19 23:05:14.835 | INFO     | __main__:on_log:99 - step=12795 | loss=0.044500 | grad_norm=0.601576 | learning_rate=0.000008 | epoch=1.472552
2026-02-19 23:05:34.791 | INFO     | __main__:on_log:99 - step=12800 | loss=0.061200 | grad_norm=0.662186 | learning_rate=0.000008 | epoch=1.473127
2026-02-19 23:05:54.741 | INFO     | __main__:on_log:99 - step=12805 | loss=0.046900 | grad_norm=0.637642 | learning_rate=0.000008 | epoch=1.473702
2026-02-19 23:06:14.724 | INFO     | __main__:on_log:99 - step=12810 | loss=0.054100 | grad_norm=0.466224 | learning_rate=0.000008 | epoch=1.474278
2026-02-19 23:06:34.702 | INFO     | __main__:on_log:99 - step=12815 | loss=0.052000 | grad_norm=0.476069 | learning_rate=0.000008 | epoch=1.474853
2026-02-19 23:06:54.653 | INFO     | __main__:on_log:99 - step=12820 | loss=0.058300 | grad_norm=0.415855 | learning_rate=0.000008 | epoch=1.475429
2026-02-19 23:07:14.585 | INFO     | __main__:on_log:99 - step=12825 | loss=0.037400 | grad_norm=0.443842 | learning_rate=0.000008 | epoch=1.476004
2026-02-19 23:07:34.547 | INFO     | __main__:on_log:99 - step=12830 | loss=0.062900 | grad_norm=0.483756 | learning_rate=0.000008 | epoch=1.476580
2026-02-19 23:07:54.497 | INFO     | __main__:on_log:99 - step=12835 | loss=0.050600 | grad_norm=0.391106 | learning_rate=0.000008 | epoch=1.477155
2026-02-19 23:08:14.442 | INFO     | __main__:on_log:99 - step=12840 | loss=0.047300 | grad_norm=0.440272 | learning_rate=0.000008 | epoch=1.477730
2026-02-19 23:08:34.375 | INFO     | __main__:on_log:99 - step=12845 | loss=0.054000 | grad_norm=0.470877 | learning_rate=0.000008 | epoch=1.478306
2026-02-19 23:08:54.336 | INFO     | __main__:on_log:99 - step=12850 | loss=0.055900 | grad_norm=0.450385 | learning_rate=0.000008 | epoch=1.478881
2026-02-19 23:09:14.282 | INFO     | __main__:on_log:99 - step=12855 | loss=0.062300 | grad_norm=0.615340 | learning_rate=0.000008 | epoch=1.479457
2026-02-19 23:09:34.253 | INFO     | __main__:on_log:99 - step=12860 | loss=0.061700 | grad_norm=0.644908 | learning_rate=0.000008 | epoch=1.480032
2026-02-19 23:09:54.202 | INFO     | __main__:on_log:99 - step=12865 | loss=0.049000 | grad_norm=0.443742 | learning_rate=0.000008 | epoch=1.480608
2026-02-19 23:10:14.166 | INFO     | __main__:on_log:99 - step=12870 | loss=0.054800 | grad_norm=0.347286 | learning_rate=0.000008 | epoch=1.481183
2026-02-19 23:10:34.100 | INFO     | __main__:on_log:99 - step=12875 | loss=0.056300 | grad_norm=0.455290 | learning_rate=0.000008 | epoch=1.481759
2026-02-19 23:10:54.052 | INFO     | __main__:on_log:99 - step=12880 | loss=0.060600 | grad_norm=0.549006 | learning_rate=0.000008 | epoch=1.482334
2026-02-19 23:11:14.020 | INFO     | __main__:on_log:99 - step=12885 | loss=0.058700 | grad_norm=0.296298 | learning_rate=0.000008 | epoch=1.482909
2026-02-19 23:11:33.988 | INFO     | __main__:on_log:99 - step=12890 | loss=0.050500 | grad_norm=0.364558 | learning_rate=0.000008 | epoch=1.483485
2026-02-19 23:11:53.943 | INFO     | __main__:on_log:99 - step=12895 | loss=0.045500 | grad_norm=0.428316 | learning_rate=0.000008 | epoch=1.484060
2026-02-19 23:12:13.890 | INFO     | __main__:on_log:99 - step=12900 | loss=0.035100 | grad_norm=0.502011 | learning_rate=0.000008 | epoch=1.484636
2026-02-19 23:12:33.833 | INFO     | __main__:on_log:99 - step=12905 | loss=0.038000 | grad_norm=0.257776 | learning_rate=0.000008 | epoch=1.485211
2026-02-19 23:12:53.794 | INFO     | __main__:on_log:99 - step=12910 | loss=0.060600 | grad_norm=0.632199 | learning_rate=0.000008 | epoch=1.485787
2026-02-19 23:13:13.732 | INFO     | __main__:on_log:99 - step=12915 | loss=0.057900 | grad_norm=0.576678 | learning_rate=0.000008 | epoch=1.486362
2026-02-19 23:13:33.690 | INFO     | __main__:on_log:99 - step=12920 | loss=0.046100 | grad_norm=0.496271 | learning_rate=0.000008 | epoch=1.486938
2026-02-19 23:13:53.621 | INFO     | __main__:on_log:99 - step=12925 | loss=0.075800 | grad_norm=0.601643 | learning_rate=0.000008 | epoch=1.487513
2026-02-19 23:14:13.571 | INFO     | __main__:on_log:99 - step=12930 | loss=0.067900 | grad_norm=0.358406 | learning_rate=0.000008 | epoch=1.488088
2026-02-19 23:14:33.536 | INFO     | __main__:on_log:99 - step=12935 | loss=0.060400 | grad_norm=0.899240 | learning_rate=0.000008 | epoch=1.488664
2026-02-19 23:14:53.511 | INFO     | __main__:on_log:99 - step=12940 | loss=0.052200 | grad_norm=0.806985 | learning_rate=0.000008 | epoch=1.489239
2026-02-19 23:15:13.479 | INFO     | __main__:on_log:99 - step=12945 | loss=0.058200 | grad_norm=0.700660 | learning_rate=0.000008 | epoch=1.489815
2026-02-19 23:15:33.421 | INFO     | __main__:on_log:99 - step=12950 | loss=0.054700 | grad_norm=0.405253 | learning_rate=0.000008 | epoch=1.490390
2026-02-19 23:15:53.378 | INFO     | __main__:on_log:99 - step=12955 | loss=0.039500 | grad_norm=0.441983 | learning_rate=0.000008 | epoch=1.490966
2026-02-19 23:16:13.317 | INFO     | __main__:on_log:99 - step=12960 | loss=0.068700 | grad_norm=0.749377 | learning_rate=0.000008 | epoch=1.491541
2026-02-19 23:16:33.267 | INFO     | __main__:on_log:99 - step=12965 | loss=0.062900 | grad_norm=0.853123 | learning_rate=0.000008 | epoch=1.492116
2026-02-19 23:16:53.209 | INFO     | __main__:on_log:99 - step=12970 | loss=0.050000 | grad_norm=0.404273 | learning_rate=0.000008 | epoch=1.492692
2026-02-19 23:17:13.130 | INFO     | __main__:on_log:99 - step=12975 | loss=0.051700 | grad_norm=0.549213 | learning_rate=0.000008 | epoch=1.493267
2026-02-19 23:17:33.051 | INFO     | __main__:on_log:99 - step=12980 | loss=0.056200 | grad_norm=0.588963 | learning_rate=0.000008 | epoch=1.493843
2026-02-19 23:17:52.974 | INFO     | __main__:on_log:99 - step=12985 | loss=0.045500 | grad_norm=0.414474 | learning_rate=0.000008 | epoch=1.494418
2026-02-19 23:18:12.915 | INFO     | __main__:on_log:99 - step=12990 | loss=0.065500 | grad_norm=0.621954 | learning_rate=0.000008 | epoch=1.494994
2026-02-19 23:18:32.862 | INFO     | __main__:on_log:99 - step=12995 | loss=0.042800 | grad_norm=0.512152 | learning_rate=0.000008 | epoch=1.495569
2026-02-19 23:18:52.796 | INFO     | __main__:on_log:99 - step=13000 | loss=0.060600 | grad_norm=0.696153 | learning_rate=0.000008 | epoch=1.496145
2026-02-19 23:19:12.745 | INFO     | __main__:on_log:99 - step=13005 | loss=0.055500 | grad_norm=0.545043 | learning_rate=0.000008 | epoch=1.496720
2026-02-19 23:19:32.693 | INFO     | __main__:on_log:99 - step=13010 | loss=0.048300 | grad_norm=0.749084 | learning_rate=0.000008 | epoch=1.497295
2026-02-19 23:19:52.617 | INFO     | __main__:on_log:99 - step=13015 | loss=0.035600 | grad_norm=0.507676 | learning_rate=0.000008 | epoch=1.497871
2026-02-19 23:20:12.549 | INFO     | __main__:on_log:99 - step=13020 | loss=0.059000 | grad_norm=0.593321 | learning_rate=0.000008 | epoch=1.498446
2026-02-19 23:20:32.464 | INFO     | __main__:on_log:99 - step=13025 | loss=0.060300 | grad_norm=0.523074 | learning_rate=0.000008 | epoch=1.499022
2026-02-19 23:20:52.398 | INFO     | __main__:on_log:99 - step=13030 | loss=0.056600 | grad_norm=0.491778 | learning_rate=0.000008 | epoch=1.499597
2026-02-19 23:21:12.351 | INFO     | __main__:on_log:99 - step=13035 | loss=0.049600 | grad_norm=0.566627 | learning_rate=0.000008 | epoch=1.500173
2026-02-19 23:21:32.302 | INFO     | __main__:on_log:99 - step=13040 | loss=0.051800 | grad_norm=0.552489 | learning_rate=0.000008 | epoch=1.500748
2026-02-19 23:21:52.273 | INFO     | __main__:on_log:99 - step=13045 | loss=0.046400 | grad_norm=0.619606 | learning_rate=0.000008 | epoch=1.501324
2026-02-19 23:22:12.248 | INFO     | __main__:on_log:99 - step=13050 | loss=0.042300 | grad_norm=0.646433 | learning_rate=0.000008 | epoch=1.501899
2026-02-19 23:22:32.222 | INFO     | __main__:on_log:99 - step=13055 | loss=0.052500 | grad_norm=0.600520 | learning_rate=0.000008 | epoch=1.502474
2026-02-19 23:22:52.189 | INFO     | __main__:on_log:99 - step=13060 | loss=0.057000 | grad_norm=0.676496 | learning_rate=0.000008 | epoch=1.503050
2026-02-19 23:23:12.153 | INFO     | __main__:on_log:99 - step=13065 | loss=0.063200 | grad_norm=0.742996 | learning_rate=0.000008 | epoch=1.503625
2026-02-19 23:23:32.103 | INFO     | __main__:on_log:99 - step=13070 | loss=0.044500 | grad_norm=0.872924 | learning_rate=0.000008 | epoch=1.504201
2026-02-19 23:23:52.065 | INFO     | __main__:on_log:99 - step=13075 | loss=0.056100 | grad_norm=0.359056 | learning_rate=0.000008 | epoch=1.504776
2026-02-19 23:24:12.041 | INFO     | __main__:on_log:99 - step=13080 | loss=0.058200 | grad_norm=0.555627 | learning_rate=0.000008 | epoch=1.505352
2026-02-19 23:24:32.037 | INFO     | __main__:on_log:99 - step=13085 | loss=0.047300 | grad_norm=0.442182 | learning_rate=0.000008 | epoch=1.505927
2026-02-19 23:24:52.015 | INFO     | __main__:on_log:99 - step=13090 | loss=0.038400 | grad_norm=0.254081 | learning_rate=0.000008 | epoch=1.506502
2026-02-19 23:25:11.977 | INFO     | __main__:on_log:99 - step=13095 | loss=0.033600 | grad_norm=0.300095 | learning_rate=0.000008 | epoch=1.507078
2026-02-19 23:25:31.953 | INFO     | __main__:on_log:99 - step=13100 | loss=0.065300 | grad_norm=0.434600 | learning_rate=0.000008 | epoch=1.507653
2026-02-19 23:25:51.901 | INFO     | __main__:on_log:99 - step=13105 | loss=0.060200 | grad_norm=0.668953 | learning_rate=0.000008 | epoch=1.508229
2026-02-19 23:26:11.831 | INFO     | __main__:on_log:99 - step=13110 | loss=0.053300 | grad_norm=0.718620 | learning_rate=0.000008 | epoch=1.508804
2026-02-19 23:26:31.800 | INFO     | __main__:on_log:99 - step=13115 | loss=0.053800 | grad_norm=0.821131 | learning_rate=0.000008 | epoch=1.509380
2026-02-19 23:26:51.774 | INFO     | __main__:on_log:99 - step=13120 | loss=0.057000 | grad_norm=0.627091 | learning_rate=0.000008 | epoch=1.509955
2026-02-19 23:27:11.746 | INFO     | __main__:on_log:99 - step=13125 | loss=0.046100 | grad_norm=0.411276 | learning_rate=0.000008 | epoch=1.510531
2026-02-19 23:27:31.688 | INFO     | __main__:on_log:99 - step=13130 | loss=0.055400 | grad_norm=0.878070 | learning_rate=0.000008 | epoch=1.511106
2026-02-19 23:27:51.647 | INFO     | __main__:on_log:99 - step=13135 | loss=0.051800 | grad_norm=0.413194 | learning_rate=0.000008 | epoch=1.511681
2026-02-19 23:28:11.604 | INFO     | __main__:on_log:99 - step=13140 | loss=0.052600 | grad_norm=0.615067 | learning_rate=0.000008 | epoch=1.512257
2026-02-19 23:28:31.528 | INFO     | __main__:on_log:99 - step=13145 | loss=0.045500 | grad_norm=0.546024 | learning_rate=0.000008 | epoch=1.512832
2026-02-19 23:28:51.461 | INFO     | __main__:on_log:99 - step=13150 | loss=0.042300 | grad_norm=0.742739 | learning_rate=0.000008 | epoch=1.513408
2026-02-19 23:29:11.426 | INFO     | __main__:on_log:99 - step=13155 | loss=0.040700 | grad_norm=0.266418 | learning_rate=0.000008 | epoch=1.513983
2026-02-19 23:29:31.379 | INFO     | __main__:on_log:99 - step=13160 | loss=0.053100 | grad_norm=0.611925 | learning_rate=0.000008 | epoch=1.514559
2026-02-19 23:29:51.334 | INFO     | __main__:on_log:99 - step=13165 | loss=0.071300 | grad_norm=0.529787 | learning_rate=0.000008 | epoch=1.515134
2026-02-19 23:30:11.276 | INFO     | __main__:on_log:99 - step=13170 | loss=0.048900 | grad_norm=0.364847 | learning_rate=0.000008 | epoch=1.515710
2026-02-19 23:30:31.238 | INFO     | __main__:on_log:99 - step=13175 | loss=0.034200 | grad_norm=0.522016 | learning_rate=0.000008 | epoch=1.516285
2026-02-19 23:30:51.173 | INFO     | __main__:on_log:99 - step=13180 | loss=0.066600 | grad_norm=0.732835 | learning_rate=0.000008 | epoch=1.516860
2026-02-19 23:31:11.101 | INFO     | __main__:on_log:99 - step=13185 | loss=0.059300 | grad_norm=0.509758 | learning_rate=0.000008 | epoch=1.517436
2026-02-19 23:31:31.031 | INFO     | __main__:on_log:99 - step=13190 | loss=0.045400 | grad_norm=0.658416 | learning_rate=0.000008 | epoch=1.518011
2026-02-19 23:31:50.989 | INFO     | __main__:on_log:99 - step=13195 | loss=0.088400 | grad_norm=0.563147 | learning_rate=0.000008 | epoch=1.518587
2026-02-19 23:32:10.941 | INFO     | __main__:on_log:99 - step=13200 | loss=0.050500 | grad_norm=0.409676 | learning_rate=0.000008 | epoch=1.519162
2026-02-19 23:32:30.904 | INFO     | __main__:on_log:99 - step=13205 | loss=0.058800 | grad_norm=0.376952 | learning_rate=0.000008 | epoch=1.519738
2026-02-19 23:32:50.862 | INFO     | __main__:on_log:99 - step=13210 | loss=0.055300 | grad_norm=0.778541 | learning_rate=0.000008 | epoch=1.520313
2026-02-19 23:33:10.822 | INFO     | __main__:on_log:99 - step=13215 | loss=0.051800 | grad_norm=0.533069 | learning_rate=0.000008 | epoch=1.520888
2026-02-19 23:33:30.783 | INFO     | __main__:on_log:99 - step=13220 | loss=0.049300 | grad_norm=0.641379 | learning_rate=0.000008 | epoch=1.521464
2026-02-19 23:33:50.757 | INFO     | __main__:on_log:99 - step=13225 | loss=0.042100 | grad_norm=0.512894 | learning_rate=0.000008 | epoch=1.522039
2026-02-19 23:34:10.733 | INFO     | __main__:on_log:99 - step=13230 | loss=0.049800 | grad_norm=0.748279 | learning_rate=0.000008 | epoch=1.522615
2026-02-19 23:34:30.680 | INFO     | __main__:on_log:99 - step=13235 | loss=0.068400 | grad_norm=0.588268 | learning_rate=0.000008 | epoch=1.523190
2026-02-19 23:34:50.639 | INFO     | __main__:on_log:99 - step=13240 | loss=0.053600 | grad_norm=0.353918 | learning_rate=0.000008 | epoch=1.523766
2026-02-19 23:35:10.583 | INFO     | __main__:on_log:99 - step=13245 | loss=0.056900 | grad_norm=0.518964 | learning_rate=0.000008 | epoch=1.524341
2026-02-19 23:35:30.543 | INFO     | __main__:on_log:99 - step=13250 | loss=0.053500 | grad_norm=0.439317 | learning_rate=0.000008 | epoch=1.524917
2026-02-19 23:35:50.483 | INFO     | __main__:on_log:99 - step=13255 | loss=0.049000 | grad_norm=0.655915 | learning_rate=0.000007 | epoch=1.525492
2026-02-19 23:36:10.433 | INFO     | __main__:on_log:99 - step=13260 | loss=0.035200 | grad_norm=0.415820 | learning_rate=0.000007 | epoch=1.526067
2026-02-19 23:36:30.362 | INFO     | __main__:on_log:99 - step=13265 | loss=0.044700 | grad_norm=0.458827 | learning_rate=0.000007 | epoch=1.526643
2026-02-19 23:36:50.316 | INFO     | __main__:on_log:99 - step=13270 | loss=0.058400 | grad_norm=0.542000 | learning_rate=0.000007 | epoch=1.527218
2026-02-19 23:37:10.226 | INFO     | __main__:on_log:99 - step=13275 | loss=0.049700 | grad_norm=0.441422 | learning_rate=0.000007 | epoch=1.527794
2026-02-19 23:37:30.137 | INFO     | __main__:on_log:99 - step=13280 | loss=0.091200 | grad_norm=0.517884 | learning_rate=0.000007 | epoch=1.528369
2026-02-19 23:37:50.111 | INFO     | __main__:on_log:99 - step=13285 | loss=0.048600 | grad_norm=0.459621 | learning_rate=0.000007 | epoch=1.528945
2026-02-19 23:38:10.049 | INFO     | __main__:on_log:99 - step=13290 | loss=0.040800 | grad_norm=0.403854 | learning_rate=0.000007 | epoch=1.529520
2026-02-19 23:38:30.007 | INFO     | __main__:on_log:99 - step=13295 | loss=0.067800 | grad_norm=0.575380 | learning_rate=0.000007 | epoch=1.530096
2026-02-19 23:38:49.969 | INFO     | __main__:on_log:99 - step=13300 | loss=0.048600 | grad_norm=0.353991 | learning_rate=0.000007 | epoch=1.530671
2026-02-19 23:39:09.944 | INFO     | __main__:on_log:99 - step=13305 | loss=0.033900 | grad_norm=0.446464 | learning_rate=0.000007 | epoch=1.531246
2026-02-19 23:39:29.890 | INFO     | __main__:on_log:99 - step=13310 | loss=0.043500 | grad_norm=0.317278 | learning_rate=0.000007 | epoch=1.531822
2026-02-19 23:39:49.828 | INFO     | __main__:on_log:99 - step=13315 | loss=0.034400 | grad_norm=0.416702 | learning_rate=0.000007 | epoch=1.532397
2026-02-19 23:40:09.760 | INFO     | __main__:on_log:99 - step=13320 | loss=0.059800 | grad_norm=0.409288 | learning_rate=0.000007 | epoch=1.532973
2026-02-19 23:40:29.716 | INFO     | __main__:on_log:99 - step=13325 | loss=0.055800 | grad_norm=0.573869 | learning_rate=0.000007 | epoch=1.533548
2026-02-19 23:40:49.665 | INFO     | __main__:on_log:99 - step=13330 | loss=0.051500 | grad_norm=0.470027 | learning_rate=0.000007 | epoch=1.534124
2026-02-19 23:41:09.647 | INFO     | __main__:on_log:99 - step=13335 | loss=0.043700 | grad_norm=0.369546 | learning_rate=0.000007 | epoch=1.534699
2026-02-19 23:41:29.603 | INFO     | __main__:on_log:99 - step=13340 | loss=0.044700 | grad_norm=0.494380 | learning_rate=0.000007 | epoch=1.535274
2026-02-19 23:41:49.595 | INFO     | __main__:on_log:99 - step=13345 | loss=0.048200 | grad_norm=0.719783 | learning_rate=0.000007 | epoch=1.535850
2026-02-19 23:42:09.553 | INFO     | __main__:on_log:99 - step=13350 | loss=0.057900 | grad_norm=0.733900 | learning_rate=0.000007 | epoch=1.536425
2026-02-19 23:42:29.506 | INFO     | __main__:on_log:99 - step=13355 | loss=0.042100 | grad_norm=0.564813 | learning_rate=0.000007 | epoch=1.537001
2026-02-19 23:42:49.454 | INFO     | __main__:on_log:99 - step=13360 | loss=0.052900 | grad_norm=0.364070 | learning_rate=0.000007 | epoch=1.537576
2026-02-19 23:43:09.390 | INFO     | __main__:on_log:99 - step=13365 | loss=0.063900 | grad_norm=0.662429 | learning_rate=0.000007 | epoch=1.538152
2026-02-19 23:43:29.346 | INFO     | __main__:on_log:99 - step=13370 | loss=0.055900 | grad_norm=0.513695 | learning_rate=0.000007 | epoch=1.538727
2026-02-19 23:43:49.308 | INFO     | __main__:on_log:99 - step=13375 | loss=0.053700 | grad_norm=0.562910 | learning_rate=0.000007 | epoch=1.539303
2026-02-19 23:44:09.246 | INFO     | __main__:on_log:99 - step=13380 | loss=0.065100 | grad_norm=0.438117 | learning_rate=0.000007 | epoch=1.539878
2026-02-19 23:44:29.186 | INFO     | __main__:on_log:99 - step=13385 | loss=0.048900 | grad_norm=0.403768 | learning_rate=0.000007 | epoch=1.540453
2026-02-19 23:44:49.112 | INFO     | __main__:on_log:99 - step=13390 | loss=0.064200 | grad_norm=0.693480 | learning_rate=0.000007 | epoch=1.541029
2026-02-19 23:45:09.055 | INFO     | __main__:on_log:99 - step=13395 | loss=0.064600 | grad_norm=0.558066 | learning_rate=0.000007 | epoch=1.541604
2026-02-19 23:45:29.010 | INFO     | __main__:on_log:99 - step=13400 | loss=0.039800 | grad_norm=0.573685 | learning_rate=0.000007 | epoch=1.542180
2026-02-19 23:45:48.932 | INFO     | __main__:on_log:99 - step=13405 | loss=0.041900 | grad_norm=0.579504 | learning_rate=0.000007 | epoch=1.542755
2026-02-19 23:46:08.878 | INFO     | __main__:on_log:99 - step=13410 | loss=0.056400 | grad_norm=0.613213 | learning_rate=0.000007 | epoch=1.543331
2026-02-19 23:46:28.818 | INFO     | __main__:on_log:99 - step=13415 | loss=0.061000 | grad_norm=0.569136 | learning_rate=0.000007 | epoch=1.543906
2026-02-19 23:46:48.749 | INFO     | __main__:on_log:99 - step=13420 | loss=0.053200 | grad_norm=0.507901 | learning_rate=0.000007 | epoch=1.544482
2026-02-19 23:47:08.698 | INFO     | __main__:on_log:99 - step=13425 | loss=0.035700 | grad_norm=0.386992 | learning_rate=0.000007 | epoch=1.545057
2026-02-19 23:47:28.651 | INFO     | __main__:on_log:99 - step=13430 | loss=0.042700 | grad_norm=0.655374 | learning_rate=0.000007 | epoch=1.545632
2026-02-19 23:47:48.606 | INFO     | __main__:on_log:99 - step=13435 | loss=0.057800 | grad_norm=0.806961 | learning_rate=0.000007 | epoch=1.546208
2026-02-19 23:48:08.540 | INFO     | __main__:on_log:99 - step=13440 | loss=0.057500 | grad_norm=0.621562 | learning_rate=0.000007 | epoch=1.546783
2026-02-19 23:48:28.462 | INFO     | __main__:on_log:99 - step=13445 | loss=0.048900 | grad_norm=0.563205 | learning_rate=0.000007 | epoch=1.547359
2026-02-19 23:48:48.428 | INFO     | __main__:on_log:99 - step=13450 | loss=0.051300 | grad_norm=0.384458 | learning_rate=0.000007 | epoch=1.547934
2026-02-19 23:49:08.362 | INFO     | __main__:on_log:99 - step=13455 | loss=0.081400 | grad_norm=0.520389 | learning_rate=0.000007 | epoch=1.548510
2026-02-19 23:49:28.315 | INFO     | __main__:on_log:99 - step=13460 | loss=0.063300 | grad_norm=0.561063 | learning_rate=0.000007 | epoch=1.549085
2026-02-19 23:49:48.277 | INFO     | __main__:on_log:99 - step=13465 | loss=0.059500 | grad_norm=0.639698 | learning_rate=0.000007 | epoch=1.549660
2026-02-19 23:50:08.235 | INFO     | __main__:on_log:99 - step=13470 | loss=0.067300 | grad_norm=0.483181 | learning_rate=0.000007 | epoch=1.550236
2026-02-19 23:50:28.183 | INFO     | __main__:on_log:99 - step=13475 | loss=0.055800 | grad_norm=0.403999 | learning_rate=0.000007 | epoch=1.550811
2026-02-19 23:50:48.128 | INFO     | __main__:on_log:99 - step=13480 | loss=0.067700 | grad_norm=0.669673 | learning_rate=0.000007 | epoch=1.551387
2026-02-19 23:51:08.058 | INFO     | __main__:on_log:99 - step=13485 | loss=0.055700 | grad_norm=0.631240 | learning_rate=0.000007 | epoch=1.551962
2026-02-19 23:51:28.006 | INFO     | __main__:on_log:99 - step=13490 | loss=0.058100 | grad_norm=0.623119 | learning_rate=0.000007 | epoch=1.552538
2026-02-19 23:51:47.947 | INFO     | __main__:on_log:99 - step=13495 | loss=0.049300 | grad_norm=0.401341 | learning_rate=0.000007 | epoch=1.553113
2026-02-19 23:52:07.892 | INFO     | __main__:on_log:99 - step=13500 | loss=0.051900 | grad_norm=0.489303 | learning_rate=0.000007 | epoch=1.553689
2026-02-19 23:52:27.854 | INFO     | __main__:on_log:99 - step=13505 | loss=0.054600 | grad_norm=0.535847 | learning_rate=0.000007 | epoch=1.554264
2026-02-19 23:52:47.814 | INFO     | __main__:on_log:99 - step=13510 | loss=0.060900 | grad_norm=0.776269 | learning_rate=0.000007 | epoch=1.554839
2026-02-19 23:53:07.783 | INFO     | __main__:on_log:99 - step=13515 | loss=0.058100 | grad_norm=0.540221 | learning_rate=0.000007 | epoch=1.555415
2026-02-19 23:53:27.750 | INFO     | __main__:on_log:99 - step=13520 | loss=0.049200 | grad_norm=0.761547 | learning_rate=0.000007 | epoch=1.555990
2026-02-19 23:53:47.734 | INFO     | __main__:on_log:99 - step=13525 | loss=0.065100 | grad_norm=0.507353 | learning_rate=0.000007 | epoch=1.556566
2026-02-19 23:54:07.683 | INFO     | __main__:on_log:99 - step=13530 | loss=0.049800 | grad_norm=0.526468 | learning_rate=0.000007 | epoch=1.557141
2026-02-19 23:54:27.654 | INFO     | __main__:on_log:99 - step=13535 | loss=0.054400 | grad_norm=0.770940 | learning_rate=0.000007 | epoch=1.557717
2026-02-19 23:54:47.588 | INFO     | __main__:on_log:99 - step=13540 | loss=0.063300 | grad_norm=0.846707 | learning_rate=0.000007 | epoch=1.558292
2026-02-19 23:55:07.544 | INFO     | __main__:on_log:99 - step=13545 | loss=0.041500 | grad_norm=0.433678 | learning_rate=0.000007 | epoch=1.558868
2026-02-19 23:55:27.465 | INFO     | __main__:on_log:99 - step=13550 | loss=0.073400 | grad_norm=0.741295 | learning_rate=0.000007 | epoch=1.559443
2026-02-19 23:55:47.415 | INFO     | __main__:on_log:99 - step=13555 | loss=0.051400 | grad_norm=0.392524 | learning_rate=0.000007 | epoch=1.560018
2026-02-19 23:56:07.366 | INFO     | __main__:on_log:99 - step=13560 | loss=0.052000 | grad_norm=0.638573 | learning_rate=0.000007 | epoch=1.560594
2026-02-19 23:56:27.305 | INFO     | __main__:on_log:99 - step=13565 | loss=0.052500 | grad_norm=0.735697 | learning_rate=0.000007 | epoch=1.561169
2026-02-19 23:56:47.268 | INFO     | __main__:on_log:99 - step=13570 | loss=0.032500 | grad_norm=0.486597 | learning_rate=0.000007 | epoch=1.561745
2026-02-19 23:57:07.222 | INFO     | __main__:on_log:99 - step=13575 | loss=0.062200 | grad_norm=0.685616 | learning_rate=0.000007 | epoch=1.562320
2026-02-19 23:57:27.203 | INFO     | __main__:on_log:99 - step=13580 | loss=0.048100 | grad_norm=0.431479 | learning_rate=0.000007 | epoch=1.562896
2026-02-19 23:57:47.146 | INFO     | __main__:on_log:99 - step=13585 | loss=0.047200 | grad_norm=0.310188 | learning_rate=0.000007 | epoch=1.563471
2026-02-19 23:58:07.103 | INFO     | __main__:on_log:99 - step=13590 | loss=0.055100 | grad_norm=0.607464 | learning_rate=0.000007 | epoch=1.564046
2026-02-19 23:58:27.059 | INFO     | __main__:on_log:99 - step=13595 | loss=0.046100 | grad_norm=0.479967 | learning_rate=0.000007 | epoch=1.564622
2026-02-19 23:58:47.005 | INFO     | __main__:on_log:99 - step=13600 | loss=0.048500 | grad_norm=0.537863 | learning_rate=0.000007 | epoch=1.565197
2026-02-19 23:59:06.966 | INFO     | __main__:on_log:99 - step=13605 | loss=0.056800 | grad_norm=0.825981 | learning_rate=0.000007 | epoch=1.565773
2026-02-19 23:59:26.940 | INFO     | __main__:on_log:99 - step=13610 | loss=0.050600 | grad_norm=0.487932 | learning_rate=0.000007 | epoch=1.566348
2026-02-19 23:59:46.916 | INFO     | __main__:on_log:99 - step=13615 | loss=0.062300 | grad_norm=0.489150 | learning_rate=0.000007 | epoch=1.566924
2026-02-20 00:00:06.873 | INFO     | __main__:on_log:99 - step=13620 | loss=0.044100 | grad_norm=0.528541 | learning_rate=0.000007 | epoch=1.567499
2026-02-20 00:00:26.799 | INFO     | __main__:on_log:99 - step=13625 | loss=0.039800 | grad_norm=0.402596 | learning_rate=0.000007 | epoch=1.568075
2026-02-20 00:00:46.750 | INFO     | __main__:on_log:99 - step=13630 | loss=0.052700 | grad_norm=0.308535 | learning_rate=0.000007 | epoch=1.568650
2026-02-20 00:01:06.722 | INFO     | __main__:on_log:99 - step=13635 | loss=0.050900 | grad_norm=0.393914 | learning_rate=0.000007 | epoch=1.569225
2026-02-20 00:01:26.695 | INFO     | __main__:on_log:99 - step=13640 | loss=0.051600 | grad_norm=0.398208 | learning_rate=0.000007 | epoch=1.569801
2026-02-20 00:01:46.622 | INFO     | __main__:on_log:99 - step=13645 | loss=0.057600 | grad_norm=0.454528 | learning_rate=0.000007 | epoch=1.570376
2026-02-20 00:02:06.563 | INFO     | __main__:on_log:99 - step=13650 | loss=0.038000 | grad_norm=0.542432 | learning_rate=0.000007 | epoch=1.570952
2026-02-20 00:02:26.526 | INFO     | __main__:on_log:99 - step=13655 | loss=0.042000 | grad_norm=0.415375 | learning_rate=0.000007 | epoch=1.571527
2026-02-20 00:02:46.499 | INFO     | __main__:on_log:99 - step=13660 | loss=0.040600 | grad_norm=0.384445 | learning_rate=0.000007 | epoch=1.572103
2026-02-20 00:03:06.456 | INFO     | __main__:on_log:99 - step=13665 | loss=0.076400 | grad_norm=0.726510 | learning_rate=0.000007 | epoch=1.572678
2026-02-20 00:03:26.421 | INFO     | __main__:on_log:99 - step=13670 | loss=0.034900 | grad_norm=0.412998 | learning_rate=0.000007 | epoch=1.573254
2026-02-20 00:03:46.379 | INFO     | __main__:on_log:99 - step=13675 | loss=0.043300 | grad_norm=0.527422 | learning_rate=0.000007 | epoch=1.573829
2026-02-20 00:04:06.298 | INFO     | __main__:on_log:99 - step=13680 | loss=0.055800 | grad_norm=0.351080 | learning_rate=0.000007 | epoch=1.574404
2026-02-20 00:04:26.247 | INFO     | __main__:on_log:99 - step=13685 | loss=0.040900 | grad_norm=0.752538 | learning_rate=0.000007 | epoch=1.574980
2026-02-20 00:04:46.186 | INFO     | __main__:on_log:99 - step=13690 | loss=0.043200 | grad_norm=0.438778 | learning_rate=0.000007 | epoch=1.575555
2026-02-20 00:05:06.136 | INFO     | __main__:on_log:99 - step=13695 | loss=0.058000 | grad_norm=0.315909 | learning_rate=0.000007 | epoch=1.576131
2026-02-20 00:05:26.068 | INFO     | __main__:on_log:99 - step=13700 | loss=0.056700 | grad_norm=0.682927 | learning_rate=0.000007 | epoch=1.576706
2026-02-20 00:05:46.010 | INFO     | __main__:on_log:99 - step=13705 | loss=0.044800 | grad_norm=0.333767 | learning_rate=0.000007 | epoch=1.577282
2026-02-20 00:06:05.975 | INFO     | __main__:on_log:99 - step=13710 | loss=0.043500 | grad_norm=0.403169 | learning_rate=0.000007 | epoch=1.577857
2026-02-20 00:06:25.919 | INFO     | __main__:on_log:99 - step=13715 | loss=0.067900 | grad_norm=0.765531 | learning_rate=0.000007 | epoch=1.578433
2026-02-20 00:06:45.869 | INFO     | __main__:on_log:99 - step=13720 | loss=0.058400 | grad_norm=0.430767 | learning_rate=0.000007 | epoch=1.579008
2026-02-20 00:07:05.816 | INFO     | __main__:on_log:99 - step=13725 | loss=0.073000 | grad_norm=0.413696 | learning_rate=0.000007 | epoch=1.579583
2026-02-20 00:07:25.773 | INFO     | __main__:on_log:99 - step=13730 | loss=0.059300 | grad_norm=0.615333 | learning_rate=0.000007 | epoch=1.580159
2026-02-20 00:07:45.772 | INFO     | __main__:on_log:99 - step=13735 | loss=0.051300 | grad_norm=0.463657 | learning_rate=0.000007 | epoch=1.580734
2026-02-20 00:08:05.726 | INFO     | __main__:on_log:99 - step=13740 | loss=0.068100 | grad_norm=0.576523 | learning_rate=0.000007 | epoch=1.581310
2026-02-20 00:08:25.712 | INFO     | __main__:on_log:99 - step=13745 | loss=0.056600 | grad_norm=0.806798 | learning_rate=0.000007 | epoch=1.581885
2026-02-20 00:08:45.702 | INFO     | __main__:on_log:99 - step=13750 | loss=0.052700 | grad_norm=0.384629 | learning_rate=0.000007 | epoch=1.582461
2026-02-20 00:09:05.654 | INFO     | __main__:on_log:99 - step=13755 | loss=0.050500 | grad_norm=0.551172 | learning_rate=0.000007 | epoch=1.583036
2026-02-20 00:09:25.627 | INFO     | __main__:on_log:99 - step=13760 | loss=0.040200 | grad_norm=0.656758 | learning_rate=0.000007 | epoch=1.583611
2026-02-20 00:09:45.591 | INFO     | __main__:on_log:99 - step=13765 | loss=0.060100 | grad_norm=0.629671 | learning_rate=0.000007 | epoch=1.584187
2026-02-20 00:10:05.558 | INFO     | __main__:on_log:99 - step=13770 | loss=0.063800 | grad_norm=0.426948 | learning_rate=0.000007 | epoch=1.584762
2026-02-20 00:10:25.490 | INFO     | __main__:on_log:99 - step=13775 | loss=0.052200 | grad_norm=0.606584 | learning_rate=0.000007 | epoch=1.585338
2026-02-20 00:10:45.425 | INFO     | __main__:on_log:99 - step=13780 | loss=0.043700 | grad_norm=0.568700 | learning_rate=0.000007 | epoch=1.585913
2026-02-20 00:11:05.346 | INFO     | __main__:on_log:99 - step=13785 | loss=0.052500 | grad_norm=0.372337 | learning_rate=0.000007 | epoch=1.586489
2026-02-20 00:11:25.277 | INFO     | __main__:on_log:99 - step=13790 | loss=0.055000 | grad_norm=0.522277 | learning_rate=0.000007 | epoch=1.587064
2026-02-20 00:11:45.207 | INFO     | __main__:on_log:99 - step=13795 | loss=0.049300 | grad_norm=0.354519 | learning_rate=0.000007 | epoch=1.587640
2026-02-20 00:12:05.151 | INFO     | __main__:on_log:99 - step=13800 | loss=0.052900 | grad_norm=0.575553 | learning_rate=0.000007 | epoch=1.588215
2026-02-20 00:12:25.097 | INFO     | __main__:on_log:99 - step=13805 | loss=0.044400 | grad_norm=0.578297 | learning_rate=0.000006 | epoch=1.588790
2026-02-20 00:12:45.056 | INFO     | __main__:on_log:99 - step=13810 | loss=0.045800 | grad_norm=0.523295 | learning_rate=0.000006 | epoch=1.589366
2026-02-20 00:13:05.007 | INFO     | __main__:on_log:99 - step=13815 | loss=0.059800 | grad_norm=0.759680 | learning_rate=0.000006 | epoch=1.589941
2026-02-20 00:13:24.931 | INFO     | __main__:on_log:99 - step=13820 | loss=0.067900 | grad_norm=0.599711 | learning_rate=0.000006 | epoch=1.590517
2026-02-20 00:13:44.864 | INFO     | __main__:on_log:99 - step=13825 | loss=0.081300 | grad_norm=0.603194 | learning_rate=0.000006 | epoch=1.591092
2026-02-20 00:14:04.792 | INFO     | __main__:on_log:99 - step=13830 | loss=0.045300 | grad_norm=0.668353 | learning_rate=0.000006 | epoch=1.591668
2026-02-20 00:14:24.726 | INFO     | __main__:on_log:99 - step=13835 | loss=0.052400 | grad_norm=0.564304 | learning_rate=0.000006 | epoch=1.592243
2026-02-20 00:14:44.665 | INFO     | __main__:on_log:99 - step=13840 | loss=0.043900 | grad_norm=0.271140 | learning_rate=0.000006 | epoch=1.592819
2026-02-20 00:15:04.590 | INFO     | __main__:on_log:99 - step=13845 | loss=0.058100 | grad_norm=0.887349 | learning_rate=0.000006 | epoch=1.593394
2026-02-20 00:15:24.536 | INFO     | __main__:on_log:99 - step=13850 | loss=0.051600 | grad_norm=0.535971 | learning_rate=0.000006 | epoch=1.593969
2026-02-20 00:15:44.462 | INFO     | __main__:on_log:99 - step=13855 | loss=0.061100 | grad_norm=0.362195 | learning_rate=0.000006 | epoch=1.594545
2026-02-20 00:16:04.430 | INFO     | __main__:on_log:99 - step=13860 | loss=0.080900 | grad_norm=0.597861 | learning_rate=0.000006 | epoch=1.595120
2026-02-20 00:16:24.371 | INFO     | __main__:on_log:99 - step=13865 | loss=0.045000 | grad_norm=0.592380 | learning_rate=0.000006 | epoch=1.595696
2026-02-20 00:16:44.312 | INFO     | __main__:on_log:99 - step=13870 | loss=0.058000 | grad_norm=0.514462 | learning_rate=0.000006 | epoch=1.596271
2026-02-20 00:17:04.254 | INFO     | __main__:on_log:99 - step=13875 | loss=0.034800 | grad_norm=0.368801 | learning_rate=0.000006 | epoch=1.596847
2026-02-20 00:17:24.203 | INFO     | __main__:on_log:99 - step=13880 | loss=0.063600 | grad_norm=0.479079 | learning_rate=0.000006 | epoch=1.597422
2026-02-20 00:17:44.140 | INFO     | __main__:on_log:99 - step=13885 | loss=0.060600 | grad_norm=0.662322 | learning_rate=0.000006 | epoch=1.597997
2026-02-20 00:18:04.080 | INFO     | __main__:on_log:99 - step=13890 | loss=0.074500 | grad_norm=0.862394 | learning_rate=0.000006 | epoch=1.598573
2026-02-20 00:18:24.031 | INFO     | __main__:on_log:99 - step=13895 | loss=0.048300 | grad_norm=0.588507 | learning_rate=0.000006 | epoch=1.599148
2026-02-20 00:18:44.003 | INFO     | __main__:on_log:99 - step=13900 | loss=0.047100 | grad_norm=0.554489 | learning_rate=0.000006 | epoch=1.599724
2026-02-20 00:19:03.967 | INFO     | __main__:on_log:99 - step=13905 | loss=0.060900 | grad_norm=0.577510 | learning_rate=0.000006 | epoch=1.600299
2026-02-20 00:19:23.940 | INFO     | __main__:on_log:99 - step=13910 | loss=0.050200 | grad_norm=0.577443 | learning_rate=0.000006 | epoch=1.600875
2026-02-20 00:19:43.907 | INFO     | __main__:on_log:99 - step=13915 | loss=0.053200 | grad_norm=0.411217 | learning_rate=0.000006 | epoch=1.601450
2026-02-20 00:20:03.885 | INFO     | __main__:on_log:99 - step=13920 | loss=0.070600 | grad_norm=0.444978 | learning_rate=0.000006 | epoch=1.602026
2026-02-20 00:20:23.852 | INFO     | __main__:on_log:99 - step=13925 | loss=0.054300 | grad_norm=0.550699 | learning_rate=0.000006 | epoch=1.602601
2026-02-20 00:20:43.817 | INFO     | __main__:on_log:99 - step=13930 | loss=0.058900 | grad_norm=0.556779 | learning_rate=0.000006 | epoch=1.603176
2026-02-20 00:21:03.785 | INFO     | __main__:on_log:99 - step=13935 | loss=0.046900 | grad_norm=0.603304 | learning_rate=0.000006 | epoch=1.603752
2026-02-20 00:21:23.727 | INFO     | __main__:on_log:99 - step=13940 | loss=0.046700 | grad_norm=0.312192 | learning_rate=0.000006 | epoch=1.604327
2026-02-20 00:21:43.700 | INFO     | __main__:on_log:99 - step=13945 | loss=0.058700 | grad_norm=0.519751 | learning_rate=0.000006 | epoch=1.604903
2026-02-20 00:22:03.643 | INFO     | __main__:on_log:99 - step=13950 | loss=0.055600 | grad_norm=0.551820 | learning_rate=0.000006 | epoch=1.605478
2026-02-20 00:22:23.599 | INFO     | __main__:on_log:99 - step=13955 | loss=0.054900 | grad_norm=0.594746 | learning_rate=0.000006 | epoch=1.606054
2026-02-20 00:22:43.552 | INFO     | __main__:on_log:99 - step=13960 | loss=0.051900 | grad_norm=0.758834 | learning_rate=0.000006 | epoch=1.606629
2026-02-20 00:23:03.513 | INFO     | __main__:on_log:99 - step=13965 | loss=0.043800 | grad_norm=0.525020 | learning_rate=0.000006 | epoch=1.607205
2026-02-20 00:23:23.475 | INFO     | __main__:on_log:99 - step=13970 | loss=0.041000 | grad_norm=0.400232 | learning_rate=0.000006 | epoch=1.607780
2026-02-20 00:23:43.428 | INFO     | __main__:on_log:99 - step=13975 | loss=0.049700 | grad_norm=0.394361 | learning_rate=0.000006 | epoch=1.608355
2026-02-20 00:24:03.374 | INFO     | __main__:on_log:99 - step=13980 | loss=0.063300 | grad_norm=0.591356 | learning_rate=0.000006 | epoch=1.608931
2026-02-20 00:24:23.314 | INFO     | __main__:on_log:99 - step=13985 | loss=0.048400 | grad_norm=0.585045 | learning_rate=0.000006 | epoch=1.609506
2026-02-20 00:24:43.262 | INFO     | __main__:on_log:99 - step=13990 | loss=0.048500 | grad_norm=0.651987 | learning_rate=0.000006 | epoch=1.610082
2026-02-20 00:25:03.216 | INFO     | __main__:on_log:99 - step=13995 | loss=0.055400 | grad_norm=0.878360 | learning_rate=0.000006 | epoch=1.610657
2026-02-20 00:25:23.136 | INFO     | __main__:on_log:99 - step=14000 | loss=0.053200 | grad_norm=0.526161 | learning_rate=0.000006 | epoch=1.611233
2026-02-20 00:25:43.110 | INFO     | __main__:on_log:99 - step=14005 | loss=0.046700 | grad_norm=0.499379 | learning_rate=0.000006 | epoch=1.611808
2026-02-20 00:26:03.016 | INFO     | __main__:on_log:99 - step=14010 | loss=0.046800 | grad_norm=0.491387 | learning_rate=0.000006 | epoch=1.612383
2026-02-20 00:26:22.945 | INFO     | __main__:on_log:99 - step=14015 | loss=0.041300 | grad_norm=0.452592 | learning_rate=0.000006 | epoch=1.612959
2026-02-20 00:26:42.914 | INFO     | __main__:on_log:99 - step=14020 | loss=0.071300 | grad_norm=0.550020 | learning_rate=0.000006 | epoch=1.613534
2026-02-20 00:27:02.889 | INFO     | __main__:on_log:99 - step=14025 | loss=0.049500 | grad_norm=0.562408 | learning_rate=0.000006 | epoch=1.614110
2026-02-20 00:27:22.832 | INFO     | __main__:on_log:99 - step=14030 | loss=0.037900 | grad_norm=0.613600 | learning_rate=0.000006 | epoch=1.614685
2026-02-20 00:27:42.766 | INFO     | __main__:on_log:99 - step=14035 | loss=0.050700 | grad_norm=0.451057 | learning_rate=0.000006 | epoch=1.615261
2026-02-20 00:28:02.710 | INFO     | __main__:on_log:99 - step=14040 | loss=0.056600 | grad_norm=0.650726 | learning_rate=0.000006 | epoch=1.615836
2026-02-20 00:28:22.632 | INFO     | __main__:on_log:99 - step=14045 | loss=0.043000 | grad_norm=0.526481 | learning_rate=0.000006 | epoch=1.616412
2026-02-20 00:28:42.578 | INFO     | __main__:on_log:99 - step=14050 | loss=0.049300 | grad_norm=0.417882 | learning_rate=0.000006 | epoch=1.616987
2026-02-20 00:29:02.550 | INFO     | __main__:on_log:99 - step=14055 | loss=0.048900 | grad_norm=0.911140 | learning_rate=0.000006 | epoch=1.617562
2026-02-20 00:29:22.461 | INFO     | __main__:on_log:99 - step=14060 | loss=0.058200 | grad_norm=0.833153 | learning_rate=0.000006 | epoch=1.618138
2026-02-20 00:29:42.395 | INFO     | __main__:on_log:99 - step=14065 | loss=0.044100 | grad_norm=0.648407 | learning_rate=0.000006 | epoch=1.618713
2026-02-20 00:30:02.349 | INFO     | __main__:on_log:99 - step=14070 | loss=0.063100 | grad_norm=0.524515 | learning_rate=0.000006 | epoch=1.619289
2026-02-20 00:30:22.302 | INFO     | __main__:on_log:99 - step=14075 | loss=0.044800 | grad_norm=0.523016 | learning_rate=0.000006 | epoch=1.619864
2026-02-20 00:30:42.237 | INFO     | __main__:on_log:99 - step=14080 | loss=0.045800 | grad_norm=0.474536 | learning_rate=0.000006 | epoch=1.620440
2026-02-20 00:31:02.205 | INFO     | __main__:on_log:99 - step=14085 | loss=0.053800 | grad_norm=0.763016 | learning_rate=0.000006 | epoch=1.621015
2026-02-20 00:31:22.130 | INFO     | __main__:on_log:99 - step=14090 | loss=0.046400 | grad_norm=0.529452 | learning_rate=0.000006 | epoch=1.621591
2026-02-20 00:31:42.094 | INFO     | __main__:on_log:99 - step=14095 | loss=0.062700 | grad_norm=0.634923 | learning_rate=0.000006 | epoch=1.622166
2026-02-20 00:32:02.042 | INFO     | __main__:on_log:99 - step=14100 | loss=0.045700 | grad_norm=0.724590 | learning_rate=0.000006 | epoch=1.622741
2026-02-20 00:32:21.984 | INFO     | __main__:on_log:99 - step=14105 | loss=0.065100 | grad_norm=0.661456 | learning_rate=0.000006 | epoch=1.623317
2026-02-20 00:32:41.938 | INFO     | __main__:on_log:99 - step=14110 | loss=0.059600 | grad_norm=0.515477 | learning_rate=0.000006 | epoch=1.623892
2026-02-20 00:33:01.877 | INFO     | __main__:on_log:99 - step=14115 | loss=0.050000 | grad_norm=0.525716 | learning_rate=0.000006 | epoch=1.624468
2026-02-20 00:33:21.804 | INFO     | __main__:on_log:99 - step=14120 | loss=0.069000 | grad_norm=0.606554 | learning_rate=0.000006 | epoch=1.625043
2026-02-20 00:33:41.764 | INFO     | __main__:on_log:99 - step=14125 | loss=0.038000 | grad_norm=0.369649 | learning_rate=0.000006 | epoch=1.625619
2026-02-20 00:34:01.707 | INFO     | __main__:on_log:99 - step=14130 | loss=0.040500 | grad_norm=0.324236 | learning_rate=0.000006 | epoch=1.626194
2026-02-20 00:34:21.685 | INFO     | __main__:on_log:99 - step=14135 | loss=0.044000 | grad_norm=0.621633 | learning_rate=0.000006 | epoch=1.626769
2026-02-20 00:34:41.620 | INFO     | __main__:on_log:99 - step=14140 | loss=0.047800 | grad_norm=0.564324 | learning_rate=0.000006 | epoch=1.627345
2026-02-20 00:35:01.592 | INFO     | __main__:on_log:99 - step=14145 | loss=0.047000 | grad_norm=0.364933 | learning_rate=0.000006 | epoch=1.627920
2026-02-20 00:35:21.534 | INFO     | __main__:on_log:99 - step=14150 | loss=0.044900 | grad_norm=0.384037 | learning_rate=0.000006 | epoch=1.628496
2026-02-20 00:35:41.506 | INFO     | __main__:on_log:99 - step=14155 | loss=0.056600 | grad_norm=0.583898 | learning_rate=0.000006 | epoch=1.629071
2026-02-20 00:36:01.488 | INFO     | __main__:on_log:99 - step=14160 | loss=0.057200 | grad_norm=0.523698 | learning_rate=0.000006 | epoch=1.629647
2026-02-20 00:36:21.441 | INFO     | __main__:on_log:99 - step=14165 | loss=0.044100 | grad_norm=0.397333 | learning_rate=0.000006 | epoch=1.630222
2026-02-20 00:36:41.405 | INFO     | __main__:on_log:99 - step=14170 | loss=0.055100 | grad_norm=0.412504 | learning_rate=0.000006 | epoch=1.630798
2026-02-20 00:37:01.357 | INFO     | __main__:on_log:99 - step=14175 | loss=0.063200 | grad_norm=0.657774 | learning_rate=0.000006 | epoch=1.631373
2026-02-20 00:37:21.339 | INFO     | __main__:on_log:99 - step=14180 | loss=0.050000 | grad_norm=0.427309 | learning_rate=0.000006 | epoch=1.631948
2026-02-20 00:37:41.310 | INFO     | __main__:on_log:99 - step=14185 | loss=0.060600 | grad_norm=0.512053 | learning_rate=0.000006 | epoch=1.632524
2026-02-20 00:38:01.273 | INFO     | __main__:on_log:99 - step=14190 | loss=0.048600 | grad_norm=0.546167 | learning_rate=0.000006 | epoch=1.633099
2026-02-20 00:38:21.239 | INFO     | __main__:on_log:99 - step=14195 | loss=0.053700 | grad_norm=0.525998 | learning_rate=0.000006 | epoch=1.633675
2026-02-20 00:38:41.198 | INFO     | __main__:on_log:99 - step=14200 | loss=0.053400 | grad_norm=0.765754 | learning_rate=0.000006 | epoch=1.634250
2026-02-20 00:39:01.172 | INFO     | __main__:on_log:99 - step=14205 | loss=0.056300 | grad_norm=0.448517 | learning_rate=0.000006 | epoch=1.634826
2026-02-20 00:39:21.103 | INFO     | __main__:on_log:99 - step=14210 | loss=0.046800 | grad_norm=0.627317 | learning_rate=0.000006 | epoch=1.635401
2026-02-20 00:39:41.070 | INFO     | __main__:on_log:99 - step=14215 | loss=0.074000 | grad_norm=0.481279 | learning_rate=0.000006 | epoch=1.635977
2026-02-20 00:40:01.033 | INFO     | __main__:on_log:99 - step=14220 | loss=0.072900 | grad_norm=0.603600 | learning_rate=0.000006 | epoch=1.636552
2026-02-20 00:40:21.013 | INFO     | __main__:on_log:99 - step=14225 | loss=0.047200 | grad_norm=0.426024 | learning_rate=0.000006 | epoch=1.637127
2026-02-20 00:40:40.980 | INFO     | __main__:on_log:99 - step=14230 | loss=0.048200 | grad_norm=0.600486 | learning_rate=0.000006 | epoch=1.637703
2026-02-20 00:41:00.932 | INFO     | __main__:on_log:99 - step=14235 | loss=0.058200 | grad_norm=0.521139 | learning_rate=0.000006 | epoch=1.638278
2026-02-20 00:41:20.881 | INFO     | __main__:on_log:99 - step=14240 | loss=0.050700 | grad_norm=0.559199 | learning_rate=0.000006 | epoch=1.638854
2026-02-20 00:41:40.823 | INFO     | __main__:on_log:99 - step=14245 | loss=0.037300 | grad_norm=0.426936 | learning_rate=0.000006 | epoch=1.639429
2026-02-20 00:42:00.764 | INFO     | __main__:on_log:99 - step=14250 | loss=0.046200 | grad_norm=0.725104 | learning_rate=0.000006 | epoch=1.640005
2026-02-20 00:42:20.698 | INFO     | __main__:on_log:99 - step=14255 | loss=0.054600 | grad_norm=0.764262 | learning_rate=0.000006 | epoch=1.640580
2026-02-20 00:42:40.676 | INFO     | __main__:on_log:99 - step=14260 | loss=0.041800 | grad_norm=0.751642 | learning_rate=0.000006 | epoch=1.641155
2026-02-20 00:43:00.645 | INFO     | __main__:on_log:99 - step=14265 | loss=0.041800 | grad_norm=0.381381 | learning_rate=0.000006 | epoch=1.641731
2026-02-20 00:43:20.638 | INFO     | __main__:on_log:99 - step=14270 | loss=0.052800 | grad_norm=0.450974 | learning_rate=0.000006 | epoch=1.642306
2026-02-20 00:43:40.643 | INFO     | __main__:on_log:99 - step=14275 | loss=0.053100 | grad_norm=0.516588 | learning_rate=0.000006 | epoch=1.642882
2026-02-20 00:44:00.607 | INFO     | __main__:on_log:99 - step=14280 | loss=0.040000 | grad_norm=0.466556 | learning_rate=0.000006 | epoch=1.643457
2026-02-20 00:44:20.592 | INFO     | __main__:on_log:99 - step=14285 | loss=0.048600 | grad_norm=0.506045 | learning_rate=0.000006 | epoch=1.644033
2026-02-20 00:44:40.572 | INFO     | __main__:on_log:99 - step=14290 | loss=0.046700 | grad_norm=0.638876 | learning_rate=0.000006 | epoch=1.644608
2026-02-20 00:45:00.536 | INFO     | __main__:on_log:99 - step=14295 | loss=0.048700 | grad_norm=0.461340 | learning_rate=0.000006 | epoch=1.645184
2026-02-20 00:45:20.521 | INFO     | __main__:on_log:99 - step=14300 | loss=0.053700 | grad_norm=0.537446 | learning_rate=0.000006 | epoch=1.645759
2026-02-20 00:45:40.499 | INFO     | __main__:on_log:99 - step=14305 | loss=0.052700 | grad_norm=0.474218 | learning_rate=0.000006 | epoch=1.646334
2026-02-20 00:46:00.466 | INFO     | __main__:on_log:99 - step=14310 | loss=0.034600 | grad_norm=0.630551 | learning_rate=0.000006 | epoch=1.646910
2026-02-20 00:46:20.391 | INFO     | __main__:on_log:99 - step=14315 | loss=0.049000 | grad_norm=0.617846 | learning_rate=0.000006 | epoch=1.647485
2026-02-20 00:46:40.330 | INFO     | __main__:on_log:99 - step=14320 | loss=0.047000 | grad_norm=0.458248 | learning_rate=0.000006 | epoch=1.648061
2026-02-20 00:47:00.265 | INFO     | __main__:on_log:99 - step=14325 | loss=0.045100 | grad_norm=0.681918 | learning_rate=0.000006 | epoch=1.648636
2026-02-20 00:47:20.202 | INFO     | __main__:on_log:99 - step=14330 | loss=0.034000 | grad_norm=0.404084 | learning_rate=0.000006 | epoch=1.649212
2026-02-20 00:47:40.144 | INFO     | __main__:on_log:99 - step=14335 | loss=0.039000 | grad_norm=0.321697 | learning_rate=0.000006 | epoch=1.649787
2026-02-20 00:48:00.109 | INFO     | __main__:on_log:99 - step=14340 | loss=0.057800 | grad_norm=0.447741 | learning_rate=0.000006 | epoch=1.650363
2026-02-20 00:48:20.079 | INFO     | __main__:on_log:99 - step=14345 | loss=0.042000 | grad_norm=0.441241 | learning_rate=0.000006 | epoch=1.650938
2026-02-20 00:48:40.058 | INFO     | __main__:on_log:99 - step=14350 | loss=0.037800 | grad_norm=0.477960 | learning_rate=0.000006 | epoch=1.651513
2026-02-20 00:49:00.009 | INFO     | __main__:on_log:99 - step=14355 | loss=0.048800 | grad_norm=0.462215 | learning_rate=0.000005 | epoch=1.652089
2026-02-20 00:49:19.974 | INFO     | __main__:on_log:99 - step=14360 | loss=0.061700 | grad_norm=0.806686 | learning_rate=0.000005 | epoch=1.652664
2026-02-20 00:49:39.935 | INFO     | __main__:on_log:99 - step=14365 | loss=0.042300 | grad_norm=0.530605 | learning_rate=0.000005 | epoch=1.653240
2026-02-20 00:49:59.881 | INFO     | __main__:on_log:99 - step=14370 | loss=0.071300 | grad_norm=0.650260 | learning_rate=0.000005 | epoch=1.653815
2026-02-20 00:50:19.846 | INFO     | __main__:on_log:99 - step=14375 | loss=0.054400 | grad_norm=0.856567 | learning_rate=0.000005 | epoch=1.654391
2026-02-20 00:50:39.791 | INFO     | __main__:on_log:99 - step=14380 | loss=0.043100 | grad_norm=0.428481 | learning_rate=0.000005 | epoch=1.654966
2026-02-20 00:50:59.742 | INFO     | __main__:on_log:99 - step=14385 | loss=0.056500 | grad_norm=0.724668 | learning_rate=0.000005 | epoch=1.655541
2026-02-20 00:51:19.693 | INFO     | __main__:on_log:99 - step=14390 | loss=0.065100 | grad_norm=0.668773 | learning_rate=0.000005 | epoch=1.656117
2026-02-20 00:51:39.648 | INFO     | __main__:on_log:99 - step=14395 | loss=0.053500 | grad_norm=0.365556 | learning_rate=0.000005 | epoch=1.656692
2026-02-20 00:51:59.602 | INFO     | __main__:on_log:99 - step=14400 | loss=0.049700 | grad_norm=0.520484 | learning_rate=0.000005 | epoch=1.657268
2026-02-20 00:52:19.538 | INFO     | __main__:on_log:99 - step=14405 | loss=0.050300 | grad_norm=0.518262 | learning_rate=0.000005 | epoch=1.657843
2026-02-20 00:52:39.484 | INFO     | __main__:on_log:99 - step=14410 | loss=0.041600 | grad_norm=0.669888 | learning_rate=0.000005 | epoch=1.658419
2026-02-20 00:52:59.431 | INFO     | __main__:on_log:99 - step=14415 | loss=0.043100 | grad_norm=0.367210 | learning_rate=0.000005 | epoch=1.658994
2026-02-20 00:53:19.379 | INFO     | __main__:on_log:99 - step=14420 | loss=0.046500 | grad_norm=0.595096 | learning_rate=0.000005 | epoch=1.659570
2026-02-20 00:53:39.330 | INFO     | __main__:on_log:99 - step=14425 | loss=0.057300 | grad_norm=0.512422 | learning_rate=0.000005 | epoch=1.660145
2026-02-20 00:53:59.248 | INFO     | __main__:on_log:99 - step=14430 | loss=0.054000 | grad_norm=0.922236 | learning_rate=0.000005 | epoch=1.660720
2026-02-20 00:54:19.174 | INFO     | __main__:on_log:99 - step=14435 | loss=0.060000 | grad_norm=0.877960 | learning_rate=0.000005 | epoch=1.661296
2026-02-20 00:54:39.140 | INFO     | __main__:on_log:99 - step=14440 | loss=0.067500 | grad_norm=0.702479 | learning_rate=0.000005 | epoch=1.661871
2026-02-20 00:54:59.073 | INFO     | __main__:on_log:99 - step=14445 | loss=0.047100 | grad_norm=0.559506 | learning_rate=0.000005 | epoch=1.662447
2026-02-20 00:55:19.048 | INFO     | __main__:on_log:99 - step=14450 | loss=0.033200 | grad_norm=0.499215 | learning_rate=0.000005 | epoch=1.663022
2026-02-20 00:55:38.975 | INFO     | __main__:on_log:99 - step=14455 | loss=0.043600 | grad_norm=0.489077 | learning_rate=0.000005 | epoch=1.663598
2026-02-20 00:55:58.904 | INFO     | __main__:on_log:99 - step=14460 | loss=0.046800 | grad_norm=0.719218 | learning_rate=0.000005 | epoch=1.664173
2026-02-20 00:56:18.835 | INFO     | __main__:on_log:99 - step=14465 | loss=0.048000 | grad_norm=0.483865 | learning_rate=0.000005 | epoch=1.664749
2026-02-20 00:56:38.785 | INFO     | __main__:on_log:99 - step=14470 | loss=0.045400 | grad_norm=0.341554 | learning_rate=0.000005 | epoch=1.665324
2026-02-20 00:56:58.712 | INFO     | __main__:on_log:99 - step=14475 | loss=0.055700 | grad_norm=0.447716 | learning_rate=0.000005 | epoch=1.665899
2026-02-20 00:57:18.631 | INFO     | __main__:on_log:99 - step=14480 | loss=0.067500 | grad_norm=0.659780 | learning_rate=0.000005 | epoch=1.666475
2026-02-20 00:57:38.568 | INFO     | __main__:on_log:99 - step=14485 | loss=0.060400 | grad_norm=0.434135 | learning_rate=0.000005 | epoch=1.667050
2026-02-20 00:57:58.511 | INFO     | __main__:on_log:99 - step=14490 | loss=0.052900 | grad_norm=0.511349 | learning_rate=0.000005 | epoch=1.667626
2026-02-20 00:58:18.449 | INFO     | __main__:on_log:99 - step=14495 | loss=0.054100 | grad_norm=0.662622 | learning_rate=0.000005 | epoch=1.668201
2026-02-20 00:58:38.387 | INFO     | __main__:on_log:99 - step=14500 | loss=0.057400 | grad_norm=0.501181 | learning_rate=0.000005 | epoch=1.668777
2026-02-20 00:58:58.350 | INFO     | __main__:on_log:99 - step=14505 | loss=0.054100 | grad_norm=0.608021 | learning_rate=0.000005 | epoch=1.669352
2026-02-20 00:59:18.309 | INFO     | __main__:on_log:99 - step=14510 | loss=0.046500 | grad_norm=0.377332 | learning_rate=0.000005 | epoch=1.669927
2026-02-20 00:59:38.258 | INFO     | __main__:on_log:99 - step=14515 | loss=0.042300 | grad_norm=0.416587 | learning_rate=0.000005 | epoch=1.670503
2026-02-20 00:59:58.167 | INFO     | __main__:on_log:99 - step=14520 | loss=0.046000 | grad_norm=0.729360 | learning_rate=0.000005 | epoch=1.671078
2026-02-20 01:00:18.117 | INFO     | __main__:on_log:99 - step=14525 | loss=0.047400 | grad_norm=0.420535 | learning_rate=0.000005 | epoch=1.671654
2026-02-20 01:00:38.046 | INFO     | __main__:on_log:99 - step=14530 | loss=0.043500 | grad_norm=0.673752 | learning_rate=0.000005 | epoch=1.672229
2026-02-20 01:00:57.961 | INFO     | __main__:on_log:99 - step=14535 | loss=0.053600 | grad_norm=0.786511 | learning_rate=0.000005 | epoch=1.672805
2026-02-20 01:01:17.880 | INFO     | __main__:on_log:99 - step=14540 | loss=0.030000 | grad_norm=0.283788 | learning_rate=0.000005 | epoch=1.673380
2026-02-20 01:01:37.841 | INFO     | __main__:on_log:99 - step=14545 | loss=0.048600 | grad_norm=0.521897 | learning_rate=0.000005 | epoch=1.673956
2026-02-20 01:01:57.766 | INFO     | __main__:on_log:99 - step=14550 | loss=0.049300 | grad_norm=0.712979 | learning_rate=0.000005 | epoch=1.674531
2026-02-20 01:02:17.730 | INFO     | __main__:on_log:99 - step=14555 | loss=0.036200 | grad_norm=0.416146 | learning_rate=0.000005 | epoch=1.675106
2026-02-20 01:02:37.678 | INFO     | __main__:on_log:99 - step=14560 | loss=0.052500 | grad_norm=0.495491 | learning_rate=0.000005 | epoch=1.675682
2026-02-20 01:02:57.650 | INFO     | __main__:on_log:99 - step=14565 | loss=0.044600 | grad_norm=0.698397 | learning_rate=0.000005 | epoch=1.676257
2026-02-20 01:03:17.590 | INFO     | __main__:on_log:99 - step=14570 | loss=0.045400 | grad_norm=0.747051 | learning_rate=0.000005 | epoch=1.676833
2026-02-20 01:03:37.523 | INFO     | __main__:on_log:99 - step=14575 | loss=0.041200 | grad_norm=0.487173 | learning_rate=0.000005 | epoch=1.677408
2026-02-20 01:03:57.470 | INFO     | __main__:on_log:99 - step=14580 | loss=0.046000 | grad_norm=0.473392 | learning_rate=0.000005 | epoch=1.677984
2026-02-20 01:04:17.392 | INFO     | __main__:on_log:99 - step=14585 | loss=0.055300 | grad_norm=0.578312 | learning_rate=0.000005 | epoch=1.678559
2026-02-20 01:04:37.321 | INFO     | __main__:on_log:99 - step=14590 | loss=0.058100 | grad_norm=0.544189 | learning_rate=0.000005 | epoch=1.679135
2026-02-20 01:04:57.275 | INFO     | __main__:on_log:99 - step=14595 | loss=0.033000 | grad_norm=0.407376 | learning_rate=0.000005 | epoch=1.679710
2026-02-20 01:05:17.208 | INFO     | __main__:on_log:99 - step=14600 | loss=0.049800 | grad_norm=0.328033 | learning_rate=0.000005 | epoch=1.680285
2026-02-20 01:05:37.166 | INFO     | __main__:on_log:99 - step=14605 | loss=0.045000 | grad_norm=0.498957 | learning_rate=0.000005 | epoch=1.680861
2026-02-20 01:05:57.095 | INFO     | __main__:on_log:99 - step=14610 | loss=0.044100 | grad_norm=0.380879 | learning_rate=0.000005 | epoch=1.681436
2026-02-20 01:06:17.035 | INFO     | __main__:on_log:99 - step=14615 | loss=0.057900 | grad_norm=0.410581 | learning_rate=0.000005 | epoch=1.682012
2026-02-20 01:06:36.973 | INFO     | __main__:on_log:99 - step=14620 | loss=0.064900 | grad_norm=0.539809 | learning_rate=0.000005 | epoch=1.682587
2026-02-20 01:06:56.937 | INFO     | __main__:on_log:99 - step=14625 | loss=0.044600 | grad_norm=0.338033 | learning_rate=0.000005 | epoch=1.683163
2026-02-20 01:07:16.860 | INFO     | __main__:on_log:99 - step=14630 | loss=0.048700 | grad_norm=0.778519 | learning_rate=0.000005 | epoch=1.683738
2026-02-20 01:07:36.812 | INFO     | __main__:on_log:99 - step=14635 | loss=0.052000 | grad_norm=0.548849 | learning_rate=0.000005 | epoch=1.684313
2026-02-20 01:07:56.744 | INFO     | __main__:on_log:99 - step=14640 | loss=0.059200 | grad_norm=0.771895 | learning_rate=0.000005 | epoch=1.684889
2026-02-20 01:08:16.677 | INFO     | __main__:on_log:99 - step=14645 | loss=0.041800 | grad_norm=0.662387 | learning_rate=0.000005 | epoch=1.685464
2026-02-20 01:08:36.624 | INFO     | __main__:on_log:99 - step=14650 | loss=0.045700 | grad_norm=0.650441 | learning_rate=0.000005 | epoch=1.686040
2026-02-20 01:08:56.555 | INFO     | __main__:on_log:99 - step=14655 | loss=0.040400 | grad_norm=0.350119 | learning_rate=0.000005 | epoch=1.686615
2026-02-20 01:09:16.476 | INFO     | __main__:on_log:99 - step=14660 | loss=0.056200 | grad_norm=0.603643 | learning_rate=0.000005 | epoch=1.687191
2026-02-20 01:09:36.382 | INFO     | __main__:on_log:99 - step=14665 | loss=0.047500 | grad_norm=0.782236 | learning_rate=0.000005 | epoch=1.687766
2026-02-20 01:09:56.317 | INFO     | __main__:on_log:99 - step=14670 | loss=0.037400 | grad_norm=0.421032 | learning_rate=0.000005 | epoch=1.688342
2026-02-20 01:10:16.245 | INFO     | __main__:on_log:99 - step=14675 | loss=0.053800 | grad_norm=0.599972 | learning_rate=0.000005 | epoch=1.688917
2026-02-20 01:10:36.166 | INFO     | __main__:on_log:99 - step=14680 | loss=0.049300 | grad_norm=0.748507 | learning_rate=0.000005 | epoch=1.689492
2026-02-20 01:10:56.120 | INFO     | __main__:on_log:99 - step=14685 | loss=0.051500 | grad_norm=0.483212 | learning_rate=0.000005 | epoch=1.690068
2026-02-20 01:11:16.072 | INFO     | __main__:on_log:99 - step=14690 | loss=0.056800 | grad_norm=0.516250 | learning_rate=0.000005 | epoch=1.690643
2026-02-20 01:11:36.024 | INFO     | __main__:on_log:99 - step=14695 | loss=0.040400 | grad_norm=0.302318 | learning_rate=0.000005 | epoch=1.691219
2026-02-20 01:11:55.935 | INFO     | __main__:on_log:99 - step=14700 | loss=0.036100 | grad_norm=0.487125 | learning_rate=0.000005 | epoch=1.691794
2026-02-20 01:12:15.885 | INFO     | __main__:on_log:99 - step=14705 | loss=0.080100 | grad_norm=0.611611 | learning_rate=0.000005 | epoch=1.692370
2026-02-20 01:12:35.818 | INFO     | __main__:on_log:99 - step=14710 | loss=0.043500 | grad_norm=0.604738 | learning_rate=0.000005 | epoch=1.692945
2026-02-20 01:12:55.762 | INFO     | __main__:on_log:99 - step=14715 | loss=0.036200 | grad_norm=0.559452 | learning_rate=0.000005 | epoch=1.693521
2026-02-20 01:13:15.711 | INFO     | __main__:on_log:99 - step=14720 | loss=0.056300 | grad_norm=0.555209 | learning_rate=0.000005 | epoch=1.694096
2026-02-20 01:13:35.609 | INFO     | __main__:on_log:99 - step=14725 | loss=0.052700 | grad_norm=0.554179 | learning_rate=0.000005 | epoch=1.694671
2026-02-20 01:13:55.517 | INFO     | __main__:on_log:99 - step=14730 | loss=0.060700 | grad_norm=0.694520 | learning_rate=0.000005 | epoch=1.695247
2026-02-20 01:14:15.403 | INFO     | __main__:on_log:99 - step=14735 | loss=0.046900 | grad_norm=0.544496 | learning_rate=0.000005 | epoch=1.695822
2026-02-20 01:14:35.342 | INFO     | __main__:on_log:99 - step=14740 | loss=0.044700 | grad_norm=0.294290 | learning_rate=0.000005 | epoch=1.696398
2026-02-20 01:14:55.276 | INFO     | __main__:on_log:99 - step=14745 | loss=0.043600 | grad_norm=0.575626 | learning_rate=0.000005 | epoch=1.696973
2026-02-20 01:15:15.206 | INFO     | __main__:on_log:99 - step=14750 | loss=0.047600 | grad_norm=0.425159 | learning_rate=0.000005 | epoch=1.697549
2026-02-20 01:15:35.113 | INFO     | __main__:on_log:99 - step=14755 | loss=0.053000 | grad_norm=0.492253 | learning_rate=0.000005 | epoch=1.698124
2026-02-20 01:15:55.065 | INFO     | __main__:on_log:99 - step=14760 | loss=0.076700 | grad_norm=1.133870 | learning_rate=0.000005 | epoch=1.698700
2026-02-20 01:16:14.978 | INFO     | __main__:on_log:99 - step=14765 | loss=0.057200 | grad_norm=0.454118 | learning_rate=0.000005 | epoch=1.699275
2026-02-20 01:16:34.892 | INFO     | __main__:on_log:99 - step=14770 | loss=0.049800 | grad_norm=0.518380 | learning_rate=0.000005 | epoch=1.699850
2026-02-20 01:16:54.813 | INFO     | __main__:on_log:99 - step=14775 | loss=0.062000 | grad_norm=0.496434 | learning_rate=0.000005 | epoch=1.700426
2026-02-20 01:17:14.772 | INFO     | __main__:on_log:99 - step=14780 | loss=0.052900 | grad_norm=0.412066 | learning_rate=0.000005 | epoch=1.701001
2026-02-20 01:17:34.730 | INFO     | __main__:on_log:99 - step=14785 | loss=0.058700 | grad_norm=0.646981 | learning_rate=0.000005 | epoch=1.701577
2026-02-20 01:17:54.674 | INFO     | __main__:on_log:99 - step=14790 | loss=0.054700 | grad_norm=0.635208 | learning_rate=0.000005 | epoch=1.702152
2026-02-20 01:18:14.574 | INFO     | __main__:on_log:99 - step=14795 | loss=0.049900 | grad_norm=0.557750 | learning_rate=0.000005 | epoch=1.702728
2026-02-20 01:18:34.503 | INFO     | __main__:on_log:99 - step=14800 | loss=0.071600 | grad_norm=1.129021 | learning_rate=0.000005 | epoch=1.703303
2026-02-20 01:18:54.414 | INFO     | __main__:on_log:99 - step=14805 | loss=0.054900 | grad_norm=0.512449 | learning_rate=0.000005 | epoch=1.703878
2026-02-20 01:19:14.324 | INFO     | __main__:on_log:99 - step=14810 | loss=0.055300 | grad_norm=0.769425 | learning_rate=0.000005 | epoch=1.704454
2026-02-20 01:19:34.232 | INFO     | __main__:on_log:99 - step=14815 | loss=0.043500 | grad_norm=0.434387 | learning_rate=0.000005 | epoch=1.705029
2026-02-20 01:19:54.189 | INFO     | __main__:on_log:99 - step=14820 | loss=0.032200 | grad_norm=0.557321 | learning_rate=0.000005 | epoch=1.705605
2026-02-20 01:20:14.118 | INFO     | __main__:on_log:99 - step=14825 | loss=0.053700 | grad_norm=0.531498 | learning_rate=0.000005 | epoch=1.706180
2026-02-20 01:20:34.056 | INFO     | __main__:on_log:99 - step=14830 | loss=0.053400 | grad_norm=0.787798 | learning_rate=0.000005 | epoch=1.706756
2026-02-20 01:20:53.992 | INFO     | __main__:on_log:99 - step=14835 | loss=0.045700 | grad_norm=0.719888 | learning_rate=0.000005 | epoch=1.707331
2026-02-20 01:21:13.947 | INFO     | __main__:on_log:99 - step=14840 | loss=0.052300 | grad_norm=0.330672 | learning_rate=0.000005 | epoch=1.707907
2026-02-20 01:21:33.900 | INFO     | __main__:on_log:99 - step=14845 | loss=0.051500 | grad_norm=0.525822 | learning_rate=0.000005 | epoch=1.708482
2026-02-20 01:21:53.826 | INFO     | __main__:on_log:99 - step=14850 | loss=0.062300 | grad_norm=0.704692 | learning_rate=0.000005 | epoch=1.709057
2026-02-20 01:22:13.768 | INFO     | __main__:on_log:99 - step=14855 | loss=0.054500 | grad_norm=0.483087 | learning_rate=0.000005 | epoch=1.709633
2026-02-20 01:22:33.719 | INFO     | __main__:on_log:99 - step=14860 | loss=0.054500 | grad_norm=0.383085 | learning_rate=0.000005 | epoch=1.710208
2026-02-20 01:22:53.649 | INFO     | __main__:on_log:99 - step=14865 | loss=0.029600 | grad_norm=0.443214 | learning_rate=0.000005 | epoch=1.710784
2026-02-20 01:23:13.583 | INFO     | __main__:on_log:99 - step=14870 | loss=0.044700 | grad_norm=0.526151 | learning_rate=0.000005 | epoch=1.711359
2026-02-20 01:23:33.497 | INFO     | __main__:on_log:99 - step=14875 | loss=0.052100 | grad_norm=0.354389 | learning_rate=0.000005 | epoch=1.711935
2026-02-20 01:23:53.406 | INFO     | __main__:on_log:99 - step=14880 | loss=0.044000 | grad_norm=0.474557 | learning_rate=0.000005 | epoch=1.712510
2026-02-20 01:24:13.311 | INFO     | __main__:on_log:99 - step=14885 | loss=0.067900 | grad_norm=0.634029 | learning_rate=0.000005 | epoch=1.713086
2026-02-20 01:24:33.240 | INFO     | __main__:on_log:99 - step=14890 | loss=0.044000 | grad_norm=0.623255 | learning_rate=0.000005 | epoch=1.713661
2026-02-20 01:24:53.166 | INFO     | __main__:on_log:99 - step=14895 | loss=0.045800 | grad_norm=0.692283 | learning_rate=0.000005 | epoch=1.714236
2026-02-20 01:25:13.068 | INFO     | __main__:on_log:99 - step=14900 | loss=0.040300 | grad_norm=0.439100 | learning_rate=0.000005 | epoch=1.714812
2026-02-20 01:25:33.005 | INFO     | __main__:on_log:99 - step=14905 | loss=0.058600 | grad_norm=0.628973 | learning_rate=0.000004 | epoch=1.715387
2026-02-20 01:25:52.950 | INFO     | __main__:on_log:99 - step=14910 | loss=0.055600 | grad_norm=0.895031 | learning_rate=0.000004 | epoch=1.715963
2026-02-20 01:26:12.874 | INFO     | __main__:on_log:99 - step=14915 | loss=0.040900 | grad_norm=0.426420 | learning_rate=0.000004 | epoch=1.716538
2026-02-20 01:26:32.817 | INFO     | __main__:on_log:99 - step=14920 | loss=0.052500 | grad_norm=0.514010 | learning_rate=0.000004 | epoch=1.717114
2026-02-20 01:26:52.727 | INFO     | __main__:on_log:99 - step=14925 | loss=0.062500 | grad_norm=0.932482 | learning_rate=0.000004 | epoch=1.717689
2026-02-20 01:27:12.668 | INFO     | __main__:on_log:99 - step=14930 | loss=0.038300 | grad_norm=0.352785 | learning_rate=0.000004 | epoch=1.718264
2026-02-20 01:27:32.592 | INFO     | __main__:on_log:99 - step=14935 | loss=0.055100 | grad_norm=0.404925 | learning_rate=0.000004 | epoch=1.718840
2026-02-20 01:27:52.508 | INFO     | __main__:on_log:99 - step=14940 | loss=0.051800 | grad_norm=0.550696 | learning_rate=0.000004 | epoch=1.719415
2026-02-20 01:28:12.441 | INFO     | __main__:on_log:99 - step=14945 | loss=0.050400 | grad_norm=0.855953 | learning_rate=0.000004 | epoch=1.719991
2026-02-20 01:28:32.377 | INFO     | __main__:on_log:99 - step=14950 | loss=0.043600 | grad_norm=0.556481 | learning_rate=0.000004 | epoch=1.720566
2026-02-20 01:28:52.307 | INFO     | __main__:on_log:99 - step=14955 | loss=0.045600 | grad_norm=0.469164 | learning_rate=0.000004 | epoch=1.721142
2026-02-20 01:29:12.220 | INFO     | __main__:on_log:99 - step=14960 | loss=0.050600 | grad_norm=0.476339 | learning_rate=0.000004 | epoch=1.721717
2026-02-20 01:29:32.107 | INFO     | __main__:on_log:99 - step=14965 | loss=0.062200 | grad_norm=0.512014 | learning_rate=0.000004 | epoch=1.722293
2026-02-20 01:29:52.031 | INFO     | __main__:on_log:99 - step=14970 | loss=0.046700 | grad_norm=0.634853 | learning_rate=0.000004 | epoch=1.722868
2026-02-20 01:30:11.928 | INFO     | __main__:on_log:99 - step=14975 | loss=0.049800 | grad_norm=0.471379 | learning_rate=0.000004 | epoch=1.723443
2026-02-20 01:30:31.832 | INFO     | __main__:on_log:99 - step=14980 | loss=0.050900 | grad_norm=0.400707 | learning_rate=0.000004 | epoch=1.724019
2026-02-20 01:30:51.772 | INFO     | __main__:on_log:99 - step=14985 | loss=0.056800 | grad_norm=0.517483 | learning_rate=0.000004 | epoch=1.724594
2026-02-20 01:31:11.700 | INFO     | __main__:on_log:99 - step=14990 | loss=0.046500 | grad_norm=0.562754 | learning_rate=0.000004 | epoch=1.725170
2026-02-20 01:31:31.615 | INFO     | __main__:on_log:99 - step=14995 | loss=0.056300 | grad_norm=0.546222 | learning_rate=0.000004 | epoch=1.725745
2026-02-20 01:31:51.578 | INFO     | __main__:on_log:99 - step=15000 | loss=0.035600 | grad_norm=0.330079 | learning_rate=0.000004 | epoch=1.726321
2026-02-20 02:12:02.259 | INFO     | __main__:on_log:99 - step=15000 | epoch=1.726321
2026-02-20 02:12:23.088 | INFO     | __main__:on_log:99 - step=15005 | loss=0.058000 | grad_norm=0.539304 | learning_rate=0.000004 | epoch=1.726896
2026-02-20 02:12:43.074 | INFO     | __main__:on_log:99 - step=15010 | loss=0.060200 | grad_norm=0.466889 | learning_rate=0.000004 | epoch=1.727472
2026-02-20 02:13:03.052 | INFO     | __main__:on_log:99 - step=15015 | loss=0.046300 | grad_norm=0.526743 | learning_rate=0.000004 | epoch=1.728047
2026-02-20 02:13:23.047 | INFO     | __main__:on_log:99 - step=15020 | loss=0.050000 | grad_norm=0.381028 | learning_rate=0.000004 | epoch=1.728622
2026-02-20 02:13:43.022 | INFO     | __main__:on_log:99 - step=15025 | loss=0.043000 | grad_norm=0.616449 | learning_rate=0.000004 | epoch=1.729198
2026-02-20 02:14:02.995 | INFO     | __main__:on_log:99 - step=15030 | loss=0.049000 | grad_norm=0.597652 | learning_rate=0.000004 | epoch=1.729773
2026-02-20 02:14:22.961 | INFO     | __main__:on_log:99 - step=15035 | loss=0.058900 | grad_norm=0.535927 | learning_rate=0.000004 | epoch=1.730349
2026-02-20 02:14:42.906 | INFO     | __main__:on_log:99 - step=15040 | loss=0.069700 | grad_norm=0.867965 | learning_rate=0.000004 | epoch=1.730924
2026-02-20 02:15:02.878 | INFO     | __main__:on_log:99 - step=15045 | loss=0.049300 | grad_norm=0.393927 | learning_rate=0.000004 | epoch=1.731500
2026-02-20 02:15:22.852 | INFO     | __main__:on_log:99 - step=15050 | loss=0.056800 | grad_norm=0.521104 | learning_rate=0.000004 | epoch=1.732075
2026-02-20 02:15:42.828 | INFO     | __main__:on_log:99 - step=15055 | loss=0.045500 | grad_norm=0.689024 | learning_rate=0.000004 | epoch=1.732650
2026-02-20 02:16:02.763 | INFO     | __main__:on_log:99 - step=15060 | loss=0.062600 | grad_norm=0.613874 | learning_rate=0.000004 | epoch=1.733226
2026-02-20 02:16:22.710 | INFO     | __main__:on_log:99 - step=15065 | loss=0.041900 | grad_norm=0.462077 | learning_rate=0.000004 | epoch=1.733801
2026-02-20 02:16:42.645 | INFO     | __main__:on_log:99 - step=15070 | loss=0.075300 | grad_norm=0.640100 | learning_rate=0.000004 | epoch=1.734377
2026-02-20 02:17:02.619 | INFO     | __main__:on_log:99 - step=15075 | loss=0.043700 | grad_norm=0.741909 | learning_rate=0.000004 | epoch=1.734952
2026-02-20 02:17:22.601 | INFO     | __main__:on_log:99 - step=15080 | loss=0.054000 | grad_norm=0.549160 | learning_rate=0.000004 | epoch=1.735528
2026-02-20 02:17:42.593 | INFO     | __main__:on_log:99 - step=15085 | loss=0.042100 | grad_norm=0.691639 | learning_rate=0.000004 | epoch=1.736103
2026-02-20 02:18:02.567 | INFO     | __main__:on_log:99 - step=15090 | loss=0.053700 | grad_norm=0.803505 | learning_rate=0.000004 | epoch=1.736679
2026-02-20 02:18:22.534 | INFO     | __main__:on_log:99 - step=15095 | loss=0.053200 | grad_norm=0.564626 | learning_rate=0.000004 | epoch=1.737254
2026-02-20 02:18:42.503 | INFO     | __main__:on_log:99 - step=15100 | loss=0.062300 | grad_norm=0.591536 | learning_rate=0.000004 | epoch=1.737829
2026-02-20 02:19:02.454 | INFO     | __main__:on_log:99 - step=15105 | loss=0.046200 | grad_norm=0.622863 | learning_rate=0.000004 | epoch=1.738405
2026-02-20 02:19:22.389 | INFO     | __main__:on_log:99 - step=15110 | loss=0.055800 | grad_norm=0.647096 | learning_rate=0.000004 | epoch=1.738980
2026-02-20 02:19:42.326 | INFO     | __main__:on_log:99 - step=15115 | loss=0.043100 | grad_norm=0.449988 | learning_rate=0.000004 | epoch=1.739556
2026-02-20 02:20:02.295 | INFO     | __main__:on_log:99 - step=15120 | loss=0.079300 | grad_norm=0.768822 | learning_rate=0.000004 | epoch=1.740131
2026-02-20 02:20:22.267 | INFO     | __main__:on_log:99 - step=15125 | loss=0.058300 | grad_norm=0.612293 | learning_rate=0.000004 | epoch=1.740707
2026-02-20 02:20:42.215 | INFO     | __main__:on_log:99 - step=15130 | loss=0.056200 | grad_norm=0.687566 | learning_rate=0.000004 | epoch=1.741282
2026-02-20 02:21:02.161 | INFO     | __main__:on_log:99 - step=15135 | loss=0.050600 | grad_norm=0.776851 | learning_rate=0.000004 | epoch=1.741858
2026-02-20 02:21:22.106 | INFO     | __main__:on_log:99 - step=15140 | loss=0.062800 | grad_norm=0.709673 | learning_rate=0.000004 | epoch=1.742433
2026-02-20 02:21:42.049 | INFO     | __main__:on_log:99 - step=15145 | loss=0.046200 | grad_norm=0.555344 | learning_rate=0.000004 | epoch=1.743008
2026-02-20 02:22:02.238 | INFO     | __main__:on_log:99 - step=15150 | loss=0.041000 | grad_norm=0.495168 | learning_rate=0.000004 | epoch=1.743584
2026-02-20 02:22:22.180 | INFO     | __main__:on_log:99 - step=15155 | loss=0.056100 | grad_norm=0.689011 | learning_rate=0.000004 | epoch=1.744159
2026-02-20 02:22:42.127 | INFO     | __main__:on_log:99 - step=15160 | loss=0.052100 | grad_norm=0.494695 | learning_rate=0.000004 | epoch=1.744735
2026-02-20 02:23:02.085 | INFO     | __main__:on_log:99 - step=15165 | loss=0.046100 | grad_norm=0.374040 | learning_rate=0.000004 | epoch=1.745310
2026-02-20 02:23:22.036 | INFO     | __main__:on_log:99 - step=15170 | loss=0.054500 | grad_norm=0.547387 | learning_rate=0.000004 | epoch=1.745886
2026-02-20 02:23:42.016 | INFO     | __main__:on_log:99 - step=15175 | loss=0.049900 | grad_norm=0.341392 | learning_rate=0.000004 | epoch=1.746461
2026-02-20 02:24:02.003 | INFO     | __main__:on_log:99 - step=15180 | loss=0.058000 | grad_norm=0.582229 | learning_rate=0.000004 | epoch=1.747036
2026-02-20 02:24:21.958 | INFO     | __main__:on_log:99 - step=15185 | loss=0.046000 | grad_norm=0.353079 | learning_rate=0.000004 | epoch=1.747612
2026-02-20 02:24:41.895 | INFO     | __main__:on_log:99 - step=15190 | loss=0.052300 | grad_norm=0.449751 | learning_rate=0.000004 | epoch=1.748187
2026-02-20 02:25:01.840 | INFO     | __main__:on_log:99 - step=15195 | loss=0.058400 | grad_norm=0.843617 | learning_rate=0.000004 | epoch=1.748763
2026-02-20 02:25:21.810 | INFO     | __main__:on_log:99 - step=15200 | loss=0.053900 | grad_norm=0.591502 | learning_rate=0.000004 | epoch=1.749338
2026-02-20 02:25:41.782 | INFO     | __main__:on_log:99 - step=15205 | loss=0.059100 | grad_norm=0.358452 | learning_rate=0.000004 | epoch=1.749914
2026-02-20 02:26:01.720 | INFO     | __main__:on_log:99 - step=15210 | loss=0.047000 | grad_norm=0.453329 | learning_rate=0.000004 | epoch=1.750489
2026-02-20 02:26:21.671 | INFO     | __main__:on_log:99 - step=15215 | loss=0.054700 | grad_norm=0.468356 | learning_rate=0.000004 | epoch=1.751065
2026-02-20 02:26:41.617 | INFO     | __main__:on_log:99 - step=15220 | loss=0.051000 | grad_norm=0.571106 | learning_rate=0.000004 | epoch=1.751640
2026-02-20 02:27:01.598 | INFO     | __main__:on_log:99 - step=15225 | loss=0.045900 | grad_norm=0.644135 | learning_rate=0.000004 | epoch=1.752215
2026-02-20 02:27:21.550 | INFO     | __main__:on_log:99 - step=15230 | loss=0.036200 | grad_norm=0.503370 | learning_rate=0.000004 | epoch=1.752791
2026-02-20 02:27:41.479 | INFO     | __main__:on_log:99 - step=15235 | loss=0.059200 | grad_norm=0.715089 | learning_rate=0.000004 | epoch=1.753366
2026-02-20 02:28:01.405 | INFO     | __main__:on_log:99 - step=15240 | loss=0.040800 | grad_norm=0.513208 | learning_rate=0.000004 | epoch=1.753942
2026-02-20 02:28:21.341 | INFO     | __main__:on_log:99 - step=15245 | loss=0.070200 | grad_norm=0.758315 | learning_rate=0.000004 | epoch=1.754517
2026-02-20 02:28:41.275 | INFO     | __main__:on_log:99 - step=15250 | loss=0.059200 | grad_norm=0.556170 | learning_rate=0.000004 | epoch=1.755093
2026-02-20 02:29:01.240 | INFO     | __main__:on_log:99 - step=15255 | loss=0.051100 | grad_norm=0.534164 | learning_rate=0.000004 | epoch=1.755668
2026-02-20 02:29:21.201 | INFO     | __main__:on_log:99 - step=15260 | loss=0.062400 | grad_norm=0.619789 | learning_rate=0.000004 | epoch=1.756244
2026-02-20 02:29:41.168 | INFO     | __main__:on_log:99 - step=15265 | loss=0.061400 | grad_norm=0.568368 | learning_rate=0.000004 | epoch=1.756819
2026-02-20 02:30:01.165 | INFO     | __main__:on_log:99 - step=15270 | loss=0.046000 | grad_norm=0.321039 | learning_rate=0.000004 | epoch=1.757394
2026-02-20 02:30:21.144 | INFO     | __main__:on_log:99 - step=15275 | loss=0.045700 | grad_norm=0.417567 | learning_rate=0.000004 | epoch=1.757970
2026-02-20 02:30:41.130 | INFO     | __main__:on_log:99 - step=15280 | loss=0.045800 | grad_norm=0.508520 | learning_rate=0.000004 | epoch=1.758545
2026-02-20 02:31:01.105 | INFO     | __main__:on_log:99 - step=15285 | loss=0.074300 | grad_norm=0.465928 | learning_rate=0.000004 | epoch=1.759121
2026-02-20 02:31:21.029 | INFO     | __main__:on_log:99 - step=15290 | loss=0.048800 | grad_norm=0.434786 | learning_rate=0.000004 | epoch=1.759696
2026-02-20 02:31:40.973 | INFO     | __main__:on_log:99 - step=15295 | loss=0.044600 | grad_norm=0.943103 | learning_rate=0.000004 | epoch=1.760272
2026-02-20 02:32:00.907 | INFO     | __main__:on_log:99 - step=15300 | loss=0.053000 | grad_norm=0.439428 | learning_rate=0.000004 | epoch=1.760847
2026-02-20 02:32:20.841 | INFO     | __main__:on_log:99 - step=15305 | loss=0.060000 | grad_norm=0.683369 | learning_rate=0.000004 | epoch=1.761422
2026-02-20 02:32:40.803 | INFO     | __main__:on_log:99 - step=15310 | loss=0.049400 | grad_norm=0.441080 | learning_rate=0.000004 | epoch=1.761998
2026-02-20 02:33:00.763 | INFO     | __main__:on_log:99 - step=15315 | loss=0.040000 | grad_norm=0.362352 | learning_rate=0.000004 | epoch=1.762573
2026-02-20 02:33:20.717 | INFO     | __main__:on_log:99 - step=15320 | loss=0.055600 | grad_norm=0.512464 | learning_rate=0.000004 | epoch=1.763149
2026-02-20 02:33:40.644 | INFO     | __main__:on_log:99 - step=15325 | loss=0.069700 | grad_norm=0.670421 | learning_rate=0.000004 | epoch=1.763724
2026-02-20 02:34:00.586 | INFO     | __main__:on_log:99 - step=15330 | loss=0.049200 | grad_norm=0.537327 | learning_rate=0.000004 | epoch=1.764300
2026-02-20 02:34:20.518 | INFO     | __main__:on_log:99 - step=15335 | loss=0.040700 | grad_norm=0.650568 | learning_rate=0.000004 | epoch=1.764875
2026-02-20 02:34:40.489 | INFO     | __main__:on_log:99 - step=15340 | loss=0.072100 | grad_norm=0.756542 | learning_rate=0.000004 | epoch=1.765451
2026-02-20 02:35:00.446 | INFO     | __main__:on_log:99 - step=15345 | loss=0.051200 | grad_norm=0.535499 | learning_rate=0.000004 | epoch=1.766026
2026-02-20 02:35:20.385 | INFO     | __main__:on_log:99 - step=15350 | loss=0.046800 | grad_norm=0.476435 | learning_rate=0.000004 | epoch=1.766601
2026-02-20 02:35:40.355 | INFO     | __main__:on_log:99 - step=15355 | loss=0.053800 | grad_norm=0.550989 | learning_rate=0.000004 | epoch=1.767177
2026-02-20 02:36:00.284 | INFO     | __main__:on_log:99 - step=15360 | loss=0.050400 | grad_norm=0.464323 | learning_rate=0.000004 | epoch=1.767752
2026-02-20 02:36:20.225 | INFO     | __main__:on_log:99 - step=15365 | loss=0.047900 | grad_norm=0.759645 | learning_rate=0.000004 | epoch=1.768328
2026-02-20 02:36:40.189 | INFO     | __main__:on_log:99 - step=15370 | loss=0.054900 | grad_norm=0.788664 | learning_rate=0.000004 | epoch=1.768903
2026-02-20 02:37:00.139 | INFO     | __main__:on_log:99 - step=15375 | loss=0.052700 | grad_norm=0.544456 | learning_rate=0.000004 | epoch=1.769479
2026-02-20 02:37:20.073 | INFO     | __main__:on_log:99 - step=15380 | loss=0.056500 | grad_norm=0.418378 | learning_rate=0.000004 | epoch=1.770054
2026-02-20 02:37:40.018 | INFO     | __main__:on_log:99 - step=15385 | loss=0.062800 | grad_norm=0.731226 | learning_rate=0.000004 | epoch=1.770630
2026-02-20 02:37:59.954 | INFO     | __main__:on_log:99 - step=15390 | loss=0.057900 | grad_norm=0.453481 | learning_rate=0.000004 | epoch=1.771205
2026-02-20 02:38:19.901 | INFO     | __main__:on_log:99 - step=15395 | loss=0.074000 | grad_norm=0.790881 | learning_rate=0.000004 | epoch=1.771780
2026-02-20 02:38:39.833 | INFO     | __main__:on_log:99 - step=15400 | loss=0.055800 | grad_norm=0.815103 | learning_rate=0.000004 | epoch=1.772356
2026-02-20 02:38:59.827 | INFO     | __main__:on_log:99 - step=15405 | loss=0.050100 | grad_norm=0.319921 | learning_rate=0.000004 | epoch=1.772931
2026-02-20 02:39:19.781 | INFO     | __main__:on_log:99 - step=15410 | loss=0.055500 | grad_norm=0.447727 | learning_rate=0.000004 | epoch=1.773507
2026-02-20 02:39:39.761 | INFO     | __main__:on_log:99 - step=15415 | loss=0.055700 | grad_norm=0.387706 | learning_rate=0.000004 | epoch=1.774082
2026-02-20 02:39:59.690 | INFO     | __main__:on_log:99 - step=15420 | loss=0.051100 | grad_norm=0.691454 | learning_rate=0.000004 | epoch=1.774658
2026-02-20 02:40:19.645 | INFO     | __main__:on_log:99 - step=15425 | loss=0.052500 | grad_norm=0.449044 | learning_rate=0.000004 | epoch=1.775233
2026-02-20 02:40:39.570 | INFO     | __main__:on_log:99 - step=15430 | loss=0.057700 | grad_norm=0.892569 | learning_rate=0.000004 | epoch=1.775808
2026-02-20 02:40:59.519 | INFO     | __main__:on_log:99 - step=15435 | loss=0.075600 | grad_norm=0.543817 | learning_rate=0.000004 | epoch=1.776384
2026-02-20 02:41:19.502 | INFO     | __main__:on_log:99 - step=15440 | loss=0.052700 | grad_norm=0.465823 | learning_rate=0.000004 | epoch=1.776959
2026-02-20 02:41:39.457 | INFO     | __main__:on_log:99 - step=15445 | loss=0.046600 | grad_norm=0.662201 | learning_rate=0.000004 | epoch=1.777535
2026-02-20 02:41:59.413 | INFO     | __main__:on_log:99 - step=15450 | loss=0.045600 | grad_norm=0.386589 | learning_rate=0.000004 | epoch=1.778110
2026-02-20 02:42:19.376 | INFO     | __main__:on_log:99 - step=15455 | loss=0.049600 | grad_norm=0.568185 | learning_rate=0.000003 | epoch=1.778686
2026-02-20 02:42:39.331 | INFO     | __main__:on_log:99 - step=15460 | loss=0.048400 | grad_norm=0.520447 | learning_rate=0.000003 | epoch=1.779261
2026-02-20 02:42:59.284 | INFO     | __main__:on_log:99 - step=15465 | loss=0.050700 | grad_norm=0.738054 | learning_rate=0.000003 | epoch=1.779837
2026-02-20 02:43:19.236 | INFO     | __main__:on_log:99 - step=15470 | loss=0.080400 | grad_norm=0.443478 | learning_rate=0.000003 | epoch=1.780412
2026-02-20 02:43:39.183 | INFO     | __main__:on_log:99 - step=15475 | loss=0.037400 | grad_norm=0.726898 | learning_rate=0.000003 | epoch=1.780987
2026-02-20 02:43:59.104 | INFO     | __main__:on_log:99 - step=15480 | loss=0.043500 | grad_norm=0.675229 | learning_rate=0.000003 | epoch=1.781563
2026-02-20 02:44:19.041 | INFO     | __main__:on_log:99 - step=15485 | loss=0.053700 | grad_norm=0.567519 | learning_rate=0.000003 | epoch=1.782138
2026-02-20 02:44:38.972 | INFO     | __main__:on_log:99 - step=15490 | loss=0.052600 | grad_norm=0.501634 | learning_rate=0.000003 | epoch=1.782714
2026-02-20 02:44:58.930 | INFO     | __main__:on_log:99 - step=15495 | loss=0.037900 | grad_norm=0.386017 | learning_rate=0.000003 | epoch=1.783289
2026-02-20 02:45:18.869 | INFO     | __main__:on_log:99 - step=15500 | loss=0.038400 | grad_norm=0.399248 | learning_rate=0.000003 | epoch=1.783865
2026-02-20 02:45:38.825 | INFO     | __main__:on_log:99 - step=15505 | loss=0.049300 | grad_norm=0.335274 | learning_rate=0.000003 | epoch=1.784440
2026-02-20 02:45:58.766 | INFO     | __main__:on_log:99 - step=15510 | loss=0.036100 | grad_norm=0.728665 | learning_rate=0.000003 | epoch=1.785016
2026-02-20 02:46:18.705 | INFO     | __main__:on_log:99 - step=15515 | loss=0.039400 | grad_norm=0.385429 | learning_rate=0.000003 | epoch=1.785591
2026-02-20 02:46:38.663 | INFO     | __main__:on_log:99 - step=15520 | loss=0.041900 | grad_norm=0.787822 | learning_rate=0.000003 | epoch=1.786166
2026-02-20 02:46:58.610 | INFO     | __main__:on_log:99 - step=15525 | loss=0.055800 | grad_norm=0.542973 | learning_rate=0.000003 | epoch=1.786742
2026-02-20 02:47:18.558 | INFO     | __main__:on_log:99 - step=15530 | loss=0.053600 | grad_norm=0.726782 | learning_rate=0.000003 | epoch=1.787317
2026-02-20 02:47:38.497 | INFO     | __main__:on_log:99 - step=15535 | loss=0.036500 | grad_norm=0.315075 | learning_rate=0.000003 | epoch=1.787893
2026-02-20 02:47:58.428 | INFO     | __main__:on_log:99 - step=15540 | loss=0.047000 | grad_norm=0.531289 | learning_rate=0.000003 | epoch=1.788468
2026-02-20 02:48:18.368 | INFO     | __main__:on_log:99 - step=15545 | loss=0.045300 | grad_norm=0.459290 | learning_rate=0.000003 | epoch=1.789044
2026-02-20 02:48:38.326 | INFO     | __main__:on_log:99 - step=15550 | loss=0.040800 | grad_norm=0.605445 | learning_rate=0.000003 | epoch=1.789619
2026-02-20 02:48:58.294 | INFO     | __main__:on_log:99 - step=15555 | loss=0.047200 | grad_norm=0.685587 | learning_rate=0.000003 | epoch=1.790194
2026-02-20 02:49:18.230 | INFO     | __main__:on_log:99 - step=15560 | loss=0.043200 | grad_norm=0.801876 | learning_rate=0.000003 | epoch=1.790770
2026-02-20 02:49:38.201 | INFO     | __main__:on_log:99 - step=15565 | loss=0.057300 | grad_norm=0.396811 | learning_rate=0.000003 | epoch=1.791345
2026-02-20 02:49:58.136 | INFO     | __main__:on_log:99 - step=15570 | loss=0.046800 | grad_norm=0.610789 | learning_rate=0.000003 | epoch=1.791921
2026-02-20 02:50:18.051 | INFO     | __main__:on_log:99 - step=15575 | loss=0.051500 | grad_norm=0.527566 | learning_rate=0.000003 | epoch=1.792496
2026-02-20 02:50:38.031 | INFO     | __main__:on_log:99 - step=15580 | loss=0.040300 | grad_norm=0.649608 | learning_rate=0.000003 | epoch=1.793072
2026-02-20 02:50:58.008 | INFO     | __main__:on_log:99 - step=15585 | loss=0.046900 | grad_norm=0.598037 | learning_rate=0.000003 | epoch=1.793647
2026-02-20 02:51:17.962 | INFO     | __main__:on_log:99 - step=15590 | loss=0.046700 | grad_norm=0.334948 | learning_rate=0.000003 | epoch=1.794223
2026-02-20 02:51:37.945 | INFO     | __main__:on_log:99 - step=15595 | loss=0.045600 | grad_norm=0.569250 | learning_rate=0.000003 | epoch=1.794798
2026-02-20 02:51:57.921 | INFO     | __main__:on_log:99 - step=15600 | loss=0.053600 | grad_norm=0.750053 | learning_rate=0.000003 | epoch=1.795373
2026-02-20 02:52:17.895 | INFO     | __main__:on_log:99 - step=15605 | loss=0.041300 | grad_norm=0.541944 | learning_rate=0.000003 | epoch=1.795949
2026-02-20 02:52:37.855 | INFO     | __main__:on_log:99 - step=15610 | loss=0.040900 | grad_norm=0.575929 | learning_rate=0.000003 | epoch=1.796524
2026-02-20 02:52:57.828 | INFO     | __main__:on_log:99 - step=15615 | loss=0.055200 | grad_norm=0.548835 | learning_rate=0.000003 | epoch=1.797100
2026-02-20 02:53:17.801 | INFO     | __main__:on_log:99 - step=15620 | loss=0.054300 | grad_norm=0.469348 | learning_rate=0.000003 | epoch=1.797675
2026-02-20 02:53:37.759 | INFO     | __main__:on_log:99 - step=15625 | loss=0.053700 | grad_norm=0.738565 | learning_rate=0.000003 | epoch=1.798251
2026-02-20 02:53:57.696 | INFO     | __main__:on_log:99 - step=15630 | loss=0.059700 | grad_norm=0.641390 | learning_rate=0.000003 | epoch=1.798826
2026-02-20 02:54:17.660 | INFO     | __main__:on_log:99 - step=15635 | loss=0.052100 | grad_norm=0.588451 | learning_rate=0.000003 | epoch=1.799402
2026-02-20 02:54:37.644 | INFO     | __main__:on_log:99 - step=15640 | loss=0.046700 | grad_norm=0.389637 | learning_rate=0.000003 | epoch=1.799977
2026-02-20 02:54:57.572 | INFO     | __main__:on_log:99 - step=15645 | loss=0.051700 | grad_norm=0.602622 | learning_rate=0.000003 | epoch=1.800552
2026-02-20 02:55:17.513 | INFO     | __main__:on_log:99 - step=15650 | loss=0.050100 | grad_norm=0.320436 | learning_rate=0.000003 | epoch=1.801128
2026-02-20 02:55:37.440 | INFO     | __main__:on_log:99 - step=15655 | loss=0.045100 | grad_norm=0.469729 | learning_rate=0.000003 | epoch=1.801703
2026-02-20 02:55:57.371 | INFO     | __main__:on_log:99 - step=15660 | loss=0.039200 | grad_norm=0.458451 | learning_rate=0.000003 | epoch=1.802279
2026-02-20 02:56:17.334 | INFO     | __main__:on_log:99 - step=15665 | loss=0.056900 | grad_norm=0.382906 | learning_rate=0.000003 | epoch=1.802854
2026-02-20 02:56:37.283 | INFO     | __main__:on_log:99 - step=15670 | loss=0.035900 | grad_norm=0.619849 | learning_rate=0.000003 | epoch=1.803430
2026-02-20 02:56:57.251 | INFO     | __main__:on_log:99 - step=15675 | loss=0.040000 | grad_norm=0.433988 | learning_rate=0.000003 | epoch=1.804005
2026-02-20 02:57:17.199 | INFO     | __main__:on_log:99 - step=15680 | loss=0.058700 | grad_norm=0.767916 | learning_rate=0.000003 | epoch=1.804581
2026-02-20 02:57:37.176 | INFO     | __main__:on_log:99 - step=15685 | loss=0.064800 | grad_norm=0.824909 | learning_rate=0.000003 | epoch=1.805156
2026-02-20 02:57:57.171 | INFO     | __main__:on_log:99 - step=15690 | loss=0.049300 | grad_norm=0.648634 | learning_rate=0.000003 | epoch=1.805731
2026-02-20 02:58:17.154 | INFO     | __main__:on_log:99 - step=15695 | loss=0.054700 | grad_norm=0.409003 | learning_rate=0.000003 | epoch=1.806307
2026-02-20 02:58:37.139 | INFO     | __main__:on_log:99 - step=15700 | loss=0.051800 | grad_norm=0.373061 | learning_rate=0.000003 | epoch=1.806882
2026-02-20 02:58:57.092 | INFO     | __main__:on_log:99 - step=15705 | loss=0.036500 | grad_norm=0.445832 | learning_rate=0.000003 | epoch=1.807458
2026-02-20 02:59:17.040 | INFO     | __main__:on_log:99 - step=15710 | loss=0.067200 | grad_norm=0.413117 | learning_rate=0.000003 | epoch=1.808033
2026-02-20 02:59:36.989 | INFO     | __main__:on_log:99 - step=15715 | loss=0.058900 | grad_norm=0.693922 | learning_rate=0.000003 | epoch=1.808609
2026-02-20 02:59:56.949 | INFO     | __main__:on_log:99 - step=15720 | loss=0.039800 | grad_norm=0.382546 | learning_rate=0.000003 | epoch=1.809184
2026-02-20 03:00:16.940 | INFO     | __main__:on_log:99 - step=15725 | loss=0.040000 | grad_norm=0.549841 | learning_rate=0.000003 | epoch=1.809759
2026-02-20 03:00:36.910 | INFO     | __main__:on_log:99 - step=15730 | loss=0.053000 | grad_norm=0.429483 | learning_rate=0.000003 | epoch=1.810335
2026-02-20 03:00:56.897 | INFO     | __main__:on_log:99 - step=15735 | loss=0.029100 | grad_norm=0.301541 | learning_rate=0.000003 | epoch=1.810910
2026-02-20 03:01:16.831 | INFO     | __main__:on_log:99 - step=15740 | loss=0.055600 | grad_norm=0.503423 | learning_rate=0.000003 | epoch=1.811486
2026-02-20 03:01:36.760 | INFO     | __main__:on_log:99 - step=15745 | loss=0.050200 | grad_norm=0.666196 | learning_rate=0.000003 | epoch=1.812061
2026-02-20 03:01:56.688 | INFO     | __main__:on_log:99 - step=15750 | loss=0.071400 | grad_norm=0.587781 | learning_rate=0.000003 | epoch=1.812637
2026-02-20 03:02:16.635 | INFO     | __main__:on_log:99 - step=15755 | loss=0.053800 | grad_norm=0.504979 | learning_rate=0.000003 | epoch=1.813212
2026-02-20 03:02:36.602 | INFO     | __main__:on_log:99 - step=15760 | loss=0.045800 | grad_norm=0.382472 | learning_rate=0.000003 | epoch=1.813788
2026-02-20 03:02:56.560 | INFO     | __main__:on_log:99 - step=15765 | loss=0.060600 | grad_norm=0.550916 | learning_rate=0.000003 | epoch=1.814363
2026-02-20 03:03:16.506 | INFO     | __main__:on_log:99 - step=15770 | loss=0.055800 | grad_norm=0.579241 | learning_rate=0.000003 | epoch=1.814938
2026-02-20 03:03:36.474 | INFO     | __main__:on_log:99 - step=15775 | loss=0.059700 | grad_norm=0.428297 | learning_rate=0.000003 | epoch=1.815514
2026-02-20 03:03:56.424 | INFO     | __main__:on_log:99 - step=15780 | loss=0.049100 | grad_norm=0.394001 | learning_rate=0.000003 | epoch=1.816089
2026-02-20 03:04:16.354 | INFO     | __main__:on_log:99 - step=15785 | loss=0.055800 | grad_norm=1.005263 | learning_rate=0.000003 | epoch=1.816665
2026-02-20 03:04:36.300 | INFO     | __main__:on_log:99 - step=15790 | loss=0.050700 | grad_norm=0.400183 | learning_rate=0.000003 | epoch=1.817240
2026-02-20 03:04:56.225 | INFO     | __main__:on_log:99 - step=15795 | loss=0.048800 | grad_norm=0.503134 | learning_rate=0.000003 | epoch=1.817816
2026-02-20 03:05:16.151 | INFO     | __main__:on_log:99 - step=15800 | loss=0.057600 | grad_norm=0.556550 | learning_rate=0.000003 | epoch=1.818391
2026-02-20 03:05:36.082 | INFO     | __main__:on_log:99 - step=15805 | loss=0.061000 | grad_norm=0.492370 | learning_rate=0.000003 | epoch=1.818967
2026-02-20 03:05:56.046 | INFO     | __main__:on_log:99 - step=15810 | loss=0.059100 | grad_norm=0.437654 | learning_rate=0.000003 | epoch=1.819542
2026-02-20 03:06:15.978 | INFO     | __main__:on_log:99 - step=15815 | loss=0.063800 | grad_norm=0.617617 | learning_rate=0.000003 | epoch=1.820117
2026-02-20 03:06:35.897 | INFO     | __main__:on_log:99 - step=15820 | loss=0.066000 | grad_norm=0.391123 | learning_rate=0.000003 | epoch=1.820693
2026-02-20 03:06:55.848 | INFO     | __main__:on_log:99 - step=15825 | loss=0.067000 | grad_norm=0.597405 | learning_rate=0.000003 | epoch=1.821268
2026-02-20 03:07:15.763 | INFO     | __main__:on_log:99 - step=15830 | loss=0.059100 | grad_norm=0.765008 | learning_rate=0.000003 | epoch=1.821844
2026-02-20 03:07:35.678 | INFO     | __main__:on_log:99 - step=15835 | loss=0.057900 | grad_norm=0.840991 | learning_rate=0.000003 | epoch=1.822419
2026-02-20 03:07:55.604 | INFO     | __main__:on_log:99 - step=15840 | loss=0.053100 | grad_norm=0.443180 | learning_rate=0.000003 | epoch=1.822995
2026-02-20 03:08:15.505 | INFO     | __main__:on_log:99 - step=15845 | loss=0.049400 | grad_norm=0.567012 | learning_rate=0.000003 | epoch=1.823570
2026-02-20 03:08:35.415 | INFO     | __main__:on_log:99 - step=15850 | loss=0.059100 | grad_norm=0.609889 | learning_rate=0.000003 | epoch=1.824145
2026-02-20 03:08:55.320 | INFO     | __main__:on_log:99 - step=15855 | loss=0.047800 | grad_norm=0.434926 | learning_rate=0.000003 | epoch=1.824721
2026-02-20 03:09:15.215 | INFO     | __main__:on_log:99 - step=15860 | loss=0.053000 | grad_norm=0.517923 | learning_rate=0.000003 | epoch=1.825296
2026-02-20 03:09:35.124 | INFO     | __main__:on_log:99 - step=15865 | loss=0.041800 | grad_norm=0.481588 | learning_rate=0.000003 | epoch=1.825872
2026-02-20 03:09:55.011 | INFO     | __main__:on_log:99 - step=15870 | loss=0.047800 | grad_norm=0.674442 | learning_rate=0.000003 | epoch=1.826447
2026-02-20 03:10:14.931 | INFO     | __main__:on_log:99 - step=15875 | loss=0.077900 | grad_norm=0.883221 | learning_rate=0.000003 | epoch=1.827023
2026-02-20 03:10:34.829 | INFO     | __main__:on_log:99 - step=15880 | loss=0.047400 | grad_norm=0.325540 | learning_rate=0.000003 | epoch=1.827598
2026-02-20 03:10:54.766 | INFO     | __main__:on_log:99 - step=15885 | loss=0.061500 | grad_norm=0.580584 | learning_rate=0.000003 | epoch=1.828174
2026-02-20 03:11:14.683 | INFO     | __main__:on_log:99 - step=15890 | loss=0.054000 | grad_norm=0.617837 | learning_rate=0.000003 | epoch=1.828749
2026-02-20 03:11:34.577 | INFO     | __main__:on_log:99 - step=15895 | loss=0.052700 | grad_norm=0.668706 | learning_rate=0.000003 | epoch=1.829324
2026-02-20 03:11:54.510 | INFO     | __main__:on_log:99 - step=15900 | loss=0.054600 | grad_norm=0.446320 | learning_rate=0.000003 | epoch=1.829900
2026-02-20 03:12:14.396 | INFO     | __main__:on_log:99 - step=15905 | loss=0.054000 | grad_norm=0.568759 | learning_rate=0.000003 | epoch=1.830475
2026-02-20 03:12:34.314 | INFO     | __main__:on_log:99 - step=15910 | loss=0.067700 | grad_norm=0.455323 | learning_rate=0.000003 | epoch=1.831051
2026-02-20 03:12:54.219 | INFO     | __main__:on_log:99 - step=15915 | loss=0.036000 | grad_norm=0.482918 | learning_rate=0.000003 | epoch=1.831626
2026-02-20 03:13:14.120 | INFO     | __main__:on_log:99 - step=15920 | loss=0.050300 | grad_norm=0.913588 | learning_rate=0.000003 | epoch=1.832202
2026-02-20 03:13:34.057 | INFO     | __main__:on_log:99 - step=15925 | loss=0.060000 | grad_norm=0.295548 | learning_rate=0.000003 | epoch=1.832777
2026-02-20 03:13:53.982 | INFO     | __main__:on_log:99 - step=15930 | loss=0.068300 | grad_norm=0.632826 | learning_rate=0.000003 | epoch=1.833353
2026-02-20 03:14:13.871 | INFO     | __main__:on_log:99 - step=15935 | loss=0.053500 | grad_norm=0.521592 | learning_rate=0.000003 | epoch=1.833928
2026-02-20 03:14:33.797 | INFO     | __main__:on_log:99 - step=15940 | loss=0.062900 | grad_norm=0.662721 | learning_rate=0.000003 | epoch=1.834503
2026-02-20 03:14:53.726 | INFO     | __main__:on_log:99 - step=15945 | loss=0.064300 | grad_norm=0.751166 | learning_rate=0.000003 | epoch=1.835079
2026-02-20 03:15:13.638 | INFO     | __main__:on_log:99 - step=15950 | loss=0.058100 | grad_norm=0.546301 | learning_rate=0.000003 | epoch=1.835654
2026-02-20 03:15:33.562 | INFO     | __main__:on_log:99 - step=15955 | loss=0.043700 | grad_norm=0.489114 | learning_rate=0.000003 | epoch=1.836230
2026-02-20 03:15:53.499 | INFO     | __main__:on_log:99 - step=15960 | loss=0.062200 | grad_norm=0.464822 | learning_rate=0.000003 | epoch=1.836805
2026-02-20 03:16:13.416 | INFO     | __main__:on_log:99 - step=15965 | loss=0.052900 | grad_norm=0.510312 | learning_rate=0.000003 | epoch=1.837381
2026-02-20 03:16:33.354 | INFO     | __main__:on_log:99 - step=15970 | loss=0.059200 | grad_norm=0.462458 | learning_rate=0.000003 | epoch=1.837956
2026-02-20 03:16:53.299 | INFO     | __main__:on_log:99 - step=15975 | loss=0.054100 | grad_norm=0.512889 | learning_rate=0.000003 | epoch=1.838531
2026-02-20 03:17:13.232 | INFO     | __main__:on_log:99 - step=15980 | loss=0.051200 | grad_norm=0.449703 | learning_rate=0.000003 | epoch=1.839107
2026-02-20 03:17:33.153 | INFO     | __main__:on_log:99 - step=15985 | loss=0.055100 | grad_norm=0.547576 | learning_rate=0.000003 | epoch=1.839682
2026-02-20 03:17:53.089 | INFO     | __main__:on_log:99 - step=15990 | loss=0.056600 | grad_norm=0.520803 | learning_rate=0.000003 | epoch=1.840258
2026-02-20 03:18:12.997 | INFO     | __main__:on_log:99 - step=15995 | loss=0.044400 | grad_norm=0.420508 | learning_rate=0.000003 | epoch=1.840833
2026-02-20 03:18:32.904 | INFO     | __main__:on_log:99 - step=16000 | loss=0.065500 | grad_norm=0.703314 | learning_rate=0.000003 | epoch=1.841409
2026-02-20 03:18:52.789 | INFO     | __main__:on_log:99 - step=16005 | loss=0.043000 | grad_norm=0.656238 | learning_rate=0.000002 | epoch=1.841984
2026-02-20 03:19:12.710 | INFO     | __main__:on_log:99 - step=16010 | loss=0.056700 | grad_norm=0.554013 | learning_rate=0.000002 | epoch=1.842560
2026-02-20 03:19:32.608 | INFO     | __main__:on_log:99 - step=16015 | loss=0.054900 | grad_norm=0.472027 | learning_rate=0.000002 | epoch=1.843135
2026-02-20 03:19:52.535 | INFO     | __main__:on_log:99 - step=16020 | loss=0.056200 | grad_norm=0.440602 | learning_rate=0.000002 | epoch=1.843710
2026-02-20 03:20:12.438 | INFO     | __main__:on_log:99 - step=16025 | loss=0.040800 | grad_norm=0.419110 | learning_rate=0.000002 | epoch=1.844286
2026-02-20 03:20:32.340 | INFO     | __main__:on_log:99 - step=16030 | loss=0.057100 | grad_norm=0.843772 | learning_rate=0.000002 | epoch=1.844861
2026-02-20 03:20:52.250 | INFO     | __main__:on_log:99 - step=16035 | loss=0.050300 | grad_norm=0.327095 | learning_rate=0.000002 | epoch=1.845437
2026-02-20 03:21:12.183 | INFO     | __main__:on_log:99 - step=16040 | loss=0.054800 | grad_norm=0.654624 | learning_rate=0.000002 | epoch=1.846012
2026-02-20 03:21:32.090 | INFO     | __main__:on_log:99 - step=16045 | loss=0.065500 | grad_norm=0.684668 | learning_rate=0.000002 | epoch=1.846588
2026-02-20 03:21:52.038 | INFO     | __main__:on_log:99 - step=16050 | loss=0.060100 | grad_norm=0.504530 | learning_rate=0.000002 | epoch=1.847163
2026-02-20 03:22:11.974 | INFO     | __main__:on_log:99 - step=16055 | loss=0.037600 | grad_norm=0.764619 | learning_rate=0.000002 | epoch=1.847739
2026-02-20 03:22:31.888 | INFO     | __main__:on_log:99 - step=16060 | loss=0.069500 | grad_norm=0.811221 | learning_rate=0.000002 | epoch=1.848314
2026-02-20 03:22:51.801 | INFO     | __main__:on_log:99 - step=16065 | loss=0.050300 | grad_norm=0.386282 | learning_rate=0.000002 | epoch=1.848889
2026-02-20 03:23:11.718 | INFO     | __main__:on_log:99 - step=16070 | loss=0.043100 | grad_norm=0.726847 | learning_rate=0.000002 | epoch=1.849465
2026-02-20 03:23:31.632 | INFO     | __main__:on_log:99 - step=16075 | loss=0.043900 | grad_norm=0.510050 | learning_rate=0.000002 | epoch=1.850040
2026-02-20 03:23:51.560 | INFO     | __main__:on_log:99 - step=16080 | loss=0.064000 | grad_norm=0.554167 | learning_rate=0.000002 | epoch=1.850616
2026-02-20 03:24:11.455 | INFO     | __main__:on_log:99 - step=16085 | loss=0.073900 | grad_norm=0.325855 | learning_rate=0.000002 | epoch=1.851191
2026-02-20 03:24:31.392 | INFO     | __main__:on_log:99 - step=16090 | loss=0.044600 | grad_norm=0.479640 | learning_rate=0.000002 | epoch=1.851767
2026-02-20 03:24:51.317 | INFO     | __main__:on_log:99 - step=16095 | loss=0.065500 | grad_norm=0.440997 | learning_rate=0.000002 | epoch=1.852342
2026-02-20 03:25:11.279 | INFO     | __main__:on_log:99 - step=16100 | loss=0.041400 | grad_norm=0.449251 | learning_rate=0.000002 | epoch=1.852917
2026-02-20 03:25:31.206 | INFO     | __main__:on_log:99 - step=16105 | loss=0.044500 | grad_norm=0.363102 | learning_rate=0.000002 | epoch=1.853493
2026-02-20 03:25:51.139 | INFO     | __main__:on_log:99 - step=16110 | loss=0.060600 | grad_norm=0.552384 | learning_rate=0.000002 | epoch=1.854068
2026-02-20 03:26:11.046 | INFO     | __main__:on_log:99 - step=16115 | loss=0.073300 | grad_norm=0.699816 | learning_rate=0.000002 | epoch=1.854644
2026-02-20 03:26:30.951 | INFO     | __main__:on_log:99 - step=16120 | loss=0.060100 | grad_norm=0.497463 | learning_rate=0.000002 | epoch=1.855219
2026-02-20 03:26:50.866 | INFO     | __main__:on_log:99 - step=16125 | loss=0.042400 | grad_norm=0.406758 | learning_rate=0.000002 | epoch=1.855795
2026-02-20 03:27:10.777 | INFO     | __main__:on_log:99 - step=16130 | loss=0.067400 | grad_norm=0.444263 | learning_rate=0.000002 | epoch=1.856370
2026-02-20 03:27:30.668 | INFO     | __main__:on_log:99 - step=16135 | loss=0.056200 | grad_norm=0.457370 | learning_rate=0.000002 | epoch=1.856946
2026-02-20 03:27:50.606 | INFO     | __main__:on_log:99 - step=16140 | loss=0.042400 | grad_norm=0.480161 | learning_rate=0.000002 | epoch=1.857521
2026-02-20 03:28:10.519 | INFO     | __main__:on_log:99 - step=16145 | loss=0.059800 | grad_norm=0.523026 | learning_rate=0.000002 | epoch=1.858096
2026-02-20 03:28:30.417 | INFO     | __main__:on_log:99 - step=16150 | loss=0.054800 | grad_norm=0.617656 | learning_rate=0.000002 | epoch=1.858672
2026-02-20 03:28:50.350 | INFO     | __main__:on_log:99 - step=16155 | loss=0.051700 | grad_norm=0.418872 | learning_rate=0.000002 | epoch=1.859247
2026-02-20 03:29:10.255 | INFO     | __main__:on_log:99 - step=16160 | loss=0.040200 | grad_norm=0.537271 | learning_rate=0.000002 | epoch=1.859823
2026-02-20 03:29:30.179 | INFO     | __main__:on_log:99 - step=16165 | loss=0.060900 | grad_norm=0.630961 | learning_rate=0.000002 | epoch=1.860398
2026-02-20 03:29:50.091 | INFO     | __main__:on_log:99 - step=16170 | loss=0.070200 | grad_norm=0.317670 | learning_rate=0.000002 | epoch=1.860974
2026-02-20 03:30:10.002 | INFO     | __main__:on_log:99 - step=16175 | loss=0.053000 | grad_norm=0.502861 | learning_rate=0.000002 | epoch=1.861549
2026-02-20 03:30:29.915 | INFO     | __main__:on_log:99 - step=16180 | loss=0.054800 | grad_norm=0.708416 | learning_rate=0.000002 | epoch=1.862125
2026-02-20 03:30:49.830 | INFO     | __main__:on_log:99 - step=16185 | loss=0.077100 | grad_norm=0.671794 | learning_rate=0.000002 | epoch=1.862700
2026-02-20 03:31:09.753 | INFO     | __main__:on_log:99 - step=16190 | loss=0.072300 | grad_norm=0.615517 | learning_rate=0.000002 | epoch=1.863275
2026-02-20 03:31:29.706 | INFO     | __main__:on_log:99 - step=16195 | loss=0.067200 | grad_norm=0.671895 | learning_rate=0.000002 | epoch=1.863851
2026-02-20 03:31:49.671 | INFO     | __main__:on_log:99 - step=16200 | loss=0.041100 | grad_norm=0.480788 | learning_rate=0.000002 | epoch=1.864426
2026-02-20 03:32:09.634 | INFO     | __main__:on_log:99 - step=16205 | loss=0.041000 | grad_norm=0.419499 | learning_rate=0.000002 | epoch=1.865002
2026-02-20 03:32:29.585 | INFO     | __main__:on_log:99 - step=16210 | loss=0.050200 | grad_norm=0.595762 | learning_rate=0.000002 | epoch=1.865577
2026-02-20 03:32:49.535 | INFO     | __main__:on_log:99 - step=16215 | loss=0.055400 | grad_norm=0.520917 | learning_rate=0.000002 | epoch=1.866153
2026-02-20 03:33:09.504 | INFO     | __main__:on_log:99 - step=16220 | loss=0.040600 | grad_norm=0.550434 | learning_rate=0.000002 | epoch=1.866728
2026-02-20 03:33:29.470 | INFO     | __main__:on_log:99 - step=16225 | loss=0.050200 | grad_norm=0.693305 | learning_rate=0.000002 | epoch=1.867303
2026-02-20 03:33:49.467 | INFO     | __main__:on_log:99 - step=16230 | loss=0.053800 | grad_norm=0.461529 | learning_rate=0.000002 | epoch=1.867879
2026-02-20 03:34:09.466 | INFO     | __main__:on_log:99 - step=16235 | loss=0.068500 | grad_norm=0.391055 | learning_rate=0.000002 | epoch=1.868454
2026-02-20 03:34:29.465 | INFO     | __main__:on_log:99 - step=16240 | loss=0.060700 | grad_norm=0.649574 | learning_rate=0.000002 | epoch=1.869030
2026-02-20 03:34:49.438 | INFO     | __main__:on_log:99 - step=16245 | loss=0.045100 | grad_norm=0.372883 | learning_rate=0.000002 | epoch=1.869605
2026-02-20 03:35:09.412 | INFO     | __main__:on_log:99 - step=16250 | loss=0.053200 | grad_norm=0.745152 | learning_rate=0.000002 | epoch=1.870181
2026-02-20 03:35:29.355 | INFO     | __main__:on_log:99 - step=16255 | loss=0.050600 | grad_norm=0.731776 | learning_rate=0.000002 | epoch=1.870756
2026-02-20 03:35:49.303 | INFO     | __main__:on_log:99 - step=16260 | loss=0.050000 | grad_norm=0.659031 | learning_rate=0.000002 | epoch=1.871332
2026-02-20 03:36:09.264 | INFO     | __main__:on_log:99 - step=16265 | loss=0.053600 | grad_norm=0.815577 | learning_rate=0.000002 | epoch=1.871907
2026-02-20 03:36:29.260 | INFO     | __main__:on_log:99 - step=16270 | loss=0.035700 | grad_norm=0.547781 | learning_rate=0.000002 | epoch=1.872482
2026-02-20 03:36:49.200 | INFO     | __main__:on_log:99 - step=16275 | loss=0.051700 | grad_norm=0.419078 | learning_rate=0.000002 | epoch=1.873058
2026-02-20 03:37:09.173 | INFO     | __main__:on_log:99 - step=16280 | loss=0.043800 | grad_norm=0.364002 | learning_rate=0.000002 | epoch=1.873633
2026-02-20 03:37:29.108 | INFO     | __main__:on_log:99 - step=16285 | loss=0.056300 | grad_norm=0.378075 | learning_rate=0.000002 | epoch=1.874209
2026-02-20 03:37:49.080 | INFO     | __main__:on_log:99 - step=16290 | loss=0.040800 | grad_norm=0.420937 | learning_rate=0.000002 | epoch=1.874784
2026-02-20 03:38:09.013 | INFO     | __main__:on_log:99 - step=16295 | loss=0.056000 | grad_norm=0.557328 | learning_rate=0.000002 | epoch=1.875360
2026-02-20 03:38:28.950 | INFO     | __main__:on_log:99 - step=16300 | loss=0.054300 | grad_norm=0.991111 | learning_rate=0.000002 | epoch=1.875935
2026-02-20 03:38:48.915 | INFO     | __main__:on_log:99 - step=16305 | loss=0.052400 | grad_norm=0.592295 | learning_rate=0.000002 | epoch=1.876511
2026-02-20 03:39:08.877 | INFO     | __main__:on_log:99 - step=16310 | loss=0.058600 | grad_norm=0.608908 | learning_rate=0.000002 | epoch=1.877086
2026-02-20 03:39:28.822 | INFO     | __main__:on_log:99 - step=16315 | loss=0.045100 | grad_norm=0.413051 | learning_rate=0.000002 | epoch=1.877661
2026-02-20 03:39:48.756 | INFO     | __main__:on_log:99 - step=16320 | loss=0.050500 | grad_norm=0.569898 | learning_rate=0.000002 | epoch=1.878237
2026-02-20 03:40:08.700 | INFO     | __main__:on_log:99 - step=16325 | loss=0.043400 | grad_norm=0.641114 | learning_rate=0.000002 | epoch=1.878812
2026-02-20 03:40:28.678 | INFO     | __main__:on_log:99 - step=16330 | loss=0.067900 | grad_norm=0.785530 | learning_rate=0.000002 | epoch=1.879388
2026-02-20 03:40:48.662 | INFO     | __main__:on_log:99 - step=16335 | loss=0.046300 | grad_norm=0.572331 | learning_rate=0.000002 | epoch=1.879963
2026-02-20 03:41:08.667 | INFO     | __main__:on_log:99 - step=16340 | loss=0.045600 | grad_norm=0.534496 | learning_rate=0.000002 | epoch=1.880539
2026-02-20 03:41:28.613 | INFO     | __main__:on_log:99 - step=16345 | loss=0.056900 | grad_norm=0.765310 | learning_rate=0.000002 | epoch=1.881114
2026-02-20 03:41:48.568 | INFO     | __main__:on_log:99 - step=16350 | loss=0.051700 | grad_norm=0.439932 | learning_rate=0.000002 | epoch=1.881689
2026-02-20 03:42:08.550 | INFO     | __main__:on_log:99 - step=16355 | loss=0.054200 | grad_norm=0.795459 | learning_rate=0.000002 | epoch=1.882265
2026-02-20 03:42:28.512 | INFO     | __main__:on_log:99 - step=16360 | loss=0.060300 | grad_norm=0.564754 | learning_rate=0.000002 | epoch=1.882840
2026-02-20 03:42:48.494 | INFO     | __main__:on_log:99 - step=16365 | loss=0.053700 | grad_norm=0.380717 | learning_rate=0.000002 | epoch=1.883416
2026-02-20 03:43:08.444 | INFO     | __main__:on_log:99 - step=16370 | loss=0.052400 | grad_norm=0.441679 | learning_rate=0.000002 | epoch=1.883991
2026-02-20 03:43:28.393 | INFO     | __main__:on_log:99 - step=16375 | loss=0.059500 | grad_norm=0.592741 | learning_rate=0.000002 | epoch=1.884567
2026-02-20 03:43:48.347 | INFO     | __main__:on_log:99 - step=16380 | loss=0.072000 | grad_norm=0.770236 | learning_rate=0.000002 | epoch=1.885142
2026-02-20 03:44:08.312 | INFO     | __main__:on_log:99 - step=16385 | loss=0.053400 | grad_norm=0.613943 | learning_rate=0.000002 | epoch=1.885718
2026-02-20 03:44:28.248 | INFO     | __main__:on_log:99 - step=16390 | loss=0.036300 | grad_norm=0.311338 | learning_rate=0.000002 | epoch=1.886293
2026-02-20 03:44:48.197 | INFO     | __main__:on_log:99 - step=16395 | loss=0.038100 | grad_norm=0.428653 | learning_rate=0.000002 | epoch=1.886868
2026-02-20 03:45:08.149 | INFO     | __main__:on_log:99 - step=16400 | loss=0.034500 | grad_norm=0.374531 | learning_rate=0.000002 | epoch=1.887444
2026-02-20 03:45:28.085 | INFO     | __main__:on_log:99 - step=16405 | loss=0.055900 | grad_norm=0.592365 | learning_rate=0.000002 | epoch=1.888019
2026-02-20 03:45:48.039 | INFO     | __main__:on_log:99 - step=16410 | loss=0.077000 | grad_norm=0.735076 | learning_rate=0.000002 | epoch=1.888595
2026-02-20 03:46:07.997 | INFO     | __main__:on_log:99 - step=16415 | loss=0.048800 | grad_norm=0.510630 | learning_rate=0.000002 | epoch=1.889170
2026-02-20 03:46:27.956 | INFO     | __main__:on_log:99 - step=16420 | loss=0.063700 | grad_norm=0.753617 | learning_rate=0.000002 | epoch=1.889746
2026-02-20 03:46:47.880 | INFO     | __main__:on_log:99 - step=16425 | loss=0.070800 | grad_norm=0.569576 | learning_rate=0.000002 | epoch=1.890321
2026-02-20 03:47:07.831 | INFO     | __main__:on_log:99 - step=16430 | loss=0.057600 | grad_norm=0.525665 | learning_rate=0.000002 | epoch=1.890897
2026-02-20 03:47:27.754 | INFO     | __main__:on_log:99 - step=16435 | loss=0.042400 | grad_norm=0.635371 | learning_rate=0.000002 | epoch=1.891472
2026-02-20 03:47:47.672 | INFO     | __main__:on_log:99 - step=16440 | loss=0.045000 | grad_norm=0.580586 | learning_rate=0.000002 | epoch=1.892047
2026-02-20 03:48:07.592 | INFO     | __main__:on_log:99 - step=16445 | loss=0.036700 | grad_norm=0.341184 | learning_rate=0.000002 | epoch=1.892623
2026-02-20 03:48:27.511 | INFO     | __main__:on_log:99 - step=16450 | loss=0.038800 | grad_norm=0.517959 | learning_rate=0.000002 | epoch=1.893198
2026-02-20 03:48:47.471 | INFO     | __main__:on_log:99 - step=16455 | loss=0.055800 | grad_norm=0.992863 | learning_rate=0.000002 | epoch=1.893774
2026-02-20 03:49:07.456 | INFO     | __main__:on_log:99 - step=16460 | loss=0.060800 | grad_norm=0.810861 | learning_rate=0.000002 | epoch=1.894349
2026-02-20 03:49:27.450 | INFO     | __main__:on_log:99 - step=16465 | loss=0.060000 | grad_norm=0.347988 | learning_rate=0.000002 | epoch=1.894925
2026-02-20 03:49:47.413 | INFO     | __main__:on_log:99 - step=16470 | loss=0.046500 | grad_norm=0.730877 | learning_rate=0.000002 | epoch=1.895500
2026-02-20 03:50:07.363 | INFO     | __main__:on_log:99 - step=16475 | loss=0.059600 | grad_norm=0.681657 | learning_rate=0.000002 | epoch=1.896075
2026-02-20 03:50:27.294 | INFO     | __main__:on_log:99 - step=16480 | loss=0.043700 | grad_norm=0.495215 | learning_rate=0.000002 | epoch=1.896651
2026-02-20 03:50:47.257 | INFO     | __main__:on_log:99 - step=16485 | loss=0.051400 | grad_norm=0.549533 | learning_rate=0.000002 | epoch=1.897226
2026-02-20 03:51:07.238 | INFO     | __main__:on_log:99 - step=16490 | loss=0.041300 | grad_norm=0.456389 | learning_rate=0.000002 | epoch=1.897802
2026-02-20 03:51:27.211 | INFO     | __main__:on_log:99 - step=16495 | loss=0.048600 | grad_norm=0.576447 | learning_rate=0.000002 | epoch=1.898377
2026-02-20 03:51:47.167 | INFO     | __main__:on_log:99 - step=16500 | loss=0.048800 | grad_norm=0.485320 | learning_rate=0.000002 | epoch=1.898953
2026-02-20 03:52:07.141 | INFO     | __main__:on_log:99 - step=16505 | loss=0.058400 | grad_norm=1.032742 | learning_rate=0.000002 | epoch=1.899528
2026-02-20 03:52:27.139 | INFO     | __main__:on_log:99 - step=16510 | loss=0.055700 | grad_norm=0.631693 | learning_rate=0.000002 | epoch=1.900104
2026-02-20 03:52:47.071 | INFO     | __main__:on_log:99 - step=16515 | loss=0.052900 | grad_norm=0.500607 | learning_rate=0.000002 | epoch=1.900679
2026-02-20 03:53:07.002 | INFO     | __main__:on_log:99 - step=16520 | loss=0.046200 | grad_norm=0.396572 | learning_rate=0.000002 | epoch=1.901254
2026-02-20 03:53:26.949 | INFO     | __main__:on_log:99 - step=16525 | loss=0.066300 | grad_norm=0.531566 | learning_rate=0.000002 | epoch=1.901830
2026-02-20 03:53:46.931 | INFO     | __main__:on_log:99 - step=16530 | loss=0.034100 | grad_norm=0.303281 | learning_rate=0.000002 | epoch=1.902405
2026-02-20 03:54:06.881 | INFO     | __main__:on_log:99 - step=16535 | loss=0.064700 | grad_norm=0.455642 | learning_rate=0.000002 | epoch=1.902981
2026-02-20 03:54:26.821 | INFO     | __main__:on_log:99 - step=16540 | loss=0.030000 | grad_norm=0.513199 | learning_rate=0.000002 | epoch=1.903556
2026-02-20 03:54:46.787 | INFO     | __main__:on_log:99 - step=16545 | loss=0.032200 | grad_norm=0.305358 | learning_rate=0.000002 | epoch=1.904132
2026-02-20 03:55:06.763 | INFO     | __main__:on_log:99 - step=16550 | loss=0.070000 | grad_norm=0.861329 | learning_rate=0.000002 | epoch=1.904707
2026-02-20 03:55:26.731 | INFO     | __main__:on_log:99 - step=16555 | loss=0.060100 | grad_norm=0.545475 | learning_rate=0.000001 | epoch=1.905283
2026-02-20 03:55:46.672 | INFO     | __main__:on_log:99 - step=16560 | loss=0.061400 | grad_norm=0.670446 | learning_rate=0.000001 | epoch=1.905858
2026-02-20 03:56:06.634 | INFO     | __main__:on_log:99 - step=16565 | loss=0.056300 | grad_norm=0.387513 | learning_rate=0.000001 | epoch=1.906433
2026-02-20 03:56:26.569 | INFO     | __main__:on_log:99 - step=16570 | loss=0.054700 | grad_norm=0.589877 | learning_rate=0.000001 | epoch=1.907009
2026-02-20 03:56:46.521 | INFO     | __main__:on_log:99 - step=16575 | loss=0.053600 | grad_norm=0.641347 | learning_rate=0.000001 | epoch=1.907584
2026-02-20 03:57:06.468 | INFO     | __main__:on_log:99 - step=16580 | loss=0.062500 | grad_norm=0.534504 | learning_rate=0.000001 | epoch=1.908160
2026-02-20 03:57:26.421 | INFO     | __main__:on_log:99 - step=16585 | loss=0.041200 | grad_norm=0.528531 | learning_rate=0.000001 | epoch=1.908735
2026-02-20 03:57:46.386 | INFO     | __main__:on_log:99 - step=16590 | loss=0.055300 | grad_norm=0.523042 | learning_rate=0.000001 | epoch=1.909311
2026-02-20 03:58:06.350 | INFO     | __main__:on_log:99 - step=16595 | loss=0.045500 | grad_norm=0.491070 | learning_rate=0.000001 | epoch=1.909886
2026-02-20 03:58:26.294 | INFO     | __main__:on_log:99 - step=16600 | loss=0.050400 | grad_norm=0.594951 | learning_rate=0.000001 | epoch=1.910462
2026-02-20 03:58:46.241 | INFO     | __main__:on_log:99 - step=16605 | loss=0.054200 | grad_norm=0.474830 | learning_rate=0.000001 | epoch=1.911037
2026-02-20 03:59:06.203 | INFO     | __main__:on_log:99 - step=16610 | loss=0.052300 | grad_norm=0.750176 | learning_rate=0.000001 | epoch=1.911612
2026-02-20 03:59:26.178 | INFO     | __main__:on_log:99 - step=16615 | loss=0.033600 | grad_norm=0.429298 | learning_rate=0.000001 | epoch=1.912188
2026-02-20 03:59:46.138 | INFO     | __main__:on_log:99 - step=16620 | loss=0.051900 | grad_norm=0.411876 | learning_rate=0.000001 | epoch=1.912763
2026-02-20 04:00:06.103 | INFO     | __main__:on_log:99 - step=16625 | loss=0.063100 | grad_norm=0.804332 | learning_rate=0.000001 | epoch=1.913339
2026-02-20 04:00:26.062 | INFO     | __main__:on_log:99 - step=16630 | loss=0.051100 | grad_norm=0.336138 | learning_rate=0.000001 | epoch=1.913914
2026-02-20 04:00:46.045 | INFO     | __main__:on_log:99 - step=16635 | loss=0.057400 | grad_norm=0.346330 | learning_rate=0.000001 | epoch=1.914490
2026-02-20 04:01:06.025 | INFO     | __main__:on_log:99 - step=16640 | loss=0.047600 | grad_norm=0.456821 | learning_rate=0.000001 | epoch=1.915065
2026-02-20 04:01:26.003 | INFO     | __main__:on_log:99 - step=16645 | loss=0.042800 | grad_norm=0.446147 | learning_rate=0.000001 | epoch=1.915640
2026-02-20 04:01:45.973 | INFO     | __main__:on_log:99 - step=16650 | loss=0.041900 | grad_norm=0.370124 | learning_rate=0.000001 | epoch=1.916216
2026-02-20 04:02:05.921 | INFO     | __main__:on_log:99 - step=16655 | loss=0.050800 | grad_norm=0.606627 | learning_rate=0.000001 | epoch=1.916791
2026-02-20 04:02:25.856 | INFO     | __main__:on_log:99 - step=16660 | loss=0.056700 | grad_norm=0.850605 | learning_rate=0.000001 | epoch=1.917367
2026-02-20 04:02:45.804 | INFO     | __main__:on_log:99 - step=16665 | loss=0.037300 | grad_norm=0.600809 | learning_rate=0.000001 | epoch=1.917942
2026-02-20 04:03:05.744 | INFO     | __main__:on_log:99 - step=16670 | loss=0.055200 | grad_norm=0.520093 | learning_rate=0.000001 | epoch=1.918518
2026-02-20 04:03:25.692 | INFO     | __main__:on_log:99 - step=16675 | loss=0.039900 | grad_norm=0.708192 | learning_rate=0.000001 | epoch=1.919093
2026-02-20 04:03:45.667 | INFO     | __main__:on_log:99 - step=16680 | loss=0.043300 | grad_norm=0.428763 | learning_rate=0.000001 | epoch=1.919669
2026-02-20 04:04:05.607 | INFO     | __main__:on_log:99 - step=16685 | loss=0.048000 | grad_norm=0.611087 | learning_rate=0.000001 | epoch=1.920244
2026-02-20 04:04:25.573 | INFO     | __main__:on_log:99 - step=16690 | loss=0.046000 | grad_norm=0.765045 | learning_rate=0.000001 | epoch=1.920819
2026-02-20 04:04:45.587 | INFO     | __main__:on_log:99 - step=16695 | loss=0.047500 | grad_norm=0.501820 | learning_rate=0.000001 | epoch=1.921395
2026-02-20 04:05:05.566 | INFO     | __main__:on_log:99 - step=16700 | loss=0.063000 | grad_norm=0.684247 | learning_rate=0.000001 | epoch=1.921970
2026-02-20 04:05:25.538 | INFO     | __main__:on_log:99 - step=16705 | loss=0.059500 | grad_norm=0.477582 | learning_rate=0.000001 | epoch=1.922546
2026-02-20 04:05:45.482 | INFO     | __main__:on_log:99 - step=16710 | loss=0.058500 | grad_norm=0.581703 | learning_rate=0.000001 | epoch=1.923121
2026-02-20 04:06:05.453 | INFO     | __main__:on_log:99 - step=16715 | loss=0.056500 | grad_norm=0.476691 | learning_rate=0.000001 | epoch=1.923697
2026-02-20 04:06:25.392 | INFO     | __main__:on_log:99 - step=16720 | loss=0.057800 | grad_norm=0.458626 | learning_rate=0.000001 | epoch=1.924272
2026-02-20 04:06:45.396 | INFO     | __main__:on_log:99 - step=16725 | loss=0.054500 | grad_norm=0.899066 | learning_rate=0.000001 | epoch=1.924848
2026-02-20 04:07:05.364 | INFO     | __main__:on_log:99 - step=16730 | loss=0.050600 | grad_norm=0.509949 | learning_rate=0.000001 | epoch=1.925423
2026-02-20 04:07:25.345 | INFO     | __main__:on_log:99 - step=16735 | loss=0.057100 | grad_norm=0.317960 | learning_rate=0.000001 | epoch=1.925998
2026-02-20 04:07:45.306 | INFO     | __main__:on_log:99 - step=16740 | loss=0.054400 | grad_norm=0.472338 | learning_rate=0.000001 | epoch=1.926574
2026-02-20 04:08:05.267 | INFO     | __main__:on_log:99 - step=16745 | loss=0.059200 | grad_norm=0.603763 | learning_rate=0.000001 | epoch=1.927149
2026-02-20 04:08:25.193 | INFO     | __main__:on_log:99 - step=16750 | loss=0.046500 | grad_norm=0.504563 | learning_rate=0.000001 | epoch=1.927725
2026-02-20 04:08:45.159 | INFO     | __main__:on_log:99 - step=16755 | loss=0.056600 | grad_norm=0.702602 | learning_rate=0.000001 | epoch=1.928300
2026-02-20 04:09:05.101 | INFO     | __main__:on_log:99 - step=16760 | loss=0.051700 | grad_norm=0.440594 | learning_rate=0.000001 | epoch=1.928876
2026-02-20 04:09:25.067 | INFO     | __main__:on_log:99 - step=16765 | loss=0.055100 | grad_norm=0.368665 | learning_rate=0.000001 | epoch=1.929451
2026-02-20 04:09:45.016 | INFO     | __main__:on_log:99 - step=16770 | loss=0.050400 | grad_norm=0.666465 | learning_rate=0.000001 | epoch=1.930026
2026-02-20 04:10:04.965 | INFO     | __main__:on_log:99 - step=16775 | loss=0.048000 | grad_norm=0.531452 | learning_rate=0.000001 | epoch=1.930602
2026-02-20 04:10:24.918 | INFO     | __main__:on_log:99 - step=16780 | loss=0.050900 | grad_norm=0.398154 | learning_rate=0.000001 | epoch=1.931177
2026-02-20 04:10:44.908 | INFO     | __main__:on_log:99 - step=16785 | loss=0.058600 | grad_norm=0.591047 | learning_rate=0.000001 | epoch=1.931753
2026-02-20 04:11:04.852 | INFO     | __main__:on_log:99 - step=16790 | loss=0.031100 | grad_norm=0.243424 | learning_rate=0.000001 | epoch=1.932328
2026-02-20 04:11:24.810 | INFO     | __main__:on_log:99 - step=16795 | loss=0.054900 | grad_norm=0.824106 | learning_rate=0.000001 | epoch=1.932904
2026-02-20 04:11:44.755 | INFO     | __main__:on_log:99 - step=16800 | loss=0.045800 | grad_norm=0.645597 | learning_rate=0.000001 | epoch=1.933479
2026-02-20 04:12:04.690 | INFO     | __main__:on_log:99 - step=16805 | loss=0.082600 | grad_norm=0.846358 | learning_rate=0.000001 | epoch=1.934055
2026-02-20 04:12:24.640 | INFO     | __main__:on_log:99 - step=16810 | loss=0.061700 | grad_norm=0.631052 | learning_rate=0.000001 | epoch=1.934630
2026-02-20 04:12:44.607 | INFO     | __main__:on_log:99 - step=16815 | loss=0.033400 | grad_norm=0.239340 | learning_rate=0.000001 | epoch=1.935205
2026-02-20 04:13:04.542 | INFO     | __main__:on_log:99 - step=16820 | loss=0.055200 | grad_norm=0.464098 | learning_rate=0.000001 | epoch=1.935781
2026-02-20 04:13:24.507 | INFO     | __main__:on_log:99 - step=16825 | loss=0.064500 | grad_norm=0.581231 | learning_rate=0.000001 | epoch=1.936356
2026-02-20 04:13:44.464 | INFO     | __main__:on_log:99 - step=16830 | loss=0.050100 | grad_norm=0.515970 | learning_rate=0.000001 | epoch=1.936932
2026-02-20 04:14:04.413 | INFO     | __main__:on_log:99 - step=16835 | loss=0.041200 | grad_norm=0.387130 | learning_rate=0.000001 | epoch=1.937507
2026-02-20 04:14:24.358 | INFO     | __main__:on_log:99 - step=16840 | loss=0.051200 | grad_norm=0.671382 | learning_rate=0.000001 | epoch=1.938083
2026-02-20 04:14:44.320 | INFO     | __main__:on_log:99 - step=16845 | loss=0.064600 | grad_norm=0.383686 | learning_rate=0.000001 | epoch=1.938658
2026-02-20 04:15:04.277 | INFO     | __main__:on_log:99 - step=16850 | loss=0.048000 | grad_norm=0.493501 | learning_rate=0.000001 | epoch=1.939234
2026-02-20 04:15:24.230 | INFO     | __main__:on_log:99 - step=16855 | loss=0.044800 | grad_norm=0.526137 | learning_rate=0.000001 | epoch=1.939809
2026-02-20 04:15:44.192 | INFO     | __main__:on_log:99 - step=16860 | loss=0.056900 | grad_norm=0.535714 | learning_rate=0.000001 | epoch=1.940384
2026-02-20 04:16:04.161 | INFO     | __main__:on_log:99 - step=16865 | loss=0.052300 | grad_norm=0.500565 | learning_rate=0.000001 | epoch=1.940960
2026-02-20 04:16:24.155 | INFO     | __main__:on_log:99 - step=16870 | loss=0.048100 | grad_norm=0.712075 | learning_rate=0.000001 | epoch=1.941535
2026-02-20 04:16:44.110 | INFO     | __main__:on_log:99 - step=16875 | loss=0.046100 | grad_norm=0.488241 | learning_rate=0.000001 | epoch=1.942111
2026-02-20 04:17:04.083 | INFO     | __main__:on_log:99 - step=16880 | loss=0.054600 | grad_norm=0.518729 | learning_rate=0.000001 | epoch=1.942686
2026-02-20 04:17:24.043 | INFO     | __main__:on_log:99 - step=16885 | loss=0.059300 | grad_norm=0.809436 | learning_rate=0.000001 | epoch=1.943262
2026-02-20 04:17:43.993 | INFO     | __main__:on_log:99 - step=16890 | loss=0.047000 | grad_norm=0.393925 | learning_rate=0.000001 | epoch=1.943837
2026-02-20 04:18:03.925 | INFO     | __main__:on_log:99 - step=16895 | loss=0.047600 | grad_norm=0.560812 | learning_rate=0.000001 | epoch=1.944412
2026-02-20 04:18:23.874 | INFO     | __main__:on_log:99 - step=16900 | loss=0.066000 | grad_norm=0.896085 | learning_rate=0.000001 | epoch=1.944988
2026-02-20 04:18:43.835 | INFO     | __main__:on_log:99 - step=16905 | loss=0.061000 | grad_norm=0.363130 | learning_rate=0.000001 | epoch=1.945563
2026-02-20 04:19:03.823 | INFO     | __main__:on_log:99 - step=16910 | loss=0.045900 | grad_norm=0.549053 | learning_rate=0.000001 | epoch=1.946139
2026-02-20 04:19:23.768 | INFO     | __main__:on_log:99 - step=16915 | loss=0.048300 | grad_norm=0.419832 | learning_rate=0.000001 | epoch=1.946714
2026-02-20 04:19:43.724 | INFO     | __main__:on_log:99 - step=16920 | loss=0.055100 | grad_norm=0.698530 | learning_rate=0.000001 | epoch=1.947290
2026-02-20 04:20:03.677 | INFO     | __main__:on_log:99 - step=16925 | loss=0.047100 | grad_norm=0.586958 | learning_rate=0.000001 | epoch=1.947865
2026-02-20 04:20:23.611 | INFO     | __main__:on_log:99 - step=16930 | loss=0.047700 | grad_norm=0.492673 | learning_rate=0.000001 | epoch=1.948441
2026-02-20 04:20:43.581 | INFO     | __main__:on_log:99 - step=16935 | loss=0.058300 | grad_norm=0.644118 | learning_rate=0.000001 | epoch=1.949016
2026-02-20 04:21:03.566 | INFO     | __main__:on_log:99 - step=16940 | loss=0.049300 | grad_norm=0.530237 | learning_rate=0.000001 | epoch=1.949591
2026-02-20 04:21:23.510 | INFO     | __main__:on_log:99 - step=16945 | loss=0.043800 | grad_norm=0.503765 | learning_rate=0.000001 | epoch=1.950167
2026-02-20 04:21:43.468 | INFO     | __main__:on_log:99 - step=16950 | loss=0.045600 | grad_norm=0.379071 | learning_rate=0.000001 | epoch=1.950742
2026-02-20 04:22:03.421 | INFO     | __main__:on_log:99 - step=16955 | loss=0.055500 | grad_norm=0.466941 | learning_rate=0.000001 | epoch=1.951318
2026-02-20 04:22:23.400 | INFO     | __main__:on_log:99 - step=16960 | loss=0.058200 | grad_norm=0.565407 | learning_rate=0.000001 | epoch=1.951893
2026-02-20 04:22:43.362 | INFO     | __main__:on_log:99 - step=16965 | loss=0.057700 | grad_norm=0.534157 | learning_rate=0.000001 | epoch=1.952469
2026-02-20 04:23:03.333 | INFO     | __main__:on_log:99 - step=16970 | loss=0.047500 | grad_norm=0.439436 | learning_rate=0.000001 | epoch=1.953044
2026-02-20 04:23:23.269 | INFO     | __main__:on_log:99 - step=16975 | loss=0.049300 | grad_norm=0.656166 | learning_rate=0.000001 | epoch=1.953620
2026-02-20 04:23:43.214 | INFO     | __main__:on_log:99 - step=16980 | loss=0.049400 | grad_norm=0.845899 | learning_rate=0.000001 | epoch=1.954195
2026-02-20 04:24:03.169 | INFO     | __main__:on_log:99 - step=16985 | loss=0.033000 | grad_norm=0.409024 | learning_rate=0.000001 | epoch=1.954770
2026-02-20 04:24:23.131 | INFO     | __main__:on_log:99 - step=16990 | loss=0.059000 | grad_norm=0.661333 | learning_rate=0.000001 | epoch=1.955346
2026-02-20 04:24:43.107 | INFO     | __main__:on_log:99 - step=16995 | loss=0.054300 | grad_norm=0.669971 | learning_rate=0.000001 | epoch=1.955921
2026-02-20 04:25:03.071 | INFO     | __main__:on_log:99 - step=17000 | loss=0.056700 | grad_norm=0.674150 | learning_rate=0.000001 | epoch=1.956497
2026-02-20 04:25:23.024 | INFO     | __main__:on_log:99 - step=17005 | loss=0.083300 | grad_norm=0.906571 | learning_rate=0.000001 | epoch=1.957072
2026-02-20 04:25:42.958 | INFO     | __main__:on_log:99 - step=17010 | loss=0.040300 | grad_norm=0.509051 | learning_rate=0.000001 | epoch=1.957648
2026-02-20 04:26:02.915 | INFO     | __main__:on_log:99 - step=17015 | loss=0.054900 | grad_norm=0.563762 | learning_rate=0.000001 | epoch=1.958223
2026-02-20 04:26:22.880 | INFO     | __main__:on_log:99 - step=17020 | loss=0.046700 | grad_norm=0.421010 | learning_rate=0.000001 | epoch=1.958798
2026-02-20 04:26:42.849 | INFO     | __main__:on_log:99 - step=17025 | loss=0.046900 | grad_norm=0.424153 | learning_rate=0.000001 | epoch=1.959374
2026-02-20 04:27:02.788 | INFO     | __main__:on_log:99 - step=17030 | loss=0.047000 | grad_norm=0.774203 | learning_rate=0.000001 | epoch=1.959949
2026-02-20 04:27:22.726 | INFO     | __main__:on_log:99 - step=17035 | loss=0.052700 | grad_norm=0.572776 | learning_rate=0.000001 | epoch=1.960525
2026-02-20 04:27:42.676 | INFO     | __main__:on_log:99 - step=17040 | loss=0.056500 | grad_norm=0.377000 | learning_rate=0.000001 | epoch=1.961100
2026-02-20 04:28:02.600 | INFO     | __main__:on_log:99 - step=17045 | loss=0.064800 | grad_norm=0.825683 | learning_rate=0.000001 | epoch=1.961676
2026-02-20 04:28:22.559 | INFO     | __main__:on_log:99 - step=17050 | loss=0.058500 | grad_norm=0.463936 | learning_rate=0.000001 | epoch=1.962251
2026-02-20 04:28:42.511 | INFO     | __main__:on_log:99 - step=17055 | loss=0.044700 | grad_norm=0.317169 | learning_rate=0.000001 | epoch=1.962827
2026-02-20 04:29:02.466 | INFO     | __main__:on_log:99 - step=17060 | loss=0.035700 | grad_norm=0.470873 | learning_rate=0.000001 | epoch=1.963402
2026-02-20 04:29:22.446 | INFO     | __main__:on_log:99 - step=17065 | loss=0.046300 | grad_norm=0.626999 | learning_rate=0.000001 | epoch=1.963977
2026-02-20 04:29:42.422 | INFO     | __main__:on_log:99 - step=17070 | loss=0.068900 | grad_norm=0.537797 | learning_rate=0.000001 | epoch=1.964553
2026-02-20 04:30:02.384 | INFO     | __main__:on_log:99 - step=17075 | loss=0.070100 | grad_norm=0.426711 | learning_rate=0.000001 | epoch=1.965128
2026-02-20 04:30:22.344 | INFO     | __main__:on_log:99 - step=17080 | loss=0.061800 | grad_norm=0.517048 | learning_rate=0.000001 | epoch=1.965704
2026-02-20 04:30:42.295 | INFO     | __main__:on_log:99 - step=17085 | loss=0.058800 | grad_norm=0.378130 | learning_rate=0.000001 | epoch=1.966279
2026-02-20 04:31:02.264 | INFO     | __main__:on_log:99 - step=17090 | loss=0.046200 | grad_norm=0.609964 | learning_rate=0.000001 | epoch=1.966855
2026-02-20 04:31:22.234 | INFO     | __main__:on_log:99 - step=17095 | loss=0.045700 | grad_norm=0.455506 | learning_rate=0.000001 | epoch=1.967430
2026-02-20 04:31:42.172 | INFO     | __main__:on_log:99 - step=17100 | loss=0.050000 | grad_norm=0.547854 | learning_rate=0.000001 | epoch=1.968006
2026-02-20 04:32:02.128 | INFO     | __main__:on_log:99 - step=17105 | loss=0.050900 | grad_norm=0.570864 | learning_rate=0.000000 | epoch=1.968581
2026-02-20 04:32:22.084 | INFO     | __main__:on_log:99 - step=17110 | loss=0.057500 | grad_norm=0.527128 | learning_rate=0.000000 | epoch=1.969156
2026-02-20 04:32:42.051 | INFO     | __main__:on_log:99 - step=17115 | loss=0.047800 | grad_norm=0.556846 | learning_rate=0.000000 | epoch=1.969732
2026-02-20 04:33:01.985 | INFO     | __main__:on_log:99 - step=17120 | loss=0.049900 | grad_norm=0.669980 | learning_rate=0.000000 | epoch=1.970307
2026-02-20 04:33:21.932 | INFO     | __main__:on_log:99 - step=17125 | loss=0.038100 | grad_norm=0.336856 | learning_rate=0.000000 | epoch=1.970883
2026-02-20 04:33:41.884 | INFO     | __main__:on_log:99 - step=17130 | loss=0.063500 | grad_norm=0.540012 | learning_rate=0.000000 | epoch=1.971458
2026-02-20 04:34:01.824 | INFO     | __main__:on_log:99 - step=17135 | loss=0.048600 | grad_norm=0.508973 | learning_rate=0.000000 | epoch=1.972034
2026-02-20 04:34:21.751 | INFO     | __main__:on_log:99 - step=17140 | loss=0.044800 | grad_norm=0.741719 | learning_rate=0.000000 | epoch=1.972609
2026-02-20 04:34:41.680 | INFO     | __main__:on_log:99 - step=17145 | loss=0.046800 | grad_norm=0.497642 | learning_rate=0.000000 | epoch=1.973184
2026-02-20 04:35:01.634 | INFO     | __main__:on_log:99 - step=17150 | loss=0.052100 | grad_norm=0.527703 | learning_rate=0.000000 | epoch=1.973760
2026-02-20 04:35:21.562 | INFO     | __main__:on_log:99 - step=17155 | loss=0.046000 | grad_norm=0.762716 | learning_rate=0.000000 | epoch=1.974335
2026-02-20 04:35:41.548 | INFO     | __main__:on_log:99 - step=17160 | loss=0.061600 | grad_norm=0.353564 | learning_rate=0.000000 | epoch=1.974911
2026-02-20 04:36:01.529 | INFO     | __main__:on_log:99 - step=17165 | loss=0.055000 | grad_norm=0.569883 | learning_rate=0.000000 | epoch=1.975486
2026-02-20 04:36:21.522 | INFO     | __main__:on_log:99 - step=17170 | loss=0.051800 | grad_norm=0.443601 | learning_rate=0.000000 | epoch=1.976062
2026-02-20 04:36:41.490 | INFO     | __main__:on_log:99 - step=17175 | loss=0.054900 | grad_norm=0.684105 | learning_rate=0.000000 | epoch=1.976637
2026-02-20 04:37:01.469 | INFO     | __main__:on_log:99 - step=17180 | loss=0.059600 | grad_norm=0.462758 | learning_rate=0.000000 | epoch=1.977213
2026-02-20 04:37:21.432 | INFO     | __main__:on_log:99 - step=17185 | loss=0.037600 | grad_norm=0.333590 | learning_rate=0.000000 | epoch=1.977788
2026-02-20 04:37:41.383 | INFO     | __main__:on_log:99 - step=17190 | loss=0.059300 | grad_norm=0.632217 | learning_rate=0.000000 | epoch=1.978363
2026-02-20 04:38:01.335 | INFO     | __main__:on_log:99 - step=17195 | loss=0.046800 | grad_norm=0.643280 | learning_rate=0.000000 | epoch=1.978939
2026-02-20 04:38:21.277 | INFO     | __main__:on_log:99 - step=17200 | loss=0.050800 | grad_norm=0.819040 | learning_rate=0.000000 | epoch=1.979514
2026-02-20 04:38:41.221 | INFO     | __main__:on_log:99 - step=17205 | loss=0.053400 | grad_norm=0.821878 | learning_rate=0.000000 | epoch=1.980090
2026-02-20 04:39:01.203 | INFO     | __main__:on_log:99 - step=17210 | loss=0.046900 | grad_norm=0.545857 | learning_rate=0.000000 | epoch=1.980665
2026-02-20 04:39:21.200 | INFO     | __main__:on_log:99 - step=17215 | loss=0.046800 | grad_norm=0.549866 | learning_rate=0.000000 | epoch=1.981241
2026-02-20 04:39:41.187 | INFO     | __main__:on_log:99 - step=17220 | loss=0.036600 | grad_norm=0.387015 | learning_rate=0.000000 | epoch=1.981816
2026-02-20 04:40:01.144 | INFO     | __main__:on_log:99 - step=17225 | loss=0.050600 | grad_norm=0.504604 | learning_rate=0.000000 | epoch=1.982392
2026-02-20 04:40:21.095 | INFO     | __main__:on_log:99 - step=17230 | loss=0.042800 | grad_norm=0.599786 | learning_rate=0.000000 | epoch=1.982967
2026-02-20 04:40:41.080 | INFO     | __main__:on_log:99 - step=17235 | loss=0.031100 | grad_norm=0.322026 | learning_rate=0.000000 | epoch=1.983542
2026-02-20 04:41:01.013 | INFO     | __main__:on_log:99 - step=17240 | loss=0.065600 | grad_norm=0.552603 | learning_rate=0.000000 | epoch=1.984118
2026-02-20 04:41:20.966 | INFO     | __main__:on_log:99 - step=17245 | loss=0.063300 | grad_norm=0.539307 | learning_rate=0.000000 | epoch=1.984693
2026-02-20 04:41:40.932 | INFO     | __main__:on_log:99 - step=17250 | loss=0.038600 | grad_norm=0.612379 | learning_rate=0.000000 | epoch=1.985269
2026-02-20 04:42:00.903 | INFO     | __main__:on_log:99 - step=17255 | loss=0.053800 | grad_norm=0.666456 | learning_rate=0.000000 | epoch=1.985844
2026-02-20 04:42:20.888 | INFO     | __main__:on_log:99 - step=17260 | loss=0.052500 | grad_norm=0.481350 | learning_rate=0.000000 | epoch=1.986420
2026-02-20 04:42:40.850 | INFO     | __main__:on_log:99 - step=17265 | loss=0.055100 | grad_norm=0.791346 | learning_rate=0.000000 | epoch=1.986995
2026-02-20 04:43:00.834 | INFO     | __main__:on_log:99 - step=17270 | loss=0.049400 | grad_norm=0.435936 | learning_rate=0.000000 | epoch=1.987570
2026-02-20 04:43:20.780 | INFO     | __main__:on_log:99 - step=17275 | loss=0.061400 | grad_norm=0.471604 | learning_rate=0.000000 | epoch=1.988146
2026-02-20 04:43:40.753 | INFO     | __main__:on_log:99 - step=17280 | loss=0.065800 | grad_norm=0.373408 | learning_rate=0.000000 | epoch=1.988721
2026-02-20 04:44:00.713 | INFO     | __main__:on_log:99 - step=17285 | loss=0.045400 | grad_norm=0.641261 | learning_rate=0.000000 | epoch=1.989297
2026-02-20 04:44:20.673 | INFO     | __main__:on_log:99 - step=17290 | loss=0.035900 | grad_norm=0.395995 | learning_rate=0.000000 | epoch=1.989872
2026-02-20 04:44:40.619 | INFO     | __main__:on_log:99 - step=17295 | loss=0.044300 | grad_norm=0.616560 | learning_rate=0.000000 | epoch=1.990448
2026-02-20 04:45:00.566 | INFO     | __main__:on_log:99 - step=17300 | loss=0.047000 | grad_norm=0.432741 | learning_rate=0.000000 | epoch=1.991023
2026-02-20 04:45:20.502 | INFO     | __main__:on_log:99 - step=17305 | loss=0.037800 | grad_norm=0.385215 | learning_rate=0.000000 | epoch=1.991599
2026-02-20 04:45:40.455 | INFO     | __main__:on_log:99 - step=17310 | loss=0.034400 | grad_norm=0.639024 | learning_rate=0.000000 | epoch=1.992174
2026-02-20 04:46:00.408 | INFO     | __main__:on_log:99 - step=17315 | loss=0.047400 | grad_norm=0.435629 | learning_rate=0.000000 | epoch=1.992749
2026-02-20 04:46:20.364 | INFO     | __main__:on_log:99 - step=17320 | loss=0.053100 | grad_norm=0.553551 | learning_rate=0.000000 | epoch=1.993325
2026-02-20 04:46:40.302 | INFO     | __main__:on_log:99 - step=17325 | loss=0.047600 | grad_norm=0.433215 | learning_rate=0.000000 | epoch=1.993900
2026-02-20 04:47:00.232 | INFO     | __main__:on_log:99 - step=17330 | loss=0.057600 | grad_norm=0.889554 | learning_rate=0.000000 | epoch=1.994476
2026-02-20 04:47:20.189 | INFO     | __main__:on_log:99 - step=17335 | loss=0.051400 | grad_norm=0.724648 | learning_rate=0.000000 | epoch=1.995051
2026-02-20 04:47:40.128 | INFO     | __main__:on_log:99 - step=17340 | loss=0.043800 | grad_norm=0.573839 | learning_rate=0.000000 | epoch=1.995627
2026-02-20 04:48:00.089 | INFO     | __main__:on_log:99 - step=17345 | loss=0.052900 | grad_norm=0.446173 | learning_rate=0.000000 | epoch=1.996202
2026-02-20 04:48:20.014 | INFO     | __main__:on_log:99 - step=17350 | loss=0.062600 | grad_norm=0.595196 | learning_rate=0.000000 | epoch=1.996778
2026-02-20 04:48:40.002 | INFO     | __main__:on_log:99 - step=17355 | loss=0.051700 | grad_norm=0.543426 | learning_rate=0.000000 | epoch=1.997353
2026-02-20 04:48:59.959 | INFO     | __main__:on_log:99 - step=17360 | loss=0.044300 | grad_norm=0.469953 | learning_rate=0.000000 | epoch=1.997928
2026-02-20 04:49:19.942 | INFO     | __main__:on_log:99 - step=17365 | loss=0.063400 | grad_norm=0.717016 | learning_rate=0.000000 | epoch=1.998504
2026-02-20 04:49:39.896 | INFO     | __main__:on_log:99 - step=17370 | loss=0.040200 | grad_norm=0.420840 | learning_rate=0.000000 | epoch=1.999079
2026-02-20 04:49:59.821 | INFO     | __main__:on_log:99 - step=17375 | loss=0.047800 | grad_norm=0.661359 | learning_rate=0.000000 | epoch=1.999655
2026-02-20 04:50:11.213 | INFO     | __main__:on_log:99 - step=17378 | epoch=2.000000
2026-02-20 04:50:11.618 | SUCCESS  | __main__:main:301 - 학습 완료! 저장 경로: /root/SKN20-FINAL-2TEAM/SLLM_model/outputs/qwen2.5-7b
2026-02-20 04:50:11.673 | INFO     | __main__:main:305 - GPU 메모리 해제 완료
