2026-02-16 05:06:35.621 | INFO     | __main__:train_model:165 - ============================================================
2026-02-16 05:06:35.621 | INFO     | __main__:train_model:166 - 모델 학습 시작: google/gemma-3-1b-it
2026-02-16 05:06:35.621 | INFO     | __main__:train_model:167 - 출력 경로: /root/SKN20-FINAL-2TEAM/SLLM_model/outputs/gemma3-1b-v2
2026-02-16 05:06:35.621 | INFO     | __main__:train_model:168 - LoRA r=16, alpha=32, lr=3e-05, epochs=5
2026-02-16 05:06:35.621 | INFO     | __main__:train_model:169 - ============================================================
2026-02-16 05:06:40.367 | INFO     | __main__:load_sft_data:139 - 학습 데이터: 2869건
2026-02-16 05:06:40.889 | INFO     | __main__:load_sft_data:155 - 유효 샘플: 2869건
2026-02-16 05:07:22.492 | INFO     | __main__:train_model:303 - 학습 시작...
2026-02-16 05:07:29.652 | INFO     | __main__:on_log:109 - step=5 | loss=1.359920 | grad_norm=7.419270 | learning_rate=0.000000 | epoch=0.003484
2026-02-16 05:07:36.056 | INFO     | __main__:on_log:109 - step=10 | loss=1.183079 | grad_norm=6.270187 | learning_rate=0.000001 | epoch=0.006969
2026-02-16 05:07:42.460 | INFO     | __main__:on_log:109 - step=15 | loss=1.294239 | grad_norm=5.684859 | learning_rate=0.000001 | epoch=0.010453
2026-02-16 05:07:49.210 | INFO     | __main__:on_log:109 - step=20 | loss=1.357243 | grad_norm=5.206659 | learning_rate=0.000002 | epoch=0.013937
2026-02-16 05:07:55.648 | INFO     | __main__:on_log:109 - step=25 | loss=1.354516 | grad_norm=6.115916 | learning_rate=0.000002 | epoch=0.017422
2026-02-16 05:08:02.080 | INFO     | __main__:on_log:109 - step=30 | loss=1.337788 | grad_norm=5.989672 | learning_rate=0.000002 | epoch=0.020906
2026-02-16 05:08:08.488 | INFO     | __main__:on_log:109 - step=35 | loss=1.451549 | grad_norm=9.838582 | learning_rate=0.000003 | epoch=0.024390
2026-02-16 05:08:14.890 | INFO     | __main__:on_log:109 - step=40 | loss=1.067970 | grad_norm=5.251851 | learning_rate=0.000003 | epoch=0.027875
2026-02-16 05:08:21.536 | INFO     | __main__:on_log:109 - step=45 | loss=1.236780 | grad_norm=7.236612 | learning_rate=0.000004 | epoch=0.031359
2026-02-16 05:08:28.006 | INFO     | __main__:on_log:109 - step=50 | loss=1.107930 | grad_norm=4.821302 | learning_rate=0.000004 | epoch=0.034843
2026-02-16 05:08:35.026 | INFO     | __main__:on_log:109 - step=55 | loss=0.937455 | grad_norm=4.397487 | learning_rate=0.000005 | epoch=0.038328
2026-02-16 05:08:41.526 | INFO     | __main__:on_log:109 - step=60 | loss=1.224374 | grad_norm=6.795897 | learning_rate=0.000005 | epoch=0.041812
2026-02-16 05:08:48.244 | INFO     | __main__:on_log:109 - step=65 | loss=0.918393 | grad_norm=4.463280 | learning_rate=0.000005 | epoch=0.045296
2026-02-16 05:08:54.716 | INFO     | __main__:on_log:109 - step=70 | loss=0.813411 | grad_norm=3.849210 | learning_rate=0.000006 | epoch=0.048780
2026-02-16 05:09:01.178 | INFO     | __main__:on_log:109 - step=75 | loss=1.004345 | grad_norm=4.008937 | learning_rate=0.000006 | epoch=0.052265
2026-02-16 05:09:07.662 | INFO     | __main__:on_log:109 - step=80 | loss=0.794900 | grad_norm=3.685383 | learning_rate=0.000007 | epoch=0.055749
2026-02-16 05:09:14.442 | INFO     | __main__:on_log:109 - step=85 | loss=0.716439 | grad_norm=2.835677 | learning_rate=0.000007 | epoch=0.059233
2026-02-16 05:09:20.892 | INFO     | __main__:on_log:109 - step=90 | loss=0.690454 | grad_norm=3.911645 | learning_rate=0.000007 | epoch=0.062718
2026-02-16 05:09:27.329 | INFO     | __main__:on_log:109 - step=95 | loss=0.661594 | grad_norm=2.985229 | learning_rate=0.000008 | epoch=0.066202
2026-02-16 05:09:33.749 | INFO     | __main__:on_log:109 - step=100 | loss=0.621378 | grad_norm=3.165734 | learning_rate=0.000008 | epoch=0.069686
2026-02-16 05:09:41.009 | INFO     | __main__:on_log:109 - step=105 | loss=0.696738 | grad_norm=2.404411 | learning_rate=0.000009 | epoch=0.073171
2026-02-16 05:09:47.504 | INFO     | __main__:on_log:109 - step=110 | loss=0.579435 | grad_norm=3.085659 | learning_rate=0.000009 | epoch=0.076655
2026-02-16 05:09:53.964 | INFO     | __main__:on_log:109 - step=115 | loss=0.535155 | grad_norm=3.125073 | learning_rate=0.000010 | epoch=0.080139
2026-02-16 05:10:00.447 | INFO     | __main__:on_log:109 - step=120 | loss=0.547704 | grad_norm=2.652742 | learning_rate=0.000010 | epoch=0.083624
2026-02-16 05:10:07.219 | INFO     | __main__:on_log:109 - step=125 | loss=0.493545 | grad_norm=2.343425 | learning_rate=0.000010 | epoch=0.087108
2026-02-16 05:10:13.526 | INFO     | __main__:on_log:109 - step=130 | loss=0.346032 | grad_norm=3.064318 | learning_rate=0.000011 | epoch=0.090592
2026-02-16 05:10:20.016 | INFO     | __main__:on_log:109 - step=135 | loss=0.440289 | grad_norm=3.146380 | learning_rate=0.000011 | epoch=0.094077
2026-02-16 05:10:26.508 | INFO     | __main__:on_log:109 - step=140 | loss=0.288877 | grad_norm=2.622427 | learning_rate=0.000012 | epoch=0.097561
2026-02-16 05:10:33.260 | INFO     | __main__:on_log:109 - step=145 | loss=0.449247 | grad_norm=2.524113 | learning_rate=0.000012 | epoch=0.101045
2026-02-16 05:10:39.721 | INFO     | __main__:on_log:109 - step=150 | loss=0.392728 | grad_norm=4.378315 | learning_rate=0.000012 | epoch=0.104530
2026-02-16 05:10:46.569 | INFO     | __main__:on_log:109 - step=155 | loss=0.420075 | grad_norm=2.354783 | learning_rate=0.000013 | epoch=0.108014
2026-02-16 05:10:53.071 | INFO     | __main__:on_log:109 - step=160 | loss=0.259344 | grad_norm=1.799306 | learning_rate=0.000013 | epoch=0.111498
2026-02-16 05:10:59.835 | INFO     | __main__:on_log:109 - step=165 | loss=0.334333 | grad_norm=2.253804 | learning_rate=0.000014 | epoch=0.114983
2026-02-16 05:11:06.224 | INFO     | __main__:on_log:109 - step=170 | loss=0.342564 | grad_norm=0.000000 | learning_rate=0.000014 | epoch=0.118467
2026-02-16 05:11:12.614 | INFO     | __main__:on_log:109 - step=175 | loss=0.313128 | grad_norm=1.701557 | learning_rate=0.000015 | epoch=0.121951
2026-02-16 05:11:19.130 | INFO     | __main__:on_log:109 - step=180 | loss=0.410728 | grad_norm=2.456635 | learning_rate=0.000015 | epoch=0.125436
2026-02-16 05:11:25.606 | INFO     | __main__:on_log:109 - step=185 | loss=0.215424 | grad_norm=1.632464 | learning_rate=0.000015 | epoch=0.128920
2026-02-16 05:11:32.307 | INFO     | __main__:on_log:109 - step=190 | loss=0.328750 | grad_norm=2.762356 | learning_rate=0.000016 | epoch=0.132404
2026-02-16 05:11:38.817 | INFO     | __main__:on_log:109 - step=195 | loss=0.279355 | grad_norm=1.864127 | learning_rate=0.000016 | epoch=0.135889
2026-02-16 05:11:45.292 | INFO     | __main__:on_log:109 - step=200 | loss=0.335779 | grad_norm=1.886012 | learning_rate=0.000017 | epoch=0.139373
2026-02-16 05:11:52.123 | INFO     | __main__:on_log:109 - step=205 | loss=0.291706 | grad_norm=1.742709 | learning_rate=0.000017 | epoch=0.142857
2026-02-16 05:11:58.718 | INFO     | __main__:on_log:109 - step=210 | loss=0.286854 | grad_norm=2.278456 | learning_rate=0.000017 | epoch=0.146341
2026-02-16 05:12:05.224 | INFO     | __main__:on_log:109 - step=215 | loss=0.239394 | grad_norm=2.014774 | learning_rate=0.000018 | epoch=0.149826
2026-02-16 05:12:11.657 | INFO     | __main__:on_log:109 - step=220 | loss=0.274481 | grad_norm=2.703316 | learning_rate=0.000018 | epoch=0.153310
2026-02-16 05:12:18.154 | INFO     | __main__:on_log:109 - step=225 | loss=0.269821 | grad_norm=2.102077 | learning_rate=0.000019 | epoch=0.156794
2026-02-16 05:12:24.909 | INFO     | __main__:on_log:109 - step=230 | loss=0.233130 | grad_norm=1.675739 | learning_rate=0.000019 | epoch=0.160279
2026-02-16 05:12:31.422 | INFO     | __main__:on_log:109 - step=235 | loss=0.258366 | grad_norm=1.777978 | learning_rate=0.000020 | epoch=0.163763
2026-02-16 05:12:37.932 | INFO     | __main__:on_log:109 - step=240 | loss=0.240447 | grad_norm=3.556367 | learning_rate=0.000020 | epoch=0.167247
2026-02-16 05:12:44.490 | INFO     | __main__:on_log:109 - step=245 | loss=0.233067 | grad_norm=3.236462 | learning_rate=0.000020 | epoch=0.170732
2026-02-16 05:12:51.130 | INFO     | __main__:on_log:109 - step=250 | loss=0.266124 | grad_norm=3.134912 | learning_rate=0.000021 | epoch=0.174216
2026-02-16 05:12:57.991 | INFO     | __main__:on_log:109 - step=255 | loss=0.362155 | grad_norm=2.530860 | learning_rate=0.000021 | epoch=0.177700
2026-02-16 05:13:04.426 | INFO     | __main__:on_log:109 - step=260 | loss=0.279827 | grad_norm=2.115545 | learning_rate=0.000022 | epoch=0.181185
2026-02-16 05:13:10.878 | INFO     | __main__:on_log:109 - step=265 | loss=0.244984 | grad_norm=1.421752 | learning_rate=0.000022 | epoch=0.184669
2026-02-16 05:13:17.630 | INFO     | __main__:on_log:109 - step=270 | loss=0.233015 | grad_norm=2.339567 | learning_rate=0.000022 | epoch=0.188153
2026-02-16 05:13:24.114 | INFO     | __main__:on_log:109 - step=275 | loss=0.316893 | grad_norm=3.787408 | learning_rate=0.000023 | epoch=0.191638
2026-02-16 05:13:30.620 | INFO     | __main__:on_log:109 - step=280 | loss=0.209783 | grad_norm=3.202578 | learning_rate=0.000023 | epoch=0.195122
2026-02-16 05:13:37.111 | INFO     | __main__:on_log:109 - step=285 | loss=0.276881 | grad_norm=2.065612 | learning_rate=0.000024 | epoch=0.198606
2026-02-16 05:13:43.987 | INFO     | __main__:on_log:109 - step=290 | loss=0.300061 | grad_norm=4.472819 | learning_rate=0.000024 | epoch=0.202091
2026-02-16 05:13:50.467 | INFO     | __main__:on_log:109 - step=295 | loss=0.244685 | grad_norm=2.573287 | learning_rate=0.000025 | epoch=0.205575
2026-02-16 05:13:56.972 | INFO     | __main__:on_log:109 - step=300 | loss=0.262650 | grad_norm=2.289827 | learning_rate=0.000025 | epoch=0.209059
2026-02-16 05:14:03.838 | INFO     | __main__:on_log:109 - step=305 | loss=0.287239 | grad_norm=2.496978 | learning_rate=0.000025 | epoch=0.212544
2026-02-16 05:14:10.607 | INFO     | __main__:on_log:109 - step=310 | loss=0.150579 | grad_norm=2.856304 | learning_rate=0.000026 | epoch=0.216028
2026-02-16 05:14:17.026 | INFO     | __main__:on_log:109 - step=315 | loss=0.254015 | grad_norm=2.018351 | learning_rate=0.000026 | epoch=0.219512
2026-02-16 05:14:23.511 | INFO     | __main__:on_log:109 - step=320 | loss=0.255841 | grad_norm=1.630414 | learning_rate=0.000027 | epoch=0.222997
2026-02-16 05:14:29.962 | INFO     | __main__:on_log:109 - step=325 | loss=0.273647 | grad_norm=1.504914 | learning_rate=0.000027 | epoch=0.226481
2026-02-16 05:14:36.677 | INFO     | __main__:on_log:109 - step=330 | loss=0.228835 | grad_norm=1.935097 | learning_rate=0.000027 | epoch=0.229965
2026-02-16 05:14:43.194 | INFO     | __main__:on_log:109 - step=335 | loss=0.282349 | grad_norm=4.030864 | learning_rate=0.000028 | epoch=0.233449
2026-02-16 05:14:49.676 | INFO     | __main__:on_log:109 - step=340 | loss=0.212188 | grad_norm=3.065292 | learning_rate=0.000028 | epoch=0.236934
2026-02-16 05:14:56.201 | INFO     | __main__:on_log:109 - step=345 | loss=0.252819 | grad_norm=2.588817 | learning_rate=0.000029 | epoch=0.240418
2026-02-16 05:15:02.671 | INFO     | __main__:on_log:109 - step=350 | loss=0.198148 | grad_norm=2.748180 | learning_rate=0.000029 | epoch=0.243902
2026-02-16 05:15:09.781 | INFO     | __main__:on_log:109 - step=355 | loss=0.217440 | grad_norm=1.839042 | learning_rate=0.000030 | epoch=0.247387
2026-02-16 05:15:16.229 | INFO     | __main__:on_log:109 - step=360 | loss=0.302573 | grad_norm=1.821437 | learning_rate=0.000030 | epoch=0.250871
2026-02-16 05:15:22.662 | INFO     | __main__:on_log:109 - step=365 | loss=0.197111 | grad_norm=2.894113 | learning_rate=0.000030 | epoch=0.254355
2026-02-16 05:15:29.121 | INFO     | __main__:on_log:109 - step=370 | loss=0.217553 | grad_norm=4.630736 | learning_rate=0.000030 | epoch=0.257840
2026-02-16 05:15:35.843 | INFO     | __main__:on_log:109 - step=375 | loss=0.219317 | grad_norm=2.266572 | learning_rate=0.000030 | epoch=0.261324
2026-02-16 05:15:42.317 | INFO     | __main__:on_log:109 - step=380 | loss=0.274266 | grad_norm=1.737534 | learning_rate=0.000030 | epoch=0.264808
2026-02-16 05:15:48.781 | INFO     | __main__:on_log:109 - step=385 | loss=0.213715 | grad_norm=1.590353 | learning_rate=0.000030 | epoch=0.268293
2026-02-16 05:15:55.289 | INFO     | __main__:on_log:109 - step=390 | loss=0.223373 | grad_norm=2.026130 | learning_rate=0.000030 | epoch=0.271777
2026-02-16 05:16:02.167 | INFO     | __main__:on_log:109 - step=395 | loss=0.213318 | grad_norm=2.141349 | learning_rate=0.000030 | epoch=0.275261
2026-02-16 05:16:08.617 | INFO     | __main__:on_log:109 - step=400 | loss=0.160455 | grad_norm=2.374330 | learning_rate=0.000030 | epoch=0.278746
2026-02-16 05:16:15.523 | INFO     | __main__:on_log:109 - step=405 | loss=0.178800 | grad_norm=2.453432 | learning_rate=0.000030 | epoch=0.282230
2026-02-16 05:16:22.000 | INFO     | __main__:on_log:109 - step=410 | loss=0.198570 | grad_norm=1.731927 | learning_rate=0.000030 | epoch=0.285714
2026-02-16 05:16:28.745 | INFO     | __main__:on_log:109 - step=415 | loss=0.224391 | grad_norm=1.511992 | learning_rate=0.000030 | epoch=0.289199
2026-02-16 05:16:35.234 | INFO     | __main__:on_log:109 - step=420 | loss=0.173255 | grad_norm=5.422279 | learning_rate=0.000030 | epoch=0.292683
2026-02-16 05:16:41.706 | INFO     | __main__:on_log:109 - step=425 | loss=0.175305 | grad_norm=1.887014 | learning_rate=0.000030 | epoch=0.296167
2026-02-16 05:16:48.216 | INFO     | __main__:on_log:109 - step=430 | loss=0.221030 | grad_norm=1.864161 | learning_rate=0.000030 | epoch=0.299652
2026-02-16 05:16:54.795 | INFO     | __main__:on_log:109 - step=435 | loss=0.242363 | grad_norm=1.424773 | learning_rate=0.000030 | epoch=0.303136
2026-02-16 05:17:01.640 | INFO     | __main__:on_log:109 - step=440 | loss=0.261508 | grad_norm=3.202962 | learning_rate=0.000030 | epoch=0.306620
2026-02-16 05:17:08.199 | INFO     | __main__:on_log:109 - step=445 | loss=0.197033 | grad_norm=1.660845 | learning_rate=0.000030 | epoch=0.310105
2026-02-16 05:17:14.723 | INFO     | __main__:on_log:109 - step=450 | loss=0.242822 | grad_norm=1.319915 | learning_rate=0.000030 | epoch=0.313589
2026-02-16 05:17:21.682 | INFO     | __main__:on_log:109 - step=455 | loss=0.199395 | grad_norm=1.674723 | learning_rate=0.000030 | epoch=0.317073
2026-02-16 05:17:28.375 | INFO     | __main__:on_log:109 - step=460 | loss=0.223596 | grad_norm=1.360783 | learning_rate=0.000030 | epoch=0.320557
2026-02-16 05:17:34.854 | INFO     | __main__:on_log:109 - step=465 | loss=0.180611 | grad_norm=1.950895 | learning_rate=0.000030 | epoch=0.324042
2026-02-16 05:17:41.337 | INFO     | __main__:on_log:109 - step=470 | loss=0.185976 | grad_norm=1.574916 | learning_rate=0.000030 | epoch=0.327526
2026-02-16 05:17:47.777 | INFO     | __main__:on_log:109 - step=475 | loss=0.197934 | grad_norm=1.927984 | learning_rate=0.000029 | epoch=0.331010
2026-02-16 05:17:54.532 | INFO     | __main__:on_log:109 - step=480 | loss=0.211185 | grad_norm=2.276941 | learning_rate=0.000029 | epoch=0.334495
2026-02-16 05:18:01.043 | INFO     | __main__:on_log:109 - step=485 | loss=0.196603 | grad_norm=1.459911 | learning_rate=0.000029 | epoch=0.337979
2026-02-16 05:18:07.562 | INFO     | __main__:on_log:109 - step=490 | loss=0.191118 | grad_norm=2.290112 | learning_rate=0.000029 | epoch=0.341463
2026-02-16 05:18:14.103 | INFO     | __main__:on_log:109 - step=495 | loss=0.159513 | grad_norm=1.610366 | learning_rate=0.000029 | epoch=0.344948
2026-02-16 05:18:20.964 | INFO     | __main__:on_log:109 - step=500 | loss=0.250357 | grad_norm=2.588082 | learning_rate=0.000029 | epoch=0.348432
2026-02-16 05:18:27.864 | INFO     | __main__:on_log:109 - step=505 | loss=0.194327 | grad_norm=1.505110 | learning_rate=0.000029 | epoch=0.351916
2026-02-16 05:18:34.393 | INFO     | __main__:on_log:109 - step=510 | loss=0.219961 | grad_norm=1.743691 | learning_rate=0.000029 | epoch=0.355401
2026-02-16 05:18:40.909 | INFO     | __main__:on_log:109 - step=515 | loss=0.189744 | grad_norm=2.433514 | learning_rate=0.000029 | epoch=0.358885
2026-02-16 05:18:47.654 | INFO     | __main__:on_log:109 - step=520 | loss=0.178759 | grad_norm=2.089476 | learning_rate=0.000029 | epoch=0.362369
2026-02-16 05:18:54.141 | INFO     | __main__:on_log:109 - step=525 | loss=0.192126 | grad_norm=1.798826 | learning_rate=0.000029 | epoch=0.365854
2026-02-16 05:19:00.624 | INFO     | __main__:on_log:109 - step=530 | loss=0.269346 | grad_norm=2.051456 | learning_rate=0.000029 | epoch=0.369338
2026-02-16 05:19:07.075 | INFO     | __main__:on_log:109 - step=535 | loss=0.171852 | grad_norm=1.862406 | learning_rate=0.000029 | epoch=0.372822
2026-02-16 05:19:13.934 | INFO     | __main__:on_log:109 - step=540 | loss=0.168662 | grad_norm=1.408309 | learning_rate=0.000029 | epoch=0.376307
2026-02-16 05:19:20.436 | INFO     | __main__:on_log:109 - step=545 | loss=0.168949 | grad_norm=1.298971 | learning_rate=0.000029 | epoch=0.379791
2026-02-16 05:19:26.928 | INFO     | __main__:on_log:109 - step=550 | loss=0.258120 | grad_norm=1.820156 | learning_rate=0.000029 | epoch=0.383275
2026-02-16 05:19:33.842 | INFO     | __main__:on_log:109 - step=555 | loss=0.161182 | grad_norm=1.530926 | learning_rate=0.000029 | epoch=0.386760
2026-02-16 05:19:40.612 | INFO     | __main__:on_log:109 - step=560 | loss=0.172931 | grad_norm=1.412276 | learning_rate=0.000029 | epoch=0.390244
2026-02-16 05:19:47.063 | INFO     | __main__:on_log:109 - step=565 | loss=0.228287 | grad_norm=1.763314 | learning_rate=0.000029 | epoch=0.393728
2026-02-16 05:19:53.529 | INFO     | __main__:on_log:109 - step=570 | loss=0.255051 | grad_norm=1.471067 | learning_rate=0.000029 | epoch=0.397213
2026-02-16 05:20:00.022 | INFO     | __main__:on_log:109 - step=575 | loss=0.207243 | grad_norm=1.381366 | learning_rate=0.000029 | epoch=0.400697
2026-02-16 05:20:06.726 | INFO     | __main__:on_log:109 - step=580 | loss=0.214333 | grad_norm=2.204883 | learning_rate=0.000029 | epoch=0.404181
2026-02-16 05:20:13.152 | INFO     | __main__:on_log:109 - step=585 | loss=0.177289 | grad_norm=1.721965 | learning_rate=0.000029 | epoch=0.407666
2026-02-16 05:20:19.652 | INFO     | __main__:on_log:109 - step=590 | loss=0.179502 | grad_norm=1.164255 | learning_rate=0.000029 | epoch=0.411150
2026-02-16 05:20:26.114 | INFO     | __main__:on_log:109 - step=595 | loss=0.239662 | grad_norm=1.880073 | learning_rate=0.000029 | epoch=0.414634
2026-02-16 05:20:32.577 | INFO     | __main__:on_log:109 - step=600 | loss=0.174353 | grad_norm=1.408177 | learning_rate=0.000029 | epoch=0.418118
2026-02-16 05:20:39.930 | INFO     | __main__:on_log:109 - step=605 | loss=0.181126 | grad_norm=2.374135 | learning_rate=0.000029 | epoch=0.421603
2026-02-16 05:20:46.415 | INFO     | __main__:on_log:109 - step=610 | loss=0.165349 | grad_norm=1.276733 | learning_rate=0.000029 | epoch=0.425087
2026-02-16 05:20:52.872 | INFO     | __main__:on_log:109 - step=615 | loss=0.148296 | grad_norm=1.033725 | learning_rate=0.000029 | epoch=0.428571
2026-02-16 05:20:59.665 | INFO     | __main__:on_log:109 - step=620 | loss=0.247147 | grad_norm=1.457641 | learning_rate=0.000029 | epoch=0.432056
2026-02-16 05:21:06.192 | INFO     | __main__:on_log:109 - step=625 | loss=0.152259 | grad_norm=1.681183 | learning_rate=0.000029 | epoch=0.435540
2026-02-16 05:21:12.695 | INFO     | __main__:on_log:109 - step=630 | loss=0.187709 | grad_norm=1.537582 | learning_rate=0.000029 | epoch=0.439024
2026-02-16 05:21:19.190 | INFO     | __main__:on_log:109 - step=635 | loss=0.168308 | grad_norm=1.105696 | learning_rate=0.000029 | epoch=0.442509
2026-02-16 05:21:25.693 | INFO     | __main__:on_log:109 - step=640 | loss=0.165980 | grad_norm=1.443049 | learning_rate=0.000029 | epoch=0.445993
2026-02-16 05:21:32.447 | INFO     | __main__:on_log:109 - step=645 | loss=0.216940 | grad_norm=2.105161 | learning_rate=0.000029 | epoch=0.449477
2026-02-16 05:21:38.981 | INFO     | __main__:on_log:109 - step=650 | loss=0.164816 | grad_norm=1.969123 | learning_rate=0.000029 | epoch=0.452962
2026-02-16 05:21:45.918 | INFO     | __main__:on_log:109 - step=655 | loss=0.149300 | grad_norm=1.515991 | learning_rate=0.000029 | epoch=0.456446
2026-02-16 05:21:52.406 | INFO     | __main__:on_log:109 - step=660 | loss=0.204079 | grad_norm=1.532899 | learning_rate=0.000029 | epoch=0.459930
2026-02-16 05:21:59.160 | INFO     | __main__:on_log:109 - step=665 | loss=0.187128 | grad_norm=1.441884 | learning_rate=0.000029 | epoch=0.463415
2026-02-16 05:22:05.639 | INFO     | __main__:on_log:109 - step=670 | loss=0.131377 | grad_norm=1.939912 | learning_rate=0.000029 | epoch=0.466899
2026-02-16 05:22:12.168 | INFO     | __main__:on_log:109 - step=675 | loss=0.154999 | grad_norm=1.286465 | learning_rate=0.000029 | epoch=0.470383
2026-02-16 05:22:18.700 | INFO     | __main__:on_log:109 - step=680 | loss=0.195607 | grad_norm=1.273040 | learning_rate=0.000029 | epoch=0.473868
2026-02-16 05:22:25.528 | INFO     | __main__:on_log:109 - step=685 | loss=0.177942 | grad_norm=1.079108 | learning_rate=0.000029 | epoch=0.477352
2026-02-16 05:22:32.005 | INFO     | __main__:on_log:109 - step=690 | loss=0.158156 | grad_norm=1.502646 | learning_rate=0.000029 | epoch=0.480836
2026-02-16 05:22:38.530 | INFO     | __main__:on_log:109 - step=695 | loss=0.132493 | grad_norm=1.344326 | learning_rate=0.000029 | epoch=0.484321
2026-02-16 05:22:45.008 | INFO     | __main__:on_log:109 - step=700 | loss=0.200784 | grad_norm=2.639578 | learning_rate=0.000029 | epoch=0.487805
2026-02-16 05:22:52.262 | INFO     | __main__:on_log:109 - step=705 | loss=0.166820 | grad_norm=0.679573 | learning_rate=0.000028 | epoch=0.491289
2026-02-16 05:22:58.751 | INFO     | __main__:on_log:109 - step=710 | loss=0.205118 | grad_norm=1.857053 | learning_rate=0.000028 | epoch=0.494774
2026-02-16 05:23:05.220 | INFO     | __main__:on_log:109 - step=715 | loss=0.166201 | grad_norm=1.149014 | learning_rate=0.000028 | epoch=0.498258
2026-02-16 05:23:11.637 | INFO     | __main__:on_log:109 - step=720 | loss=0.172557 | grad_norm=1.337865 | learning_rate=0.000028 | epoch=0.501742
2026-02-16 05:23:18.459 | INFO     | __main__:on_log:109 - step=725 | loss=0.146195 | grad_norm=2.362511 | learning_rate=0.000028 | epoch=0.505226
2026-02-16 05:23:24.912 | INFO     | __main__:on_log:109 - step=730 | loss=0.145559 | grad_norm=2.337418 | learning_rate=0.000028 | epoch=0.508711
2026-02-16 05:23:31.441 | INFO     | __main__:on_log:109 - step=735 | loss=0.203750 | grad_norm=1.453416 | learning_rate=0.000028 | epoch=0.512195
2026-02-16 05:23:37.932 | INFO     | __main__:on_log:109 - step=740 | loss=0.152711 | grad_norm=1.269969 | learning_rate=0.000028 | epoch=0.515679
2026-02-16 05:23:44.827 | INFO     | __main__:on_log:109 - step=745 | loss=0.133798 | grad_norm=1.355837 | learning_rate=0.000028 | epoch=0.519164
2026-02-16 05:23:51.371 | INFO     | __main__:on_log:109 - step=750 | loss=0.138987 | grad_norm=2.267814 | learning_rate=0.000028 | epoch=0.522648
2026-02-16 05:23:58.278 | INFO     | __main__:on_log:109 - step=755 | loss=0.209142 | grad_norm=1.089594 | learning_rate=0.000028 | epoch=0.526132
2026-02-16 05:24:04.802 | INFO     | __main__:on_log:109 - step=760 | loss=0.209476 | grad_norm=1.325871 | learning_rate=0.000028 | epoch=0.529617
2026-02-16 05:24:11.547 | INFO     | __main__:on_log:109 - step=765 | loss=0.191495 | grad_norm=1.203386 | learning_rate=0.000028 | epoch=0.533101
2026-02-16 05:24:17.982 | INFO     | __main__:on_log:109 - step=770 | loss=0.194582 | grad_norm=1.138144 | learning_rate=0.000028 | epoch=0.536585
2026-02-16 05:24:24.424 | INFO     | __main__:on_log:109 - step=775 | loss=0.150141 | grad_norm=1.476263 | learning_rate=0.000028 | epoch=0.540070
2026-02-16 05:24:30.913 | INFO     | __main__:on_log:109 - step=780 | loss=0.158175 | grad_norm=0.945749 | learning_rate=0.000028 | epoch=0.543554
2026-02-16 05:24:37.393 | INFO     | __main__:on_log:109 - step=785 | loss=0.143294 | grad_norm=1.574559 | learning_rate=0.000028 | epoch=0.547038
2026-02-16 05:24:44.223 | INFO     | __main__:on_log:109 - step=790 | loss=0.201597 | grad_norm=1.026165 | learning_rate=0.000028 | epoch=0.550523
2026-02-16 05:24:50.782 | INFO     | __main__:on_log:109 - step=795 | loss=0.174446 | grad_norm=1.467442 | learning_rate=0.000028 | epoch=0.554007
2026-02-16 05:24:57.293 | INFO     | __main__:on_log:109 - step=800 | loss=0.131427 | grad_norm=1.749910 | learning_rate=0.000028 | epoch=0.557491
2026-02-16 05:25:04.191 | INFO     | __main__:on_log:109 - step=805 | loss=0.144015 | grad_norm=1.857176 | learning_rate=0.000028 | epoch=0.560976
2026-02-16 05:25:10.988 | INFO     | __main__:on_log:109 - step=810 | loss=0.123287 | grad_norm=0.852868 | learning_rate=0.000028 | epoch=0.564460
2026-02-16 05:25:17.462 | INFO     | __main__:on_log:109 - step=815 | loss=0.172824 | grad_norm=1.679792 | learning_rate=0.000028 | epoch=0.567944
2026-02-16 05:25:23.878 | INFO     | __main__:on_log:109 - step=820 | loss=0.185764 | grad_norm=2.445913 | learning_rate=0.000028 | epoch=0.571429
2026-02-16 05:25:30.333 | INFO     | __main__:on_log:109 - step=825 | loss=0.148735 | grad_norm=1.250767 | learning_rate=0.000028 | epoch=0.574913
2026-02-16 05:25:37.084 | INFO     | __main__:on_log:109 - step=830 | loss=0.177124 | grad_norm=1.183102 | learning_rate=0.000028 | epoch=0.578397
2026-02-16 05:25:43.591 | INFO     | __main__:on_log:109 - step=835 | loss=0.166419 | grad_norm=1.239138 | learning_rate=0.000028 | epoch=0.581882
2026-02-16 05:25:50.078 | INFO     | __main__:on_log:109 - step=840 | loss=0.203054 | grad_norm=1.883453 | learning_rate=0.000028 | epoch=0.585366
2026-02-16 05:25:56.583 | INFO     | __main__:on_log:109 - step=845 | loss=0.207985 | grad_norm=1.705898 | learning_rate=0.000028 | epoch=0.588850
2026-02-16 05:26:03.324 | INFO     | __main__:on_log:109 - step=850 | loss=0.183829 | grad_norm=1.299199 | learning_rate=0.000028 | epoch=0.592334
2026-02-16 05:26:10.213 | INFO     | __main__:on_log:109 - step=855 | loss=0.166112 | grad_norm=1.706120 | learning_rate=0.000028 | epoch=0.595819
2026-02-16 05:26:16.717 | INFO     | __main__:on_log:109 - step=860 | loss=0.154686 | grad_norm=0.963573 | learning_rate=0.000028 | epoch=0.599303
2026-02-16 05:26:23.186 | INFO     | __main__:on_log:109 - step=865 | loss=0.175068 | grad_norm=1.519554 | learning_rate=0.000028 | epoch=0.602787
2026-02-16 05:26:29.867 | INFO     | __main__:on_log:109 - step=870 | loss=0.122842 | grad_norm=1.500888 | learning_rate=0.000028 | epoch=0.606272
2026-02-16 05:26:36.321 | INFO     | __main__:on_log:109 - step=875 | loss=0.198410 | grad_norm=1.574585 | learning_rate=0.000028 | epoch=0.609756
2026-02-16 05:26:42.880 | INFO     | __main__:on_log:109 - step=880 | loss=0.168779 | grad_norm=0.923909 | learning_rate=0.000028 | epoch=0.613240
2026-02-16 05:26:49.380 | INFO     | __main__:on_log:109 - step=885 | loss=0.131033 | grad_norm=1.095654 | learning_rate=0.000028 | epoch=0.616725
2026-02-16 05:26:56.105 | INFO     | __main__:on_log:109 - step=890 | loss=0.154144 | grad_norm=1.021724 | learning_rate=0.000028 | epoch=0.620209
2026-02-16 05:27:02.603 | INFO     | __main__:on_log:109 - step=895 | loss=0.129542 | grad_norm=1.943752 | learning_rate=0.000028 | epoch=0.623693
2026-02-16 05:27:09.086 | INFO     | __main__:on_log:109 - step=900 | loss=0.235621 | grad_norm=1.388209 | learning_rate=0.000028 | epoch=0.627178
2026-02-16 05:27:15.987 | INFO     | __main__:on_log:109 - step=905 | loss=0.163225 | grad_norm=1.417387 | learning_rate=0.000028 | epoch=0.630662
2026-02-16 05:27:22.764 | INFO     | __main__:on_log:109 - step=910 | loss=0.147968 | grad_norm=1.001637 | learning_rate=0.000028 | epoch=0.634146
2026-02-16 05:27:29.284 | INFO     | __main__:on_log:109 - step=915 | loss=0.179953 | grad_norm=0.915476 | learning_rate=0.000028 | epoch=0.637631
2026-02-16 05:27:35.775 | INFO     | __main__:on_log:109 - step=920 | loss=0.165334 | grad_norm=1.142223 | learning_rate=0.000028 | epoch=0.641115
2026-02-16 05:27:42.243 | INFO     | __main__:on_log:109 - step=925 | loss=0.180274 | grad_norm=1.635818 | learning_rate=0.000028 | epoch=0.644599
2026-02-16 05:27:49.085 | INFO     | __main__:on_log:109 - step=930 | loss=0.151181 | grad_norm=1.377735 | learning_rate=0.000027 | epoch=0.648084
2026-02-16 05:27:55.542 | INFO     | __main__:on_log:109 - step=935 | loss=0.184853 | grad_norm=1.648186 | learning_rate=0.000027 | epoch=0.651568
2026-02-16 05:28:02.033 | INFO     | __main__:on_log:109 - step=940 | loss=0.164030 | grad_norm=1.330040 | learning_rate=0.000027 | epoch=0.655052
2026-02-16 05:28:08.489 | INFO     | __main__:on_log:109 - step=945 | loss=0.123033 | grad_norm=1.062414 | learning_rate=0.000027 | epoch=0.658537
2026-02-16 05:28:15.302 | INFO     | __main__:on_log:109 - step=950 | loss=0.164757 | grad_norm=1.393567 | learning_rate=0.000027 | epoch=0.662021
2026-02-16 05:28:22.187 | INFO     | __main__:on_log:109 - step=955 | loss=0.136235 | grad_norm=1.428337 | learning_rate=0.000027 | epoch=0.665505
2026-02-16 05:28:28.663 | INFO     | __main__:on_log:109 - step=960 | loss=0.170042 | grad_norm=2.164262 | learning_rate=0.000027 | epoch=0.668990
2026-02-16 05:28:35.145 | INFO     | __main__:on_log:109 - step=965 | loss=0.143791 | grad_norm=1.496517 | learning_rate=0.000027 | epoch=0.672474
2026-02-16 05:28:41.807 | INFO     | __main__:on_log:109 - step=970 | loss=0.115719 | grad_norm=1.206878 | learning_rate=0.000027 | epoch=0.675958
2026-02-16 05:28:48.318 | INFO     | __main__:on_log:109 - step=975 | loss=0.174964 | grad_norm=1.360085 | learning_rate=0.000027 | epoch=0.679443
2026-02-16 05:28:54.791 | INFO     | __main__:on_log:109 - step=980 | loss=0.138193 | grad_norm=0.970905 | learning_rate=0.000027 | epoch=0.682927
2026-02-16 05:29:01.240 | INFO     | __main__:on_log:109 - step=985 | loss=0.174486 | grad_norm=2.893376 | learning_rate=0.000027 | epoch=0.686411
2026-02-16 05:29:07.697 | INFO     | __main__:on_log:109 - step=990 | loss=0.164105 | grad_norm=0.569883 | learning_rate=0.000027 | epoch=0.689895
2026-02-16 05:29:14.473 | INFO     | __main__:on_log:109 - step=995 | loss=0.134767 | grad_norm=1.414510 | learning_rate=0.000027 | epoch=0.693380
2026-02-16 05:29:20.938 | INFO     | __main__:on_log:109 - step=1000 | loss=0.142222 | grad_norm=1.107738 | learning_rate=0.000027 | epoch=0.696864
2026-02-16 05:29:27.848 | INFO     | __main__:on_log:109 - step=1005 | loss=0.129727 | grad_norm=1.969294 | learning_rate=0.000027 | epoch=0.700348
2026-02-16 05:29:34.342 | INFO     | __main__:on_log:109 - step=1010 | loss=0.171695 | grad_norm=1.045343 | learning_rate=0.000027 | epoch=0.703833
2026-02-16 05:29:41.105 | INFO     | __main__:on_log:109 - step=1015 | loss=0.119508 | grad_norm=1.319919 | learning_rate=0.000027 | epoch=0.707317
2026-02-16 05:29:47.629 | INFO     | __main__:on_log:109 - step=1020 | loss=0.125756 | grad_norm=1.681814 | learning_rate=0.000027 | epoch=0.710801
2026-02-16 05:29:54.109 | INFO     | __main__:on_log:109 - step=1025 | loss=0.082868 | grad_norm=1.179364 | learning_rate=0.000027 | epoch=0.714286
2026-02-16 05:30:00.582 | INFO     | __main__:on_log:109 - step=1030 | loss=0.135082 | grad_norm=1.459079 | learning_rate=0.000027 | epoch=0.717770
2026-02-16 05:30:07.313 | INFO     | __main__:on_log:109 - step=1035 | loss=0.135699 | grad_norm=0.798600 | learning_rate=0.000027 | epoch=0.721254
2026-02-16 05:30:13.799 | INFO     | __main__:on_log:109 - step=1040 | loss=0.204252 | grad_norm=1.768144 | learning_rate=0.000027 | epoch=0.724739
2026-02-16 05:30:20.246 | INFO     | __main__:on_log:109 - step=1045 | loss=0.084727 | grad_norm=1.232201 | learning_rate=0.000027 | epoch=0.728223
2026-02-16 05:30:26.709 | INFO     | __main__:on_log:109 - step=1050 | loss=0.160551 | grad_norm=1.303973 | learning_rate=0.000027 | epoch=0.731707
2026-02-16 05:30:33.857 | INFO     | __main__:on_log:109 - step=1055 | loss=0.121946 | grad_norm=1.741984 | learning_rate=0.000027 | epoch=0.735192
2026-02-16 05:30:40.361 | INFO     | __main__:on_log:109 - step=1060 | loss=0.144266 | grad_norm=1.218060 | learning_rate=0.000027 | epoch=0.738676
2026-02-16 05:30:46.864 | INFO     | __main__:on_log:109 - step=1065 | loss=0.132299 | grad_norm=1.020109 | learning_rate=0.000027 | epoch=0.742160
2026-02-16 05:30:53.329 | INFO     | __main__:on_log:109 - step=1070 | loss=0.139932 | grad_norm=1.377632 | learning_rate=0.000027 | epoch=0.745645
2026-02-16 05:31:00.080 | INFO     | __main__:on_log:109 - step=1075 | loss=0.195361 | grad_norm=2.078662 | learning_rate=0.000027 | epoch=0.749129
2026-02-16 05:31:06.540 | INFO     | __main__:on_log:109 - step=1080 | loss=0.137463 | grad_norm=1.702047 | learning_rate=0.000027 | epoch=0.752613
2026-02-16 05:31:13.081 | INFO     | __main__:on_log:109 - step=1085 | loss=0.192516 | grad_norm=2.196334 | learning_rate=0.000027 | epoch=0.756098
2026-02-16 05:31:19.599 | INFO     | __main__:on_log:109 - step=1090 | loss=0.195450 | grad_norm=1.563836 | learning_rate=0.000027 | epoch=0.759582
2026-02-16 05:31:26.403 | INFO     | __main__:on_log:109 - step=1095 | loss=0.170734 | grad_norm=1.313481 | learning_rate=0.000027 | epoch=0.763066
2026-02-16 05:31:32.933 | INFO     | __main__:on_log:109 - step=1100 | loss=0.169216 | grad_norm=1.296606 | learning_rate=0.000027 | epoch=0.766551
2026-02-16 05:31:39.832 | INFO     | __main__:on_log:109 - step=1105 | loss=0.147511 | grad_norm=1.197098 | learning_rate=0.000027 | epoch=0.770035
2026-02-16 05:31:46.341 | INFO     | __main__:on_log:109 - step=1110 | loss=0.150971 | grad_norm=1.562666 | learning_rate=0.000027 | epoch=0.773519
2026-02-16 05:31:53.200 | INFO     | __main__:on_log:109 - step=1115 | loss=0.150449 | grad_norm=1.292930 | learning_rate=0.000027 | epoch=0.777003
2026-02-16 05:31:59.707 | INFO     | __main__:on_log:109 - step=1120 | loss=0.181952 | grad_norm=2.085745 | learning_rate=0.000027 | epoch=0.780488
2026-02-16 05:32:06.211 | INFO     | __main__:on_log:109 - step=1125 | loss=0.149774 | grad_norm=2.518900 | learning_rate=0.000027 | epoch=0.783972
2026-02-16 05:32:12.717 | INFO     | __main__:on_log:109 - step=1130 | loss=0.164311 | grad_norm=1.682533 | learning_rate=0.000027 | epoch=0.787456
2026-02-16 05:32:19.192 | INFO     | __main__:on_log:109 - step=1135 | loss=0.213894 | grad_norm=0.800388 | learning_rate=0.000027 | epoch=0.790941
2026-02-16 05:32:25.912 | INFO     | __main__:on_log:109 - step=1140 | loss=0.137037 | grad_norm=1.634924 | learning_rate=0.000027 | epoch=0.794425
2026-02-16 05:32:32.404 | INFO     | __main__:on_log:109 - step=1145 | loss=0.167801 | grad_norm=0.726368 | learning_rate=0.000027 | epoch=0.797909
2026-02-16 05:32:38.905 | INFO     | __main__:on_log:109 - step=1150 | loss=0.170012 | grad_norm=1.771298 | learning_rate=0.000027 | epoch=0.801394
2026-02-16 05:32:45.864 | INFO     | __main__:on_log:109 - step=1155 | loss=0.135308 | grad_norm=0.845056 | learning_rate=0.000027 | epoch=0.804878
2026-02-16 05:32:52.758 | INFO     | __main__:on_log:109 - step=1160 | loss=0.148489 | grad_norm=1.114231 | learning_rate=0.000026 | epoch=0.808362
2026-02-16 05:32:59.268 | INFO     | __main__:on_log:109 - step=1165 | loss=0.170207 | grad_norm=1.220794 | learning_rate=0.000026 | epoch=0.811847
2026-02-16 05:33:05.789 | INFO     | __main__:on_log:109 - step=1170 | loss=0.122300 | grad_norm=1.030490 | learning_rate=0.000026 | epoch=0.815331
2026-02-16 05:33:12.318 | INFO     | __main__:on_log:109 - step=1175 | loss=0.199804 | grad_norm=1.206874 | learning_rate=0.000026 | epoch=0.818815
2026-02-16 05:33:19.034 | INFO     | __main__:on_log:109 - step=1180 | loss=0.137775 | grad_norm=1.597106 | learning_rate=0.000026 | epoch=0.822300
2026-02-16 05:33:25.513 | INFO     | __main__:on_log:109 - step=1185 | loss=0.092272 | grad_norm=0.622953 | learning_rate=0.000026 | epoch=0.825784
2026-02-16 05:33:31.963 | INFO     | __main__:on_log:109 - step=1190 | loss=0.138953 | grad_norm=0.956603 | learning_rate=0.000026 | epoch=0.829268
2026-02-16 05:33:38.423 | INFO     | __main__:on_log:109 - step=1195 | loss=0.138497 | grad_norm=1.519646 | learning_rate=0.000026 | epoch=0.832753
2026-02-16 05:33:45.190 | INFO     | __main__:on_log:109 - step=1200 | loss=0.145292 | grad_norm=1.660138 | learning_rate=0.000026 | epoch=0.836237
2026-02-16 05:33:52.138 | INFO     | __main__:on_log:109 - step=1205 | loss=0.187723 | grad_norm=1.538536 | learning_rate=0.000026 | epoch=0.839721
2026-02-16 05:33:58.615 | INFO     | __main__:on_log:109 - step=1210 | loss=0.125936 | grad_norm=1.275337 | learning_rate=0.000026 | epoch=0.843206
2026-02-16 05:34:05.090 | INFO     | __main__:on_log:109 - step=1215 | loss=0.183212 | grad_norm=1.261222 | learning_rate=0.000026 | epoch=0.846690
2026-02-16 05:34:11.779 | INFO     | __main__:on_log:109 - step=1220 | loss=0.175993 | grad_norm=1.202604 | learning_rate=0.000026 | epoch=0.850174
2026-02-16 05:34:18.282 | INFO     | __main__:on_log:109 - step=1225 | loss=0.183213 | grad_norm=1.010051 | learning_rate=0.000026 | epoch=0.853659
2026-02-16 05:34:24.799 | INFO     | __main__:on_log:109 - step=1230 | loss=0.142158 | grad_norm=0.860110 | learning_rate=0.000026 | epoch=0.857143
2026-02-16 05:34:31.288 | INFO     | __main__:on_log:109 - step=1235 | loss=0.191590 | grad_norm=0.984636 | learning_rate=0.000026 | epoch=0.860627
2026-02-16 05:34:38.014 | INFO     | __main__:on_log:109 - step=1240 | loss=0.156886 | grad_norm=1.469076 | learning_rate=0.000026 | epoch=0.864111
2026-02-16 05:34:44.495 | INFO     | __main__:on_log:109 - step=1245 | loss=0.148419 | grad_norm=1.042793 | learning_rate=0.000026 | epoch=0.867596
2026-02-16 05:34:50.921 | INFO     | __main__:on_log:109 - step=1250 | loss=0.141156 | grad_norm=1.449509 | learning_rate=0.000026 | epoch=0.871080
2026-02-16 05:34:57.741 | INFO     | __main__:on_log:109 - step=1255 | loss=0.141412 | grad_norm=0.943312 | learning_rate=0.000026 | epoch=0.874564
2026-02-16 05:35:04.182 | INFO     | __main__:on_log:109 - step=1260 | loss=0.149407 | grad_norm=1.069589 | learning_rate=0.000026 | epoch=0.878049
2026-02-16 05:35:11.002 | INFO     | __main__:on_log:109 - step=1265 | loss=0.145699 | grad_norm=1.792023 | learning_rate=0.000026 | epoch=0.881533
2026-02-16 05:35:17.491 | INFO     | __main__:on_log:109 - step=1270 | loss=0.118437 | grad_norm=1.128059 | learning_rate=0.000026 | epoch=0.885017
2026-02-16 05:35:23.974 | INFO     | __main__:on_log:109 - step=1275 | loss=0.157475 | grad_norm=1.271577 | learning_rate=0.000026 | epoch=0.888502
2026-02-16 05:35:30.481 | INFO     | __main__:on_log:109 - step=1280 | loss=0.130454 | grad_norm=1.216459 | learning_rate=0.000026 | epoch=0.891986
2026-02-16 05:35:37.298 | INFO     | __main__:on_log:109 - step=1285 | loss=0.205042 | grad_norm=1.406560 | learning_rate=0.000026 | epoch=0.895470
2026-02-16 05:35:43.717 | INFO     | __main__:on_log:109 - step=1290 | loss=0.132156 | grad_norm=0.019446 | learning_rate=0.000026 | epoch=0.898955
2026-02-16 05:35:50.196 | INFO     | __main__:on_log:109 - step=1295 | loss=0.125686 | grad_norm=1.346045 | learning_rate=0.000026 | epoch=0.902439
2026-02-16 05:35:56.657 | INFO     | __main__:on_log:109 - step=1300 | loss=0.148865 | grad_norm=1.340569 | learning_rate=0.000026 | epoch=0.905923
2026-02-16 05:36:03.969 | INFO     | __main__:on_log:109 - step=1305 | loss=0.129816 | grad_norm=1.443941 | learning_rate=0.000026 | epoch=0.909408
2026-02-16 05:36:10.446 | INFO     | __main__:on_log:109 - step=1310 | loss=0.176390 | grad_norm=1.168000 | learning_rate=0.000026 | epoch=0.912892
2026-02-16 05:36:16.932 | INFO     | __main__:on_log:109 - step=1315 | loss=0.126912 | grad_norm=0.811355 | learning_rate=0.000026 | epoch=0.916376
2026-02-16 05:36:23.422 | INFO     | __main__:on_log:109 - step=1320 | loss=0.119790 | grad_norm=1.442179 | learning_rate=0.000026 | epoch=0.919861
2026-02-16 05:36:30.218 | INFO     | __main__:on_log:109 - step=1325 | loss=0.179151 | grad_norm=1.623146 | learning_rate=0.000026 | epoch=0.923345
2026-02-16 05:36:36.726 | INFO     | __main__:on_log:109 - step=1330 | loss=0.127082 | grad_norm=1.047977 | learning_rate=0.000026 | epoch=0.926829
2026-02-16 05:36:43.226 | INFO     | __main__:on_log:109 - step=1335 | loss=0.138682 | grad_norm=1.198346 | learning_rate=0.000026 | epoch=0.930314
2026-02-16 05:36:49.697 | INFO     | __main__:on_log:109 - step=1340 | loss=0.186417 | grad_norm=1.009606 | learning_rate=0.000026 | epoch=0.933798
2026-02-16 05:36:56.400 | INFO     | __main__:on_log:109 - step=1345 | loss=0.126586 | grad_norm=1.003488 | learning_rate=0.000026 | epoch=0.937282
2026-02-16 05:37:02.879 | INFO     | __main__:on_log:109 - step=1350 | loss=0.173257 | grad_norm=1.819030 | learning_rate=0.000026 | epoch=0.940767
2026-02-16 05:37:09.823 | INFO     | __main__:on_log:109 - step=1355 | loss=0.144770 | grad_norm=1.246702 | learning_rate=0.000026 | epoch=0.944251
2026-02-16 05:37:16.315 | INFO     | __main__:on_log:109 - step=1360 | loss=0.132125 | grad_norm=0.957322 | learning_rate=0.000026 | epoch=0.947735
2026-02-16 05:37:23.042 | INFO     | __main__:on_log:109 - step=1365 | loss=0.139693 | grad_norm=0.744531 | learning_rate=0.000026 | epoch=0.951220
2026-02-16 05:37:29.550 | INFO     | __main__:on_log:109 - step=1370 | loss=0.110158 | grad_norm=1.496937 | learning_rate=0.000026 | epoch=0.954704
2026-02-16 05:37:36.048 | INFO     | __main__:on_log:109 - step=1375 | loss=0.167502 | grad_norm=2.431880 | learning_rate=0.000026 | epoch=0.958188
2026-02-16 05:37:42.571 | INFO     | __main__:on_log:109 - step=1380 | loss=0.141397 | grad_norm=1.814648 | learning_rate=0.000026 | epoch=0.961672
2026-02-16 05:37:49.077 | INFO     | __main__:on_log:109 - step=1385 | loss=0.105428 | grad_norm=0.947890 | learning_rate=0.000025 | epoch=0.965157
2026-02-16 05:37:55.843 | INFO     | __main__:on_log:109 - step=1390 | loss=0.125213 | grad_norm=0.945144 | learning_rate=0.000025 | epoch=0.968641
2026-02-16 05:38:02.314 | INFO     | __main__:on_log:109 - step=1395 | loss=0.094572 | grad_norm=0.819116 | learning_rate=0.000025 | epoch=0.972125
2026-02-16 05:38:08.729 | INFO     | __main__:on_log:109 - step=1400 | loss=0.152739 | grad_norm=1.357572 | learning_rate=0.000025 | epoch=0.975610
2026-02-16 05:38:15.602 | INFO     | __main__:on_log:109 - step=1405 | loss=0.193649 | grad_norm=1.475375 | learning_rate=0.000025 | epoch=0.979094
2026-02-16 05:38:22.358 | INFO     | __main__:on_log:109 - step=1410 | loss=0.158219 | grad_norm=1.592146 | learning_rate=0.000025 | epoch=0.982578
2026-02-16 05:38:28.827 | INFO     | __main__:on_log:109 - step=1415 | loss=0.180197 | grad_norm=2.286982 | learning_rate=0.000025 | epoch=0.986063
2026-02-16 05:38:35.364 | INFO     | __main__:on_log:109 - step=1420 | loss=0.135703 | grad_norm=0.766844 | learning_rate=0.000025 | epoch=0.989547
2026-02-16 05:38:41.878 | INFO     | __main__:on_log:109 - step=1425 | loss=0.102153 | grad_norm=0.658069 | learning_rate=0.000025 | epoch=0.993031
2026-02-16 05:38:48.628 | INFO     | __main__:on_log:109 - step=1430 | loss=0.126340 | grad_norm=0.687427 | learning_rate=0.000025 | epoch=0.996516
2026-02-16 05:38:54.628 | INFO     | __main__:on_log:109 - step=1435 | loss=0.226096 | grad_norm=1.907218 | learning_rate=0.000025 | epoch=1.000000
2026-02-16 05:39:01.146 | INFO     | __main__:on_log:109 - step=1440 | loss=0.115107 | grad_norm=1.332807 | learning_rate=0.000025 | epoch=1.003484
2026-02-16 05:39:07.618 | INFO     | __main__:on_log:109 - step=1445 | loss=0.099600 | grad_norm=0.835020 | learning_rate=0.000025 | epoch=1.006969
2026-02-16 05:39:14.323 | INFO     | __main__:on_log:109 - step=1450 | loss=0.130614 | grad_norm=1.292536 | learning_rate=0.000025 | epoch=1.010453
2026-02-16 05:39:21.206 | INFO     | __main__:on_log:109 - step=1455 | loss=0.137455 | grad_norm=1.013409 | learning_rate=0.000025 | epoch=1.013937
2026-02-16 05:39:27.604 | INFO     | __main__:on_log:109 - step=1460 | loss=0.105124 | grad_norm=0.978363 | learning_rate=0.000025 | epoch=1.017422
2026-02-16 05:39:34.090 | INFO     | __main__:on_log:109 - step=1465 | loss=0.160907 | grad_norm=1.314298 | learning_rate=0.000025 | epoch=1.020906
2026-02-16 05:39:40.917 | INFO     | __main__:on_log:109 - step=1470 | loss=0.106147 | grad_norm=1.240656 | learning_rate=0.000025 | epoch=1.024390
2026-02-16 05:39:47.420 | INFO     | __main__:on_log:109 - step=1475 | loss=0.169378 | grad_norm=1.131649 | learning_rate=0.000025 | epoch=1.027875
2026-02-16 05:39:53.906 | INFO     | __main__:on_log:109 - step=1480 | loss=0.157491 | grad_norm=0.790289 | learning_rate=0.000025 | epoch=1.031359
2026-02-16 05:40:00.426 | INFO     | __main__:on_log:109 - step=1485 | loss=0.177555 | grad_norm=1.399096 | learning_rate=0.000025 | epoch=1.034843
2026-02-16 05:40:07.212 | INFO     | __main__:on_log:109 - step=1490 | loss=0.135320 | grad_norm=1.149153 | learning_rate=0.000025 | epoch=1.038328
2026-02-16 05:40:13.649 | INFO     | __main__:on_log:109 - step=1495 | loss=0.111602 | grad_norm=1.048964 | learning_rate=0.000025 | epoch=1.041812
2026-02-16 05:40:20.065 | INFO     | __main__:on_log:109 - step=1500 | loss=0.117425 | grad_norm=1.036052 | learning_rate=0.000025 | epoch=1.045296
2026-02-16 05:40:26.890 | INFO     | __main__:on_log:109 - step=1505 | loss=0.134371 | grad_norm=1.459251 | learning_rate=0.000025 | epoch=1.048780
2026-02-16 05:40:33.695 | INFO     | __main__:on_log:109 - step=1510 | loss=0.171778 | grad_norm=0.994550 | learning_rate=0.000025 | epoch=1.052265
2026-02-16 05:40:40.210 | INFO     | __main__:on_log:109 - step=1515 | loss=0.096346 | grad_norm=0.850692 | learning_rate=0.000025 | epoch=1.055749
2026-02-16 05:40:46.787 | INFO     | __main__:on_log:109 - step=1520 | loss=0.169537 | grad_norm=0.987101 | learning_rate=0.000025 | epoch=1.059233
2026-02-16 05:40:53.324 | INFO     | __main__:on_log:109 - step=1525 | loss=0.121002 | grad_norm=1.220999 | learning_rate=0.000025 | epoch=1.062718
2026-02-16 05:41:00.066 | INFO     | __main__:on_log:109 - step=1530 | loss=0.106360 | grad_norm=1.118078 | learning_rate=0.000025 | epoch=1.066202
2026-02-16 05:41:06.597 | INFO     | __main__:on_log:109 - step=1535 | loss=0.123059 | grad_norm=1.557892 | learning_rate=0.000025 | epoch=1.069686
2026-02-16 05:41:13.079 | INFO     | __main__:on_log:109 - step=1540 | loss=0.130593 | grad_norm=0.796617 | learning_rate=0.000025 | epoch=1.073171
2026-02-16 05:41:19.520 | INFO     | __main__:on_log:109 - step=1545 | loss=0.145736 | grad_norm=0.921086 | learning_rate=0.000025 | epoch=1.076655
2026-02-16 05:41:26.323 | INFO     | __main__:on_log:109 - step=1550 | loss=0.128443 | grad_norm=0.922483 | learning_rate=0.000025 | epoch=1.080139
2026-02-16 05:41:33.220 | INFO     | __main__:on_log:109 - step=1555 | loss=0.063429 | grad_norm=1.320558 | learning_rate=0.000025 | epoch=1.083624
2026-02-16 05:41:39.703 | INFO     | __main__:on_log:109 - step=1560 | loss=0.158520 | grad_norm=1.715359 | learning_rate=0.000025 | epoch=1.087108
2026-02-16 05:41:46.182 | INFO     | __main__:on_log:109 - step=1565 | loss=0.140716 | grad_norm=1.158023 | learning_rate=0.000025 | epoch=1.090592
2026-02-16 05:41:52.896 | INFO     | __main__:on_log:109 - step=1570 | loss=0.087136 | grad_norm=0.963865 | learning_rate=0.000025 | epoch=1.094077
2026-02-16 05:41:59.397 | INFO     | __main__:on_log:109 - step=1575 | loss=0.100497 | grad_norm=0.751894 | learning_rate=0.000025 | epoch=1.097561
2026-02-16 05:42:05.872 | INFO     | __main__:on_log:109 - step=1580 | loss=0.103865 | grad_norm=1.099208 | learning_rate=0.000025 | epoch=1.101045
2026-02-16 05:42:12.378 | INFO     | __main__:on_log:109 - step=1585 | loss=0.134516 | grad_norm=0.970213 | learning_rate=0.000025 | epoch=1.104530
2026-02-16 05:42:18.875 | INFO     | __main__:on_log:109 - step=1590 | loss=0.138414 | grad_norm=0.775081 | learning_rate=0.000025 | epoch=1.108014
2026-02-16 05:42:25.619 | INFO     | __main__:on_log:109 - step=1595 | loss=0.106287 | grad_norm=0.970828 | learning_rate=0.000025 | epoch=1.111498
2026-02-16 05:42:32.077 | INFO     | __main__:on_log:109 - step=1600 | loss=0.119351 | grad_norm=1.147991 | learning_rate=0.000025 | epoch=1.114983
2026-02-16 05:42:38.931 | INFO     | __main__:on_log:109 - step=1605 | loss=0.117203 | grad_norm=0.907031 | learning_rate=0.000025 | epoch=1.118467
2026-02-16 05:42:45.432 | INFO     | __main__:on_log:109 - step=1610 | loss=0.101997 | grad_norm=0.671430 | learning_rate=0.000024 | epoch=1.121951
2026-02-16 05:42:52.176 | INFO     | __main__:on_log:109 - step=1615 | loss=0.108291 | grad_norm=1.134400 | learning_rate=0.000024 | epoch=1.125436
2026-02-16 05:42:58.621 | INFO     | __main__:on_log:109 - step=1620 | loss=0.102237 | grad_norm=1.534948 | learning_rate=0.000024 | epoch=1.128920
2026-02-16 05:43:05.104 | INFO     | __main__:on_log:109 - step=1625 | loss=0.146131 | grad_norm=3.230102 | learning_rate=0.000024 | epoch=1.132404
2026-02-16 05:43:11.587 | INFO     | __main__:on_log:109 - step=1630 | loss=0.180904 | grad_norm=2.413742 | learning_rate=0.000024 | epoch=1.135889
2026-02-16 05:43:18.313 | INFO     | __main__:on_log:109 - step=1635 | loss=0.108201 | grad_norm=1.011895 | learning_rate=0.000024 | epoch=1.139373
2026-02-16 05:43:24.784 | INFO     | __main__:on_log:109 - step=1640 | loss=0.224259 | grad_norm=1.963616 | learning_rate=0.000024 | epoch=1.142857
2026-02-16 05:43:31.257 | INFO     | __main__:on_log:109 - step=1645 | loss=0.077424 | grad_norm=1.106318 | learning_rate=0.000024 | epoch=1.146341
2026-02-16 05:43:37.740 | INFO     | __main__:on_log:109 - step=1650 | loss=0.120596 | grad_norm=1.013002 | learning_rate=0.000024 | epoch=1.149826
2026-02-16 05:43:44.822 | INFO     | __main__:on_log:109 - step=1655 | loss=0.170320 | grad_norm=1.038367 | learning_rate=0.000024 | epoch=1.153310
2026-02-16 05:43:51.313 | INFO     | __main__:on_log:109 - step=1660 | loss=0.079052 | grad_norm=0.800130 | learning_rate=0.000024 | epoch=1.156794
2026-02-16 05:43:57.781 | INFO     | __main__:on_log:109 - step=1665 | loss=0.132030 | grad_norm=1.438597 | learning_rate=0.000024 | epoch=1.160279
2026-02-16 05:44:04.322 | INFO     | __main__:on_log:109 - step=1670 | loss=0.134735 | grad_norm=1.198908 | learning_rate=0.000024 | epoch=1.163763
2026-02-16 05:44:11.105 | INFO     | __main__:on_log:109 - step=1675 | loss=0.107179 | grad_norm=1.063479 | learning_rate=0.000024 | epoch=1.167247
2026-02-16 05:44:17.569 | INFO     | __main__:on_log:109 - step=1680 | loss=0.198359 | grad_norm=1.043185 | learning_rate=0.000024 | epoch=1.170732
2026-02-16 05:44:24.078 | INFO     | __main__:on_log:109 - step=1685 | loss=0.160743 | grad_norm=1.268159 | learning_rate=0.000024 | epoch=1.174216
2026-02-16 05:44:30.614 | INFO     | __main__:on_log:109 - step=1690 | loss=0.164518 | grad_norm=2.597407 | learning_rate=0.000024 | epoch=1.177700
2026-02-16 05:44:37.423 | INFO     | __main__:on_log:109 - step=1695 | loss=0.146873 | grad_norm=1.502456 | learning_rate=0.000024 | epoch=1.181185
2026-02-16 05:44:43.886 | INFO     | __main__:on_log:109 - step=1700 | loss=0.127131 | grad_norm=1.061369 | learning_rate=0.000024 | epoch=1.184669
2026-02-16 05:44:50.736 | INFO     | __main__:on_log:109 - step=1705 | loss=0.130018 | grad_norm=1.968558 | learning_rate=0.000024 | epoch=1.188153
2026-02-16 05:44:57.208 | INFO     | __main__:on_log:109 - step=1710 | loss=0.110685 | grad_norm=1.341037 | learning_rate=0.000024 | epoch=1.191638
2026-02-16 05:45:03.984 | INFO     | __main__:on_log:109 - step=1715 | loss=0.108717 | grad_norm=1.001786 | learning_rate=0.000024 | epoch=1.195122
2026-02-16 05:45:10.391 | INFO     | __main__:on_log:109 - step=1720 | loss=0.103976 | grad_norm=0.923536 | learning_rate=0.000024 | epoch=1.198606
2026-02-16 05:45:16.815 | INFO     | __main__:on_log:109 - step=1725 | loss=0.106044 | grad_norm=1.142015 | learning_rate=0.000024 | epoch=1.202091
2026-02-16 05:45:23.313 | INFO     | __main__:on_log:109 - step=1730 | loss=0.169935 | grad_norm=2.511460 | learning_rate=0.000024 | epoch=1.205575
2026-02-16 05:45:29.817 | INFO     | __main__:on_log:109 - step=1735 | loss=0.076092 | grad_norm=0.698577 | learning_rate=0.000024 | epoch=1.209059
2026-02-16 05:45:36.606 | INFO     | __main__:on_log:109 - step=1740 | loss=0.135465 | grad_norm=1.791804 | learning_rate=0.000024 | epoch=1.212544
2026-02-16 05:45:43.083 | INFO     | __main__:on_log:109 - step=1745 | loss=0.102258 | grad_norm=1.130880 | learning_rate=0.000024 | epoch=1.216028
2026-02-16 05:45:49.583 | INFO     | __main__:on_log:109 - step=1750 | loss=0.153715 | grad_norm=1.596155 | learning_rate=0.000024 | epoch=1.219512
2026-02-16 05:45:56.446 | INFO     | __main__:on_log:109 - step=1755 | loss=0.119508 | grad_norm=1.681978 | learning_rate=0.000024 | epoch=1.222997
2026-02-16 05:46:03.241 | INFO     | __main__:on_log:109 - step=1760 | loss=0.132675 | grad_norm=1.050767 | learning_rate=0.000024 | epoch=1.226481
2026-02-16 05:46:09.733 | INFO     | __main__:on_log:109 - step=1765 | loss=0.100377 | grad_norm=0.883370 | learning_rate=0.000024 | epoch=1.229965
2026-02-16 05:46:16.226 | INFO     | __main__:on_log:109 - step=1770 | loss=0.138333 | grad_norm=1.164475 | learning_rate=0.000024 | epoch=1.233449
2026-02-16 05:46:22.709 | INFO     | __main__:on_log:109 - step=1775 | loss=0.144489 | grad_norm=1.009811 | learning_rate=0.000024 | epoch=1.236934
2026-02-16 05:46:29.430 | INFO     | __main__:on_log:109 - step=1780 | loss=0.145357 | grad_norm=1.036260 | learning_rate=0.000024 | epoch=1.240418
2026-02-16 05:46:35.850 | INFO     | __main__:on_log:109 - step=1785 | loss=0.100798 | grad_norm=0.896160 | learning_rate=0.000024 | epoch=1.243902
2026-02-16 05:46:42.284 | INFO     | __main__:on_log:109 - step=1790 | loss=0.136158 | grad_norm=1.394597 | learning_rate=0.000024 | epoch=1.247387
2026-02-16 05:46:48.778 | INFO     | __main__:on_log:109 - step=1795 | loss=0.081417 | grad_norm=1.122049 | learning_rate=0.000024 | epoch=1.250871
2026-02-16 05:46:55.573 | INFO     | __main__:on_log:109 - step=1800 | loss=0.131450 | grad_norm=1.381445 | learning_rate=0.000024 | epoch=1.254355
2026-02-16 05:47:02.419 | INFO     | __main__:on_log:109 - step=1805 | loss=0.145470 | grad_norm=0.919078 | learning_rate=0.000024 | epoch=1.257840
2026-02-16 05:47:08.855 | INFO     | __main__:on_log:109 - step=1810 | loss=0.168862 | grad_norm=1.588777 | learning_rate=0.000024 | epoch=1.261324
2026-02-16 05:47:15.339 | INFO     | __main__:on_log:109 - step=1815 | loss=0.124735 | grad_norm=1.290202 | learning_rate=0.000024 | epoch=1.264808
2026-02-16 05:47:22.121 | INFO     | __main__:on_log:109 - step=1820 | loss=0.114374 | grad_norm=0.984405 | learning_rate=0.000024 | epoch=1.268293
2026-02-16 05:47:28.652 | INFO     | __main__:on_log:109 - step=1825 | loss=0.120558 | grad_norm=0.666457 | learning_rate=0.000024 | epoch=1.271777
2026-02-16 05:47:35.167 | INFO     | __main__:on_log:109 - step=1830 | loss=0.112253 | grad_norm=0.740974 | learning_rate=0.000024 | epoch=1.275261
2026-02-16 05:47:41.721 | INFO     | __main__:on_log:109 - step=1835 | loss=0.140988 | grad_norm=1.487103 | learning_rate=0.000024 | epoch=1.278746
2026-02-16 05:47:48.434 | INFO     | __main__:on_log:109 - step=1840 | loss=0.143673 | grad_norm=1.009523 | learning_rate=0.000023 | epoch=1.282230
2026-02-16 05:47:54.935 | INFO     | __main__:on_log:109 - step=1845 | loss=0.150479 | grad_norm=1.412507 | learning_rate=0.000023 | epoch=1.285714
2026-02-16 05:48:01.441 | INFO     | __main__:on_log:109 - step=1850 | loss=0.129766 | grad_norm=0.911776 | learning_rate=0.000023 | epoch=1.289199
2026-02-16 05:48:08.355 | INFO     | __main__:on_log:109 - step=1855 | loss=0.095070 | grad_norm=1.566964 | learning_rate=0.000023 | epoch=1.292683
2026-02-16 05:48:14.805 | INFO     | __main__:on_log:109 - step=1860 | loss=0.119136 | grad_norm=1.600960 | learning_rate=0.000023 | epoch=1.296167
2026-02-16 05:48:21.579 | INFO     | __main__:on_log:109 - step=1865 | loss=0.105992 | grad_norm=1.011767 | learning_rate=0.000023 | epoch=1.299652
2026-02-16 05:48:28.079 | INFO     | __main__:on_log:109 - step=1870 | loss=0.125412 | grad_norm=1.143370 | learning_rate=0.000023 | epoch=1.303136
2026-02-16 05:48:34.569 | INFO     | __main__:on_log:109 - step=1875 | loss=0.121347 | grad_norm=1.827014 | learning_rate=0.000023 | epoch=1.306620
2026-02-16 05:48:41.096 | INFO     | __main__:on_log:109 - step=1880 | loss=0.081351 | grad_norm=0.995397 | learning_rate=0.000023 | epoch=1.310105
2026-02-16 05:48:47.900 | INFO     | __main__:on_log:109 - step=1885 | loss=0.124745 | grad_norm=1.292838 | learning_rate=0.000023 | epoch=1.313589
2026-02-16 05:48:54.407 | INFO     | __main__:on_log:109 - step=1890 | loss=0.129318 | grad_norm=1.347620 | learning_rate=0.000023 | epoch=1.317073
2026-02-16 05:49:00.879 | INFO     | __main__:on_log:109 - step=1895 | loss=0.105656 | grad_norm=1.024271 | learning_rate=0.000023 | epoch=1.320557
2026-02-16 05:49:07.369 | INFO     | __main__:on_log:109 - step=1900 | loss=0.130116 | grad_norm=1.409941 | learning_rate=0.000023 | epoch=1.324042
2026-02-16 05:49:14.585 | INFO     | __main__:on_log:109 - step=1905 | loss=0.101163 | grad_norm=0.582261 | learning_rate=0.000023 | epoch=1.327526
2026-02-16 05:49:21.037 | INFO     | __main__:on_log:109 - step=1910 | loss=0.089492 | grad_norm=1.234960 | learning_rate=0.000023 | epoch=1.331010
2026-02-16 05:49:27.478 | INFO     | __main__:on_log:109 - step=1915 | loss=0.131445 | grad_norm=0.965134 | learning_rate=0.000023 | epoch=1.334495
2026-02-16 05:49:33.971 | INFO     | __main__:on_log:109 - step=1920 | loss=0.123981 | grad_norm=1.217551 | learning_rate=0.000023 | epoch=1.337979
2026-02-16 05:49:40.780 | INFO     | __main__:on_log:109 - step=1925 | loss=0.129746 | grad_norm=1.099647 | learning_rate=0.000023 | epoch=1.341463
2026-02-16 05:49:47.276 | INFO     | __main__:on_log:109 - step=1930 | loss=0.112083 | grad_norm=1.033210 | learning_rate=0.000023 | epoch=1.344948
2026-02-16 05:49:53.765 | INFO     | __main__:on_log:109 - step=1935 | loss=0.127539 | grad_norm=1.010822 | learning_rate=0.000023 | epoch=1.348432
2026-02-16 05:50:00.287 | INFO     | __main__:on_log:109 - step=1940 | loss=0.131983 | grad_norm=1.166915 | learning_rate=0.000023 | epoch=1.351916
2026-02-16 05:50:07.028 | INFO     | __main__:on_log:109 - step=1945 | loss=0.082015 | grad_norm=1.216604 | learning_rate=0.000023 | epoch=1.355401
2026-02-16 05:50:13.510 | INFO     | __main__:on_log:109 - step=1950 | loss=0.119731 | grad_norm=1.174372 | learning_rate=0.000023 | epoch=1.358885
2026-02-16 05:50:20.283 | INFO     | __main__:on_log:109 - step=1955 | loss=0.107977 | grad_norm=1.122968 | learning_rate=0.000023 | epoch=1.362369
2026-02-16 05:50:26.745 | INFO     | __main__:on_log:109 - step=1960 | loss=0.123849 | grad_norm=1.003561 | learning_rate=0.000023 | epoch=1.365854
2026-02-16 05:50:33.507 | INFO     | __main__:on_log:109 - step=1965 | loss=0.150069 | grad_norm=1.178599 | learning_rate=0.000023 | epoch=1.369338
2026-02-16 05:50:39.978 | INFO     | __main__:on_log:109 - step=1970 | loss=0.140907 | grad_norm=1.448359 | learning_rate=0.000023 | epoch=1.372822
2026-02-16 05:50:46.477 | INFO     | __main__:on_log:109 - step=1975 | loss=0.144270 | grad_norm=0.973119 | learning_rate=0.000023 | epoch=1.376307
2026-02-16 05:50:52.931 | INFO     | __main__:on_log:109 - step=1980 | loss=0.097831 | grad_norm=1.260336 | learning_rate=0.000023 | epoch=1.379791
2026-02-16 05:50:59.381 | INFO     | __main__:on_log:109 - step=1985 | loss=0.144178 | grad_norm=1.547614 | learning_rate=0.000023 | epoch=1.383275
2026-02-16 05:51:06.143 | INFO     | __main__:on_log:109 - step=1990 | loss=0.158369 | grad_norm=2.642013 | learning_rate=0.000023 | epoch=1.386760
2026-02-16 05:51:12.639 | INFO     | __main__:on_log:109 - step=1995 | loss=0.133613 | grad_norm=1.003831 | learning_rate=0.000023 | epoch=1.390244
2026-02-16 05:51:19.132 | INFO     | __main__:on_log:109 - step=2000 | loss=0.113131 | grad_norm=1.261039 | learning_rate=0.000023 | epoch=1.393728
2026-02-16 05:51:26.069 | INFO     | __main__:on_log:109 - step=2005 | loss=0.124995 | grad_norm=0.580776 | learning_rate=0.000023 | epoch=1.397213
2026-02-16 05:51:32.842 | INFO     | __main__:on_log:109 - step=2010 | loss=0.145737 | grad_norm=1.029595 | learning_rate=0.000023 | epoch=1.400697
2026-02-16 05:51:39.308 | INFO     | __main__:on_log:109 - step=2015 | loss=0.141090 | grad_norm=1.307153 | learning_rate=0.000023 | epoch=1.404181
2026-02-16 05:51:45.779 | INFO     | __main__:on_log:109 - step=2020 | loss=0.132959 | grad_norm=1.321257 | learning_rate=0.000023 | epoch=1.407666
2026-02-16 05:51:52.250 | INFO     | __main__:on_log:109 - step=2025 | loss=0.122729 | grad_norm=1.268313 | learning_rate=0.000023 | epoch=1.411150
2026-02-16 05:51:59.047 | INFO     | __main__:on_log:109 - step=2030 | loss=0.096228 | grad_norm=1.049005 | learning_rate=0.000023 | epoch=1.414634
2026-02-16 05:52:05.562 | INFO     | __main__:on_log:109 - step=2035 | loss=0.128723 | grad_norm=1.507967 | learning_rate=0.000023 | epoch=1.418118
2026-02-16 05:52:12.063 | INFO     | __main__:on_log:109 - step=2040 | loss=0.086796 | grad_norm=1.077524 | learning_rate=0.000023 | epoch=1.421603
2026-02-16 05:52:18.577 | INFO     | __main__:on_log:109 - step=2045 | loss=0.135035 | grad_norm=1.121470 | learning_rate=0.000023 | epoch=1.425087
2026-02-16 05:52:25.267 | INFO     | __main__:on_log:109 - step=2050 | loss=0.131878 | grad_norm=0.827460 | learning_rate=0.000023 | epoch=1.428571
2026-02-16 05:52:32.175 | INFO     | __main__:on_log:109 - step=2055 | loss=0.130673 | grad_norm=1.471057 | learning_rate=0.000023 | epoch=1.432056
2026-02-16 05:52:38.684 | INFO     | __main__:on_log:109 - step=2060 | loss=0.129130 | grad_norm=1.883293 | learning_rate=0.000023 | epoch=1.435540
2026-02-16 05:52:45.196 | INFO     | __main__:on_log:109 - step=2065 | loss=0.162230 | grad_norm=0.887647 | learning_rate=0.000022 | epoch=1.439024
2026-02-16 05:52:51.991 | INFO     | __main__:on_log:109 - step=2070 | loss=0.098671 | grad_norm=1.005331 | learning_rate=0.000022 | epoch=1.442509
2026-02-16 05:52:58.424 | INFO     | __main__:on_log:109 - step=2075 | loss=0.168115 | grad_norm=1.732590 | learning_rate=0.000022 | epoch=1.445993
2026-02-16 05:53:04.899 | INFO     | __main__:on_log:109 - step=2080 | loss=0.151727 | grad_norm=2.365600 | learning_rate=0.000022 | epoch=1.449477
2026-02-16 05:53:11.347 | INFO     | __main__:on_log:109 - step=2085 | loss=0.112036 | grad_norm=1.201253 | learning_rate=0.000022 | epoch=1.452962
2026-02-16 05:53:18.181 | INFO     | __main__:on_log:109 - step=2090 | loss=0.166152 | grad_norm=1.490669 | learning_rate=0.000022 | epoch=1.456446
2026-02-16 05:53:24.720 | INFO     | __main__:on_log:109 - step=2095 | loss=0.100256 | grad_norm=2.204825 | learning_rate=0.000022 | epoch=1.459930
2026-02-16 05:53:31.241 | INFO     | __main__:on_log:109 - step=2100 | loss=0.109917 | grad_norm=1.199662 | learning_rate=0.000022 | epoch=1.463415
2026-02-16 05:53:38.161 | INFO     | __main__:on_log:109 - step=2105 | loss=0.104526 | grad_norm=1.133376 | learning_rate=0.000022 | epoch=1.466899
2026-02-16 05:53:44.829 | INFO     | __main__:on_log:109 - step=2110 | loss=0.114633 | grad_norm=1.356485 | learning_rate=0.000022 | epoch=1.470383
2026-02-16 05:53:51.300 | INFO     | __main__:on_log:109 - step=2115 | loss=0.104803 | grad_norm=1.146524 | learning_rate=0.000022 | epoch=1.473868
2026-02-16 05:53:57.793 | INFO     | __main__:on_log:109 - step=2120 | loss=0.140177 | grad_norm=1.420207 | learning_rate=0.000022 | epoch=1.477352
2026-02-16 05:54:04.266 | INFO     | __main__:on_log:109 - step=2125 | loss=0.130125 | grad_norm=1.114708 | learning_rate=0.000022 | epoch=1.480836
2026-02-16 05:54:11.074 | INFO     | __main__:on_log:109 - step=2130 | loss=0.134165 | grad_norm=1.060587 | learning_rate=0.000022 | epoch=1.484321
2026-02-16 05:54:17.590 | INFO     | __main__:on_log:109 - step=2135 | loss=0.088378 | grad_norm=1.072219 | learning_rate=0.000022 | epoch=1.487805
2026-02-16 05:54:24.100 | INFO     | __main__:on_log:109 - step=2140 | loss=0.134339 | grad_norm=0.917092 | learning_rate=0.000022 | epoch=1.491289
2026-02-16 05:54:30.608 | INFO     | __main__:on_log:109 - step=2145 | loss=0.127432 | grad_norm=0.690769 | learning_rate=0.000022 | epoch=1.494774
2026-02-16 05:54:37.378 | INFO     | __main__:on_log:109 - step=2150 | loss=0.114014 | grad_norm=1.327659 | learning_rate=0.000022 | epoch=1.498258
2026-02-16 05:54:44.260 | INFO     | __main__:on_log:109 - step=2155 | loss=0.101523 | grad_norm=0.895693 | learning_rate=0.000022 | epoch=1.501742
2026-02-16 05:54:50.780 | INFO     | __main__:on_log:109 - step=2160 | loss=0.115689 | grad_norm=1.315570 | learning_rate=0.000022 | epoch=1.505226
2026-02-16 05:54:57.274 | INFO     | __main__:on_log:109 - step=2165 | loss=0.088854 | grad_norm=1.010059 | learning_rate=0.000022 | epoch=1.508711
2026-02-16 05:55:04.002 | INFO     | __main__:on_log:109 - step=2170 | loss=0.087831 | grad_norm=1.642481 | learning_rate=0.000022 | epoch=1.512195
2026-02-16 05:55:10.457 | INFO     | __main__:on_log:109 - step=2175 | loss=0.106047 | grad_norm=1.073422 | learning_rate=0.000022 | epoch=1.515679
2026-02-16 05:55:16.959 | INFO     | __main__:on_log:109 - step=2180 | loss=0.108052 | grad_norm=1.467710 | learning_rate=0.000022 | epoch=1.519164
2026-02-16 05:55:23.468 | INFO     | __main__:on_log:109 - step=2185 | loss=0.107696 | grad_norm=0.989094 | learning_rate=0.000022 | epoch=1.522648
2026-02-16 05:55:29.979 | INFO     | __main__:on_log:109 - step=2190 | loss=0.127882 | grad_norm=1.066084 | learning_rate=0.000022 | epoch=1.526132
2026-02-16 05:55:36.801 | INFO     | __main__:on_log:109 - step=2195 | loss=0.120033 | grad_norm=1.567596 | learning_rate=0.000022 | epoch=1.529617
2026-02-16 05:55:43.230 | INFO     | __main__:on_log:109 - step=2200 | loss=0.120464 | grad_norm=0.034752 | learning_rate=0.000022 | epoch=1.533101
2026-02-16 05:55:50.118 | INFO     | __main__:on_log:109 - step=2205 | loss=0.123536 | grad_norm=1.310992 | learning_rate=0.000022 | epoch=1.536585
2026-02-16 05:55:56.592 | INFO     | __main__:on_log:109 - step=2210 | loss=0.119291 | grad_norm=1.262994 | learning_rate=0.000022 | epoch=1.540070
2026-02-16 05:56:03.336 | INFO     | __main__:on_log:109 - step=2215 | loss=0.135032 | grad_norm=0.979351 | learning_rate=0.000022 | epoch=1.543554
2026-02-16 05:56:09.766 | INFO     | __main__:on_log:109 - step=2220 | loss=0.109284 | grad_norm=1.400799 | learning_rate=0.000022 | epoch=1.547038
2026-02-16 05:56:16.123 | INFO     | __main__:on_log:109 - step=2225 | loss=0.060513 | grad_norm=0.930877 | learning_rate=0.000022 | epoch=1.550523
2026-02-16 05:56:22.549 | INFO     | __main__:on_log:109 - step=2230 | loss=0.124644 | grad_norm=2.006534 | learning_rate=0.000022 | epoch=1.554007
2026-02-16 05:56:29.248 | INFO     | __main__:on_log:109 - step=2235 | loss=0.121577 | grad_norm=0.721767 | learning_rate=0.000022 | epoch=1.557491
2026-02-16 05:56:35.727 | INFO     | __main__:on_log:109 - step=2240 | loss=0.133952 | grad_norm=1.000496 | learning_rate=0.000022 | epoch=1.560976
2026-02-16 05:56:42.193 | INFO     | __main__:on_log:109 - step=2245 | loss=0.098842 | grad_norm=1.148762 | learning_rate=0.000022 | epoch=1.564460
2026-02-16 05:56:48.669 | INFO     | __main__:on_log:109 - step=2250 | loss=0.085658 | grad_norm=0.517262 | learning_rate=0.000022 | epoch=1.567944
2026-02-16 05:56:55.952 | INFO     | __main__:on_log:109 - step=2255 | loss=0.142899 | grad_norm=1.478032 | learning_rate=0.000022 | epoch=1.571429
2026-02-16 05:57:02.423 | INFO     | __main__:on_log:109 - step=2260 | loss=0.108589 | grad_norm=1.138218 | learning_rate=0.000022 | epoch=1.574913
2026-02-16 05:57:08.867 | INFO     | __main__:on_log:109 - step=2265 | loss=0.162062 | grad_norm=0.749420 | learning_rate=0.000022 | epoch=1.578397
2026-02-16 05:57:15.310 | INFO     | __main__:on_log:109 - step=2270 | loss=0.163450 | grad_norm=1.091583 | learning_rate=0.000022 | epoch=1.581882
2026-02-16 05:57:22.100 | INFO     | __main__:on_log:109 - step=2275 | loss=0.121166 | grad_norm=0.786537 | learning_rate=0.000022 | epoch=1.585366
2026-02-16 05:57:28.569 | INFO     | __main__:on_log:109 - step=2280 | loss=0.139267 | grad_norm=1.299615 | learning_rate=0.000022 | epoch=1.588850
2026-02-16 05:57:35.066 | INFO     | __main__:on_log:109 - step=2285 | loss=0.142696 | grad_norm=1.441592 | learning_rate=0.000022 | epoch=1.592334
2026-02-16 05:57:41.585 | INFO     | __main__:on_log:109 - step=2290 | loss=0.151508 | grad_norm=1.468611 | learning_rate=0.000022 | epoch=1.595819
2026-02-16 05:57:48.344 | INFO     | __main__:on_log:109 - step=2295 | loss=0.105273 | grad_norm=1.133192 | learning_rate=0.000021 | epoch=1.599303
2026-02-16 05:57:54.784 | INFO     | __main__:on_log:109 - step=2300 | loss=0.121277 | grad_norm=0.806164 | learning_rate=0.000021 | epoch=1.602787
2026-02-16 05:58:01.640 | INFO     | __main__:on_log:109 - step=2305 | loss=0.120315 | grad_norm=1.216687 | learning_rate=0.000021 | epoch=1.606272
2026-02-16 05:58:08.065 | INFO     | __main__:on_log:109 - step=2310 | loss=0.102360 | grad_norm=1.157594 | learning_rate=0.000021 | epoch=1.609756
2026-02-16 05:58:14.806 | INFO     | __main__:on_log:109 - step=2315 | loss=0.119479 | grad_norm=1.058568 | learning_rate=0.000021 | epoch=1.613240
2026-02-16 05:58:21.301 | INFO     | __main__:on_log:109 - step=2320 | loss=0.115478 | grad_norm=1.284470 | learning_rate=0.000021 | epoch=1.616725
2026-02-16 05:58:27.764 | INFO     | __main__:on_log:109 - step=2325 | loss=0.137633 | grad_norm=1.024610 | learning_rate=0.000021 | epoch=1.620209
2026-02-16 05:58:34.246 | INFO     | __main__:on_log:109 - step=2330 | loss=0.136498 | grad_norm=1.085559 | learning_rate=0.000021 | epoch=1.623693
2026-02-16 05:58:40.736 | INFO     | __main__:on_log:109 - step=2335 | loss=0.119402 | grad_norm=1.112194 | learning_rate=0.000021 | epoch=1.627178
2026-02-16 05:58:47.491 | INFO     | __main__:on_log:109 - step=2340 | loss=0.101938 | grad_norm=0.827296 | learning_rate=0.000021 | epoch=1.630662
2026-02-16 05:58:53.934 | INFO     | __main__:on_log:109 - step=2345 | loss=0.091651 | grad_norm=0.991487 | learning_rate=0.000021 | epoch=1.634146
2026-02-16 05:59:00.360 | INFO     | __main__:on_log:109 - step=2350 | loss=0.090815 | grad_norm=0.793590 | learning_rate=0.000021 | epoch=1.637631
2026-02-16 05:59:07.251 | INFO     | __main__:on_log:109 - step=2355 | loss=0.088418 | grad_norm=1.173557 | learning_rate=0.000021 | epoch=1.641115
2026-02-16 05:59:13.993 | INFO     | __main__:on_log:109 - step=2360 | loss=0.137929 | grad_norm=2.110822 | learning_rate=0.000021 | epoch=1.644599
2026-02-16 05:59:20.461 | INFO     | __main__:on_log:109 - step=2365 | loss=0.086193 | grad_norm=1.133155 | learning_rate=0.000021 | epoch=1.648084
2026-02-16 05:59:26.889 | INFO     | __main__:on_log:109 - step=2370 | loss=0.173906 | grad_norm=1.251150 | learning_rate=0.000021 | epoch=1.651568
2026-02-16 05:59:33.345 | INFO     | __main__:on_log:109 - step=2375 | loss=0.148075 | grad_norm=1.379966 | learning_rate=0.000021 | epoch=1.655052
2026-02-16 05:59:40.087 | INFO     | __main__:on_log:109 - step=2380 | loss=0.082479 | grad_norm=1.224174 | learning_rate=0.000021 | epoch=1.658537
2026-02-16 05:59:46.465 | INFO     | __main__:on_log:109 - step=2385 | loss=0.111620 | grad_norm=0.795799 | learning_rate=0.000021 | epoch=1.662021
2026-02-16 05:59:52.933 | INFO     | __main__:on_log:109 - step=2390 | loss=0.146199 | grad_norm=1.387385 | learning_rate=0.000021 | epoch=1.665505
2026-02-16 05:59:59.403 | INFO     | __main__:on_log:109 - step=2395 | loss=0.132214 | grad_norm=1.394904 | learning_rate=0.000021 | epoch=1.668990
2026-02-16 06:00:06.150 | INFO     | __main__:on_log:109 - step=2400 | loss=0.098029 | grad_norm=1.950120 | learning_rate=0.000021 | epoch=1.672474
2026-02-16 06:00:13.039 | INFO     | __main__:on_log:109 - step=2405 | loss=0.119991 | grad_norm=2.166176 | learning_rate=0.000021 | epoch=1.675958
2026-02-16 06:00:19.483 | INFO     | __main__:on_log:109 - step=2410 | loss=0.126239 | grad_norm=2.067807 | learning_rate=0.000021 | epoch=1.679443
2026-02-16 06:00:25.925 | INFO     | __main__:on_log:109 - step=2415 | loss=0.125436 | grad_norm=1.546136 | learning_rate=0.000021 | epoch=1.682927
2026-02-16 06:00:32.665 | INFO     | __main__:on_log:109 - step=2420 | loss=0.142794 | grad_norm=1.046088 | learning_rate=0.000021 | epoch=1.686411
2026-02-16 06:00:39.160 | INFO     | __main__:on_log:109 - step=2425 | loss=0.150286 | grad_norm=1.267865 | learning_rate=0.000021 | epoch=1.689895
2026-02-16 06:00:45.687 | INFO     | __main__:on_log:109 - step=2430 | loss=0.087475 | grad_norm=1.122225 | learning_rate=0.000021 | epoch=1.693380
2026-02-16 06:00:52.157 | INFO     | __main__:on_log:109 - step=2435 | loss=0.108002 | grad_norm=0.898871 | learning_rate=0.000021 | epoch=1.696864
2026-02-16 06:00:58.881 | INFO     | __main__:on_log:109 - step=2440 | loss=0.105630 | grad_norm=1.074286 | learning_rate=0.000021 | epoch=1.700348
2026-02-16 06:01:05.357 | INFO     | __main__:on_log:109 - step=2445 | loss=0.115952 | grad_norm=1.470271 | learning_rate=0.000021 | epoch=1.703833
2026-02-16 06:01:11.830 | INFO     | __main__:on_log:109 - step=2450 | loss=0.114514 | grad_norm=1.183271 | learning_rate=0.000021 | epoch=1.707317
2026-02-16 06:01:18.810 | INFO     | __main__:on_log:109 - step=2455 | loss=0.112858 | grad_norm=1.391119 | learning_rate=0.000021 | epoch=1.710801
2026-02-16 06:01:25.315 | INFO     | __main__:on_log:109 - step=2460 | loss=0.123828 | grad_norm=1.114939 | learning_rate=0.000021 | epoch=1.714286
2026-02-16 06:01:32.191 | INFO     | __main__:on_log:109 - step=2465 | loss=0.075383 | grad_norm=1.118635 | learning_rate=0.000021 | epoch=1.717770
2026-02-16 06:01:38.706 | INFO     | __main__:on_log:109 - step=2470 | loss=0.140175 | grad_norm=1.170859 | learning_rate=0.000021 | epoch=1.721254
2026-02-16 06:01:45.234 | INFO     | __main__:on_log:109 - step=2475 | loss=0.131011 | grad_norm=1.097540 | learning_rate=0.000021 | epoch=1.724739
2026-02-16 06:01:51.729 | INFO     | __main__:on_log:109 - step=2480 | loss=0.074212 | grad_norm=0.852427 | learning_rate=0.000021 | epoch=1.728223
2026-02-16 06:01:58.482 | INFO     | __main__:on_log:109 - step=2485 | loss=0.112568 | grad_norm=0.910936 | learning_rate=0.000021 | epoch=1.731707
2026-02-16 06:02:04.949 | INFO     | __main__:on_log:109 - step=2490 | loss=0.110336 | grad_norm=0.724948 | learning_rate=0.000021 | epoch=1.735192
2026-02-16 06:02:11.413 | INFO     | __main__:on_log:109 - step=2495 | loss=0.121825 | grad_norm=1.355837 | learning_rate=0.000021 | epoch=1.738676
2026-02-16 06:02:17.858 | INFO     | __main__:on_log:109 - step=2500 | loss=0.135197 | grad_norm=2.078286 | learning_rate=0.000021 | epoch=1.742160
2026-02-16 06:02:25.041 | INFO     | __main__:on_log:109 - step=2505 | loss=0.128779 | grad_norm=1.979282 | learning_rate=0.000021 | epoch=1.745645
2026-02-16 06:02:31.511 | INFO     | __main__:on_log:109 - step=2510 | loss=0.126204 | grad_norm=1.358598 | learning_rate=0.000021 | epoch=1.749129
2026-02-16 06:02:38.058 | INFO     | __main__:on_log:109 - step=2515 | loss=0.136359 | grad_norm=0.948543 | learning_rate=0.000021 | epoch=1.752613
2026-02-16 06:02:44.557 | INFO     | __main__:on_log:109 - step=2520 | loss=0.099508 | grad_norm=1.291290 | learning_rate=0.000020 | epoch=1.756098
2026-02-16 06:02:51.298 | INFO     | __main__:on_log:109 - step=2525 | loss=0.099821 | grad_norm=1.062176 | learning_rate=0.000020 | epoch=1.759582
2026-02-16 06:02:57.771 | INFO     | __main__:on_log:109 - step=2530 | loss=0.123249 | grad_norm=1.469460 | learning_rate=0.000020 | epoch=1.763066
2026-02-16 06:03:04.265 | INFO     | __main__:on_log:109 - step=2535 | loss=0.126385 | grad_norm=1.578249 | learning_rate=0.000020 | epoch=1.766551
2026-02-16 06:03:10.748 | INFO     | __main__:on_log:109 - step=2540 | loss=0.111482 | grad_norm=0.708108 | learning_rate=0.000020 | epoch=1.770035
2026-02-16 06:03:17.469 | INFO     | __main__:on_log:109 - step=2545 | loss=0.175729 | grad_norm=1.160077 | learning_rate=0.000020 | epoch=1.773519
2026-02-16 06:03:23.998 | INFO     | __main__:on_log:109 - step=2550 | loss=0.121146 | grad_norm=1.396905 | learning_rate=0.000020 | epoch=1.777003
2026-02-16 06:03:30.876 | INFO     | __main__:on_log:109 - step=2555 | loss=0.130872 | grad_norm=1.292666 | learning_rate=0.000020 | epoch=1.780488
2026-02-16 06:03:37.371 | INFO     | __main__:on_log:109 - step=2560 | loss=0.122331 | grad_norm=1.056656 | learning_rate=0.000020 | epoch=1.783972
2026-02-16 06:03:44.157 | INFO     | __main__:on_log:109 - step=2565 | loss=0.131650 | grad_norm=1.155274 | learning_rate=0.000020 | epoch=1.787456
2026-02-16 06:03:50.616 | INFO     | __main__:on_log:109 - step=2570 | loss=0.134684 | grad_norm=1.238353 | learning_rate=0.000020 | epoch=1.790941
2026-02-16 06:03:57.074 | INFO     | __main__:on_log:109 - step=2575 | loss=0.137526 | grad_norm=1.224979 | learning_rate=0.000020 | epoch=1.794425
2026-02-16 06:04:03.549 | INFO     | __main__:on_log:109 - step=2580 | loss=0.161548 | grad_norm=1.532713 | learning_rate=0.000020 | epoch=1.797909
2026-02-16 06:04:10.038 | INFO     | __main__:on_log:109 - step=2585 | loss=0.127340 | grad_norm=0.844278 | learning_rate=0.000020 | epoch=1.801394
2026-02-16 06:04:16.830 | INFO     | __main__:on_log:109 - step=2590 | loss=0.146252 | grad_norm=1.315418 | learning_rate=0.000020 | epoch=1.804878
2026-02-16 06:04:23.307 | INFO     | __main__:on_log:109 - step=2595 | loss=0.109226 | grad_norm=1.207417 | learning_rate=0.000020 | epoch=1.808362
2026-02-16 06:04:29.809 | INFO     | __main__:on_log:109 - step=2600 | loss=0.105248 | grad_norm=0.886810 | learning_rate=0.000020 | epoch=1.811847
2026-02-16 06:04:36.678 | INFO     | __main__:on_log:109 - step=2605 | loss=0.138538 | grad_norm=1.393678 | learning_rate=0.000020 | epoch=1.815331
2026-02-16 06:04:43.410 | INFO     | __main__:on_log:109 - step=2610 | loss=0.124505 | grad_norm=1.648320 | learning_rate=0.000020 | epoch=1.818815
2026-02-16 06:04:49.874 | INFO     | __main__:on_log:109 - step=2615 | loss=0.149023 | grad_norm=1.145375 | learning_rate=0.000020 | epoch=1.822300
2026-02-16 06:04:56.375 | INFO     | __main__:on_log:109 - step=2620 | loss=0.100312 | grad_norm=1.499489 | learning_rate=0.000020 | epoch=1.825784
2026-02-16 06:05:02.874 | INFO     | __main__:on_log:109 - step=2625 | loss=0.120938 | grad_norm=1.372771 | learning_rate=0.000020 | epoch=1.829268
2026-02-16 06:05:09.585 | INFO     | __main__:on_log:109 - step=2630 | loss=0.129202 | grad_norm=0.733365 | learning_rate=0.000020 | epoch=1.832753
2026-02-16 06:05:16.081 | INFO     | __main__:on_log:109 - step=2635 | loss=0.100532 | grad_norm=0.711336 | learning_rate=0.000020 | epoch=1.836237
2026-02-16 06:05:22.571 | INFO     | __main__:on_log:109 - step=2640 | loss=0.150561 | grad_norm=1.522529 | learning_rate=0.000020 | epoch=1.839721
2026-02-16 06:05:29.032 | INFO     | __main__:on_log:109 - step=2645 | loss=0.138004 | grad_norm=1.111958 | learning_rate=0.000020 | epoch=1.843206
2026-02-16 06:05:35.797 | INFO     | __main__:on_log:109 - step=2650 | loss=0.103658 | grad_norm=0.745889 | learning_rate=0.000020 | epoch=1.846690
2026-02-16 06:05:42.665 | INFO     | __main__:on_log:109 - step=2655 | loss=0.097964 | grad_norm=0.935143 | learning_rate=0.000020 | epoch=1.850174
2026-02-16 06:05:49.134 | INFO     | __main__:on_log:109 - step=2660 | loss=0.093284 | grad_norm=1.174752 | learning_rate=0.000020 | epoch=1.853659
2026-02-16 06:05:55.607 | INFO     | __main__:on_log:109 - step=2665 | loss=0.120972 | grad_norm=1.092365 | learning_rate=0.000020 | epoch=1.857143
2026-02-16 06:06:02.388 | INFO     | __main__:on_log:109 - step=2670 | loss=0.102740 | grad_norm=0.928383 | learning_rate=0.000020 | epoch=1.860627
2026-02-16 06:06:08.879 | INFO     | __main__:on_log:109 - step=2675 | loss=0.112414 | grad_norm=1.080561 | learning_rate=0.000020 | epoch=1.864111
2026-02-16 06:06:15.357 | INFO     | __main__:on_log:109 - step=2680 | loss=0.142684 | grad_norm=1.148525 | learning_rate=0.000020 | epoch=1.867596
2026-02-16 06:06:21.846 | INFO     | __main__:on_log:109 - step=2685 | loss=0.122630 | grad_norm=0.957274 | learning_rate=0.000020 | epoch=1.871080
2026-02-16 06:06:28.645 | INFO     | __main__:on_log:109 - step=2690 | loss=0.127795 | grad_norm=1.294541 | learning_rate=0.000020 | epoch=1.874564
2026-02-16 06:06:35.118 | INFO     | __main__:on_log:109 - step=2695 | loss=0.100681 | grad_norm=1.185661 | learning_rate=0.000020 | epoch=1.878049
2026-02-16 06:06:41.580 | INFO     | __main__:on_log:109 - step=2700 | loss=0.110533 | grad_norm=1.253800 | learning_rate=0.000020 | epoch=1.881533
2026-02-16 06:06:48.452 | INFO     | __main__:on_log:109 - step=2705 | loss=0.118122 | grad_norm=1.585499 | learning_rate=0.000020 | epoch=1.885017
2026-02-16 06:06:55.212 | INFO     | __main__:on_log:109 - step=2710 | loss=0.125059 | grad_norm=0.974080 | learning_rate=0.000020 | epoch=1.888502
2026-02-16 06:07:01.671 | INFO     | __main__:on_log:109 - step=2715 | loss=0.100976 | grad_norm=1.258694 | learning_rate=0.000020 | epoch=1.891986
2026-02-16 06:07:08.151 | INFO     | __main__:on_log:109 - step=2720 | loss=0.111457 | grad_norm=1.388309 | learning_rate=0.000020 | epoch=1.895470
2026-02-16 06:07:14.642 | INFO     | __main__:on_log:109 - step=2725 | loss=0.123236 | grad_norm=1.196476 | learning_rate=0.000020 | epoch=1.898955
2026-02-16 06:07:21.516 | INFO     | __main__:on_log:109 - step=2730 | loss=0.138686 | grad_norm=1.563135 | learning_rate=0.000020 | epoch=1.902439
2026-02-16 06:07:27.987 | INFO     | __main__:on_log:109 - step=2735 | loss=0.113946 | grad_norm=1.203655 | learning_rate=0.000020 | epoch=1.905923
2026-02-16 06:07:34.414 | INFO     | __main__:on_log:109 - step=2740 | loss=0.122587 | grad_norm=1.346597 | learning_rate=0.000020 | epoch=1.909408
2026-02-16 06:07:40.923 | INFO     | __main__:on_log:109 - step=2745 | loss=0.124232 | grad_norm=1.076849 | learning_rate=0.000020 | epoch=1.912892
2026-02-16 06:07:47.678 | INFO     | __main__:on_log:109 - step=2750 | loss=0.105537 | grad_norm=1.249468 | learning_rate=0.000019 | epoch=1.916376
2026-02-16 06:07:54.532 | INFO     | __main__:on_log:109 - step=2755 | loss=0.125406 | grad_norm=1.287023 | learning_rate=0.000019 | epoch=1.919861
2026-02-16 06:08:00.998 | INFO     | __main__:on_log:109 - step=2760 | loss=0.101451 | grad_norm=1.366223 | learning_rate=0.000019 | epoch=1.923345
2026-02-16 06:08:07.509 | INFO     | __main__:on_log:109 - step=2765 | loss=0.108407 | grad_norm=1.772815 | learning_rate=0.000019 | epoch=1.926829
2026-02-16 06:08:14.260 | INFO     | __main__:on_log:109 - step=2770 | loss=0.113024 | grad_norm=1.648502 | learning_rate=0.000019 | epoch=1.930314
2026-02-16 06:08:20.781 | INFO     | __main__:on_log:109 - step=2775 | loss=0.125218 | grad_norm=4.901609 | learning_rate=0.000019 | epoch=1.933798
2026-02-16 06:08:27.275 | INFO     | __main__:on_log:109 - step=2780 | loss=0.128996 | grad_norm=1.162080 | learning_rate=0.000019 | epoch=1.937282
2026-02-16 06:08:33.727 | INFO     | __main__:on_log:109 - step=2785 | loss=0.121961 | grad_norm=1.287965 | learning_rate=0.000019 | epoch=1.940767
2026-02-16 06:08:40.237 | INFO     | __main__:on_log:109 - step=2790 | loss=0.099333 | grad_norm=1.991580 | learning_rate=0.000019 | epoch=1.944251
2026-02-16 06:08:47.084 | INFO     | __main__:on_log:109 - step=2795 | loss=0.102619 | grad_norm=1.221927 | learning_rate=0.000019 | epoch=1.947735
2026-02-16 06:08:53.542 | INFO     | __main__:on_log:109 - step=2800 | loss=0.097094 | grad_norm=0.788698 | learning_rate=0.000019 | epoch=1.951220
2026-02-16 06:09:00.577 | INFO     | __main__:on_log:109 - step=2805 | loss=0.138785 | grad_norm=1.195158 | learning_rate=0.000019 | epoch=1.954704
2026-02-16 06:09:07.094 | INFO     | __main__:on_log:109 - step=2810 | loss=0.114761 | grad_norm=1.085379 | learning_rate=0.000019 | epoch=1.958188
2026-02-16 06:09:13.853 | INFO     | __main__:on_log:109 - step=2815 | loss=0.108355 | grad_norm=0.901247 | learning_rate=0.000019 | epoch=1.961672
2026-02-16 06:09:20.329 | INFO     | __main__:on_log:109 - step=2820 | loss=0.116342 | grad_norm=1.514044 | learning_rate=0.000019 | epoch=1.965157
2026-02-16 06:09:26.833 | INFO     | __main__:on_log:109 - step=2825 | loss=0.126250 | grad_norm=0.764230 | learning_rate=0.000019 | epoch=1.968641
2026-02-16 06:09:33.300 | INFO     | __main__:on_log:109 - step=2830 | loss=0.100103 | grad_norm=0.825720 | learning_rate=0.000019 | epoch=1.972125
2026-02-16 06:09:40.071 | INFO     | __main__:on_log:109 - step=2835 | loss=0.144227 | grad_norm=1.778918 | learning_rate=0.000019 | epoch=1.975610
2026-02-16 06:09:46.535 | INFO     | __main__:on_log:109 - step=2840 | loss=0.125759 | grad_norm=1.405866 | learning_rate=0.000019 | epoch=1.979094
2026-02-16 06:09:52.940 | INFO     | __main__:on_log:109 - step=2845 | loss=0.100361 | grad_norm=1.145681 | learning_rate=0.000019 | epoch=1.982578
2026-02-16 06:09:59.432 | INFO     | __main__:on_log:109 - step=2850 | loss=0.088488 | grad_norm=1.122065 | learning_rate=0.000019 | epoch=1.986063
2026-02-16 06:10:06.583 | INFO     | __main__:on_log:109 - step=2855 | loss=0.086219 | grad_norm=0.980002 | learning_rate=0.000019 | epoch=1.989547
2026-02-16 06:10:13.108 | INFO     | __main__:on_log:109 - step=2860 | loss=0.117253 | grad_norm=1.402082 | learning_rate=0.000019 | epoch=1.993031
2026-02-16 06:10:19.567 | INFO     | __main__:on_log:109 - step=2865 | loss=0.128438 | grad_norm=1.323327 | learning_rate=0.000019 | epoch=1.996516
2026-02-16 06:10:25.593 | INFO     | __main__:on_log:109 - step=2870 | loss=0.142617 | grad_norm=2.618100 | learning_rate=0.000019 | epoch=2.000000
2026-02-16 06:10:32.375 | INFO     | __main__:on_log:109 - step=2875 | loss=0.103850 | grad_norm=0.950886 | learning_rate=0.000019 | epoch=2.003484
2026-02-16 06:10:38.906 | INFO     | __main__:on_log:109 - step=2880 | loss=0.083673 | grad_norm=2.247752 | learning_rate=0.000019 | epoch=2.006969
2026-02-16 06:10:45.389 | INFO     | __main__:on_log:109 - step=2885 | loss=0.059687 | grad_norm=1.397782 | learning_rate=0.000019 | epoch=2.010453
2026-02-16 06:10:51.894 | INFO     | __main__:on_log:109 - step=2890 | loss=0.101304 | grad_norm=0.842637 | learning_rate=0.000019 | epoch=2.013937
2026-02-16 06:10:58.638 | INFO     | __main__:on_log:109 - step=2895 | loss=0.136664 | grad_norm=1.171772 | learning_rate=0.000019 | epoch=2.017422
2026-02-16 06:11:05.111 | INFO     | __main__:on_log:109 - step=2900 | loss=0.096597 | grad_norm=1.061486 | learning_rate=0.000019 | epoch=2.020906
2026-02-16 06:11:12.125 | INFO     | __main__:on_log:109 - step=2905 | loss=0.090693 | grad_norm=0.890555 | learning_rate=0.000019 | epoch=2.024390
2026-02-16 06:11:18.595 | INFO     | __main__:on_log:109 - step=2910 | loss=0.083099 | grad_norm=1.333089 | learning_rate=0.000019 | epoch=2.027875
2026-02-16 06:11:25.420 | INFO     | __main__:on_log:109 - step=2915 | loss=0.077403 | grad_norm=1.532382 | learning_rate=0.000019 | epoch=2.031359
2026-02-16 06:11:31.908 | INFO     | __main__:on_log:109 - step=2920 | loss=0.099177 | grad_norm=1.197396 | learning_rate=0.000019 | epoch=2.034843
2026-02-16 06:11:38.379 | INFO     | __main__:on_log:109 - step=2925 | loss=0.099164 | grad_norm=1.114532 | learning_rate=0.000019 | epoch=2.038328
2026-02-16 06:11:44.874 | INFO     | __main__:on_log:109 - step=2930 | loss=0.147534 | grad_norm=1.255612 | learning_rate=0.000019 | epoch=2.041812
2026-02-16 06:11:51.355 | INFO     | __main__:on_log:109 - step=2935 | loss=0.098742 | grad_norm=1.038732 | learning_rate=0.000019 | epoch=2.045296
2026-02-16 06:11:58.088 | INFO     | __main__:on_log:109 - step=2940 | loss=0.086806 | grad_norm=1.082994 | learning_rate=0.000019 | epoch=2.048780
2026-02-16 06:12:04.577 | INFO     | __main__:on_log:109 - step=2945 | loss=0.093508 | grad_norm=0.894396 | learning_rate=0.000019 | epoch=2.052265
2026-02-16 06:12:11.061 | INFO     | __main__:on_log:109 - step=2950 | loss=0.093504 | grad_norm=0.908522 | learning_rate=0.000019 | epoch=2.055749
2026-02-16 06:12:17.951 | INFO     | __main__:on_log:109 - step=2955 | loss=0.116414 | grad_norm=1.935072 | learning_rate=0.000019 | epoch=2.059233
2026-02-16 06:12:24.744 | INFO     | __main__:on_log:109 - step=2960 | loss=0.077358 | grad_norm=0.717818 | learning_rate=0.000019 | epoch=2.062718
2026-02-16 06:12:31.288 | INFO     | __main__:on_log:109 - step=2965 | loss=0.102203 | grad_norm=1.370538 | learning_rate=0.000019 | epoch=2.066202
2026-02-16 06:12:37.781 | INFO     | __main__:on_log:109 - step=2970 | loss=0.120991 | grad_norm=0.697536 | learning_rate=0.000019 | epoch=2.069686
2026-02-16 06:12:44.272 | INFO     | __main__:on_log:109 - step=2975 | loss=0.077301 | grad_norm=0.773386 | learning_rate=0.000018 | epoch=2.073171
2026-02-16 06:12:50.897 | INFO     | __main__:on_log:109 - step=2980 | loss=0.054100 | grad_norm=1.202656 | learning_rate=0.000018 | epoch=2.076655
2026-02-16 06:12:57.415 | INFO     | __main__:on_log:109 - step=2985 | loss=0.077436 | grad_norm=1.723759 | learning_rate=0.000018 | epoch=2.080139
2026-02-16 06:13:03.920 | INFO     | __main__:on_log:109 - step=2990 | loss=0.086843 | grad_norm=0.677809 | learning_rate=0.000018 | epoch=2.083624
2026-02-16 06:13:10.422 | INFO     | __main__:on_log:109 - step=2995 | loss=0.102335 | grad_norm=1.150804 | learning_rate=0.000018 | epoch=2.087108
2026-02-16 06:13:17.265 | INFO     | __main__:on_log:109 - step=3000 | loss=0.086430 | grad_norm=1.087275 | learning_rate=0.000018 | epoch=2.090592
2026-02-16 06:13:24.195 | INFO     | __main__:on_log:109 - step=3005 | loss=0.128248 | grad_norm=1.067107 | learning_rate=0.000018 | epoch=2.094077
2026-02-16 06:13:30.737 | INFO     | __main__:on_log:109 - step=3010 | loss=0.120422 | grad_norm=1.043697 | learning_rate=0.000018 | epoch=2.097561
2026-02-16 06:13:37.244 | INFO     | __main__:on_log:109 - step=3015 | loss=0.088468 | grad_norm=1.056494 | learning_rate=0.000018 | epoch=2.101045
2026-02-16 06:13:43.991 | INFO     | __main__:on_log:109 - step=3020 | loss=0.091265 | grad_norm=0.712094 | learning_rate=0.000018 | epoch=2.104530
2026-02-16 06:13:50.489 | INFO     | __main__:on_log:109 - step=3025 | loss=0.080822 | grad_norm=0.991439 | learning_rate=0.000018 | epoch=2.108014
2026-02-16 06:13:56.954 | INFO     | __main__:on_log:109 - step=3030 | loss=0.131231 | grad_norm=1.147868 | learning_rate=0.000018 | epoch=2.111498
2026-02-16 06:14:03.477 | INFO     | __main__:on_log:109 - step=3035 | loss=0.096719 | grad_norm=1.566644 | learning_rate=0.000018 | epoch=2.114983
2026-02-16 06:14:10.230 | INFO     | __main__:on_log:109 - step=3040 | loss=0.109023 | grad_norm=1.962485 | learning_rate=0.000018 | epoch=2.118467
2026-02-16 06:14:16.721 | INFO     | __main__:on_log:109 - step=3045 | loss=0.067670 | grad_norm=0.981094 | learning_rate=0.000018 | epoch=2.121951
2026-02-16 06:14:23.142 | INFO     | __main__:on_log:109 - step=3050 | loss=0.076691 | grad_norm=0.024681 | learning_rate=0.000018 | epoch=2.125436
2026-02-16 06:14:30.165 | INFO     | __main__:on_log:109 - step=3055 | loss=0.078555 | grad_norm=1.128894 | learning_rate=0.000018 | epoch=2.128920
2026-02-16 06:14:36.679 | INFO     | __main__:on_log:109 - step=3060 | loss=0.118506 | grad_norm=1.475288 | learning_rate=0.000018 | epoch=2.132404
2026-02-16 06:14:43.529 | INFO     | __main__:on_log:109 - step=3065 | loss=0.102108 | grad_norm=1.180354 | learning_rate=0.000018 | epoch=2.135889
2026-02-16 06:14:50.032 | INFO     | __main__:on_log:109 - step=3070 | loss=0.085829 | grad_norm=1.082834 | learning_rate=0.000018 | epoch=2.139373
2026-02-16 06:14:56.535 | INFO     | __main__:on_log:109 - step=3075 | loss=0.112066 | grad_norm=1.455271 | learning_rate=0.000018 | epoch=2.142857
2026-02-16 06:15:02.987 | INFO     | __main__:on_log:109 - step=3080 | loss=0.135119 | grad_norm=1.269126 | learning_rate=0.000018 | epoch=2.146341
2026-02-16 06:15:09.681 | INFO     | __main__:on_log:109 - step=3085 | loss=0.104773 | grad_norm=1.061046 | learning_rate=0.000018 | epoch=2.149826
2026-02-16 06:15:16.132 | INFO     | __main__:on_log:109 - step=3090 | loss=0.104388 | grad_norm=1.286664 | learning_rate=0.000018 | epoch=2.153310
2026-02-16 06:15:22.594 | INFO     | __main__:on_log:109 - step=3095 | loss=0.091338 | grad_norm=1.334328 | learning_rate=0.000018 | epoch=2.156794
2026-02-16 06:15:29.086 | INFO     | __main__:on_log:109 - step=3100 | loss=0.143806 | grad_norm=1.555649 | learning_rate=0.000018 | epoch=2.160279
2026-02-16 06:15:36.297 | INFO     | __main__:on_log:109 - step=3105 | loss=0.104043 | grad_norm=1.268383 | learning_rate=0.000018 | epoch=2.163763
2026-02-16 06:15:42.842 | INFO     | __main__:on_log:109 - step=3110 | loss=0.077716 | grad_norm=0.833826 | learning_rate=0.000018 | epoch=2.167247
2026-02-16 06:15:49.350 | INFO     | __main__:on_log:109 - step=3115 | loss=0.123470 | grad_norm=1.248637 | learning_rate=0.000018 | epoch=2.170732
2026-02-16 06:15:55.842 | INFO     | __main__:on_log:109 - step=3120 | loss=0.104425 | grad_norm=0.726878 | learning_rate=0.000018 | epoch=2.174216
2026-02-16 06:16:02.602 | INFO     | __main__:on_log:109 - step=3125 | loss=0.114481 | grad_norm=1.123342 | learning_rate=0.000018 | epoch=2.177700
2026-02-16 06:16:09.087 | INFO     | __main__:on_log:109 - step=3130 | loss=0.097786 | grad_norm=1.580847 | learning_rate=0.000018 | epoch=2.181185
2026-02-16 06:16:15.577 | INFO     | __main__:on_log:109 - step=3135 | loss=0.126190 | grad_norm=0.990942 | learning_rate=0.000018 | epoch=2.184669
2026-02-16 06:16:22.037 | INFO     | __main__:on_log:109 - step=3140 | loss=0.113351 | grad_norm=1.447308 | learning_rate=0.000018 | epoch=2.188153
2026-02-16 06:16:28.805 | INFO     | __main__:on_log:109 - step=3145 | loss=0.077166 | grad_norm=0.679005 | learning_rate=0.000018 | epoch=2.191638
2026-02-16 06:16:35.293 | INFO     | __main__:on_log:109 - step=3150 | loss=0.103770 | grad_norm=0.521548 | learning_rate=0.000018 | epoch=2.195122
2026-02-16 06:16:42.210 | INFO     | __main__:on_log:109 - step=3155 | loss=0.066426 | grad_norm=0.889428 | learning_rate=0.000018 | epoch=2.198606
2026-02-16 06:16:48.685 | INFO     | __main__:on_log:109 - step=3160 | loss=0.103396 | grad_norm=1.224673 | learning_rate=0.000018 | epoch=2.202091
2026-02-16 06:16:55.407 | INFO     | __main__:on_log:109 - step=3165 | loss=0.093123 | grad_norm=1.170261 | learning_rate=0.000018 | epoch=2.205575
2026-02-16 06:17:01.838 | INFO     | __main__:on_log:109 - step=3170 | loss=0.087196 | grad_norm=1.611658 | learning_rate=0.000018 | epoch=2.209059
2026-02-16 06:17:08.271 | INFO     | __main__:on_log:109 - step=3175 | loss=0.120053 | grad_norm=1.557684 | learning_rate=0.000018 | epoch=2.212544
2026-02-16 06:17:14.741 | INFO     | __main__:on_log:109 - step=3180 | loss=0.113170 | grad_norm=1.250771 | learning_rate=0.000018 | epoch=2.216028
2026-02-16 06:17:21.233 | INFO     | __main__:on_log:109 - step=3185 | loss=0.098778 | grad_norm=1.300012 | learning_rate=0.000018 | epoch=2.219512
2026-02-16 06:17:28.013 | INFO     | __main__:on_log:109 - step=3190 | loss=0.098536 | grad_norm=0.982772 | learning_rate=0.000018 | epoch=2.222997
2026-02-16 06:17:34.479 | INFO     | __main__:on_log:109 - step=3195 | loss=0.100289 | grad_norm=1.278623 | learning_rate=0.000018 | epoch=2.226481
2026-02-16 06:17:40.999 | INFO     | __main__:on_log:109 - step=3200 | loss=0.100757 | grad_norm=1.207664 | learning_rate=0.000018 | epoch=2.229965
2026-02-16 06:17:47.960 | INFO     | __main__:on_log:109 - step=3205 | loss=0.097586 | grad_norm=1.730887 | learning_rate=0.000017 | epoch=2.233449
2026-02-16 06:17:54.779 | INFO     | __main__:on_log:109 - step=3210 | loss=0.058897 | grad_norm=1.079724 | learning_rate=0.000017 | epoch=2.236934
2026-02-16 06:18:01.286 | INFO     | __main__:on_log:109 - step=3215 | loss=0.114538 | grad_norm=0.928317 | learning_rate=0.000017 | epoch=2.240418
2026-02-16 06:18:07.755 | INFO     | __main__:on_log:109 - step=3220 | loss=0.150565 | grad_norm=0.900385 | learning_rate=0.000017 | epoch=2.243902
2026-02-16 06:18:14.228 | INFO     | __main__:on_log:109 - step=3225 | loss=0.109522 | grad_norm=1.289817 | learning_rate=0.000017 | epoch=2.247387
2026-02-16 06:18:20.949 | INFO     | __main__:on_log:109 - step=3230 | loss=0.115437 | grad_norm=0.637539 | learning_rate=0.000017 | epoch=2.250871
2026-02-16 06:18:27.393 | INFO     | __main__:on_log:109 - step=3235 | loss=0.098895 | grad_norm=8.946489 | learning_rate=0.000017 | epoch=2.254355
2026-02-16 06:18:33.859 | INFO     | __main__:on_log:109 - step=3240 | loss=0.088285 | grad_norm=1.752566 | learning_rate=0.000017 | epoch=2.257840
2026-02-16 06:18:40.343 | INFO     | __main__:on_log:109 - step=3245 | loss=0.063518 | grad_norm=0.417095 | learning_rate=0.000017 | epoch=2.261324
2026-02-16 06:18:47.121 | INFO     | __main__:on_log:109 - step=3250 | loss=0.098031 | grad_norm=1.319096 | learning_rate=0.000017 | epoch=2.264808
2026-02-16 06:18:54.025 | INFO     | __main__:on_log:109 - step=3255 | loss=0.119743 | grad_norm=1.234907 | learning_rate=0.000017 | epoch=2.268293
2026-02-16 06:19:00.522 | INFO     | __main__:on_log:109 - step=3260 | loss=0.090692 | grad_norm=0.764548 | learning_rate=0.000017 | epoch=2.271777
2026-02-16 06:19:07.019 | INFO     | __main__:on_log:109 - step=3265 | loss=0.103900 | grad_norm=1.187096 | learning_rate=0.000017 | epoch=2.275261
2026-02-16 06:19:13.742 | INFO     | __main__:on_log:109 - step=3270 | loss=0.098115 | grad_norm=1.025180 | learning_rate=0.000017 | epoch=2.278746
2026-02-16 06:19:20.205 | INFO     | __main__:on_log:109 - step=3275 | loss=0.144217 | grad_norm=1.972998 | learning_rate=0.000017 | epoch=2.282230
2026-02-16 06:19:26.720 | INFO     | __main__:on_log:109 - step=3280 | loss=0.084961 | grad_norm=1.114473 | learning_rate=0.000017 | epoch=2.285714
2026-02-16 06:19:33.230 | INFO     | __main__:on_log:109 - step=3285 | loss=0.102657 | grad_norm=0.636929 | learning_rate=0.000017 | epoch=2.289199
2026-02-16 06:19:39.941 | INFO     | __main__:on_log:109 - step=3290 | loss=0.139739 | grad_norm=1.744021 | learning_rate=0.000017 | epoch=2.292683
2026-02-16 06:19:46.424 | INFO     | __main__:on_log:109 - step=3295 | loss=0.091156 | grad_norm=1.019305 | learning_rate=0.000017 | epoch=2.296167
2026-02-16 06:19:52.870 | INFO     | __main__:on_log:109 - step=3300 | loss=0.096613 | grad_norm=1.188262 | learning_rate=0.000017 | epoch=2.299652
2026-02-16 06:19:59.843 | INFO     | __main__:on_log:109 - step=3305 | loss=0.083560 | grad_norm=1.056024 | learning_rate=0.000017 | epoch=2.303136
2026-02-16 06:20:06.709 | INFO     | __main__:on_log:109 - step=3310 | loss=0.100864 | grad_norm=1.299567 | learning_rate=0.000017 | epoch=2.306620
2026-02-16 06:20:13.173 | INFO     | __main__:on_log:109 - step=3315 | loss=0.109812 | grad_norm=2.508952 | learning_rate=0.000017 | epoch=2.310105
2026-02-16 06:20:19.661 | INFO     | __main__:on_log:109 - step=3320 | loss=0.101238 | grad_norm=0.953280 | learning_rate=0.000017 | epoch=2.313589
2026-02-16 06:20:26.169 | INFO     | __main__:on_log:109 - step=3325 | loss=0.092769 | grad_norm=1.597491 | learning_rate=0.000017 | epoch=2.317073
2026-02-16 06:20:32.633 | INFO     | __main__:on_log:109 - step=3330 | loss=0.108326 | grad_norm=1.697854 | learning_rate=0.000017 | epoch=2.320557
2026-02-16 06:20:39.409 | INFO     | __main__:on_log:109 - step=3335 | loss=0.123732 | grad_norm=1.752308 | learning_rate=0.000017 | epoch=2.324042
2026-02-16 06:20:45.896 | INFO     | __main__:on_log:109 - step=3340 | loss=0.124529 | grad_norm=0.968365 | learning_rate=0.000017 | epoch=2.327526
2026-02-16 06:20:52.366 | INFO     | __main__:on_log:109 - step=3345 | loss=0.118219 | grad_norm=1.124910 | learning_rate=0.000017 | epoch=2.331010
2026-02-16 06:20:58.840 | INFO     | __main__:on_log:109 - step=3350 | loss=0.116621 | grad_norm=2.202725 | learning_rate=0.000017 | epoch=2.334495
2026-02-16 06:21:06.152 | INFO     | __main__:on_log:109 - step=3355 | loss=0.077910 | grad_norm=1.055312 | learning_rate=0.000017 | epoch=2.337979
2026-02-16 06:21:12.665 | INFO     | __main__:on_log:109 - step=3360 | loss=0.064595 | grad_norm=0.703866 | learning_rate=0.000017 | epoch=2.341463
2026-02-16 06:21:19.131 | INFO     | __main__:on_log:109 - step=3365 | loss=0.174420 | grad_norm=0.961007 | learning_rate=0.000017 | epoch=2.344948
2026-02-16 06:21:25.579 | INFO     | __main__:on_log:109 - step=3370 | loss=0.102583 | grad_norm=1.595740 | learning_rate=0.000017 | epoch=2.348432
2026-02-16 06:21:32.330 | INFO     | __main__:on_log:109 - step=3375 | loss=0.086233 | grad_norm=1.264678 | learning_rate=0.000017 | epoch=2.351916
2026-02-16 06:21:38.859 | INFO     | __main__:on_log:109 - step=3380 | loss=0.073373 | grad_norm=0.995299 | learning_rate=0.000017 | epoch=2.355401
2026-02-16 06:21:45.378 | INFO     | __main__:on_log:109 - step=3385 | loss=0.110143 | grad_norm=1.510137 | learning_rate=0.000017 | epoch=2.358885
2026-02-16 06:21:51.883 | INFO     | __main__:on_log:109 - step=3390 | loss=0.079556 | grad_norm=1.202210 | learning_rate=0.000017 | epoch=2.362369
2026-02-16 06:21:58.673 | INFO     | __main__:on_log:109 - step=3395 | loss=0.106248 | grad_norm=0.774051 | learning_rate=0.000017 | epoch=2.365854
2026-02-16 06:22:05.101 | INFO     | __main__:on_log:109 - step=3400 | loss=0.089592 | grad_norm=0.958811 | learning_rate=0.000017 | epoch=2.369338
2026-02-16 06:22:12.020 | INFO     | __main__:on_log:109 - step=3405 | loss=0.128270 | grad_norm=1.654055 | learning_rate=0.000017 | epoch=2.372822
2026-02-16 06:22:18.475 | INFO     | __main__:on_log:109 - step=3410 | loss=0.104875 | grad_norm=1.718581 | learning_rate=0.000017 | epoch=2.376307
2026-02-16 06:22:25.181 | INFO     | __main__:on_log:109 - step=3415 | loss=0.086646 | grad_norm=1.090810 | learning_rate=0.000017 | epoch=2.379791
2026-02-16 06:22:31.673 | INFO     | __main__:on_log:109 - step=3420 | loss=0.074825 | grad_norm=0.995798 | learning_rate=0.000017 | epoch=2.383275
2026-02-16 06:22:38.171 | INFO     | __main__:on_log:109 - step=3425 | loss=0.136857 | grad_norm=1.547416 | learning_rate=0.000017 | epoch=2.386760
2026-02-16 06:22:44.698 | INFO     | __main__:on_log:109 - step=3430 | loss=0.077293 | grad_norm=0.948141 | learning_rate=0.000016 | epoch=2.390244
2026-02-16 06:22:51.169 | INFO     | __main__:on_log:109 - step=3435 | loss=0.089415 | grad_norm=1.845433 | learning_rate=0.000016 | epoch=2.393728
2026-02-16 06:22:57.970 | INFO     | __main__:on_log:109 - step=3440 | loss=0.065163 | grad_norm=1.588463 | learning_rate=0.000016 | epoch=2.397213
2026-02-16 06:23:04.481 | INFO     | __main__:on_log:109 - step=3445 | loss=0.075529 | grad_norm=1.276824 | learning_rate=0.000016 | epoch=2.400697
2026-02-16 06:23:10.992 | INFO     | __main__:on_log:109 - step=3450 | loss=0.149262 | grad_norm=0.879284 | learning_rate=0.000016 | epoch=2.404181
2026-02-16 06:23:17.958 | INFO     | __main__:on_log:109 - step=3455 | loss=0.080318 | grad_norm=0.815047 | learning_rate=0.000016 | epoch=2.407666
2026-02-16 06:23:24.720 | INFO     | __main__:on_log:109 - step=3460 | loss=0.111103 | grad_norm=1.745052 | learning_rate=0.000016 | epoch=2.411150
2026-02-16 06:23:31.186 | INFO     | __main__:on_log:109 - step=3465 | loss=0.097214 | grad_norm=0.949775 | learning_rate=0.000016 | epoch=2.414634
2026-02-16 06:23:37.635 | INFO     | __main__:on_log:109 - step=3470 | loss=0.073688 | grad_norm=2.794587 | learning_rate=0.000016 | epoch=2.418118
2026-02-16 06:23:44.108 | INFO     | __main__:on_log:109 - step=3475 | loss=0.085487 | grad_norm=1.113737 | learning_rate=0.000016 | epoch=2.421603
2026-02-16 06:23:50.855 | INFO     | __main__:on_log:109 - step=3480 | loss=0.090977 | grad_norm=1.876316 | learning_rate=0.000016 | epoch=2.425087
2026-02-16 06:23:57.299 | INFO     | __main__:on_log:109 - step=3485 | loss=0.064264 | grad_norm=0.790085 | learning_rate=0.000016 | epoch=2.428571
2026-02-16 06:24:03.786 | INFO     | __main__:on_log:109 - step=3490 | loss=0.079240 | grad_norm=1.526413 | learning_rate=0.000016 | epoch=2.432056
2026-02-16 06:24:10.281 | INFO     | __main__:on_log:109 - step=3495 | loss=0.088936 | grad_norm=1.197760 | learning_rate=0.000016 | epoch=2.435540
2026-02-16 06:24:17.061 | INFO     | __main__:on_log:109 - step=3500 | loss=0.124914 | grad_norm=1.476460 | learning_rate=0.000016 | epoch=2.439024
2026-02-16 06:24:23.947 | INFO     | __main__:on_log:109 - step=3505 | loss=0.081876 | grad_norm=0.689221 | learning_rate=0.000016 | epoch=2.442509
2026-02-16 06:24:30.484 | INFO     | __main__:on_log:109 - step=3510 | loss=0.092487 | grad_norm=2.351829 | learning_rate=0.000016 | epoch=2.445993
2026-02-16 06:24:37.000 | INFO     | __main__:on_log:109 - step=3515 | loss=0.088795 | grad_norm=1.190996 | learning_rate=0.000016 | epoch=2.449477
2026-02-16 06:24:43.787 | INFO     | __main__:on_log:109 - step=3520 | loss=0.115249 | grad_norm=1.984709 | learning_rate=0.000016 | epoch=2.452962
2026-02-16 06:24:50.217 | INFO     | __main__:on_log:109 - step=3525 | loss=0.110638 | grad_norm=0.863896 | learning_rate=0.000016 | epoch=2.456446
2026-02-16 06:24:56.652 | INFO     | __main__:on_log:109 - step=3530 | loss=0.109074 | grad_norm=0.832313 | learning_rate=0.000016 | epoch=2.459930
2026-02-16 06:25:03.102 | INFO     | __main__:on_log:109 - step=3535 | loss=0.125914 | grad_norm=1.358901 | learning_rate=0.000016 | epoch=2.463415
2026-02-16 06:25:09.784 | INFO     | __main__:on_log:109 - step=3540 | loss=0.110300 | grad_norm=0.984919 | learning_rate=0.000016 | epoch=2.466899
2026-02-16 06:25:16.207 | INFO     | __main__:on_log:109 - step=3545 | loss=0.126405 | grad_norm=1.183257 | learning_rate=0.000016 | epoch=2.470383
2026-02-16 06:25:22.664 | INFO     | __main__:on_log:109 - step=3550 | loss=0.124950 | grad_norm=1.431115 | learning_rate=0.000016 | epoch=2.473868
2026-02-16 06:25:29.640 | INFO     | __main__:on_log:109 - step=3555 | loss=0.080783 | grad_norm=0.733092 | learning_rate=0.000016 | epoch=2.477352
2026-02-16 06:25:36.462 | INFO     | __main__:on_log:109 - step=3560 | loss=0.117706 | grad_norm=1.139544 | learning_rate=0.000016 | epoch=2.480836
2026-02-16 06:25:42.907 | INFO     | __main__:on_log:109 - step=3565 | loss=0.135725 | grad_norm=1.175685 | learning_rate=0.000016 | epoch=2.484321
2026-02-16 06:25:49.338 | INFO     | __main__:on_log:109 - step=3570 | loss=0.099501 | grad_norm=0.922154 | learning_rate=0.000016 | epoch=2.487805
2026-02-16 06:25:55.828 | INFO     | __main__:on_log:109 - step=3575 | loss=0.090202 | grad_norm=0.962279 | learning_rate=0.000016 | epoch=2.491289
2026-02-16 06:26:02.289 | INFO     | __main__:on_log:109 - step=3580 | loss=0.084756 | grad_norm=1.100381 | learning_rate=0.000016 | epoch=2.494774
2026-02-16 06:26:09.009 | INFO     | __main__:on_log:109 - step=3585 | loss=0.102699 | grad_norm=1.215842 | learning_rate=0.000016 | epoch=2.498258
2026-02-16 06:26:15.466 | INFO     | __main__:on_log:109 - step=3590 | loss=0.137330 | grad_norm=1.093142 | learning_rate=0.000016 | epoch=2.501742
2026-02-16 06:26:21.911 | INFO     | __main__:on_log:109 - step=3595 | loss=0.086790 | grad_norm=0.653093 | learning_rate=0.000016 | epoch=2.505226
2026-02-16 06:26:28.402 | INFO     | __main__:on_log:109 - step=3600 | loss=0.088096 | grad_norm=1.972582 | learning_rate=0.000016 | epoch=2.508711
2026-02-16 06:26:35.704 | INFO     | __main__:on_log:109 - step=3605 | loss=0.072865 | grad_norm=0.788187 | learning_rate=0.000016 | epoch=2.512195
2026-02-16 06:26:42.212 | INFO     | __main__:on_log:109 - step=3610 | loss=0.091542 | grad_norm=1.471229 | learning_rate=0.000016 | epoch=2.515679
2026-02-16 06:26:48.681 | INFO     | __main__:on_log:109 - step=3615 | loss=0.091081 | grad_norm=0.954072 | learning_rate=0.000016 | epoch=2.519164
2026-02-16 06:26:55.123 | INFO     | __main__:on_log:109 - step=3620 | loss=0.055715 | grad_norm=8.762344 | learning_rate=0.000016 | epoch=2.522648
2026-02-16 06:27:01.823 | INFO     | __main__:on_log:109 - step=3625 | loss=0.094453 | grad_norm=0.516686 | learning_rate=0.000016 | epoch=2.526132
2026-02-16 06:27:08.278 | INFO     | __main__:on_log:109 - step=3630 | loss=0.098058 | grad_norm=1.074754 | learning_rate=0.000016 | epoch=2.529617
2026-02-16 06:27:14.711 | INFO     | __main__:on_log:109 - step=3635 | loss=0.109101 | grad_norm=1.669179 | learning_rate=0.000016 | epoch=2.533101
2026-02-16 06:27:21.174 | INFO     | __main__:on_log:109 - step=3640 | loss=0.092145 | grad_norm=0.877049 | learning_rate=0.000016 | epoch=2.536585
2026-02-16 06:27:27.854 | INFO     | __main__:on_log:109 - step=3645 | loss=0.084039 | grad_norm=1.040473 | learning_rate=0.000016 | epoch=2.540070
2026-02-16 06:27:34.319 | INFO     | __main__:on_log:109 - step=3650 | loss=0.094414 | grad_norm=1.279985 | learning_rate=0.000016 | epoch=2.543554
2026-02-16 06:27:41.235 | INFO     | __main__:on_log:109 - step=3655 | loss=0.114324 | grad_norm=1.877676 | learning_rate=0.000015 | epoch=2.547038
2026-02-16 06:27:47.598 | INFO     | __main__:on_log:109 - step=3660 | loss=0.088716 | grad_norm=0.000000 | learning_rate=0.000015 | epoch=2.550523
2026-02-16 06:27:54.313 | INFO     | __main__:on_log:109 - step=3665 | loss=0.088893 | grad_norm=0.714271 | learning_rate=0.000015 | epoch=2.554007
2026-02-16 06:28:00.767 | INFO     | __main__:on_log:109 - step=3670 | loss=0.068104 | grad_norm=0.869603 | learning_rate=0.000015 | epoch=2.557491
2026-02-16 06:28:07.242 | INFO     | __main__:on_log:109 - step=3675 | loss=0.081294 | grad_norm=1.090746 | learning_rate=0.000015 | epoch=2.560976
2026-02-16 06:28:13.750 | INFO     | __main__:on_log:109 - step=3680 | loss=0.139477 | grad_norm=1.847761 | learning_rate=0.000015 | epoch=2.564460
2026-02-16 06:28:20.211 | INFO     | __main__:on_log:109 - step=3685 | loss=0.085081 | grad_norm=1.279735 | learning_rate=0.000015 | epoch=2.567944
2026-02-16 06:28:26.933 | INFO     | __main__:on_log:109 - step=3690 | loss=0.087919 | grad_norm=1.278464 | learning_rate=0.000015 | epoch=2.571429
2026-02-16 06:28:33.394 | INFO     | __main__:on_log:109 - step=3695 | loss=0.139685 | grad_norm=1.149913 | learning_rate=0.000015 | epoch=2.574913
2026-02-16 06:28:39.837 | INFO     | __main__:on_log:109 - step=3700 | loss=0.121765 | grad_norm=1.650743 | learning_rate=0.000015 | epoch=2.578397
2026-02-16 06:28:46.844 | INFO     | __main__:on_log:109 - step=3705 | loss=0.107930 | grad_norm=1.516040 | learning_rate=0.000015 | epoch=2.581882
2026-02-16 06:28:53.575 | INFO     | __main__:on_log:109 - step=3710 | loss=0.085916 | grad_norm=0.978317 | learning_rate=0.000015 | epoch=2.585366
2026-02-16 06:29:00.033 | INFO     | __main__:on_log:109 - step=3715 | loss=0.086206 | grad_norm=1.280054 | learning_rate=0.000015 | epoch=2.588850
2026-02-16 06:29:06.501 | INFO     | __main__:on_log:109 - step=3720 | loss=0.076695 | grad_norm=0.972617 | learning_rate=0.000015 | epoch=2.592334
2026-02-16 06:29:12.996 | INFO     | __main__:on_log:109 - step=3725 | loss=0.106167 | grad_norm=1.972766 | learning_rate=0.000015 | epoch=2.595819
2026-02-16 06:29:19.767 | INFO     | __main__:on_log:109 - step=3730 | loss=0.078282 | grad_norm=1.458047 | learning_rate=0.000015 | epoch=2.599303
2026-02-16 06:29:26.217 | INFO     | __main__:on_log:109 - step=3735 | loss=0.090641 | grad_norm=0.545785 | learning_rate=0.000015 | epoch=2.602787
2026-02-16 06:29:32.694 | INFO     | __main__:on_log:109 - step=3740 | loss=0.115496 | grad_norm=1.217679 | learning_rate=0.000015 | epoch=2.606272
2026-02-16 06:29:39.200 | INFO     | __main__:on_log:109 - step=3745 | loss=0.097492 | grad_norm=1.017016 | learning_rate=0.000015 | epoch=2.609756
2026-02-16 06:29:45.947 | INFO     | __main__:on_log:109 - step=3750 | loss=0.087402 | grad_norm=0.872020 | learning_rate=0.000015 | epoch=2.613240
2026-02-16 06:29:52.856 | INFO     | __main__:on_log:109 - step=3755 | loss=0.077378 | grad_norm=0.944704 | learning_rate=0.000015 | epoch=2.616725
2026-02-16 06:29:59.313 | INFO     | __main__:on_log:109 - step=3760 | loss=0.089992 | grad_norm=1.938775 | learning_rate=0.000015 | epoch=2.620209
2026-02-16 06:30:05.795 | INFO     | __main__:on_log:109 - step=3765 | loss=0.081059 | grad_norm=1.107059 | learning_rate=0.000015 | epoch=2.623693
2026-02-16 06:30:12.591 | INFO     | __main__:on_log:109 - step=3770 | loss=0.107968 | grad_norm=1.461449 | learning_rate=0.000015 | epoch=2.627178
2026-02-16 06:30:19.065 | INFO     | __main__:on_log:109 - step=3775 | loss=0.129104 | grad_norm=1.299007 | learning_rate=0.000015 | epoch=2.630662
2026-02-16 06:30:25.519 | INFO     | __main__:on_log:109 - step=3780 | loss=0.089917 | grad_norm=1.042211 | learning_rate=0.000015 | epoch=2.634146
2026-02-16 06:30:32.044 | INFO     | __main__:on_log:109 - step=3785 | loss=0.127689 | grad_norm=1.587475 | learning_rate=0.000015 | epoch=2.637631
2026-02-16 06:30:38.819 | INFO     | __main__:on_log:109 - step=3790 | loss=0.105890 | grad_norm=1.170538 | learning_rate=0.000015 | epoch=2.641115
2026-02-16 06:30:45.347 | INFO     | __main__:on_log:109 - step=3795 | loss=0.115487 | grad_norm=1.215111 | learning_rate=0.000015 | epoch=2.644599
2026-02-16 06:30:51.813 | INFO     | __main__:on_log:109 - step=3800 | loss=0.097557 | grad_norm=0.983381 | learning_rate=0.000015 | epoch=2.648084
2026-02-16 06:30:58.723 | INFO     | __main__:on_log:109 - step=3805 | loss=0.084287 | grad_norm=1.668981 | learning_rate=0.000015 | epoch=2.651568
2026-02-16 06:31:05.539 | INFO     | __main__:on_log:109 - step=3810 | loss=0.064427 | grad_norm=1.298944 | learning_rate=0.000015 | epoch=2.655052
2026-02-16 06:31:11.976 | INFO     | __main__:on_log:109 - step=3815 | loss=0.096296 | grad_norm=1.423424 | learning_rate=0.000015 | epoch=2.658537
2026-02-16 06:31:18.451 | INFO     | __main__:on_log:109 - step=3820 | loss=0.102370 | grad_norm=1.140584 | learning_rate=0.000015 | epoch=2.662021
2026-02-16 06:31:24.963 | INFO     | __main__:on_log:109 - step=3825 | loss=0.116977 | grad_norm=2.749924 | learning_rate=0.000015 | epoch=2.665505
2026-02-16 06:31:31.493 | INFO     | __main__:on_log:109 - step=3830 | loss=0.075742 | grad_norm=0.725893 | learning_rate=0.000015 | epoch=2.668990
2026-02-16 06:31:38.303 | INFO     | __main__:on_log:109 - step=3835 | loss=0.110051 | grad_norm=1.346433 | learning_rate=0.000015 | epoch=2.672474
2026-02-16 06:31:44.833 | INFO     | __main__:on_log:109 - step=3840 | loss=0.093375 | grad_norm=1.291870 | learning_rate=0.000015 | epoch=2.675958
2026-02-16 06:31:51.329 | INFO     | __main__:on_log:109 - step=3845 | loss=0.087677 | grad_norm=1.768968 | learning_rate=0.000015 | epoch=2.679443
2026-02-16 06:31:57.816 | INFO     | __main__:on_log:109 - step=3850 | loss=0.116041 | grad_norm=2.135091 | learning_rate=0.000015 | epoch=2.682927
2026-02-16 06:32:05.121 | INFO     | __main__:on_log:109 - step=3855 | loss=0.097785 | grad_norm=1.441698 | learning_rate=0.000015 | epoch=2.686411
2026-02-16 06:32:11.659 | INFO     | __main__:on_log:109 - step=3860 | loss=0.083502 | grad_norm=0.748527 | learning_rate=0.000015 | epoch=2.689895
2026-02-16 06:32:18.115 | INFO     | __main__:on_log:109 - step=3865 | loss=0.145822 | grad_norm=1.636652 | learning_rate=0.000015 | epoch=2.693380
2026-02-16 06:32:24.542 | INFO     | __main__:on_log:109 - step=3870 | loss=0.066501 | grad_norm=1.824597 | learning_rate=0.000015 | epoch=2.696864
2026-02-16 06:32:31.256 | INFO     | __main__:on_log:109 - step=3875 | loss=0.084171 | grad_norm=1.141733 | learning_rate=0.000015 | epoch=2.700348
2026-02-16 06:32:37.742 | INFO     | __main__:on_log:109 - step=3880 | loss=0.118529 | grad_norm=1.445111 | learning_rate=0.000015 | epoch=2.703833
2026-02-16 06:32:44.279 | INFO     | __main__:on_log:109 - step=3885 | loss=0.085450 | grad_norm=0.901112 | learning_rate=0.000014 | epoch=2.707317
2026-02-16 06:32:50.751 | INFO     | __main__:on_log:109 - step=3890 | loss=0.061866 | grad_norm=1.011120 | learning_rate=0.000014 | epoch=2.710801
2026-02-16 06:32:57.451 | INFO     | __main__:on_log:109 - step=3895 | loss=0.103858 | grad_norm=0.549169 | learning_rate=0.000014 | epoch=2.714286
2026-02-16 06:33:03.902 | INFO     | __main__:on_log:109 - step=3900 | loss=0.122508 | grad_norm=0.961902 | learning_rate=0.000014 | epoch=2.717770
2026-02-16 06:33:10.713 | INFO     | __main__:on_log:109 - step=3905 | loss=0.089251 | grad_norm=1.301932 | learning_rate=0.000014 | epoch=2.721254
2026-02-16 06:33:17.201 | INFO     | __main__:on_log:109 - step=3910 | loss=0.087723 | grad_norm=1.076889 | learning_rate=0.000014 | epoch=2.724739
2026-02-16 06:33:23.946 | INFO     | __main__:on_log:109 - step=3915 | loss=0.086992 | grad_norm=1.686187 | learning_rate=0.000014 | epoch=2.728223
2026-02-16 06:33:30.455 | INFO     | __main__:on_log:109 - step=3920 | loss=0.082820 | grad_norm=2.290643 | learning_rate=0.000014 | epoch=2.731707
2026-02-16 06:33:36.930 | INFO     | __main__:on_log:109 - step=3925 | loss=0.118279 | grad_norm=1.654431 | learning_rate=0.000014 | epoch=2.735192
2026-02-16 06:33:43.399 | INFO     | __main__:on_log:109 - step=3930 | loss=0.097145 | grad_norm=1.618608 | learning_rate=0.000014 | epoch=2.738676
2026-02-16 06:33:49.880 | INFO     | __main__:on_log:109 - step=3935 | loss=0.106512 | grad_norm=1.008933 | learning_rate=0.000014 | epoch=2.742160
2026-02-16 06:33:56.588 | INFO     | __main__:on_log:109 - step=3940 | loss=0.120314 | grad_norm=1.219977 | learning_rate=0.000014 | epoch=2.745645
2026-02-16 06:34:03.062 | INFO     | __main__:on_log:109 - step=3945 | loss=0.080439 | grad_norm=1.505213 | learning_rate=0.000014 | epoch=2.749129
2026-02-16 06:34:09.542 | INFO     | __main__:on_log:109 - step=3950 | loss=0.129994 | grad_norm=1.617938 | learning_rate=0.000014 | epoch=2.752613
2026-02-16 06:34:16.600 | INFO     | __main__:on_log:109 - step=3955 | loss=0.118474 | grad_norm=0.938573 | learning_rate=0.000014 | epoch=2.756098
2026-02-16 06:34:23.429 | INFO     | __main__:on_log:109 - step=3960 | loss=0.074519 | grad_norm=0.902895 | learning_rate=0.000014 | epoch=2.759582
2026-02-16 06:34:29.965 | INFO     | __main__:on_log:109 - step=3965 | loss=0.107186 | grad_norm=0.855202 | learning_rate=0.000014 | epoch=2.763066
2026-02-16 06:34:36.477 | INFO     | __main__:on_log:109 - step=3970 | loss=0.109209 | grad_norm=1.041733 | learning_rate=0.000014 | epoch=2.766551
2026-02-16 06:34:42.991 | INFO     | __main__:on_log:109 - step=3975 | loss=0.095454 | grad_norm=0.922220 | learning_rate=0.000014 | epoch=2.770035
2026-02-16 06:34:49.783 | INFO     | __main__:on_log:109 - step=3980 | loss=0.149333 | grad_norm=1.588873 | learning_rate=0.000014 | epoch=2.773519
2026-02-16 06:34:56.262 | INFO     | __main__:on_log:109 - step=3985 | loss=0.097706 | grad_norm=1.469943 | learning_rate=0.000014 | epoch=2.777003
2026-02-16 06:35:02.745 | INFO     | __main__:on_log:109 - step=3990 | loss=0.093199 | grad_norm=1.426993 | learning_rate=0.000014 | epoch=2.780488
2026-02-16 06:35:09.226 | INFO     | __main__:on_log:109 - step=3995 | loss=0.104193 | grad_norm=0.951792 | learning_rate=0.000014 | epoch=2.783972
2026-02-16 06:35:15.959 | INFO     | __main__:on_log:109 - step=4000 | loss=0.073892 | grad_norm=1.945861 | learning_rate=0.000014 | epoch=2.787456
2026-02-16 06:35:22.845 | INFO     | __main__:on_log:109 - step=4005 | loss=0.108589 | grad_norm=1.255507 | learning_rate=0.000014 | epoch=2.790941
2026-02-16 06:35:29.348 | INFO     | __main__:on_log:109 - step=4010 | loss=0.108916 | grad_norm=1.131613 | learning_rate=0.000014 | epoch=2.794425
2026-02-16 06:35:35.820 | INFO     | __main__:on_log:109 - step=4015 | loss=0.096213 | grad_norm=1.173967 | learning_rate=0.000014 | epoch=2.797909
2026-02-16 06:35:42.587 | INFO     | __main__:on_log:109 - step=4020 | loss=0.104055 | grad_norm=1.264926 | learning_rate=0.000014 | epoch=2.801394
2026-02-16 06:35:49.052 | INFO     | __main__:on_log:109 - step=4025 | loss=0.103433 | grad_norm=1.125252 | learning_rate=0.000014 | epoch=2.804878
2026-02-16 06:35:55.554 | INFO     | __main__:on_log:109 - step=4030 | loss=0.099268 | grad_norm=1.152509 | learning_rate=0.000014 | epoch=2.808362
2026-02-16 06:36:02.038 | INFO     | __main__:on_log:109 - step=4035 | loss=0.101464 | grad_norm=1.658007 | learning_rate=0.000014 | epoch=2.811847
2026-02-16 06:36:08.777 | INFO     | __main__:on_log:109 - step=4040 | loss=0.132768 | grad_norm=1.128556 | learning_rate=0.000014 | epoch=2.815331
2026-02-16 06:36:15.226 | INFO     | __main__:on_log:109 - step=4045 | loss=0.116369 | grad_norm=1.177013 | learning_rate=0.000014 | epoch=2.818815
2026-02-16 06:36:21.651 | INFO     | __main__:on_log:109 - step=4050 | loss=0.104978 | grad_norm=1.124014 | learning_rate=0.000014 | epoch=2.822300
2026-02-16 06:36:28.530 | INFO     | __main__:on_log:109 - step=4055 | loss=0.121557 | grad_norm=1.414030 | learning_rate=0.000014 | epoch=2.825784
2026-02-16 06:36:35.364 | INFO     | __main__:on_log:109 - step=4060 | loss=0.120795 | grad_norm=1.082107 | learning_rate=0.000014 | epoch=2.829268
2026-02-16 06:36:41.888 | INFO     | __main__:on_log:109 - step=4065 | loss=0.104945 | grad_norm=1.329332 | learning_rate=0.000014 | epoch=2.832753
2026-02-16 06:36:48.428 | INFO     | __main__:on_log:109 - step=4070 | loss=0.141666 | grad_norm=2.270666 | learning_rate=0.000014 | epoch=2.836237
2026-02-16 06:36:54.929 | INFO     | __main__:on_log:109 - step=4075 | loss=0.109430 | grad_norm=1.243624 | learning_rate=0.000014 | epoch=2.839721
2026-02-16 06:37:01.410 | INFO     | __main__:on_log:109 - step=4080 | loss=0.116562 | grad_norm=1.251390 | learning_rate=0.000014 | epoch=2.843206
2026-02-16 06:37:08.198 | INFO     | __main__:on_log:109 - step=4085 | loss=0.112271 | grad_norm=1.461679 | learning_rate=0.000014 | epoch=2.846690
2026-02-16 06:37:14.713 | INFO     | __main__:on_log:109 - step=4090 | loss=0.121448 | grad_norm=1.074019 | learning_rate=0.000014 | epoch=2.850174
2026-02-16 06:37:21.201 | INFO     | __main__:on_log:109 - step=4095 | loss=0.115504 | grad_norm=0.967080 | learning_rate=0.000014 | epoch=2.853659
2026-02-16 06:37:27.716 | INFO     | __main__:on_log:109 - step=4100 | loss=0.103268 | grad_norm=1.192613 | learning_rate=0.000014 | epoch=2.857143
2026-02-16 06:37:35.003 | INFO     | __main__:on_log:109 - step=4105 | loss=0.060045 | grad_norm=1.332123 | learning_rate=0.000014 | epoch=2.860627
2026-02-16 06:37:41.552 | INFO     | __main__:on_log:109 - step=4110 | loss=0.090304 | grad_norm=0.983217 | learning_rate=0.000013 | epoch=2.864111
2026-02-16 06:37:48.048 | INFO     | __main__:on_log:109 - step=4115 | loss=0.139071 | grad_norm=1.062659 | learning_rate=0.000013 | epoch=2.867596
2026-02-16 06:37:54.549 | INFO     | __main__:on_log:109 - step=4120 | loss=0.116730 | grad_norm=1.288331 | learning_rate=0.000013 | epoch=2.871080
2026-02-16 06:38:01.294 | INFO     | __main__:on_log:109 - step=4125 | loss=0.122533 | grad_norm=1.226020 | learning_rate=0.000013 | epoch=2.874564
2026-02-16 06:38:07.758 | INFO     | __main__:on_log:109 - step=4130 | loss=0.096948 | grad_norm=0.669785 | learning_rate=0.000013 | epoch=2.878049
2026-02-16 06:38:14.258 | INFO     | __main__:on_log:109 - step=4135 | loss=0.101362 | grad_norm=0.893035 | learning_rate=0.000013 | epoch=2.881533
2026-02-16 06:38:20.740 | INFO     | __main__:on_log:109 - step=4140 | loss=0.085547 | grad_norm=1.076276 | learning_rate=0.000013 | epoch=2.885017
2026-02-16 06:38:27.523 | INFO     | __main__:on_log:109 - step=4145 | loss=0.086885 | grad_norm=0.882614 | learning_rate=0.000013 | epoch=2.888502
2026-02-16 06:38:33.995 | INFO     | __main__:on_log:109 - step=4150 | loss=0.073375 | grad_norm=1.239289 | learning_rate=0.000013 | epoch=2.891986
2026-02-16 06:38:40.933 | INFO     | __main__:on_log:109 - step=4155 | loss=0.110347 | grad_norm=1.156691 | learning_rate=0.000013 | epoch=2.895470
2026-02-16 06:38:47.408 | INFO     | __main__:on_log:109 - step=4160 | loss=0.106975 | grad_norm=0.933500 | learning_rate=0.000013 | epoch=2.898955
2026-02-16 06:38:54.203 | INFO     | __main__:on_log:109 - step=4165 | loss=0.076060 | grad_norm=1.122510 | learning_rate=0.000013 | epoch=2.902439
2026-02-16 06:39:00.705 | INFO     | __main__:on_log:109 - step=4170 | loss=0.127471 | grad_norm=1.197655 | learning_rate=0.000013 | epoch=2.905923
2026-02-16 06:39:07.109 | INFO     | __main__:on_log:109 - step=4175 | loss=0.102264 | grad_norm=0.760419 | learning_rate=0.000013 | epoch=2.909408
2026-02-16 06:39:13.582 | INFO     | __main__:on_log:109 - step=4180 | loss=0.099761 | grad_norm=1.665081 | learning_rate=0.000013 | epoch=2.912892
2026-02-16 06:39:19.955 | INFO     | __main__:on_log:109 - step=4185 | loss=0.087050 | grad_norm=1.379363 | learning_rate=0.000013 | epoch=2.916376
2026-02-16 06:39:26.662 | INFO     | __main__:on_log:109 - step=4190 | loss=0.100663 | grad_norm=1.367641 | learning_rate=0.000013 | epoch=2.919861
2026-02-16 06:39:33.086 | INFO     | __main__:on_log:109 - step=4195 | loss=0.105707 | grad_norm=1.444517 | learning_rate=0.000013 | epoch=2.923345
2026-02-16 06:39:39.596 | INFO     | __main__:on_log:109 - step=4200 | loss=0.106061 | grad_norm=1.058670 | learning_rate=0.000013 | epoch=2.926829
2026-02-16 06:39:46.452 | INFO     | __main__:on_log:109 - step=4205 | loss=0.127082 | grad_norm=1.401314 | learning_rate=0.000013 | epoch=2.930314
2026-02-16 06:39:53.206 | INFO     | __main__:on_log:109 - step=4210 | loss=0.101272 | grad_norm=1.373175 | learning_rate=0.000013 | epoch=2.933798
2026-02-16 06:39:59.607 | INFO     | __main__:on_log:109 - step=4215 | loss=0.070880 | grad_norm=0.967210 | learning_rate=0.000013 | epoch=2.937282
2026-02-16 06:40:06.088 | INFO     | __main__:on_log:109 - step=4220 | loss=0.074180 | grad_norm=0.829722 | learning_rate=0.000013 | epoch=2.940767
2026-02-16 06:40:12.602 | INFO     | __main__:on_log:109 - step=4225 | loss=0.087828 | grad_norm=1.236577 | learning_rate=0.000013 | epoch=2.944251
2026-02-16 06:40:19.399 | INFO     | __main__:on_log:109 - step=4230 | loss=0.097269 | grad_norm=1.312621 | learning_rate=0.000013 | epoch=2.947735
2026-02-16 06:40:25.877 | INFO     | __main__:on_log:109 - step=4235 | loss=0.108256 | grad_norm=1.660142 | learning_rate=0.000013 | epoch=2.951220
2026-02-16 06:40:32.367 | INFO     | __main__:on_log:109 - step=4240 | loss=0.096336 | grad_norm=1.231259 | learning_rate=0.000013 | epoch=2.954704
2026-02-16 06:40:38.867 | INFO     | __main__:on_log:109 - step=4245 | loss=0.095387 | grad_norm=0.988714 | learning_rate=0.000013 | epoch=2.958188
2026-02-16 06:40:45.637 | INFO     | __main__:on_log:109 - step=4250 | loss=0.078557 | grad_norm=0.780157 | learning_rate=0.000013 | epoch=2.961672
2026-02-16 06:40:52.545 | INFO     | __main__:on_log:109 - step=4255 | loss=0.101256 | grad_norm=1.160647 | learning_rate=0.000013 | epoch=2.965157
2026-02-16 06:40:59.045 | INFO     | __main__:on_log:109 - step=4260 | loss=0.107106 | grad_norm=1.663609 | learning_rate=0.000013 | epoch=2.968641
2026-02-16 06:41:05.527 | INFO     | __main__:on_log:109 - step=4265 | loss=0.076614 | grad_norm=1.220548 | learning_rate=0.000013 | epoch=2.972125
2026-02-16 06:41:12.337 | INFO     | __main__:on_log:109 - step=4270 | loss=0.111251 | grad_norm=0.890103 | learning_rate=0.000013 | epoch=2.975610
2026-02-16 06:41:18.843 | INFO     | __main__:on_log:109 - step=4275 | loss=0.077243 | grad_norm=0.754835 | learning_rate=0.000013 | epoch=2.979094
2026-02-16 06:41:25.354 | INFO     | __main__:on_log:109 - step=4280 | loss=0.109106 | grad_norm=1.074232 | learning_rate=0.000013 | epoch=2.982578
2026-02-16 06:41:31.875 | INFO     | __main__:on_log:109 - step=4285 | loss=0.072989 | grad_norm=1.430078 | learning_rate=0.000013 | epoch=2.986063
2026-02-16 06:41:38.631 | INFO     | __main__:on_log:109 - step=4290 | loss=0.105076 | grad_norm=2.568683 | learning_rate=0.000013 | epoch=2.989547
2026-02-16 06:41:45.146 | INFO     | __main__:on_log:109 - step=4295 | loss=0.117013 | grad_norm=1.611849 | learning_rate=0.000013 | epoch=2.993031
2026-02-16 06:41:51.672 | INFO     | __main__:on_log:109 - step=4300 | loss=0.106155 | grad_norm=0.988312 | learning_rate=0.000013 | epoch=2.996516
2026-02-16 06:41:58.198 | INFO     | __main__:on_log:109 - step=4305 | loss=0.107174 | grad_norm=1.954459 | learning_rate=0.000013 | epoch=3.000000
2026-02-16 06:42:05.027 | INFO     | __main__:on_log:109 - step=4310 | loss=0.076554 | grad_norm=0.597893 | learning_rate=0.000013 | epoch=3.003484
2026-02-16 06:42:11.567 | INFO     | __main__:on_log:109 - step=4315 | loss=0.069696 | grad_norm=0.759937 | learning_rate=0.000013 | epoch=3.006969
2026-02-16 06:42:18.104 | INFO     | __main__:on_log:109 - step=4320 | loss=0.093833 | grad_norm=1.457936 | learning_rate=0.000013 | epoch=3.010453
2026-02-16 06:42:24.645 | INFO     | __main__:on_log:109 - step=4325 | loss=0.072903 | grad_norm=0.874191 | learning_rate=0.000013 | epoch=3.013937
2026-02-16 06:42:31.174 | INFO     | __main__:on_log:109 - step=4330 | loss=0.087442 | grad_norm=1.098572 | learning_rate=0.000013 | epoch=3.017422
2026-02-16 06:42:37.996 | INFO     | __main__:on_log:109 - step=4335 | loss=0.090267 | grad_norm=1.705370 | learning_rate=0.000013 | epoch=3.020906
2026-02-16 06:42:44.525 | INFO     | __main__:on_log:109 - step=4340 | loss=0.076438 | grad_norm=1.279187 | learning_rate=0.000012 | epoch=3.024390
2026-02-16 06:42:51.047 | INFO     | __main__:on_log:109 - step=4345 | loss=0.092315 | grad_norm=1.455004 | learning_rate=0.000012 | epoch=3.027875
2026-02-16 06:42:57.572 | INFO     | __main__:on_log:109 - step=4350 | loss=0.076937 | grad_norm=0.878838 | learning_rate=0.000012 | epoch=3.031359
2026-02-16 06:43:05.000 | INFO     | __main__:on_log:109 - step=4355 | loss=0.083215 | grad_norm=1.628633 | learning_rate=0.000012 | epoch=3.034843
2026-02-16 06:43:11.506 | INFO     | __main__:on_log:109 - step=4360 | loss=0.084719 | grad_norm=0.722932 | learning_rate=0.000012 | epoch=3.038328
2026-02-16 06:43:18.030 | INFO     | __main__:on_log:109 - step=4365 | loss=0.062422 | grad_norm=1.526311 | learning_rate=0.000012 | epoch=3.041812
2026-02-16 06:43:24.567 | INFO     | __main__:on_log:109 - step=4370 | loss=0.087738 | grad_norm=0.985252 | learning_rate=0.000012 | epoch=3.045296
2026-02-16 06:43:31.411 | INFO     | __main__:on_log:109 - step=4375 | loss=0.074787 | grad_norm=0.975033 | learning_rate=0.000012 | epoch=3.048780
2026-02-16 06:43:37.945 | INFO     | __main__:on_log:109 - step=4380 | loss=0.081024 | grad_norm=1.290097 | learning_rate=0.000012 | epoch=3.052265
2026-02-16 06:43:44.465 | INFO     | __main__:on_log:109 - step=4385 | loss=0.078183 | grad_norm=2.092236 | learning_rate=0.000012 | epoch=3.055749
2026-02-16 06:43:51.004 | INFO     | __main__:on_log:109 - step=4390 | loss=0.092805 | grad_norm=1.375706 | learning_rate=0.000012 | epoch=3.059233
2026-02-16 06:43:57.854 | INFO     | __main__:on_log:109 - step=4395 | loss=0.052452 | grad_norm=1.542476 | learning_rate=0.000012 | epoch=3.062718
2026-02-16 06:44:04.391 | INFO     | __main__:on_log:109 - step=4400 | loss=0.126144 | grad_norm=2.270948 | learning_rate=0.000012 | epoch=3.066202
2026-02-16 06:44:11.348 | INFO     | __main__:on_log:109 - step=4405 | loss=0.071621 | grad_norm=0.974073 | learning_rate=0.000012 | epoch=3.069686
2026-02-16 06:44:17.847 | INFO     | __main__:on_log:109 - step=4410 | loss=0.091097 | grad_norm=0.981013 | learning_rate=0.000012 | epoch=3.073171
2026-02-16 06:44:24.566 | INFO     | __main__:on_log:109 - step=4415 | loss=0.067892 | grad_norm=2.784871 | learning_rate=0.000012 | epoch=3.076655
2026-02-16 06:44:31.088 | INFO     | __main__:on_log:109 - step=4420 | loss=0.099561 | grad_norm=1.710244 | learning_rate=0.000012 | epoch=3.080139
2026-02-16 06:44:37.660 | INFO     | __main__:on_log:109 - step=4425 | loss=0.074768 | grad_norm=0.926871 | learning_rate=0.000012 | epoch=3.083624
2026-02-16 06:44:44.225 | INFO     | __main__:on_log:109 - step=4430 | loss=0.060829 | grad_norm=0.829742 | learning_rate=0.000012 | epoch=3.087108
2026-02-16 06:44:50.769 | INFO     | __main__:on_log:109 - step=4435 | loss=0.111888 | grad_norm=1.221527 | learning_rate=0.000012 | epoch=3.090592
2026-02-16 06:44:57.576 | INFO     | __main__:on_log:109 - step=4440 | loss=0.074381 | grad_norm=0.997952 | learning_rate=0.000012 | epoch=3.094077
2026-02-16 06:45:04.081 | INFO     | __main__:on_log:109 - step=4445 | loss=0.070586 | grad_norm=1.125978 | learning_rate=0.000012 | epoch=3.097561
2026-02-16 06:45:10.597 | INFO     | __main__:on_log:109 - step=4450 | loss=0.072153 | grad_norm=1.464150 | learning_rate=0.000012 | epoch=3.101045
2026-02-16 06:45:17.564 | INFO     | __main__:on_log:109 - step=4455 | loss=0.120820 | grad_norm=1.602721 | learning_rate=0.000012 | epoch=3.104530
2026-02-16 06:45:24.443 | INFO     | __main__:on_log:109 - step=4460 | loss=0.083836 | grad_norm=1.382633 | learning_rate=0.000012 | epoch=3.108014
2026-02-16 06:45:30.974 | INFO     | __main__:on_log:109 - step=4465 | loss=0.080601 | grad_norm=1.301882 | learning_rate=0.000012 | epoch=3.111498
2026-02-16 06:45:37.465 | INFO     | __main__:on_log:109 - step=4470 | loss=0.110008 | grad_norm=1.572586 | learning_rate=0.000012 | epoch=3.114983
2026-02-16 06:45:43.989 | INFO     | __main__:on_log:109 - step=4475 | loss=0.081604 | grad_norm=0.718370 | learning_rate=0.000012 | epoch=3.118467
2026-02-16 06:45:50.798 | INFO     | __main__:on_log:109 - step=4480 | loss=0.060439 | grad_norm=2.206262 | learning_rate=0.000012 | epoch=3.121951
2026-02-16 06:45:57.314 | INFO     | __main__:on_log:109 - step=4485 | loss=0.108617 | grad_norm=1.809675 | learning_rate=0.000012 | epoch=3.125436
2026-02-16 06:46:03.838 | INFO     | __main__:on_log:109 - step=4490 | loss=0.098954 | grad_norm=2.232727 | learning_rate=0.000012 | epoch=3.128920
2026-02-16 06:46:10.224 | INFO     | __main__:on_log:109 - step=4495 | loss=0.060293 | grad_norm=0.000000 | learning_rate=0.000012 | epoch=3.132404
2026-02-16 06:46:17.090 | INFO     | __main__:on_log:109 - step=4500 | loss=0.094657 | grad_norm=1.437972 | learning_rate=0.000012 | epoch=3.135889
2026-02-16 06:46:24.031 | INFO     | __main__:on_log:109 - step=4505 | loss=0.067846 | grad_norm=1.343123 | learning_rate=0.000012 | epoch=3.139373
2026-02-16 06:46:30.559 | INFO     | __main__:on_log:109 - step=4510 | loss=0.078578 | grad_norm=1.834998 | learning_rate=0.000012 | epoch=3.142857
2026-02-16 06:46:37.065 | INFO     | __main__:on_log:109 - step=4515 | loss=0.058405 | grad_norm=1.141262 | learning_rate=0.000012 | epoch=3.146341
2026-02-16 06:46:43.880 | INFO     | __main__:on_log:109 - step=4520 | loss=0.082997 | grad_norm=1.588093 | learning_rate=0.000012 | epoch=3.149826
2026-02-16 06:46:50.430 | INFO     | __main__:on_log:109 - step=4525 | loss=0.088842 | grad_norm=1.965678 | learning_rate=0.000012 | epoch=3.153310
2026-02-16 06:46:56.956 | INFO     | __main__:on_log:109 - step=4530 | loss=0.081614 | grad_norm=1.252667 | learning_rate=0.000012 | epoch=3.156794
2026-02-16 06:47:03.481 | INFO     | __main__:on_log:109 - step=4535 | loss=0.053367 | grad_norm=1.145404 | learning_rate=0.000012 | epoch=3.160279
2026-02-16 06:47:10.296 | INFO     | __main__:on_log:109 - step=4540 | loss=0.089738 | grad_norm=0.736914 | learning_rate=0.000012 | epoch=3.163763
2026-02-16 06:47:16.837 | INFO     | __main__:on_log:109 - step=4545 | loss=0.091716 | grad_norm=1.360011 | learning_rate=0.000012 | epoch=3.167247
2026-02-16 06:47:23.352 | INFO     | __main__:on_log:109 - step=4550 | loss=0.153830 | grad_norm=1.477121 | learning_rate=0.000012 | epoch=3.170732
2026-02-16 06:47:30.274 | INFO     | __main__:on_log:109 - step=4555 | loss=0.072477 | grad_norm=1.334131 | learning_rate=0.000012 | epoch=3.174216
2026-02-16 06:47:37.130 | INFO     | __main__:on_log:109 - step=4560 | loss=0.098345 | grad_norm=1.710898 | learning_rate=0.000012 | epoch=3.177700
2026-02-16 06:47:43.647 | INFO     | __main__:on_log:109 - step=4565 | loss=0.072508 | grad_norm=1.568817 | learning_rate=0.000011 | epoch=3.181185
2026-02-16 06:47:50.177 | INFO     | __main__:on_log:109 - step=4570 | loss=0.086708 | grad_norm=1.780736 | learning_rate=0.000011 | epoch=3.184669
2026-02-16 06:47:56.683 | INFO     | __main__:on_log:109 - step=4575 | loss=0.119774 | grad_norm=1.731347 | learning_rate=0.000011 | epoch=3.188153
2026-02-16 06:48:03.249 | INFO     | __main__:on_log:109 - step=4580 | loss=0.087060 | grad_norm=1.141866 | learning_rate=0.000011 | epoch=3.191638
2026-02-16 06:48:10.078 | INFO     | __main__:on_log:109 - step=4585 | loss=0.062057 | grad_norm=0.936002 | learning_rate=0.000011 | epoch=3.195122
2026-02-16 06:48:16.595 | INFO     | __main__:on_log:109 - step=4590 | loss=0.086420 | grad_norm=1.322572 | learning_rate=0.000011 | epoch=3.198606
2026-02-16 06:48:23.077 | INFO     | __main__:on_log:109 - step=4595 | loss=0.082167 | grad_norm=2.399481 | learning_rate=0.000011 | epoch=3.202091
2026-02-16 06:48:29.619 | INFO     | __main__:on_log:109 - step=4600 | loss=0.080522 | grad_norm=1.457977 | learning_rate=0.000011 | epoch=3.205575
2026-02-16 06:48:36.912 | INFO     | __main__:on_log:109 - step=4605 | loss=0.084588 | grad_norm=0.702825 | learning_rate=0.000011 | epoch=3.209059
2026-02-16 06:48:43.447 | INFO     | __main__:on_log:109 - step=4610 | loss=0.077861 | grad_norm=1.277250 | learning_rate=0.000011 | epoch=3.212544
2026-02-16 06:48:49.975 | INFO     | __main__:on_log:109 - step=4615 | loss=0.074603 | grad_norm=1.336105 | learning_rate=0.000011 | epoch=3.216028
2026-02-16 06:48:56.482 | INFO     | __main__:on_log:109 - step=4620 | loss=0.075089 | grad_norm=1.420410 | learning_rate=0.000011 | epoch=3.219512
2026-02-16 06:49:03.202 | INFO     | __main__:on_log:109 - step=4625 | loss=0.058110 | grad_norm=1.570992 | learning_rate=0.000011 | epoch=3.222997
2026-02-16 06:49:09.727 | INFO     | __main__:on_log:109 - step=4630 | loss=0.077774 | grad_norm=1.194605 | learning_rate=0.000011 | epoch=3.226481
2026-02-16 06:49:16.268 | INFO     | __main__:on_log:109 - step=4635 | loss=0.079533 | grad_norm=1.178232 | learning_rate=0.000011 | epoch=3.229965
2026-02-16 06:49:22.813 | INFO     | __main__:on_log:109 - step=4640 | loss=0.078451 | grad_norm=0.901854 | learning_rate=0.000011 | epoch=3.233449
2026-02-16 06:49:29.660 | INFO     | __main__:on_log:109 - step=4645 | loss=0.085017 | grad_norm=1.424976 | learning_rate=0.000011 | epoch=3.236934
2026-02-16 06:49:36.186 | INFO     | __main__:on_log:109 - step=4650 | loss=0.066726 | grad_norm=1.192352 | learning_rate=0.000011 | epoch=3.240418
2026-02-16 06:49:43.137 | INFO     | __main__:on_log:109 - step=4655 | loss=0.078255 | grad_norm=0.599900 | learning_rate=0.000011 | epoch=3.243902
2026-02-16 06:49:49.688 | INFO     | __main__:on_log:109 - step=4660 | loss=0.116686 | grad_norm=1.637357 | learning_rate=0.000011 | epoch=3.247387
2026-02-16 06:49:56.504 | INFO     | __main__:on_log:109 - step=4665 | loss=0.081830 | grad_norm=1.985539 | learning_rate=0.000011 | epoch=3.250871
2026-02-16 06:50:03.014 | INFO     | __main__:on_log:109 - step=4670 | loss=0.081616 | grad_norm=1.081938 | learning_rate=0.000011 | epoch=3.254355
2026-02-16 06:50:09.549 | INFO     | __main__:on_log:109 - step=4675 | loss=0.074485 | grad_norm=0.800016 | learning_rate=0.000011 | epoch=3.257840
2026-02-16 06:50:16.068 | INFO     | __main__:on_log:109 - step=4680 | loss=0.082551 | grad_norm=1.404967 | learning_rate=0.000011 | epoch=3.261324
2026-02-16 06:50:22.584 | INFO     | __main__:on_log:109 - step=4685 | loss=0.107005 | grad_norm=2.111639 | learning_rate=0.000011 | epoch=3.264808
2026-02-16 06:50:29.406 | INFO     | __main__:on_log:109 - step=4690 | loss=0.066602 | grad_norm=0.946121 | learning_rate=0.000011 | epoch=3.268293
2026-02-16 06:50:35.939 | INFO     | __main__:on_log:109 - step=4695 | loss=0.079958 | grad_norm=1.542358 | learning_rate=0.000011 | epoch=3.271777
2026-02-16 06:50:42.477 | INFO     | __main__:on_log:109 - step=4700 | loss=0.080140 | grad_norm=1.111067 | learning_rate=0.000011 | epoch=3.275261
2026-02-16 06:50:49.445 | INFO     | __main__:on_log:109 - step=4705 | loss=0.078245 | grad_norm=1.316971 | learning_rate=0.000011 | epoch=3.278746
2026-02-16 06:50:56.283 | INFO     | __main__:on_log:109 - step=4710 | loss=0.073367 | grad_norm=1.335819 | learning_rate=0.000011 | epoch=3.282230
2026-02-16 06:51:02.844 | INFO     | __main__:on_log:109 - step=4715 | loss=0.049545 | grad_norm=1.938570 | learning_rate=0.000011 | epoch=3.285714
2026-02-16 06:51:09.355 | INFO     | __main__:on_log:109 - step=4720 | loss=0.064556 | grad_norm=1.225695 | learning_rate=0.000011 | epoch=3.289199
2026-02-16 06:51:15.889 | INFO     | __main__:on_log:109 - step=4725 | loss=0.100142 | grad_norm=1.395413 | learning_rate=0.000011 | epoch=3.292683
2026-02-16 06:51:22.684 | INFO     | __main__:on_log:109 - step=4730 | loss=0.097484 | grad_norm=1.407522 | learning_rate=0.000011 | epoch=3.296167
2026-02-16 06:51:29.196 | INFO     | __main__:on_log:109 - step=4735 | loss=0.084513 | grad_norm=1.772884 | learning_rate=0.000011 | epoch=3.299652
2026-02-16 06:51:35.742 | INFO     | __main__:on_log:109 - step=4740 | loss=0.115279 | grad_norm=1.455978 | learning_rate=0.000011 | epoch=3.303136
2026-02-16 06:51:42.278 | INFO     | __main__:on_log:109 - step=4745 | loss=0.088796 | grad_norm=0.631778 | learning_rate=0.000011 | epoch=3.306620
2026-02-16 06:51:49.149 | INFO     | __main__:on_log:109 - step=4750 | loss=0.068917 | grad_norm=1.188358 | learning_rate=0.000011 | epoch=3.310105
2026-02-16 06:51:56.114 | INFO     | __main__:on_log:109 - step=4755 | loss=0.074159 | grad_norm=0.732107 | learning_rate=0.000011 | epoch=3.313589
2026-02-16 06:52:02.652 | INFO     | __main__:on_log:109 - step=4760 | loss=0.112634 | grad_norm=1.724760 | learning_rate=0.000011 | epoch=3.317073
2026-02-16 06:52:09.195 | INFO     | __main__:on_log:109 - step=4765 | loss=0.089581 | grad_norm=1.110402 | learning_rate=0.000011 | epoch=3.320557
2026-02-16 06:52:16.054 | INFO     | __main__:on_log:109 - step=4770 | loss=0.079721 | grad_norm=1.096467 | learning_rate=0.000011 | epoch=3.324042
2026-02-16 06:52:22.573 | INFO     | __main__:on_log:109 - step=4775 | loss=0.114324 | grad_norm=1.530263 | learning_rate=0.000011 | epoch=3.327526
2026-02-16 06:52:29.091 | INFO     | __main__:on_log:109 - step=4780 | loss=0.100029 | grad_norm=1.433874 | learning_rate=0.000011 | epoch=3.331010
2026-02-16 06:52:35.629 | INFO     | __main__:on_log:109 - step=4785 | loss=0.087245 | grad_norm=0.996745 | learning_rate=0.000011 | epoch=3.334495
2026-02-16 06:52:42.466 | INFO     | __main__:on_log:109 - step=4790 | loss=0.104598 | grad_norm=1.066642 | learning_rate=0.000011 | epoch=3.337979
2026-02-16 06:52:48.936 | INFO     | __main__:on_log:109 - step=4795 | loss=0.089128 | grad_norm=1.330073 | learning_rate=0.000010 | epoch=3.341463
2026-02-16 06:52:55.478 | INFO     | __main__:on_log:109 - step=4800 | loss=0.067744 | grad_norm=1.254229 | learning_rate=0.000010 | epoch=3.344948
2026-02-16 06:53:02.439 | INFO     | __main__:on_log:109 - step=4805 | loss=0.053509 | grad_norm=0.918847 | learning_rate=0.000010 | epoch=3.348432
2026-02-16 06:53:09.272 | INFO     | __main__:on_log:109 - step=4810 | loss=0.089160 | grad_norm=0.942710 | learning_rate=0.000010 | epoch=3.351916
2026-02-16 06:53:15.794 | INFO     | __main__:on_log:109 - step=4815 | loss=0.078925 | grad_norm=1.470814 | learning_rate=0.000010 | epoch=3.355401
2026-02-16 06:53:22.292 | INFO     | __main__:on_log:109 - step=4820 | loss=0.072756 | grad_norm=1.073779 | learning_rate=0.000010 | epoch=3.358885
2026-02-16 06:53:28.808 | INFO     | __main__:on_log:109 - step=4825 | loss=0.089336 | grad_norm=1.336988 | learning_rate=0.000010 | epoch=3.362369
2026-02-16 06:53:35.289 | INFO     | __main__:on_log:109 - step=4830 | loss=0.063670 | grad_norm=1.420515 | learning_rate=0.000010 | epoch=3.365854
2026-02-16 06:53:42.064 | INFO     | __main__:on_log:109 - step=4835 | loss=0.085618 | grad_norm=1.076880 | learning_rate=0.000010 | epoch=3.369338
2026-02-16 06:53:48.576 | INFO     | __main__:on_log:109 - step=4840 | loss=0.127741 | grad_norm=3.099269 | learning_rate=0.000010 | epoch=3.372822
2026-02-16 06:53:55.092 | INFO     | __main__:on_log:109 - step=4845 | loss=0.103818 | grad_norm=0.870694 | learning_rate=0.000010 | epoch=3.376307
2026-02-16 06:54:01.645 | INFO     | __main__:on_log:109 - step=4850 | loss=0.078633 | grad_norm=1.085708 | learning_rate=0.000010 | epoch=3.379791
2026-02-16 06:54:08.978 | INFO     | __main__:on_log:109 - step=4855 | loss=0.073484 | grad_norm=1.476313 | learning_rate=0.000010 | epoch=3.383275
2026-02-16 06:54:15.493 | INFO     | __main__:on_log:109 - step=4860 | loss=0.075935 | grad_norm=1.268164 | learning_rate=0.000010 | epoch=3.386760
2026-02-16 06:54:22.010 | INFO     | __main__:on_log:109 - step=4865 | loss=0.095730 | grad_norm=1.134318 | learning_rate=0.000010 | epoch=3.390244
2026-02-16 06:54:28.572 | INFO     | __main__:on_log:109 - step=4870 | loss=0.077207 | grad_norm=1.589687 | learning_rate=0.000010 | epoch=3.393728
2026-02-16 06:54:35.367 | INFO     | __main__:on_log:109 - step=4875 | loss=0.077726 | grad_norm=1.633572 | learning_rate=0.000010 | epoch=3.397213
2026-02-16 06:54:41.879 | INFO     | __main__:on_log:109 - step=4880 | loss=0.075256 | grad_norm=1.485979 | learning_rate=0.000010 | epoch=3.400697
2026-02-16 06:54:48.411 | INFO     | __main__:on_log:109 - step=4885 | loss=0.068195 | grad_norm=1.552071 | learning_rate=0.000010 | epoch=3.404181
2026-02-16 06:54:54.941 | INFO     | __main__:on_log:109 - step=4890 | loss=0.079475 | grad_norm=3.477571 | learning_rate=0.000010 | epoch=3.407666
2026-02-16 06:55:01.789 | INFO     | __main__:on_log:109 - step=4895 | loss=0.080095 | grad_norm=1.006030 | learning_rate=0.000010 | epoch=3.411150
2026-02-16 06:55:08.316 | INFO     | __main__:on_log:109 - step=4900 | loss=0.074120 | grad_norm=0.771327 | learning_rate=0.000010 | epoch=3.414634
2026-02-16 06:55:15.247 | INFO     | __main__:on_log:109 - step=4905 | loss=0.107702 | grad_norm=1.099775 | learning_rate=0.000010 | epoch=3.418118
2026-02-16 06:55:21.765 | INFO     | __main__:on_log:109 - step=4910 | loss=0.089533 | grad_norm=1.917343 | learning_rate=0.000010 | epoch=3.421603
2026-02-16 06:55:28.563 | INFO     | __main__:on_log:109 - step=4915 | loss=0.077059 | grad_norm=0.989121 | learning_rate=0.000010 | epoch=3.425087
2026-02-16 06:55:35.074 | INFO     | __main__:on_log:109 - step=4920 | loss=0.111416 | grad_norm=1.957131 | learning_rate=0.000010 | epoch=3.428571
2026-02-16 06:55:41.579 | INFO     | __main__:on_log:109 - step=4925 | loss=0.068645 | grad_norm=1.143976 | learning_rate=0.000010 | epoch=3.432056
2026-02-16 06:55:48.115 | INFO     | __main__:on_log:109 - step=4930 | loss=0.085263 | grad_norm=1.296456 | learning_rate=0.000010 | epoch=3.435540
2026-02-16 06:55:54.657 | INFO     | __main__:on_log:109 - step=4935 | loss=0.074168 | grad_norm=0.769379 | learning_rate=0.000010 | epoch=3.439024
2026-02-16 06:56:01.518 | INFO     | __main__:on_log:109 - step=4940 | loss=0.079681 | grad_norm=1.126703 | learning_rate=0.000010 | epoch=3.442509
2026-02-16 06:56:08.055 | INFO     | __main__:on_log:109 - step=4945 | loss=0.091573 | grad_norm=1.544865 | learning_rate=0.000010 | epoch=3.445993
2026-02-16 06:56:14.573 | INFO     | __main__:on_log:109 - step=4950 | loss=0.095673 | grad_norm=2.854981 | learning_rate=0.000010 | epoch=3.449477
2026-02-16 06:56:21.541 | INFO     | __main__:on_log:109 - step=4955 | loss=0.054194 | grad_norm=0.734025 | learning_rate=0.000010 | epoch=3.452962
2026-02-16 06:56:28.393 | INFO     | __main__:on_log:109 - step=4960 | loss=0.077838 | grad_norm=1.488590 | learning_rate=0.000010 | epoch=3.456446
2026-02-16 06:56:34.925 | INFO     | __main__:on_log:109 - step=4965 | loss=0.077137 | grad_norm=1.490947 | learning_rate=0.000010 | epoch=3.459930
2026-02-16 06:56:41.467 | INFO     | __main__:on_log:109 - step=4970 | loss=0.063730 | grad_norm=1.087041 | learning_rate=0.000010 | epoch=3.463415
2026-02-16 06:56:47.990 | INFO     | __main__:on_log:109 - step=4975 | loss=0.091552 | grad_norm=1.350135 | learning_rate=0.000010 | epoch=3.466899
2026-02-16 06:56:54.801 | INFO     | __main__:on_log:109 - step=4980 | loss=0.077657 | grad_norm=1.249077 | learning_rate=0.000010 | epoch=3.470383
2026-02-16 06:57:01.347 | INFO     | __main__:on_log:109 - step=4985 | loss=0.090074 | grad_norm=1.145305 | learning_rate=0.000010 | epoch=3.473868
2026-02-16 06:57:07.880 | INFO     | __main__:on_log:109 - step=4990 | loss=0.075024 | grad_norm=1.154498 | learning_rate=0.000010 | epoch=3.477352
2026-02-16 06:57:14.398 | INFO     | __main__:on_log:109 - step=4995 | loss=0.134411 | grad_norm=1.366177 | learning_rate=0.000010 | epoch=3.480836
2026-02-16 06:57:21.244 | INFO     | __main__:on_log:109 - step=5000 | loss=0.076751 | grad_norm=0.914578 | learning_rate=0.000010 | epoch=3.484321
2026-02-16 06:57:28.214 | INFO     | __main__:on_log:109 - step=5005 | loss=0.096868 | grad_norm=1.225110 | learning_rate=0.000010 | epoch=3.487805
2026-02-16 06:57:34.755 | INFO     | __main__:on_log:109 - step=5010 | loss=0.071629 | grad_norm=1.465205 | learning_rate=0.000010 | epoch=3.491289
2026-02-16 06:57:41.290 | INFO     | __main__:on_log:109 - step=5015 | loss=0.086181 | grad_norm=0.797633 | learning_rate=0.000010 | epoch=3.494774
2026-02-16 06:57:48.127 | INFO     | __main__:on_log:109 - step=5020 | loss=0.106110 | grad_norm=1.137679 | learning_rate=0.000009 | epoch=3.498258
2026-02-16 06:57:54.661 | INFO     | __main__:on_log:109 - step=5025 | loss=0.122060 | grad_norm=1.675014 | learning_rate=0.000009 | epoch=3.501742
2026-02-16 06:58:01.202 | INFO     | __main__:on_log:109 - step=5030 | loss=0.061374 | grad_norm=0.956985 | learning_rate=0.000009 | epoch=3.505226
2026-02-16 06:58:07.764 | INFO     | __main__:on_log:109 - step=5035 | loss=0.099637 | grad_norm=1.341661 | learning_rate=0.000009 | epoch=3.508711
2026-02-16 06:58:14.630 | INFO     | __main__:on_log:109 - step=5040 | loss=0.086241 | grad_norm=1.577924 | learning_rate=0.000009 | epoch=3.512195
2026-02-16 06:58:21.134 | INFO     | __main__:on_log:109 - step=5045 | loss=0.070588 | grad_norm=2.553132 | learning_rate=0.000009 | epoch=3.515679
2026-02-16 06:58:27.650 | INFO     | __main__:on_log:109 - step=5050 | loss=0.085636 | grad_norm=1.442042 | learning_rate=0.000009 | epoch=3.519164
2026-02-16 06:58:34.579 | INFO     | __main__:on_log:109 - step=5055 | loss=0.078525 | grad_norm=0.881831 | learning_rate=0.000009 | epoch=3.522648
2026-02-16 06:58:41.415 | INFO     | __main__:on_log:109 - step=5060 | loss=0.059919 | grad_norm=1.737278 | learning_rate=0.000009 | epoch=3.526132
2026-02-16 06:58:47.932 | INFO     | __main__:on_log:109 - step=5065 | loss=0.072259 | grad_norm=1.308941 | learning_rate=0.000009 | epoch=3.529617
2026-02-16 06:58:54.434 | INFO     | __main__:on_log:109 - step=5070 | loss=0.058589 | grad_norm=1.360428 | learning_rate=0.000009 | epoch=3.533101
2026-02-16 06:59:00.950 | INFO     | __main__:on_log:109 - step=5075 | loss=0.068530 | grad_norm=1.034825 | learning_rate=0.000009 | epoch=3.536585
2026-02-16 06:59:07.483 | INFO     | __main__:on_log:109 - step=5080 | loss=0.080846 | grad_norm=0.976131 | learning_rate=0.000009 | epoch=3.540070
2026-02-16 06:59:14.239 | INFO     | __main__:on_log:109 - step=5085 | loss=0.094843 | grad_norm=1.240876 | learning_rate=0.000009 | epoch=3.543554
2026-02-16 06:59:20.737 | INFO     | __main__:on_log:109 - step=5090 | loss=0.097297 | grad_norm=2.051362 | learning_rate=0.000009 | epoch=3.547038
2026-02-16 06:59:27.246 | INFO     | __main__:on_log:109 - step=5095 | loss=0.095308 | grad_norm=1.444759 | learning_rate=0.000009 | epoch=3.550523
2026-02-16 06:59:33.769 | INFO     | __main__:on_log:109 - step=5100 | loss=0.089251 | grad_norm=1.568807 | learning_rate=0.000009 | epoch=3.554007
2026-02-16 06:59:41.082 | INFO     | __main__:on_log:109 - step=5105 | loss=0.081706 | grad_norm=1.840875 | learning_rate=0.000009 | epoch=3.557491
2026-02-16 06:59:47.607 | INFO     | __main__:on_log:109 - step=5110 | loss=0.062075 | grad_norm=1.262081 | learning_rate=0.000009 | epoch=3.560976
2026-02-16 06:59:54.163 | INFO     | __main__:on_log:109 - step=5115 | loss=0.055515 | grad_norm=1.034723 | learning_rate=0.000009 | epoch=3.564460
2026-02-16 07:00:00.698 | INFO     | __main__:on_log:109 - step=5120 | loss=0.108989 | grad_norm=1.649609 | learning_rate=0.000009 | epoch=3.567944
2026-02-16 07:00:07.548 | INFO     | __main__:on_log:109 - step=5125 | loss=0.080009 | grad_norm=1.265176 | learning_rate=0.000009 | epoch=3.571429
2026-02-16 07:00:14.075 | INFO     | __main__:on_log:109 - step=5130 | loss=0.081183 | grad_norm=2.256638 | learning_rate=0.000009 | epoch=3.574913
2026-02-16 07:00:20.461 | INFO     | __main__:on_log:109 - step=5135 | loss=0.041359 | grad_norm=1.257833 | learning_rate=0.000009 | epoch=3.578397
2026-02-16 07:00:26.986 | INFO     | __main__:on_log:109 - step=5140 | loss=0.093330 | grad_norm=1.422822 | learning_rate=0.000009 | epoch=3.581882
2026-02-16 07:00:33.798 | INFO     | __main__:on_log:109 - step=5145 | loss=0.085721 | grad_norm=1.002139 | learning_rate=0.000009 | epoch=3.585366
2026-02-16 07:00:40.334 | INFO     | __main__:on_log:109 - step=5150 | loss=0.081198 | grad_norm=1.239818 | learning_rate=0.000009 | epoch=3.588850
2026-02-16 07:00:47.291 | INFO     | __main__:on_log:109 - step=5155 | loss=0.078057 | grad_norm=0.857308 | learning_rate=0.000009 | epoch=3.592334
2026-02-16 07:00:53.861 | INFO     | __main__:on_log:109 - step=5160 | loss=0.061062 | grad_norm=1.500904 | learning_rate=0.000009 | epoch=3.595819
2026-02-16 07:01:00.691 | INFO     | __main__:on_log:109 - step=5165 | loss=0.084434 | grad_norm=1.238191 | learning_rate=0.000009 | epoch=3.599303
2026-02-16 07:01:07.231 | INFO     | __main__:on_log:109 - step=5170 | loss=0.128596 | grad_norm=1.935005 | learning_rate=0.000009 | epoch=3.602787
2026-02-16 07:01:13.741 | INFO     | __main__:on_log:109 - step=5175 | loss=0.089114 | grad_norm=1.297916 | learning_rate=0.000009 | epoch=3.606272
2026-02-16 07:01:20.289 | INFO     | __main__:on_log:109 - step=5180 | loss=0.088285 | grad_norm=0.732677 | learning_rate=0.000009 | epoch=3.609756
2026-02-16 07:01:26.834 | INFO     | __main__:on_log:109 - step=5185 | loss=0.075237 | grad_norm=1.865829 | learning_rate=0.000009 | epoch=3.613240
2026-02-16 07:01:33.590 | INFO     | __main__:on_log:109 - step=5190 | loss=0.070690 | grad_norm=1.524707 | learning_rate=0.000009 | epoch=3.616725
2026-02-16 07:01:40.090 | INFO     | __main__:on_log:109 - step=5195 | loss=0.043426 | grad_norm=0.707653 | learning_rate=0.000009 | epoch=3.620209
2026-02-16 07:01:46.642 | INFO     | __main__:on_log:109 - step=5200 | loss=0.065067 | grad_norm=0.927987 | learning_rate=0.000009 | epoch=3.623693
2026-02-16 07:01:53.665 | INFO     | __main__:on_log:109 - step=5205 | loss=0.055294 | grad_norm=1.207574 | learning_rate=0.000009 | epoch=3.627178
2026-02-16 07:02:00.545 | INFO     | __main__:on_log:109 - step=5210 | loss=0.077046 | grad_norm=0.781603 | learning_rate=0.000009 | epoch=3.630662
2026-02-16 07:02:07.077 | INFO     | __main__:on_log:109 - step=5215 | loss=0.082165 | grad_norm=1.067050 | learning_rate=0.000009 | epoch=3.634146
2026-02-16 07:02:13.612 | INFO     | __main__:on_log:109 - step=5220 | loss=0.102981 | grad_norm=1.236700 | learning_rate=0.000009 | epoch=3.637631
2026-02-16 07:02:20.131 | INFO     | __main__:on_log:109 - step=5225 | loss=0.088229 | grad_norm=1.320844 | learning_rate=0.000009 | epoch=3.641115
2026-02-16 07:02:26.971 | INFO     | __main__:on_log:109 - step=5230 | loss=0.082586 | grad_norm=0.750445 | learning_rate=0.000009 | epoch=3.644599
2026-02-16 07:02:33.509 | INFO     | __main__:on_log:109 - step=5235 | loss=0.065984 | grad_norm=1.205533 | learning_rate=0.000009 | epoch=3.648084
2026-02-16 07:02:40.039 | INFO     | __main__:on_log:109 - step=5240 | loss=0.084334 | grad_norm=1.047570 | learning_rate=0.000009 | epoch=3.651568
2026-02-16 07:02:46.584 | INFO     | __main__:on_log:109 - step=5245 | loss=0.105942 | grad_norm=1.473130 | learning_rate=0.000008 | epoch=3.655052
2026-02-16 07:02:53.480 | INFO     | __main__:on_log:109 - step=5250 | loss=0.072436 | grad_norm=0.765723 | learning_rate=0.000008 | epoch=3.658537
2026-02-16 07:03:00.451 | INFO     | __main__:on_log:109 - step=5255 | loss=0.063586 | grad_norm=1.085549 | learning_rate=0.000008 | epoch=3.662021
2026-02-16 07:03:06.981 | INFO     | __main__:on_log:109 - step=5260 | loss=0.091755 | grad_norm=0.837957 | learning_rate=0.000008 | epoch=3.665505
2026-02-16 07:03:13.514 | INFO     | __main__:on_log:109 - step=5265 | loss=0.093111 | grad_norm=1.512694 | learning_rate=0.000008 | epoch=3.668990
2026-02-16 07:03:20.350 | INFO     | __main__:on_log:109 - step=5270 | loss=0.080917 | grad_norm=1.952370 | learning_rate=0.000008 | epoch=3.672474
2026-02-16 07:03:26.847 | INFO     | __main__:on_log:109 - step=5275 | loss=0.074351 | grad_norm=1.602597 | learning_rate=0.000008 | epoch=3.675958
2026-02-16 07:03:33.369 | INFO     | __main__:on_log:109 - step=5280 | loss=0.137026 | grad_norm=1.480596 | learning_rate=0.000008 | epoch=3.679443
2026-02-16 07:03:39.828 | INFO     | __main__:on_log:109 - step=5285 | loss=0.064046 | grad_norm=1.070073 | learning_rate=0.000008 | epoch=3.682927
2026-02-16 07:03:46.648 | INFO     | __main__:on_log:109 - step=5290 | loss=0.084048 | grad_norm=1.452269 | learning_rate=0.000008 | epoch=3.686411
2026-02-16 07:03:53.166 | INFO     | __main__:on_log:109 - step=5295 | loss=0.110349 | grad_norm=2.416643 | learning_rate=0.000008 | epoch=3.689895
2026-02-16 07:03:59.690 | INFO     | __main__:on_log:109 - step=5300 | loss=0.073911 | grad_norm=1.312410 | learning_rate=0.000008 | epoch=3.693380
2026-02-16 07:04:06.736 | INFO     | __main__:on_log:109 - step=5305 | loss=0.101644 | grad_norm=2.657348 | learning_rate=0.000008 | epoch=3.696864
2026-02-16 07:04:13.588 | INFO     | __main__:on_log:109 - step=5310 | loss=0.070871 | grad_norm=1.218515 | learning_rate=0.000008 | epoch=3.700348
2026-02-16 07:04:20.175 | INFO     | __main__:on_log:109 - step=5315 | loss=0.109853 | grad_norm=1.564305 | learning_rate=0.000008 | epoch=3.703833
2026-02-16 07:04:26.704 | INFO     | __main__:on_log:109 - step=5320 | loss=0.065409 | grad_norm=1.097229 | learning_rate=0.000008 | epoch=3.707317
2026-02-16 07:04:33.269 | INFO     | __main__:on_log:109 - step=5325 | loss=0.075136 | grad_norm=1.396868 | learning_rate=0.000008 | epoch=3.710801
2026-02-16 07:04:39.751 | INFO     | __main__:on_log:109 - step=5330 | loss=0.124536 | grad_norm=1.774545 | learning_rate=0.000008 | epoch=3.714286
2026-02-16 07:04:46.582 | INFO     | __main__:on_log:109 - step=5335 | loss=0.066800 | grad_norm=1.454604 | learning_rate=0.000008 | epoch=3.717770
2026-02-16 07:04:53.082 | INFO     | __main__:on_log:109 - step=5340 | loss=0.079236 | grad_norm=1.484770 | learning_rate=0.000008 | epoch=3.721254
2026-02-16 07:04:59.625 | INFO     | __main__:on_log:109 - step=5345 | loss=0.083657 | grad_norm=1.012009 | learning_rate=0.000008 | epoch=3.724739
2026-02-16 07:05:06.175 | INFO     | __main__:on_log:109 - step=5350 | loss=0.105653 | grad_norm=1.490392 | learning_rate=0.000008 | epoch=3.728223
2026-02-16 07:05:13.433 | INFO     | __main__:on_log:109 - step=5355 | loss=0.123280 | grad_norm=1.152583 | learning_rate=0.000008 | epoch=3.731707
2026-02-16 07:05:19.960 | INFO     | __main__:on_log:109 - step=5360 | loss=0.067201 | grad_norm=1.515254 | learning_rate=0.000008 | epoch=3.735192
2026-02-16 07:05:26.485 | INFO     | __main__:on_log:109 - step=5365 | loss=0.084694 | grad_norm=1.270286 | learning_rate=0.000008 | epoch=3.738676
2026-02-16 07:05:33.036 | INFO     | __main__:on_log:109 - step=5370 | loss=0.096397 | grad_norm=2.331775 | learning_rate=0.000008 | epoch=3.742160
2026-02-16 07:05:39.831 | INFO     | __main__:on_log:109 - step=5375 | loss=0.083299 | grad_norm=1.693122 | learning_rate=0.000008 | epoch=3.745645
2026-02-16 07:05:46.367 | INFO     | __main__:on_log:109 - step=5380 | loss=0.105760 | grad_norm=1.699350 | learning_rate=0.000008 | epoch=3.749129
2026-02-16 07:05:52.901 | INFO     | __main__:on_log:109 - step=5385 | loss=0.085551 | grad_norm=1.388513 | learning_rate=0.000008 | epoch=3.752613
2026-02-16 07:05:59.454 | INFO     | __main__:on_log:109 - step=5390 | loss=0.120143 | grad_norm=1.615182 | learning_rate=0.000008 | epoch=3.756098
2026-02-16 07:06:06.267 | INFO     | __main__:on_log:109 - step=5395 | loss=0.083872 | grad_norm=1.276153 | learning_rate=0.000008 | epoch=3.759582
2026-02-16 07:06:12.784 | INFO     | __main__:on_log:109 - step=5400 | loss=0.082688 | grad_norm=1.360735 | learning_rate=0.000008 | epoch=3.763066
2026-02-16 07:06:19.789 | INFO     | __main__:on_log:109 - step=5405 | loss=0.074781 | grad_norm=2.056735 | learning_rate=0.000008 | epoch=3.766551
2026-02-16 07:06:26.305 | INFO     | __main__:on_log:109 - step=5410 | loss=0.080246 | grad_norm=1.849188 | learning_rate=0.000008 | epoch=3.770035
2026-02-16 07:06:33.012 | INFO     | __main__:on_log:109 - step=5415 | loss=0.069550 | grad_norm=0.880279 | learning_rate=0.000008 | epoch=3.773519
2026-02-16 07:06:39.543 | INFO     | __main__:on_log:109 - step=5420 | loss=0.085193 | grad_norm=1.009191 | learning_rate=0.000008 | epoch=3.777003
2026-02-16 07:06:46.067 | INFO     | __main__:on_log:109 - step=5425 | loss=0.093814 | grad_norm=1.502365 | learning_rate=0.000008 | epoch=3.780488
2026-02-16 07:06:52.577 | INFO     | __main__:on_log:109 - step=5430 | loss=0.080381 | grad_norm=1.087425 | learning_rate=0.000008 | epoch=3.783972
2026-02-16 07:06:59.119 | INFO     | __main__:on_log:109 - step=5435 | loss=0.096612 | grad_norm=1.946451 | learning_rate=0.000008 | epoch=3.787456
2026-02-16 07:07:06.008 | INFO     | __main__:on_log:109 - step=5440 | loss=0.096612 | grad_norm=1.173255 | learning_rate=0.000008 | epoch=3.790941
2026-02-16 07:07:12.531 | INFO     | __main__:on_log:109 - step=5445 | loss=0.092846 | grad_norm=0.876864 | learning_rate=0.000008 | epoch=3.794425
2026-02-16 07:07:19.054 | INFO     | __main__:on_log:109 - step=5450 | loss=0.068349 | grad_norm=1.367694 | learning_rate=0.000008 | epoch=3.797909
2026-02-16 07:07:26.011 | INFO     | __main__:on_log:109 - step=5455 | loss=0.080053 | grad_norm=1.483187 | learning_rate=0.000008 | epoch=3.801394
2026-02-16 07:07:32.928 | INFO     | __main__:on_log:109 - step=5460 | loss=0.088108 | grad_norm=0.944025 | learning_rate=0.000008 | epoch=3.804878
2026-02-16 07:07:39.364 | INFO     | __main__:on_log:109 - step=5465 | loss=0.071469 | grad_norm=1.589723 | learning_rate=0.000008 | epoch=3.808362
2026-02-16 07:07:45.883 | INFO     | __main__:on_log:109 - step=5470 | loss=0.087311 | grad_norm=1.939211 | learning_rate=0.000008 | epoch=3.811847
2026-02-16 07:07:52.405 | INFO     | __main__:on_log:109 - step=5475 | loss=0.113820 | grad_norm=51.420609 | learning_rate=0.000007 | epoch=3.815331
2026-02-16 07:07:59.227 | INFO     | __main__:on_log:109 - step=5480 | loss=0.079942 | grad_norm=2.053834 | learning_rate=0.000007 | epoch=3.818815
2026-02-16 07:08:05.737 | INFO     | __main__:on_log:109 - step=5485 | loss=0.079619 | grad_norm=1.475395 | learning_rate=0.000007 | epoch=3.822300
2026-02-16 07:08:12.269 | INFO     | __main__:on_log:109 - step=5490 | loss=0.085659 | grad_norm=1.351403 | learning_rate=0.000007 | epoch=3.825784
2026-02-16 07:08:18.794 | INFO     | __main__:on_log:109 - step=5495 | loss=0.089253 | grad_norm=1.298309 | learning_rate=0.000007 | epoch=3.829268
2026-02-16 07:08:25.652 | INFO     | __main__:on_log:109 - step=5500 | loss=0.094788 | grad_norm=1.276029 | learning_rate=0.000007 | epoch=3.832753
2026-02-16 07:08:32.642 | INFO     | __main__:on_log:109 - step=5505 | loss=0.092975 | grad_norm=1.636552 | learning_rate=0.000007 | epoch=3.836237
2026-02-16 07:08:39.150 | INFO     | __main__:on_log:109 - step=5510 | loss=0.075059 | grad_norm=1.931007 | learning_rate=0.000007 | epoch=3.839721
2026-02-16 07:08:45.666 | INFO     | __main__:on_log:109 - step=5515 | loss=0.068937 | grad_norm=1.576180 | learning_rate=0.000007 | epoch=3.843206
2026-02-16 07:08:52.439 | INFO     | __main__:on_log:109 - step=5520 | loss=0.102931 | grad_norm=1.684716 | learning_rate=0.000007 | epoch=3.846690
2026-02-16 07:08:58.958 | INFO     | __main__:on_log:109 - step=5525 | loss=0.053534 | grad_norm=0.722010 | learning_rate=0.000007 | epoch=3.850174
2026-02-16 07:09:05.412 | INFO     | __main__:on_log:109 - step=5530 | loss=0.036701 | grad_norm=0.189183 | learning_rate=0.000007 | epoch=3.853659
2026-02-16 07:09:11.943 | INFO     | __main__:on_log:109 - step=5535 | loss=0.092265 | grad_norm=1.458116 | learning_rate=0.000007 | epoch=3.857143
2026-02-16 07:09:18.877 | INFO     | __main__:on_log:109 - step=5540 | loss=0.102381 | grad_norm=1.021322 | learning_rate=0.000007 | epoch=3.860627
2026-02-16 07:09:25.393 | INFO     | __main__:on_log:109 - step=5545 | loss=0.114009 | grad_norm=0.918245 | learning_rate=0.000007 | epoch=3.864111
2026-02-16 07:09:31.938 | INFO     | __main__:on_log:109 - step=5550 | loss=0.067356 | grad_norm=1.289026 | learning_rate=0.000007 | epoch=3.867596
2026-02-16 07:09:38.858 | INFO     | __main__:on_log:109 - step=5555 | loss=0.061072 | grad_norm=1.039096 | learning_rate=0.000007 | epoch=3.871080
2026-02-16 07:09:45.721 | INFO     | __main__:on_log:109 - step=5560 | loss=0.061065 | grad_norm=1.015969 | learning_rate=0.000007 | epoch=3.874564
2026-02-16 07:09:52.237 | INFO     | __main__:on_log:109 - step=5565 | loss=0.073494 | grad_norm=0.944163 | learning_rate=0.000007 | epoch=3.878049
2026-02-16 07:09:58.764 | INFO     | __main__:on_log:109 - step=5570 | loss=0.080323 | grad_norm=1.607357 | learning_rate=0.000007 | epoch=3.881533
2026-02-16 07:10:05.280 | INFO     | __main__:on_log:109 - step=5575 | loss=0.126810 | grad_norm=2.573870 | learning_rate=0.000007 | epoch=3.885017
2026-02-16 07:10:11.744 | INFO     | __main__:on_log:109 - step=5580 | loss=0.113093 | grad_norm=1.537071 | learning_rate=0.000007 | epoch=3.888502
2026-02-16 07:10:18.555 | INFO     | __main__:on_log:109 - step=5585 | loss=0.069792 | grad_norm=1.684317 | learning_rate=0.000007 | epoch=3.891986
2026-02-16 07:10:25.064 | INFO     | __main__:on_log:109 - step=5590 | loss=0.106289 | grad_norm=1.751796 | learning_rate=0.000007 | epoch=3.895470
2026-02-16 07:10:31.582 | INFO     | __main__:on_log:109 - step=5595 | loss=0.080397 | grad_norm=2.294830 | learning_rate=0.000007 | epoch=3.898955
2026-02-16 07:10:38.127 | INFO     | __main__:on_log:109 - step=5600 | loss=0.094062 | grad_norm=1.704960 | learning_rate=0.000007 | epoch=3.902439
2026-02-16 07:10:45.382 | INFO     | __main__:on_log:109 - step=5605 | loss=0.116455 | grad_norm=1.131190 | learning_rate=0.000007 | epoch=3.905923
2026-02-16 07:10:51.918 | INFO     | __main__:on_log:109 - step=5610 | loss=0.092047 | grad_norm=0.993004 | learning_rate=0.000007 | epoch=3.909408
2026-02-16 07:10:58.454 | INFO     | __main__:on_log:109 - step=5615 | loss=0.058745 | grad_norm=1.017622 | learning_rate=0.000007 | epoch=3.912892
2026-02-16 07:11:04.982 | INFO     | __main__:on_log:109 - step=5620 | loss=0.073175 | grad_norm=0.739554 | learning_rate=0.000007 | epoch=3.916376
2026-02-16 07:11:11.796 | INFO     | __main__:on_log:109 - step=5625 | loss=0.071441 | grad_norm=1.059119 | learning_rate=0.000007 | epoch=3.919861
2026-02-16 07:11:18.332 | INFO     | __main__:on_log:109 - step=5630 | loss=0.065054 | grad_norm=1.433477 | learning_rate=0.000007 | epoch=3.923345
2026-02-16 07:11:24.870 | INFO     | __main__:on_log:109 - step=5635 | loss=0.083489 | grad_norm=1.085639 | learning_rate=0.000007 | epoch=3.926829
2026-02-16 07:11:31.371 | INFO     | __main__:on_log:109 - step=5640 | loss=0.078342 | grad_norm=1.555264 | learning_rate=0.000007 | epoch=3.930314
2026-02-16 07:11:38.180 | INFO     | __main__:on_log:109 - step=5645 | loss=0.105722 | grad_norm=1.285167 | learning_rate=0.000007 | epoch=3.933798
2026-02-16 07:11:44.692 | INFO     | __main__:on_log:109 - step=5650 | loss=0.092372 | grad_norm=1.764456 | learning_rate=0.000007 | epoch=3.937282
2026-02-16 07:11:51.652 | INFO     | __main__:on_log:109 - step=5655 | loss=0.081942 | grad_norm=0.867830 | learning_rate=0.000007 | epoch=3.940767
2026-02-16 07:11:58.147 | INFO     | __main__:on_log:109 - step=5660 | loss=0.103714 | grad_norm=1.643578 | learning_rate=0.000007 | epoch=3.944251
2026-02-16 07:12:04.988 | INFO     | __main__:on_log:109 - step=5665 | loss=0.070204 | grad_norm=1.975494 | learning_rate=0.000007 | epoch=3.947735
2026-02-16 07:12:11.516 | INFO     | __main__:on_log:109 - step=5670 | loss=0.088149 | grad_norm=1.423982 | learning_rate=0.000007 | epoch=3.951220
2026-02-16 07:12:18.036 | INFO     | __main__:on_log:109 - step=5675 | loss=0.111549 | grad_norm=1.889750 | learning_rate=0.000007 | epoch=3.954704
2026-02-16 07:12:24.567 | INFO     | __main__:on_log:109 - step=5680 | loss=0.080371 | grad_norm=0.669659 | learning_rate=0.000007 | epoch=3.958188
2026-02-16 07:12:31.100 | INFO     | __main__:on_log:109 - step=5685 | loss=0.090879 | grad_norm=1.393032 | learning_rate=0.000007 | epoch=3.961672
2026-02-16 07:12:37.882 | INFO     | __main__:on_log:109 - step=5690 | loss=0.070539 | grad_norm=2.312145 | learning_rate=0.000007 | epoch=3.965157
2026-02-16 07:12:44.432 | INFO     | __main__:on_log:109 - step=5695 | loss=0.071260 | grad_norm=1.399493 | learning_rate=0.000007 | epoch=3.968641
2026-02-16 07:12:50.964 | INFO     | __main__:on_log:109 - step=5700 | loss=0.063533 | grad_norm=1.231679 | learning_rate=0.000006 | epoch=3.972125
2026-02-16 07:12:57.954 | INFO     | __main__:on_log:109 - step=5705 | loss=0.102842 | grad_norm=1.184376 | learning_rate=0.000006 | epoch=3.975610
2026-02-16 07:13:04.875 | INFO     | __main__:on_log:109 - step=5710 | loss=0.054059 | grad_norm=1.268221 | learning_rate=0.000006 | epoch=3.979094
2026-02-16 07:13:11.373 | INFO     | __main__:on_log:109 - step=5715 | loss=0.116926 | grad_norm=1.184086 | learning_rate=0.000006 | epoch=3.982578
2026-02-16 07:13:17.898 | INFO     | __main__:on_log:109 - step=5720 | loss=0.075524 | grad_norm=1.053900 | learning_rate=0.000006 | epoch=3.986063
2026-02-16 07:13:24.435 | INFO     | __main__:on_log:109 - step=5725 | loss=0.095060 | grad_norm=0.800778 | learning_rate=0.000006 | epoch=3.989547
2026-02-16 07:13:31.287 | INFO     | __main__:on_log:109 - step=5730 | loss=0.088479 | grad_norm=1.373530 | learning_rate=0.000006 | epoch=3.993031
2026-02-16 07:13:37.792 | INFO     | __main__:on_log:109 - step=5735 | loss=0.092363 | grad_norm=2.152686 | learning_rate=0.000006 | epoch=3.996516
2026-02-16 07:13:43.767 | INFO     | __main__:on_log:109 - step=5740 | loss=0.067403 | grad_norm=1.430205 | learning_rate=0.000006 | epoch=4.000000
2026-02-16 07:13:50.297 | INFO     | __main__:on_log:109 - step=5745 | loss=0.073729 | grad_norm=1.328423 | learning_rate=0.000006 | epoch=4.003484
2026-02-16 07:13:57.127 | INFO     | __main__:on_log:109 - step=5750 | loss=0.055403 | grad_norm=1.074468 | learning_rate=0.000006 | epoch=4.006969
2026-02-16 07:14:04.095 | INFO     | __main__:on_log:109 - step=5755 | loss=0.072101 | grad_norm=1.554506 | learning_rate=0.000006 | epoch=4.010453
2026-02-16 07:14:10.636 | INFO     | __main__:on_log:109 - step=5760 | loss=0.077627 | grad_norm=1.209810 | learning_rate=0.000006 | epoch=4.013937
2026-02-16 07:14:17.171 | INFO     | __main__:on_log:109 - step=5765 | loss=0.064038 | grad_norm=0.717021 | learning_rate=0.000006 | epoch=4.017422
2026-02-16 07:14:24.048 | INFO     | __main__:on_log:109 - step=5770 | loss=0.079766 | grad_norm=1.076565 | learning_rate=0.000006 | epoch=4.020906
2026-02-16 07:14:30.506 | INFO     | __main__:on_log:109 - step=5775 | loss=0.082566 | grad_norm=1.126329 | learning_rate=0.000006 | epoch=4.024390
2026-02-16 07:14:37.038 | INFO     | __main__:on_log:109 - step=5780 | loss=0.094504 | grad_norm=1.686409 | learning_rate=0.000006 | epoch=4.027875
2026-02-16 07:14:43.577 | INFO     | __main__:on_log:109 - step=5785 | loss=0.087692 | grad_norm=1.187816 | learning_rate=0.000006 | epoch=4.031359
2026-02-16 07:14:50.349 | INFO     | __main__:on_log:109 - step=5790 | loss=0.105411 | grad_norm=2.290429 | learning_rate=0.000006 | epoch=4.034843
2026-02-16 07:14:56.870 | INFO     | __main__:on_log:109 - step=5795 | loss=0.067619 | grad_norm=0.801053 | learning_rate=0.000006 | epoch=4.038328
2026-02-16 07:15:03.395 | INFO     | __main__:on_log:109 - step=5800 | loss=0.078599 | grad_norm=1.358896 | learning_rate=0.000006 | epoch=4.041812
2026-02-16 07:15:10.379 | INFO     | __main__:on_log:109 - step=5805 | loss=0.061581 | grad_norm=0.913066 | learning_rate=0.000006 | epoch=4.045296
2026-02-16 07:15:17.270 | INFO     | __main__:on_log:109 - step=5810 | loss=0.072109 | grad_norm=1.215359 | learning_rate=0.000006 | epoch=4.048780
2026-02-16 07:15:23.797 | INFO     | __main__:on_log:109 - step=5815 | loss=0.070947 | grad_norm=1.382914 | learning_rate=0.000006 | epoch=4.052265
2026-02-16 07:15:30.305 | INFO     | __main__:on_log:109 - step=5820 | loss=0.072574 | grad_norm=0.758461 | learning_rate=0.000006 | epoch=4.055749
2026-02-16 07:15:36.836 | INFO     | __main__:on_log:109 - step=5825 | loss=0.061241 | grad_norm=0.918396 | learning_rate=0.000006 | epoch=4.059233
2026-02-16 07:15:43.362 | INFO     | __main__:on_log:109 - step=5830 | loss=0.086272 | grad_norm=1.005783 | learning_rate=0.000006 | epoch=4.062718
2026-02-16 07:15:50.174 | INFO     | __main__:on_log:109 - step=5835 | loss=0.066980 | grad_norm=1.481957 | learning_rate=0.000006 | epoch=4.066202
2026-02-16 07:15:56.697 | INFO     | __main__:on_log:109 - step=5840 | loss=0.072326 | grad_norm=1.956017 | learning_rate=0.000006 | epoch=4.069686
2026-02-16 07:16:03.245 | INFO     | __main__:on_log:109 - step=5845 | loss=0.061994 | grad_norm=0.797780 | learning_rate=0.000006 | epoch=4.073171
2026-02-16 07:16:09.778 | INFO     | __main__:on_log:109 - step=5850 | loss=0.041636 | grad_norm=1.233891 | learning_rate=0.000006 | epoch=4.076655
2026-02-16 07:16:17.099 | INFO     | __main__:on_log:109 - step=5855 | loss=0.059320 | grad_norm=1.253973 | learning_rate=0.000006 | epoch=4.080139
2026-02-16 07:16:23.633 | INFO     | __main__:on_log:109 - step=5860 | loss=0.065608 | grad_norm=0.981037 | learning_rate=0.000006 | epoch=4.083624
2026-02-16 07:16:30.153 | INFO     | __main__:on_log:109 - step=5865 | loss=0.081561 | grad_norm=2.318049 | learning_rate=0.000006 | epoch=4.087108
2026-02-16 07:16:36.670 | INFO     | __main__:on_log:109 - step=5870 | loss=0.073000 | grad_norm=1.083325 | learning_rate=0.000006 | epoch=4.090592
2026-02-16 07:16:43.487 | INFO     | __main__:on_log:109 - step=5875 | loss=0.062275 | grad_norm=1.523216 | learning_rate=0.000006 | epoch=4.094077
2026-02-16 07:16:50.041 | INFO     | __main__:on_log:109 - step=5880 | loss=0.077038 | grad_norm=1.591256 | learning_rate=0.000006 | epoch=4.097561
2026-02-16 07:16:56.587 | INFO     | __main__:on_log:109 - step=5885 | loss=0.082026 | grad_norm=1.303263 | learning_rate=0.000006 | epoch=4.101045
2026-02-16 07:17:03.093 | INFO     | __main__:on_log:109 - step=5890 | loss=0.098970 | grad_norm=1.429888 | learning_rate=0.000006 | epoch=4.104530
2026-02-16 07:17:09.952 | INFO     | __main__:on_log:109 - step=5895 | loss=0.065030 | grad_norm=0.611526 | learning_rate=0.000006 | epoch=4.108014
2026-02-16 07:17:16.473 | INFO     | __main__:on_log:109 - step=5900 | loss=0.075164 | grad_norm=1.476134 | learning_rate=0.000006 | epoch=4.111498
2026-02-16 07:17:23.465 | INFO     | __main__:on_log:109 - step=5905 | loss=0.101242 | grad_norm=1.348102 | learning_rate=0.000006 | epoch=4.114983
2026-02-16 07:17:30.045 | INFO     | __main__:on_log:109 - step=5910 | loss=0.053451 | grad_norm=0.983102 | learning_rate=0.000006 | epoch=4.118467
2026-02-16 07:17:36.826 | INFO     | __main__:on_log:109 - step=5915 | loss=0.063435 | grad_norm=1.136992 | learning_rate=0.000006 | epoch=4.121951
2026-02-16 07:17:43.350 | INFO     | __main__:on_log:109 - step=5920 | loss=0.101664 | grad_norm=1.343082 | learning_rate=0.000006 | epoch=4.125436
2026-02-16 07:17:49.873 | INFO     | __main__:on_log:109 - step=5925 | loss=0.042850 | grad_norm=1.111268 | learning_rate=0.000006 | epoch=4.128920
2026-02-16 07:17:56.411 | INFO     | __main__:on_log:109 - step=5930 | loss=0.060390 | grad_norm=1.450635 | learning_rate=0.000005 | epoch=4.132404
2026-02-16 07:18:02.845 | INFO     | __main__:on_log:109 - step=5935 | loss=0.061752 | grad_norm=0.975555 | learning_rate=0.000005 | epoch=4.135889
2026-02-16 07:18:09.663 | INFO     | __main__:on_log:109 - step=5940 | loss=0.090524 | grad_norm=2.238415 | learning_rate=0.000005 | epoch=4.139373
2026-02-16 07:18:16.176 | INFO     | __main__:on_log:109 - step=5945 | loss=0.097148 | grad_norm=1.369065 | learning_rate=0.000005 | epoch=4.142857
2026-02-16 07:18:22.707 | INFO     | __main__:on_log:109 - step=5950 | loss=0.091861 | grad_norm=2.099983 | learning_rate=0.000005 | epoch=4.146341
2026-02-16 07:18:29.674 | INFO     | __main__:on_log:109 - step=5955 | loss=0.076517 | grad_norm=2.058367 | learning_rate=0.000005 | epoch=4.149826
2026-02-16 07:18:36.541 | INFO     | __main__:on_log:109 - step=5960 | loss=0.048200 | grad_norm=1.780394 | learning_rate=0.000005 | epoch=4.153310
2026-02-16 07:18:43.086 | INFO     | __main__:on_log:109 - step=5965 | loss=0.072433 | grad_norm=1.303078 | learning_rate=0.000005 | epoch=4.156794
2026-02-16 07:18:49.608 | INFO     | __main__:on_log:109 - step=5970 | loss=0.074771 | grad_norm=1.512721 | learning_rate=0.000005 | epoch=4.160279
2026-02-16 07:18:56.098 | INFO     | __main__:on_log:109 - step=5975 | loss=0.074543 | grad_norm=1.191046 | learning_rate=0.000005 | epoch=4.163763
2026-02-16 07:19:02.853 | INFO     | __main__:on_log:109 - step=5980 | loss=0.072734 | grad_norm=1.523578 | learning_rate=0.000005 | epoch=4.167247
2026-02-16 07:19:09.355 | INFO     | __main__:on_log:109 - step=5985 | loss=0.055627 | grad_norm=0.833193 | learning_rate=0.000005 | epoch=4.170732
2026-02-16 07:19:15.848 | INFO     | __main__:on_log:109 - step=5990 | loss=0.089489 | grad_norm=1.928566 | learning_rate=0.000005 | epoch=4.174216
2026-02-16 07:19:22.353 | INFO     | __main__:on_log:109 - step=5995 | loss=0.057007 | grad_norm=2.407026 | learning_rate=0.000005 | epoch=4.177700
2026-02-16 07:19:29.113 | INFO     | __main__:on_log:109 - step=6000 | loss=0.089568 | grad_norm=2.042166 | learning_rate=0.000005 | epoch=4.181185
2026-02-16 07:19:36.043 | INFO     | __main__:on_log:109 - step=6005 | loss=0.073686 | grad_norm=1.729667 | learning_rate=0.000005 | epoch=4.184669
2026-02-16 07:19:42.581 | INFO     | __main__:on_log:109 - step=6010 | loss=0.065224 | grad_norm=1.055864 | learning_rate=0.000005 | epoch=4.188153
2026-02-16 07:19:49.096 | INFO     | __main__:on_log:109 - step=6015 | loss=0.110916 | grad_norm=2.305596 | learning_rate=0.000005 | epoch=4.191638
2026-02-16 07:19:56.004 | INFO     | __main__:on_log:109 - step=6020 | loss=0.047078 | grad_norm=1.007519 | learning_rate=0.000005 | epoch=4.195122
2026-02-16 07:20:02.539 | INFO     | __main__:on_log:109 - step=6025 | loss=0.093469 | grad_norm=2.096387 | learning_rate=0.000005 | epoch=4.198606
2026-02-16 07:20:09.074 | INFO     | __main__:on_log:109 - step=6030 | loss=0.083496 | grad_norm=1.737170 | learning_rate=0.000005 | epoch=4.202091
2026-02-16 07:20:15.600 | INFO     | __main__:on_log:109 - step=6035 | loss=0.044124 | grad_norm=0.556296 | learning_rate=0.000005 | epoch=4.205575
2026-02-16 07:20:22.444 | INFO     | __main__:on_log:109 - step=6040 | loss=0.055990 | grad_norm=0.756639 | learning_rate=0.000005 | epoch=4.209059
2026-02-16 07:20:28.873 | INFO     | __main__:on_log:109 - step=6045 | loss=0.054751 | grad_norm=1.018398 | learning_rate=0.000005 | epoch=4.212544
2026-02-16 07:20:35.392 | INFO     | __main__:on_log:109 - step=6050 | loss=0.071435 | grad_norm=1.471097 | learning_rate=0.000005 | epoch=4.216028
2026-02-16 07:20:42.368 | INFO     | __main__:on_log:109 - step=6055 | loss=0.057875 | grad_norm=0.729421 | learning_rate=0.000005 | epoch=4.219512
2026-02-16 07:20:49.213 | INFO     | __main__:on_log:109 - step=6060 | loss=0.085510 | grad_norm=1.327999 | learning_rate=0.000005 | epoch=4.222997
2026-02-16 07:20:55.731 | INFO     | __main__:on_log:109 - step=6065 | loss=0.106989 | grad_norm=1.833754 | learning_rate=0.000005 | epoch=4.226481
2026-02-16 07:21:02.259 | INFO     | __main__:on_log:109 - step=6070 | loss=0.091740 | grad_norm=1.503361 | learning_rate=0.000005 | epoch=4.229965
2026-02-16 07:21:08.780 | INFO     | __main__:on_log:109 - step=6075 | loss=0.048241 | grad_norm=0.988014 | learning_rate=0.000005 | epoch=4.233449
2026-02-16 07:21:15.288 | INFO     | __main__:on_log:109 - step=6080 | loss=0.104886 | grad_norm=1.295820 | learning_rate=0.000005 | epoch=4.236934
2026-02-16 07:21:22.083 | INFO     | __main__:on_log:109 - step=6085 | loss=0.041553 | grad_norm=1.410137 | learning_rate=0.000005 | epoch=4.240418
2026-02-16 07:21:28.606 | INFO     | __main__:on_log:109 - step=6090 | loss=0.056146 | grad_norm=2.893752 | learning_rate=0.000005 | epoch=4.243902
2026-02-16 07:21:35.152 | INFO     | __main__:on_log:109 - step=6095 | loss=0.049138 | grad_norm=1.312569 | learning_rate=0.000005 | epoch=4.247387
2026-02-16 07:21:41.685 | INFO     | __main__:on_log:109 - step=6100 | loss=0.054550 | grad_norm=0.921848 | learning_rate=0.000005 | epoch=4.250871
2026-02-16 07:21:48.949 | INFO     | __main__:on_log:109 - step=6105 | loss=0.065866 | grad_norm=0.608140 | learning_rate=0.000005 | epoch=4.254355
2026-02-16 07:21:55.454 | INFO     | __main__:on_log:109 - step=6110 | loss=0.051620 | grad_norm=1.183215 | learning_rate=0.000005 | epoch=4.257840
2026-02-16 07:22:01.974 | INFO     | __main__:on_log:109 - step=6115 | loss=0.073944 | grad_norm=1.515933 | learning_rate=0.000005 | epoch=4.261324
2026-02-16 07:22:08.485 | INFO     | __main__:on_log:109 - step=6120 | loss=0.073326 | grad_norm=2.060328 | learning_rate=0.000005 | epoch=4.264808
2026-02-16 07:22:15.425 | INFO     | __main__:on_log:109 - step=6125 | loss=0.052589 | grad_norm=1.256555 | learning_rate=0.000005 | epoch=4.268293
2026-02-16 07:22:21.930 | INFO     | __main__:on_log:109 - step=6130 | loss=0.100188 | grad_norm=3.129208 | learning_rate=0.000005 | epoch=4.271777
2026-02-16 07:22:28.441 | INFO     | __main__:on_log:109 - step=6135 | loss=0.069937 | grad_norm=1.409432 | learning_rate=0.000005 | epoch=4.275261
2026-02-16 07:22:34.960 | INFO     | __main__:on_log:109 - step=6140 | loss=0.081587 | grad_norm=1.258074 | learning_rate=0.000005 | epoch=4.278746
2026-02-16 07:22:41.770 | INFO     | __main__:on_log:109 - step=6145 | loss=0.076455 | grad_norm=1.798323 | learning_rate=0.000005 | epoch=4.282230
2026-02-16 07:22:48.318 | INFO     | __main__:on_log:109 - step=6150 | loss=0.069925 | grad_norm=1.340347 | learning_rate=0.000005 | epoch=4.285714
2026-02-16 07:22:55.280 | INFO     | __main__:on_log:109 - step=6155 | loss=0.080092 | grad_norm=2.879758 | learning_rate=0.000004 | epoch=4.289199
2026-02-16 07:23:01.814 | INFO     | __main__:on_log:109 - step=6160 | loss=0.044340 | grad_norm=1.075604 | learning_rate=0.000004 | epoch=4.292683
2026-02-16 07:23:08.628 | INFO     | __main__:on_log:109 - step=6165 | loss=0.091179 | grad_norm=1.747453 | learning_rate=0.000004 | epoch=4.296167
2026-02-16 07:23:15.185 | INFO     | __main__:on_log:109 - step=6170 | loss=0.079108 | grad_norm=1.509332 | learning_rate=0.000004 | epoch=4.299652
2026-02-16 07:23:21.718 | INFO     | __main__:on_log:109 - step=6175 | loss=0.080628 | grad_norm=1.266992 | learning_rate=0.000004 | epoch=4.303136
2026-02-16 07:23:28.241 | INFO     | __main__:on_log:109 - step=6180 | loss=0.100249 | grad_norm=1.308021 | learning_rate=0.000004 | epoch=4.306620
2026-02-16 07:23:34.759 | INFO     | __main__:on_log:109 - step=6185 | loss=0.055514 | grad_norm=0.952993 | learning_rate=0.000004 | epoch=4.310105
2026-02-16 07:23:41.549 | INFO     | __main__:on_log:109 - step=6190 | loss=0.068591 | grad_norm=1.823990 | learning_rate=0.000004 | epoch=4.313589
2026-02-16 07:23:48.055 | INFO     | __main__:on_log:109 - step=6195 | loss=0.079184 | grad_norm=2.303907 | learning_rate=0.000004 | epoch=4.317073
2026-02-16 07:23:54.584 | INFO     | __main__:on_log:109 - step=6200 | loss=0.075978 | grad_norm=1.349882 | learning_rate=0.000004 | epoch=4.320557
2026-02-16 07:24:01.574 | INFO     | __main__:on_log:109 - step=6205 | loss=0.088710 | grad_norm=1.657233 | learning_rate=0.000004 | epoch=4.324042
2026-02-16 07:24:08.407 | INFO     | __main__:on_log:109 - step=6210 | loss=0.065400 | grad_norm=1.173262 | learning_rate=0.000004 | epoch=4.327526
2026-02-16 07:24:14.907 | INFO     | __main__:on_log:109 - step=6215 | loss=0.080726 | grad_norm=1.401949 | learning_rate=0.000004 | epoch=4.331010
2026-02-16 07:24:21.419 | INFO     | __main__:on_log:109 - step=6220 | loss=0.075359 | grad_norm=1.469664 | learning_rate=0.000004 | epoch=4.334495
2026-02-16 07:24:27.969 | INFO     | __main__:on_log:109 - step=6225 | loss=0.059194 | grad_norm=1.159512 | learning_rate=0.000004 | epoch=4.337979
2026-02-16 07:24:34.797 | INFO     | __main__:on_log:109 - step=6230 | loss=0.059346 | grad_norm=1.933787 | learning_rate=0.000004 | epoch=4.341463
2026-02-16 07:24:41.344 | INFO     | __main__:on_log:109 - step=6235 | loss=0.084031 | grad_norm=1.307226 | learning_rate=0.000004 | epoch=4.344948
2026-02-16 07:24:47.875 | INFO     | __main__:on_log:109 - step=6240 | loss=0.057477 | grad_norm=1.370181 | learning_rate=0.000004 | epoch=4.348432
2026-02-16 07:24:54.389 | INFO     | __main__:on_log:109 - step=6245 | loss=0.069551 | grad_norm=1.257506 | learning_rate=0.000004 | epoch=4.351916
2026-02-16 07:25:01.219 | INFO     | __main__:on_log:109 - step=6250 | loss=0.065712 | grad_norm=0.789903 | learning_rate=0.000004 | epoch=4.355401
2026-02-16 07:25:08.161 | INFO     | __main__:on_log:109 - step=6255 | loss=0.056984 | grad_norm=2.563740 | learning_rate=0.000004 | epoch=4.358885
2026-02-16 07:25:14.693 | INFO     | __main__:on_log:109 - step=6260 | loss=0.042053 | grad_norm=0.618363 | learning_rate=0.000004 | epoch=4.362369
2026-02-16 07:25:21.250 | INFO     | __main__:on_log:109 - step=6265 | loss=0.091913 | grad_norm=0.862993 | learning_rate=0.000004 | epoch=4.365854
2026-02-16 07:25:28.111 | INFO     | __main__:on_log:109 - step=6270 | loss=0.080901 | grad_norm=1.829382 | learning_rate=0.000004 | epoch=4.369338
2026-02-16 07:25:34.682 | INFO     | __main__:on_log:109 - step=6275 | loss=0.054008 | grad_norm=0.832715 | learning_rate=0.000004 | epoch=4.372822
2026-02-16 07:25:41.195 | INFO     | __main__:on_log:109 - step=6280 | loss=0.053897 | grad_norm=1.349788 | learning_rate=0.000004 | epoch=4.376307
2026-02-16 07:25:47.719 | INFO     | __main__:on_log:109 - step=6285 | loss=0.072432 | grad_norm=1.449595 | learning_rate=0.000004 | epoch=4.379791
2026-02-16 07:25:54.552 | INFO     | __main__:on_log:109 - step=6290 | loss=0.068096 | grad_norm=0.902559 | learning_rate=0.000004 | epoch=4.383275
2026-02-16 07:26:01.092 | INFO     | __main__:on_log:109 - step=6295 | loss=0.058083 | grad_norm=1.608786 | learning_rate=0.000004 | epoch=4.386760
2026-02-16 07:26:07.622 | INFO     | __main__:on_log:109 - step=6300 | loss=0.075106 | grad_norm=1.503860 | learning_rate=0.000004 | epoch=4.390244
2026-02-16 07:26:14.599 | INFO     | __main__:on_log:109 - step=6305 | loss=0.064525 | grad_norm=1.080145 | learning_rate=0.000004 | epoch=4.393728
2026-02-16 07:26:21.493 | INFO     | __main__:on_log:109 - step=6310 | loss=0.052126 | grad_norm=0.927789 | learning_rate=0.000004 | epoch=4.397213
2026-02-16 07:26:28.014 | INFO     | __main__:on_log:109 - step=6315 | loss=0.081295 | grad_norm=2.076452 | learning_rate=0.000004 | epoch=4.400697
2026-02-16 07:26:34.556 | INFO     | __main__:on_log:109 - step=6320 | loss=0.050119 | grad_norm=1.945116 | learning_rate=0.000004 | epoch=4.404181
2026-02-16 07:26:41.107 | INFO     | __main__:on_log:109 - step=6325 | loss=0.091364 | grad_norm=1.698114 | learning_rate=0.000004 | epoch=4.407666
2026-02-16 07:26:47.638 | INFO     | __main__:on_log:109 - step=6330 | loss=0.092502 | grad_norm=2.314902 | learning_rate=0.000004 | epoch=4.411150
2026-02-16 07:26:54.403 | INFO     | __main__:on_log:109 - step=6335 | loss=0.047960 | grad_norm=1.284783 | learning_rate=0.000004 | epoch=4.414634
2026-02-16 07:27:00.916 | INFO     | __main__:on_log:109 - step=6340 | loss=0.082944 | grad_norm=1.137862 | learning_rate=0.000004 | epoch=4.418118
2026-02-16 07:27:07.447 | INFO     | __main__:on_log:109 - step=6345 | loss=0.043909 | grad_norm=1.749975 | learning_rate=0.000004 | epoch=4.421603
2026-02-16 07:27:13.975 | INFO     | __main__:on_log:109 - step=6350 | loss=0.085533 | grad_norm=1.631179 | learning_rate=0.000004 | epoch=4.425087
2026-02-16 07:27:21.181 | INFO     | __main__:on_log:109 - step=6355 | loss=0.079762 | grad_norm=1.552515 | learning_rate=0.000004 | epoch=4.428571
2026-02-16 07:27:27.723 | INFO     | __main__:on_log:109 - step=6360 | loss=0.096430 | grad_norm=1.426655 | learning_rate=0.000004 | epoch=4.432056
2026-02-16 07:27:34.246 | INFO     | __main__:on_log:109 - step=6365 | loss=0.085002 | grad_norm=1.003841 | learning_rate=0.000004 | epoch=4.435540
2026-02-16 07:27:40.763 | INFO     | __main__:on_log:109 - step=6370 | loss=0.078100 | grad_norm=1.293545 | learning_rate=0.000004 | epoch=4.439024
2026-02-16 07:27:47.524 | INFO     | __main__:on_log:109 - step=6375 | loss=0.067630 | grad_norm=1.468382 | learning_rate=0.000004 | epoch=4.442509
2026-02-16 07:27:54.041 | INFO     | __main__:on_log:109 - step=6380 | loss=0.075639 | grad_norm=1.982953 | learning_rate=0.000004 | epoch=4.445993
2026-02-16 07:28:00.557 | INFO     | __main__:on_log:109 - step=6385 | loss=0.074949 | grad_norm=2.699922 | learning_rate=0.000003 | epoch=4.449477
2026-02-16 07:28:07.081 | INFO     | __main__:on_log:109 - step=6390 | loss=0.075547 | grad_norm=2.030402 | learning_rate=0.000003 | epoch=4.452962
2026-02-16 07:28:13.876 | INFO     | __main__:on_log:109 - step=6395 | loss=0.081394 | grad_norm=2.259687 | learning_rate=0.000003 | epoch=4.456446
2026-02-16 07:28:20.402 | INFO     | __main__:on_log:109 - step=6400 | loss=0.114337 | grad_norm=1.681080 | learning_rate=0.000003 | epoch=4.459930
2026-02-16 07:28:27.390 | INFO     | __main__:on_log:109 - step=6405 | loss=0.055246 | grad_norm=1.179244 | learning_rate=0.000003 | epoch=4.463415
2026-02-16 07:28:33.929 | INFO     | __main__:on_log:109 - step=6410 | loss=0.072340 | grad_norm=1.189390 | learning_rate=0.000003 | epoch=4.466899
2026-02-16 07:28:40.696 | INFO     | __main__:on_log:109 - step=6415 | loss=0.067752 | grad_norm=1.279158 | learning_rate=0.000003 | epoch=4.470383
2026-02-16 07:28:47.240 | INFO     | __main__:on_log:109 - step=6420 | loss=0.053346 | grad_norm=2.029005 | learning_rate=0.000003 | epoch=4.473868
2026-02-16 07:28:53.690 | INFO     | __main__:on_log:109 - step=6425 | loss=0.053831 | grad_norm=1.010851 | learning_rate=0.000003 | epoch=4.477352
2026-02-16 07:29:00.212 | INFO     | __main__:on_log:109 - step=6430 | loss=0.067524 | grad_norm=0.612948 | learning_rate=0.000003 | epoch=4.480836
2026-02-16 07:29:06.746 | INFO     | __main__:on_log:109 - step=6435 | loss=0.066756 | grad_norm=1.176371 | learning_rate=0.000003 | epoch=4.484321
2026-02-16 07:29:13.552 | INFO     | __main__:on_log:109 - step=6440 | loss=0.074264 | grad_norm=1.184322 | learning_rate=0.000003 | epoch=4.487805
2026-02-16 07:29:20.095 | INFO     | __main__:on_log:109 - step=6445 | loss=0.061275 | grad_norm=1.574524 | learning_rate=0.000003 | epoch=4.491289
2026-02-16 07:29:26.640 | INFO     | __main__:on_log:109 - step=6450 | loss=0.083222 | grad_norm=1.525736 | learning_rate=0.000003 | epoch=4.494774
2026-02-16 07:29:33.609 | INFO     | __main__:on_log:109 - step=6455 | loss=0.092871 | grad_norm=1.441355 | learning_rate=0.000003 | epoch=4.498258
2026-02-16 07:29:40.448 | INFO     | __main__:on_log:109 - step=6460 | loss=0.071020 | grad_norm=0.960528 | learning_rate=0.000003 | epoch=4.501742
2026-02-16 07:29:46.975 | INFO     | __main__:on_log:109 - step=6465 | loss=0.073855 | grad_norm=1.262091 | learning_rate=0.000003 | epoch=4.505226
2026-02-16 07:29:53.483 | INFO     | __main__:on_log:109 - step=6470 | loss=0.065894 | grad_norm=0.905838 | learning_rate=0.000003 | epoch=4.508711
2026-02-16 07:29:59.996 | INFO     | __main__:on_log:109 - step=6475 | loss=0.078275 | grad_norm=1.103170 | learning_rate=0.000003 | epoch=4.512195
2026-02-16 07:30:06.897 | INFO     | __main__:on_log:109 - step=6480 | loss=0.069696 | grad_norm=1.429777 | learning_rate=0.000003 | epoch=4.515679
2026-02-16 07:30:13.414 | INFO     | __main__:on_log:109 - step=6485 | loss=0.049309 | grad_norm=1.794040 | learning_rate=0.000003 | epoch=4.519164
2026-02-16 07:30:19.964 | INFO     | __main__:on_log:109 - step=6490 | loss=0.070228 | grad_norm=1.174868 | learning_rate=0.000003 | epoch=4.522648
2026-02-16 07:30:26.509 | INFO     | __main__:on_log:109 - step=6495 | loss=0.081249 | grad_norm=1.601815 | learning_rate=0.000003 | epoch=4.526132
2026-02-16 07:30:33.333 | INFO     | __main__:on_log:109 - step=6500 | loss=0.095731 | grad_norm=4.445527 | learning_rate=0.000003 | epoch=4.529617
2026-02-16 07:30:40.330 | INFO     | __main__:on_log:109 - step=6505 | loss=0.065878 | grad_norm=0.974911 | learning_rate=0.000003 | epoch=4.533101
2026-02-16 07:30:46.866 | INFO     | __main__:on_log:109 - step=6510 | loss=0.076424 | grad_norm=0.890042 | learning_rate=0.000003 | epoch=4.536585
2026-02-16 07:30:53.376 | INFO     | __main__:on_log:109 - step=6515 | loss=0.081406 | grad_norm=2.296414 | learning_rate=0.000003 | epoch=4.540070
2026-02-16 07:31:00.203 | INFO     | __main__:on_log:109 - step=6520 | loss=0.106229 | grad_norm=1.692201 | learning_rate=0.000003 | epoch=4.543554
2026-02-16 07:31:06.731 | INFO     | __main__:on_log:109 - step=6525 | loss=0.053350 | grad_norm=1.501383 | learning_rate=0.000003 | epoch=4.547038
2026-02-16 07:31:13.252 | INFO     | __main__:on_log:109 - step=6530 | loss=0.060151 | grad_norm=1.311512 | learning_rate=0.000003 | epoch=4.550523
2026-02-16 07:31:19.771 | INFO     | __main__:on_log:109 - step=6535 | loss=0.057521 | grad_norm=1.246673 | learning_rate=0.000003 | epoch=4.554007
2026-02-16 07:31:26.571 | INFO     | __main__:on_log:109 - step=6540 | loss=0.078950 | grad_norm=1.320410 | learning_rate=0.000003 | epoch=4.557491
2026-02-16 07:31:33.104 | INFO     | __main__:on_log:109 - step=6545 | loss=0.050675 | grad_norm=1.082389 | learning_rate=0.000003 | epoch=4.560976
2026-02-16 07:31:39.619 | INFO     | __main__:on_log:109 - step=6550 | loss=0.055383 | grad_norm=1.096896 | learning_rate=0.000003 | epoch=4.564460
2026-02-16 07:31:46.601 | INFO     | __main__:on_log:109 - step=6555 | loss=0.055433 | grad_norm=1.467861 | learning_rate=0.000003 | epoch=4.567944
2026-02-16 07:31:53.379 | INFO     | __main__:on_log:109 - step=6560 | loss=0.037830 | grad_norm=1.498623 | learning_rate=0.000003 | epoch=4.571429
2026-02-16 07:31:59.902 | INFO     | __main__:on_log:109 - step=6565 | loss=0.064967 | grad_norm=1.762591 | learning_rate=0.000003 | epoch=4.574913
2026-02-16 07:32:06.435 | INFO     | __main__:on_log:109 - step=6570 | loss=0.107527 | grad_norm=2.184171 | learning_rate=0.000003 | epoch=4.578397
2026-02-16 07:32:12.968 | INFO     | __main__:on_log:109 - step=6575 | loss=0.061731 | grad_norm=1.255957 | learning_rate=0.000003 | epoch=4.581882
2026-02-16 07:32:19.480 | INFO     | __main__:on_log:109 - step=6580 | loss=0.056128 | grad_norm=1.199017 | learning_rate=0.000003 | epoch=4.585366
2026-02-16 07:32:26.295 | INFO     | __main__:on_log:109 - step=6585 | loss=0.075382 | grad_norm=2.396145 | learning_rate=0.000003 | epoch=4.588850
2026-02-16 07:32:32.819 | INFO     | __main__:on_log:109 - step=6590 | loss=0.069280 | grad_norm=1.406783 | learning_rate=0.000003 | epoch=4.592334
2026-02-16 07:32:39.370 | INFO     | __main__:on_log:109 - step=6595 | loss=0.084342 | grad_norm=1.266456 | learning_rate=0.000003 | epoch=4.595819
2026-02-16 07:32:45.882 | INFO     | __main__:on_log:109 - step=6600 | loss=0.069134 | grad_norm=1.380455 | learning_rate=0.000003 | epoch=4.599303
2026-02-16 07:32:53.235 | INFO     | __main__:on_log:109 - step=6605 | loss=0.056940 | grad_norm=1.641104 | learning_rate=0.000003 | epoch=4.602787
2026-02-16 07:32:59.690 | INFO     | __main__:on_log:109 - step=6610 | loss=0.050592 | grad_norm=0.662148 | learning_rate=0.000002 | epoch=4.606272
2026-02-16 07:33:06.249 | INFO     | __main__:on_log:109 - step=6615 | loss=0.060009 | grad_norm=1.498882 | learning_rate=0.000002 | epoch=4.609756
2026-02-16 07:33:12.778 | INFO     | __main__:on_log:109 - step=6620 | loss=0.075541 | grad_norm=3.623914 | learning_rate=0.000002 | epoch=4.613240
2026-02-16 07:33:19.598 | INFO     | __main__:on_log:109 - step=6625 | loss=0.060052 | grad_norm=2.098120 | learning_rate=0.000002 | epoch=4.616725
2026-02-16 07:33:26.133 | INFO     | __main__:on_log:109 - step=6630 | loss=0.070726 | grad_norm=0.839748 | learning_rate=0.000002 | epoch=4.620209
2026-02-16 07:33:32.671 | INFO     | __main__:on_log:109 - step=6635 | loss=0.070090 | grad_norm=0.822838 | learning_rate=0.000002 | epoch=4.623693
2026-02-16 07:33:39.189 | INFO     | __main__:on_log:109 - step=6640 | loss=0.105864 | grad_norm=1.858915 | learning_rate=0.000002 | epoch=4.627178
2026-02-16 07:33:46.049 | INFO     | __main__:on_log:109 - step=6645 | loss=0.123419 | grad_norm=1.208009 | learning_rate=0.000002 | epoch=4.630662
2026-02-16 07:33:52.570 | INFO     | __main__:on_log:109 - step=6650 | loss=0.083706 | grad_norm=3.477823 | learning_rate=0.000002 | epoch=4.634146
2026-02-16 07:33:59.584 | INFO     | __main__:on_log:109 - step=6655 | loss=0.050007 | grad_norm=1.149690 | learning_rate=0.000002 | epoch=4.637631
2026-02-16 07:34:06.087 | INFO     | __main__:on_log:109 - step=6660 | loss=0.083513 | grad_norm=1.321125 | learning_rate=0.000002 | epoch=4.641115
2026-02-16 07:34:12.961 | INFO     | __main__:on_log:109 - step=6665 | loss=0.064624 | grad_norm=1.855394 | learning_rate=0.000002 | epoch=4.644599
2026-02-16 07:34:19.485 | INFO     | __main__:on_log:109 - step=6670 | loss=0.061979 | grad_norm=1.510190 | learning_rate=0.000002 | epoch=4.648084
2026-02-16 07:34:26.005 | INFO     | __main__:on_log:109 - step=6675 | loss=0.044065 | grad_norm=1.542375 | learning_rate=0.000002 | epoch=4.651568
2026-02-16 07:34:32.540 | INFO     | __main__:on_log:109 - step=6680 | loss=0.077520 | grad_norm=0.964135 | learning_rate=0.000002 | epoch=4.655052
2026-02-16 07:34:39.053 | INFO     | __main__:on_log:109 - step=6685 | loss=0.071685 | grad_norm=1.316027 | learning_rate=0.000002 | epoch=4.658537
2026-02-16 07:34:45.811 | INFO     | __main__:on_log:109 - step=6690 | loss=0.055927 | grad_norm=1.225910 | learning_rate=0.000002 | epoch=4.662021
2026-02-16 07:34:52.344 | INFO     | __main__:on_log:109 - step=6695 | loss=0.053490 | grad_norm=1.310924 | learning_rate=0.000002 | epoch=4.665505
2026-02-16 07:34:58.856 | INFO     | __main__:on_log:109 - step=6700 | loss=0.062374 | grad_norm=1.273237 | learning_rate=0.000002 | epoch=4.668990
2026-02-16 07:35:05.843 | INFO     | __main__:on_log:109 - step=6705 | loss=0.041413 | grad_norm=1.127501 | learning_rate=0.000002 | epoch=4.672474
2026-02-16 07:35:12.670 | INFO     | __main__:on_log:109 - step=6710 | loss=0.068096 | grad_norm=1.786836 | learning_rate=0.000002 | epoch=4.675958
2026-02-16 07:35:19.129 | INFO     | __main__:on_log:109 - step=6715 | loss=0.053646 | grad_norm=0.634182 | learning_rate=0.000002 | epoch=4.679443
2026-02-16 07:35:25.642 | INFO     | __main__:on_log:109 - step=6720 | loss=0.059112 | grad_norm=1.246965 | learning_rate=0.000002 | epoch=4.682927
2026-02-16 07:35:32.175 | INFO     | __main__:on_log:109 - step=6725 | loss=0.051604 | grad_norm=1.057853 | learning_rate=0.000002 | epoch=4.686411
2026-02-16 07:35:39.007 | INFO     | __main__:on_log:109 - step=6730 | loss=0.053075 | grad_norm=0.973829 | learning_rate=0.000002 | epoch=4.689895
2026-02-16 07:35:45.527 | INFO     | __main__:on_log:109 - step=6735 | loss=0.084328 | grad_norm=1.875600 | learning_rate=0.000002 | epoch=4.693380
2026-02-16 07:35:52.053 | INFO     | __main__:on_log:109 - step=6740 | loss=0.066070 | grad_norm=1.769258 | learning_rate=0.000002 | epoch=4.696864
2026-02-16 07:35:58.596 | INFO     | __main__:on_log:109 - step=6745 | loss=0.103565 | grad_norm=2.303365 | learning_rate=0.000002 | epoch=4.700348
2026-02-16 07:36:05.551 | INFO     | __main__:on_log:109 - step=6750 | loss=0.116061 | grad_norm=2.019937 | learning_rate=0.000002 | epoch=4.703833
2026-02-16 07:36:12.546 | INFO     | __main__:on_log:109 - step=6755 | loss=0.066642 | grad_norm=1.350595 | learning_rate=0.000002 | epoch=4.707317
2026-02-16 07:36:19.084 | INFO     | __main__:on_log:109 - step=6760 | loss=0.106325 | grad_norm=1.358604 | learning_rate=0.000002 | epoch=4.710801
2026-02-16 07:36:25.601 | INFO     | __main__:on_log:109 - step=6765 | loss=0.091976 | grad_norm=1.433802 | learning_rate=0.000002 | epoch=4.714286
2026-02-16 07:36:32.360 | INFO     | __main__:on_log:109 - step=6770 | loss=0.054678 | grad_norm=1.739734 | learning_rate=0.000002 | epoch=4.717770
2026-02-16 07:36:38.839 | INFO     | __main__:on_log:109 - step=6775 | loss=0.085454 | grad_norm=3.357958 | learning_rate=0.000002 | epoch=4.721254
2026-02-16 07:36:45.354 | INFO     | __main__:on_log:109 - step=6780 | loss=0.111992 | grad_norm=1.236251 | learning_rate=0.000002 | epoch=4.724739
2026-02-16 07:36:51.890 | INFO     | __main__:on_log:109 - step=6785 | loss=0.069243 | grad_norm=1.296526 | learning_rate=0.000002 | epoch=4.728223
2026-02-16 07:36:58.692 | INFO     | __main__:on_log:109 - step=6790 | loss=0.052057 | grad_norm=0.852437 | learning_rate=0.000002 | epoch=4.731707
2026-02-16 07:37:05.184 | INFO     | __main__:on_log:109 - step=6795 | loss=0.089683 | grad_norm=2.392504 | learning_rate=0.000002 | epoch=4.735192
2026-02-16 07:37:11.696 | INFO     | __main__:on_log:109 - step=6800 | loss=0.062862 | grad_norm=1.364072 | learning_rate=0.000002 | epoch=4.738676
2026-02-16 07:37:18.676 | INFO     | __main__:on_log:109 - step=6805 | loss=0.092409 | grad_norm=2.475175 | learning_rate=0.000002 | epoch=4.742160
2026-02-16 07:37:25.575 | INFO     | __main__:on_log:109 - step=6810 | loss=0.056226 | grad_norm=1.227891 | learning_rate=0.000002 | epoch=4.745645
2026-02-16 07:37:32.097 | INFO     | __main__:on_log:109 - step=6815 | loss=0.062876 | grad_norm=1.083308 | learning_rate=0.000002 | epoch=4.749129
2026-02-16 07:37:38.615 | INFO     | __main__:on_log:109 - step=6820 | loss=0.082506 | grad_norm=1.351206 | learning_rate=0.000002 | epoch=4.752613
2026-02-16 07:37:45.133 | INFO     | __main__:on_log:109 - step=6825 | loss=0.072709 | grad_norm=1.656693 | learning_rate=0.000002 | epoch=4.756098
2026-02-16 07:37:51.980 | INFO     | __main__:on_log:109 - step=6830 | loss=0.045811 | grad_norm=0.463273 | learning_rate=0.000002 | epoch=4.759582
2026-02-16 07:37:58.447 | INFO     | __main__:on_log:109 - step=6835 | loss=0.046749 | grad_norm=1.290303 | learning_rate=0.000002 | epoch=4.763066
2026-02-16 07:38:04.969 | INFO     | __main__:on_log:109 - step=6840 | loss=0.075476 | grad_norm=1.698448 | learning_rate=0.000001 | epoch=4.766551
2026-02-16 07:38:11.479 | INFO     | __main__:on_log:109 - step=6845 | loss=0.053423 | grad_norm=1.469756 | learning_rate=0.000001 | epoch=4.770035
2026-02-16 07:38:18.363 | INFO     | __main__:on_log:109 - step=6850 | loss=0.047941 | grad_norm=0.919179 | learning_rate=0.000001 | epoch=4.773519
2026-02-16 07:38:25.378 | INFO     | __main__:on_log:109 - step=6855 | loss=0.067526 | grad_norm=1.402351 | learning_rate=0.000001 | epoch=4.777003
2026-02-16 07:38:31.901 | INFO     | __main__:on_log:109 - step=6860 | loss=0.092409 | grad_norm=1.630610 | learning_rate=0.000001 | epoch=4.780488
2026-02-16 07:38:38.414 | INFO     | __main__:on_log:109 - step=6865 | loss=0.071530 | grad_norm=1.378565 | learning_rate=0.000001 | epoch=4.783972
2026-02-16 07:38:45.225 | INFO     | __main__:on_log:109 - step=6870 | loss=0.059370 | grad_norm=1.443108 | learning_rate=0.000001 | epoch=4.787456
2026-02-16 07:38:51.775 | INFO     | __main__:on_log:109 - step=6875 | loss=0.057685 | grad_norm=1.319462 | learning_rate=0.000001 | epoch=4.790941
2026-02-16 07:38:58.254 | INFO     | __main__:on_log:109 - step=6880 | loss=0.056352 | grad_norm=1.070379 | learning_rate=0.000001 | epoch=4.794425
2026-02-16 07:39:04.775 | INFO     | __main__:on_log:109 - step=6885 | loss=0.079297 | grad_norm=1.326814 | learning_rate=0.000001 | epoch=4.797909
2026-02-16 07:39:11.306 | INFO     | __main__:on_log:109 - step=6890 | loss=0.074031 | grad_norm=1.659132 | learning_rate=0.000001 | epoch=4.801394
2026-02-16 07:39:18.149 | INFO     | __main__:on_log:109 - step=6895 | loss=0.060077 | grad_norm=0.808935 | learning_rate=0.000001 | epoch=4.804878
2026-02-16 07:39:24.690 | INFO     | __main__:on_log:109 - step=6900 | loss=0.052076 | grad_norm=0.848637 | learning_rate=0.000001 | epoch=4.808362
2026-02-16 07:39:31.725 | INFO     | __main__:on_log:109 - step=6905 | loss=0.084017 | grad_norm=1.324278 | learning_rate=0.000001 | epoch=4.811847
2026-02-16 07:39:38.282 | INFO     | __main__:on_log:109 - step=6910 | loss=0.087394 | grad_norm=1.556328 | learning_rate=0.000001 | epoch=4.815331
2026-02-16 07:39:45.108 | INFO     | __main__:on_log:109 - step=6915 | loss=0.077984 | grad_norm=2.030421 | learning_rate=0.000001 | epoch=4.818815
2026-02-16 07:39:51.612 | INFO     | __main__:on_log:109 - step=6920 | loss=0.089237 | grad_norm=1.668485 | learning_rate=0.000001 | epoch=4.822300
2026-02-16 07:39:58.134 | INFO     | __main__:on_log:109 - step=6925 | loss=0.057786 | grad_norm=1.339507 | learning_rate=0.000001 | epoch=4.825784
2026-02-16 07:40:04.638 | INFO     | __main__:on_log:109 - step=6930 | loss=0.074507 | grad_norm=1.499202 | learning_rate=0.000001 | epoch=4.829268
2026-02-16 07:40:11.474 | INFO     | __main__:on_log:109 - step=6935 | loss=0.050730 | grad_norm=1.343774 | learning_rate=0.000001 | epoch=4.832753
2026-02-16 07:40:17.986 | INFO     | __main__:on_log:109 - step=6940 | loss=0.082914 | grad_norm=1.435455 | learning_rate=0.000001 | epoch=4.836237
2026-02-16 07:40:24.408 | INFO     | __main__:on_log:109 - step=6945 | loss=0.085802 | grad_norm=0.970818 | learning_rate=0.000001 | epoch=4.839721
2026-02-16 07:40:30.938 | INFO     | __main__:on_log:109 - step=6950 | loss=0.089622 | grad_norm=1.269731 | learning_rate=0.000001 | epoch=4.843206
2026-02-16 07:40:38.128 | INFO     | __main__:on_log:109 - step=6955 | loss=0.063149 | grad_norm=1.074688 | learning_rate=0.000001 | epoch=4.846690
2026-02-16 07:40:44.666 | INFO     | __main__:on_log:109 - step=6960 | loss=0.062227 | grad_norm=1.821657 | learning_rate=0.000001 | epoch=4.850174
2026-02-16 07:40:51.167 | INFO     | __main__:on_log:109 - step=6965 | loss=0.046477 | grad_norm=1.490765 | learning_rate=0.000001 | epoch=4.853659
2026-02-16 07:40:57.681 | INFO     | __main__:on_log:109 - step=6970 | loss=0.063726 | grad_norm=1.020728 | learning_rate=0.000001 | epoch=4.857143
2026-02-16 07:41:04.438 | INFO     | __main__:on_log:109 - step=6975 | loss=0.055105 | grad_norm=1.589632 | learning_rate=0.000001 | epoch=4.860627
2026-02-16 07:41:10.965 | INFO     | __main__:on_log:109 - step=6980 | loss=0.096844 | grad_norm=1.725182 | learning_rate=0.000001 | epoch=4.864111
2026-02-16 07:41:17.487 | INFO     | __main__:on_log:109 - step=6985 | loss=0.077475 | grad_norm=1.678660 | learning_rate=0.000001 | epoch=4.867596
2026-02-16 07:41:24.021 | INFO     | __main__:on_log:109 - step=6990 | loss=0.043550 | grad_norm=1.331888 | learning_rate=0.000001 | epoch=4.871080
2026-02-16 07:41:30.540 | INFO     | __main__:on_log:109 - step=6995 | loss=0.061486 | grad_norm=1.408384 | learning_rate=0.000001 | epoch=4.874564
2026-02-16 07:41:37.355 | INFO     | __main__:on_log:109 - step=7000 | loss=0.054269 | grad_norm=0.926459 | learning_rate=0.000001 | epoch=4.878049
2026-02-16 07:41:44.350 | INFO     | __main__:on_log:109 - step=7005 | loss=0.053338 | grad_norm=1.595813 | learning_rate=0.000001 | epoch=4.881533
2026-02-16 07:41:50.795 | INFO     | __main__:on_log:109 - step=7010 | loss=0.060517 | grad_norm=1.100004 | learning_rate=0.000001 | epoch=4.885017
2026-02-16 07:41:57.250 | INFO     | __main__:on_log:109 - step=7015 | loss=0.061169 | grad_norm=1.376440 | learning_rate=0.000001 | epoch=4.888502
2026-02-16 07:42:04.087 | INFO     | __main__:on_log:109 - step=7020 | loss=0.073301 | grad_norm=1.163453 | learning_rate=0.000001 | epoch=4.891986
2026-02-16 07:42:10.609 | INFO     | __main__:on_log:109 - step=7025 | loss=0.078000 | grad_norm=1.441737 | learning_rate=0.000001 | epoch=4.895470
2026-02-16 07:42:17.171 | INFO     | __main__:on_log:109 - step=7030 | loss=0.075030 | grad_norm=1.828750 | learning_rate=0.000001 | epoch=4.898955
2026-02-16 07:42:23.654 | INFO     | __main__:on_log:109 - step=7035 | loss=0.050101 | grad_norm=0.726450 | learning_rate=0.000001 | epoch=4.902439
2026-02-16 07:42:30.475 | INFO     | __main__:on_log:109 - step=7040 | loss=0.069513 | grad_norm=1.427622 | learning_rate=0.000001 | epoch=4.905923
2026-02-16 07:42:37.008 | INFO     | __main__:on_log:109 - step=7045 | loss=0.060209 | grad_norm=1.240085 | learning_rate=0.000001 | epoch=4.909408
2026-02-16 07:42:43.548 | INFO     | __main__:on_log:109 - step=7050 | loss=0.073047 | grad_norm=1.289191 | learning_rate=0.000001 | epoch=4.912892
2026-02-16 07:42:50.588 | INFO     | __main__:on_log:109 - step=7055 | loss=0.061480 | grad_norm=0.708672 | learning_rate=0.000001 | epoch=4.916376
2026-02-16 07:42:57.392 | INFO     | __main__:on_log:109 - step=7060 | loss=0.080766 | grad_norm=1.786180 | learning_rate=0.000001 | epoch=4.919861
2026-02-16 07:43:03.895 | INFO     | __main__:on_log:109 - step=7065 | loss=0.064893 | grad_norm=1.303922 | learning_rate=0.000000 | epoch=4.923345
2026-02-16 07:43:10.439 | INFO     | __main__:on_log:109 - step=7070 | loss=0.101979 | grad_norm=1.565715 | learning_rate=0.000000 | epoch=4.926829
2026-02-16 07:43:16.965 | INFO     | __main__:on_log:109 - step=7075 | loss=0.077520 | grad_norm=1.562109 | learning_rate=0.000000 | epoch=4.930314
2026-02-16 07:43:23.783 | INFO     | __main__:on_log:109 - step=7080 | loss=0.059463 | grad_norm=1.347832 | learning_rate=0.000000 | epoch=4.933798
2026-02-16 07:43:30.300 | INFO     | __main__:on_log:109 - step=7085 | loss=0.074198 | grad_norm=1.283773 | learning_rate=0.000000 | epoch=4.937282
2026-02-16 07:43:36.861 | INFO     | __main__:on_log:109 - step=7090 | loss=0.060927 | grad_norm=1.192535 | learning_rate=0.000000 | epoch=4.940767
2026-02-16 07:43:43.357 | INFO     | __main__:on_log:109 - step=7095 | loss=0.076360 | grad_norm=1.652112 | learning_rate=0.000000 | epoch=4.944251
2026-02-16 07:43:50.189 | INFO     | __main__:on_log:109 - step=7100 | loss=0.081276 | grad_norm=1.131321 | learning_rate=0.000000 | epoch=4.947735
2026-02-16 07:43:57.165 | INFO     | __main__:on_log:109 - step=7105 | loss=0.059047 | grad_norm=1.544501 | learning_rate=0.000000 | epoch=4.951220
2026-02-16 07:44:03.678 | INFO     | __main__:on_log:109 - step=7110 | loss=0.049291 | grad_norm=0.977042 | learning_rate=0.000000 | epoch=4.954704
2026-02-16 07:44:10.190 | INFO     | __main__:on_log:109 - step=7115 | loss=0.061303 | grad_norm=0.838508 | learning_rate=0.000000 | epoch=4.958188
2026-02-16 07:44:17.029 | INFO     | __main__:on_log:109 - step=7120 | loss=0.054826 | grad_norm=1.644940 | learning_rate=0.000000 | epoch=4.961672
2026-02-16 07:44:23.532 | INFO     | __main__:on_log:109 - step=7125 | loss=0.062375 | grad_norm=2.119617 | learning_rate=0.000000 | epoch=4.965157
2026-02-16 07:44:30.062 | INFO     | __main__:on_log:109 - step=7130 | loss=0.071816 | grad_norm=1.202413 | learning_rate=0.000000 | epoch=4.968641
2026-02-16 07:44:36.571 | INFO     | __main__:on_log:109 - step=7135 | loss=0.087114 | grad_norm=1.468340 | learning_rate=0.000000 | epoch=4.972125
2026-02-16 07:44:43.410 | INFO     | __main__:on_log:109 - step=7140 | loss=0.047860 | grad_norm=1.394116 | learning_rate=0.000000 | epoch=4.975610
2026-02-16 07:44:49.947 | INFO     | __main__:on_log:109 - step=7145 | loss=0.110561 | grad_norm=1.965824 | learning_rate=0.000000 | epoch=4.979094
2026-02-16 07:44:56.459 | INFO     | __main__:on_log:109 - step=7150 | loss=0.049081 | grad_norm=0.599024 | learning_rate=0.000000 | epoch=4.982578
2026-02-16 07:45:03.449 | INFO     | __main__:on_log:109 - step=7155 | loss=0.075849 | grad_norm=2.705946 | learning_rate=0.000000 | epoch=4.986063
2026-02-16 07:45:10.245 | INFO     | __main__:on_log:109 - step=7160 | loss=0.079049 | grad_norm=1.451930 | learning_rate=0.000000 | epoch=4.989547
2026-02-16 07:45:16.792 | INFO     | __main__:on_log:109 - step=7165 | loss=0.079737 | grad_norm=0.963541 | learning_rate=0.000000 | epoch=4.993031
2026-02-16 07:45:23.314 | INFO     | __main__:on_log:109 - step=7170 | loss=0.065795 | grad_norm=1.236153 | learning_rate=0.000000 | epoch=4.996516
2026-02-16 07:45:29.365 | INFO     | __main__:on_log:109 - step=7175 | loss=0.082108 | grad_norm=2.069444 | learning_rate=0.000000 | epoch=5.000000
2026-02-16 07:45:29.786 | INFO     | __main__:on_log:109 - step=7175 | epoch=5.000000
2026-02-16 07:45:30.503 | SUCCESS  | __main__:train_model:307 - 학습 완료! 저장 경로: /root/SKN20-FINAL-2TEAM/SLLM_model/outputs/gemma3-1b-v2
2026-02-16 07:45:30.534 | INFO     | __main__:train_model:312 - GPU 메모리 해제 완료
2026-02-16 07:45:30.644 | INFO     | __main__:main:352 - ============================================================
2026-02-16 07:45:30.644 | SUCCESS  | __main__:main:353 - 학습 완료 요약
2026-02-16 07:45:30.644 | INFO     | __main__:main:354 - ============================================================
2026-02-16 07:45:30.644 | INFO     | __main__:main:356 -   gemma: /root/SKN20-FINAL-2TEAM/SLLM_model/outputs/gemma3-1b-v2
2026-02-16 07:45:30.644 | INFO     | __main__:main:357 - 로그 저장 경로: /root/SKN20-FINAL-2TEAM/SLLM_model/logs
