pair_id,design1_id,design2_id,design1_name,design2_name,design1_image_url,design2_image_url,image_similarity,text_similarity,total_similarity,label
1,3020000024538-09-01,3020000004487-09-01,세제용기,화장품 용기,http://plus.kipris.or.kr/openapi/fileToss.jsp?arg=75a63eed5a438998f9dc3380f5cb642cd56dcb0e0f0995b005b3db6b458aa73bad765829c40530d0cdae46fabefe56402d5248786c525b58,http://plus.kipris.or.kr/openapi/fileToss.jsp?arg=75a63eed5a438998f9dc3380f5cb642cd56dcb0e0f0995b03069a7817908f14f55bc66521fca1f114f22f288a18e0661cc70ceac651e1c09,0.8497618436813354,0.7984219789505005,0.834359884262085,0
2,3020000032577-09-01,3020000007014-09-01,화장품 용기,화장품 용기,http://plus.kipris.or.kr/openapi/fileToss.jsp?arg=75a63eed5a438998f9dc3380f5cb642cd56dcb0e0f0995b056fef538e42de114a5789ee7e1d70e89bcd4e8929ad70eb4cd66931ad54345cc,http://plus.kipris.or.kr/openapi/fileToss.jsp?arg=75a63eed5a438998f9dc3380f5cb642cd56dcb0e0f0995b0fdcd45318d7ff23c36f1af0f6d6ef8038c2a5436c7df5cebfff55f5774606def,0.9384268522262573,0.8966283202171326,0.9258873462677002,0
3,3020000011906-09-01,3020000001557-09-01,포장용 용기,화장품 용기,http://plus.kipris.or.kr/openapi/fileToss.jsp?arg=75a63eed5a438998f9dc3380f5cb642cd56dcb0e0f0995b070abdd713d0b290a0b1bd5557f830a499fe53da63e378f7cdc965c8573efdb95,http://plus.kipris.or.kr/openapi/fileToss.jsp?arg=75a63eed5a438998f9dc3380f5cb642cd56dcb0e0f0995b0b700f0235c7824b02742d12238f52e5f07b186765f2083893cb62b358e8d6860,0.6527671217918396,0.7757295370101929,0.6896558403968811,0
4,3020000018222-09-01,3020000006610-09-01,포장용 용기,화장품 용기,http://plus.kipris.or.kr/openapi/fileToss.jsp?arg=75a63eed5a438998f9dc3380f5cb642cd56dcb0e0f0995b0deac54f8925f4c7d4987cce9cfe8722f3db950a0fbab00c92943688e4c586577,http://plus.kipris.or.kr/openapi/fileToss.jsp?arg=75a63eed5a438998f9dc3380f5cb642cd56dcb0e0f0995b0187836737e94fb395ddfdaf352f7ad6a113f739e743d6b3b271ce9368f14da7d,0.8211086392402649,0.898635745048523,0.8443667888641357,0
5,3020000029877-09-01,3020000007584-09-01,화장품용기,화장품 용기,http://plus.kipris.or.kr/openapi/fileToss.jsp?arg=75a63eed5a438998f9dc3380f5cb642cd56dcb0e0f0995b011f68ef22f394dd26a964075748e6c188d7c175d4f7b5669dbfc07d81aacda75,http://plus.kipris.or.kr/openapi/fileToss.jsp?arg=75a63eed5a438998f9dc3380f5cb642cd56dcb0e0f0995b0fdcd45318d7ff23cbe8f9d6b58b35c17b9be175719b4f014e3760c7329773425,0.8640530705451965,0.9772142171859741,0.8980014324188232,0
6,3020000021275-09-01,3020000000778-09-01,화장품 용기,포장용 용기,http://plus.kipris.or.kr/openapi/fileToss.jsp?arg=75a63eed5a438998f9dc3380f5cb642cd56dcb0e0f0995b006449c7f1c85a4a7de0ff8d7dc536a1cde2ebc06e6386121c7b3a7ffe3ade0e4,http://plus.kipris.or.kr/openapi/fileToss.jsp?arg=75a63eed5a438998f9dc3380f5cb642cd56dcb0e0f0995b0cc72ed919b3423003267d3a705c3e4d98f27ea2c522497ceb3fc3dc06605d783,0.8677709102630615,0.7634465098381042,0.8364735841751099,0
7,3020000028283-09-01,3020000022105-09-01,포장용 용기,포장용 용기,http://plus.kipris.or.kr/openapi/fileToss.jsp?arg=75a63eed5a438998f9dc3380f5cb642cd56dcb0e0f0995b0227542a1f24a7361c5f2b82111502f215f83c11efd778e7bff23331b0aa06a60,http://plus.kipris.or.kr/openapi/fileToss.jsp?arg=75a63eed5a438998f9dc3380f5cb642cd56dcb0e0f0995b02e6ec20e9488ca666f5fe34b46e8fbf6bc377969b3616530de3e95727eb06003,0.8202175498008728,0.8523706197738647,0.8298634886741638,0
8,3020000013606-09-01,3020000015506-09-01,화장품 용기,화장품 용기,http://plus.kipris.or.kr/openapi/fileToss.jsp?arg=75a63eed5a438998f9dc3380f5cb642cd56dcb0e0f0995b0bdcfae06342df685b5160b34fe202fbfabfe2536a403a69d8a290d761b932af7,http://plus.kipris.or.kr/openapi/fileToss.jsp?arg=75a63eed5a438998f9dc3380f5cb642cd56dcb0e0f0995b07ba686bc001e12b758e859cb1aaaedada4700c39c98bcc9818b23e18e926e777,0.8023701310157776,0.9630436897277832,0.8505722284317017,0
9,3020000023255-09-01,3020000014156-09-01,식품용용기,포장용 용기,http://plus.kipris.or.kr/openapi/fileToss.jsp?arg=75a63eed5a438998f9dc3380f5cb642cd56dcb0e0f0995b09b1f6789fb975124ddde99bf437cdce8167068b4ae391de3d9b19b2230db7a21,http://plus.kipris.or.kr/openapi/fileToss.jsp?arg=75a63eed5a438998f9dc3380f5cb642cd56dcb0e0f0995b0606f4df1f99f40811db3d332d4213ea5a0c3abbac09cc95ef0d9432b0471a01e,0.8962273597717285,0.8149027228355408,0.8718299865722656,0
10,3020000007445-09-01,3020000021814-09-01,샴푸용기,화장품 용기,http://plus.kipris.or.kr/openapi/fileToss.jsp?arg=75a63eed5a438998f9dc3380f5cb642cd56dcb0e0f0995b0fdcd45318d7ff23c308bbaa2658dde0908ce1448e4d7f44ea491593a3fe3a535,http://plus.kipris.or.kr/openapi/fileToss.jsp?arg=75a63eed5a438998f9dc3380f5cb642cd56dcb0e0f0995b006449c7f1c85a4a7187d3aa3a76c31b34df56d1f9862991df215dc27c29e1bdc,0.7213749289512634,0.7340215444564819,0.7251689434051514,0
11,3020000006440-09-01,3020000011007-09-01,화장품 용기,화장품 용기,http://plus.kipris.or.kr/openapi/fileToss.jsp?arg=75a63eed5a438998f9dc3380f5cb642cd56dcb0e0f0995b0187836737e94fb39d0891ba1d3de6d9279859d3df70fc181dafc5d8a190b1e4a,http://plus.kipris.or.kr/openapi/fileToss.jsp?arg=75a63eed5a438998f9dc3380f5cb642cd56dcb0e0f0995b070abdd713d0b290aa6f312245d3a82ee6abff9afa2ecfcfd3436a0f6600d80e7,0.8909095525741577,0.9643720984458923,0.9129483103752136,0
12,3020000029794-09-01,3020000007584-09-01,회전식 지압기가 부설된 약병,화장품 용기,http://plus.kipris.or.kr/openapi/fileToss.jsp?arg=75a63eed5a438998f9dc3380f5cb642cd56dcb0e0f0995b011f68ef22f394dd2b168e780477751b51e99ed8a78b3e519bc33b0bc8e8be6b1,http://plus.kipris.or.kr/openapi/fileToss.jsp?arg=75a63eed5a438998f9dc3380f5cb642cd56dcb0e0f0995b0fdcd45318d7ff23cbe8f9d6b58b35c17b9be175719b4f014ab582c8f1fa7b2c1,0.6959394216537476,0.7537921071052551,0.7132952213287354,0
13,3020000017002-09-01,3020000031698-09-01,포장용 용기,화장품용기,http://plus.kipris.or.kr/openapi/fileToss.jsp?arg=75a63eed5a438998f9dc3380f5cb642cd56dcb0e0f0995b0d8ee6709638b6fa151acb057bf4b283f9c05647f46a69bf4de799c7490a7edd6,http://plus.kipris.or.kr/openapi/fileToss.jsp?arg=75a63eed5a438998f9dc3380f5cb642cd56dcb0e0f0995b089d7a621b89857a2fe66ea06c9f515a9995802f2cd000e19cd3183b52b1f1dce,0.7711755037307739,0.8058092594146729,0.7815656065940857,0
14,3020000009396-09-01,3020000029918-09-01,화장품 용기,화장품 용기,http://plus.kipris.or.kr/openapi/fileToss.jsp?arg=75a63eed5a438998f9dc3380f5cb642cd56dcb0e0f0995b073590199e4f1dc1639c043446a843f3470496d74c2a4c07bf5805f1e59ba8261,http://plus.kipris.or.kr/openapi/fileToss.jsp?arg=75a63eed5a438998f9dc3380f5cb642cd56dcb0e0f0995b011f68ef22f394dd2f0b8046f71cf13a118ade17c41ebb3b70896a1387a685681,0.7181418538093567,0.9003866910934448,0.7728153467178345,0
15,3020000021422-09-01,3020000002082-09-01,화장품 용기,화장품 용기,http://plus.kipris.or.kr/openapi/fileToss.jsp?arg=75a63eed5a438998f9dc3380f5cb642cd56dcb0e0f0995b006449c7f1c85a4a7e93b067df666c42493cd6ac1ba8fe92e5083e4685d5b2308,http://plus.kipris.or.kr/openapi/fileToss.jsp?arg=75a63eed5a438998f9dc3380f5cb642cd56dcb0e0f0995b0680d52483fc7b07d3621f255e5f93b215d3d108e5dd08d7c539f7e7c3b96ac85,0.7143321633338928,0.9436002969741821,0.7831125855445862,0
16,3020000015289-09-01,3020000031694-09-01,화장품 용기,화장품 용기,http://plus.kipris.or.kr/openapi/fileToss.jsp?arg=75a63eed5a438998f9dc3380f5cb642cd56dcb0e0f0995b07ba686bc001e12b75d136b4df6d33bb584d7d79f71a4cb7c0a0e13742fe3a5c8,http://plus.kipris.or.kr/openapi/fileToss.jsp?arg=75a63eed5a438998f9dc3380f5cb642cd56dcb0e0f0995b089d7a621b89857a2fe66ea06c9f515a9803d07ec72b7995995e8bdfb634daeaa,0.7464028000831604,0.9277535080909729,0.8008080720901489,0
17,3020000009604-09-01,3020000013862-09-01,포장용용기,포장용 용기,http://plus.kipris.or.kr/openapi/fileToss.jsp?arg=75a63eed5a438998f9dc3380f5cb642cd56dcb0e0f0995b073590199e4f1dc16c4994de40142535603458437661fcfdb5213a34bcb1b5e32,http://plus.kipris.or.kr/openapi/fileToss.jsp?arg=75a63eed5a438998f9dc3380f5cb642cd56dcb0e0f0995b0bdcfae06342df685f8cbf1fb50c4736d33893aee3cc4dc17e9b050e4f8517756,0.807990312576294,0.8112155199050903,0.8089578151702881,0
18,3020000028631-09-01,3020000008854-09-01,술병,화장품 용기,http://plus.kipris.or.kr/openapi/fileToss.jsp?arg=75a63eed5a438998f9dc3380f5cb642cd56dcb0e0f0995b0227542a1f24a7361586c928bcd47470382d4c3ca3458762622224ccc053f6fa9,http://plus.kipris.or.kr/openapi/fileToss.jsp?arg=75a63eed5a438998f9dc3380f5cb642cd56dcb0e0f0995b06226a1b53136408c77446a31574122b0743535ab5bada7b3406527a2f81c5ee1,0.6948972344398499,0.7626597285270691,0.7152259945869446,0
19,3020000031692-09-01,3020000000039-09-01,포장용 용기,포장용 병,http://plus.kipris.or.kr/openapi/fileToss.jsp?arg=75a63eed5a438998f9dc3380f5cb642cd56dcb0e0f0995b089d7a621b89857a2fe66ea06c9f515a9b20945a4ed5906a49e28885c552e49dd,http://plus.kipris.or.kr/openapi/fileToss.jsp?arg=75a63eed5a438998f9dc3380f5cb642cd56dcb0e0f0995b0cc72ed919b342300e663df0ee35bc8c6f313984ff39eaf8eb95017e992eca45e,0.6980932950973511,0.7650816440582275,0.7181898355484009,0
20,3020000023254-09-01,3020000033000-09-01,식품용용기,술병,http://plus.kipris.or.kr/openapi/fileToss.jsp?arg=75a63eed5a438998f9dc3380f5cb642cd56dcb0e0f0995b09b1f6789fb975124ddde99bf437cdce816e7c8bd8b35058fcda2e7afa7d1987b,http://plus.kipris.or.kr/openapi/fileToss.jsp?arg=75a63eed5a438998f9dc3380f5cb642cd56dcb0e0f0995b0f32787804da8b7ad0a83331d496f7b1207a70e4bb04e658918ae1f255a584672,0.8866541385650635,0.7288311719894409,0.8393071889877319,0
21,3020000018612-09-01,3020000031247-09-01,향수용기,화장품용기,http://plus.kipris.or.kr/openapi/fileToss.jsp?arg=75a63eed5a438998f9dc3380f5cb642cd56dcb0e0f0995b0deac54f8925f4c7d00e4ea50e2d4fa2dc07fda179831c63e2615b52b8d7e1899,http://plus.kipris.or.kr/openapi/fileToss.jsp?arg=75a63eed5a438998f9dc3380f5cb642cd56dcb0e0f0995b089d7a621b89857a2cf83cf6c7d54a290c5c6ea32d42da4797a2399c194133438,0.7484098076820374,0.8322782516479492,0.7735703587532043,0
22,3020000015289-09-01,3020000027388-09-01,화장품 용기,포장용 용기,http://plus.kipris.or.kr/openapi/fileToss.jsp?arg=75a63eed5a438998f9dc3380f5cb642cd56dcb0e0f0995b07ba686bc001e12b75d136b4df6d33bb55954ea2c837713284ba2acb2d5f318db,http://plus.kipris.or.kr/openapi/fileToss.jsp?arg=75a63eed5a438998f9dc3380f5cb642cd56dcb0e0f0995b01b6467bd697fe99cc883ae80263b6d6f03450d55259062fb99f5c4920627a678,0.7591403722763062,0.7986701726913452,0.7709993124008179,0
23,3020000022802-09-01,3020000018766-09-01,화장품 용기,음료병,http://plus.kipris.or.kr/openapi/fileToss.jsp?arg=75a63eed5a438998f9dc3380f5cb642cd56dcb0e0f0995b02e6ec20e9488ca6644c75fa6ac71ce2ddfb25e1d5721ab156125110fe66b8538,http://plus.kipris.or.kr/openapi/fileToss.jsp?arg=75a63eed5a438998f9dc3380f5cb642cd56dcb0e0f0995b0deac54f8925f4c7dff73e655a395ca11482114226fa58288637ddbd0b0c17e7f,0.8855469226837158,0.6307516098022461,0.809108316898346,0
24,3020000016430-09-01,3020000028283-09-01,포장용기,포장용 용기,http://plus.kipris.or.kr/openapi/fileToss.jsp?arg=75a63eed5a438998f9dc3380f5cb642cd56dcb0e0f0995b0edd65ac4880d0f0c232cb6b80bc0e8a33808bf7b0bacd52fcd7d0dedfb92ca2e,http://plus.kipris.or.kr/openapi/fileToss.jsp?arg=75a63eed5a438998f9dc3380f5cb642cd56dcb0e0f0995b0227542a1f24a7361c5f2b82111502f215f83c11efd778e7b664fad108fe3a6fe,0.6368057727813721,0.8148382306098938,0.690215528011322,0
25,3020000021814-09-01,3020000003008-09-01,화장품 용기,포장용 용기,http://plus.kipris.or.kr/openapi/fileToss.jsp?arg=75a63eed5a438998f9dc3380f5cb642cd56dcb0e0f0995b006449c7f1c85a4a7187d3aa3a76c31b34df56d1f9862991dee9377175271e81c,http://plus.kipris.or.kr/openapi/fileToss.jsp?arg=75a63eed5a438998f9dc3380f5cb642cd56dcb0e0f0995b00b66daf06c8a830629ab74559564aad1045d3af6b0bf2d75d3214e0eaa0522f9,0.7517774701118469,0.8242815136909485,0.7735286951065063,0
26,3020000013900-09-01,3020000027112-09-01,포장용 용기,향수 용기,http://plus.kipris.or.kr/openapi/fileToss.jsp?arg=75a63eed5a438998f9dc3380f5cb642cd56dcb0e0f0995b0bdcfae06342df6850de8b49972379f7ecc0784a9556e8c62e9ecf46917731595,http://plus.kipris.or.kr/openapi/fileToss.jsp?arg=75a63eed5a438998f9dc3380f5cb642cd56dcb0e0f0995b01b6467bd697fe99c013e9190553069fb58aea5169a494bd3d14be1c853ab8e71,0.8408406972885132,0.7973632216453552,0.8277974724769592,0
27,3020000008383-09-01,3020000011905-09-01,화장품 용기,포장용 용기,http://plus.kipris.or.kr/openapi/fileToss.jsp?arg=75a63eed5a438998f9dc3380f5cb642cd56dcb0e0f0995b06226a1b53136408c5412bc4c3b3d3f2df08cd7d4df154938db852a37eede5581,http://plus.kipris.or.kr/openapi/fileToss.jsp?arg=75a63eed5a438998f9dc3380f5cb642cd56dcb0e0f0995b070abdd713d0b290a0b1bd5557f830a49d15bb8fcee375a0e068cd574902f5063,0.6470539569854736,0.7480319738388062,0.6773473620414734,0
28,3020000015190-09-01,3020000029520-09-01,음료용기,화장품용기,http://plus.kipris.or.kr/openapi/fileToss.jsp?arg=75a63eed5a438998f9dc3380f5cb642cd56dcb0e0f0995b07ba686bc001e12b7246632b98d0401193c3717f00aa558089af6208694d09a43,http://plus.kipris.or.kr/openapi/fileToss.jsp?arg=75a63eed5a438998f9dc3380f5cb642cd56dcb0e0f0995b011f68ef22f394dd2174e1bc993429f5e33af49a418a5c6f559be57fe723fb410,0.6588226556777954,0.5800433158874512,0.63518887758255,0
29,3020000015506-09-01,3020000024348-09-01,화장품 용기,개인용 세제 용기,http://plus.kipris.or.kr/openapi/fileToss.jsp?arg=75a63eed5a438998f9dc3380f5cb642cd56dcb0e0f0995b07ba686bc001e12b758e859cb1aaaedada4700c39c98bcc98cf8860428d4f03d6,http://plus.kipris.or.kr/openapi/fileToss.jsp?arg=75a63eed5a438998f9dc3380f5cb642cd56dcb0e0f0995b005b3db6b458aa73bb6f93c107a5863dda9dd3ddeee8bc036ce45545ac3e94bad,0.7740427255630493,0.8091517686843872,0.7845754027366638,0
30,3020000007016-09-01,3020000014023-09-01,화장품 용기,포장용 병,http://plus.kipris.or.kr/openapi/fileToss.jsp?arg=75a63eed5a438998f9dc3380f5cb642cd56dcb0e0f0995b0fdcd45318d7ff23c36f1af0f6d6ef803f906a7022218d5ff6d3662ddbf7c95bf,http://plus.kipris.or.kr/openapi/fileToss.jsp?arg=75a63eed5a438998f9dc3380f5cb642cd56dcb0e0f0995b0606f4df1f99f40815878d165002789aa5526a362d86a8dbdb872edd375da15c7,0.8962652087211609,0.7892740368843079,0.8641678094863892,0
31,3020000021422-09-01,3020000015457-09-01,화장품 용기,포장용 병,http://plus.kipris.or.kr/openapi/fileToss.jsp?arg=75a63eed5a438998f9dc3380f5cb642cd56dcb0e0f0995b006449c7f1c85a4a7e93b067df666c42493cd6ac1ba8fe92e874cfab800c315de,http://plus.kipris.or.kr/openapi/fileToss.jsp?arg=75a63eed5a438998f9dc3380f5cb642cd56dcb0e0f0995b07ba686bc001e12b739fc00a00738800f11b276c8c1ad430b696a0669e4aec52c,0.6565632224082947,0.7917260527610779,0.6971120834350586,0
32,3020000004361-09-01,3020000021180-09-01,식음료용 병,포장용 용기,http://plus.kipris.or.kr/openapi/fileToss.jsp?arg=75a63eed5a438998f9dc3380f5cb642cd56dcb0e0f0995b03069a7817908f14f862ab5db3dff0eb9326ff5b66dd75e8cca5322399a14f11e,http://plus.kipris.or.kr/openapi/fileToss.jsp?arg=75a63eed5a438998f9dc3380f5cb642cd56dcb0e0f0995b006449c7f1c85a4a78954e4e205fc4f34961fdad5abcd6745d74d1de59756538b,0.7667516469955444,0.7898127436637878,0.773669958114624,0
33,3020000012111-09-01,3020000000778-09-01,드링크 병,포장용 용기,http://plus.kipris.or.kr/openapi/fileToss.jsp?arg=75a63eed5a438998f9dc3380f5cb642cd56dcb0e0f0995b08964a6c84ce8cbe1c4d769ac6125c6604cb8fb2387c071ba529d49a7cfb1e199,http://plus.kipris.or.kr/openapi/fileToss.jsp?arg=75a63eed5a438998f9dc3380f5cb642cd56dcb0e0f0995b0cc72ed919b3423003267d3a705c3e4d98f27ea2c522497cef8b1bc14c7fd1269,0.9009531736373901,0.6495135426521301,0.8255212903022766,0
34,3020000002476-09-01,3020000021877-09-01,화장품 용기,포장용 병,http://plus.kipris.or.kr/openapi/fileToss.jsp?arg=75a63eed5a438998f9dc3380f5cb642cd56dcb0e0f0995b0680d52483fc7b07df16a5d956a617ab8f7c6e699c1ad01fc4244bdc2ea450d80,http://plus.kipris.or.kr/openapi/fileToss.jsp?arg=75a63eed5a438998f9dc3380f5cb642cd56dcb0e0f0995b006449c7f1c85a4a70414a8256ca494f5043ecd5ebd0c3ee4333fe1412f94bbf5,0.8484960794448853,0.7489198446273804,0.8186231851577759,0
35,3020000007536-09-01,3020000003525-09-01,포장용 술병,화장품 용기,http://plus.kipris.or.kr/openapi/fileToss.jsp?arg=75a63eed5a438998f9dc3380f5cb642cd56dcb0e0f0995b0fdcd45318d7ff23c0d045c2fa1109ccbbf7bb6109df7d57325b64cb8b6cf4ab8,http://plus.kipris.or.kr/openapi/fileToss.jsp?arg=75a63eed5a438998f9dc3380f5cb642cd56dcb0e0f0995b00b66daf06c8a830641a31f57f6fcc65b9864b6b9cf547170d655e17e2f1d68bc,0.6720173358917236,0.8228132724761963,0.7172561287879944,0
36,3020000022833-09-01,3020000021438-09-01,화장품 용기,포장용용기,http://plus.kipris.or.kr/openapi/fileToss.jsp?arg=75a63eed5a438998f9dc3380f5cb642cd56dcb0e0f0995b02e6ec20e9488ca66130eded9a6166686f02a4eb76ba91ba4a888248a714abcde,http://plus.kipris.or.kr/openapi/fileToss.jsp?arg=75a63eed5a438998f9dc3380f5cb642cd56dcb0e0f0995b006449c7f1c85a4a77af12798cb61bd12e9ee25a7f9a1aa6f0bfaafad5d3ac288,0.8030477166175842,0.7428776025772095,0.7849966287612915,0
37,3020000027513-09-01,3020000029019-09-01,샴푸 용기,화장품 용기,http://plus.kipris.or.kr/openapi/fileToss.jsp?arg=75a63eed5a438998f9dc3380f5cb642cd56dcb0e0f0995b01b6467bd697fe99c5b52ca7a735e0f06789d15109049a90d49e104db03a0bd08,http://plus.kipris.or.kr/openapi/fileToss.jsp?arg=75a63eed5a438998f9dc3380f5cb642cd56dcb0e0f0995b011f68ef22f394dd2390c13707ca28de788875746926698e55ac59c029f5f63b9,0.7062441110610962,0.805274248123169,0.735953152179718,0
38,3020000029020-09-01,3020000006442-09-01,화장품 용기,화장품용기,http://plus.kipris.or.kr/openapi/fileToss.jsp?arg=75a63eed5a438998f9dc3380f5cb642cd56dcb0e0f0995b011f68ef22f394dd23d3e52e393d986e319bf88371b57d9b8254a3ce97a580fda,http://plus.kipris.or.kr/openapi/fileToss.jsp?arg=75a63eed5a438998f9dc3380f5cb642cd56dcb0e0f0995b0187836737e94fb39d0891ba1d3de6d92b749723166fb510a788197265e09e649,0.7738859057426453,0.9756152033805847,0.834404706954956,0
39,3020000015285-09-01,3020000025393-09-01,화장품 용기,향수 용기,http://plus.kipris.or.kr/openapi/fileToss.jsp?arg=75a63eed5a438998f9dc3380f5cb642cd56dcb0e0f0995b07ba686bc001e12b75d136b4df6d33bb5ac403f7f7879e01129b1f0acc868d7e1,http://plus.kipris.or.kr/openapi/fileToss.jsp?arg=75a63eed5a438998f9dc3380f5cb642cd56dcb0e0f0995b07a28099d0ef98e17b4fee342a5c9b755696247e88ba73474055f2d37b469ed88,0.7384814023971558,0.797709584236145,0.7562498450279236,0
40,3020000016022-09-01,3020000004095-09-01,향수병,화장품용기,http://plus.kipris.or.kr/openapi/fileToss.jsp?arg=75a63eed5a438998f9dc3380f5cb642cd56dcb0e0f0995b0edd65ac4880d0f0c6eddf7c16beaabf046cfce850eacb0aaac6cb8a9be1ec03c,http://plus.kipris.or.kr/openapi/fileToss.jsp?arg=75a63eed5a438998f9dc3380f5cb642cd56dcb0e0f0995b03069a7817908f14f4572c71c40a02c1b29a3e9914aba67c680bc8f5c81244470,0.7978232502937317,0.8075486421585083,0.8007408380508423,0
41,3020000027112-09-01,3020000022036-09-01,향수 용기,순간접착제용 용기,http://plus.kipris.or.kr/openapi/fileToss.jsp?arg=75a63eed5a438998f9dc3380f5cb642cd56dcb0e0f0995b01b6467bd697fe99c013e9190553069fb58aea5169a494bd333516c8cb0d1baba,http://plus.kipris.or.kr/openapi/fileToss.jsp?arg=75a63eed5a438998f9dc3380f5cb642cd56dcb0e0f0995b02e6ec20e9488ca665918ec678ad60b7f45ee3a721ada425d11c94a2440172f60,0.8882213234901428,0.740635335445404,0.8439455628395081,0
42,3020000020789-09-01,3020000006440-09-01,포장용 용기,화장품 용기,http://plus.kipris.or.kr/openapi/fileToss.jsp?arg=75a63eed5a438998f9dc3380f5cb642cd56dcb0e0f0995b0bea0399dd2b7a3e5217ce7d5ae936bbd6329e9ab186760dadb20824768b8529c,http://plus.kipris.or.kr/openapi/fileToss.jsp?arg=75a63eed5a438998f9dc3380f5cb642cd56dcb0e0f0995b0187836737e94fb39d0891ba1d3de6d9214a91301abb9ab3230591a0d5c02d8b7,0.9643291234970093,0.7731824517250061,0.9069851040840149,0
43,3020000013720-09-01,3020000011312-09-01,포장용 가스용기,술병,http://plus.kipris.or.kr/openapi/fileToss.jsp?arg=75a63eed5a438998f9dc3380f5cb642cd56dcb0e0f0995b0bdcfae06342df685cc71edacb97aad161b31984e8f194ecb79f2ace85f628e6f,http://plus.kipris.or.kr/openapi/fileToss.jsp?arg=75a63eed5a438998f9dc3380f5cb642cd56dcb0e0f0995b070abdd713d0b290a5ffe1b8eef7e114d8d90f591f2f6baf87d561f76805cee5d,0.6979943513870239,0.7437418103218079,0.7117186188697815,0
44,3020000028255-09-01,3020000019784-09-01,화장품 용기,식품포장용기,http://plus.kipris.or.kr/openapi/fileToss.jsp?arg=75a63eed5a438998f9dc3380f5cb642cd56dcb0e0f0995b0227542a1f24a736184b9181791c18e4f2d2c91fc50ed9a70dd859655e10b547b,http://plus.kipris.or.kr/openapi/fileToss.jsp?arg=75a63eed5a438998f9dc3380f5cb642cd56dcb0e0f0995b0f63a2eefd11079d0981ed2fff931e701fbc7d790be4e3032311a79497300098e,0.8250017166137695,0.8052875995635986,0.8190874457359314,0
45,3020000019784-09-01,3020000025393-09-01,식품포장용기,향수 용기,http://plus.kipris.or.kr/openapi/fileToss.jsp?arg=75a63eed5a438998f9dc3380f5cb642cd56dcb0e0f0995b0f63a2eefd11079d0981ed2fff931e701fbc7d790be4e303217c399208010fb48,http://plus.kipris.or.kr/openapi/fileToss.jsp?arg=75a63eed5a438998f9dc3380f5cb642cd56dcb0e0f0995b07a28099d0ef98e17b4fee342a5c9b755696247e88ba73474055f2d37b469ed88,0.8230323791503906,0.8313554525375366,0.8255292773246765,0
46,3020000020844-09-01,3020000033580-09-01,화장품 용기,화장품 용기,http://plus.kipris.or.kr/openapi/fileToss.jsp?arg=75a63eed5a438998f9dc3380f5cb642cd56dcb0e0f0995b0bea0399dd2b7a3e54982b213b7706e58bb0a4596104785cdb69d96e02441a36a,http://plus.kipris.or.kr/openapi/fileToss.jsp?arg=75a63eed5a438998f9dc3380f5cb642cd56dcb0e0f0995b0f32787804da8b7ad0513baa27761822424c67937ca6f7b5b87b05138a06643fc,0.6955875158309937,0.9063607454299927,0.7588194608688354,0
47,3020000021814-09-01,3020000029878-09-01,화장품 용기,화장품용기,http://plus.kipris.or.kr/openapi/fileToss.jsp?arg=75a63eed5a438998f9dc3380f5cb642cd56dcb0e0f0995b006449c7f1c85a4a7187d3aa3a76c31b34df56d1f9862991d296ac28e6e6dfcd2,http://plus.kipris.or.kr/openapi/fileToss.jsp?arg=75a63eed5a438998f9dc3380f5cb642cd56dcb0e0f0995b011f68ef22f394dd26a964075748e6c18658a49f80968cb3eb46338dec167cf9d,0.6931605935096741,0.9156827926635742,0.7599172592163086,0
48,3020000021180-09-01,3020000011906-09-01,포장용 용기,포장용 용기,http://plus.kipris.or.kr/openapi/fileToss.jsp?arg=75a63eed5a438998f9dc3380f5cb642cd56dcb0e0f0995b006449c7f1c85a4a78954e4e205fc4f34805d3bebd519101e1da2e0e70c3ed3c5,http://plus.kipris.or.kr/openapi/fileToss.jsp?arg=75a63eed5a438998f9dc3380f5cb642cd56dcb0e0f0995b070abdd713d0b290a0b1bd5557f830a499fe53da63e378f7c4e606fe7aa707409,0.8477228283882141,0.8700464963912964,0.8544199466705322,0
49,3020000024557-09-01,3020000031089-09-01,화장품 용기,포장용기,http://plus.kipris.or.kr/openapi/fileToss.jsp?arg=75a63eed5a438998f9dc3380f5cb642cd56dcb0e0f0995b005b3db6b458aa73b5f84b5e88bb806fd701ec43f9850a0779a0524e0291afb30,http://plus.kipris.or.kr/openapi/fileToss.jsp?arg=75a63eed5a438998f9dc3380f5cb642cd56dcb0e0f0995b089d7a621b89857a2a6e995ef25b4de53c3b0a0f3559ebf12ed9b8a6ef9226be7,0.793615460395813,0.8900585174560547,0.8225483894348145,0
50,3020000025530-09-01,3020000021438-09-01,화장품 용기,포장용용기,http://plus.kipris.or.kr/openapi/fileToss.jsp?arg=75a63eed5a438998f9dc3380f5cb642cd56dcb0e0f0995b07a28099d0ef98e178c9f3750ac8a36e095e833a158b4e51a6a60993646329a4f,http://plus.kipris.or.kr/openapi/fileToss.jsp?arg=75a63eed5a438998f9dc3380f5cb642cd56dcb0e0f0995b006449c7f1c85a4a77af12798cb61bd12e9ee25a7f9a1aa6f5c1f1aafff4ee605,0.7796341180801392,0.8010048866271973,0.7860453724861145,0
51,3020000019758-09-01,3020000024348-09-01,화장품 포장용 병,개인용 세제 용기,http://plus.kipris.or.kr/openapi/fileToss.jsp?arg=75a63eed5a438998f9dc3380f5cb642cd56dcb0e0f0995b0f63a2eefd11079d006f4cd70f75e4ac6265a23764f163feaaf2d179f55740a51,http://plus.kipris.or.kr/openapi/fileToss.jsp?arg=75a63eed5a438998f9dc3380f5cb642cd56dcb0e0f0995b005b3db6b458aa73bb6f93c107a5863dda9dd3ddeee8bc03657f11156c0aa358f,0.9420469999313354,0.8070331811904907,0.9015428423881531,0
52,3020000024557-09-01,3020000031742-09-01,화장품 용기,포장용 가스용기,http://plus.kipris.or.kr/openapi/fileToss.jsp?arg=75a63eed5a438998f9dc3380f5cb642cd56dcb0e0f0995b005b3db6b458aa73b5f84b5e88bb806fd701ec43f9850a07797b6359215bbc735,http://plus.kipris.or.kr/openapi/fileToss.jsp?arg=75a63eed5a438998f9dc3380f5cb642cd56dcb0e0f0995b089d7a621b89857a2487dbffde70e585a9b162c2a17b0815d155ee4d8831ad2a1,0.7958146929740906,0.7216941118240356,0.7735785245895386,0
53,3020000009604-09-01,3020000001542-09-01,포장용용기,포장용 음료용기,http://plus.kipris.or.kr/openapi/fileToss.jsp?arg=75a63eed5a438998f9dc3380f5cb642cd56dcb0e0f0995b073590199e4f1dc16c4994de40142535603458437661fcfdbc47f8ce473ec65c9,http://plus.kipris.or.kr/openapi/fileToss.jsp?arg=75a63eed5a438998f9dc3380f5cb642cd56dcb0e0f0995b0b700f0235c7824b0587fd55be5134f032acd59f883b9206c47041ec1b351eb0c,0.8329824209213257,0.7785738706588745,0.8166598677635193,0
54,3020000029032-09-01,3020000022812-09-01,포장용기,포장용 병,http://plus.kipris.or.kr/openapi/fileToss.jsp?arg=75a63eed5a438998f9dc3380f5cb642cd56dcb0e0f0995b011f68ef22f394dd26e88aba601c1a5ffaffd7513bd7646c246f30579db43a0d3,http://plus.kipris.or.kr/openapi/fileToss.jsp?arg=75a63eed5a438998f9dc3380f5cb642cd56dcb0e0f0995b02e6ec20e9488ca663ad59844fd3ba6d2d1f8ed2d2803d4e407f57426de71ea98,0.8573893308639526,0.8287161588668823,0.8487873673439026,0
55,3020000024534-09-01,3020000006090-09-01,화장품 용기,포장용 병,http://plus.kipris.or.kr/openapi/fileToss.jsp?arg=75a63eed5a438998f9dc3380f5cb642cd56dcb0e0f0995b005b3db6b458aa73bad765829c40530d0971c65a9ec7bb85456d73763471f1d11,http://plus.kipris.or.kr/openapi/fileToss.jsp?arg=75a63eed5a438998f9dc3380f5cb642cd56dcb0e0f0995b0187836737e94fb39b9d0139a39d2cc390be542fc4d85a6fbd9fa155e2c5ad8f6,0.867264986038208,0.7399134635925293,0.8290594816207886,0
56,3020000025996-09-01,3020000017001-09-01,식용유병,포장용 용기,http://plus.kipris.or.kr/openapi/fileToss.jsp?arg=75a63eed5a438998f9dc3380f5cb642cd56dcb0e0f0995b07a28099d0ef98e176c583cef1aca2061f34cb46582ffffa840f02e84dd3a91fe,http://plus.kipris.or.kr/openapi/fileToss.jsp?arg=75a63eed5a438998f9dc3380f5cb642cd56dcb0e0f0995b0d8ee6709638b6fa151acb057bf4b283f404d1149c740d3643f9885c63ddd87f8,0.8364623188972473,0.7822097539901733,0.8201865553855896,0
57,3020000020569-09-01,3020000001139-09-01,액체용기,화장품 용기,http://plus.kipris.or.kr/openapi/fileToss.jsp?arg=75a63eed5a438998f9dc3380f5cb642cd56dcb0e0f0995b0bea0399dd2b7a3e51bd7c881a493e52a791c7538a9639bdd8061c48c762b6f55,http://plus.kipris.or.kr/openapi/fileToss.jsp?arg=75a63eed5a438998f9dc3380f5cb642cd56dcb0e0f0995b0b700f0235c7824b0b9d15885ea58921e64b88d6b7f5b424819807f28e1eb2cee,0.7937667369842529,0.795062780380249,0.7941555380821228,0
58,3020000015229-09-01,3020000026403-09-01,포장용 용기,액체 화장품 용기,http://plus.kipris.or.kr/openapi/fileToss.jsp?arg=75a63eed5a438998f9dc3380f5cb642cd56dcb0e0f0995b07ba686bc001e12b736b25ce876b15bae0e8aaa9c2ad9adfb4cf962f6daa42935,http://plus.kipris.or.kr/openapi/fileToss.jsp?arg=75a63eed5a438998f9dc3380f5cb642cd56dcb0e0f0995b035c516d305aed14500996500c539b991471cdddbac838f411b05b968da0f270f,0.7954615354537964,0.7562759518623352,0.7837058901786804,0
59,3020000027874-09-01,3020000020569-09-01,포장용용기,액체용기,http://plus.kipris.or.kr/openapi/fileToss.jsp?arg=75a63eed5a438998f9dc3380f5cb642cd56dcb0e0f0995b01b6467bd697fe99c3417ef7c1899dbda805e0d76a677f7ef2619af48614b94ba,http://plus.kipris.or.kr/openapi/fileToss.jsp?arg=75a63eed5a438998f9dc3380f5cb642cd56dcb0e0f0995b0bea0399dd2b7a3e51bd7c881a493e52a791c7538a9639bdd09f15e9e0344e15f,0.8567025661468506,0.7730927467346191,0.8316196203231812,0
60,3020000029756-09-01,3020000006446-09-01,포장용 병,화장품 용기,http://plus.kipris.or.kr/openapi/fileToss.jsp?arg=75a63eed5a438998f9dc3380f5cb642cd56dcb0e0f0995b011f68ef22f394dd22a0df6146d523614037efe9cecec5ea9ca0f1f3074746e3d,http://plus.kipris.or.kr/openapi/fileToss.jsp?arg=75a63eed5a438998f9dc3380f5cb642cd56dcb0e0f0995b0187836737e94fb39d0891ba1d3de6d92656ddd5ad5eda738e576eec24b87e0a7,0.6885085701942444,0.8347307443618774,0.7323752641677856,0
61,3020000028261-09-01,3020000015830-09-01,화장품 용기,화장품용기,http://plus.kipris.or.kr/openapi/fileToss.jsp?arg=75a63eed5a438998f9dc3380f5cb642cd56dcb0e0f0995b0227542a1f24a736122cfa453f48f4400fb8316e5f351d2ccdbcfd90c6124903b,http://plus.kipris.or.kr/openapi/fileToss.jsp?arg=75a63eed5a438998f9dc3380f5cb642cd56dcb0e0f0995b07ba686bc001e12b7d26e09af6146358c38574e668718dd269eab58cb6cb08b9b,0.8721126914024353,0.9045513272285461,0.8818442821502686,0
62,3020000031468-09-01,3020000019784-09-01,화장품 용기,식품포장용기,http://plus.kipris.or.kr/openapi/fileToss.jsp?arg=75a63eed5a438998f9dc3380f5cb642cd56dcb0e0f0995b089d7a621b89857a2e6fd5d03a616b313ad947e8c7453a16adc8fd9d2b3aa8a00,http://plus.kipris.or.kr/openapi/fileToss.jsp?arg=75a63eed5a438998f9dc3380f5cb642cd56dcb0e0f0995b0f63a2eefd11079d0981ed2fff931e701fbc7d790be4e303270d8c12df89d962f,0.8703751564025879,0.8237485885620117,0.8563871383666992,0
63,3020000020569-09-01,3020000006442-09-01,액체용기,화장품용기,http://plus.kipris.or.kr/openapi/fileToss.jsp?arg=75a63eed5a438998f9dc3380f5cb642cd56dcb0e0f0995b0bea0399dd2b7a3e51bd7c881a493e52a791c7538a9639bdde2c7959c23a6b383,http://plus.kipris.or.kr/openapi/fileToss.jsp?arg=75a63eed5a438998f9dc3380f5cb642cd56dcb0e0f0995b0187836737e94fb39d0891ba1d3de6d92b749723166fb510ac6bc978676833b12,0.7670487761497498,0.7911703586578369,0.7742852568626404,0
64,3020000013606-09-01,3020000031088-09-01,화장품 용기,포장용기,http://plus.kipris.or.kr/openapi/fileToss.jsp?arg=75a63eed5a438998f9dc3380f5cb642cd56dcb0e0f0995b0bdcfae06342df685b5160b34fe202fbfabfe2536a403a69d18aa1876b68c7e61,http://plus.kipris.or.kr/openapi/fileToss.jsp?arg=75a63eed5a438998f9dc3380f5cb642cd56dcb0e0f0995b089d7a621b89857a2a6e995ef25b4de530e075e7abc9b8c5324a01cc2ac4db3d0,0.7408453822135925,0.8666670918464661,0.7785918712615967,0
65,3020000012594-09-01,3020000022024-09-01,포장용 병,포장용 병,http://plus.kipris.or.kr/openapi/fileToss.jsp?arg=75a63eed5a438998f9dc3380f5cb642cd56dcb0e0f0995b08964a6c84ce8cbe1a2734cd20ff462c98c85951218f53d286bdd5719c21039d1,http://plus.kipris.or.kr/openapi/fileToss.jsp?arg=75a63eed5a438998f9dc3380f5cb642cd56dcb0e0f0995b02e6ec20e9488ca66d73e29b516cdfdccf54611c38e60fb24c356d43a25d8d930,0.7510154247283936,0.8743765354156494,0.7880237102508545,0
66,3020000021814-09-01,3020000011001-09-01,화장품 용기,포장용 용기,http://plus.kipris.or.kr/openapi/fileToss.jsp?arg=75a63eed5a438998f9dc3380f5cb642cd56dcb0e0f0995b006449c7f1c85a4a7187d3aa3a76c31b34df56d1f9862991da195658fb143a6ab,http://plus.kipris.or.kr/openapi/fileToss.jsp?arg=75a63eed5a438998f9dc3380f5cb642cd56dcb0e0f0995b070abdd713d0b290aa6f312245d3a82ee762249b201b11d965cab09a02393e6d6,0.7776961922645569,0.8394879102706909,0.7962337136268616,0
67,3020000019482-09-01,3020000023257-09-01,포장용 용기,식품용용기,http://plus.kipris.or.kr/openapi/fileToss.jsp?arg=75a63eed5a438998f9dc3380f5cb642cd56dcb0e0f0995b0f63a2eefd11079d0ccfa5665d6ade3222a6a99be7a6af297f1a2c8a2e8722c09,http://plus.kipris.or.kr/openapi/fileToss.jsp?arg=75a63eed5a438998f9dc3380f5cb642cd56dcb0e0f0995b09b1f6789fb975124ddde99bf437cdce8b254f968dabd728de49de1f5b2bf5bdf,0.7886772155761719,0.8648005723953247,0.8115141987800598,0
68,3020000019480-09-01,3020000026844-09-01,포장용 용기,화장품 용기,http://plus.kipris.or.kr/openapi/fileToss.jsp?arg=75a63eed5a438998f9dc3380f5cb642cd56dcb0e0f0995b0f63a2eefd11079d0ccfa5665d6ade32219a211d025177d9ba25ca2d605700901,http://plus.kipris.or.kr/openapi/fileToss.jsp?arg=75a63eed5a438998f9dc3380f5cb642cd56dcb0e0f0995b035c516d305aed14571243152256c21dad8a464247adf2be4bf8f8d73dc6bde33,0.7805708050727844,0.847094714641571,0.8005279302597046,0
69,3020000002988-09-01,3020000029979-09-01,화장품 용기,포장용 병,http://plus.kipris.or.kr/openapi/fileToss.jsp?arg=75a63eed5a438998f9dc3380f5cb642cd56dcb0e0f0995b0680d52483fc7b07d6fe290517ec135e74f9e3dd1bc7c81cbfdc4cd7ed58643f0,http://plus.kipris.or.kr/openapi/fileToss.jsp?arg=75a63eed5a438998f9dc3380f5cb642cd56dcb0e0f0995b011f68ef22f394dd2aac602e829ef0eb5fcbe91527496863f348318f81c8fd138,0.7971072793006897,0.7421456575393677,0.7806187868118286,0
70,3020000028626-09-01,3020000032578-09-01,포장용 병,화장품 용기,http://plus.kipris.or.kr/openapi/fileToss.jsp?arg=75a63eed5a438998f9dc3380f5cb642cd56dcb0e0f0995b0227542a1f24a7361a615bd7b9a4da4d25314d588717f4a34cf72b25571ceb4e8,http://plus.kipris.or.kr/openapi/fileToss.jsp?arg=75a63eed5a438998f9dc3380f5cb642cd56dcb0e0f0995b056fef538e42de114a5789ee7e1d70e892127d09ddd1ea1801acc8d256641f508,0.8497154116630554,0.777736246585846,0.8281216621398926,0
71,3020000002988-09-01,3020000023526-09-01,화장품 용기,향수 용기,http://plus.kipris.or.kr/openapi/fileToss.jsp?arg=75a63eed5a438998f9dc3380f5cb642cd56dcb0e0f0995b0680d52483fc7b07d6fe290517ec135e74f9e3dd1bc7c81cb54dd591c901c3043,http://plus.kipris.or.kr/openapi/fileToss.jsp?arg=75a63eed5a438998f9dc3380f5cb642cd56dcb0e0f0995b09b1f6789fb97512406c585eb35ae35c5391bc9837eac95ab8cc87ae3d56c2db4,0.8355230093002319,0.8109654188156128,0.8281557559967041,0
72,3020000009396-09-01,3020000009397-09-01,화장품 용기,화장품 용기,http://plus.kipris.or.kr/openapi/fileToss.jsp?arg=75a63eed5a438998f9dc3380f5cb642cd56dcb0e0f0995b073590199e4f1dc1639c043446a843f3470496d74c2a4c07b448ac816fa471485,http://plus.kipris.or.kr/openapi/fileToss.jsp?arg=75a63eed5a438998f9dc3380f5cb642cd56dcb0e0f0995b073590199e4f1dc1639c043446a843f341fc2934575b22167758ccc8959781286,0.8134938478469849,0.941766619682312,0.851975679397583,0
73,3020000003961-09-01,3020000032447-09-01,식음료용 병,포장용 용기,http://plus.kipris.or.kr/openapi/fileToss.jsp?arg=75a63eed5a438998f9dc3380f5cb642cd56dcb0e0f0995b00b66daf06c8a8306030a04a3ad2dfd54658d347cc6bb5530033db7d77b129b33,http://plus.kipris.or.kr/openapi/fileToss.jsp?arg=75a63eed5a438998f9dc3380f5cb642cd56dcb0e0f0995b056fef538e42de114adfcf72cc6314c12724d86072dd1e0e189245538d506d95b,0.8012393712997437,0.8718025088310242,0.8224083185195923,0
74,3020000031166-09-01,3020000025138-09-01,화장품용기,화장품용기,http://plus.kipris.or.kr/openapi/fileToss.jsp?arg=75a63eed5a438998f9dc3380f5cb642cd56dcb0e0f0995b089d7a621b89857a2bda1ae1f5599e317e2f2391fc916ba68a8d1201107049865,http://plus.kipris.or.kr/openapi/fileToss.jsp?arg=75a63eed5a438998f9dc3380f5cb642cd56dcb0e0f0995b07a28099d0ef98e17a76fe1c93404a74abf48105e701089184865c077ce6cb563,0.787017822265625,0.9004440307617188,0.8210456371307373,0
75,3020000029312-09-01,3020000010994-09-01,술병,포장용 용기,http://plus.kipris.or.kr/openapi/fileToss.jsp?arg=75a63eed5a438998f9dc3380f5cb642cd56dcb0e0f0995b011f68ef22f394dd2827ea165d016d0f0e26f05fa79b582dec4082b36e6b91a20,http://plus.kipris.or.kr/openapi/fileToss.jsp?arg=75a63eed5a438998f9dc3380f5cb642cd56dcb0e0f0995b0ef3ea9b059e1242154c6c6b21c0868739071209d4ac9b29580f52229057bc259,0.6621685028076172,0.7521411180496216,0.6891602873802185,0
76,3020000006438-09-01,3020000026521-09-01,화장품용기,화장품 용기,http://plus.kipris.or.kr/openapi/fileToss.jsp?arg=75a63eed5a438998f9dc3380f5cb642cd56dcb0e0f0995b0187836737e94fb39d6735824be9a53a7e1edc7ee54fa0b09877cd0212c91484c,http://plus.kipris.or.kr/openapi/fileToss.jsp?arg=75a63eed5a438998f9dc3380f5cb642cd56dcb0e0f0995b035c516d305aed145b09b91918cd97e08dc085c0d9bf043425e69f3c3ea143fe7,0.8790038824081421,0.9594091176986694,0.9031254053115845,0
77,3020000010996-09-01,3020000007536-09-01,포장용 용기,포장용 술병,http://plus.kipris.or.kr/openapi/fileToss.jsp?arg=75a63eed5a438998f9dc3380f5cb642cd56dcb0e0f0995b0ef3ea9b059e1242154c6c6b21c086873fec4e762b42098f71009e8b150b1a1f5,http://plus.kipris.or.kr/openapi/fileToss.jsp?arg=75a63eed5a438998f9dc3380f5cb642cd56dcb0e0f0995b0fdcd45318d7ff23c0d045c2fa1109ccbbf7bb6109df7d573ae5b93c1b421d008,0.7847825884819031,0.8988703489303589,0.8190089464187622,0
78,3020000019098-09-01,3020000031066-09-01,향수용기,화장품 용기,http://plus.kipris.or.kr/openapi/fileToss.jsp?arg=75a63eed5a438998f9dc3380f5cb642cd56dcb0e0f0995b0f63a2eefd11079d08493f71a2050ee4298f127c1f171f9c05bde1cc3f3e1eec6,http://plus.kipris.or.kr/openapi/fileToss.jsp?arg=75a63eed5a438998f9dc3380f5cb642cd56dcb0e0f0995b089d7a621b89857a24e563e71b55eadee73f56adf95bfe562f9050d5857b3397d,0.8016477227210999,0.7671594023704529,0.7913012504577637,0
79,3020000015613-09-01,3020000032063-09-01,화장품 용기,화장품 함,http://plus.kipris.or.kr/openapi/fileToss.jsp?arg=75a63eed5a438998f9dc3380f5cb642cd56dcb0e0f0995b07ba686bc001e12b776336c19178a59c1d50e5b6f173eb6c4019874b418ff6451,http://plus.kipris.or.kr/openapi/fileToss.jsp?arg=75a63eed5a438998f9dc3380f5cb642cd56dcb0e0f0995b056fef538e42de1141cf4f2c16849838738260539392832189e5ad1c1a0234a3d,0.7443799376487732,0.9292060136795044,0.7998277544975281,0
80,3020000015285-09-01,3020000012835-09-01,화장품 용기,향수병,http://plus.kipris.or.kr/openapi/fileToss.jsp?arg=75a63eed5a438998f9dc3380f5cb642cd56dcb0e0f0995b07ba686bc001e12b75d136b4df6d33bb5ac403f7f7879e0119152b02d02aa8bdd,http://plus.kipris.or.kr/openapi/fileToss.jsp?arg=75a63eed5a438998f9dc3380f5cb642cd56dcb0e0f0995b08964a6c84ce8cbe136b914a53e58c31f5a71b47ce7755bd57ba8fb98a8413d52,0.9263948798179626,0.7736637592315674,0.8805755376815796,0
81,3020000033181-09-01,3020000030584-09-01,세제용기,포장용 병,http://plus.kipris.or.kr/openapi/fileToss.jsp?arg=75a63eed5a438998f9dc3380f5cb642cd56dcb0e0f0995b0f32787804da8b7ad453014fa1c02db95759e6c4eee9011bce140d2c2fc89fe91,http://plus.kipris.or.kr/openapi/fileToss.jsp?arg=75a63eed5a438998f9dc3380f5cb642cd56dcb0e0f0995b0b9420cad9c5990e068550a177cec7d2edc1565c58296d37f8a9a8710551af9c1,0.7650368809700012,0.7661397457122803,0.7653677463531494,0
82,3020000013583-09-01,3020000030702-09-01,화장품 용기,음료수 병,http://plus.kipris.or.kr/openapi/fileToss.jsp?arg=75a63eed5a438998f9dc3380f5cb642cd56dcb0e0f0995b0bdcfae06342df68572d7f7323bc50a0e94b7efa79b355815fa1df8b4c6e97eb8,http://plus.kipris.or.kr/openapi/fileToss.jsp?arg=75a63eed5a438998f9dc3380f5cb642cd56dcb0e0f0995b0b9420cad9c5990e0b9dddcdc7170a0769ff13faeaeaa94407b0d1b8de36d348d,0.7784929275512695,0.7702103853225708,0.7760081887245178,0
83,3020000015228-09-01,3020000023526-09-01,포장용 용기,향수 용기,http://plus.kipris.or.kr/openapi/fileToss.jsp?arg=75a63eed5a438998f9dc3380f5cb642cd56dcb0e0f0995b07ba686bc001e12b736b25ce876b15baee6fa5b98ab5666b6f68c2a5226b9b16f,http://plus.kipris.or.kr/openapi/fileToss.jsp?arg=75a63eed5a438998f9dc3380f5cb642cd56dcb0e0f0995b09b1f6789fb97512406c585eb35ae35c5391bc9837eac95ab8cc87ae3d56c2db4,0.8178642392158508,0.827369749546051,0.8207159042358398,0
84,3020000014636-09-01,3020000032582-09-01,포장용 병,화장품 용기,http://plus.kipris.or.kr/openapi/fileToss.jsp?arg=75a63eed5a438998f9dc3380f5cb642cd56dcb0e0f0995b0606f4df1f99f40812b87e9c8a19dc7be1036d90f246e56e97be30042c9f08dd8,http://plus.kipris.or.kr/openapi/fileToss.jsp?arg=75a63eed5a438998f9dc3380f5cb642cd56dcb0e0f0995b056fef538e42de114c938f9d32b974d9772fb62244519d1b86b3385a9e71bdd7a,0.8368671536445618,0.8662164211273193,0.8456719517707825,0
85,3020000031089-09-01,3020000023870-09-01,포장용기,향수용기,http://plus.kipris.or.kr/openapi/fileToss.jsp?arg=75a63eed5a438998f9dc3380f5cb642cd56dcb0e0f0995b089d7a621b89857a2a6e995ef25b4de53c3b0a0f3559ebf12890b0cc26653ee7b,http://plus.kipris.or.kr/openapi/fileToss.jsp?arg=75a63eed5a438998f9dc3380f5cb642cd56dcb0e0f0995b09b1f6789fb9751245383ec1ea175fde38980f608958d08b2dd4e99fd37127576,0.8357096910476685,0.8104194402694702,0.828122615814209,0
86,3020000015282-09-01,3020000017457-09-01,화장품 용기,디스펜서 용기,http://plus.kipris.or.kr/openapi/fileToss.jsp?arg=75a63eed5a438998f9dc3380f5cb642cd56dcb0e0f0995b07ba686bc001e12b75d136b4df6d33bb521e75c89274b2b2bccba61a4d20d2a08,http://plus.kipris.or.kr/openapi/fileToss.jsp?arg=75a63eed5a438998f9dc3380f5cb642cd56dcb0e0f0995b0d8ee6709638b6fa1605fd1147d87744ea21948e4c4973be50800ef6546163491,0.759832501411438,0.8644898533821106,0.7912297248840332,0
87,3020000031166-09-01,3020000034017-09-01,화장품용기,포장용 용기,http://plus.kipris.or.kr/openapi/fileToss.jsp?arg=75a63eed5a438998f9dc3380f5cb642cd56dcb0e0f0995b089d7a621b89857a2bda1ae1f5599e317e2f2391fc916ba68432653f8ff162abb,http://plus.kipris.or.kr/openapi/fileToss.jsp?arg=75a63eed5a438998f9dc3380f5cb642cd56dcb0e0f0995b0bfb5e3af4d1caf7e41c1a10938b5a94553cd9bfe72ec18a897698a465c216cbe,0.9115015268325806,0.8321720361709595,0.8877026438713074,0
88,3020000013860-09-01,3020000018351-09-01,포장용 용기,화장품 용기,http://plus.kipris.or.kr/openapi/fileToss.jsp?arg=75a63eed5a438998f9dc3380f5cb642cd56dcb0e0f0995b0bdcfae06342df685f8cbf1fb50c4736dd58c5eb7e03827ba9018dbedc61bd2a1,http://plus.kipris.or.kr/openapi/fileToss.jsp?arg=75a63eed5a438998f9dc3380f5cb642cd56dcb0e0f0995b0deac54f8925f4c7d59f6c908e7f385a3ccff19416943de8db87324dc674697f2,0.7418679594993591,0.8389483094215393,0.7709920406341553,0
89,3020000015340-09-01,3020000033581-09-01,포장용용기,화장품 용기,http://plus.kipris.or.kr/openapi/fileToss.jsp?arg=75a63eed5a438998f9dc3380f5cb642cd56dcb0e0f0995b07ba686bc001e12b775060f5fe4c5113b39bbb333b141abc1f3fced048cd75cc4,http://plus.kipris.or.kr/openapi/fileToss.jsp?arg=75a63eed5a438998f9dc3380f5cb642cd56dcb0e0f0995b0f32787804da8b7ad0513baa27761822439170e720f5e6e3cc913c7d83d6486a6,0.8864697217941284,0.8365018367767334,0.8714793920516968,0
90,3020000016040-09-01,3020000022024-09-01,식품용기,포장용 병,http://plus.kipris.or.kr/openapi/fileToss.jsp?arg=75a63eed5a438998f9dc3380f5cb642cd56dcb0e0f0995b0edd65ac4880d0f0c166bfa7c9e52a4a85fd8162f538fc810f203cca4fb077e60,http://plus.kipris.or.kr/openapi/fileToss.jsp?arg=75a63eed5a438998f9dc3380f5cb642cd56dcb0e0f0995b02e6ec20e9488ca66d73e29b516cdfdccf54611c38e60fb2417cf1878ab68f1c6,0.702144980430603,0.7507837414741516,0.7167366147041321,0
91,3020000029872-09-01,3020000000726-09-01,화장품용기,병,http://plus.kipris.or.kr/openapi/fileToss.jsp?arg=75a63eed5a438998f9dc3380f5cb642cd56dcb0e0f0995b011f68ef22f394dd26a964075748e6c189291de851176d71c4564ef9712f4776b,http://plus.kipris.or.kr/openapi/fileToss.jsp?arg=75a63eed5a438998f9dc3380f5cb642cd56dcb0e0f0995b0cc72ed919b3423000a38f4d03ae02e78859ec8517f932d63e728b57b6ba04587,0.8890793323516846,0.7244686484336853,0.8396961092948914,0
92,3020000017457-09-01,3020000015830-09-01,디스펜서 용기,화장품용기,http://plus.kipris.or.kr/openapi/fileToss.jsp?arg=75a63eed5a438998f9dc3380f5cb642cd56dcb0e0f0995b0d8ee6709638b6fa1605fd1147d87744ea21948e4c4973be50800ef6546163491,http://plus.kipris.or.kr/openapi/fileToss.jsp?arg=75a63eed5a438998f9dc3380f5cb642cd56dcb0e0f0995b07ba686bc001e12b7d26e09af6146358c38574e668718dd26f7831b557cbfa714,0.831673264503479,0.8463097810745239,0.8360642194747925,0
93,3020000017302-09-01,3020000005512-09-01,포장용 용기,화장품 용기,http://plus.kipris.or.kr/openapi/fileToss.jsp?arg=75a63eed5a438998f9dc3380f5cb642cd56dcb0e0f0995b0d8ee6709638b6fa147789b22cdad6984c70901213bff27181c3c5b918ec6419b,http://plus.kipris.or.kr/openapi/fileToss.jsp?arg=75a63eed5a438998f9dc3380f5cb642cd56dcb0e0f0995b08fe3e6d10b56cc3d22f91fa31f9e4b5d2d45b21b61a48a4924b50fbbb2d5be3d,0.8804264664649963,0.8320045471191406,0.8658998608589172,0
94,3020000021422-09-01,3020000002082-09-01,화장품 용기,화장품 용기,http://plus.kipris.or.kr/openapi/fileToss.jsp?arg=75a63eed5a438998f9dc3380f5cb642cd56dcb0e0f0995b006449c7f1c85a4a7e93b067df666c42493cd6ac1ba8fe92e0a7c54c4288abd62,http://plus.kipris.or.kr/openapi/fileToss.jsp?arg=75a63eed5a438998f9dc3380f5cb642cd56dcb0e0f0995b0680d52483fc7b07d3621f255e5f93b215d3d108e5dd08d7c7869951eb390b366,0.6416730880737305,0.9436002969741821,0.7322512865066528,0
95,3020000009397-09-01,3020000007443-09-01,화장품 용기,샴푸용기,http://plus.kipris.or.kr/openapi/fileToss.jsp?arg=75a63eed5a438998f9dc3380f5cb642cd56dcb0e0f0995b073590199e4f1dc1639c043446a843f341fc2934575b221679182f278029bf8fa,http://plus.kipris.or.kr/openapi/fileToss.jsp?arg=75a63eed5a438998f9dc3380f5cb642cd56dcb0e0f0995b0fdcd45318d7ff23c308bbaa2658dde0932dde688c5cdc6dc8deb21f1f52a1b08,0.7905250787734985,0.8302038908004761,0.8024287223815918,0
96,3020000001557-09-01,3020000025817-09-01,화장품 용기,대나무통 속 참소주,http://plus.kipris.or.kr/openapi/fileToss.jsp?arg=75a63eed5a438998f9dc3380f5cb642cd56dcb0e0f0995b0b700f0235c7824b02742d12238f52e5f07b186765f208389a53ec0fe778dd01d,http://plus.kipris.or.kr/openapi/fileToss.jsp?arg=75a63eed5a438998f9dc3380f5cb642cd56dcb0e0f0995b07a28099d0ef98e179bc9ea7c548ba527949e26288637a0b65e3c73b76dd06e6f,0.5768637657165527,0.5464937686920166,0.5677527785301208,0
97,3020000012072-09-01,3020000026844-09-01,샴푸용기,화장품 용기,http://plus.kipris.or.kr/openapi/fileToss.jsp?arg=75a63eed5a438998f9dc3380f5cb642cd56dcb0e0f0995b08964a6c84ce8cbe101428d44c160746ec10ea66642096ecbc939f7769ffc7696,http://plus.kipris.or.kr/openapi/fileToss.jsp?arg=75a63eed5a438998f9dc3380f5cb642cd56dcb0e0f0995b035c516d305aed14571243152256c21dad8a464247adf2be4bf8f8d73dc6bde33,0.8111864328384399,0.7175285816192627,0.7830891013145447,0
98,3020000030702-09-01,3020000011702-09-01,음료수 병,포장용 용기,http://plus.kipris.or.kr/openapi/fileToss.jsp?arg=75a63eed5a438998f9dc3380f5cb642cd56dcb0e0f0995b0b9420cad9c5990e0b9dddcdc7170a0769ff13faeaeaa94409b5ea68e3ca8d2a1,http://plus.kipris.or.kr/openapi/fileToss.jsp?arg=75a63eed5a438998f9dc3380f5cb642cd56dcb0e0f0995b070abdd713d0b290ac325e975e3fdd65a337014d876206ef64e2b797283f9e46b,0.7840898036956787,0.8382444381713867,0.8003362417221069,0
99,3020000020788-09-01,3020000017722-09-01,포장용 용기,포장용 통,http://plus.kipris.or.kr/openapi/fileToss.jsp?arg=75a63eed5a438998f9dc3380f5cb642cd56dcb0e0f0995b0bea0399dd2b7a3e5217ce7d5ae936bbd90eef2e869c5b1138241bfc546970dec,http://plus.kipris.or.kr/openapi/fileToss.jsp?arg=75a63eed5a438998f9dc3380f5cb642cd56dcb0e0f0995b0d8ee6709638b6fa1f4bde39beae5710fcd253a9a4823a8c005e5b2c7168a0ede,0.8920900225639343,0.8221268653869629,0.8711010813713074,0
100,3020000027377-09-01,3020000026844-09-01,향 수 병,화장품 용기,http://plus.kipris.or.kr/openapi/fileToss.jsp?arg=75a63eed5a438998f9dc3380f5cb642cd56dcb0e0f0995b01b6467bd697fe99c825062ac0a4e0cbbf37c817a70113aa4508e90b068b69d88,http://plus.kipris.or.kr/openapi/fileToss.jsp?arg=75a63eed5a438998f9dc3380f5cb642cd56dcb0e0f0995b035c516d305aed14571243152256c21dad8a464247adf2be4bf8f8d73dc6bde33,0.6640734076499939,0.7253646850585938,0.6824607849121094,0
101,3020000023571-09-01,3020000014721-09-01,세제용 용기,음료수병,http://plus.kipris.or.kr/openapi/fileToss.jsp?arg=75a63eed5a438998f9dc3380f5cb642cd56dcb0e0f0995b09b1f6789fb9751240005454de4ce8fd157be609d7636893f5f2a426ebda18ca7,http://plus.kipris.or.kr/openapi/fileToss.jsp?arg=75a63eed5a438998f9dc3380f5cb642cd56dcb0e0f0995b0606f4df1f99f408147acd64ca7a100afd02dddd10af2d0c3d64654900675ad1a,0.6975889205932617,0.8607759475708008,0.7465450763702393,0
102,3020000026567-09-01,3020000018498-09-01,화장품 용기,화장품 용기,http://plus.kipris.or.kr/openapi/fileToss.jsp?arg=75a63eed5a438998f9dc3380f5cb642cd56dcb0e0f0995b035c516d305aed145c7f1101716b813f88495dcf894aa3703b7c0a50f9b3d94aa,http://plus.kipris.or.kr/openapi/fileToss.jsp?arg=75a63eed5a438998f9dc3380f5cb642cd56dcb0e0f0995b0deac54f8925f4c7d1bc725e43ac88c2028d559bd06e57c37ae55624d2991560e,0.7803598642349243,0.8934950828552246,0.8143004179000854,0
103,3020000010998-09-01,3020000031166-09-01,포장용 용기,화장품용기,http://plus.kipris.or.kr/openapi/fileToss.jsp?arg=75a63eed5a438998f9dc3380f5cb642cd56dcb0e0f0995b0ef3ea9b059e1242154c6c6b21c086873fa90fc2cd032beb69e24f178e5f3760b,http://plus.kipris.or.kr/openapi/fileToss.jsp?arg=75a63eed5a438998f9dc3380f5cb642cd56dcb0e0f0995b089d7a621b89857a2bda1ae1f5599e317e2f2391fc916ba685a1bf7613bd0796b,0.7358741164207458,0.8604898452758789,0.7732588052749634,0
104,3020000001542-09-01,3020000019758-09-01,포장용 음료용기,화장품 포장용 병,http://plus.kipris.or.kr/openapi/fileToss.jsp?arg=75a63eed5a438998f9dc3380f5cb642cd56dcb0e0f0995b0b700f0235c7824b0587fd55be5134f032acd59f883b9206cb5751a1545c126d7,http://plus.kipris.or.kr/openapi/fileToss.jsp?arg=75a63eed5a438998f9dc3380f5cb642cd56dcb0e0f0995b0f63a2eefd11079d006f4cd70f75e4ac6265a23764f163feaedc3ceec82e1d60b,0.8205565214157104,0.9039279222488403,0.8455679416656494,0
105,3020000029206-09-01,3020000006745-09-01,음료용캔,화장품 용기,http://plus.kipris.or.kr/openapi/fileToss.jsp?arg=75a63eed5a438998f9dc3380f5cb642cd56dcb0e0f0995b011f68ef22f394dd2b6f51bfd28952d99654a7c38e8148a63c1b8ee4149ac187e,http://plus.kipris.or.kr/openapi/fileToss.jsp?arg=75a63eed5a438998f9dc3380f5cb642cd56dcb0e0f0995b0187836737e94fb396332e3fa732ce845811da59fbacc17e1f277120876c8ef7d,0.8110817670822144,0.7137560844421387,0.7818840742111206,0
106,3020000032582-09-01,3020000029756-09-01,화장품 용기,포장용 병,http://plus.kipris.or.kr/openapi/fileToss.jsp?arg=75a63eed5a438998f9dc3380f5cb642cd56dcb0e0f0995b056fef538e42de114c938f9d32b974d9772fb62244519d1b8fa0a4d9116fb9142,http://plus.kipris.or.kr/openapi/fileToss.jsp?arg=75a63eed5a438998f9dc3380f5cb642cd56dcb0e0f0995b011f68ef22f394dd22a0df6146d523614037efe9cecec5ea9efd605275d7bc3c7,0.6922684907913208,0.8268113136291504,0.7326313257217407,0
107,3020000025158-09-01,3020000005118-09-01,스프레이 용기,에어로졸 용기,http://plus.kipris.or.kr/openapi/fileToss.jsp?arg=75a63eed5a438998f9dc3380f5cb642cd56dcb0e0f0995b07a28099d0ef98e1700b4d7de06f9f53c9c2561319dcf881d268455ebb0da59cd,http://plus.kipris.or.kr/openapi/fileToss.jsp?arg=75a63eed5a438998f9dc3380f5cb642cd56dcb0e0f0995b08fe3e6d10b56cc3d6fdd0a060b490f45a9cef516e81b9996f097eb79cd188371,0.8448335528373718,0.8423824906349182,0.8440982103347778,0
108,3020000002082-09-01,3020000000847-09-01,화장품 용기,포장용 병,http://plus.kipris.or.kr/openapi/fileToss.jsp?arg=75a63eed5a438998f9dc3380f5cb642cd56dcb0e0f0995b0680d52483fc7b07d3621f255e5f93b215d3d108e5dd08d7c97118f12e7a0059e,http://plus.kipris.or.kr/openapi/fileToss.jsp?arg=75a63eed5a438998f9dc3380f5cb642cd56dcb0e0f0995b0cc72ed919b342300e99b2acfcc6c677b67dc73b104714909c8350d870ebd8627,0.7439630627632141,0.795570433139801,0.7594452500343323,0
109,3020000020571-09-01,3020000028555-09-01,화장품 용기,향수병{PERFUME BOTTLE},http://plus.kipris.or.kr/openapi/fileToss.jsp?arg=75a63eed5a438998f9dc3380f5cb642cd56dcb0e0f0995b0bea0399dd2b7a3e5b435903018a1a9f5132e0826c9f45c0be353c320d168da0d,http://plus.kipris.or.kr/openapi/fileToss.jsp?arg=75a63eed5a438998f9dc3380f5cb642cd56dcb0e0f0995b0227542a1f24a73610c8bbe2556fb255ef8db2587fe0aeba647adc9db5fbf8840,0.8771731853485107,0.7946913838386536,0.852428674697876,0
110,3020000000638-09-01,3020000028283-09-01,화장품용기,포장용 용기,http://plus.kipris.or.kr/openapi/fileToss.jsp?arg=75a63eed5a438998f9dc3380f5cb642cd56dcb0e0f0995b0cc72ed919b34230099f327e961a5ac512f1a2de92956eab09c45325a18bce387,http://plus.kipris.or.kr/openapi/fileToss.jsp?arg=75a63eed5a438998f9dc3380f5cb642cd56dcb0e0f0995b0227542a1f24a7361c5f2b82111502f215f83c11efd778e7bbce7a3fb97a9ab7d,0.8189312219619751,0.8115533590316772,0.8167178630828857,0
111,3020000017499-09-01,3020000007043-09-01,포장용 용기,포장용기,http://plus.kipris.or.kr/openapi/fileToss.jsp?arg=75a63eed5a438998f9dc3380f5cb642cd56dcb0e0f0995b0d8ee6709638b6fa1ae2fc3835c730b0f7499aab326990e3e48e672ead81baf0f,http://plus.kipris.or.kr/openapi/fileToss.jsp?arg=75a63eed5a438998f9dc3380f5cb642cd56dcb0e0f0995b0fdcd45318d7ff23c26d838b2a3bc7b054db3382f2acfb6b223af4f4781bf49cf,0.7719579935073853,0.9732089042663574,0.8323332667350769,0
112,3020000024614-09-01,3020000016998-09-01,병,포장용 용기,http://plus.kipris.or.kr/openapi/fileToss.jsp?arg=75a63eed5a438998f9dc3380f5cb642cd56dcb0e0f0995b005b3db6b458aa73b0968031a9516cc9a17434bbd4aa1786c350f2ad30f1cd59e,http://plus.kipris.or.kr/openapi/fileToss.jsp?arg=75a63eed5a438998f9dc3380f5cb642cd56dcb0e0f0995b0edd65ac4880d0f0cc2c085a4246e7b663e595944c7ecaccf925ac9bca843da29,0.8464603424072266,0.8498226404190063,0.8474689722061157,0
113,3020000012111-09-01,3020000024534-09-01,드링크 병,화장품 용기,http://plus.kipris.or.kr/openapi/fileToss.jsp?arg=75a63eed5a438998f9dc3380f5cb642cd56dcb0e0f0995b08964a6c84ce8cbe1c4d769ac6125c6604cb8fb2387c071ba21485da29342a5cf,http://plus.kipris.or.kr/openapi/fileToss.jsp?arg=75a63eed5a438998f9dc3380f5cb642cd56dcb0e0f0995b005b3db6b458aa73bad765829c40530d0971c65a9ec7bb854d8b1befbbaf489cb,0.8314615488052368,0.6113371849060059,0.7654242515563965,0
114,3020000018221-09-01,3020000017302-09-01,포장용 용기,포장용 용기,http://plus.kipris.or.kr/openapi/fileToss.jsp?arg=75a63eed5a438998f9dc3380f5cb642cd56dcb0e0f0995b0deac54f8925f4c7d4987cce9cfe8722f2003dddbc81cfbea23940776de53ecf9,http://plus.kipris.or.kr/openapi/fileToss.jsp?arg=75a63eed5a438998f9dc3380f5cb642cd56dcb0e0f0995b0d8ee6709638b6fa147789b22cdad6984c70901213bff27181c3c5b918ec6419b,0.7865967154502869,0.9422606229782104,0.8332958817481995,0
115,3020000030132-09-01,3020000015613-09-01,포장용 용기,화장품 용기,http://plus.kipris.or.kr/openapi/fileToss.jsp?arg=75a63eed5a438998f9dc3380f5cb642cd56dcb0e0f0995b0b9420cad9c5990e09473cab83423dc22cdeb0515d7960d0ed66a95fcedc784b4,http://plus.kipris.or.kr/openapi/fileToss.jsp?arg=75a63eed5a438998f9dc3380f5cb642cd56dcb0e0f0995b07ba686bc001e12b776336c19178a59c1d50e5b6f173eb6c4433347a0a4a2e2e5,0.7895331978797913,0.8572244644165039,0.8098405599594116,0
116,3020000028626-09-01,3020000033314-09-01,포장용 병,포장용 용기,http://plus.kipris.or.kr/openapi/fileToss.jsp?arg=75a63eed5a438998f9dc3380f5cb642cd56dcb0e0f0995b0227542a1f24a7361a615bd7b9a4da4d25314d588717f4a3427bdea856df23fe5,http://plus.kipris.or.kr/openapi/fileToss.jsp?arg=75a63eed5a438998f9dc3380f5cb642cd56dcb0e0f0995b0f32787804da8b7ad8e33740856216fb39dc532a3e2d090b2a5a5df900674565d,0.907090425491333,0.8226334452629089,0.8817533254623413,0
117,3020000018268-09-01,3020000001139-09-01,화장품 용기,화장품 용기,http://plus.kipris.or.kr/openapi/fileToss.jsp?arg=75a63eed5a438998f9dc3380f5cb642cd56dcb0e0f0995b0deac54f8925f4c7dab2df396aedd8dba048d60148f3f5c1085cbe2682e5308f3,http://plus.kipris.or.kr/openapi/fileToss.jsp?arg=75a63eed5a438998f9dc3380f5cb642cd56dcb0e0f0995b0b700f0235c7824b0b9d15885ea58921e64b88d6b7f5b4248800f24409baf9838,0.717914342880249,0.9563093185424805,0.7894328832626343,0
118,3020000017002-09-01,3020000015228-09-01,포장용 용기,포장용 용기,http://plus.kipris.or.kr/openapi/fileToss.jsp?arg=75a63eed5a438998f9dc3380f5cb642cd56dcb0e0f0995b0d8ee6709638b6fa151acb057bf4b283f9c05647f46a69bf42e70e8dc44723c81,http://plus.kipris.or.kr/openapi/fileToss.jsp?arg=75a63eed5a438998f9dc3380f5cb642cd56dcb0e0f0995b07ba686bc001e12b736b25ce876b15baee6fa5b98ab5666b682e169f710a16019,0.7331557273864746,0.9348959922790527,0.793677806854248,0
119,3020000010913-09-01,3020000029877-09-01,향수병,화장품용기,http://plus.kipris.or.kr/openapi/fileToss.jsp?arg=75a63eed5a438998f9dc3380f5cb642cd56dcb0e0f0995b0ef3ea9b059e124218e78add106288283ab700c059cc121119f0ec2c11e908959,http://plus.kipris.or.kr/openapi/fileToss.jsp?arg=75a63eed5a438998f9dc3380f5cb642cd56dcb0e0f0995b011f68ef22f394dd26a964075748e6c188d7c175d4f7b5669defd960b765b7066,0.9098410606384277,0.7615469694137573,0.8653528690338135,0
120,3020000031824-09-01,3020000003525-09-01,포장용 통,화장품 용기,http://plus.kipris.or.kr/openapi/fileToss.jsp?arg=75a63eed5a438998f9dc3380f5cb642cd56dcb0e0f0995b089d7a621b89857a260d6d19455edef47705315bb99d3e795743c2e1463a54ee4,http://plus.kipris.or.kr/openapi/fileToss.jsp?arg=75a63eed5a438998f9dc3380f5cb642cd56dcb0e0f0995b00b66daf06c8a830641a31f57f6fcc65b9864b6b9cf547170c48a1fc5b9d9f8b8,0.6842678189277649,0.7468719482421875,0.7030490636825562,0
121,3020000018873-09-01,3020000024484-09-01,화장품 용기,화장품 용기,http://plus.kipris.or.kr/openapi/fileToss.jsp?arg=75a63eed5a438998f9dc3380f5cb642cd56dcb0e0f0995b0deac54f8925f4c7d01c27b3b9348c7970f10a5e9739eef09046ecccee1644cf3,http://plus.kipris.or.kr/openapi/fileToss.jsp?arg=75a63eed5a438998f9dc3380f5cb642cd56dcb0e0f0995b005b3db6b458aa73b12ac262f8b7ca850ea83ae6d2ac6738d05a8e05c7a8b38a1,0.6023187637329102,0.9360388517379761,0.702434778213501,0
122,3020000009604-09-01,3020000032390-09-01,포장용용기,화장품 용기,http://plus.kipris.or.kr/openapi/fileToss.jsp?arg=75a63eed5a438998f9dc3380f5cb642cd56dcb0e0f0995b073590199e4f1dc16c4994de40142535603458437661fcfdb5f1f413c0ef66858,http://plus.kipris.or.kr/openapi/fileToss.jsp?arg=75a63eed5a438998f9dc3380f5cb642cd56dcb0e0f0995b056fef538e42de114992500162809c30904332274da7c8757c3ddb2fe06bd7806,0.8021280765533447,0.7092782258987427,0.7742730975151062,0
123,3020000029918-09-01,3020000014030-09-01,화장품 용기,화장품 용기,http://plus.kipris.or.kr/openapi/fileToss.jsp?arg=75a63eed5a438998f9dc3380f5cb642cd56dcb0e0f0995b011f68ef22f394dd2f0b8046f71cf13a118ade17c41ebb3b70896a1387a685681,http://plus.kipris.or.kr/openapi/fileToss.jsp?arg=75a63eed5a438998f9dc3380f5cb642cd56dcb0e0f0995b0606f4df1f99f4081c635518eb2e9ae224c414ca4a2923d3b51218f938815980e,0.785086989402771,0.9112482070922852,0.8229353427886963,0
124,3020000031444-09-01,3020000030008-09-01,화장품 용기,포장용 술병,http://plus.kipris.or.kr/openapi/fileToss.jsp?arg=75a63eed5a438998f9dc3380f5cb642cd56dcb0e0f0995b089d7a621b89857a21e79e0b1232a9ae91a3f9080e95cd3ddb7e9c1fba06190c8,http://plus.kipris.or.kr/openapi/fileToss.jsp?arg=75a63eed5a438998f9dc3380f5cb642cd56dcb0e0f0995b0b9420cad9c5990e0672c1f955478a2c8edc8866b796d29a6bb650dbd8e80ec2b,0.8358520865440369,0.7951785326004028,0.823650062084198,0
125,3020000017499-09-01,3020000016022-09-01,포장용 용기,향수병,http://plus.kipris.or.kr/openapi/fileToss.jsp?arg=75a63eed5a438998f9dc3380f5cb642cd56dcb0e0f0995b0d8ee6709638b6fa1ae2fc3835c730b0f7499aab326990e3ed61caa5247633e91,http://plus.kipris.or.kr/openapi/fileToss.jsp?arg=75a63eed5a438998f9dc3380f5cb642cd56dcb0e0f0995b0edd65ac4880d0f0c6eddf7c16beaabf046cfce850eacb0aad35a3c93422e9091,0.8517705202102661,0.8328630924224854,0.8460982441902161,0
126,3020000001189-09-01,3020000029616-09-01,화장품용기,스프레이어(SPRAYER),http://plus.kipris.or.kr/openapi/fileToss.jsp?arg=75a63eed5a438998f9dc3380f5cb642cd56dcb0e0f0995b0b700f0235c7824b019cbf7f16fb2c2fce15609f9a233e43cc46626248b1b07b2,http://plus.kipris.or.kr/openapi/fileToss.jsp?arg=75a63eed5a438998f9dc3380f5cb642cd56dcb0e0f0995b011f68ef22f394dd21b3c346cdf3ea013cebac42447732560301c84bee0a32cc4,0.8308495879173279,0.7937907576560974,0.8197319507598877,0
127,3020000029518-09-01,3020000029615-09-01,화장품용기,스프레이어(SPRAYER),http://plus.kipris.or.kr/openapi/fileToss.jsp?arg=75a63eed5a438998f9dc3380f5cb642cd56dcb0e0f0995b011f68ef22f394dd24829751c8f656ff9534b5bcab2c36d40fc9e73a04d7c0ab9,http://plus.kipris.or.kr/openapi/fileToss.jsp?arg=75a63eed5a438998f9dc3380f5cb642cd56dcb0e0f0995b011f68ef22f394dd21b3c346cdf3ea013a2bcb65128e40205410c0cc9495496be,0.8066154718399048,0.797947108745575,0.8040149211883545,0
128,3020000030347-09-01,3020000030843-09-01,포장용 용기,화장품용기,http://plus.kipris.or.kr/openapi/fileToss.jsp?arg=75a63eed5a438998f9dc3380f5cb642cd56dcb0e0f0995b0b9420cad9c5990e003a10973d6bdbbe33d0e3feb2ecc5d14bf6b37c287e8d1c3,http://plus.kipris.or.kr/openapi/fileToss.jsp?arg=75a63eed5a438998f9dc3380f5cb642cd56dcb0e0f0995b0b9420cad9c5990e0a4a05627aedca40ca750b1c56ce2af31ad48d0977ddf98ee,0.8475804328918457,0.8699893355369568,0.8543031215667725,0
129,3020000032447-09-01,3020000011989-09-01,포장용 용기,드링크 병,http://plus.kipris.or.kr/openapi/fileToss.jsp?arg=75a63eed5a438998f9dc3380f5cb642cd56dcb0e0f0995b056fef538e42de114adfcf72cc6314c12724d86072dd1e0e189245538d506d95b,http://plus.kipris.or.kr/openapi/fileToss.jsp?arg=75a63eed5a438998f9dc3380f5cb642cd56dcb0e0f0995b070abdd713d0b290a22025622b2f6a4c0026452b7351c2cfe0c2130045839a921,0.8234158754348755,0.682091474533081,0.7810185551643372,0
130,3020000021829-09-01,3020000022200-09-01,화장품 용기,포장용 용기,http://plus.kipris.or.kr/openapi/fileToss.jsp?arg=75a63eed5a438998f9dc3380f5cb642cd56dcb0e0f0995b006449c7f1c85a4a7b1e65d46d0f161f0338df3c924e96618a76f2b05399de135,http://plus.kipris.or.kr/openapi/fileToss.jsp?arg=75a63eed5a438998f9dc3380f5cb642cd56dcb0e0f0995b02e6ec20e9488ca66a70689f8ed0b359ec2645961d3c0238840d68ea3e521c38d,0.6849451065063477,0.8605579137802124,0.7376289367675781,0
131,3020000028255-09-01,3020000028348-09-01,화장품 용기,포장용 용기,http://plus.kipris.or.kr/openapi/fileToss.jsp?arg=75a63eed5a438998f9dc3380f5cb642cd56dcb0e0f0995b0227542a1f24a736184b9181791c18e4f2d2c91fc50ed9a70636aef2e904ec0c5,http://plus.kipris.or.kr/openapi/fileToss.jsp?arg=75a63eed5a438998f9dc3380f5cb642cd56dcb0e0f0995b0227542a1f24a736155db84a290cc09d09a49a855342dcf7e00020b6f17fd70a4,0.5768260955810547,0.8262327313423157,0.6516481041908264,0
132,3020000029979-09-01,3020000010608-09-01,포장용 병,향수용기,http://plus.kipris.or.kr/openapi/fileToss.jsp?arg=75a63eed5a438998f9dc3380f5cb642cd56dcb0e0f0995b011f68ef22f394dd2aac602e829ef0eb5fcbe91527496863fefdc6855db63ef99,http://plus.kipris.or.kr/openapi/fileToss.jsp?arg=75a63eed5a438998f9dc3380f5cb642cd56dcb0e0f0995b0ef3ea9b059e12421ac8898e2abf04f2abfe0c93f850ea724a8aff022b859a58a,0.6902427673339844,0.8125161528587341,0.7269247770309448,0
133,3020000025182-09-01,3020000030132-09-01,화장품 용기,포장용 용기,http://plus.kipris.or.kr/openapi/fileToss.jsp?arg=75a63eed5a438998f9dc3380f5cb642cd56dcb0e0f0995b07a28099d0ef98e17b231862f9c4558f7c6d4adbe3a495f9df18370864a0ca2ae,http://plus.kipris.or.kr/openapi/fileToss.jsp?arg=75a63eed5a438998f9dc3380f5cb642cd56dcb0e0f0995b0b9420cad9c5990e09473cab83423dc22cdeb0515d7960d0e358e2f8c2488cb76,0.8062021136283875,0.8431352972984314,0.8172820806503296,0
134,3020000023317-09-01,3020000016423-09-01,화장품 용기,화장품 용기,http://plus.kipris.or.kr/openapi/fileToss.jsp?arg=75a63eed5a438998f9dc3380f5cb642cd56dcb0e0f0995b09b1f6789fb9751245fe107dead8a38ad7927d42c8d065e521ab6f4791371d98a,http://plus.kipris.or.kr/openapi/fileToss.jsp?arg=75a63eed5a438998f9dc3380f5cb642cd56dcb0e0f0995b0edd65ac4880d0f0cde88f35c1b19cc9c55a541844b9516d2ef60ab6e88d31209,0.7174097299575806,0.8817576169967651,0.7667140960693359,0
135,3020000017003-09-01,3020000025182-09-01,포장용 용기,화장품 용기,http://plus.kipris.or.kr/openapi/fileToss.jsp?arg=75a63eed5a438998f9dc3380f5cb642cd56dcb0e0f0995b0d8ee6709638b6fa151acb057bf4b283fa8e32bcd5b75385dc40c5b1a1a9ababc,http://plus.kipris.or.kr/openapi/fileToss.jsp?arg=75a63eed5a438998f9dc3380f5cb642cd56dcb0e0f0995b07a28099d0ef98e17b231862f9c4558f7c6d4adbe3a495f9d4e7c9378eddfebd3,0.7945960760116577,0.8331592082977295,0.8061650395393372,0
136,3020000032582-09-01,3020000018765-09-01,화장품 용기,음료병,http://plus.kipris.or.kr/openapi/fileToss.jsp?arg=75a63eed5a438998f9dc3380f5cb642cd56dcb0e0f0995b056fef538e42de114c938f9d32b974d9772fb62244519d1b893ec58c189294d32,http://plus.kipris.or.kr/openapi/fileToss.jsp?arg=75a63eed5a438998f9dc3380f5cb642cd56dcb0e0f0995b0deac54f8925f4c7dff73e655a395ca11d5ec212f9f189ae199cf712af9134cef,0.8061816692352295,0.6244416832923889,0.7516596913337708,0
137,3020000020571-09-01,3020000013911-09-01,화장품 용기,라이터용 일회용 가스용기,http://plus.kipris.or.kr/openapi/fileToss.jsp?arg=75a63eed5a438998f9dc3380f5cb642cd56dcb0e0f0995b0bea0399dd2b7a3e5b435903018a1a9f5132e0826c9f45c0bc44024b4e976d323,http://plus.kipris.or.kr/openapi/fileToss.jsp?arg=75a63eed5a438998f9dc3380f5cb642cd56dcb0e0f0995b0bdcfae06342df685294523d8a9b8e49cdcbe291eb43f5318aebbea0f84e131a0,0.8210452795028687,0.760148286819458,0.8027762174606323,0
138,3020000016952-09-01,3020000030347-09-01,화장품 용기,포장용 용기,http://plus.kipris.or.kr/openapi/fileToss.jsp?arg=75a63eed5a438998f9dc3380f5cb642cd56dcb0e0f0995b0edd65ac4880d0f0c46faa16d4d6673f103f15ad5032df09404de48215fdaa820,http://plus.kipris.or.kr/openapi/fileToss.jsp?arg=75a63eed5a438998f9dc3380f5cb642cd56dcb0e0f0995b0b9420cad9c5990e003a10973d6bdbbe33d0e3feb2ecc5d149006f53915ba0971,0.8557260632514954,0.8788084387779236,0.8626508116722107,0
139,3020000004362-09-01,3020000023372-09-01,식음료용 병,화장품 용기,http://plus.kipris.or.kr/openapi/fileToss.jsp?arg=75a63eed5a438998f9dc3380f5cb642cd56dcb0e0f0995b03069a7817908f14f862ab5db3dff0eb92fd7fdd29ff88e10d0c4c5fa4fd11013,http://plus.kipris.or.kr/openapi/fileToss.jsp?arg=75a63eed5a438998f9dc3380f5cb642cd56dcb0e0f0995b09b1f6789fb97512449882dd38eee7b70234d8f05dc016cf4bcc154bdbffa018a,0.5754481554031372,0.7204209566116333,0.618939995765686,0
140,3020000023190-09-01,3020000034017-09-01,포장용 통,포장용 용기,http://plus.kipris.or.kr/openapi/fileToss.jsp?arg=75a63eed5a438998f9dc3380f5cb642cd56dcb0e0f0995b09b1f6789fb975124959c8fec340e8be8b38df9a068b350e07960fb3d2b17e222,http://plus.kipris.or.kr/openapi/fileToss.jsp?arg=75a63eed5a438998f9dc3380f5cb642cd56dcb0e0f0995b0bfb5e3af4d1caf7e41c1a10938b5a94553cd9bfe72ec18a879a6463f840fb1af,0.8438013195991516,0.939183235168457,0.8724159002304077,0
141,3020000034017-09-01,3020000032279-09-01,포장용 용기,화장품 용기,http://plus.kipris.or.kr/openapi/fileToss.jsp?arg=75a63eed5a438998f9dc3380f5cb642cd56dcb0e0f0995b0bfb5e3af4d1caf7e41c1a10938b5a94553cd9bfe72ec18a897698a465c216cbe,http://plus.kipris.or.kr/openapi/fileToss.jsp?arg=75a63eed5a438998f9dc3380f5cb642cd56dcb0e0f0995b056fef538e42de1147cde78c9acdcc39826435626186d051b2100d6cfe2712598,0.7525221705436707,0.8435038924217224,0.779816746711731,0
142,3020000029153-09-01,3020000024700-09-01,화장품 용기,화장품 용기,http://plus.kipris.or.kr/openapi/fileToss.jsp?arg=75a63eed5a438998f9dc3380f5cb642cd56dcb0e0f0995b011f68ef22f394dd29eecc76719f91605bd6e2b7afc320865cbd36d60e5259a5a,http://plus.kipris.or.kr/openapi/fileToss.jsp?arg=75a63eed5a438998f9dc3380f5cb642cd56dcb0e0f0995b005b3db6b458aa73bbe736c671d94092b71c05c8cc68ecef689bbd0a7ec0ad547,0.7141508460044861,0.9401246309280396,0.7819429636001587,0
143,3020000025182-09-01,3020000004298-09-01,화장품 용기,화장품 용기,http://plus.kipris.or.kr/openapi/fileToss.jsp?arg=75a63eed5a438998f9dc3380f5cb642cd56dcb0e0f0995b07a28099d0ef98e17b231862f9c4558f7c6d4adbe3a495f9d4e7c9378eddfebd3,http://plus.kipris.or.kr/openapi/fileToss.jsp?arg=75a63eed5a438998f9dc3380f5cb642cd56dcb0e0f0995b03069a7817908f14f5c65ec481892902746cda1b0085c286e8cd0c27461d77bc9,0.9200314283370972,0.8819113969802856,0.9085954427719116,0
144,3020000009575-09-01,3020000017678-09-01,샴푸용기,화장품 용기,http://plus.kipris.or.kr/openapi/fileToss.jsp?arg=75a63eed5a438998f9dc3380f5cb642cd56dcb0e0f0995b073590199e4f1dc169941cfebbab156c51236626acb6177d49a70356f8831cad7,http://plus.kipris.or.kr/openapi/fileToss.jsp?arg=75a63eed5a438998f9dc3380f5cb642cd56dcb0e0f0995b0d8ee6709638b6fa1301e6f2c98fb3cd7cb5c72a4760d6b4227560355c0fd9a6f,0.8150752782821655,0.714076578617096,0.7847756743431091,0
145,3020000021438-09-01,3020000023870-09-01,포장용용기,향수용기,http://plus.kipris.or.kr/openapi/fileToss.jsp?arg=75a63eed5a438998f9dc3380f5cb642cd56dcb0e0f0995b006449c7f1c85a4a77af12798cb61bd12e9ee25a7f9a1aa6f9aeb6cacfd7f6b1e,http://plus.kipris.or.kr/openapi/fileToss.jsp?arg=75a63eed5a438998f9dc3380f5cb642cd56dcb0e0f0995b09b1f6789fb9751245383ec1ea175fde38980f608958d08b2d5e31fcedb1a9c00,0.8042559623718262,0.7819772958755493,0.7975723743438721,0
146,3020000009483-09-01,3020000007443-09-01,화장품 용기,샴푸용기,http://plus.kipris.or.kr/openapi/fileToss.jsp?arg=75a63eed5a438998f9dc3380f5cb642cd56dcb0e0f0995b073590199e4f1dc1659189ee3a87a785d8682f802aa79588c365fabb881e72483,http://plus.kipris.or.kr/openapi/fileToss.jsp?arg=75a63eed5a438998f9dc3380f5cb642cd56dcb0e0f0995b0fdcd45318d7ff23c308bbaa2658dde0932dde688c5cdc6dcc86f4da30029ca44,0.913541316986084,0.8457880020141602,0.8932152986526489,0
147,3020000015436-09-01,3020000001944-09-01,포장용 용기,포장용 용기,http://plus.kipris.or.kr/openapi/fileToss.jsp?arg=75a63eed5a438998f9dc3380f5cb642cd56dcb0e0f0995b07ba686bc001e12b74f814a4956a5cebbf9ae9e1003c504835c69b7fc38049aa6,http://plus.kipris.or.kr/openapi/fileToss.jsp?arg=75a63eed5a438998f9dc3380f5cb642cd56dcb0e0f0995b0b700f0235c7824b0b43f28481065a752e5d089eb08c5234976bc5ca847ba75b3,0.7191361784934998,0.9344817399978638,0.7837398648262024,0
148,3020000005512-09-01,3020000022803-09-01,화장품 용기,화장품 용기,http://plus.kipris.or.kr/openapi/fileToss.jsp?arg=75a63eed5a438998f9dc3380f5cb642cd56dcb0e0f0995b08fe3e6d10b56cc3d22f91fa31f9e4b5d2d45b21b61a48a49e683a86d7980373a,http://plus.kipris.or.kr/openapi/fileToss.jsp?arg=75a63eed5a438998f9dc3380f5cb642cd56dcb0e0f0995b02e6ec20e9488ca6644c75fa6ac71ce2d8057436539fb08fc7e269deb170b8a4d,0.8796427249908447,0.9104799032211304,0.8888938426971436,0
149,3020000007043-09-01,3020000018767-09-01,포장용기,음료병,http://plus.kipris.or.kr/openapi/fileToss.jsp?arg=75a63eed5a438998f9dc3380f5cb642cd56dcb0e0f0995b0fdcd45318d7ff23c26d838b2a3bc7b054db3382f2acfb6b2dbafb4d79dc53c97,http://plus.kipris.or.kr/openapi/fileToss.jsp?arg=75a63eed5a438998f9dc3380f5cb642cd56dcb0e0f0995b0deac54f8925f4c7dff73e655a395ca11d28cbcfed16a1af13c8a3b3316c594fd,0.8415876626968384,0.6619505882263184,0.7876964807510376,0
150,3020000018092-09-01,3020000010913-09-01,액체 내용물 포장용 용기,향수병,http://plus.kipris.or.kr/openapi/fileToss.jsp?arg=75a63eed5a438998f9dc3380f5cb642cd56dcb0e0f0995b0deac54f8925f4c7db087096564c2a8720026cc37eca14da5e70ac652ebd01471,http://plus.kipris.or.kr/openapi/fileToss.jsp?arg=75a63eed5a438998f9dc3380f5cb642cd56dcb0e0f0995b0ef3ea9b059e124218e78add106288283ab700c059cc12111d929d405d47bc340,0.8322980403900146,0.7768238186836243,0.8156558275222778,0
151,3020000021829-09-01,3020000031166-09-01,화장품 용기,화장품용기,http://plus.kipris.or.kr/openapi/fileToss.jsp?arg=75a63eed5a438998f9dc3380f5cb642cd56dcb0e0f0995b006449c7f1c85a4a7b1e65d46d0f161f0338df3c924e966180cd5c3704c306e7f,http://plus.kipris.or.kr/openapi/fileToss.jsp?arg=75a63eed5a438998f9dc3380f5cb642cd56dcb0e0f0995b089d7a621b89857a2bda1ae1f5599e317e2f2391fc916ba68432653f8ff162abb,0.7588335275650024,0.9508205652236938,0.8164296746253967,0
152,3020000000778-09-01,3020000028259-09-01,포장용 용기,화장품 용기,http://plus.kipris.or.kr/openapi/fileToss.jsp?arg=75a63eed5a438998f9dc3380f5cb642cd56dcb0e0f0995b0cc72ed919b3423003267d3a705c3e4d98f27ea2c522497cef8b1bc14c7fd1269,http://plus.kipris.or.kr/openapi/fileToss.jsp?arg=75a63eed5a438998f9dc3380f5cb642cd56dcb0e0f0995b0227542a1f24a736184b9181791c18e4f8115a673a00f082d13fdf8fee1d1973d,0.7798172831535339,0.7713292837142944,0.7772709131240845,0
153,3020000011702-09-01,3020000001944-09-01,포장용 용기,포장용 용기,http://plus.kipris.or.kr/openapi/fileToss.jsp?arg=75a63eed5a438998f9dc3380f5cb642cd56dcb0e0f0995b070abdd713d0b290ac325e975e3fdd65a337014d876206ef6760f42d7cb395e53,http://plus.kipris.or.kr/openapi/fileToss.jsp?arg=75a63eed5a438998f9dc3380f5cb642cd56dcb0e0f0995b0b700f0235c7824b0b43f28481065a752e5d089eb08c5234976bc5ca847ba75b3,0.7790855169296265,0.9384299516677856,0.8268888592720032,0
154,3020000031825-09-01,3020000031162-09-01,포장용 통,포장용기,http://plus.kipris.or.kr/openapi/fileToss.jsp?arg=75a63eed5a438998f9dc3380f5cb642cd56dcb0e0f0995b089d7a621b89857a260d6d19455edef4751e7dff37af5264c79dd421faeadd148,http://plus.kipris.or.kr/openapi/fileToss.jsp?arg=75a63eed5a438998f9dc3380f5cb642cd56dcb0e0f0995b089d7a621b89857a2bda1ae1f5599e317597821b50ca5d4881a39b56a936b5c6f,0.8241087198257446,0.9181721806526184,0.8523277640342712,0
155,3020000032577-09-01,3020000013863-09-01,화장품 용기,포장용 용기,http://plus.kipris.or.kr/openapi/fileToss.jsp?arg=75a63eed5a438998f9dc3380f5cb642cd56dcb0e0f0995b056fef538e42de114a5789ee7e1d70e89bcd4e8929ad70eb402947fdbce1663dc,http://plus.kipris.or.kr/openapi/fileToss.jsp?arg=75a63eed5a438998f9dc3380f5cb642cd56dcb0e0f0995b0bdcfae06342df685f8cbf1fb50c4736d6ca4029587136d1070438d25be69e99c,0.8029242157936096,0.800386369228363,0.8021628856658936,0
156,3020000010705-09-01,3020000004249-09-01,화장품용기,향수용기,http://plus.kipris.or.kr/openapi/fileToss.jsp?arg=75a63eed5a438998f9dc3380f5cb642cd56dcb0e0f0995b0ef3ea9b059e12421eb4ff90610f382b9e11a7aad05f556e0d00689eaae4817a9,http://plus.kipris.or.kr/openapi/fileToss.jsp?arg=75a63eed5a438998f9dc3380f5cb642cd56dcb0e0f0995b03069a7817908f14fa773e0122ae173ab13156cf6a3dc80addd529f7883839b22,0.6274752616882324,0.7822887301445007,0.6739193201065063,0
157,3020000007443-09-01,3020000022439-09-01,샴푸용기,포장용 용기,http://plus.kipris.or.kr/openapi/fileToss.jsp?arg=75a63eed5a438998f9dc3380f5cb642cd56dcb0e0f0995b0fdcd45318d7ff23c308bbaa2658dde0932dde688c5cdc6dcc86f4da30029ca44,http://plus.kipris.or.kr/openapi/fileToss.jsp?arg=75a63eed5a438998f9dc3380f5cb642cd56dcb0e0f0995b02e6ec20e9488ca6663752f4fd76355c595af55981a9c28ef86f1963aa3983dcc,0.7751734852790833,0.784661054611206,0.7780197858810425,0
158,3020000005939-09-01,3020000009605-09-01,향수용기,포장용용기,http://plus.kipris.or.kr/openapi/fileToss.jsp?arg=75a63eed5a438998f9dc3380f5cb642cd56dcb0e0f0995b08fe3e6d10b56cc3d1138f71ea34dabcd61d8b10b27079cb4ef82b564e0016076,http://plus.kipris.or.kr/openapi/fileToss.jsp?arg=75a63eed5a438998f9dc3380f5cb642cd56dcb0e0f0995b073590199e4f1dc16c4994de40142535656b5c33ac9d6f26d3781e00dd4ffb3a0,0.8526574373245239,0.5550904870033264,0.7633873224258423,0
159,3020000031444-09-01,3020000013900-09-01,화장품 용기,포장용 용기,http://plus.kipris.or.kr/openapi/fileToss.jsp?arg=75a63eed5a438998f9dc3380f5cb642cd56dcb0e0f0995b089d7a621b89857a21e79e0b1232a9ae91a3f9080e95cd3dd601359a9c57c6650,http://plus.kipris.or.kr/openapi/fileToss.jsp?arg=75a63eed5a438998f9dc3380f5cb642cd56dcb0e0f0995b0bdcfae06342df6850de8b49972379f7ecc0784a9556e8c625a40234754a042e6,0.7080540657043457,0.7898966073989868,0.732606828212738,0
160,3020000014023-09-01,3020000010911-09-01,포장용 병,향수병,http://plus.kipris.or.kr/openapi/fileToss.jsp?arg=75a63eed5a438998f9dc3380f5cb642cd56dcb0e0f0995b0606f4df1f99f40815878d165002789aa5526a362d86a8dbdb872edd375da15c7,http://plus.kipris.or.kr/openapi/fileToss.jsp?arg=75a63eed5a438998f9dc3380f5cb642cd56dcb0e0f0995b0ef3ea9b059e124218e78add106288283eeb4410ee4e47e41d67a59f96bef97f1,0.8622942566871643,0.789944589138031,0.8405894041061401,0
161,3020000027377-09-01,3020000003525-09-01,향 수 병,화장품 용기,http://plus.kipris.or.kr/openapi/fileToss.jsp?arg=75a63eed5a438998f9dc3380f5cb642cd56dcb0e0f0995b01b6467bd697fe99c825062ac0a4e0cbbf37c817a70113aa4904d2327b70e2d19,http://plus.kipris.or.kr/openapi/fileToss.jsp?arg=75a63eed5a438998f9dc3380f5cb642cd56dcb0e0f0995b00b66daf06c8a830641a31f57f6fcc65b9864b6b9cf5471701f33cdd49b7d6a35,0.7506430745124817,0.732795238494873,0.7452887296676636,0
162,3020000017499-09-01,3020000020333-09-01,포장용 용기,로션 용기,http://plus.kipris.or.kr/openapi/fileToss.jsp?arg=75a63eed5a438998f9dc3380f5cb642cd56dcb0e0f0995b0d8ee6709638b6fa1ae2fc3835c730b0f7499aab326990e3e5eb80c85ff836283,http://plus.kipris.or.kr/openapi/fileToss.jsp?arg=75a63eed5a438998f9dc3380f5cb642cd56dcb0e0f0995b0bea0399dd2b7a3e511aac18d04956000af141d67e972b7a9274c8e0313a4ccef,0.7814226150512695,0.7613868117332458,0.77541184425354,0
163,3020000000843-09-01,3020000025935-09-01,포장용 병,플라스틱병,http://plus.kipris.or.kr/openapi/fileToss.jsp?arg=75a63eed5a438998f9dc3380f5cb642cd56dcb0e0f0995b0cc72ed919b342300e99b2acfcc6c677bc38cfbb896b57e9048dd5a26b1c17cec,http://plus.kipris.or.kr/openapi/fileToss.jsp?arg=75a63eed5a438998f9dc3380f5cb642cd56dcb0e0f0995b07a28099d0ef98e17823896417f37d3fc4aef395a76d30843261f37d717315d8a,0.8050636053085327,0.7885094881057739,0.8000973463058472,0
164,3020000006745-09-01,3020000022105-09-01,화장품 용기,포장용 용기,http://plus.kipris.or.kr/openapi/fileToss.jsp?arg=75a63eed5a438998f9dc3380f5cb642cd56dcb0e0f0995b0187836737e94fb396332e3fa732ce845f8c27c7491e8a675156593bc1965605f,http://plus.kipris.or.kr/openapi/fileToss.jsp?arg=75a63eed5a438998f9dc3380f5cb642cd56dcb0e0f0995b02e6ec20e9488ca666f5fe34b46e8fbf6bc377969b361653013ebea5abe6af103,0.7409844994544983,0.8079318404197693,0.7610687017440796,0
165,3020000006173-09-01,3020000024464-09-01,음료수 용기,포장용 용기,http://plus.kipris.or.kr/openapi/fileToss.jsp?arg=75a63eed5a438998f9dc3380f5cb642cd56dcb0e0f0995b0187836737e94fb39845672cd5824903a402d9dab6f5279e6453c3b92e26dd807,http://plus.kipris.or.kr/openapi/fileToss.jsp?arg=75a63eed5a438998f9dc3380f5cb642cd56dcb0e0f0995b005b3db6b458aa73be969790f4b87eaa52b93d5c5d55b60d3371ccd6e1f3ecff0,0.8301668167114258,0.8742592334747314,0.8433945178985596,0
166,3020000017906-09-01,3020000023571-09-01,화장품 용기,세제용 용기,http://plus.kipris.or.kr/openapi/fileToss.jsp?arg=75a63eed5a438998f9dc3380f5cb642cd56dcb0e0f0995b0d8ee6709638b6fa1182d19b659de8ba0d8f8a423c1711cc82d72e1be1c78a589,http://plus.kipris.or.kr/openapi/fileToss.jsp?arg=75a63eed5a438998f9dc3380f5cb642cd56dcb0e0f0995b09b1f6789fb9751240005454de4ce8fd157be609d7636893f3dcf652d5d9fafb0,0.7954296469688416,0.8280833959579468,0.8052257299423218,0
167,3020000032063-09-01,3020000031527-09-01,화장품 함,화장품 용기,http://plus.kipris.or.kr/openapi/fileToss.jsp?arg=75a63eed5a438998f9dc3380f5cb642cd56dcb0e0f0995b056fef538e42de1141cf4f2c1684983873826053939283218eb8543cb484b5934,http://plus.kipris.or.kr/openapi/fileToss.jsp?arg=75a63eed5a438998f9dc3380f5cb642cd56dcb0e0f0995b089d7a621b89857a23ad00b91ca782d29ff9782162cd5e3a2bbcf6dfb6490a374,0.8134545683860779,0.9562211036682129,0.856284499168396,0
168,3020000024465-09-01,3020000011702-09-01,포장용 용기,포장용 용기,http://plus.kipris.or.kr/openapi/fileToss.jsp?arg=75a63eed5a438998f9dc3380f5cb642cd56dcb0e0f0995b005b3db6b458aa73be969790f4b87eaa590971886d7a6ca3eca5c21edfc41aa09,http://plus.kipris.or.kr/openapi/fileToss.jsp?arg=75a63eed5a438998f9dc3380f5cb642cd56dcb0e0f0995b070abdd713d0b290ac325e975e3fdd65a337014d876206ef6e624182d37de9a3a,0.8411097526550293,0.9959853887557983,0.8875724673271179,0
169,3020000023374-09-01,3020000028255-09-01,화장품 용기,화장품 용기,http://plus.kipris.or.kr/openapi/fileToss.jsp?arg=75a63eed5a438998f9dc3380f5cb642cd56dcb0e0f0995b09b1f6789fb97512449882dd38eee7b7064b74edfc7665664b27b9cdf66f9af83,http://plus.kipris.or.kr/openapi/fileToss.jsp?arg=75a63eed5a438998f9dc3380f5cb642cd56dcb0e0f0995b0227542a1f24a736184b9181791c18e4f2d2c91fc50ed9a7053b716accab18878,0.8460876941680908,0.9253766536712646,0.8698743581771851,0
170,3020000017908-09-01,3020000025081-09-01,화장품 용기,화장품 용기,http://plus.kipris.or.kr/openapi/fileToss.jsp?arg=75a63eed5a438998f9dc3380f5cb642cd56dcb0e0f0995b0d8ee6709638b6fa1182d19b659de8ba0b15a67581927d86f6c64e69326177d14,http://plus.kipris.or.kr/openapi/fileToss.jsp?arg=75a63eed5a438998f9dc3380f5cb642cd56dcb0e0f0995b07a28099d0ef98e17803670e82954ba5ecaeb44c9f8912791ad72fd86a5df865c,0.8414794206619263,0.8896058201789856,0.8559173345565796,0
171,3020000018221-09-01,3020000031162-09-01,포장용 용기,포장용기,http://plus.kipris.or.kr/openapi/fileToss.jsp?arg=75a63eed5a438998f9dc3380f5cb642cd56dcb0e0f0995b0deac54f8925f4c7d4987cce9cfe8722f2003dddbc81cfbea028483e67aa1d652,http://plus.kipris.or.kr/openapi/fileToss.jsp?arg=75a63eed5a438998f9dc3380f5cb642cd56dcb0e0f0995b089d7a621b89857a2bda1ae1f5599e317597821b50ca5d488e5e36846bded27e3,0.7928786873817444,0.9563083648681641,0.8419076204299927,0
172,3020000029206-09-01,3020000022812-09-01,음료용캔,포장용 병,http://plus.kipris.or.kr/openapi/fileToss.jsp?arg=75a63eed5a438998f9dc3380f5cb642cd56dcb0e0f0995b011f68ef22f394dd2b6f51bfd28952d99654a7c38e8148a6329ed978d5a7e6586,http://plus.kipris.or.kr/openapi/fileToss.jsp?arg=75a63eed5a438998f9dc3380f5cb642cd56dcb0e0f0995b02e6ec20e9488ca663ad59844fd3ba6d2d1f8ed2d2803d4e43370289b035d84d8,0.821814775466919,0.8465218544006348,0.8292269110679626,0
173,3020000029032-09-01,3020000017679-09-01,포장용기,화장품 용기,http://plus.kipris.or.kr/openapi/fileToss.jsp?arg=75a63eed5a438998f9dc3380f5cb642cd56dcb0e0f0995b011f68ef22f394dd26e88aba601c1a5ffaffd7513bd7646c28f469c72f768d895,http://plus.kipris.or.kr/openapi/fileToss.jsp?arg=75a63eed5a438998f9dc3380f5cb642cd56dcb0e0f0995b0d8ee6709638b6fa1301e6f2c98fb3cd7a3bb760df179f32f2c3fc25f0d88ffb1,0.8627163171768188,0.7327531576156616,0.8237273693084717,0
174,3020000024361-09-01,3020000017373-09-01,포장용 술병,포장용간장용기,http://plus.kipris.or.kr/openapi/fileToss.jsp?arg=75a63eed5a438998f9dc3380f5cb642cd56dcb0e0f0995b005b3db6b458aa73b20b29c3eb5bdefd278e8b9024d4f016e9fea1f2b5664f943,http://plus.kipris.or.kr/openapi/fileToss.jsp?arg=75a63eed5a438998f9dc3380f5cb642cd56dcb0e0f0995b0d8ee6709638b6fa1b9cc41fb9d879150833073c7f50887823fc91afc2eea90d2,0.8276593685150146,0.7975344657897949,0.8186218738555908,0
175,3020000017000-09-01,3020000028666-09-01,포장용 용기,포장용 용기,http://plus.kipris.or.kr/openapi/fileToss.jsp?arg=75a63eed5a438998f9dc3380f5cb642cd56dcb0e0f0995b0d8ee6709638b6fa151acb057bf4b283f873778c4a5b9305b0a16d4ef59b4bba4,http://plus.kipris.or.kr/openapi/fileToss.jsp?arg=75a63eed5a438998f9dc3380f5cb642cd56dcb0e0f0995b0227542a1f24a7361e3d4617c23baf447860c1fd3c78d389ab012f2b590a4002b,0.8373968005180359,0.8861063718795776,0.852009654045105,0
176,3020000011906-09-01,3020000014928-09-01,포장용 용기,음료용기,http://plus.kipris.or.kr/openapi/fileToss.jsp?arg=75a63eed5a438998f9dc3380f5cb642cd56dcb0e0f0995b070abdd713d0b290a0b1bd5557f830a499fe53da63e378f7c4e606fe7aa707409,http://plus.kipris.or.kr/openapi/fileToss.jsp?arg=75a63eed5a438998f9dc3380f5cb642cd56dcb0e0f0995b0606f4df1f99f408187506cb30276f5d07245a750976a3792ac86176daefa8147,0.8693472146987915,0.6714169979095459,0.809968113899231,0
177,3020000029220-09-01,3020000015436-09-01,화장품 용기,포장용 용기,http://plus.kipris.or.kr/openapi/fileToss.jsp?arg=75a63eed5a438998f9dc3380f5cb642cd56dcb0e0f0995b011f68ef22f394dd21733bab7ceb881dd6ea7b591db33d693ad5c970942c89874,http://plus.kipris.or.kr/openapi/fileToss.jsp?arg=75a63eed5a438998f9dc3380f5cb642cd56dcb0e0f0995b07ba686bc001e12b74f814a4956a5cebbf9ae9e1003c50483a0f0c37379a7b6de,0.8098393082618713,0.8681609630584717,0.8273358345031738,0
178,3020000022024-09-01,3020000018765-09-01,포장용 병,음료병,http://plus.kipris.or.kr/openapi/fileToss.jsp?arg=75a63eed5a438998f9dc3380f5cb642cd56dcb0e0f0995b02e6ec20e9488ca66d73e29b516cdfdccf54611c38e60fb2417cf1878ab68f1c6,http://plus.kipris.or.kr/openapi/fileToss.jsp?arg=75a63eed5a438998f9dc3380f5cb642cd56dcb0e0f0995b0deac54f8925f4c7dff73e655a395ca11d5ec212f9f189ae11642c3b9bc3a9818,0.5936242341995239,0.6828893423080444,0.6204037666320801,0
179,3020000008854-09-01,3020000027734-09-01,화장품 용기,포장용 용기,http://plus.kipris.or.kr/openapi/fileToss.jsp?arg=75a63eed5a438998f9dc3380f5cb642cd56dcb0e0f0995b06226a1b53136408c77446a31574122b0743535ab5bada7b39acf944a82278ae2,http://plus.kipris.or.kr/openapi/fileToss.jsp?arg=75a63eed5a438998f9dc3380f5cb642cd56dcb0e0f0995b01b6467bd697fe99c304237b1c4ccf2648bc1a773011b168e8a2a638fa5f7e8d1,0.7923029661178589,0.8186299204826355,0.8002010583877563,0
180,3020000006442-09-01,3020000029019-09-01,화장품용기,화장품 용기,http://plus.kipris.or.kr/openapi/fileToss.jsp?arg=75a63eed5a438998f9dc3380f5cb642cd56dcb0e0f0995b0187836737e94fb39d0891ba1d3de6d92b749723166fb510a8c220726dfb47347,http://plus.kipris.or.kr/openapi/fileToss.jsp?arg=75a63eed5a438998f9dc3380f5cb642cd56dcb0e0f0995b011f68ef22f394dd2390c13707ca28de788875746926698e5a34cfc199ba27772,0.7401494383811951,0.9712306261062622,0.8094738125801086,0
181,3020000014195-09-01,3020000009396-09-01,화장품 용기,화장품 용기,http://plus.kipris.or.kr/openapi/fileToss.jsp?arg=75a63eed5a438998f9dc3380f5cb642cd56dcb0e0f0995b0606f4df1f99f4081938bc2a8e797add1306d232c63241cfc60ba652b1e676db4,http://plus.kipris.or.kr/openapi/fileToss.jsp?arg=75a63eed5a438998f9dc3380f5cb642cd56dcb0e0f0995b073590199e4f1dc1639c043446a843f3470496d74c2a4c07b21b8ebec15dbb4c7,0.7177746891975403,0.9801854491233826,0.7964979410171509,0
182,3020000023571-09-01,3020000021180-09-01,세제용 용기,포장용 용기,http://plus.kipris.or.kr/openapi/fileToss.jsp?arg=75a63eed5a438998f9dc3380f5cb642cd56dcb0e0f0995b09b1f6789fb9751240005454de4ce8fd157be609d7636893f3dcf652d5d9fafb0,http://plus.kipris.or.kr/openapi/fileToss.jsp?arg=75a63eed5a438998f9dc3380f5cb642cd56dcb0e0f0995b006449c7f1c85a4a78954e4e205fc4f348a4e84b6df120aa840be8c688e8e537d,0.7522994875907898,0.900739848613739,0.7968316078186035,0
183,3020000024957-09-01,3020000012072-09-01,화장품용기,샴푸용기,http://plus.kipris.or.kr/openapi/fileToss.jsp?arg=75a63eed5a438998f9dc3380f5cb642cd56dcb0e0f0995b005b3db6b458aa73be2c5f00e2cd5aa81f6e7b0e86f7ef308c3743db14a75f932,http://plus.kipris.or.kr/openapi/fileToss.jsp?arg=75a63eed5a438998f9dc3380f5cb642cd56dcb0e0f0995b08964a6c84ce8cbe101428d44c160746ec10ea66642096ecb621c4c1563f13e57,0.7403765320777893,0.7662304639816284,0.7481327056884766,0
184,3020000028257-09-01,3020000001359-09-01,화장품 용기,포장용병,http://plus.kipris.or.kr/openapi/fileToss.jsp?arg=75a63eed5a438998f9dc3380f5cb642cd56dcb0e0f0995b0227542a1f24a736184b9181791c18e4f1c092183231ba9c374a1fea8e9e4b9bc,http://plus.kipris.or.kr/openapi/fileToss.jsp?arg=75a63eed5a438998f9dc3380f5cb642cd56dcb0e0f0995b0b700f0235c7824b0bee8638aea77cc447498725a26726401c8f22e1b5b940a21,0.8255640864372253,0.7589795589447021,0.8055887222290039,0
185,3020000005652-09-01,3020000000778-09-01,포장용 용기,포장용 용기,http://plus.kipris.or.kr/openapi/fileToss.jsp?arg=75a63eed5a438998f9dc3380f5cb642cd56dcb0e0f0995b08fe3e6d10b56cc3dd860bdd2e2498e9ae78cdee054c9d58f4d68235d34888835,http://plus.kipris.or.kr/openapi/fileToss.jsp?arg=75a63eed5a438998f9dc3380f5cb642cd56dcb0e0f0995b0cc72ed919b3423003267d3a705c3e4d98f27ea2c522497ce8576d163bc7f1f6a,0.8928487300872803,0.8413223624229431,0.8773908615112305,0
186,3020000031164-09-01,3020000000639-09-01,화장품용기,화장품용기,http://plus.kipris.or.kr/openapi/fileToss.jsp?arg=75a63eed5a438998f9dc3380f5cb642cd56dcb0e0f0995b089d7a621b89857a2bda1ae1f5599e3174f9890943a627800db1ffa03f8975630,http://plus.kipris.or.kr/openapi/fileToss.jsp?arg=75a63eed5a438998f9dc3380f5cb642cd56dcb0e0f0995b0cc72ed919b34230099f327e961a5ac51ae48af4135c23fabc63c01b3c5490243,0.8766081929206848,0.9589762687683105,0.9013186097145081,0
187,3020000004296-09-01,3020000024534-09-01,화장품 용기,화장품 용기,http://plus.kipris.or.kr/openapi/fileToss.jsp?arg=75a63eed5a438998f9dc3380f5cb642cd56dcb0e0f0995b03069a7817908f14f5c65ec4818929027a3ece765a8170719942cc024c53f941b,http://plus.kipris.or.kr/openapi/fileToss.jsp?arg=75a63eed5a438998f9dc3380f5cb642cd56dcb0e0f0995b005b3db6b458aa73bad765829c40530d0971c65a9ec7bb854434f2c9db5f7205b,0.8384984731674194,0.9064556956291199,0.858885645866394,0
188,3020000019323-09-01,3020000019084-09-01,포장용 용기,화장품 용기,http://plus.kipris.or.kr/openapi/fileToss.jsp?arg=75a63eed5a438998f9dc3380f5cb642cd56dcb0e0f0995b0f63a2eefd11079d0e31326d6f26acc1537b8431a4c97957c5649c6d526d624c1,http://plus.kipris.or.kr/openapi/fileToss.jsp?arg=75a63eed5a438998f9dc3380f5cb642cd56dcb0e0f0995b0f63a2eefd11079d0da75e7bf06c36ac67a89fa829fb35a4ce97917a8170c580a,0.8534501791000366,0.85016930103302,0.8524658679962158,0
189,3020000013605-09-01,3020000028348-09-01,화장품 용기,포장용 용기,http://plus.kipris.or.kr/openapi/fileToss.jsp?arg=75a63eed5a438998f9dc3380f5cb642cd56dcb0e0f0995b0bdcfae06342df685b5160b34fe202fbff398f486934ae14f532082b5c68c20a2,http://plus.kipris.or.kr/openapi/fileToss.jsp?arg=75a63eed5a438998f9dc3380f5cb642cd56dcb0e0f0995b0227542a1f24a736155db84a290cc09d09a49a855342dcf7e96946dc7249398ac,0.7001360058784485,0.8049835562705994,0.7315902709960938,0
190,3020000024556-09-01,3020000029872-09-01,화장품 용기,화장품용기,http://plus.kipris.or.kr/openapi/fileToss.jsp?arg=75a63eed5a438998f9dc3380f5cb642cd56dcb0e0f0995b005b3db6b458aa73b5f84b5e88bb806fd54f16ecd649fa50a6857e35f6100b6c9,http://plus.kipris.or.kr/openapi/fileToss.jsp?arg=75a63eed5a438998f9dc3380f5cb642cd56dcb0e0f0995b011f68ef22f394dd26a964075748e6c189291de851176d71c89cd4582ddc13bc0,0.8094326853752136,0.9560503959655762,0.8534179925918579,0
191,3020000010912-09-01,3020000029615-09-01,향수병,스프레이어(SPRAYER),http://plus.kipris.or.kr/openapi/fileToss.jsp?arg=75a63eed5a438998f9dc3380f5cb642cd56dcb0e0f0995b0ef3ea9b059e124218e78add10628828341da67d0ed53295d1efbf1bd67e4afff,http://plus.kipris.or.kr/openapi/fileToss.jsp?arg=75a63eed5a438998f9dc3380f5cb642cd56dcb0e0f0995b011f68ef22f394dd21b3c346cdf3ea013a2bcb65128e4020527958e8028067c42,0.8556942343711853,0.7092757821083069,0.8117687106132507,0
192,3020000032279-09-01,3020000006510-09-01,화장품 용기,화장품 용기,http://plus.kipris.or.kr/openapi/fileToss.jsp?arg=75a63eed5a438998f9dc3380f5cb642cd56dcb0e0f0995b056fef538e42de1147cde78c9acdcc39826435626186d051b71ab7d7d9dea9e1a,http://plus.kipris.or.kr/openapi/fileToss.jsp?arg=75a63eed5a438998f9dc3380f5cb642cd56dcb0e0f0995b0187836737e94fb39ab7bc0f298779f6fafa27d2d80d6ae4dae2fe36236570df6,0.7737299203872681,0.8853591084480286,0.8072186708450317,0
193,3020000004095-09-01,3020000023526-09-01,화장품용기,향수 용기,http://plus.kipris.or.kr/openapi/fileToss.jsp?arg=75a63eed5a438998f9dc3380f5cb642cd56dcb0e0f0995b03069a7817908f14f4572c71c40a02c1b29a3e9914aba67c627c817f0a732922c,http://plus.kipris.or.kr/openapi/fileToss.jsp?arg=75a63eed5a438998f9dc3380f5cb642cd56dcb0e0f0995b09b1f6789fb97512406c585eb35ae35c5391bc9837eac95ab8f489ecba707f4dd,0.5328091979026794,0.8403104543685913,0.6250596046447754,0
194,3020000018871-09-01,3020000016998-09-01,화장품 용기,포장용 용기,http://plus.kipris.or.kr/openapi/fileToss.jsp?arg=75a63eed5a438998f9dc3380f5cb642cd56dcb0e0f0995b0deac54f8925f4c7d01c27b3b9348c797506af132d8ad44a8c992f1d7cce6f482,http://plus.kipris.or.kr/openapi/fileToss.jsp?arg=75a63eed5a438998f9dc3380f5cb642cd56dcb0e0f0995b0edd65ac4880d0f0cc2c085a4246e7b663e595944c7ecaccfa0f125475777a96d,0.7393049001693726,0.8418965339660645,0.7700823545455933,0
195,3020000024951-09-01,3020000025530-09-01,크림용기,화장품 용기,http://plus.kipris.or.kr/openapi/fileToss.jsp?arg=75a63eed5a438998f9dc3380f5cb642cd56dcb0e0f0995b005b3db6b458aa73be2c5f00e2cd5aa817bedf7b1a2dee2d28b2e294ceeaf2969,http://plus.kipris.or.kr/openapi/fileToss.jsp?arg=75a63eed5a438998f9dc3380f5cb642cd56dcb0e0f0995b07a28099d0ef98e178c9f3750ac8a36e095e833a158b4e51a6a60993646329a4f,0.7872642874717712,0.840825080871582,0.8033325672149658,0
196,3020000030347-09-01,3020000010608-09-01,포장용 용기,향수용기,http://plus.kipris.or.kr/openapi/fileToss.jsp?arg=75a63eed5a438998f9dc3380f5cb642cd56dcb0e0f0995b0b9420cad9c5990e003a10973d6bdbbe33d0e3feb2ecc5d1451be5bb114ee75ed,http://plus.kipris.or.kr/openapi/fileToss.jsp?arg=75a63eed5a438998f9dc3380f5cb642cd56dcb0e0f0995b0ef3ea9b059e12421ac8898e2abf04f2abfe0c93f850ea724a8aff022b859a58a,0.7671489715576172,0.8270403146743774,0.7851163744926453,0
197,3020000009605-09-01,3020000028255-09-01,포장용용기,화장품 용기,http://plus.kipris.or.kr/openapi/fileToss.jsp?arg=75a63eed5a438998f9dc3380f5cb642cd56dcb0e0f0995b073590199e4f1dc16c4994de40142535656b5c33ac9d6f26d7b9854bcf032b716,http://plus.kipris.or.kr/openapi/fileToss.jsp?arg=75a63eed5a438998f9dc3380f5cb642cd56dcb0e0f0995b0227542a1f24a736184b9181791c18e4f2d2c91fc50ed9a700cc0b34f797c55b2,0.7717764973640442,0.6384247541427612,0.7317709922790527,0
198,3020000017722-09-01,3020000014721-09-01,포장용 통,음료수병,http://plus.kipris.or.kr/openapi/fileToss.jsp?arg=75a63eed5a438998f9dc3380f5cb642cd56dcb0e0f0995b0d8ee6709638b6fa1f4bde39beae5710fcd253a9a4823a8c0efd86e91c43fb3c0,http://plus.kipris.or.kr/openapi/fileToss.jsp?arg=75a63eed5a438998f9dc3380f5cb642cd56dcb0e0f0995b0606f4df1f99f408147acd64ca7a100afd02dddd10af2d0c3d64654900675ad1a,0.6426714062690735,0.7483559846878052,0.6743767857551575,0
199,3020000024443-09-01,3020000006096-09-01,화장품 용기,샴푸용기,http://plus.kipris.or.kr/openapi/fileToss.jsp?arg=75a63eed5a438998f9dc3380f5cb642cd56dcb0e0f0995b005b3db6b458aa73b827884159da4efa3241ff3f1a86abd35d12b8cb74cbf55d8,http://plus.kipris.or.kr/openapi/fileToss.jsp?arg=75a63eed5a438998f9dc3380f5cb642cd56dcb0e0f0995b0187836737e94fb39b9d0139a39d2cc3968c91619229d47d68e9017a5185af392,0.8506742119789124,0.6761239171028137,0.7983090877532959,0
200,3020000026714-09-01,3020000023374-09-01,양념장포장용용기,화장품 용기,http://plus.kipris.or.kr/openapi/fileToss.jsp?arg=75a63eed5a438998f9dc3380f5cb642cd56dcb0e0f0995b035c516d305aed145d03b9d9d2a0fe85b75f03b4602eac21e1a3e95bf609462d7,http://plus.kipris.or.kr/openapi/fileToss.jsp?arg=75a63eed5a438998f9dc3380f5cb642cd56dcb0e0f0995b09b1f6789fb97512449882dd38eee7b7064b74edfc76656647f71ba93cbba9be6,0.9053144454956055,0.7562364935874939,0.8605910539627075,0
201,3020000032578-09-01,3020000027881-09-01,화장품 용기,겔물질 분배용 포장용기,http://plus.kipris.or.kr/openapi/fileToss.jsp?arg=75a63eed5a438998f9dc3380f5cb642cd56dcb0e0f0995b056fef538e42de114a5789ee7e1d70e892127d09ddd1ea180710c402ef90c9ba4,http://plus.kipris.or.kr/openapi/fileToss.jsp?arg=75a63eed5a438998f9dc3380f5cb642cd56dcb0e0f0995b01b6467bd697fe99cfe4409446e4a704c8be7ac65fc8f18ddb370c85a7c120efc,0.9315058588981628,0.7599316835403442,0.8800336122512817,0
202,3020000012834-09-01,3020000031696-09-01,향수병,화장품 용기,http://plus.kipris.or.kr/openapi/fileToss.jsp?arg=75a63eed5a438998f9dc3380f5cb642cd56dcb0e0f0995b08964a6c84ce8cbe136b914a53e58c31f8da15c97024331bb78309cac95046170,http://plus.kipris.or.kr/openapi/fileToss.jsp?arg=75a63eed5a438998f9dc3380f5cb642cd56dcb0e0f0995b089d7a621b89857a2fe66ea06c9f515a9004527b3808598c09e99bc8d3428fdfd,0.9198514819145203,0.7318602800369263,0.8634541034698486,0
203,3020000014195-09-01,3020000012834-09-01,화장품 용기,향수병,http://plus.kipris.or.kr/openapi/fileToss.jsp?arg=75a63eed5a438998f9dc3380f5cb642cd56dcb0e0f0995b0606f4df1f99f4081938bc2a8e797add1306d232c63241cfc5eb3f153a6859ff4,http://plus.kipris.or.kr/openapi/fileToss.jsp?arg=75a63eed5a438998f9dc3380f5cb642cd56dcb0e0f0995b08964a6c84ce8cbe136b914a53e58c31f8da15c97024331bbc4a0ba82921d76bb,0.8102496862411499,0.7872753143310547,0.8033573627471924,0
204,3020000023254-09-01,3020000007772-09-01,식품용용기,포장용 병,http://plus.kipris.or.kr/openapi/fileToss.jsp?arg=75a63eed5a438998f9dc3380f5cb642cd56dcb0e0f0995b09b1f6789fb975124ddde99bf437cdce816e7c8bd8b35058fcda2e7afa7d1987b,http://plus.kipris.or.kr/openapi/fileToss.jsp?arg=75a63eed5a438998f9dc3380f5cb642cd56dcb0e0f0995b0fdcd45318d7ff23cc933b5cab7f8c645d9e46bfbdbc6f3727f63e4f9188936e7,0.8806192874908447,0.8228137493133545,0.8632776141166687,0
205,3020000015229-09-01,3020000014030-09-01,포장용 용기,화장품 용기,http://plus.kipris.or.kr/openapi/fileToss.jsp?arg=75a63eed5a438998f9dc3380f5cb642cd56dcb0e0f0995b07ba686bc001e12b736b25ce876b15bae0e8aaa9c2ad9adfba2fbee6560e1f0ef,http://plus.kipris.or.kr/openapi/fileToss.jsp?arg=75a63eed5a438998f9dc3380f5cb642cd56dcb0e0f0995b0606f4df1f99f4081c635518eb2e9ae224c414ca4a2923d3be1fc58e6982555bd,0.7120205163955688,0.8514041900634766,0.7538356781005859,0
206,3020000015228-09-01,3020000029756-09-01,포장용 용기,포장용 병,http://plus.kipris.or.kr/openapi/fileToss.jsp?arg=75a63eed5a438998f9dc3380f5cb642cd56dcb0e0f0995b07ba686bc001e12b736b25ce876b15baee6fa5b98ab5666b61d2cfcac39858b37,http://plus.kipris.or.kr/openapi/fileToss.jsp?arg=75a63eed5a438998f9dc3380f5cb642cd56dcb0e0f0995b011f68ef22f394dd22a0df6146d523614037efe9cecec5ea9ca0f1f3074746e3d,0.6871564388275146,0.8892619013786316,0.7477880716323853,0
207,3020000026521-09-01,3020000013900-09-01,화장품 용기,포장용 용기,http://plus.kipris.or.kr/openapi/fileToss.jsp?arg=75a63eed5a438998f9dc3380f5cb642cd56dcb0e0f0995b035c516d305aed145b09b91918cd97e08dc085c0d9bf0434245c86bcc18df75af,http://plus.kipris.or.kr/openapi/fileToss.jsp?arg=75a63eed5a438998f9dc3380f5cb642cd56dcb0e0f0995b0bdcfae06342df6850de8b49972379f7ecc0784a9556e8c626ec01dafa2b04614,0.8388593196868896,0.8812314867973328,0.8515709638595581,0
208,3020000029518-09-01,3020000027388-09-01,화장품용기,포장용 용기,http://plus.kipris.or.kr/openapi/fileToss.jsp?arg=75a63eed5a438998f9dc3380f5cb642cd56dcb0e0f0995b011f68ef22f394dd24829751c8f656ff9534b5bcab2c36d40cfb38040ccb488e4,http://plus.kipris.or.kr/openapi/fileToss.jsp?arg=75a63eed5a438998f9dc3380f5cb642cd56dcb0e0f0995b01b6467bd697fe99cc883ae80263b6d6f03450d55259062fb371cafe241e78f91,0.6757330894470215,0.8604112267494202,0.7311365604400635,0
209,3020000016999-09-01,3020000020333-09-01,포장용 용기,로션 용기,http://plus.kipris.or.kr/openapi/fileToss.jsp?arg=75a63eed5a438998f9dc3380f5cb642cd56dcb0e0f0995b0edd65ac4880d0f0cc2c085a4246e7b661a17b81247c5a3ca0439e1669a97845e,http://plus.kipris.or.kr/openapi/fileToss.jsp?arg=75a63eed5a438998f9dc3380f5cb642cd56dcb0e0f0995b0bea0399dd2b7a3e511aac18d04956000af141d67e972b7a9afa1b6af8330d155,0.8557486534118652,0.7330040335655212,0.8189252614974976,0
210,3020000027734-09-01,3020000031166-09-01,포장용 용기,화장품용기,http://plus.kipris.or.kr/openapi/fileToss.jsp?arg=75a63eed5a438998f9dc3380f5cb642cd56dcb0e0f0995b01b6467bd697fe99c304237b1c4ccf2648bc1a773011b168eb4829f6e591f5e26,http://plus.kipris.or.kr/openapi/fileToss.jsp?arg=75a63eed5a438998f9dc3380f5cb642cd56dcb0e0f0995b089d7a621b89857a2bda1ae1f5599e317e2f2391fc916ba68251a780936a44df4,0.7915826439857483,0.8466680645942688,0.8081082701683044,0
211,3020000010912-09-01,3020000031824-09-01,향수병,포장용 통,http://plus.kipris.or.kr/openapi/fileToss.jsp?arg=75a63eed5a438998f9dc3380f5cb642cd56dcb0e0f0995b0ef3ea9b059e124218e78add10628828341da67d0ed53295da46c26fe21550db4,http://plus.kipris.or.kr/openapi/fileToss.jsp?arg=75a63eed5a438998f9dc3380f5cb642cd56dcb0e0f0995b089d7a621b89857a260d6d19455edef47705315bb99d3e795743c2e1463a54ee4,0.8202609419822693,0.7105693817138672,0.7873534560203552,0
212,3020000017002-09-01,3020000031695-09-01,포장용 용기,화장품 용기,http://plus.kipris.or.kr/openapi/fileToss.jsp?arg=75a63eed5a438998f9dc3380f5cb642cd56dcb0e0f0995b0d8ee6709638b6fa151acb057bf4b283f9c05647f46a69bf4bc99388a4c28538d,http://plus.kipris.or.kr/openapi/fileToss.jsp?arg=75a63eed5a438998f9dc3380f5cb642cd56dcb0e0f0995b089d7a621b89857a2fe66ea06c9f515a9617e0f7f5f4b7a6f52916e83b94d16d7,0.8362857103347778,0.8028163909912109,0.8262448906898499,0
213,3020000005939-09-01,3020000030806-09-01,향수용기,화장품 용기,http://plus.kipris.or.kr/openapi/fileToss.jsp?arg=75a63eed5a438998f9dc3380f5cb642cd56dcb0e0f0995b08fe3e6d10b56cc3d1138f71ea34dabcd61d8b10b27079cb4e924ce5cbf5f6480,http://plus.kipris.or.kr/openapi/fileToss.jsp?arg=75a63eed5a438998f9dc3380f5cb642cd56dcb0e0f0995b0b9420cad9c5990e07e891c91ed3c638d5dcbf45ab163ad9a4c0f397c074d34d1,0.6695870757102966,0.7596096992492676,0.6965938806533813,0
214,3020000030701-09-01,3020000032447-09-01,음료수 병,포장용 용기,http://plus.kipris.or.kr/openapi/fileToss.jsp?arg=75a63eed5a438998f9dc3380f5cb642cd56dcb0e0f0995b0b9420cad9c5990e0b9dddcdc7170a076e2534647fede03cee2c631edeb6d7eec,http://plus.kipris.or.kr/openapi/fileToss.jsp?arg=75a63eed5a438998f9dc3380f5cb642cd56dcb0e0f0995b056fef538e42de114adfcf72cc6314c12724d86072dd1e0e178094c9d54036299,0.8771305084228516,0.6836220026016235,0.8190779089927673,0
215,3020000019480-09-01,3020000006173-09-01,포장용 용기,음료수 용기,http://plus.kipris.or.kr/openapi/fileToss.jsp?arg=75a63eed5a438998f9dc3380f5cb642cd56dcb0e0f0995b0f63a2eefd11079d0ccfa5665d6ade32219a211d025177d9b93c71f33c690eca7,http://plus.kipris.or.kr/openapi/fileToss.jsp?arg=75a63eed5a438998f9dc3380f5cb642cd56dcb0e0f0995b0187836737e94fb39845672cd5824903a402d9dab6f5279e6197baa9a902d9990,0.7653006315231323,0.8732607960700989,0.7976887226104736,0
216,3020000017908-09-01,3020000017679-09-01,화장품 용기,화장품 용기,http://plus.kipris.or.kr/openapi/fileToss.jsp?arg=75a63eed5a438998f9dc3380f5cb642cd56dcb0e0f0995b0d8ee6709638b6fa1182d19b659de8ba0b15a67581927d86f68cb9a7bb0f72dd6,http://plus.kipris.or.kr/openapi/fileToss.jsp?arg=75a63eed5a438998f9dc3380f5cb642cd56dcb0e0f0995b0d8ee6709638b6fa1301e6f2c98fb3cd7a3bb760df179f32f2c3fc25f0d88ffb1,0.802558422088623,0.9992583990097046,0.8615684509277344,0
217,3020000033368-09-01,3020000010998-09-01,화장품 용기,포장용 용기,http://plus.kipris.or.kr/openapi/fileToss.jsp?arg=75a63eed5a438998f9dc3380f5cb642cd56dcb0e0f0995b0f32787804da8b7ad040f0c1c9fe98f73f8a44c81d3bee001ef57378c4156b88f,http://plus.kipris.or.kr/openapi/fileToss.jsp?arg=75a63eed5a438998f9dc3380f5cb642cd56dcb0e0f0995b0ef3ea9b059e1242154c6c6b21c086873fa90fc2cd032beb69c7b8275b4414529,0.7775717377662659,0.8428312540054321,0.7971495985984802,0
218,3020000007536-09-01,3020000024464-09-01,포장용 술병,포장용 용기,http://plus.kipris.or.kr/openapi/fileToss.jsp?arg=75a63eed5a438998f9dc3380f5cb642cd56dcb0e0f0995b0fdcd45318d7ff23c0d045c2fa1109ccbbf7bb6109df7d5730d812ba773c41916,http://plus.kipris.or.kr/openapi/fileToss.jsp?arg=75a63eed5a438998f9dc3380f5cb642cd56dcb0e0f0995b005b3db6b458aa73be969790f4b87eaa52b93d5c5d55b60d351321f3c2f586e9b,0.6962310075759888,0.902112603187561,0.7579954862594604,0
219,3020000021829-09-01,3020000005653-09-01,화장품 용기,포장용 용기,http://plus.kipris.or.kr/openapi/fileToss.jsp?arg=75a63eed5a438998f9dc3380f5cb642cd56dcb0e0f0995b006449c7f1c85a4a7b1e65d46d0f161f0338df3c924e96618e3eb6536eae86441,http://plus.kipris.or.kr/openapi/fileToss.jsp?arg=75a63eed5a438998f9dc3380f5cb642cd56dcb0e0f0995b08fe3e6d10b56cc3dd860bdd2e2498e9a37c831dcdda6cd2f02dcd7c3b8cea1db,0.6758732795715332,0.865635871887207,0.7328020334243774,0
220,3020000022439-09-01,3020000017302-09-01,포장용 용기,포장용 용기,http://plus.kipris.or.kr/openapi/fileToss.jsp?arg=75a63eed5a438998f9dc3380f5cb642cd56dcb0e0f0995b02e6ec20e9488ca6663752f4fd76355c595af55981a9c28efa23b06f82ebedd57,http://plus.kipris.or.kr/openapi/fileToss.jsp?arg=75a63eed5a438998f9dc3380f5cb642cd56dcb0e0f0995b0d8ee6709638b6fa147789b22cdad6984c70901213bff27181c3c5b918ec6419b,0.7688912749290466,0.9422606229782104,0.8209020495414734,0
221,3020000017679-09-01,3020000018269-09-01,화장품 용기,화장품 용기,http://plus.kipris.or.kr/openapi/fileToss.jsp?arg=75a63eed5a438998f9dc3380f5cb642cd56dcb0e0f0995b0d8ee6709638b6fa1301e6f2c98fb3cd7a3bb760df179f32f67551df9066ab261,http://plus.kipris.or.kr/openapi/fileToss.jsp?arg=75a63eed5a438998f9dc3380f5cb642cd56dcb0e0f0995b0deac54f8925f4c7dab2df396aedd8dba5e58afd96f13128938a6b626a671c9e8,0.8516378998756409,0.8548904657363892,0.8526136875152588,0
222,3020000029220-09-01,3020000023185-09-01,화장품 용기,포장용병,http://plus.kipris.or.kr/openapi/fileToss.jsp?arg=75a63eed5a438998f9dc3380f5cb642cd56dcb0e0f0995b011f68ef22f394dd21733bab7ceb881dd6ea7b591db33d693ad5c970942c89874,http://plus.kipris.or.kr/openapi/fileToss.jsp?arg=75a63eed5a438998f9dc3380f5cb642cd56dcb0e0f0995b09b1f6789fb9751242533b64b5fbcb82720ee481b66fa89184e00a29476e0412c,0.7204679250717163,0.7342325448989868,0.7245973348617554,0
223,3020000029327-09-01,3020000017678-09-01,화장품 용기,화장품 용기,http://plus.kipris.or.kr/openapi/fileToss.jsp?arg=75a63eed5a438998f9dc3380f5cb642cd56dcb0e0f0995b011f68ef22f394dd2cbb6ac3c424ae6349bbb0d951f43b1ab94b599fb3ca4d5c8,http://plus.kipris.or.kr/openapi/fileToss.jsp?arg=75a63eed5a438998f9dc3380f5cb642cd56dcb0e0f0995b0d8ee6709638b6fa1301e6f2c98fb3cd7cb5c72a4760d6b428839c56ed8c27f6e,0.8729149103164673,0.9636646509170532,0.9001398086547852,0
224,3020000006745-09-01,3020000030343-09-01,화장품 용기,화장품 용기,http://plus.kipris.or.kr/openapi/fileToss.jsp?arg=75a63eed5a438998f9dc3380f5cb642cd56dcb0e0f0995b0187836737e94fb396332e3fa732ce845811da59fbacc17e1f277120876c8ef7d,http://plus.kipris.or.kr/openapi/fileToss.jsp?arg=75a63eed5a438998f9dc3380f5cb642cd56dcb0e0f0995b0b9420cad9c5990e003a10973d6bdbbe30c9e2e3fef628cceada9977b9bdc8e70,0.7837029099464417,0.9245762825012207,0.8259649276733398,0
225,3020000012833-09-01,3020000004487-09-01,향수병,화장품 용기,http://plus.kipris.or.kr/openapi/fileToss.jsp?arg=75a63eed5a438998f9dc3380f5cb642cd56dcb0e0f0995b08964a6c84ce8cbe136b914a53e58c31fb0792085df3a4301449a65dcec744c8c,http://plus.kipris.or.kr/openapi/fileToss.jsp?arg=75a63eed5a438998f9dc3380f5cb642cd56dcb0e0f0995b03069a7817908f14f55bc66521fca1f114f22f288a18e06617b825e2eddef4897,0.9617915749549866,0.7452722787857056,0.8968357443809509,0
226,3020000030806-09-01,3020000017500-09-01,화장품 용기,포장용 용기,http://plus.kipris.or.kr/openapi/fileToss.jsp?arg=75a63eed5a438998f9dc3380f5cb642cd56dcb0e0f0995b0b9420cad9c5990e07e891c91ed3c638d5dcbf45ab163ad9a6d9c39802e280a4a,http://plus.kipris.or.kr/openapi/fileToss.jsp?arg=75a63eed5a438998f9dc3380f5cb642cd56dcb0e0f0995b0d8ee6709638b6fa11020c731eccb4d075f80d2fe240a7cb0be6ac99e94d63717,0.7029393315315247,0.8897408246994019,0.7589797973632812,0
227,3020000031163-09-01,3020000007444-09-01,화장품용기,샴푸용기,http://plus.kipris.or.kr/openapi/fileToss.jsp?arg=75a63eed5a438998f9dc3380f5cb642cd56dcb0e0f0995b089d7a621b89857a2bda1ae1f5599e317dbdb5c17e3d29fdad5b08fc58f8b9e32,http://plus.kipris.or.kr/openapi/fileToss.jsp?arg=75a63eed5a438998f9dc3380f5cb642cd56dcb0e0f0995b0fdcd45318d7ff23c308bbaa2658dde09f849964c1ca6ebeb290bea72708ac3ed,0.876312255859375,0.7999311685562134,0.8533979654312134,0
228,3020000004361-09-01,3020000017722-09-01,식음료용 병,포장용 통,http://plus.kipris.or.kr/openapi/fileToss.jsp?arg=75a63eed5a438998f9dc3380f5cb642cd56dcb0e0f0995b03069a7817908f14f862ab5db3dff0eb9326ff5b66dd75e8c4d91d86ad47a60b5,http://plus.kipris.or.kr/openapi/fileToss.jsp?arg=75a63eed5a438998f9dc3380f5cb642cd56dcb0e0f0995b0d8ee6709638b6fa1f4bde39beae5710fcd253a9a4823a8c0efd86e91c43fb3c0,0.7155808806419373,0.816369354724884,0.7458174228668213,0
229,3020000011312-09-01,3020000014156-09-01,술병,포장용 용기,http://plus.kipris.or.kr/openapi/fileToss.jsp?arg=75a63eed5a438998f9dc3380f5cb642cd56dcb0e0f0995b070abdd713d0b290a5ffe1b8eef7e114d8d90f591f2f6baf87d561f76805cee5d,http://plus.kipris.or.kr/openapi/fileToss.jsp?arg=75a63eed5a438998f9dc3380f5cb642cd56dcb0e0f0995b0606f4df1f99f40811db3d332d4213ea5a0c3abbac09cc95ef0d9432b0471a01e,0.6912840604782104,0.7525620460510254,0.709667444229126,0
230,3020000011144-09-01,3020000028258-09-01,향수병,화장품 용기,http://plus.kipris.or.kr/openapi/fileToss.jsp?arg=75a63eed5a438998f9dc3380f5cb642cd56dcb0e0f0995b070abdd713d0b290a495f14ebd7c505e21cae541b5885dd24bacd467688cdeec4,http://plus.kipris.or.kr/openapi/fileToss.jsp?arg=75a63eed5a438998f9dc3380f5cb642cd56dcb0e0f0995b0227542a1f24a736184b9181791c18e4f60f4f9fe508209ca5a564c0206b73a91,0.9094552397727966,0.7692427635192871,0.8673915266990662,0
231,3020000031167-09-01,3020000004095-09-01,화장품용기,화장품용기,http://plus.kipris.or.kr/openapi/fileToss.jsp?arg=75a63eed5a438998f9dc3380f5cb642cd56dcb0e0f0995b089d7a621b89857a2bda1ae1f5599e317c61e99a88bb6420abc4d224cb97a021a,http://plus.kipris.or.kr/openapi/fileToss.jsp?arg=75a63eed5a438998f9dc3380f5cb642cd56dcb0e0f0995b03069a7817908f14f4572c71c40a02c1b29a3e9914aba67c690df57726e64f967,0.8007454872131348,0.9594461917877197,0.8483557105064392,0
232,3020000023960-09-01,3020000017003-09-01,향수용 분무기,포장용 용기,http://plus.kipris.or.kr/openapi/fileToss.jsp?arg=75a63eed5a438998f9dc3380f5cb642cd56dcb0e0f0995b09b1f6789fb97512435c6663bfd5ed5613a4a1a91772f1718647805c2067e0bfc,http://plus.kipris.or.kr/openapi/fileToss.jsp?arg=75a63eed5a438998f9dc3380f5cb642cd56dcb0e0f0995b0d8ee6709638b6fa151acb057bf4b283fa8e32bcd5b75385d789ff5e889d71fa9,0.8399059176445007,0.7540466785430908,0.8141481280326843,0
233,3020000030008-09-01,3020000030698-09-01,포장용 술병,음료용 병,http://plus.kipris.or.kr/openapi/fileToss.jsp?arg=75a63eed5a438998f9dc3380f5cb642cd56dcb0e0f0995b0b9420cad9c5990e0672c1f955478a2c8edc8866b796d29a6bb650dbd8e80ec2b,http://plus.kipris.or.kr/openapi/fileToss.jsp?arg=75a63eed5a438998f9dc3380f5cb642cd56dcb0e0f0995b0b9420cad9c5990e0fedfec3ce9cb4a02f555a1df4c240a2e0577b760fcb20c08,0.8348966836929321,0.8662914037704468,0.8443150520324707,0
234,3020000020571-09-01,3020000022105-09-01,화장품 용기,포장용 용기,http://plus.kipris.or.kr/openapi/fileToss.jsp?arg=75a63eed5a438998f9dc3380f5cb642cd56dcb0e0f0995b0bea0399dd2b7a3e5b435903018a1a9f5132e0826c9f45c0b3fe3f4c92d53f17c,http://plus.kipris.or.kr/openapi/fileToss.jsp?arg=75a63eed5a438998f9dc3380f5cb642cd56dcb0e0f0995b02e6ec20e9488ca666f5fe34b46e8fbf6bc377969b3616530de3e95727eb06003,0.7683427333831787,0.8944193124771118,0.8061656951904297,0
235,3020000006510-09-01,3020000014928-09-01,화장품 용기,음료용기,http://plus.kipris.or.kr/openapi/fileToss.jsp?arg=75a63eed5a438998f9dc3380f5cb642cd56dcb0e0f0995b0187836737e94fb39ab7bc0f298779f6fafa27d2d80d6ae4dea64c00106af69d9,http://plus.kipris.or.kr/openapi/fileToss.jsp?arg=75a63eed5a438998f9dc3380f5cb642cd56dcb0e0f0995b0606f4df1f99f408187506cb30276f5d07245a750976a37928b8b0c66ba939178,0.8821648359298706,0.551385760307312,0.7829310894012451,0
236,3020000018269-09-01,3020000000639-09-01,화장품 용기,화장품용기,http://plus.kipris.or.kr/openapi/fileToss.jsp?arg=75a63eed5a438998f9dc3380f5cb642cd56dcb0e0f0995b0deac54f8925f4c7dab2df396aedd8dba5e58afd96f1312892522605e10c0278c,http://plus.kipris.or.kr/openapi/fileToss.jsp?arg=75a63eed5a438998f9dc3380f5cb642cd56dcb0e0f0995b0cc72ed919b34230099f327e961a5ac51ae48af4135c23fabd05c2dff0c599235,0.9097180366516113,0.8501181602478027,0.8918380737304688,0
237,3020000009535-09-01,3020000021952-09-01,포장용 병,포장용기,http://plus.kipris.or.kr/openapi/fileToss.jsp?arg=75a63eed5a438998f9dc3380f5cb642cd56dcb0e0f0995b073590199e4f1dc16a62734373bd540e058fe44dc0b626a9cdfedd81e65fc51dc,http://plus.kipris.or.kr/openapi/fileToss.jsp?arg=75a63eed5a438998f9dc3380f5cb642cd56dcb0e0f0995b006449c7f1c85a4a78b7c1a7242ae14e9e8b76585bb2195b24a72f5668eb83fe6,0.6464969515800476,0.8477877974510193,0.7068842053413391,0
238,3020000007013-09-01,3020000025395-09-01,화장품 용기,화장품 용기,http://plus.kipris.or.kr/openapi/fileToss.jsp?arg=75a63eed5a438998f9dc3380f5cb642cd56dcb0e0f0995b0fdcd45318d7ff23c36f1af0f6d6ef8030ecaef5f51830e0f337470b114a82a3d,http://plus.kipris.or.kr/openapi/fileToss.jsp?arg=75a63eed5a438998f9dc3380f5cb642cd56dcb0e0f0995b07a28099d0ef98e17b4fee342a5c9b755709bd2c213784ebf35c7990724fd3811,0.8284462094306946,0.956344723701477,0.8668158054351807,0
239,3020000024008-09-01,3020000033178-09-01,포장용 용기,샴푸용기,http://plus.kipris.or.kr/openapi/fileToss.jsp?arg=75a63eed5a438998f9dc3380f5cb642cd56dcb0e0f0995b005b3db6b458aa73b151a4a7d8a9837b37ab1ca3487f1f067b5c47fcd1aacceaa,http://plus.kipris.or.kr/openapi/fileToss.jsp?arg=75a63eed5a438998f9dc3380f5cb642cd56dcb0e0f0995b0f32787804da8b7ad260e51bd8f6e3480046220d68d97e79a5b18bf18cecc493d,0.7864179611206055,0.771404504776001,0.7819139361381531,0
240,3020000013606-09-01,3020000023374-09-01,화장품 용기,화장품 용기,http://plus.kipris.or.kr/openapi/fileToss.jsp?arg=75a63eed5a438998f9dc3380f5cb642cd56dcb0e0f0995b0bdcfae06342df685b5160b34fe202fbfabfe2536a403a69dfb52547bd559299b,http://plus.kipris.or.kr/openapi/fileToss.jsp?arg=75a63eed5a438998f9dc3380f5cb642cd56dcb0e0f0995b09b1f6789fb97512449882dd38eee7b7064b74edfc766566421bbff463c3a2fee,0.8823202848434448,0.9626383781433105,0.9064157009124756,0
241,3020000004296-09-01,3020000033581-09-01,화장품 용기,화장품 용기,http://plus.kipris.or.kr/openapi/fileToss.jsp?arg=75a63eed5a438998f9dc3380f5cb642cd56dcb0e0f0995b03069a7817908f14f5c65ec4818929027a3ece765a81707193b309a9db32334cc,http://plus.kipris.or.kr/openapi/fileToss.jsp?arg=75a63eed5a438998f9dc3380f5cb642cd56dcb0e0f0995b0f32787804da8b7ad0513baa27761822439170e720f5e6e3cc913c7d83d6486a6,0.9071856737136841,0.9207584857940674,0.9112575054168701,0
242,3020000021814-09-01,3020000028257-09-01,화장품 용기,화장품 용기,http://plus.kipris.or.kr/openapi/fileToss.jsp?arg=75a63eed5a438998f9dc3380f5cb642cd56dcb0e0f0995b006449c7f1c85a4a7187d3aa3a76c31b3598fdb19a130a28b4f536886e5228ce9,http://plus.kipris.or.kr/openapi/fileToss.jsp?arg=75a63eed5a438998f9dc3380f5cb642cd56dcb0e0f0995b0227542a1f24a736184b9181791c18e4f1c092183231ba9c35d8f0cc99be53eae,0.8084745407104492,0.9333821535110474,0.8459467887878418,0
243,3020000028255-09-01,3020000025395-09-01,화장품 용기,화장품 용기,http://plus.kipris.or.kr/openapi/fileToss.jsp?arg=75a63eed5a438998f9dc3380f5cb642cd56dcb0e0f0995b0227542a1f24a736184b9181791c18e4f2d2c91fc50ed9a70636aef2e904ec0c5,http://plus.kipris.or.kr/openapi/fileToss.jsp?arg=75a63eed5a438998f9dc3380f5cb642cd56dcb0e0f0995b07a28099d0ef98e17b4fee342a5c9b755709bd2c213784ebf311956eaf414152b,0.9233464598655701,0.9391492605209351,0.9280872941017151,0
244,3020000017498-09-01,3020000013720-09-01,포장용 용기,포장용 가스용기,http://plus.kipris.or.kr/openapi/fileToss.jsp?arg=75a63eed5a438998f9dc3380f5cb642cd56dcb0e0f0995b0d8ee6709638b6fa1ae2fc3835c730b0f203fa3932e0f70e4aea844f6709df4c3,http://plus.kipris.or.kr/openapi/fileToss.jsp?arg=75a63eed5a438998f9dc3380f5cb642cd56dcb0e0f0995b0bdcfae06342df685cc71edacb97aad161b31984e8f194ecb9eaf6ed1c570191c,0.7675861716270447,0.8289284706115723,0.7859888672828674,0
245,3020000015506-09-01,3020000014580-09-01,화장품 용기,화장품 용기,http://plus.kipris.or.kr/openapi/fileToss.jsp?arg=75a63eed5a438998f9dc3380f5cb642cd56dcb0e0f0995b07ba686bc001e12b758e859cb1aaaedada4700c39c98bcc986320a02c3ce8ba36,http://plus.kipris.or.kr/openapi/fileToss.jsp?arg=75a63eed5a438998f9dc3380f5cb642cd56dcb0e0f0995b0606f4df1f99f408131dbbf949e2f4252997a391f76667cd8aca392676a713aeb,0.8387021422386169,0.961559534072876,0.875559389591217,0
246,3020000032279-09-01,3020000007018-09-01,화장품 용기,화장품 용기,http://plus.kipris.or.kr/openapi/fileToss.jsp?arg=75a63eed5a438998f9dc3380f5cb642cd56dcb0e0f0995b056fef538e42de1147cde78c9acdcc39826435626186d051b2100d6cfe2712598,http://plus.kipris.or.kr/openapi/fileToss.jsp?arg=75a63eed5a438998f9dc3380f5cb642cd56dcb0e0f0995b0fdcd45318d7ff23c36f1af0f6d6ef80329232ca9d0c357384110d103cf8bbc17,0.8796804547309875,0.9297838807106018,0.8947114944458008,0
247,3020000021678-09-01,3020000003525-09-01,포장용 용기,화장품 용기,http://plus.kipris.or.kr/openapi/fileToss.jsp?arg=75a63eed5a438998f9dc3380f5cb642cd56dcb0e0f0995b006449c7f1c85a4a76082ed448bf618402e55be8115692589fe9a561904195c30,http://plus.kipris.or.kr/openapi/fileToss.jsp?arg=75a63eed5a438998f9dc3380f5cb642cd56dcb0e0f0995b00b66daf06c8a830641a31f57f6fcc65b9864b6b9cf5471709ba8a3bc46994246,0.7553764581680298,0.7060555815696716,0.7405802011489868,0
248,3020000000847-09-01,3020000011907-09-01,포장용 병,포장용 용기,http://plus.kipris.or.kr/openapi/fileToss.jsp?arg=75a63eed5a438998f9dc3380f5cb642cd56dcb0e0f0995b0cc72ed919b342300e99b2acfcc6c677b67dc73b104714909c8350d870ebd8627,http://plus.kipris.or.kr/openapi/fileToss.jsp?arg=75a63eed5a438998f9dc3380f5cb642cd56dcb0e0f0995b070abdd713d0b290a0b1bd5557f830a4975f4d67bdf33d12f239e453d5faa08ca,0.6138536334037781,0.7985824346542358,0.6692723035812378,0
249,3020000002988-09-01,3020000016423-09-01,화장품 용기,화장품 용기,http://plus.kipris.or.kr/openapi/fileToss.jsp?arg=75a63eed5a438998f9dc3380f5cb642cd56dcb0e0f0995b0680d52483fc7b07d6fe290517ec135e74f9e3dd1bc7c81cbf545a73c11d5c2d1,http://plus.kipris.or.kr/openapi/fileToss.jsp?arg=75a63eed5a438998f9dc3380f5cb642cd56dcb0e0f0995b0edd65ac4880d0f0cde88f35c1b19cc9c55a541844b9516d237714a24bd6ab62a,0.7594970464706421,0.952271580696106,0.8173294067382812,0
250,3020000013860-09-01,3020000005652-09-01,포장용 용기,포장용 용기,http://plus.kipris.or.kr/openapi/fileToss.jsp?arg=75a63eed5a438998f9dc3380f5cb642cd56dcb0e0f0995b0bdcfae06342df685f8cbf1fb50c4736dd58c5eb7e03827ba0fceb50f4a8fefff,http://plus.kipris.or.kr/openapi/fileToss.jsp?arg=75a63eed5a438998f9dc3380f5cb642cd56dcb0e0f0995b08fe3e6d10b56cc3dd860bdd2e2498e9ae78cdee054c9d58fdd0c6a37c2e09905,0.7741825580596924,0.9615781307220459,0.8304011821746826,0
251,3020000015433-09-01,3020000006442-09-01,포장용 용기,화장품용기,http://plus.kipris.or.kr/openapi/fileToss.jsp?arg=75a63eed5a438998f9dc3380f5cb642cd56dcb0e0f0995b07ba686bc001e12b74f814a4956a5cebb3b7e77a65b11d9ab95d8e0448b2235d1,http://plus.kipris.or.kr/openapi/fileToss.jsp?arg=75a63eed5a438998f9dc3380f5cb642cd56dcb0e0f0995b0187836737e94fb39d0891ba1d3de6d92b749723166fb510abeee63322a04c5e8,0.8637040853500366,0.86510169506073,0.8641233444213867,0
252,3020000002328-09-01,3020000012912-09-01,화장품용 용기,포장용 용기,http://plus.kipris.or.kr/openapi/fileToss.jsp?arg=75a63eed5a438998f9dc3380f5cb642cd56dcb0e0f0995b0680d52483fc7b07d916a4a7b517f831f101577971270299e2e52a7e0c3f5cbab,http://plus.kipris.or.kr/openapi/fileToss.jsp?arg=75a63eed5a438998f9dc3380f5cb642cd56dcb0e0f0995b08964a6c84ce8cbe13965058d78ed76d452689b01fcf4a543eae138a16eec1d0a,0.8092465400695801,0.7888475656509399,0.803126871585846,0
253,3020000006510-09-01,3020000029850-09-01,화장품 용기,화장품 용기,http://plus.kipris.or.kr/openapi/fileToss.jsp?arg=75a63eed5a438998f9dc3380f5cb642cd56dcb0e0f0995b0187836737e94fb39ab7bc0f298779f6fcd81028f538b9ae4e4c808b3259f1f68,http://plus.kipris.or.kr/openapi/fileToss.jsp?arg=75a63eed5a438998f9dc3380f5cb642cd56dcb0e0f0995b011f68ef22f394dd236632737541405a7ab0a694fe030fe05e522c79585423121,0.9492296576499939,0.9086369276046753,0.9370518922805786,0
254,3020000022802-09-01,3020000005512-09-01,화장품 용기,화장품 용기,http://plus.kipris.or.kr/openapi/fileToss.jsp?arg=75a63eed5a438998f9dc3380f5cb642cd56dcb0e0f0995b02e6ec20e9488ca6644c75fa6ac71ce2ddfb25e1d5721ab15e323c1aa42534011,http://plus.kipris.or.kr/openapi/fileToss.jsp?arg=75a63eed5a438998f9dc3380f5cb642cd56dcb0e0f0995b08fe3e6d10b56cc3d22f91fa31f9e4b5d2d45b21b61a48a49e962137ba71b9699,0.7849274277687073,0.9116013050079346,0.8229296207427979,0
255,3020000028831-09-01,3020000002771-09-01,화장품 용기,포장용 음료용기,http://plus.kipris.or.kr/openapi/fileToss.jsp?arg=75a63eed5a438998f9dc3380f5cb642cd56dcb0e0f0995b0227542a1f24a73618fe1c7a5cc98859de0c23b94fa94bf3e86ad5eb0796b93b6,http://plus.kipris.or.kr/openapi/fileToss.jsp?arg=75a63eed5a438998f9dc3380f5cb642cd56dcb0e0f0995b0680d52483fc7b07df0eaa0514f1b3e00d24794910bd1260bba1c01b15409dad8,0.8796323537826538,0.752172589302063,0.8413944244384766,0
256,3020000014720-09-01,3020000014195-09-01,음료수 병,화장품 용기,http://plus.kipris.or.kr/openapi/fileToss.jsp?arg=75a63eed5a438998f9dc3380f5cb642cd56dcb0e0f0995b0606f4df1f99f408147acd64ca7a100af79f950bb027a98d855c3b7d57ee6b17f,http://plus.kipris.or.kr/openapi/fileToss.jsp?arg=75a63eed5a438998f9dc3380f5cb642cd56dcb0e0f0995b0606f4df1f99f4081938bc2a8e797add1306d232c63241cfc17bba1eddee1afd6,0.793605625629425,0.826058030128479,0.8033413290977478,0
257,3020000031692-09-01,3020000022105-09-01,포장용 용기,포장용 용기,http://plus.kipris.or.kr/openapi/fileToss.jsp?arg=75a63eed5a438998f9dc3380f5cb642cd56dcb0e0f0995b089d7a621b89857a2fe66ea06c9f515a9b20945a4ed5906a41a8fde68c727c765,http://plus.kipris.or.kr/openapi/fileToss.jsp?arg=75a63eed5a438998f9dc3380f5cb642cd56dcb0e0f0995b02e6ec20e9488ca666f5fe34b46e8fbf6bc377969b3616530bf315341783a69b8,0.728715717792511,0.9626132845878601,0.7988849878311157,0
258,3020000005379-09-01,3020000004297-09-01,포장용 술병,화장품 용기,http://plus.kipris.or.kr/openapi/fileToss.jsp?arg=75a63eed5a438998f9dc3380f5cb642cd56dcb0e0f0995b08fe3e6d10b56cc3d7130e33ba6c2605b9e77521b40d6dd651f1f0b91e11855d9,http://plus.kipris.or.kr/openapi/fileToss.jsp?arg=75a63eed5a438998f9dc3380f5cb642cd56dcb0e0f0995b03069a7817908f14f5c65ec4818929027916d00649800f5602f27d934964a4703,0.8141433000564575,0.8467119932174683,0.8239138722419739,0
259,3020000002083-09-01,3020000015673-09-01,남성용 화장품 용기,드링크 병,http://plus.kipris.or.kr/openapi/fileToss.jsp?arg=75a63eed5a438998f9dc3380f5cb642cd56dcb0e0f0995b0680d52483fc7b07d3621f255e5f93b21b9855e12cd06cab9488235b14c4ada11,http://plus.kipris.or.kr/openapi/fileToss.jsp?arg=75a63eed5a438998f9dc3380f5cb642cd56dcb0e0f0995b07ba686bc001e12b796bf2c17c8027db4f3c520ca9733a7ac6252c4a595f68c34,0.9379611611366272,0.6856297850608826,0.8622617721557617,0
260,3020000016422-09-01,3020000023571-09-01,화장품 용기,세제용 용기,http://plus.kipris.or.kr/openapi/fileToss.jsp?arg=75a63eed5a438998f9dc3380f5cb642cd56dcb0e0f0995b0edd65ac4880d0f0cde88f35c1b19cc9c7da73aaad57b41ba3b3dd0d7e456bc22,http://plus.kipris.or.kr/openapi/fileToss.jsp?arg=75a63eed5a438998f9dc3380f5cb642cd56dcb0e0f0995b09b1f6789fb9751240005454de4ce8fd17982d50b4533def41b017c6f033af283,0.7214363813400269,0.8027610778808594,0.7458338141441345,0
261,3020000017001-09-01,3020000031166-09-01,포장용 용기,화장품용기,http://plus.kipris.or.kr/openapi/fileToss.jsp?arg=75a63eed5a438998f9dc3380f5cb642cd56dcb0e0f0995b0d8ee6709638b6fa151acb057bf4b283f404d1149c740d3648201fe9ea1123bcc,http://plus.kipris.or.kr/openapi/fileToss.jsp?arg=75a63eed5a438998f9dc3380f5cb642cd56dcb0e0f0995b089d7a621b89857a2bda1ae1f5599e317e2f2391fc916ba68251a780936a44df4,0.8052883148193359,0.8284966349601746,0.8122507929801941,0
262,3020000025777-09-01,3020000024360-09-01,화장품 용기,포장용 술병,http://plus.kipris.or.kr/openapi/fileToss.jsp?arg=75a63eed5a438998f9dc3380f5cb642cd56dcb0e0f0995b07a28099d0ef98e17b856995e50d7dd6b930e7b2715be9f660d70f1b9cd7eec72,http://plus.kipris.or.kr/openapi/fileToss.jsp?arg=75a63eed5a438998f9dc3380f5cb642cd56dcb0e0f0995b005b3db6b458aa73b20b29c3eb5bdefd21910298216c726c8efd8d46b4e6e457b,0.8519138097763062,0.8158635497093201,0.8410987257957458,0
263,3020000017908-09-01,3020000015830-09-01,화장품 용기,화장품용기,http://plus.kipris.or.kr/openapi/fileToss.jsp?arg=75a63eed5a438998f9dc3380f5cb642cd56dcb0e0f0995b0d8ee6709638b6fa1182d19b659de8ba0b15a67581927d86f02e3644244709ad2,http://plus.kipris.or.kr/openapi/fileToss.jsp?arg=75a63eed5a438998f9dc3380f5cb642cd56dcb0e0f0995b07ba686bc001e12b7d26e09af6146358c38574e668718dd264123a49ae0475fec,0.8985030651092529,0.8803958296775818,0.8930709362030029,0
264,3020000027874-09-01,3020000010912-09-01,포장용용기,향수병,http://plus.kipris.or.kr/openapi/fileToss.jsp?arg=75a63eed5a438998f9dc3380f5cb642cd56dcb0e0f0995b01b6467bd697fe99c3417ef7c1899dbda805e0d76a677f7ef52057e92f2078e60,http://plus.kipris.or.kr/openapi/fileToss.jsp?arg=75a63eed5a438998f9dc3380f5cb642cd56dcb0e0f0995b0ef3ea9b059e124218e78add10628828341da67d0ed53295d26db0d22174ebdb6,0.864226222038269,0.6966040134429932,0.8139395713806152,0
265,3020000017000-09-01,3020000009575-09-01,포장용 용기,샴푸용기,http://plus.kipris.or.kr/openapi/fileToss.jsp?arg=75a63eed5a438998f9dc3380f5cb642cd56dcb0e0f0995b0d8ee6709638b6fa151acb057bf4b283f873778c4a5b9305b0a16d4ef59b4bba4,http://plus.kipris.or.kr/openapi/fileToss.jsp?arg=75a63eed5a438998f9dc3380f5cb642cd56dcb0e0f0995b073590199e4f1dc169941cfebbab156c51236626acb6177d4289cc213832951f0,0.8690134286880493,0.7469122409820557,0.8323830366134644,0
266,3020000000780-09-01,3020000032577-09-01,포장용 용기,화장품 용기,http://plus.kipris.or.kr/openapi/fileToss.jsp?arg=75a63eed5a438998f9dc3380f5cb642cd56dcb0e0f0995b0cc72ed919b34230081a44be0fe209461ad0421485a2c93851184bd32d8406768,http://plus.kipris.or.kr/openapi/fileToss.jsp?arg=75a63eed5a438998f9dc3380f5cb642cd56dcb0e0f0995b056fef538e42de114a5789ee7e1d70e89bcd4e8929ad70eb4c011c485ad14736f,0.8825528025627136,0.7862064838409424,0.8536489009857178,0
267,3020000033180-09-01,3020000005940-09-01,샴푸용기,화장품 용기,http://plus.kipris.or.kr/openapi/fileToss.jsp?arg=75a63eed5a438998f9dc3380f5cb642cd56dcb0e0f0995b0f32787804da8b7ad453014fa1c02db95feda83a3e23f4f974b40a6445bb08084,http://plus.kipris.or.kr/openapi/fileToss.jsp?arg=75a63eed5a438998f9dc3380f5cb642cd56dcb0e0f0995b08fe3e6d10b56cc3d0c2a77a9be3fcd51aa99775730a8a2f5c57367089a35c16d,0.8515581488609314,0.709399402141571,0.8089104890823364,0
268,3020000006440-09-01,3020000009604-09-01,화장품 용기,포장용용기,http://plus.kipris.or.kr/openapi/fileToss.jsp?arg=75a63eed5a438998f9dc3380f5cb642cd56dcb0e0f0995b0187836737e94fb39d0891ba1d3de6d9279859d3df70fc18165884e3bea7b1ce2,http://plus.kipris.or.kr/openapi/fileToss.jsp?arg=75a63eed5a438998f9dc3380f5cb642cd56dcb0e0f0995b073590199e4f1dc16c4994de40142535603458437661fcfdbc47f8ce473ec65c9,0.8225668668746948,0.7384088039398193,0.7973194122314453,0
269,3020000033636-09-01,3020000023257-09-01,화장품 용기,식품용용기,http://plus.kipris.or.kr/openapi/fileToss.jsp?arg=75a63eed5a438998f9dc3380f5cb642cd56dcb0e0f0995b0f32787804da8b7adcbf6ebf8d002420f4cdaa1d493e33f0b10df0907f5824419,http://plus.kipris.or.kr/openapi/fileToss.jsp?arg=75a63eed5a438998f9dc3380f5cb642cd56dcb0e0f0995b09b1f6789fb975124ddde99bf437cdce8b254f968dabd728de49de1f5b2bf5bdf,0.6710928678512573,0.7666949033737183,0.6997734904289246,0
270,3020000030806-09-01,3020000024956-09-01,화장품 용기,화장품용기,http://plus.kipris.or.kr/openapi/fileToss.jsp?arg=75a63eed5a438998f9dc3380f5cb642cd56dcb0e0f0995b0b9420cad9c5990e07e891c91ed3c638d5dcbf45ab163ad9a6d9c39802e280a4a,http://plus.kipris.or.kr/openapi/fileToss.jsp?arg=75a63eed5a438998f9dc3380f5cb642cd56dcb0e0f0995b005b3db6b458aa73be2c5f00e2cd5aa81a4f8318a69793afec3ad85332318c95f,0.7362667918205261,0.9402948617935181,0.7974752187728882,0
271,3020000016952-09-01,3020000023257-09-01,화장품 용기,식품용용기,http://plus.kipris.or.kr/openapi/fileToss.jsp?arg=75a63eed5a438998f9dc3380f5cb642cd56dcb0e0f0995b0edd65ac4880d0f0c46faa16d4d6673f103f15ad5032df0942092b5749a56c770,http://plus.kipris.or.kr/openapi/fileToss.jsp?arg=75a63eed5a438998f9dc3380f5cb642cd56dcb0e0f0995b09b1f6789fb975124ddde99bf437cdce8b254f968dabd728db5abd41c379cb0f8,0.8898897171020508,0.7898266911506653,0.8598707914352417,0
272,3020000009483-09-01,3020000015364-09-01,화장품 용기,음료 용기,http://plus.kipris.or.kr/openapi/fileToss.jsp?arg=75a63eed5a438998f9dc3380f5cb642cd56dcb0e0f0995b073590199e4f1dc1659189ee3a87a785d8682f802aa79588cd002ac0e3874b7b4,http://plus.kipris.or.kr/openapi/fileToss.jsp?arg=75a63eed5a438998f9dc3380f5cb642cd56dcb0e0f0995b07ba686bc001e12b7d8b815ff2deb7faa2bd5930109a0212259b8b3e8b67108ed,0.9294489622116089,0.6621126532554626,0.8492480516433716,0
273,3020000013862-09-01,3020000021829-09-01,포장용 용기,화장품 용기,http://plus.kipris.or.kr/openapi/fileToss.jsp?arg=75a63eed5a438998f9dc3380f5cb642cd56dcb0e0f0995b0bdcfae06342df685f8cbf1fb50c4736d33893aee3cc4dc177fda9d3a29498043,http://plus.kipris.or.kr/openapi/fileToss.jsp?arg=75a63eed5a438998f9dc3380f5cb642cd56dcb0e0f0995b006449c7f1c85a4a7b1e65d46d0f161f0338df3c924e966189efed9d4c4a0d08a,0.6833938360214233,0.849267840385437,0.7331560254096985,0
274,3020000023255-09-01,3020000006745-09-01,식품용용기,화장품 용기,http://plus.kipris.or.kr/openapi/fileToss.jsp?arg=75a63eed5a438998f9dc3380f5cb642cd56dcb0e0f0995b09b1f6789fb975124ddde99bf437cdce8167068b4ae391de32d99a716f016ed34,http://plus.kipris.or.kr/openapi/fileToss.jsp?arg=75a63eed5a438998f9dc3380f5cb642cd56dcb0e0f0995b0187836737e94fb396332e3fa732ce845f8c27c7491e8a675f55d128cb405dcf9,0.8353284597396851,0.8436264991760254,0.837817907333374,0
275,3020000032583-09-01,3020000013606-09-01,화장품 용기,화장품 용기,http://plus.kipris.or.kr/openapi/fileToss.jsp?arg=75a63eed5a438998f9dc3380f5cb642cd56dcb0e0f0995b056fef538e42de114c938f9d32b974d9747ea4b93bd843ea74ba6e261645fcdee,http://plus.kipris.or.kr/openapi/fileToss.jsp?arg=75a63eed5a438998f9dc3380f5cb642cd56dcb0e0f0995b0bdcfae06342df685b5160b34fe202fbfabfe2536a403a69d7999987f1f3a3c4a,0.851872444152832,0.9565060138702393,0.8832625150680542,0
276,3020000014580-09-01,3020000003036-09-01,화장품 용기,샴푸 용기,http://plus.kipris.or.kr/openapi/fileToss.jsp?arg=75a63eed5a438998f9dc3380f5cb642cd56dcb0e0f0995b0606f4df1f99f408131dbbf949e2f4252997a391f76667cd850d0c363bd1021a6,http://plus.kipris.or.kr/openapi/fileToss.jsp?arg=75a63eed5a438998f9dc3380f5cb642cd56dcb0e0f0995b00b66daf06c8a83066ca29919efe34e1eb3799e6ace917d9ab3d34909c7dfb0d6,0.8357399702072144,0.7968196868896484,0.8240638971328735,0
277,3020000028348-09-01,3020000024463-09-01,포장용 용기,포장용 용기,http://plus.kipris.or.kr/openapi/fileToss.jsp?arg=75a63eed5a438998f9dc3380f5cb642cd56dcb0e0f0995b0227542a1f24a736155db84a290cc09d09a49a855342dcf7e57c6b17e986df319,http://plus.kipris.or.kr/openapi/fileToss.jsp?arg=75a63eed5a438998f9dc3380f5cb642cd56dcb0e0f0995b005b3db6b458aa73be969790f4b87eaa5b26fec36e24da5f745ff841745c30725,0.6860964298248291,0.899315357208252,0.750062108039856,0
278,3020000024465-09-01,3020000031088-09-01,포장용 용기,포장용기,http://plus.kipris.or.kr/openapi/fileToss.jsp?arg=75a63eed5a438998f9dc3380f5cb642cd56dcb0e0f0995b005b3db6b458aa73be969790f4b87eaa590971886d7a6ca3eb601a89428be83ee,http://plus.kipris.or.kr/openapi/fileToss.jsp?arg=75a63eed5a438998f9dc3380f5cb642cd56dcb0e0f0995b089d7a621b89857a2a6e995ef25b4de530e075e7abc9b8c53f2c7adcba0454e5a,0.8066045641899109,0.975084662437439,0.8571485877037048,0
279,3020000018872-09-01,3020000025496-09-01,화장품 용기,화장품용기,http://plus.kipris.or.kr/openapi/fileToss.jsp?arg=75a63eed5a438998f9dc3380f5cb642cd56dcb0e0f0995b0deac54f8925f4c7d01c27b3b9348c7972ae570bc5f1beadcfd1bd196713b714e,http://plus.kipris.or.kr/openapi/fileToss.jsp?arg=75a63eed5a438998f9dc3380f5cb642cd56dcb0e0f0995b07a28099d0ef98e17fe87dc1610c15d7febbc7abbf82666fc722ddd3d0a9be207,0.7200540900230408,0.9527209401130676,0.7898541688919067,0
280,3020000017424-09-01,3020000012834-09-01,포장용 용기,향수병,http://plus.kipris.or.kr/openapi/fileToss.jsp?arg=75a63eed5a438998f9dc3380f5cb642cd56dcb0e0f0995b0d8ee6709638b6fa14d030d93d9fd28c422622fd25edaa01aa9647a31e4afef97,http://plus.kipris.or.kr/openapi/fileToss.jsp?arg=75a63eed5a438998f9dc3380f5cb642cd56dcb0e0f0995b08964a6c84ce8cbe136b914a53e58c31f8da15c97024331bb0e73553c8c2f826b,0.7431284785270691,0.782477855682373,0.7549332976341248,0
281,3020000029520-09-01,3020000004095-09-01,화장품용기,화장품용기,http://plus.kipris.or.kr/openapi/fileToss.jsp?arg=75a63eed5a438998f9dc3380f5cb642cd56dcb0e0f0995b011f68ef22f394dd2174e1bc993429f5e33af49a418a5c6f58e4a5c173a7b99be,http://plus.kipris.or.kr/openapi/fileToss.jsp?arg=75a63eed5a438998f9dc3380f5cb642cd56dcb0e0f0995b03069a7817908f14f4572c71c40a02c1b29a3e9914aba67c690df57726e64f967,0.7859035134315491,0.9774243831634521,0.8433597683906555,0
282,3020000000778-09-01,3020000023861-09-01,포장용 용기,화장품 용기,http://plus.kipris.or.kr/openapi/fileToss.jsp?arg=75a63eed5a438998f9dc3380f5cb642cd56dcb0e0f0995b0cc72ed919b3423003267d3a705c3e4d98f27ea2c522497ce8576d163bc7f1f6a,http://plus.kipris.or.kr/openapi/fileToss.jsp?arg=75a63eed5a438998f9dc3380f5cb642cd56dcb0e0f0995b09b1f6789fb9751249d50c7f3b7f0515a7da19ff2e6aa311418d4123194940c4c,0.8098558783531189,0.7829800248146057,0.8017931580543518,0
283,3020000006090-09-01,3020000029756-09-01,포장용 병,포장용 병,http://plus.kipris.or.kr/openapi/fileToss.jsp?arg=75a63eed5a438998f9dc3380f5cb642cd56dcb0e0f0995b0187836737e94fb39b9d0139a39d2cc390be542fc4d85a6fbedf5bfebabe36cf4,http://plus.kipris.or.kr/openapi/fileToss.jsp?arg=75a63eed5a438998f9dc3380f5cb642cd56dcb0e0f0995b011f68ef22f394dd22a0df6146d523614037efe9cecec5ea94fef6864e908bb0f,0.7096205949783325,0.9165971875190735,0.7717136144638062,0
284,3020000028666-09-01,3020000024957-09-01,포장용 용기,화장품용기,http://plus.kipris.or.kr/openapi/fileToss.jsp?arg=75a63eed5a438998f9dc3380f5cb642cd56dcb0e0f0995b0227542a1f24a7361e3d4617c23baf447860c1fd3c78d389a8ac7ad85ebafe4ea,http://plus.kipris.or.kr/openapi/fileToss.jsp?arg=75a63eed5a438998f9dc3380f5cb642cd56dcb0e0f0995b005b3db6b458aa73be2c5f00e2cd5aa81f6e7b0e86f7ef308c3743db14a75f932,0.7561410665512085,0.8206868171691895,0.7755047678947449,0
285,3020000010912-09-01,3020000017906-09-01,향수병,화장품 용기,http://plus.kipris.or.kr/openapi/fileToss.jsp?arg=75a63eed5a438998f9dc3380f5cb642cd56dcb0e0f0995b0ef3ea9b059e124218e78add10628828341da67d0ed53295d1efbf1bd67e4afff,http://plus.kipris.or.kr/openapi/fileToss.jsp?arg=75a63eed5a438998f9dc3380f5cb642cd56dcb0e0f0995b0d8ee6709638b6fa1182d19b659de8ba0d8f8a423c1711cc8ba3b30a2259ef4b2,0.9009832739830017,0.7213280200958252,0.8470867276191711,0
286,3020000010927-09-01,3020000032447-09-01,향수 용기,포장용 용기,http://plus.kipris.or.kr/openapi/fileToss.jsp?arg=75a63eed5a438998f9dc3380f5cb642cd56dcb0e0f0995b0ef3ea9b059e124212cc6ee9f18a84e3979892ba521ffa996554c4e0859fb1fdf,http://plus.kipris.or.kr/openapi/fileToss.jsp?arg=75a63eed5a438998f9dc3380f5cb642cd56dcb0e0f0995b056fef538e42de114adfcf72cc6314c12724d86072dd1e0e136b555002ab65144,0.8197692036628723,0.7669852375984192,0.8039339780807495,0
287,3020000015228-09-01,3020000006512-09-01,포장용 용기,화장품 용기,http://plus.kipris.or.kr/openapi/fileToss.jsp?arg=75a63eed5a438998f9dc3380f5cb642cd56dcb0e0f0995b07ba686bc001e12b736b25ce876b15baee6fa5b98ab5666b667fbf0d3f9756e10,http://plus.kipris.or.kr/openapi/fileToss.jsp?arg=75a63eed5a438998f9dc3380f5cb642cd56dcb0e0f0995b0187836737e94fb39ab7bc0f298779f6f32570258f056ce6040b9097c5c109b0b,0.8607298135757446,0.8255936503410339,0.8501889705657959,0
288,3020000025081-09-01,3020000018872-09-01,화장품 용기,화장품 용기,http://plus.kipris.or.kr/openapi/fileToss.jsp?arg=75a63eed5a438998f9dc3380f5cb642cd56dcb0e0f0995b07a28099d0ef98e17803670e82954ba5ecaeb44c9f8912791ad72fd86a5df865c,http://plus.kipris.or.kr/openapi/fileToss.jsp?arg=75a63eed5a438998f9dc3380f5cb642cd56dcb0e0f0995b0deac54f8925f4c7d01c27b3b9348c7972ae570bc5f1beadcfd1bd196713b714e,0.6575174331665039,0.9664435386657715,0.7501952648162842,0
289,3020000021170-09-01,3020000015282-09-01,음료캔,화장품 용기,http://plus.kipris.or.kr/openapi/fileToss.jsp?arg=75a63eed5a438998f9dc3380f5cb642cd56dcb0e0f0995b006449c7f1c85a4a7bec89f1fb749c251216a46bc23ca63c3d95478b276ce45c6,http://plus.kipris.or.kr/openapi/fileToss.jsp?arg=75a63eed5a438998f9dc3380f5cb642cd56dcb0e0f0995b07ba686bc001e12b75d136b4df6d33bb521e75c89274b2b2bc2803dead85f6344,0.8314982056617737,0.750859260559082,0.8073065280914307,0
290,3020000031065-09-01,3020000028257-09-01,화장품 용기,화장품 용기,http://plus.kipris.or.kr/openapi/fileToss.jsp?arg=75a63eed5a438998f9dc3380f5cb642cd56dcb0e0f0995b089d7a621b89857a24e563e71b55eadeece1d1222c27c878bcaabe5566e013f15,http://plus.kipris.or.kr/openapi/fileToss.jsp?arg=75a63eed5a438998f9dc3380f5cb642cd56dcb0e0f0995b0227542a1f24a736184b9181791c18e4f1c092183231ba9c3d9cd11b2ec58c422,0.8638213872909546,0.9425536394119263,0.8874410390853882,0
291,3020000007444-09-01,3020000003036-09-01,샴푸용기,샴푸 용기,http://plus.kipris.or.kr/openapi/fileToss.jsp?arg=75a63eed5a438998f9dc3380f5cb642cd56dcb0e0f0995b0fdcd45318d7ff23c308bbaa2658dde09f849964c1ca6ebeb568c090b051122ec,http://plus.kipris.or.kr/openapi/fileToss.jsp?arg=75a63eed5a438998f9dc3380f5cb642cd56dcb0e0f0995b00b66daf06c8a83066ca29919efe34e1eb3799e6ace917d9a0a5c03b94e4c48ed,0.9348147511482239,0.9724861979484558,0.9461162090301514,0
292,3020000023317-09-01,3020000019759-09-01,화장품 용기,화장품 포장용 병,http://plus.kipris.or.kr/openapi/fileToss.jsp?arg=75a63eed5a438998f9dc3380f5cb642cd56dcb0e0f0995b09b1f6789fb9751245fe107dead8a38ad7927d42c8d065e5204d207da5280448f,http://plus.kipris.or.kr/openapi/fileToss.jsp?arg=75a63eed5a438998f9dc3380f5cb642cd56dcb0e0f0995b0f63a2eefd11079d006f4cd70f75e4ac610bfc3abe14df3d37e60c0b567701e43,0.7538055777549744,0.871353030204773,0.7890697717666626,0
293,3020000018269-09-01,3020000013865-09-01,화장품 용기,포장용 용기,http://plus.kipris.or.kr/openapi/fileToss.jsp?arg=75a63eed5a438998f9dc3380f5cb642cd56dcb0e0f0995b0deac54f8925f4c7dab2df396aedd8dba5e58afd96f13128938a6b626a671c9e8,http://plus.kipris.or.kr/openapi/fileToss.jsp?arg=75a63eed5a438998f9dc3380f5cb642cd56dcb0e0f0995b0bdcfae06342df685f8cbf1fb50c4736dc7e864ab1e9ff08d71c09e26b084474f,0.8653098344802856,0.7994540929794312,0.8455531001091003,0
294,3020000028258-09-01,3020000029879-09-01,화장품 용기,화장품용기,http://plus.kipris.or.kr/openapi/fileToss.jsp?arg=75a63eed5a438998f9dc3380f5cb642cd56dcb0e0f0995b0227542a1f24a736184b9181791c18e4f60f4f9fe508209cab8a8f3764eda252f,http://plus.kipris.or.kr/openapi/fileToss.jsp?arg=75a63eed5a438998f9dc3380f5cb642cd56dcb0e0f0995b011f68ef22f394dd26a964075748e6c1809aa21b6b39ae677c630db7c5c67d445,0.866685152053833,0.9213173389434814,0.8830748200416565,0
295,3020000019481-09-01,3020000031247-09-01,포장용 용기,화장품용기,http://plus.kipris.or.kr/openapi/fileToss.jsp?arg=75a63eed5a438998f9dc3380f5cb642cd56dcb0e0f0995b0f63a2eefd11079d0ccfa5665d6ade322594940fc7daa731df25e52de4bc63a35,http://plus.kipris.or.kr/openapi/fileToss.jsp?arg=75a63eed5a438998f9dc3380f5cb642cd56dcb0e0f0995b089d7a621b89857a2cf83cf6c7d54a290c5c6ea32d42da479bf5430f426fd962d,0.8464020490646362,0.8709039688110352,0.853752613067627,0
296,3020000006173-09-01,3020000006446-09-01,음료수 용기,화장품 용기,http://plus.kipris.or.kr/openapi/fileToss.jsp?arg=75a63eed5a438998f9dc3380f5cb642cd56dcb0e0f0995b0187836737e94fb39845672cd5824903a402d9dab6f5279e626c15b53aa332182,http://plus.kipris.or.kr/openapi/fileToss.jsp?arg=75a63eed5a438998f9dc3380f5cb642cd56dcb0e0f0995b0187836737e94fb39d0891ba1d3de6d92656ddd5ad5eda738e576eec24b87e0a7,0.8166396021842957,0.8714404106140137,0.8330798149108887,0
297,3020000000847-09-01,3020000017497-09-01,포장용 병,포장용 용기,http://plus.kipris.or.kr/openapi/fileToss.jsp?arg=75a63eed5a438998f9dc3380f5cb642cd56dcb0e0f0995b0cc72ed919b342300e99b2acfcc6c677b67dc73b104714909dff371af4dbc2ea5,http://plus.kipris.or.kr/openapi/fileToss.jsp?arg=75a63eed5a438998f9dc3380f5cb642cd56dcb0e0f0995b0d8ee6709638b6fa1ae2fc3835c730b0fa1fa6955ae8aa20599a146b98afeb5ac,0.7366301417350769,0.8516825437545776,0.7711458802223206,0
298,3020000001542-09-01,3020000016040-09-01,포장용 음료용기,식품용기,http://plus.kipris.or.kr/openapi/fileToss.jsp?arg=75a63eed5a438998f9dc3380f5cb642cd56dcb0e0f0995b0b700f0235c7824b0587fd55be5134f032acd59f883b9206c47041ec1b351eb0c,http://plus.kipris.or.kr/openapi/fileToss.jsp?arg=75a63eed5a438998f9dc3380f5cb642cd56dcb0e0f0995b0edd65ac4880d0f0c166bfa7c9e52a4a85fd8162f538fc81087b5090ba9651c20,0.8829063177108765,0.9000999927520752,0.888064444065094,0
299,3020000022812-09-01,3020000014580-09-01,포장용 병,화장품 용기,http://plus.kipris.or.kr/openapi/fileToss.jsp?arg=75a63eed5a438998f9dc3380f5cb642cd56dcb0e0f0995b02e6ec20e9488ca663ad59844fd3ba6d2d1f8ed2d2803d4e407f57426de71ea98,http://plus.kipris.or.kr/openapi/fileToss.jsp?arg=75a63eed5a438998f9dc3380f5cb642cd56dcb0e0f0995b0606f4df1f99f408131dbbf949e2f4252997a391f76667cd85a5b397db849ef57,0.8754633665084839,0.8393317461013794,0.8646238446235657,0
300,3020000027112-09-01,3020000029019-09-01,향수 용기,화장품 용기,http://plus.kipris.or.kr/openapi/fileToss.jsp?arg=75a63eed5a438998f9dc3380f5cb642cd56dcb0e0f0995b01b6467bd697fe99c013e9190553069fb58aea5169a494bd333516c8cb0d1baba,http://plus.kipris.or.kr/openapi/fileToss.jsp?arg=75a63eed5a438998f9dc3380f5cb642cd56dcb0e0f0995b011f68ef22f394dd2390c13707ca28de788875746926698e5a50298dda2d00656,0.7143290042877197,0.8167099356651306,0.7450432777404785,0
301,3020000019098-09-01,3020000016040-09-01,향수용기,식품용기,http://plus.kipris.or.kr/openapi/fileToss.jsp?arg=75a63eed5a438998f9dc3380f5cb642cd56dcb0e0f0995b0f63a2eefd11079d08493f71a2050ee4298f127c1f171f9c0fd37cda372cc0b95,http://plus.kipris.or.kr/openapi/fileToss.jsp?arg=75a63eed5a438998f9dc3380f5cb642cd56dcb0e0f0995b0edd65ac4880d0f0c166bfa7c9e52a4a85fd8162f538fc81010f18559c704a7cc,0.93215411901474,0.8066390752792358,0.894499659538269,0
302,3020000021602-09-01,3020000019758-09-01,화장품 용기,화장품 포장용 병,http://plus.kipris.or.kr/openapi/fileToss.jsp?arg=75a63eed5a438998f9dc3380f5cb642cd56dcb0e0f0995b006449c7f1c85a4a70cda0132be4db162a639788ec92d3c9b9b3539268afb335c,http://plus.kipris.or.kr/openapi/fileToss.jsp?arg=75a63eed5a438998f9dc3380f5cb642cd56dcb0e0f0995b0f63a2eefd11079d006f4cd70f75e4ac6265a23764f163fea1ba9a55f39d82cdd,0.8746730089187622,0.8906360864639282,0.8794618844985962,0
303,3020000031165-09-01,3020000015285-09-01,화장품용기,화장품 용기,http://plus.kipris.or.kr/openapi/fileToss.jsp?arg=75a63eed5a438998f9dc3380f5cb642cd56dcb0e0f0995b089d7a621b89857a2bda1ae1f5599e3178632bd153853d7a31177cb754c5e7d82,http://plus.kipris.or.kr/openapi/fileToss.jsp?arg=75a63eed5a438998f9dc3380f5cb642cd56dcb0e0f0995b07ba686bc001e12b75d136b4df6d33bb5ac403f7f7879e0119152b02d02aa8bdd,0.8003042936325073,0.9561939239501953,0.8470711708068848,0
304,3020000029148-09-01,3020000020569-09-01,술병,액체용기,http://plus.kipris.or.kr/openapi/fileToss.jsp?arg=75a63eed5a438998f9dc3380f5cb642cd56dcb0e0f0995b011f68ef22f394dd2b1e8fa62f7dbf6eb93ae353ab0d4ab67e816f0c13fd7ce7e,http://plus.kipris.or.kr/openapi/fileToss.jsp?arg=75a63eed5a438998f9dc3380f5cb642cd56dcb0e0f0995b0bea0399dd2b7a3e51bd7c881a493e52a791c7538a9639bdd09f15e9e0344e15f,0.8906617760658264,0.7309155464172363,0.8427379131317139,0
305,3020000007445-09-01,3020000022802-09-01,샴푸용기,화장품 용기,http://plus.kipris.or.kr/openapi/fileToss.jsp?arg=75a63eed5a438998f9dc3380f5cb642cd56dcb0e0f0995b0fdcd45318d7ff23c308bbaa2658dde0908ce1448e4d7f44e45ada4b6455d4f69,http://plus.kipris.or.kr/openapi/fileToss.jsp?arg=75a63eed5a438998f9dc3380f5cb642cd56dcb0e0f0995b02e6ec20e9488ca6644c75fa6ac71ce2ddfb25e1d5721ab15ad276cd447064149,0.899791955947876,0.7387521266937256,0.8514800071716309,0
306,3020000022200-09-01,3020000009318-09-01,포장용 용기,화장품용기,http://plus.kipris.or.kr/openapi/fileToss.jsp?arg=75a63eed5a438998f9dc3380f5cb642cd56dcb0e0f0995b02e6ec20e9488ca66a70689f8ed0b359ec2645961d3c02388ee4793b84242ce35,http://plus.kipris.or.kr/openapi/fileToss.jsp?arg=75a63eed5a438998f9dc3380f5cb642cd56dcb0e0f0995b073590199e4f1dc160d6f56a27c91bf2603769c37490c955fcc59d6f3bb8abd30,0.6997129321098328,0.8405928611755371,0.7419769167900085,0
307,3020000031694-09-01,3020000019784-09-01,화장품 용기,식품포장용기,http://plus.kipris.or.kr/openapi/fileToss.jsp?arg=75a63eed5a438998f9dc3380f5cb642cd56dcb0e0f0995b089d7a621b89857a2fe66ea06c9f515a9803d07ec72b799597144b8b329f315cf,http://plus.kipris.or.kr/openapi/fileToss.jsp?arg=75a63eed5a438998f9dc3380f5cb642cd56dcb0e0f0995b0f63a2eefd11079d0981ed2fff931e701fbc7d790be4e303270d8c12df89d962f,0.8543999791145325,0.7690550088882446,0.8287965059280396,0
308,3020000022160-09-01,3020000015284-09-01,화장품용기,화장품 용기,http://plus.kipris.or.kr/openapi/fileToss.jsp?arg=75a63eed5a438998f9dc3380f5cb642cd56dcb0e0f0995b02e6ec20e9488ca6619e7d183ad07870db0828e5b0b145e74af5cc4991f3507af,http://plus.kipris.or.kr/openapi/fileToss.jsp?arg=75a63eed5a438998f9dc3380f5cb642cd56dcb0e0f0995b07ba686bc001e12b75d136b4df6d33bb5919118e79bdfe43b0d13d883cdcbcccb,0.6247185468673706,0.9643429517745972,0.7266058921813965,0
309,3020000021061-09-01,3020000029918-09-01,포장용 용기,화장품 용기,http://plus.kipris.or.kr/openapi/fileToss.jsp?arg=75a63eed5a438998f9dc3380f5cb642cd56dcb0e0f0995b006449c7f1c85a4a76b1391de425bd9eda841fc0f3812bfa6632a77c1fb5be6e4,http://plus.kipris.or.kr/openapi/fileToss.jsp?arg=75a63eed5a438998f9dc3380f5cb642cd56dcb0e0f0995b011f68ef22f394dd2f0b8046f71cf13a118ade17c41ebb3b7a832899cd3d9a83a,0.6812967658042908,0.8451937437057495,0.7304658889770508,0
310,3020000024555-09-01,3020000013605-09-01,화장품 용기,화장품 용기,http://plus.kipris.or.kr/openapi/fileToss.jsp?arg=75a63eed5a438998f9dc3380f5cb642cd56dcb0e0f0995b005b3db6b458aa73b5f84b5e88bb806fd5a05a0493fbf9dcb9bf133d432cb748c,http://plus.kipris.or.kr/openapi/fileToss.jsp?arg=75a63eed5a438998f9dc3380f5cb642cd56dcb0e0f0995b0bdcfae06342df685b5160b34fe202fbff398f486934ae14f66e6ad80dedaf6d5,0.9510838389396667,0.8960099220275879,0.9345616698265076,0
311,3020000002083-09-01,3020000023871-09-01,남성용 화장품 용기,향수용기,http://plus.kipris.or.kr/openapi/fileToss.jsp?arg=75a63eed5a438998f9dc3380f5cb642cd56dcb0e0f0995b0680d52483fc7b07d3621f255e5f93b21b9855e12cd06cab9df591d50e8bca855,http://plus.kipris.or.kr/openapi/fileToss.jsp?arg=75a63eed5a438998f9dc3380f5cb642cd56dcb0e0f0995b09b1f6789fb9751245383ec1ea175fde304e93e48583e0350e3dc175bc2871588,0.7788436412811279,0.824732780456543,0.7926103472709656,0
312,3020000006096-09-01,3020000021829-09-01,샴푸용기,화장품 용기,http://plus.kipris.or.kr/openapi/fileToss.jsp?arg=75a63eed5a438998f9dc3380f5cb642cd56dcb0e0f0995b0187836737e94fb39b9d0139a39d2cc3968c91619229d47d66ce3613379a945cf,http://plus.kipris.or.kr/openapi/fileToss.jsp?arg=75a63eed5a438998f9dc3380f5cb642cd56dcb0e0f0995b006449c7f1c85a4a7b1e65d46d0f161f0338df3c924e96618b7f1a024dd0c7270,0.7386534214019775,0.6702682971954346,0.7181378602981567,0
313,3020000009604-09-01,3020000027513-09-01,포장용용기,샴푸 용기,http://plus.kipris.or.kr/openapi/fileToss.jsp?arg=75a63eed5a438998f9dc3380f5cb642cd56dcb0e0f0995b073590199e4f1dc16c4994de40142535603458437661fcfdbc47f8ce473ec65c9,http://plus.kipris.or.kr/openapi/fileToss.jsp?arg=75a63eed5a438998f9dc3380f5cb642cd56dcb0e0f0995b01b6467bd697fe99c5b52ca7a735e0f06789d15109049a90dffd933d53b014c25,0.9219478964805603,0.709150493144989,0.858108639717102,0
314,3020000009604-09-01,3020000003502-09-01,포장용용기,포장용 용기,http://plus.kipris.or.kr/openapi/fileToss.jsp?arg=75a63eed5a438998f9dc3380f5cb642cd56dcb0e0f0995b073590199e4f1dc16c4994de40142535603458437661fcfdbc47f8ce473ec65c9,http://plus.kipris.or.kr/openapi/fileToss.jsp?arg=75a63eed5a438998f9dc3380f5cb642cd56dcb0e0f0995b00b66daf06c8a8306785181888731c2c10836289c010b5ff596c3a1e5ba106f30,0.6611906290054321,0.8101671934127808,0.7058836221694946,0
315,3020000024700-09-01,3020000016423-09-01,화장품 용기,화장품 용기,http://plus.kipris.or.kr/openapi/fileToss.jsp?arg=75a63eed5a438998f9dc3380f5cb642cd56dcb0e0f0995b005b3db6b458aa73bbe736c671d94092b71c05c8cc68ecef6e4905162266cab6c,http://plus.kipris.or.kr/openapi/fileToss.jsp?arg=75a63eed5a438998f9dc3380f5cb642cd56dcb0e0f0995b0edd65ac4880d0f0cde88f35c1b19cc9c55a541844b9516d23c5b364a9975a151,0.6572508215904236,0.9035691022872925,0.7311463356018066,0
316,3020000031468-09-01,3020000005939-09-01,화장품 용기,향수용기,http://plus.kipris.or.kr/openapi/fileToss.jsp?arg=75a63eed5a438998f9dc3380f5cb642cd56dcb0e0f0995b089d7a621b89857a2e6fd5d03a616b313ad947e8c7453a16a07cf855e440e0f77,http://plus.kipris.or.kr/openapi/fileToss.jsp?arg=75a63eed5a438998f9dc3380f5cb642cd56dcb0e0f0995b08fe3e6d10b56cc3d1138f71ea34dabcd61d8b10b27079cb4e924ce5cbf5f6480,0.8347213268280029,0.687934398651123,0.79068523645401,0
317,3020000012594-09-01,3020000029206-09-01,포장용 병,음료용캔,http://plus.kipris.or.kr/openapi/fileToss.jsp?arg=75a63eed5a438998f9dc3380f5cb642cd56dcb0e0f0995b08964a6c84ce8cbe1a2734cd20ff462c98c85951218f53d286bdd5719c21039d1,http://plus.kipris.or.kr/openapi/fileToss.jsp?arg=75a63eed5a438998f9dc3380f5cb642cd56dcb0e0f0995b011f68ef22f394dd2b6f51bfd28952d99654a7c38e8148a6329ed978d5a7e6586,0.5775496363639832,0.8468906879425049,0.6583519577980042,0
318,3020000019084-09-01,3020000015433-09-01,화장품 용기,포장용 용기,http://plus.kipris.or.kr/openapi/fileToss.jsp?arg=75a63eed5a438998f9dc3380f5cb642cd56dcb0e0f0995b0f63a2eefd11079d0da75e7bf06c36ac67a89fa829fb35a4ce97917a8170c580a,http://plus.kipris.or.kr/openapi/fileToss.jsp?arg=75a63eed5a438998f9dc3380f5cb642cd56dcb0e0f0995b07ba686bc001e12b74f814a4956a5cebb3b7e77a65b11d9abd7337bc3df426232,0.8153098225593567,0.853442907333374,0.8267497420310974,0
319,3020000033636-09-01,3020000029211-09-01,화장품 용기,포장용 용기,http://plus.kipris.or.kr/openapi/fileToss.jsp?arg=75a63eed5a438998f9dc3380f5cb642cd56dcb0e0f0995b0f32787804da8b7adcbf6ebf8d002420f4cdaa1d493e33f0b613c043fd13db1ff,http://plus.kipris.or.kr/openapi/fileToss.jsp?arg=75a63eed5a438998f9dc3380f5cb642cd56dcb0e0f0995b011f68ef22f394dd2cbe811d661abacb57f7d34fff32a6abf2b18f9c55bbcedcb,0.7967089414596558,0.8035846948623657,0.7987716197967529,0
320,3020000024951-09-01,3020000015285-09-01,크림용기,화장품 용기,http://plus.kipris.or.kr/openapi/fileToss.jsp?arg=75a63eed5a438998f9dc3380f5cb642cd56dcb0e0f0995b005b3db6b458aa73be2c5f00e2cd5aa817bedf7b1a2dee2d268b7eb90426d660c,http://plus.kipris.or.kr/openapi/fileToss.jsp?arg=75a63eed5a438998f9dc3380f5cb642cd56dcb0e0f0995b07ba686bc001e12b75d136b4df6d33bb5ac403f7f7879e011d8643886844bb51b,0.8771571516990662,0.8342116475105286,0.8642734885215759,0
321,3020000004297-09-01,3020000015281-09-01,화장품 용기,화장품 용기,http://plus.kipris.or.kr/openapi/fileToss.jsp?arg=75a63eed5a438998f9dc3380f5cb642cd56dcb0e0f0995b03069a7817908f14f5c65ec4818929027916d00649800f560e4855a4e483d6958,http://plus.kipris.or.kr/openapi/fileToss.jsp?arg=75a63eed5a438998f9dc3380f5cb642cd56dcb0e0f0995b07ba686bc001e12b75d136b4df6d33bb5ee7af5f7920fa4cddec3990ce172e42e,0.8412973880767822,0.9603970050811768,0.8770272731781006,0
322,3020000015340-09-01,3020000013862-09-01,포장용용기,포장용 용기,http://plus.kipris.or.kr/openapi/fileToss.jsp?arg=75a63eed5a438998f9dc3380f5cb642cd56dcb0e0f0995b07ba686bc001e12b775060f5fe4c5113b39bbb333b141abc1e060435aaf613d5a,http://plus.kipris.or.kr/openapi/fileToss.jsp?arg=75a63eed5a438998f9dc3380f5cb642cd56dcb0e0f0995b0bdcfae06342df685f8cbf1fb50c4736d33893aee3cc4dc1785766bbb24426c12,0.8175745010375977,0.997249960899353,0.8714771270751953,0
323,3020000003008-09-01,3020000012836-09-01,포장용 용기,향수병,http://plus.kipris.or.kr/openapi/fileToss.jsp?arg=75a63eed5a438998f9dc3380f5cb642cd56dcb0e0f0995b00b66daf06c8a830629ab74559564aad1045d3af6b0bf2d752e3c382db602f42d,http://plus.kipris.or.kr/openapi/fileToss.jsp?arg=75a63eed5a438998f9dc3380f5cb642cd56dcb0e0f0995b08964a6c84ce8cbe136b914a53e58c31f554ac8bf001a45164e6bfbfb914e0bad,0.7768858671188354,0.7536953091621399,0.7699286937713623,0
324,3020000019758-09-01,3020000004298-09-01,화장품 포장용 병,화장품 용기,http://plus.kipris.or.kr/openapi/fileToss.jsp?arg=75a63eed5a438998f9dc3380f5cb642cd56dcb0e0f0995b0f63a2eefd11079d006f4cd70f75e4ac6265a23764f163feaff0e6cd64f16b8b5,http://plus.kipris.or.kr/openapi/fileToss.jsp?arg=75a63eed5a438998f9dc3380f5cb642cd56dcb0e0f0995b03069a7817908f14f5c65ec481892902746cda1b0085c286e926235c0431ae084,0.765899121761322,0.8998774290084839,0.8060926198959351,0
325,3020000013911-09-01,3020000006642-09-01,라이터용 일회용 가스용기,화장품 용기,http://plus.kipris.or.kr/openapi/fileToss.jsp?arg=75a63eed5a438998f9dc3380f5cb642cd56dcb0e0f0995b0bdcfae06342df685294523d8a9b8e49cdcbe291eb43f5318a6b5428c930741ae,http://plus.kipris.or.kr/openapi/fileToss.jsp?arg=75a63eed5a438998f9dc3380f5cb642cd56dcb0e0f0995b0187836737e94fb39fa1c5684c736430b65da5e0a57dd103228b646893568492d,0.9114280343055725,0.7312943935394287,0.857387900352478,0
326,3020000017003-09-01,3020000015285-09-01,포장용 용기,화장품 용기,http://plus.kipris.or.kr/openapi/fileToss.jsp?arg=75a63eed5a438998f9dc3380f5cb642cd56dcb0e0f0995b0d8ee6709638b6fa151acb057bf4b283fa8e32bcd5b75385d789ff5e889d71fa9,http://plus.kipris.or.kr/openapi/fileToss.jsp?arg=75a63eed5a438998f9dc3380f5cb642cd56dcb0e0f0995b07ba686bc001e12b75d136b4df6d33bb5ac403f7f7879e01129b1f0acc868d7e1,0.8660910129547119,0.8427177667617798,0.8590790033340454,0
327,3020000000780-09-01,3020000015443-09-01,포장용 용기,음료용 캔용기,http://plus.kipris.or.kr/openapi/fileToss.jsp?arg=75a63eed5a438998f9dc3380f5cb642cd56dcb0e0f0995b0cc72ed919b34230081a44be0fe209461ad0421485a2c9385ec9a7b7352c41c95,http://plus.kipris.or.kr/openapi/fileToss.jsp?arg=75a63eed5a438998f9dc3380f5cb642cd56dcb0e0f0995b07ba686bc001e12b77655048972b3dba9926fb1f6a70677cc4dd95a1c4efdc574,0.7621541619300842,0.7540546655654907,0.7597242593765259,0
328,3020000025138-09-01,3020000015292-09-01,화장품용기,화장품 용기,http://plus.kipris.or.kr/openapi/fileToss.jsp?arg=75a63eed5a438998f9dc3380f5cb642cd56dcb0e0f0995b07a28099d0ef98e17a76fe1c93404a74abf48105e70108918b099ac538a4345b4,http://plus.kipris.or.kr/openapi/fileToss.jsp?arg=75a63eed5a438998f9dc3380f5cb642cd56dcb0e0f0995b07ba686bc001e12b76e1758ca08fef1f14f2a37a2d5f23b276cc966a96e2b21a4,0.8357870578765869,0.9080782532691956,0.8574744462966919,0
329,3020000026567-09-01,3020000021438-09-01,화장품 용기,포장용용기,http://plus.kipris.or.kr/openapi/fileToss.jsp?arg=75a63eed5a438998f9dc3380f5cb642cd56dcb0e0f0995b035c516d305aed145c7f1101716b813f88495dcf894aa3703b7c0a50f9b3d94aa,http://plus.kipris.or.kr/openapi/fileToss.jsp?arg=75a63eed5a438998f9dc3380f5cb642cd56dcb0e0f0995b006449c7f1c85a4a77af12798cb61bd12e9ee25a7f9a1aa6f9aeb6cacfd7f6b1e,0.8609411120414734,0.799554169178009,0.8425250053405762,0
330,3020000015506-09-01,3020000011906-09-01,화장품 용기,포장용 용기,http://plus.kipris.or.kr/openapi/fileToss.jsp?arg=75a63eed5a438998f9dc3380f5cb642cd56dcb0e0f0995b07ba686bc001e12b758e859cb1aaaedada4700c39c98bcc9818b23e18e926e777,http://plus.kipris.or.kr/openapi/fileToss.jsp?arg=75a63eed5a438998f9dc3380f5cb642cd56dcb0e0f0995b070abdd713d0b290a0b1bd5557f830a499fe53da63e378f7c645a0a525ebd0ccd,0.6361792087554932,0.7721078395843506,0.6769577860832214,0
331,3020000015200-09-01,3020000013606-09-01,화장품 용기,화장품 용기,http://plus.kipris.or.kr/openapi/fileToss.jsp?arg=75a63eed5a438998f9dc3380f5cb642cd56dcb0e0f0995b07ba686bc001e12b7ebd23e10645d463a3bdf3df38bb1a275480f0f56c5760a7d,http://plus.kipris.or.kr/openapi/fileToss.jsp?arg=75a63eed5a438998f9dc3380f5cb642cd56dcb0e0f0995b0bdcfae06342df685b5160b34fe202fbfabfe2536a403a69d77575689ec9f1064,0.7689818143844604,0.9410650730133057,0.8206068277359009,0
332,3020000002025-09-01,3020000027388-09-01,포장용용기,포장용 용기,http://plus.kipris.or.kr/openapi/fileToss.jsp?arg=75a63eed5a438998f9dc3380f5cb642cd56dcb0e0f0995b0680d52483fc7b07dce8cf928834fb57d961f437f2814cf5f0dc62e1dadbe0a74,http://plus.kipris.or.kr/openapi/fileToss.jsp?arg=75a63eed5a438998f9dc3380f5cb642cd56dcb0e0f0995b01b6467bd697fe99cc883ae80263b6d6f03450d55259062fb11e308183172503b,0.7456660866737366,0.9367760419845581,0.8029991388320923,0
333,3020000013864-09-01,3020000007891-09-01,포장용 용기,화장품 용기,http://plus.kipris.or.kr/openapi/fileToss.jsp?arg=75a63eed5a438998f9dc3380f5cb642cd56dcb0e0f0995b0bdcfae06342df685f8cbf1fb50c4736d5266c6728b66f107248173a767910d48,http://plus.kipris.or.kr/openapi/fileToss.jsp?arg=75a63eed5a438998f9dc3380f5cb642cd56dcb0e0f0995b0fdcd45318d7ff23c4c2fcfc79fa0afb05ff3ddcf0d33ac90a6e060561526cbf5,0.6448824405670166,0.8570130467414856,0.7085216045379639,0
334,3020000028282-09-01,3020000017500-09-01,포장용 용기,포장용 용기,http://plus.kipris.or.kr/openapi/fileToss.jsp?arg=75a63eed5a438998f9dc3380f5cb642cd56dcb0e0f0995b0227542a1f24a7361c5f2b82111502f219a26afd797e95518882a75897c7585fe,http://plus.kipris.or.kr/openapi/fileToss.jsp?arg=75a63eed5a438998f9dc3380f5cb642cd56dcb0e0f0995b0d8ee6709638b6fa11020c731eccb4d075f80d2fe240a7cb0b1db37d3cb46ddbd,0.8656201362609863,0.895091712474823,0.8744616508483887,0
335,3020000012835-09-01,3020000004487-09-01,향수병,화장품 용기,http://plus.kipris.or.kr/openapi/fileToss.jsp?arg=75a63eed5a438998f9dc3380f5cb642cd56dcb0e0f0995b08964a6c84ce8cbe136b914a53e58c31f5a71b47ce7755bd57ba8fb98a8413d52,http://plus.kipris.or.kr/openapi/fileToss.jsp?arg=75a63eed5a438998f9dc3380f5cb642cd56dcb0e0f0995b03069a7817908f14f55bc66521fca1f114f22f288a18e06617b825e2eddef4897,0.9297748804092407,0.7452722787857056,0.8744240999221802,0
336,3020000001359-09-01,3020000021061-09-01,포장용병,포장용 용기,http://plus.kipris.or.kr/openapi/fileToss.jsp?arg=75a63eed5a438998f9dc3380f5cb642cd56dcb0e0f0995b0b700f0235c7824b0bee8638aea77cc447498725a26726401c0803bc3e80cc801,http://plus.kipris.or.kr/openapi/fileToss.jsp?arg=75a63eed5a438998f9dc3380f5cb642cd56dcb0e0f0995b006449c7f1c85a4a76b1391de425bd9eda841fc0f3812bfa6c75f7b7c6e54ad63,0.8524878025054932,0.8700704574584961,0.8577625751495361,0
337,3020000001139-09-01,3020000033313-09-01,화장품 용기,포장용 용기,http://plus.kipris.or.kr/openapi/fileToss.jsp?arg=75a63eed5a438998f9dc3380f5cb642cd56dcb0e0f0995b0b700f0235c7824b0b9d15885ea58921e64b88d6b7f5b42488e84b54689bce532,http://plus.kipris.or.kr/openapi/fileToss.jsp?arg=75a63eed5a438998f9dc3380f5cb642cd56dcb0e0f0995b0f32787804da8b7ad8e33740856216fb3c0172fd44f657127dd72c8527bdec6e5,0.7511219382286072,0.8023078441619873,0.7664777040481567,0
338,3020000028626-09-01,3020000017499-09-01,포장용 병,포장용 용기,http://plus.kipris.or.kr/openapi/fileToss.jsp?arg=75a63eed5a438998f9dc3380f5cb642cd56dcb0e0f0995b0227542a1f24a7361a615bd7b9a4da4d25314d588717f4a34c78e95f3bcb8cd84,http://plus.kipris.or.kr/openapi/fileToss.jsp?arg=75a63eed5a438998f9dc3380f5cb642cd56dcb0e0f0995b0d8ee6709638b6fa1ae2fc3835c730b0f7499aab326990e3e48e672ead81baf0f,0.9604714512825012,0.8491040468215942,0.9270612597465515,0
339,3020000020333-09-01,3020000015341-09-01,로션 용기,포장용용기,http://plus.kipris.or.kr/openapi/fileToss.jsp?arg=75a63eed5a438998f9dc3380f5cb642cd56dcb0e0f0995b0bea0399dd2b7a3e511aac18d04956000c14c0f8247425f64695fc0b13bb2beb7,http://plus.kipris.or.kr/openapi/fileToss.jsp?arg=75a63eed5a438998f9dc3380f5cb642cd56dcb0e0f0995b07ba686bc001e12b775060f5fe4c5113b2881bebb645c6d6d21b2b67bca492c45,0.7980391979217529,0.7511869072914124,0.7839835286140442,0
340,3020000006745-09-01,3020000022730-09-01,화장품 용기,화장품 용기,http://plus.kipris.or.kr/openapi/fileToss.jsp?arg=75a63eed5a438998f9dc3380f5cb642cd56dcb0e0f0995b0187836737e94fb396332e3fa732ce845f8c27c7491e8a6754b3db67e483244c0,http://plus.kipris.or.kr/openapi/fileToss.jsp?arg=75a63eed5a438998f9dc3380f5cb642cd56dcb0e0f0995b02e6ec20e9488ca665d75c594757a4c0f008d486e96cdc70fc4de7d574195f291,0.8541479110717773,0.8750896453857422,0.8604304790496826,0
341,3020000001944-09-01,3020000015364-09-01,포장용 용기,음료 용기,http://plus.kipris.or.kr/openapi/fileToss.jsp?arg=75a63eed5a438998f9dc3380f5cb642cd56dcb0e0f0995b0b700f0235c7824b0b43f28481065a752e5d089eb08c523499a47963877496aff,http://plus.kipris.or.kr/openapi/fileToss.jsp?arg=75a63eed5a438998f9dc3380f5cb642cd56dcb0e0f0995b07ba686bc001e12b7d8b815ff2deb7faa2bd5930109a021222910515023b1159d,0.7227188348770142,0.7987232804298401,0.7455201745033264,0
342,3020000029919-09-01,3020000004095-09-01,화장품 용기,화장품용기,http://plus.kipris.or.kr/openapi/fileToss.jsp?arg=75a63eed5a438998f9dc3380f5cb642cd56dcb0e0f0995b011f68ef22f394dd2f0b8046f71cf13a1b9d33cb8e902058884923eb40ee2ed49,http://plus.kipris.or.kr/openapi/fileToss.jsp?arg=75a63eed5a438998f9dc3380f5cb642cd56dcb0e0f0995b03069a7817908f14f4572c71c40a02c1b29a3e9914aba67c6deec7cbf44e8e492,0.7072017192840576,0.9083170890808105,0.7675363421440125,0
343,3020000006173-09-01,3020000021678-09-01,음료수 용기,포장용 용기,http://plus.kipris.or.kr/openapi/fileToss.jsp?arg=75a63eed5a438998f9dc3380f5cb642cd56dcb0e0f0995b0187836737e94fb39845672cd5824903a402d9dab6f5279e6fc75dc79a93f83c4,http://plus.kipris.or.kr/openapi/fileToss.jsp?arg=75a63eed5a438998f9dc3380f5cb642cd56dcb0e0f0995b006449c7f1c85a4a76082ed448bf618402e55be8115692589af433e55f201115d,0.7621181011199951,0.7650343179702759,0.7629929780960083,0
344,3020000025935-09-01,3020000032390-09-01,플라스틱병,화장품 용기,http://plus.kipris.or.kr/openapi/fileToss.jsp?arg=75a63eed5a438998f9dc3380f5cb642cd56dcb0e0f0995b07a28099d0ef98e17823896417f37d3fc4aef395a76d30843424f06f39a0cfd54,http://plus.kipris.or.kr/openapi/fileToss.jsp?arg=75a63eed5a438998f9dc3380f5cb642cd56dcb0e0f0995b056fef538e42de114992500162809c30904332274da7c8757ea7f2d6472a6884f,0.7630203366279602,0.7663584351539612,0.7640217542648315,0
345,3020000011144-09-01,3020000024443-09-01,향수병,화장품 용기,http://plus.kipris.or.kr/openapi/fileToss.jsp?arg=75a63eed5a438998f9dc3380f5cb642cd56dcb0e0f0995b070abdd713d0b290a495f14ebd7c505e21cae541b5885dd24a9693289917142da,http://plus.kipris.or.kr/openapi/fileToss.jsp?arg=75a63eed5a438998f9dc3380f5cb642cd56dcb0e0f0995b005b3db6b458aa73b827884159da4efa3241ff3f1a86abd35bc06241f19400530,0.8761416077613831,0.8440992832183838,0.8665289282798767,0
346,3020000023861-09-01,3020000017003-09-01,화장품 용기,포장용 용기,http://plus.kipris.or.kr/openapi/fileToss.jsp?arg=75a63eed5a438998f9dc3380f5cb642cd56dcb0e0f0995b09b1f6789fb9751249d50c7f3b7f0515a7da19ff2e6aa31141186f9113b74d961,http://plus.kipris.or.kr/openapi/fileToss.jsp?arg=75a63eed5a438998f9dc3380f5cb642cd56dcb0e0f0995b0d8ee6709638b6fa151acb057bf4b283fa8e32bcd5b75385d335c9609a43cd4be,0.7276785373687744,0.8395631313323975,0.7612439393997192,0
347,3020000029148-09-01,3020000021180-09-01,술병,포장용 용기,http://plus.kipris.or.kr/openapi/fileToss.jsp?arg=75a63eed5a438998f9dc3380f5cb642cd56dcb0e0f0995b011f68ef22f394dd2b1e8fa62f7dbf6eb93ae353ab0d4ab6744577dfe107c0747,http://plus.kipris.or.kr/openapi/fileToss.jsp?arg=75a63eed5a438998f9dc3380f5cb642cd56dcb0e0f0995b006449c7f1c85a4a78954e4e205fc4f348a4e84b6df120aa83cbe924f6b96f975,0.780936598777771,0.7138313055038452,0.7608050107955933,0
348,3020000006727-09-01,3020000005379-09-01,세제용 포장용기,포장용 술병,http://plus.kipris.or.kr/openapi/fileToss.jsp?arg=75a63eed5a438998f9dc3380f5cb642cd56dcb0e0f0995b0187836737e94fb3936dc5400ed0040d0d21887e1a0ec868014a5c4c418404460,http://plus.kipris.or.kr/openapi/fileToss.jsp?arg=75a63eed5a438998f9dc3380f5cb642cd56dcb0e0f0995b08fe3e6d10b56cc3d7130e33ba6c2605b9e77521b40d6dd65f32ed1be600d3930,0.8619446158409119,0.8831005096435547,0.8682913780212402,0
349,3020000013911-09-01,3020000012835-09-01,라이터용 일회용 가스용기,향수병,http://plus.kipris.or.kr/openapi/fileToss.jsp?arg=75a63eed5a438998f9dc3380f5cb642cd56dcb0e0f0995b0bdcfae06342df685294523d8a9b8e49cdcbe291eb43f5318aebbea0f84e131a0,http://plus.kipris.or.kr/openapi/fileToss.jsp?arg=75a63eed5a438998f9dc3380f5cb642cd56dcb0e0f0995b08964a6c84ce8cbe136b914a53e58c31f5a71b47ce7755bd5600f440840135708,0.7703109979629517,0.6858519315719604,0.7449733018875122,0
350,3020000022336-09-01,3020000032582-09-01,포장용 용기,화장품 용기,http://plus.kipris.or.kr/openapi/fileToss.jsp?arg=75a63eed5a438998f9dc3380f5cb642cd56dcb0e0f0995b02e6ec20e9488ca6656c086b0f1da3515796931e901e901fde65b3ba0f395f31a,http://plus.kipris.or.kr/openapi/fileToss.jsp?arg=75a63eed5a438998f9dc3380f5cb642cd56dcb0e0f0995b056fef538e42de114c938f9d32b974d9772fb62244519d1b817ea3e3dfee386a9,0.7732823491096497,0.6937152147293091,0.7494121789932251,0
351,3020000012111-09-01,3020000017908-09-01,드링크 병,화장품 용기,http://plus.kipris.or.kr/openapi/fileToss.jsp?arg=75a63eed5a438998f9dc3380f5cb642cd56dcb0e0f0995b08964a6c84ce8cbe1c4d769ac6125c6604cb8fb2387c071ba5eea49f677101189,http://plus.kipris.or.kr/openapi/fileToss.jsp?arg=75a63eed5a438998f9dc3380f5cb642cd56dcb0e0f0995b0d8ee6709638b6fa1182d19b659de8ba0b15a67581927d86f9cacf1185055bfa6,0.7856626510620117,0.6503758430480957,0.745076596736908,0
352,3020000002742-09-01,3020000029615-09-01,포장용 깡통,스프레이어(SPRAYER),http://plus.kipris.or.kr/openapi/fileToss.jsp?arg=75a63eed5a438998f9dc3380f5cb642cd56dcb0e0f0995b0680d52483fc7b07d43e6cf9e73fd83bfdb42ecec732ea78441c0c366b8b4167b,http://plus.kipris.or.kr/openapi/fileToss.jsp?arg=75a63eed5a438998f9dc3380f5cb642cd56dcb0e0f0995b011f68ef22f394dd21b3c346cdf3ea013a2bcb65128e40205c7f8482d8809f3de,0.634407639503479,0.7436622381210327,0.6671839952468872,0
353,3020000017003-09-01,3020000015283-09-01,포장용 용기,화장품 용기,http://plus.kipris.or.kr/openapi/fileToss.jsp?arg=75a63eed5a438998f9dc3380f5cb642cd56dcb0e0f0995b0d8ee6709638b6fa151acb057bf4b283fa8e32bcd5b75385d8bdde0b55a9326b3,http://plus.kipris.or.kr/openapi/fileToss.jsp?arg=75a63eed5a438998f9dc3380f5cb642cd56dcb0e0f0995b07ba686bc001e12b75d136b4df6d33bb5e8005246d5d2fdb99c185d234961bb1c,0.7858244776725769,0.8427177667617798,0.8028924465179443,0
354,3020000029020-09-01,3020000018872-09-01,화장품 용기,화장품 용기,http://plus.kipris.or.kr/openapi/fileToss.jsp?arg=75a63eed5a438998f9dc3380f5cb642cd56dcb0e0f0995b011f68ef22f394dd23d3e52e393d986e319bf88371b57d9b8722a0cea94b1349b,http://plus.kipris.or.kr/openapi/fileToss.jsp?arg=75a63eed5a438998f9dc3380f5cb642cd56dcb0e0f0995b0deac54f8925f4c7d01c27b3b9348c7972ae570bc5f1beadce48f7f1283a1d3d5,0.8564257621765137,0.9928717613220215,0.8973596096038818,0
355,3020000015613-09-01,3020000006438-09-01,화장품 용기,화장품용기,http://plus.kipris.or.kr/openapi/fileToss.jsp?arg=75a63eed5a438998f9dc3380f5cb642cd56dcb0e0f0995b07ba686bc001e12b776336c19178a59c1d50e5b6f173eb6c4eea05a24c40a3a45,http://plus.kipris.or.kr/openapi/fileToss.jsp?arg=75a63eed5a438998f9dc3380f5cb642cd56dcb0e0f0995b0187836737e94fb39d6735824be9a53a7e1edc7ee54fa0b09a86bf2ceecdd3952,0.8398489952087402,0.9484239816665649,0.8724215030670166,0
356,3020000015673-09-01,3020000006642-09-01,드링크 병,화장품 용기,http://plus.kipris.or.kr/openapi/fileToss.jsp?arg=75a63eed5a438998f9dc3380f5cb642cd56dcb0e0f0995b07ba686bc001e12b796bf2c17c8027db4f3c520ca9733a7ac30ef6dc74b2bb0cd,http://plus.kipris.or.kr/openapi/fileToss.jsp?arg=75a63eed5a438998f9dc3380f5cb642cd56dcb0e0f0995b0187836737e94fb39fa1c5684c736430b65da5e0a57dd103281447ecd4e7e0547,0.7846500873565674,0.6771465539932251,0.7523990273475647,0
357,3020000005379-09-01,3020000009397-09-01,포장용 술병,화장품 용기,http://plus.kipris.or.kr/openapi/fileToss.jsp?arg=75a63eed5a438998f9dc3380f5cb642cd56dcb0e0f0995b08fe3e6d10b56cc3d7130e33ba6c2605b9e77521b40d6dd651e9ac61bc84b66e7,http://plus.kipris.or.kr/openapi/fileToss.jsp?arg=75a63eed5a438998f9dc3380f5cb642cd56dcb0e0f0995b073590199e4f1dc1639c043446a843f341fc2934575b2216781dbb3fde7b89132,0.9287750720977783,0.7972524762153625,0.8893182873725891,0
358,3020000018351-09-01,3020000013863-09-01,화장품 용기,포장용 용기,http://plus.kipris.or.kr/openapi/fileToss.jsp?arg=75a63eed5a438998f9dc3380f5cb642cd56dcb0e0f0995b0deac54f8925f4c7d59f6c908e7f385a3ccff19416943de8dbf42f302032b3968,http://plus.kipris.or.kr/openapi/fileToss.jsp?arg=75a63eed5a438998f9dc3380f5cb642cd56dcb0e0f0995b0bdcfae06342df685f8cbf1fb50c4736d6ca4029587136d10c24c978c4cc132fe,0.7490710020065308,0.8389483094215393,0.7760342359542847,0
359,3020000027734-09-01,3020000029206-09-01,포장용 용기,음료용캔,http://plus.kipris.or.kr/openapi/fileToss.jsp?arg=75a63eed5a438998f9dc3380f5cb642cd56dcb0e0f0995b01b6467bd697fe99c304237b1c4ccf2648bc1a773011b168e853ce827d16eb783,http://plus.kipris.or.kr/openapi/fileToss.jsp?arg=75a63eed5a438998f9dc3380f5cb642cd56dcb0e0f0995b011f68ef22f394dd2b6f51bfd28952d99654a7c38e8148a631fb00f70174a3fa8,0.857434868812561,0.7752794027328491,0.8327882289886475,0
360,3020000022439-09-01,3020000020333-09-01,포장용 용기,로션 용기,http://plus.kipris.or.kr/openapi/fileToss.jsp?arg=75a63eed5a438998f9dc3380f5cb642cd56dcb0e0f0995b02e6ec20e9488ca6663752f4fd76355c595af55981a9c28ef9f55e680eb8ecb5d,http://plus.kipris.or.kr/openapi/fileToss.jsp?arg=75a63eed5a438998f9dc3380f5cb642cd56dcb0e0f0995b0bea0399dd2b7a3e511aac18d049560003206072cfed4e8c9dbd4bb1a4c927c1e,0.7483364939689636,0.7613868117332458,0.7522516250610352,0
361,3020000022024-09-01,3020000015978-09-01,포장용 병,포장용 용기,http://plus.kipris.or.kr/openapi/fileToss.jsp?arg=75a63eed5a438998f9dc3380f5cb642cd56dcb0e0f0995b02e6ec20e9488ca66d73e29b516cdfdccf54611c38e60fb24919f24604c65165c,http://plus.kipris.or.kr/openapi/fileToss.jsp?arg=75a63eed5a438998f9dc3380f5cb642cd56dcb0e0f0995b07ba686bc001e12b71e3601a67abc767856e0f883d6d4243b8beb22ba9aa5d957,0.6485921740531921,0.8362483978271484,0.7048890590667725,0
362,3020000000638-09-01,3020000011702-09-01,화장품용기,포장용 용기,http://plus.kipris.or.kr/openapi/fileToss.jsp?arg=75a63eed5a438998f9dc3380f5cb642cd56dcb0e0f0995b0cc72ed919b34230099f327e961a5ac512f1a2de92956eab0faa8b5520f90423b,http://plus.kipris.or.kr/openapi/fileToss.jsp?arg=75a63eed5a438998f9dc3380f5cb642cd56dcb0e0f0995b070abdd713d0b290ac325e975e3fdd65a337014d876206ef65b1b6ed982bc7745,0.7540042996406555,0.8463901281356812,0.7817200422286987,0
363,3020000007018-09-01,3020000001139-09-01,화장품 용기,화장품 용기,http://plus.kipris.or.kr/openapi/fileToss.jsp?arg=75a63eed5a438998f9dc3380f5cb642cd56dcb0e0f0995b0fdcd45318d7ff23c36f1af0f6d6ef80329232ca9d0c35738d18e14f450e82310,http://plus.kipris.or.kr/openapi/fileToss.jsp?arg=75a63eed5a438998f9dc3380f5cb642cd56dcb0e0f0995b0b700f0235c7824b0b9d15885ea58921e64b88d6b7f5b424819807f28e1eb2cee,0.8850144147872925,0.9660992622375488,0.9093398451805115,0
364,3020000031692-09-01,3020000031842-09-01,포장용 용기,포장용 병,http://plus.kipris.or.kr/openapi/fileToss.jsp?arg=75a63eed5a438998f9dc3380f5cb642cd56dcb0e0f0995b089d7a621b89857a2fe66ea06c9f515a9b20945a4ed5906a41975ebf3877648ce,http://plus.kipris.or.kr/openapi/fileToss.jsp?arg=75a63eed5a438998f9dc3380f5cb642cd56dcb0e0f0995b089d7a621b89857a23924c6b693bd0ccfdcc7562a1bfe4ba0e9338ce0f2af6beb,0.7730735540390015,0.7729355096817017,0.7730321288108826,0
365,3020000027388-09-01,3020000013864-09-01,포장용 용기,포장용 용기,http://plus.kipris.or.kr/openapi/fileToss.jsp?arg=75a63eed5a438998f9dc3380f5cb642cd56dcb0e0f0995b01b6467bd697fe99cc883ae80263b6d6f03450d55259062fbc40b97af1e1c65dd,http://plus.kipris.or.kr/openapi/fileToss.jsp?arg=75a63eed5a438998f9dc3380f5cb642cd56dcb0e0f0995b0bdcfae06342df685f8cbf1fb50c4736d5266c6728b66f10744b72b7867766520,0.7277601957321167,0.9951935410499573,0.8079901933670044,0
366,3020000027377-09-01,3020000014580-09-01,향 수 병,화장품 용기,http://plus.kipris.or.kr/openapi/fileToss.jsp?arg=75a63eed5a438998f9dc3380f5cb642cd56dcb0e0f0995b01b6467bd697fe99c825062ac0a4e0cbbf37c817a70113aa4ccaa07ee2b4f3f3e,http://plus.kipris.or.kr/openapi/fileToss.jsp?arg=75a63eed5a438998f9dc3380f5cb642cd56dcb0e0f0995b0606f4df1f99f408131dbbf949e2f4252997a391f76667cd850d0c363bd1021a6,0.6733095049858093,0.758862316608429,0.6989753246307373,0
367,3020000004298-09-01,3020000016129-09-01,화장품 용기,음료용 병,http://plus.kipris.or.kr/openapi/fileToss.jsp?arg=75a63eed5a438998f9dc3380f5cb642cd56dcb0e0f0995b03069a7817908f14f5c65ec481892902746cda1b0085c286e926235c0431ae084,http://plus.kipris.or.kr/openapi/fileToss.jsp?arg=75a63eed5a438998f9dc3380f5cb642cd56dcb0e0f0995b0edd65ac4880d0f0c25087b935b4ee47a7a96c2768917e36893192bb5fa009d41,0.7479643821716309,0.7901023626327515,0.7606058120727539,0
368,3020000015341-09-01,3020000025308-09-01,포장용용기,화장품 용기,http://plus.kipris.or.kr/openapi/fileToss.jsp?arg=75a63eed5a438998f9dc3380f5cb642cd56dcb0e0f0995b07ba686bc001e12b775060f5fe4c5113b2881bebb645c6d6d42e56ad81a8b09b1,http://plus.kipris.or.kr/openapi/fileToss.jsp?arg=75a63eed5a438998f9dc3380f5cb642cd56dcb0e0f0995b07a28099d0ef98e17dfa7a1520a78d28f9f36fbc688be63acd79d8ab6a26992c0,0.8648840188980103,0.8254971504211426,0.853067934513092,0
369,3020000023257-09-01,3020000029552-09-01,식품용용기,화장품 포장용 병,http://plus.kipris.or.kr/openapi/fileToss.jsp?arg=75a63eed5a438998f9dc3380f5cb642cd56dcb0e0f0995b09b1f6789fb975124ddde99bf437cdce8b254f968dabd728de49de1f5b2bf5bdf,http://plus.kipris.or.kr/openapi/fileToss.jsp?arg=75a63eed5a438998f9dc3380f5cb642cd56dcb0e0f0995b011f68ef22f394dd2daa4eb0629d5f2280ebb26f3fccf2a91b728bd2a7579f0f5,0.7924088835716248,0.7994540929794312,0.7945224046707153,0
370,3020000024237-09-01,3020000015364-09-01,화장품 용기,음료 용기,http://plus.kipris.or.kr/openapi/fileToss.jsp?arg=75a63eed5a438998f9dc3380f5cb642cd56dcb0e0f0995b005b3db6b458aa73bfe66f6f53797fb536dc6f239657d4539e657e3550118e886,http://plus.kipris.or.kr/openapi/fileToss.jsp?arg=75a63eed5a438998f9dc3380f5cb642cd56dcb0e0f0995b07ba686bc001e12b7d8b815ff2deb7faa2bd5930109a021223f1b15f03ea4c9b6,0.6607067584991455,0.6464295387268066,0.6564235687255859,0
371,3020000012836-09-01,3020000003007-09-01,향수병,포장용 용기,http://plus.kipris.or.kr/openapi/fileToss.jsp?arg=75a63eed5a438998f9dc3380f5cb642cd56dcb0e0f0995b08964a6c84ce8cbe136b914a53e58c31f554ac8bf001a45162f059478d39a23a3,http://plus.kipris.or.kr/openapi/fileToss.jsp?arg=75a63eed5a438998f9dc3380f5cb642cd56dcb0e0f0995b00b66daf06c8a830629ab74559564aad12fba1de06c5133375bccc5fcb71b42ea,0.8178316354751587,0.7536953091621399,0.7985907196998596,0
372,3020000024538-09-01,3020000031163-09-01,세제용기,화장품용기,http://plus.kipris.or.kr/openapi/fileToss.jsp?arg=75a63eed5a438998f9dc3380f5cb642cd56dcb0e0f0995b005b3db6b458aa73bad765829c40530d0cdae46fabefe56404f60b422aa627258,http://plus.kipris.or.kr/openapi/fileToss.jsp?arg=75a63eed5a438998f9dc3380f5cb642cd56dcb0e0f0995b089d7a621b89857a2bda1ae1f5599e317dbdb5c17e3d29fda5404084d096454dd,0.7691643238067627,0.7963972091674805,0.7773342132568359,0
373,3020000007584-09-01,3020000011989-09-01,화장품 용기,드링크 병,http://plus.kipris.or.kr/openapi/fileToss.jsp?arg=75a63eed5a438998f9dc3380f5cb642cd56dcb0e0f0995b0fdcd45318d7ff23cbe8f9d6b58b35c17b9be175719b4f014e3760c7329773425,http://plus.kipris.or.kr/openapi/fileToss.jsp?arg=75a63eed5a438998f9dc3380f5cb642cd56dcb0e0f0995b070abdd713d0b290a22025622b2f6a4c0026452b7351c2cfebc540b9598707560,0.7919518947601318,0.701662540435791,0.7648650407791138,0
374,3020000027513-09-01,3020000024463-09-01,샴푸 용기,포장용 용기,http://plus.kipris.or.kr/openapi/fileToss.jsp?arg=75a63eed5a438998f9dc3380f5cb642cd56dcb0e0f0995b01b6467bd697fe99c5b52ca7a735e0f06789d15109049a90dffd933d53b014c25,http://plus.kipris.or.kr/openapi/fileToss.jsp?arg=75a63eed5a438998f9dc3380f5cb642cd56dcb0e0f0995b005b3db6b458aa73be969790f4b87eaa5b26fec36e24da5f73144ac8920bfa1ad,0.8928173780441284,0.7784886360168457,0.8585187792778015,0
375,3020000019480-09-01,3020000024555-09-01,포장용 용기,화장품 용기,http://plus.kipris.or.kr/openapi/fileToss.jsp?arg=75a63eed5a438998f9dc3380f5cb642cd56dcb0e0f0995b0f63a2eefd11079d0ccfa5665d6ade32219a211d025177d9bac9c89e626eabbc1,http://plus.kipris.or.kr/openapi/fileToss.jsp?arg=75a63eed5a438998f9dc3380f5cb642cd56dcb0e0f0995b005b3db6b458aa73b5f84b5e88bb806fd5a05a0493fbf9dcb5ced93990629924b,0.7534616589546204,0.8996241688728333,0.7973104119300842,0
376,3020000028631-09-01,3020000029519-09-01,술병,화장품용기,http://plus.kipris.or.kr/openapi/fileToss.jsp?arg=75a63eed5a438998f9dc3380f5cb642cd56dcb0e0f0995b0227542a1f24a7361586c928bcd47470382d4c3ca34587626c409f01e94d781d7,http://plus.kipris.or.kr/openapi/fileToss.jsp?arg=75a63eed5a438998f9dc3380f5cb642cd56dcb0e0f0995b011f68ef22f394dd24829751c8f656ff96ba2fd9af1dcc1339deb6733a7ba169a,0.7925667762756348,0.7895779609680176,0.7916701436042786,0
377,3020000033181-09-01,3020000004362-09-01,세제용기,식음료용 병,http://plus.kipris.or.kr/openapi/fileToss.jsp?arg=75a63eed5a438998f9dc3380f5cb642cd56dcb0e0f0995b0f32787804da8b7ad453014fa1c02db95759e6c4eee9011bc192ee2f3a83e07f4,http://plus.kipris.or.kr/openapi/fileToss.jsp?arg=75a63eed5a438998f9dc3380f5cb642cd56dcb0e0f0995b03069a7817908f14f862ab5db3dff0eb92fd7fdd29ff88e10d03decd0b7e703f2,0.8829964399337769,0.7253214120864868,0.835693895816803,0
378,3020000005379-09-01,3020000007443-09-01,포장용 술병,샴푸용기,http://plus.kipris.or.kr/openapi/fileToss.jsp?arg=75a63eed5a438998f9dc3380f5cb642cd56dcb0e0f0995b08fe3e6d10b56cc3d7130e33ba6c2605b9e77521b40d6dd65c5a5ee6338c45597,http://plus.kipris.or.kr/openapi/fileToss.jsp?arg=75a63eed5a438998f9dc3380f5cb642cd56dcb0e0f0995b0fdcd45318d7ff23c308bbaa2658dde0932dde688c5cdc6dcc686173437eb1f5b,0.9152414202690125,0.7342852354049683,0.8609545826911926,0
379,3020000029327-09-01,3020000031695-09-01,화장품 용기,화장품 용기,http://plus.kipris.or.kr/openapi/fileToss.jsp?arg=75a63eed5a438998f9dc3380f5cb642cd56dcb0e0f0995b011f68ef22f394dd2cbb6ac3c424ae6349bbb0d951f43b1ab46d97663e42a7a0f,http://plus.kipris.or.kr/openapi/fileToss.jsp?arg=75a63eed5a438998f9dc3380f5cb642cd56dcb0e0f0995b089d7a621b89857a2fe66ea06c9f515a9617e0f7f5f4b7a6f55cd987f0aa11a18,0.9013252258300781,0.8473173379898071,0.8851228356361389,0
380,3020000000843-09-01,3020000012594-09-01,포장용 병,포장용 병,http://plus.kipris.or.kr/openapi/fileToss.jsp?arg=75a63eed5a438998f9dc3380f5cb642cd56dcb0e0f0995b0cc72ed919b342300e99b2acfcc6c677bc38cfbb896b57e9048dd5a26b1c17cec,http://plus.kipris.or.kr/openapi/fileToss.jsp?arg=75a63eed5a438998f9dc3380f5cb642cd56dcb0e0f0995b08964a6c84ce8cbe1a2734cd20ff462c98c85951218f53d28fe49ddb5ebd0a2ef,0.7379916906356812,0.9450910091400146,0.8001214861869812,0
381,3020000011558-09-01,3020000000039-09-01,술병,포장용 병,http://plus.kipris.or.kr/openapi/fileToss.jsp?arg=75a63eed5a438998f9dc3380f5cb642cd56dcb0e0f0995b070abdd713d0b290a44af382d81afbb12e7c9bd040680775c6f44b1e604869bd2,http://plus.kipris.or.kr/openapi/fileToss.jsp?arg=75a63eed5a438998f9dc3380f5cb642cd56dcb0e0f0995b0cc72ed919b342300e663df0ee35bc8c6f313984ff39eaf8eb95017e992eca45e,0.5665863752365112,0.7500661015510559,0.6216303110122681,0
382,3020000019480-09-01,3020000024237-09-01,포장용 용기,화장품 용기,http://plus.kipris.or.kr/openapi/fileToss.jsp?arg=75a63eed5a438998f9dc3380f5cb642cd56dcb0e0f0995b0f63a2eefd11079d0ccfa5665d6ade32219a211d025177d9b93c71f33c690eca7,http://plus.kipris.or.kr/openapi/fileToss.jsp?arg=75a63eed5a438998f9dc3380f5cb642cd56dcb0e0f0995b005b3db6b458aa73bfe66f6f53797fb536dc6f239657d45390a17f28bf3d1d797,0.6883461475372314,0.8365158438682556,0.7327970862388611,0
383,3020000031468-09-01,3020000031169-09-01,화장품 용기,화장품용기,http://plus.kipris.or.kr/openapi/fileToss.jsp?arg=75a63eed5a438998f9dc3380f5cb642cd56dcb0e0f0995b089d7a621b89857a2e6fd5d03a616b313ad947e8c7453a16a64d8982143cb637e,http://plus.kipris.or.kr/openapi/fileToss.jsp?arg=75a63eed5a438998f9dc3380f5cb642cd56dcb0e0f0995b089d7a621b89857a2bda1ae1f5599e317818da205f7f25c65e5fa299ad206b995,0.8183215260505676,0.9377384185791016,0.8541465997695923,0
384,3020000004298-09-01,3020000031167-09-01,화장품 용기,화장품용기,http://plus.kipris.or.kr/openapi/fileToss.jsp?arg=75a63eed5a438998f9dc3380f5cb642cd56dcb0e0f0995b03069a7817908f14f5c65ec481892902746cda1b0085c286e8cd0c27461d77bc9,http://plus.kipris.or.kr/openapi/fileToss.jsp?arg=75a63eed5a438998f9dc3380f5cb642cd56dcb0e0f0995b089d7a621b89857a2bda1ae1f5599e317c61e99a88bb6420acfe4285d9e7c1474,0.8163124918937683,0.9406498670578003,0.8536137342453003,0
385,3020000024534-09-01,3020000004095-09-01,화장품 용기,화장품용기,http://plus.kipris.or.kr/openapi/fileToss.jsp?arg=75a63eed5a438998f9dc3380f5cb642cd56dcb0e0f0995b005b3db6b458aa73bad765829c40530d0971c65a9ec7bb8546091ac9966bf9529,http://plus.kipris.or.kr/openapi/fileToss.jsp?arg=75a63eed5a438998f9dc3380f5cb642cd56dcb0e0f0995b03069a7817908f14f4572c71c40a02c1b29a3e9914aba67c6ec6359c935c0d373,0.7746098637580872,0.894451379776001,0.8105623722076416,0
386,3020000014871-09-01,3020000024463-09-01,라이터용 화구,포장용 용기,http://plus.kipris.or.kr/openapi/fileToss.jsp?arg=75a63eed5a438998f9dc3380f5cb642cd56dcb0e0f0995b0606f4df1f99f408190d3ac87de98d42638b2912400d65d987a386af5ede7d570,http://plus.kipris.or.kr/openapi/fileToss.jsp?arg=75a63eed5a438998f9dc3380f5cb642cd56dcb0e0f0995b005b3db6b458aa73be969790f4b87eaa5b26fec36e24da5f7e4845ed20f0564ce,0.7915815114974976,0.6506551504135132,0.7493036389350891,0
387,3020000017301-09-01,3020000013860-09-01,포장용 용기,포장용 용기,http://plus.kipris.or.kr/openapi/fileToss.jsp?arg=75a63eed5a438998f9dc3380f5cb642cd56dcb0e0f0995b0d8ee6709638b6fa147789b22cdad698429792590cfe896e3d012088ce5d6ea89,http://plus.kipris.or.kr/openapi/fileToss.jsp?arg=75a63eed5a438998f9dc3380f5cb642cd56dcb0e0f0995b0bdcfae06342df685f8cbf1fb50c4736dd58c5eb7e03827ba47da2dcb2c6c3155,0.8309087753295898,0.9348959922790527,0.8621049523353577,0
388,3020000010927-09-01,3020000013860-09-01,향수 용기,포장용 용기,http://plus.kipris.or.kr/openapi/fileToss.jsp?arg=75a63eed5a438998f9dc3380f5cb642cd56dcb0e0f0995b0ef3ea9b059e124212cc6ee9f18a84e3979892ba521ffa996cd63b31e1ff1ee16,http://plus.kipris.or.kr/openapi/fileToss.jsp?arg=75a63eed5a438998f9dc3380f5cb642cd56dcb0e0f0995b0bdcfae06342df685f8cbf1fb50c4736dd58c5eb7e03827ba3a592af41fe96407,0.7045907974243164,0.8033946752548218,0.7342319488525391,0
389,3020000001139-09-01,3020000021422-09-01,화장품 용기,화장품 용기,http://plus.kipris.or.kr/openapi/fileToss.jsp?arg=75a63eed5a438998f9dc3380f5cb642cd56dcb0e0f0995b0b700f0235c7824b0b9d15885ea58921e4fa81ba1133bfc8dd0e679aec7ff18fe,http://plus.kipris.or.kr/openapi/fileToss.jsp?arg=75a63eed5a438998f9dc3380f5cb642cd56dcb0e0f0995b006449c7f1c85a4a7e93b067df666c42493cd6ac1ba8fe92e0d0e20f8ee42cac2,0.6671856045722961,0.9389200806617737,0.7487059831619263,0
390,3020000006173-09-01,3020000015341-09-01,음료수 용기,포장용용기,http://plus.kipris.or.kr/openapi/fileToss.jsp?arg=75a63eed5a438998f9dc3380f5cb642cd56dcb0e0f0995b0187836737e94fb39845672cd5824903a402d9dab6f5279e69ee819e923bae2dc,http://plus.kipris.or.kr/openapi/fileToss.jsp?arg=75a63eed5a438998f9dc3380f5cb642cd56dcb0e0f0995b07ba686bc001e12b775060f5fe4c5113b2881bebb645c6d6d7cfc9b58b94d8d36,0.8489429950714111,0.8672513961791992,0.8544355630874634,0
391,3020000008854-09-01,3020000002742-09-01,화장품 용기,포장용 깡통,http://plus.kipris.or.kr/openapi/fileToss.jsp?arg=75a63eed5a438998f9dc3380f5cb642cd56dcb0e0f0995b06226a1b53136408c77446a31574122b0743535ab5bada7b3406527a2f81c5ee1,http://plus.kipris.or.kr/openapi/fileToss.jsp?arg=75a63eed5a438998f9dc3380f5cb642cd56dcb0e0f0995b0680d52483fc7b07d43e6cf9e73fd83bfdb42ecec732ea7844e6b3b9785399eab,0.6931462287902832,0.7674850225448608,0.7154478430747986,0
392,3020000033000-09-01,3020000018268-09-01,술병,화장품 용기,http://plus.kipris.or.kr/openapi/fileToss.jsp?arg=75a63eed5a438998f9dc3380f5cb642cd56dcb0e0f0995b0f32787804da8b7ad0a83331d496f7b1207a70e4bb04e65896292fe5ee11512c8,http://plus.kipris.or.kr/openapi/fileToss.jsp?arg=75a63eed5a438998f9dc3380f5cb642cd56dcb0e0f0995b0deac54f8925f4c7dab2df396aedd8dba048d60148f3f5c108b107f839c8caa38,0.8853041529655457,0.5923299193382263,0.7974118590354919,0
393,3020000018268-09-01,3020000028260-09-01,화장품 용기,화장품 용기,http://plus.kipris.or.kr/openapi/fileToss.jsp?arg=75a63eed5a438998f9dc3380f5cb642cd56dcb0e0f0995b0deac54f8925f4c7dab2df396aedd8dba048d60148f3f5c108b107f839c8caa38,http://plus.kipris.or.kr/openapi/fileToss.jsp?arg=75a63eed5a438998f9dc3380f5cb642cd56dcb0e0f0995b0227542a1f24a736122cfa453f48f4400272b12f6e17da7568aab42395bb10f43,0.7206467986106873,0.932251513004303,0.7841281890869141,0
394,3020000028282-09-01,3020000012835-09-01,포장용 용기,향수병,http://plus.kipris.or.kr/openapi/fileToss.jsp?arg=75a63eed5a438998f9dc3380f5cb642cd56dcb0e0f0995b0227542a1f24a7361c5f2b82111502f219a26afd797e95518b0ee9096d86a328b,http://plus.kipris.or.kr/openapi/fileToss.jsp?arg=75a63eed5a438998f9dc3380f5cb642cd56dcb0e0f0995b08964a6c84ce8cbe136b914a53e58c31f5a71b47ce7755bd513b94e54f0b431bd,0.7307713031768799,0.781691312789917,0.7460472583770752,0
395,3020000011007-09-01,3020000030582-09-01,화장품 용기,포장용 병,http://plus.kipris.or.kr/openapi/fileToss.jsp?arg=75a63eed5a438998f9dc3380f5cb642cd56dcb0e0f0995b070abdd713d0b290aa6f312245d3a82ee6abff9afa2ecfcfd171d6d8fed2f1c66,http://plus.kipris.or.kr/openapi/fileToss.jsp?arg=75a63eed5a438998f9dc3380f5cb642cd56dcb0e0f0995b0b9420cad9c5990e068550a177cec7d2eb9a298519366ee2718125f23579f039d,0.8445793986320496,0.8168798089027405,0.8362695574760437,0
396,3020000016423-09-01,3020000012111-09-01,화장품 용기,드링크 병,http://plus.kipris.or.kr/openapi/fileToss.jsp?arg=75a63eed5a438998f9dc3380f5cb642cd56dcb0e0f0995b0edd65ac4880d0f0cde88f35c1b19cc9c55a541844b9516d250214f8bb0dbfb7c,http://plus.kipris.or.kr/openapi/fileToss.jsp?arg=75a63eed5a438998f9dc3380f5cb642cd56dcb0e0f0995b08964a6c84ce8cbe1c4d769ac6125c6604cb8fb2387c071baf18464b9242e10fd,0.7576538324356079,0.6266404390335083,0.718349814414978,0
397,3020000001139-09-01,3020000031444-09-01,화장품 용기,화장품 용기,http://plus.kipris.or.kr/openapi/fileToss.jsp?arg=75a63eed5a438998f9dc3380f5cb642cd56dcb0e0f0995b0b700f0235c7824b0b9d15885ea58921e64b88d6b7f5b424819807f28e1eb2cee,http://plus.kipris.or.kr/openapi/fileToss.jsp?arg=75a63eed5a438998f9dc3380f5cb642cd56dcb0e0f0995b089d7a621b89857a21e79e0b1232a9ae91a3f9080e95cd3ddcf0c21bad484f181,0.7831352949142456,0.9342697262763977,0.8284755945205688,0
398,3020000021275-09-01,3020000029918-09-01,화장품 용기,화장품 용기,http://plus.kipris.or.kr/openapi/fileToss.jsp?arg=75a63eed5a438998f9dc3380f5cb642cd56dcb0e0f0995b006449c7f1c85a4a7de0ff8d7dc536a1cde2ebc06e6386121c3b5bc3788306bb9,http://plus.kipris.or.kr/openapi/fileToss.jsp?arg=75a63eed5a438998f9dc3380f5cb642cd56dcb0e0f0995b011f68ef22f394dd2f0b8046f71cf13a118ade17c41ebb3b7d90feb50088e375d,0.7252289652824402,0.8848447799682617,0.7731137275695801,0
399,3020000033574-09-01,3020000019084-09-01,향수용기,화장품 용기,http://plus.kipris.or.kr/openapi/fileToss.jsp?arg=75a63eed5a438998f9dc3380f5cb642cd56dcb0e0f0995b0f32787804da8b7add5c4bca3f493f084fbe15d523da3e9db021a46b5c0632184,http://plus.kipris.or.kr/openapi/fileToss.jsp?arg=75a63eed5a438998f9dc3380f5cb642cd56dcb0e0f0995b0f63a2eefd11079d0da75e7bf06c36ac67a89fa829fb35a4ce97917a8170c580a,0.8340845108032227,0.7907636165618896,0.8210882544517517,0
400,3020000031166-09-01,3020000024956-09-01,화장품용기,화장품용기,http://plus.kipris.or.kr/openapi/fileToss.jsp?arg=75a63eed5a438998f9dc3380f5cb642cd56dcb0e0f0995b089d7a621b89857a2bda1ae1f5599e317e2f2391fc916ba685a1bf7613bd0796b,http://plus.kipris.or.kr/openapi/fileToss.jsp?arg=75a63eed5a438998f9dc3380f5cb642cd56dcb0e0f0995b005b3db6b458aa73be2c5f00e2cd5aa81a4f8318a69793afec01d28202322d4e4,0.8043860197067261,0.9523568153381348,0.8487772345542908,0
401,3020000028666-09-01,3020000004296-09-01,포장용 용기,화장품 용기,http://plus.kipris.or.kr/openapi/fileToss.jsp?arg=75a63eed5a438998f9dc3380f5cb642cd56dcb0e0f0995b0227542a1f24a7361e3d4617c23baf447860c1fd3c78d389a8ac7ad85ebafe4ea,http://plus.kipris.or.kr/openapi/fileToss.jsp?arg=75a63eed5a438998f9dc3380f5cb642cd56dcb0e0f0995b03069a7817908f14f5c65ec4818929027a3ece765a8170719cb8e23e219c15ea5,0.959297776222229,0.8288373947143555,0.920159637928009,0
402,3020000019323-09-01,3020000019784-09-01,포장용 용기,식품포장용기,http://plus.kipris.or.kr/openapi/fileToss.jsp?arg=75a63eed5a438998f9dc3380f5cb642cd56dcb0e0f0995b0f63a2eefd11079d0e31326d6f26acc1537b8431a4c97957c5649c6d526d624c1,http://plus.kipris.or.kr/openapi/fileToss.jsp?arg=75a63eed5a438998f9dc3380f5cb642cd56dcb0e0f0995b0f63a2eefd11079d0981ed2fff931e701fbc7d790be4e30329781eb0ee6ab086a,0.9565912485122681,0.8838518857955933,0.9347693920135498,0
403,3020000004208-09-01,3020000030881-09-01,식음료용 병,화장품 용기,http://plus.kipris.or.kr/openapi/fileToss.jsp?arg=75a63eed5a438998f9dc3380f5cb642cd56dcb0e0f0995b03069a7817908f14f26c983146bc1b18f48b2122d4f1a6e3b25c213f3d8f48c30,http://plus.kipris.or.kr/openapi/fileToss.jsp?arg=75a63eed5a438998f9dc3380f5cb642cd56dcb0e0f0995b0b9420cad9c5990e04c31abfa39740297ba4a8f6303c653bf9f8546ad9393c447,0.696518063545227,0.7725759148597717,0.7193354368209839,0
404,3020000017373-09-01,3020000002328-09-01,포장용간장용기,화장품용 용기,http://plus.kipris.or.kr/openapi/fileToss.jsp?arg=75a63eed5a438998f9dc3380f5cb642cd56dcb0e0f0995b0d8ee6709638b6fa1b9cc41fb9d879150833073c7f5088782699faaa3706ecd06,http://plus.kipris.or.kr/openapi/fileToss.jsp?arg=75a63eed5a438998f9dc3380f5cb642cd56dcb0e0f0995b0680d52483fc7b07d916a4a7b517f831f101577971270299e3534c43425f3a75b,0.8088716268539429,0.8319475054740906,0.8157944083213806,0
405,3020000015436-09-01,3020000009604-09-01,포장용 용기,포장용용기,http://plus.kipris.or.kr/openapi/fileToss.jsp?arg=75a63eed5a438998f9dc3380f5cb642cd56dcb0e0f0995b07ba686bc001e12b74f814a4956a5cebbf9ae9e1003c504835c69b7fc38049aa6,http://plus.kipris.or.kr/openapi/fileToss.jsp?arg=75a63eed5a438998f9dc3380f5cb642cd56dcb0e0f0995b073590199e4f1dc16c4994de40142535603458437661fcfdbc47f8ce473ec65c9,0.9281526803970337,0.7975723743438721,0.8889785408973694,0
406,3020000012912-09-01,3020000031088-09-01,포장용 용기,포장용기,http://plus.kipris.or.kr/openapi/fileToss.jsp?arg=75a63eed5a438998f9dc3380f5cb642cd56dcb0e0f0995b08964a6c84ce8cbe13965058d78ed76d452689b01fcf4a543d23933c1eae86ed3,http://plus.kipris.or.kr/openapi/fileToss.jsp?arg=75a63eed5a438998f9dc3380f5cb642cd56dcb0e0f0995b089d7a621b89857a2a6e995ef25b4de530e075e7abc9b8c53d8e44ac31bc6d473,0.640483558177948,0.8496367931365967,0.703229546546936,0
407,3020000022439-09-01,3020000014030-09-01,포장용 용기,화장품 용기,http://plus.kipris.or.kr/openapi/fileToss.jsp?arg=75a63eed5a438998f9dc3380f5cb642cd56dcb0e0f0995b02e6ec20e9488ca6663752f4fd76355c595af55981a9c28ef9f55e680eb8ecb5d,http://plus.kipris.or.kr/openapi/fileToss.jsp?arg=75a63eed5a438998f9dc3380f5cb642cd56dcb0e0f0995b0606f4df1f99f4081c635518eb2e9ae224c414ca4a2923d3b0e0383fc56431fc4,0.6854172945022583,0.8626781105995178,0.7385955452919006,0
408,3020000021953-09-01,3020000008383-09-01,포장용기,화장품 용기,http://plus.kipris.or.kr/openapi/fileToss.jsp?arg=75a63eed5a438998f9dc3380f5cb642cd56dcb0e0f0995b006449c7f1c85a4a78b7c1a7242ae14e9c5900488590f725aa5a1924781f7a4f8,http://plus.kipris.or.kr/openapi/fileToss.jsp?arg=75a63eed5a438998f9dc3380f5cb642cd56dcb0e0f0995b06226a1b53136408c5412bc4c3b3d3f2d2ede433e4f304a9083ca6af66c845b91,0.7167864441871643,0.7675169110298157,0.7320055961608887,0
409,3020000029872-09-01,3020000001139-09-01,화장품용기,화장품 용기,http://plus.kipris.or.kr/openapi/fileToss.jsp?arg=75a63eed5a438998f9dc3380f5cb642cd56dcb0e0f0995b011f68ef22f394dd26a964075748e6c189291de851176d71cdd6d4aaa84b6c7e6,http://plus.kipris.or.kr/openapi/fileToss.jsp?arg=75a63eed5a438998f9dc3380f5cb642cd56dcb0e0f0995b0b700f0235c7824b0b9d15885ea58921e64b88d6b7f5b42488e84b54689bce532,0.9043176770210266,0.8958859443664551,0.9017881751060486,0
410,3020000010996-09-01,3020000033314-09-01,포장용 용기,포장용 용기,http://plus.kipris.or.kr/openapi/fileToss.jsp?arg=75a63eed5a438998f9dc3380f5cb642cd56dcb0e0f0995b0ef3ea9b059e1242154c6c6b21c086873fec4e762b42098f7edda6e53dbafef9e,http://plus.kipris.or.kr/openapi/fileToss.jsp?arg=75a63eed5a438998f9dc3380f5cb642cd56dcb0e0f0995b0f32787804da8b7ad8e33740856216fb39dc532a3e2d090b2e8cd6aa094518b41,0.7774730920791626,0.9419918656349182,0.8268287181854248,0
411,3020000018091-09-01,3020000018786-09-01,액체 내용물 포장용 용기,향수 용기,http://plus.kipris.or.kr/openapi/fileToss.jsp?arg=75a63eed5a438998f9dc3380f5cb642cd56dcb0e0f0995b0deac54f8925f4c7db087096564c2a872bf69aa715bc78a4ba090e8525b2f0ed8,http://plus.kipris.or.kr/openapi/fileToss.jsp?arg=75a63eed5a438998f9dc3380f5cb642cd56dcb0e0f0995b0deac54f8925f4c7da5637dae264b15aac834d7a157da3b4df1908c0d59a9119e,0.7207109332084656,0.8121434450149536,0.7481406927108765,0
412,3020000018767-09-01,3020000012072-09-01,음료병,샴푸용기,http://plus.kipris.or.kr/openapi/fileToss.jsp?arg=75a63eed5a438998f9dc3380f5cb642cd56dcb0e0f0995b0deac54f8925f4c7dff73e655a395ca11d28cbcfed16a1af1631da0ac5186c69f,http://plus.kipris.or.kr/openapi/fileToss.jsp?arg=75a63eed5a438998f9dc3380f5cb642cd56dcb0e0f0995b08964a6c84ce8cbe101428d44c160746ec10ea66642096ecbc939f7769ffc7696,0.773292064666748,0.4886418879032135,0.6878969669342041,0
413,3020000031842-09-01,3020000002771-09-01,포장용 병,포장용 음료용기,http://plus.kipris.or.kr/openapi/fileToss.jsp?arg=75a63eed5a438998f9dc3380f5cb642cd56dcb0e0f0995b089d7a621b89857a23924c6b693bd0ccfdcc7562a1bfe4ba0ece70582c7db28fb,http://plus.kipris.or.kr/openapi/fileToss.jsp?arg=75a63eed5a438998f9dc3380f5cb642cd56dcb0e0f0995b0680d52483fc7b07df0eaa0514f1b3e00d24794910bd1260b765a578698d0c3a8,0.7898473739624023,0.7932554483413696,0.7908698320388794,0
414,3020000017002-09-01,3020000031165-09-01,포장용 용기,화장품용기,http://plus.kipris.or.kr/openapi/fileToss.jsp?arg=75a63eed5a438998f9dc3380f5cb642cd56dcb0e0f0995b0d8ee6709638b6fa151acb057bf4b283f9c05647f46a69bf4c67d4fcca199f0c9,http://plus.kipris.or.kr/openapi/fileToss.jsp?arg=75a63eed5a438998f9dc3380f5cb642cd56dcb0e0f0995b089d7a621b89857a2bda1ae1f5599e3178632bd153853d7a31aeff08dcf3406aa,0.7913588285446167,0.8284966349601746,0.8025001287460327,0
415,3020000017303-09-01,3020000000638-09-01,포장용 용기,화장품용기,http://plus.kipris.or.kr/openapi/fileToss.jsp?arg=75a63eed5a438998f9dc3380f5cb642cd56dcb0e0f0995b0d8ee6709638b6fa147789b22cdad6984fdb60cdcfad1b371ffee3401267ce147,http://plus.kipris.or.kr/openapi/fileToss.jsp?arg=75a63eed5a438998f9dc3380f5cb642cd56dcb0e0f0995b0cc72ed919b34230099f327e961a5ac512f1a2de92956eab09c45325a18bce387,0.87889564037323,0.8123166561126709,0.8589219450950623,0
416,3020000021422-09-01,3020000028831-09-01,화장품 용기,화장품 용기,http://plus.kipris.or.kr/openapi/fileToss.jsp?arg=75a63eed5a438998f9dc3380f5cb642cd56dcb0e0f0995b006449c7f1c85a4a7e93b067df666c42493cd6ac1ba8fe92ec4902c1b045a256f,http://plus.kipris.or.kr/openapi/fileToss.jsp?arg=75a63eed5a438998f9dc3380f5cb642cd56dcb0e0f0995b0227542a1f24a73618fe1c7a5cc98859de0c23b94fa94bf3e8cc4b4fa3801646e,0.7194212675094604,0.8758093118667603,0.7663376927375793,0
417,3020000007536-09-01,3020000017499-09-01,포장용 술병,포장용 용기,http://plus.kipris.or.kr/openapi/fileToss.jsp?arg=75a63eed5a438998f9dc3380f5cb642cd56dcb0e0f0995b0fdcd45318d7ff23c0d045c2fa1109ccbbf7bb6109df7d57325b64cb8b6cf4ab8,http://plus.kipris.or.kr/openapi/fileToss.jsp?arg=75a63eed5a438998f9dc3380f5cb642cd56dcb0e0f0995b0d8ee6709638b6fa1ae2fc3835c730b0f7499aab326990e3e5eb80c85ff836283,0.8068256378173828,0.9021993279457092,0.8354377150535583,0
418,3020000027874-09-01,3020000013605-09-01,포장용용기,화장품 용기,http://plus.kipris.or.kr/openapi/fileToss.jsp?arg=75a63eed5a438998f9dc3380f5cb642cd56dcb0e0f0995b01b6467bd697fe99c3417ef7c1899dbda805e0d76a677f7ef52057e92f2078e60,http://plus.kipris.or.kr/openapi/fileToss.jsp?arg=75a63eed5a438998f9dc3380f5cb642cd56dcb0e0f0995b0bdcfae06342df685b5160b34fe202fbff398f486934ae14f7dac70c251a12786,0.7925575375556946,0.8015879392623901,0.7952666282653809,0
419,3020000001139-09-01,3020000026521-09-01,화장품 용기,화장품 용기,http://plus.kipris.or.kr/openapi/fileToss.jsp?arg=75a63eed5a438998f9dc3380f5cb642cd56dcb0e0f0995b0b700f0235c7824b0b9d15885ea58921e64b88d6b7f5b424883c696017b3ffffc,http://plus.kipris.or.kr/openapi/fileToss.jsp?arg=75a63eed5a438998f9dc3380f5cb642cd56dcb0e0f0995b035c516d305aed145b09b91918cd97e08dc085c0d9bf043427321e402690b811b,0.8180278539657593,0.9498326778411865,0.8575693368911743,0
420,3020000020571-09-01,3020000028831-09-01,화장품 용기,화장품 용기,http://plus.kipris.or.kr/openapi/fileToss.jsp?arg=75a63eed5a438998f9dc3380f5cb642cd56dcb0e0f0995b0bea0399dd2b7a3e5b435903018a1a9f5132e0826c9f45c0be353c320d168da0d,http://plus.kipris.or.kr/openapi/fileToss.jsp?arg=75a63eed5a438998f9dc3380f5cb642cd56dcb0e0f0995b0227542a1f24a73618fe1c7a5cc98859de0c23b94fa94bf3e8cc4b4fa3801646e,0.8837615251541138,0.8829046487808228,0.8835044503211975,0
421,3020000027513-09-01,3020000006173-09-01,샴푸 용기,음료수 용기,http://plus.kipris.or.kr/openapi/fileToss.jsp?arg=75a63eed5a438998f9dc3380f5cb642cd56dcb0e0f0995b01b6467bd697fe99c5b52ca7a735e0f06789d15109049a90dffd933d53b014c25,http://plus.kipris.or.kr/openapi/fileToss.jsp?arg=75a63eed5a438998f9dc3380f5cb642cd56dcb0e0f0995b0187836737e94fb39845672cd5824903a402d9dab6f5279e6197baa9a902d9990,0.8289217948913574,0.742383599281311,0.8029603362083435,0
422,3020000016422-09-01,3020000021061-09-01,화장품 용기,포장용 용기,http://plus.kipris.or.kr/openapi/fileToss.jsp?arg=75a63eed5a438998f9dc3380f5cb642cd56dcb0e0f0995b0edd65ac4880d0f0cde88f35c1b19cc9c7da73aaad57b41baf556810c270468dd,http://plus.kipris.or.kr/openapi/fileToss.jsp?arg=75a63eed5a438998f9dc3380f5cb642cd56dcb0e0f0995b006449c7f1c85a4a76b1391de425bd9eda841fc0f3812bfa64b139d23cab3cf40,0.68059241771698,0.8200355768203735,0.7224253416061401,0
423,3020000025935-09-01,3020000023317-09-01,플라스틱병,화장품 용기,http://plus.kipris.or.kr/openapi/fileToss.jsp?arg=75a63eed5a438998f9dc3380f5cb642cd56dcb0e0f0995b07a28099d0ef98e17823896417f37d3fc4aef395a76d30843424f06f39a0cfd54,http://plus.kipris.or.kr/openapi/fileToss.jsp?arg=75a63eed5a438998f9dc3380f5cb642cd56dcb0e0f0995b09b1f6789fb9751245fe107dead8a38ad7927d42c8d065e5268ba5e6588b5aa49,0.7180612087249756,0.8125662207603455,0.7464126944541931,0
424,3020000028260-09-01,3020000030710-09-01,화장품 용기,향수 용기,http://plus.kipris.or.kr/openapi/fileToss.jsp?arg=75a63eed5a438998f9dc3380f5cb642cd56dcb0e0f0995b0227542a1f24a736122cfa453f48f4400272b12f6e17da7568aab42395bb10f43,http://plus.kipris.or.kr/openapi/fileToss.jsp?arg=75a63eed5a438998f9dc3380f5cb642cd56dcb0e0f0995b0b9420cad9c5990e04e6a47733b7591c4ce6c1908f6b3f36c10a4d5e785b0aa37,0.7130750417709351,0.8385254144668579,0.750710129737854,0
425,3020000009604-09-01,3020000031167-09-01,포장용용기,화장품용기,http://plus.kipris.or.kr/openapi/fileToss.jsp?arg=75a63eed5a438998f9dc3380f5cb642cd56dcb0e0f0995b073590199e4f1dc16c4994de40142535603458437661fcfdb4e90722e171bab2c,http://plus.kipris.or.kr/openapi/fileToss.jsp?arg=75a63eed5a438998f9dc3380f5cb642cd56dcb0e0f0995b089d7a621b89857a2bda1ae1f5599e317c61e99a88bb6420a60a530427ecc1e0e,0.7897558212280273,0.7691439986228943,0.7835723161697388,0
426,3020000006436-09-01,3020000031087-09-01,포장용 용기,포장용기,http://plus.kipris.or.kr/openapi/fileToss.jsp?arg=75a63eed5a438998f9dc3380f5cb642cd56dcb0e0f0995b0187836737e94fb39d6735824be9a53a73fc77ea3035de78fbac0bec950bc845e,http://plus.kipris.or.kr/openapi/fileToss.jsp?arg=75a63eed5a438998f9dc3380f5cb642cd56dcb0e0f0995b089d7a621b89857a2a6e995ef25b4de53b033069178f770580e91a6487c86d2df,0.8098283410072327,0.8980882167816162,0.8363062739372253,0
427,3020000002022-09-01,3020000015364-09-01,포장용용기,음료 용기,http://plus.kipris.or.kr/openapi/fileToss.jsp?arg=75a63eed5a438998f9dc3380f5cb642cd56dcb0e0f0995b0680d52483fc7b07dce8cf928834fb57d8b35fe69e56e6a1f6057a939273179d8,http://plus.kipris.or.kr/openapi/fileToss.jsp?arg=75a63eed5a438998f9dc3380f5cb642cd56dcb0e0f0995b07ba686bc001e12b7d8b815ff2deb7faa2bd5930109a0212275b5ecbaf5a8851c,0.7588913440704346,0.7102868556976318,0.7443100214004517,0
428,3020000019784-09-01,3020000020788-09-01,식품포장용기,포장용 용기,http://plus.kipris.or.kr/openapi/fileToss.jsp?arg=75a63eed5a438998f9dc3380f5cb642cd56dcb0e0f0995b0f63a2eefd11079d0981ed2fff931e701fbc7d790be4e303217c399208010fb48,http://plus.kipris.or.kr/openapi/fileToss.jsp?arg=75a63eed5a438998f9dc3380f5cb642cd56dcb0e0f0995b0bea0399dd2b7a3e5217ce7d5ae936bbd90eef2e869c5b113652b4f74a9b2532a,0.9219417572021484,0.8639618158340454,0.9045478105545044,0
429,3020000008383-09-01,3020000014636-09-01,화장품 용기,포장용 병,http://plus.kipris.or.kr/openapi/fileToss.jsp?arg=75a63eed5a438998f9dc3380f5cb642cd56dcb0e0f0995b06226a1b53136408c5412bc4c3b3d3f2d2ede433e4f304a90a16be369570b35f1,http://plus.kipris.or.kr/openapi/fileToss.jsp?arg=75a63eed5a438998f9dc3380f5cb642cd56dcb0e0f0995b0606f4df1f99f40812b87e9c8a19dc7be1036d90f246e56e97be30042c9f08dd8,0.7932360172271729,0.8008431196212769,0.795518159866333,0
430,3020000008854-09-01,3020000028258-09-01,화장품 용기,화장품 용기,http://plus.kipris.or.kr/openapi/fileToss.jsp?arg=75a63eed5a438998f9dc3380f5cb642cd56dcb0e0f0995b06226a1b53136408c77446a31574122b0743535ab5bada7b3e5155b1317a0f52e,http://plus.kipris.or.kr/openapi/fileToss.jsp?arg=75a63eed5a438998f9dc3380f5cb642cd56dcb0e0f0995b0227542a1f24a736184b9181791c18e4f60f4f9fe508209ca53dcc78966fd65dc,0.846235454082489,0.9136024117469788,0.8664455413818359,0
431,3020000027377-09-01,3020000005898-09-01,향 수 병,화장품 용기,http://plus.kipris.or.kr/openapi/fileToss.jsp?arg=75a63eed5a438998f9dc3380f5cb642cd56dcb0e0f0995b01b6467bd697fe99c825062ac0a4e0cbbf37c817a70113aa452182ddbf5c722fc,http://plus.kipris.or.kr/openapi/fileToss.jsp?arg=75a63eed5a438998f9dc3380f5cb642cd56dcb0e0f0995b08fe3e6d10b56cc3d9f98bc4caf4fb052f4fcc92f245ce335145cbdb87f08e860,0.7401798367500305,0.7292414307594299,0.7368983030319214,0
432,3020000006173-09-01,3020000015281-09-01,음료수 용기,화장품 용기,http://plus.kipris.or.kr/openapi/fileToss.jsp?arg=75a63eed5a438998f9dc3380f5cb642cd56dcb0e0f0995b0187836737e94fb39845672cd5824903a402d9dab6f5279e626c15b53aa332182,http://plus.kipris.or.kr/openapi/fileToss.jsp?arg=75a63eed5a438998f9dc3380f5cb642cd56dcb0e0f0995b07ba686bc001e12b75d136b4df6d33bb5ee7af5f7920fa4cd6ebdeae4e057fc48,0.8371291160583496,0.8678196668624878,0.8463362455368042,0
433,3020000033000-09-01,3020000004297-09-01,술병,화장품 용기,http://plus.kipris.or.kr/openapi/fileToss.jsp?arg=75a63eed5a438998f9dc3380f5cb642cd56dcb0e0f0995b0f32787804da8b7ad0a83331d496f7b1207a70e4bb04e6589b59ecb64600058dc,http://plus.kipris.or.kr/openapi/fileToss.jsp?arg=75a63eed5a438998f9dc3380f5cb642cd56dcb0e0f0995b03069a7817908f14f5c65ec4818929027916d00649800f560e4855a4e483d6958,0.8475072383880615,0.6879658699035645,0.7996448278427124,0
434,3020000015228-09-01,3020000030710-09-01,포장용 용기,향수 용기,http://plus.kipris.or.kr/openapi/fileToss.jsp?arg=75a63eed5a438998f9dc3380f5cb642cd56dcb0e0f0995b07ba686bc001e12b736b25ce876b15baee6fa5b98ab5666b61d2cfcac39858b37,http://plus.kipris.or.kr/openapi/fileToss.jsp?arg=75a63eed5a438998f9dc3380f5cb642cd56dcb0e0f0995b0b9420cad9c5990e04e6a47733b7591c4ce6c1908f6b3f36c49ea831e039ee9f5,0.8580204248428345,0.8318305015563965,0.850163459777832,0
435,3020000022161-09-01,3020000025530-09-01,화장품용기,화장품 용기,http://plus.kipris.or.kr/openapi/fileToss.jsp?arg=75a63eed5a438998f9dc3380f5cb642cd56dcb0e0f0995b02e6ec20e9488ca6619e7d183ad07870d0e1f720ac109996a3f1ef1fd460e321c,http://plus.kipris.or.kr/openapi/fileToss.jsp?arg=75a63eed5a438998f9dc3380f5cb642cd56dcb0e0f0995b07a28099d0ef98e178c9f3750ac8a36e095e833a158b4e51af8db68c101518edf,0.6363675594329834,0.964686393737793,0.7348632216453552,0
436,3020000033178-09-01,3020000028259-09-01,샴푸용기,화장품 용기,http://plus.kipris.or.kr/openapi/fileToss.jsp?arg=75a63eed5a438998f9dc3380f5cb642cd56dcb0e0f0995b0f32787804da8b7ad260e51bd8f6e3480046220d68d97e79a04477c6aad275a3f,http://plus.kipris.or.kr/openapi/fileToss.jsp?arg=75a63eed5a438998f9dc3380f5cb642cd56dcb0e0f0995b0227542a1f24a736184b9181791c18e4f8115a673a00f082d13fdf8fee1d1973d,0.9126538038253784,0.7570372819900513,0.8659688234329224,0
437,3020000015388-09-01,3020000022336-09-01,화장품 용기,포장용 용기,http://plus.kipris.or.kr/openapi/fileToss.jsp?arg=75a63eed5a438998f9dc3380f5cb642cd56dcb0e0f0995b07ba686bc001e12b78250fd8339f4eec1965fe05fc5d6d3d0bba17f865e500f09,http://plus.kipris.or.kr/openapi/fileToss.jsp?arg=75a63eed5a438998f9dc3380f5cb642cd56dcb0e0f0995b02e6ec20e9488ca6656c086b0f1da3515796931e901e901fdf69f7bed63fa0cb3,0.6856393218040466,0.6946409344673157,0.6883398294448853,0
438,3020000017455-09-01,3020000024538-09-01,화장품 용기,세제용기,http://plus.kipris.or.kr/openapi/fileToss.jsp?arg=75a63eed5a438998f9dc3380f5cb642cd56dcb0e0f0995b0d8ee6709638b6fa1605fd1147d87744e95705c59a14473abf1cd2858e14c6605,http://plus.kipris.or.kr/openapi/fileToss.jsp?arg=75a63eed5a438998f9dc3380f5cb642cd56dcb0e0f0995b005b3db6b458aa73bad765829c40530d0cdae46fabefe56404f60b422aa627258,0.7965744733810425,0.8043011426925659,0.7988924384117126,0
439,3020000030702-09-01,3020000017424-09-01,음료수 병,포장용 용기,http://plus.kipris.or.kr/openapi/fileToss.jsp?arg=75a63eed5a438998f9dc3380f5cb642cd56dcb0e0f0995b0b9420cad9c5990e0b9dddcdc7170a0769ff13faeaeaa94407b0d1b8de36d348d,http://plus.kipris.or.kr/openapi/fileToss.jsp?arg=75a63eed5a438998f9dc3380f5cb642cd56dcb0e0f0995b0d8ee6709638b6fa14d030d93d9fd28c422622fd25edaa01a0be192c8d1f87315,0.8013607859611511,0.8377670049667358,0.8122826814651489,0
440,3020000031698-09-01,3020000001717-09-01,화장품용기,화장품 용기,http://plus.kipris.or.kr/openapi/fileToss.jsp?arg=75a63eed5a438998f9dc3380f5cb642cd56dcb0e0f0995b089d7a621b89857a2fe66ea06c9f515a9995802f2cd000e193221583cf47adfd4,http://plus.kipris.or.kr/openapi/fileToss.jsp?arg=75a63eed5a438998f9dc3380f5cb642cd56dcb0e0f0995b0b700f0235c7824b0816073cd945e8ed688343ee5b4af28a7a03a6092d34a36f8,0.8086908459663391,0.9127826690673828,0.8399184346199036,0
441,3020000001189-09-01,3020000031087-09-01,화장품용기,포장용기,http://plus.kipris.or.kr/openapi/fileToss.jsp?arg=75a63eed5a438998f9dc3380f5cb642cd56dcb0e0f0995b0b700f0235c7824b019cbf7f16fb2c2fce15609f9a233e43cdcf069766650f33a,http://plus.kipris.or.kr/openapi/fileToss.jsp?arg=75a63eed5a438998f9dc3380f5cb642cd56dcb0e0f0995b089d7a621b89857a2a6e995ef25b4de53b033069178f770580fe42c9aba8be0f3,0.8705040812492371,0.8332370519638062,0.8593239784240723,0
442,3020000015284-09-01,3020000006436-09-01,화장품 용기,포장용 용기,http://plus.kipris.or.kr/openapi/fileToss.jsp?arg=75a63eed5a438998f9dc3380f5cb642cd56dcb0e0f0995b07ba686bc001e12b75d136b4df6d33bb5919118e79bdfe43b794b26faa5971dfd,http://plus.kipris.or.kr/openapi/fileToss.jsp?arg=75a63eed5a438998f9dc3380f5cb642cd56dcb0e0f0995b0187836737e94fb39d6735824be9a53a73fc77ea3035de78fb942f448f35a6382,0.7783205509185791,0.8505473136901855,0.7999885678291321,0
443,3020000020571-09-01,3020000019758-09-01,화장품 용기,화장품 포장용 병,http://plus.kipris.or.kr/openapi/fileToss.jsp?arg=75a63eed5a438998f9dc3380f5cb642cd56dcb0e0f0995b0bea0399dd2b7a3e5b435903018a1a9f5132e0826c9f45c0be353c320d168da0d,http://plus.kipris.or.kr/openapi/fileToss.jsp?arg=75a63eed5a438998f9dc3380f5cb642cd56dcb0e0f0995b0f63a2eefd11079d006f4cd70f75e4ac6265a23764f163fea4a49f6a211c45aa3,0.9073432683944702,0.9325185418128967,0.9148958921432495,0
444,3020000025530-09-01,3020000031468-09-01,화장품 용기,화장품 용기,http://plus.kipris.or.kr/openapi/fileToss.jsp?arg=75a63eed5a438998f9dc3380f5cb642cd56dcb0e0f0995b07a28099d0ef98e178c9f3750ac8a36e095e833a158b4e51a6a60993646329a4f,http://plus.kipris.or.kr/openapi/fileToss.jsp?arg=75a63eed5a438998f9dc3380f5cb642cd56dcb0e0f0995b089d7a621b89857a2e6fd5d03a616b313ad947e8c7453a16ac61c926507480076,0.895783007144928,0.9554172158241272,0.9136732816696167,0
445,3020000031468-09-01,3020000018221-09-01,화장품 용기,포장용 용기,http://plus.kipris.or.kr/openapi/fileToss.jsp?arg=75a63eed5a438998f9dc3380f5cb642cd56dcb0e0f0995b089d7a621b89857a2e6fd5d03a616b313ad947e8c7453a16a99480f5223dadcc2,http://plus.kipris.or.kr/openapi/fileToss.jsp?arg=75a63eed5a438998f9dc3380f5cb642cd56dcb0e0f0995b0deac54f8925f4c7d4987cce9cfe8722f2003dddbc81cfbea23940776de53ecf9,0.7899336814880371,0.8564857244491577,0.8098992705345154,0
446,3020000027874-09-01,3020000015226-09-01,포장용용기,포장용 용기,http://plus.kipris.or.kr/openapi/fileToss.jsp?arg=75a63eed5a438998f9dc3380f5cb642cd56dcb0e0f0995b01b6467bd697fe99c3417ef7c1899dbda805e0d76a677f7ef16813942d4db74a2,http://plus.kipris.or.kr/openapi/fileToss.jsp?arg=75a63eed5a438998f9dc3380f5cb642cd56dcb0e0f0995b07ba686bc001e12b736b25ce876b15baea2cded5148e590e67f7856d3acca3f07,0.7600747346878052,0.9482362270355225,0.8165231943130493,0
447,3020000011907-09-01,3020000031167-09-01,포장용 용기,화장품용기,http://plus.kipris.or.kr/openapi/fileToss.jsp?arg=75a63eed5a438998f9dc3380f5cb642cd56dcb0e0f0995b070abdd713d0b290a0b1bd5557f830a4975f4d67bdf33d12fcdf3e5d922f98530,http://plus.kipris.or.kr/openapi/fileToss.jsp?arg=75a63eed5a438998f9dc3380f5cb642cd56dcb0e0f0995b089d7a621b89857a2bda1ae1f5599e317c61e99a88bb6420abc4d224cb97a021a,0.6501266956329346,0.790021538734436,0.692095160484314,0
448,3020000015229-09-01,3020000027734-09-01,포장용 용기,포장용 용기,http://plus.kipris.or.kr/openapi/fileToss.jsp?arg=75a63eed5a438998f9dc3380f5cb642cd56dcb0e0f0995b07ba686bc001e12b736b25ce876b15bae0e8aaa9c2ad9adfba2fbee6560e1f0ef,http://plus.kipris.or.kr/openapi/fileToss.jsp?arg=75a63eed5a438998f9dc3380f5cb642cd56dcb0e0f0995b01b6467bd697fe99c304237b1c4ccf2648bc1a773011b168e995f10973546d5f3,0.7372879981994629,0.9566774964332581,0.8031048774719238,0
449,3020000022024-09-01,3020000012072-09-01,포장용 병,샴푸용기,http://plus.kipris.or.kr/openapi/fileToss.jsp?arg=75a63eed5a438998f9dc3380f5cb642cd56dcb0e0f0995b02e6ec20e9488ca66d73e29b516cdfdccf54611c38e60fb2417cf1878ab68f1c6,http://plus.kipris.or.kr/openapi/fileToss.jsp?arg=75a63eed5a438998f9dc3380f5cb642cd56dcb0e0f0995b08964a6c84ce8cbe101428d44c160746ec10ea66642096ecbdc11c7932a773aa6,0.6780231595039368,0.6413184404373169,0.6670117378234863,0
450,3020000030702-09-01,3020000027881-09-01,음료수 병,겔물질 분배용 포장용기,http://plus.kipris.or.kr/openapi/fileToss.jsp?arg=75a63eed5a438998f9dc3380f5cb642cd56dcb0e0f0995b0b9420cad9c5990e0b9dddcdc7170a0769ff13faeaeaa94404ca37487e091c725,http://plus.kipris.or.kr/openapi/fileToss.jsp?arg=75a63eed5a438998f9dc3380f5cb642cd56dcb0e0f0995b01b6467bd697fe99cfe4409446e4a704c8be7ac65fc8f18ddb72fae72fe24dc5c,0.7332347631454468,0.7571246027946472,0.7404016852378845,0
451,3020000010705-09-01,3020000016041-09-01,화장품용기,포장용 통,http://plus.kipris.or.kr/openapi/fileToss.jsp?arg=75a63eed5a438998f9dc3380f5cb642cd56dcb0e0f0995b0ef3ea9b059e12421eb4ff90610f382b9e11a7aad05f556e000c13afd508eea5c,http://plus.kipris.or.kr/openapi/fileToss.jsp?arg=75a63eed5a438998f9dc3380f5cb642cd56dcb0e0f0995b0edd65ac4880d0f0c166bfa7c9e52a4a83b203a7f5192e6eba874fbec5d86818b,0.7477656006813049,0.7835001945495605,0.7584859728813171,0
452,3020000010705-09-01,3020000015282-09-01,화장품용기,화장품 용기,http://plus.kipris.or.kr/openapi/fileToss.jsp?arg=75a63eed5a438998f9dc3380f5cb642cd56dcb0e0f0995b0ef3ea9b059e12421eb4ff90610f382b9e11a7aad05f556e0b7888530200074d1,http://plus.kipris.or.kr/openapi/fileToss.jsp?arg=75a63eed5a438998f9dc3380f5cb642cd56dcb0e0f0995b07ba686bc001e12b75d136b4df6d33bb521e75c89274b2b2bec47f78420dd97a0,0.7066971063613892,0.9307882189750671,0.7739244699478149,0
453,3020000000778-09-01,3020000004095-09-01,포장용 용기,화장품용기,http://plus.kipris.or.kr/openapi/fileToss.jsp?arg=75a63eed5a438998f9dc3380f5cb642cd56dcb0e0f0995b0cc72ed919b3423003267d3a705c3e4d98f27ea2c522497ce8576d163bc7f1f6a,http://plus.kipris.or.kr/openapi/fileToss.jsp?arg=75a63eed5a438998f9dc3380f5cb642cd56dcb0e0f0995b03069a7817908f14f4572c71c40a02c1b29a3e9914aba67c6ec6359c935c0d373,0.7721773982048035,0.7857556343078613,0.7762508988380432,0
454,3020000008855-09-01,3020000022802-09-01,화장품 용기,화장품 용기,http://plus.kipris.or.kr/openapi/fileToss.jsp?arg=75a63eed5a438998f9dc3380f5cb642cd56dcb0e0f0995b06226a1b53136408c77446a31574122b0d4ee255adde4503b4f81426ee26e3a00,http://plus.kipris.or.kr/openapi/fileToss.jsp?arg=75a63eed5a438998f9dc3380f5cb642cd56dcb0e0f0995b02e6ec20e9488ca6644c75fa6ac71ce2ddfb25e1d5721ab156125110fe66b8538,0.7070751190185547,0.9168261885643005,0.7700004577636719,0
455,3020000017832-09-01,3020000024236-09-01,샴푸용 용기,화장품 용기,http://plus.kipris.or.kr/openapi/fileToss.jsp?arg=75a63eed5a438998f9dc3380f5cb642cd56dcb0e0f0995b0d8ee6709638b6fa1fddf850691b23642f5eb7e1e4cb47959482ef83691f206ea,http://plus.kipris.or.kr/openapi/fileToss.jsp?arg=75a63eed5a438998f9dc3380f5cb642cd56dcb0e0f0995b005b3db6b458aa73bfe66f6f53797fb534a72a454f5be7fe92fa3c7bfb26d4a3a,0.7245382070541382,0.7827043533325195,0.7419880628585815,0
456,3020000003577-09-01,3020000031066-09-01,양념 포장용기,화장품 용기,http://plus.kipris.or.kr/openapi/fileToss.jsp?arg=75a63eed5a438998f9dc3380f5cb642cd56dcb0e0f0995b00b66daf06c8a8306f40401ae66692a3c7ebf1dbf6e14db6229bfd4c42dda4d91,http://plus.kipris.or.kr/openapi/fileToss.jsp?arg=75a63eed5a438998f9dc3380f5cb642cd56dcb0e0f0995b089d7a621b89857a24e563e71b55eadee73f56adf95bfe56258eb40b06eb25e27,0.7536665201187134,0.7744741439819336,0.7599087953567505,0
457,3020000014579-09-01,3020000004361-09-01,화장품 용기,식음료용 병,http://plus.kipris.or.kr/openapi/fileToss.jsp?arg=75a63eed5a438998f9dc3380f5cb642cd56dcb0e0f0995b0606f4df1f99f4081da884fb4a8264f853de525951de7fb99ea682f3cb2d89b4f,http://plus.kipris.or.kr/openapi/fileToss.jsp?arg=75a63eed5a438998f9dc3380f5cb642cd56dcb0e0f0995b03069a7817908f14f862ab5db3dff0eb9326ff5b66dd75e8cdc92c0d7e34cd740,0.7001372575759888,0.7566893100738525,0.7171028852462769,0
458,3020000002082-09-01,3020000033636-09-01,화장품 용기,화장품 용기,http://plus.kipris.or.kr/openapi/fileToss.jsp?arg=75a63eed5a438998f9dc3380f5cb642cd56dcb0e0f0995b0680d52483fc7b07d3621f255e5f93b215d3d108e5dd08d7c97118f12e7a0059e,http://plus.kipris.or.kr/openapi/fileToss.jsp?arg=75a63eed5a438998f9dc3380f5cb642cd56dcb0e0f0995b0f32787804da8b7adcbf6ebf8d002420f4cdaa1d493e33f0b78fc2fe50f627359,0.7119032740592957,0.9007865786552429,0.7685682773590088,0
459,3020000024361-09-01,3020000015340-09-01,포장용 술병,포장용용기,http://plus.kipris.or.kr/openapi/fileToss.jsp?arg=75a63eed5a438998f9dc3380f5cb642cd56dcb0e0f0995b005b3db6b458aa73b20b29c3eb5bdefd278e8b9024d4f016eff9bc642d39de5e4,http://plus.kipris.or.kr/openapi/fileToss.jsp?arg=75a63eed5a438998f9dc3380f5cb642cd56dcb0e0f0995b07ba686bc001e12b775060f5fe4c5113b39bbb333b141abc1f3fced048cd75cc4,0.8145923614501953,0.8127992153167725,0.8140543699264526,0
460,3020000002988-09-01,3020000006435-09-01,화장품 용기,포장용 용기,http://plus.kipris.or.kr/openapi/fileToss.jsp?arg=75a63eed5a438998f9dc3380f5cb642cd56dcb0e0f0995b0680d52483fc7b07d6fe290517ec135e74f9e3dd1bc7c81cbaae8f6f17dd8c577,http://plus.kipris.or.kr/openapi/fileToss.jsp?arg=75a63eed5a438998f9dc3380f5cb642cd56dcb0e0f0995b0187836737e94fb39d6735824be9a53a7d1ed3c69c4b0e73d25897cf7d0c0b0bf,0.8046392798423767,0.8477872014045715,0.8175836801528931,0
461,3020000026844-09-01,3020000022036-09-01,화장품 용기,순간접착제용 용기,http://plus.kipris.or.kr/openapi/fileToss.jsp?arg=75a63eed5a438998f9dc3380f5cb642cd56dcb0e0f0995b035c516d305aed14571243152256c21dad8a464247adf2be41c9a0e3c08ff5e86,http://plus.kipris.or.kr/openapi/fileToss.jsp?arg=75a63eed5a438998f9dc3380f5cb642cd56dcb0e0f0995b02e6ec20e9488ca665918ec678ad60b7f45ee3a721ada425d8152fecf3bf738e5,0.8772232532501221,0.7387262582778931,0.8356741666793823,0
462,3020000006510-09-01,3020000023253-09-01,화장품 용기,식품용용기,http://plus.kipris.or.kr/openapi/fileToss.jsp?arg=75a63eed5a438998f9dc3380f5cb642cd56dcb0e0f0995b0187836737e94fb39ab7bc0f298779f6fafa27d2d80d6ae4d1d2b9a36b1ac246c,http://plus.kipris.or.kr/openapi/fileToss.jsp?arg=75a63eed5a438998f9dc3380f5cb642cd56dcb0e0f0995b09b1f6789fb975124ddde99bf437cdce86a02344d328de245e3118ac5443f4ce8,0.8774625062942505,0.7879287004470825,0.8506023287773132,0
463,3020000023861-09-01,3020000032447-09-01,화장품 용기,포장용 용기,http://plus.kipris.or.kr/openapi/fileToss.jsp?arg=75a63eed5a438998f9dc3380f5cb642cd56dcb0e0f0995b09b1f6789fb9751249d50c7f3b7f0515a7da19ff2e6aa311484e653aa7b421661,http://plus.kipris.or.kr/openapi/fileToss.jsp?arg=75a63eed5a438998f9dc3380f5cb642cd56dcb0e0f0995b056fef538e42de114adfcf72cc6314c12724d86072dd1e0e136b555002ab65144,0.839352011680603,0.8589591979980469,0.8452341556549072,0
464,3020000018873-09-01,3020000024464-09-01,화장품 용기,포장용 용기,http://plus.kipris.or.kr/openapi/fileToss.jsp?arg=75a63eed5a438998f9dc3380f5cb642cd56dcb0e0f0995b0deac54f8925f4c7d01c27b3b9348c7970f10a5e9739eef09433ba27120e16fc7,http://plus.kipris.or.kr/openapi/fileToss.jsp?arg=75a63eed5a438998f9dc3380f5cb642cd56dcb0e0f0995b005b3db6b458aa73be969790f4b87eaa52b93d5c5d55b60d3f5dfa3d21c135149,0.5781256556510925,0.8788211345672607,0.6683343052864075,0
465,3020000032580-09-01,3020000009397-09-01,화장품 용기,화장품 용기,http://plus.kipris.or.kr/openapi/fileToss.jsp?arg=75a63eed5a438998f9dc3380f5cb642cd56dcb0e0f0995b056fef538e42de114c938f9d32b974d970569e2f0bc439dca54ea32753ad8eb62,http://plus.kipris.or.kr/openapi/fileToss.jsp?arg=75a63eed5a438998f9dc3380f5cb642cd56dcb0e0f0995b073590199e4f1dc1639c043446a843f341fc2934575b22167758ccc8959781286,0.8373690843582153,0.8765183091163635,0.8491138219833374,0
466,3020000009318-09-01,3020000030343-09-01,화장품용기,화장품 용기,http://plus.kipris.or.kr/openapi/fileToss.jsp?arg=75a63eed5a438998f9dc3380f5cb642cd56dcb0e0f0995b073590199e4f1dc160d6f56a27c91bf2603769c37490c955f3d3a3550fd49a394,http://plus.kipris.or.kr/openapi/fileToss.jsp?arg=75a63eed5a438998f9dc3380f5cb642cd56dcb0e0f0995b0b9420cad9c5990e003a10973d6bdbbe30c9e2e3fef628cce073ab81ae273a20b,0.7708421945571899,0.8089519739151001,0.7822751402854919,0
467,3020000029206-09-01,3020000005940-09-01,음료용캔,화장품 용기,http://plus.kipris.or.kr/openapi/fileToss.jsp?arg=75a63eed5a438998f9dc3380f5cb642cd56dcb0e0f0995b011f68ef22f394dd2b6f51bfd28952d99654a7c38e8148a635b87769f7a9500a5,http://plus.kipris.or.kr/openapi/fileToss.jsp?arg=75a63eed5a438998f9dc3380f5cb642cd56dcb0e0f0995b08fe3e6d10b56cc3d0c2a77a9be3fcd51aa99775730a8a2f548a79e150ad5b045,0.8496038913726807,0.6867413520812988,0.8007451295852661,0
468,3020000014023-09-01,3020000030701-09-01,포장용 병,음료수 병,http://plus.kipris.or.kr/openapi/fileToss.jsp?arg=75a63eed5a438998f9dc3380f5cb642cd56dcb0e0f0995b0606f4df1f99f40815878d165002789aa5526a362d86a8dbd98a5bafcf834c0bc,http://plus.kipris.or.kr/openapi/fileToss.jsp?arg=75a63eed5a438998f9dc3380f5cb642cd56dcb0e0f0995b0b9420cad9c5990e0b9dddcdc7170a076e2534647fede03ce628e3f7eae6bf573,0.9209491014480591,0.8198546767234802,0.890620768070221,0
469,3020000016952-09-01,3020000002024-09-01,화장품 용기,포장용용기,http://plus.kipris.or.kr/openapi/fileToss.jsp?arg=75a63eed5a438998f9dc3380f5cb642cd56dcb0e0f0995b0edd65ac4880d0f0c46faa16d4d6673f103f15ad5032df0942092b5749a56c770,http://plus.kipris.or.kr/openapi/fileToss.jsp?arg=75a63eed5a438998f9dc3380f5cb642cd56dcb0e0f0995b0680d52483fc7b07dce8cf928834fb57ddd96de37e6cf724f26f1a39fc9026f04,0.7772446870803833,0.848720908164978,0.7986875772476196,0
470,3020000028261-09-01,3020000024008-09-01,화장품 용기,포장용 용기,http://plus.kipris.or.kr/openapi/fileToss.jsp?arg=75a63eed5a438998f9dc3380f5cb642cd56dcb0e0f0995b0227542a1f24a736122cfa453f48f4400fb8316e5f351d2cc335ad9983cfb7059,http://plus.kipris.or.kr/openapi/fileToss.jsp?arg=75a63eed5a438998f9dc3380f5cb642cd56dcb0e0f0995b005b3db6b458aa73b151a4a7d8a9837b37ab1ca3487f1f06744a75bca493603c7,0.7552017569541931,0.8577677011489868,0.7859715223312378,0
471,3020000007536-09-01,3020000023374-09-01,포장용 술병,화장품 용기,http://plus.kipris.or.kr/openapi/fileToss.jsp?arg=75a63eed5a438998f9dc3380f5cb642cd56dcb0e0f0995b0fdcd45318d7ff23c0d045c2fa1109ccbbf7bb6109df7d5734fcef54608e275ef,http://plus.kipris.or.kr/openapi/fileToss.jsp?arg=75a63eed5a438998f9dc3380f5cb642cd56dcb0e0f0995b09b1f6789fb97512449882dd38eee7b7064b74edfc76656647f71ba93cbba9be6,0.7813277840614319,0.8669318556785583,0.8070089817047119,0
472,3020000031165-09-01,3020000005311-09-01,화장품용기,화장품 용기,http://plus.kipris.or.kr/openapi/fileToss.jsp?arg=75a63eed5a438998f9dc3380f5cb642cd56dcb0e0f0995b089d7a621b89857a2bda1ae1f5599e3178632bd153853d7a3c09d67410d6c93ac,http://plus.kipris.or.kr/openapi/fileToss.jsp?arg=75a63eed5a438998f9dc3380f5cb642cd56dcb0e0f0995b08fe3e6d10b56cc3d6a7058d9a96cab40de9720b4b9585ebbb99a1fd43293b880,0.7231962084770203,0.9193112850189209,0.7820307016372681,0
473,3020000011029-09-01,3020000016952-09-01,음료 포장용 병,화장품 용기,http://plus.kipris.or.kr/openapi/fileToss.jsp?arg=75a63eed5a438998f9dc3380f5cb642cd56dcb0e0f0995b070abdd713d0b290ada1a9beb49be1f147b571f7e3467ed9b3d3206ba3839e06d,http://plus.kipris.or.kr/openapi/fileToss.jsp?arg=75a63eed5a438998f9dc3380f5cb642cd56dcb0e0f0995b0edd65ac4880d0f0c46faa16d4d6673f103f15ad5032df0942092b5749a56c770,0.7727286219596863,0.8213272094726562,0.7873081564903259,0
474,3020000015289-09-01,3020000017678-09-01,화장품 용기,화장품 용기,http://plus.kipris.or.kr/openapi/fileToss.jsp?arg=75a63eed5a438998f9dc3380f5cb642cd56dcb0e0f0995b07ba686bc001e12b75d136b4df6d33bb584d7d79f71a4cb7c162dd4525d44a3df,http://plus.kipris.or.kr/openapi/fileToss.jsp?arg=75a63eed5a438998f9dc3380f5cb642cd56dcb0e0f0995b0d8ee6709638b6fa1301e6f2c98fb3cd7cb5c72a4760d6b42ca976bb2c832000f,0.8816649913787842,0.8624076843261719,0.8758878111839294,0
475,3020000012833-09-01,3020000025395-09-01,향수병,화장품 용기,http://plus.kipris.or.kr/openapi/fileToss.jsp?arg=75a63eed5a438998f9dc3380f5cb642cd56dcb0e0f0995b08964a6c84ce8cbe136b914a53e58c31fb0792085df3a4301f852e577200ca86a,http://plus.kipris.or.kr/openapi/fileToss.jsp?arg=75a63eed5a438998f9dc3380f5cb642cd56dcb0e0f0995b07a28099d0ef98e17b4fee342a5c9b755709bd2c213784ebf276a6e7faca318ad,0.8295702934265137,0.7593867778778076,0.8085152506828308,0
476,3020000029032-09-01,3020000021170-09-01,포장용기,음료캔,http://plus.kipris.or.kr/openapi/fileToss.jsp?arg=75a63eed5a438998f9dc3380f5cb642cd56dcb0e0f0995b011f68ef22f394dd26e88aba601c1a5ffaffd7513bd7646c2c49b1d53e21f605b,http://plus.kipris.or.kr/openapi/fileToss.jsp?arg=75a63eed5a438998f9dc3380f5cb642cd56dcb0e0f0995b006449c7f1c85a4a7bec89f1fb749c251216a46bc23ca63c35d282221f95f1612,0.7670431137084961,0.7559613585472107,0.7637185454368591,0
477,3020000024360-09-01,3020000020569-09-01,포장용 술병,액체용기,http://plus.kipris.or.kr/openapi/fileToss.jsp?arg=75a63eed5a438998f9dc3380f5cb642cd56dcb0e0f0995b005b3db6b458aa73b20b29c3eb5bdefd21910298216c726c8c64423b8071e4b88,http://plus.kipris.or.kr/openapi/fileToss.jsp?arg=75a63eed5a438998f9dc3380f5cb642cd56dcb0e0f0995b0bea0399dd2b7a3e51bd7c881a493e52a791c7538a9639bdd4ec9046defd26537,0.7658815979957581,0.8243606090545654,0.7834253311157227,0
478,3020000007016-09-01,3020000031162-09-01,화장품 용기,포장용기,http://plus.kipris.or.kr/openapi/fileToss.jsp?arg=75a63eed5a438998f9dc3380f5cb642cd56dcb0e0f0995b0fdcd45318d7ff23c36f1af0f6d6ef803f906a7022218d5ff4270954edbd299fd,http://plus.kipris.or.kr/openapi/fileToss.jsp?arg=75a63eed5a438998f9dc3380f5cb642cd56dcb0e0f0995b089d7a621b89857a2bda1ae1f5599e317597821b50ca5d4881dc9059596e444f3,0.7187248468399048,0.8333600759506226,0.7531154155731201,0
479,3020000007014-09-01,3020000029918-09-01,화장품 용기,화장품 용기,http://plus.kipris.or.kr/openapi/fileToss.jsp?arg=75a63eed5a438998f9dc3380f5cb642cd56dcb0e0f0995b0fdcd45318d7ff23c36f1af0f6d6ef8038c2a5436c7df5ceb77f6c3c3772feb6d,http://plus.kipris.or.kr/openapi/fileToss.jsp?arg=75a63eed5a438998f9dc3380f5cb642cd56dcb0e0f0995b011f68ef22f394dd2f0b8046f71cf13a118ade17c41ebb3b70896a1387a685681,0.7495324611663818,0.9453378319740295,0.8082740306854248,0
480,3020000017373-09-01,3020000019784-09-01,포장용간장용기,식품포장용기,http://plus.kipris.or.kr/openapi/fileToss.jsp?arg=75a63eed5a438998f9dc3380f5cb642cd56dcb0e0f0995b0d8ee6709638b6fa1b9cc41fb9d879150833073c7f5088782d128b1c85ca2932e,http://plus.kipris.or.kr/openapi/fileToss.jsp?arg=75a63eed5a438998f9dc3380f5cb642cd56dcb0e0f0995b0f63a2eefd11079d0981ed2fff931e701fbc7d790be4e30329781eb0ee6ab086a,0.82301265001297,0.8608294129371643,0.834357738494873,0
481,3020000007445-09-01,3020000000843-09-01,샴푸용기,포장용 병,http://plus.kipris.or.kr/openapi/fileToss.jsp?arg=75a63eed5a438998f9dc3380f5cb642cd56dcb0e0f0995b0fdcd45318d7ff23c308bbaa2658dde0908ce1448e4d7f44e2e63d2c4281adb41,http://plus.kipris.or.kr/openapi/fileToss.jsp?arg=75a63eed5a438998f9dc3380f5cb642cd56dcb0e0f0995b0cc72ed919b342300e99b2acfcc6c677bc38cfbb896b57e90f51adc77a16c7638,0.7756780385971069,0.6492583751678467,0.7377520799636841,0
482,3020000011029-09-01,3020000031087-09-01,음료 포장용 병,포장용기,http://plus.kipris.or.kr/openapi/fileToss.jsp?arg=75a63eed5a438998f9dc3380f5cb642cd56dcb0e0f0995b070abdd713d0b290ada1a9beb49be1f147b571f7e3467ed9b7e87cdc737f116d9,http://plus.kipris.or.kr/openapi/fileToss.jsp?arg=75a63eed5a438998f9dc3380f5cb642cd56dcb0e0f0995b089d7a621b89857a2a6e995ef25b4de53b033069178f770584e63baea7c222d65,0.9307559728622437,0.8616546988487244,0.9100255966186523,0
483,3020000032583-09-01,3020000032580-09-01,화장품 용기,화장품 용기,http://plus.kipris.or.kr/openapi/fileToss.jsp?arg=75a63eed5a438998f9dc3380f5cb642cd56dcb0e0f0995b056fef538e42de114c938f9d32b974d9747ea4b93bd843ea7c75b1706ab7d2b64,http://plus.kipris.or.kr/openapi/fileToss.jsp?arg=75a63eed5a438998f9dc3380f5cb642cd56dcb0e0f0995b056fef538e42de114c938f9d32b974d970569e2f0bc439dca593500d1abc87b4b,0.7903105616569519,0.9371349215507507,0.8343578577041626,0
484,3020000011007-09-01,3020000024464-09-01,화장품 용기,포장용 용기,http://plus.kipris.or.kr/openapi/fileToss.jsp?arg=75a63eed5a438998f9dc3380f5cb642cd56dcb0e0f0995b070abdd713d0b290aa6f312245d3a82ee6abff9afa2ecfcfd1640c3370d3ec762,http://plus.kipris.or.kr/openapi/fileToss.jsp?arg=75a63eed5a438998f9dc3380f5cb642cd56dcb0e0f0995b005b3db6b458aa73be969790f4b87eaa52b93d5c5d55b60d3371ccd6e1f3ecff0,0.7507415413856506,0.8966758251190186,0.7945218086242676,0
485,3020000029032-09-01,3020000009605-09-01,포장용기,포장용용기,http://plus.kipris.or.kr/openapi/fileToss.jsp?arg=75a63eed5a438998f9dc3380f5cb642cd56dcb0e0f0995b011f68ef22f394dd26e88aba601c1a5ffaffd7513bd7646c2c9dafe51b28adf1f,http://plus.kipris.or.kr/openapi/fileToss.jsp?arg=75a63eed5a438998f9dc3380f5cb642cd56dcb0e0f0995b073590199e4f1dc16c4994de40142535656b5c33ac9d6f26d067f911efc648db8,0.8047770261764526,0.7527590990066528,0.7891716361045837,0
486,3020000028555-09-01,3020000032063-09-01,향수병{PERFUME BOTTLE},화장품 함,http://plus.kipris.or.kr/openapi/fileToss.jsp?arg=75a63eed5a438998f9dc3380f5cb642cd56dcb0e0f0995b0227542a1f24a73610c8bbe2556fb255ef8db2587fe0aeba647adc9db5fbf8840,http://plus.kipris.or.kr/openapi/fileToss.jsp?arg=75a63eed5a438998f9dc3380f5cb642cd56dcb0e0f0995b056fef538e42de1141cf4f2c16849838738260539392832189e5ad1c1a0234a3d,0.8157051801681519,0.7513765096664429,0.7964065670967102,0
487,3020000021952-09-01,3020000023372-09-01,포장용기,화장품 용기,http://plus.kipris.or.kr/openapi/fileToss.jsp?arg=75a63eed5a438998f9dc3380f5cb642cd56dcb0e0f0995b006449c7f1c85a4a78b7c1a7242ae14e9e8b76585bb2195b2e80b72f74011f142,http://plus.kipris.or.kr/openapi/fileToss.jsp?arg=75a63eed5a438998f9dc3380f5cb642cd56dcb0e0f0995b09b1f6789fb97512449882dd38eee7b70234d8f05dc016cf4241931a4e9300dd6,0.7296319007873535,0.7909092307090759,0.7480151057243347,0
488,3020000021180-09-01,3020000006090-09-01,포장용 용기,포장용 병,http://plus.kipris.or.kr/openapi/fileToss.jsp?arg=75a63eed5a438998f9dc3380f5cb642cd56dcb0e0f0995b006449c7f1c85a4a78954e4e205fc4f348a4e84b6df120aa8e0bfd70e66d0b049,http://plus.kipris.or.kr/openapi/fileToss.jsp?arg=75a63eed5a438998f9dc3380f5cb642cd56dcb0e0f0995b0187836737e94fb39b9d0139a39d2cc390be542fc4d85a6fbedf5bfebabe36cf4,0.7273402214050293,0.8156207203865051,0.7538244128227234,0
489,3020000012072-09-01,3020000023253-09-01,샴푸용기,식품용용기,http://plus.kipris.or.kr/openapi/fileToss.jsp?arg=75a63eed5a438998f9dc3380f5cb642cd56dcb0e0f0995b08964a6c84ce8cbe101428d44c160746ec10ea66642096ecb294d2269890601e1,http://plus.kipris.or.kr/openapi/fileToss.jsp?arg=75a63eed5a438998f9dc3380f5cb642cd56dcb0e0f0995b09b1f6789fb975124ddde99bf437cdce86a02344d328de2459bc6c1e9e7e28340,0.8702778816223145,0.6695592403411865,0.8100622892379761,0
490,3020000022802-09-01,3020000007445-09-01,화장품 용기,샴푸용기,http://plus.kipris.or.kr/openapi/fileToss.jsp?arg=75a63eed5a438998f9dc3380f5cb642cd56dcb0e0f0995b02e6ec20e9488ca6644c75fa6ac71ce2ddfb25e1d5721ab15341dbaafc4fd9e2a,http://plus.kipris.or.kr/openapi/fileToss.jsp?arg=75a63eed5a438998f9dc3380f5cb642cd56dcb0e0f0995b0fdcd45318d7ff23c308bbaa2658dde0908ce1448e4d7f44e2e63d2c4281adb41,0.8496948480606079,0.7387521266937256,0.8164120316505432,0
491,3020000022200-09-01,3020000028631-09-01,포장용 용기,술병,http://plus.kipris.or.kr/openapi/fileToss.jsp?arg=75a63eed5a438998f9dc3380f5cb642cd56dcb0e0f0995b02e6ec20e9488ca66a70689f8ed0b359ec2645961d3c02388c18f92304a5069cb,http://plus.kipris.or.kr/openapi/fileToss.jsp?arg=75a63eed5a438998f9dc3380f5cb642cd56dcb0e0f0995b0227542a1f24a7361586c928bcd47470382d4c3ca34587626c409f01e94d781d7,0.6918977499008179,0.8153064250946045,0.7289203405380249,0
492,3020000018092-09-01,3020000011907-09-01,액체 내용물 포장용 용기,포장용 용기,http://plus.kipris.or.kr/openapi/fileToss.jsp?arg=75a63eed5a438998f9dc3380f5cb642cd56dcb0e0f0995b0deac54f8925f4c7db087096564c2a8720026cc37eca14da502bf3f142535e28f,http://plus.kipris.or.kr/openapi/fileToss.jsp?arg=75a63eed5a438998f9dc3380f5cb642cd56dcb0e0f0995b070abdd713d0b290a0b1bd5557f830a4975f4d67bdf33d12f239e453d5faa08ca,0.6177183389663696,0.8614307641983032,0.6908320188522339,0
493,3020000032279-09-01,3020000023253-09-01,화장품 용기,식품용용기,http://plus.kipris.or.kr/openapi/fileToss.jsp?arg=75a63eed5a438998f9dc3380f5cb642cd56dcb0e0f0995b056fef538e42de1147cde78c9acdcc39826435626186d051b6bb3b01a514da0d2,http://plus.kipris.or.kr/openapi/fileToss.jsp?arg=75a63eed5a438998f9dc3380f5cb642cd56dcb0e0f0995b09b1f6789fb975124ddde99bf437cdce86a02344d328de245d59c086acdc0ea9a,0.8152807950973511,0.7946743965148926,0.8090988397598267,0
494,3020000014636-09-01,3020000027377-09-01,포장용 병,향 수 병,http://plus.kipris.or.kr/openapi/fileToss.jsp?arg=75a63eed5a438998f9dc3380f5cb642cd56dcb0e0f0995b0606f4df1f99f40812b87e9c8a19dc7be1036d90f246e56e9ad08a1aef377b122,http://plus.kipris.or.kr/openapi/fileToss.jsp?arg=75a63eed5a438998f9dc3380f5cb642cd56dcb0e0f0995b01b6467bd697fe99c825062ac0a4e0cbbf37c817a70113aa452182ddbf5c722fc,0.6767451763153076,0.832023024559021,0.7233285307884216,0
495,3020000029153-09-01,3020000018765-09-01,화장품 용기,음료병,http://plus.kipris.or.kr/openapi/fileToss.jsp?arg=75a63eed5a438998f9dc3380f5cb642cd56dcb0e0f0995b011f68ef22f394dd29eecc76719f91605bd6e2b7afc320865cbd36d60e5259a5a,http://plus.kipris.or.kr/openapi/fileToss.jsp?arg=75a63eed5a438998f9dc3380f5cb642cd56dcb0e0f0995b0deac54f8925f4c7dff73e655a395ca11d5ec212f9f189ae18577f87c4b4535c4,0.7780190706253052,0.6141873598098755,0.7288695573806763,0
496,3020000025496-09-01,3020000006435-09-01,화장품용기,포장용 용기,http://plus.kipris.or.kr/openapi/fileToss.jsp?arg=75a63eed5a438998f9dc3380f5cb642cd56dcb0e0f0995b07a28099d0ef98e17fe87dc1610c15d7febbc7abbf82666fc722ddd3d0a9be207,http://plus.kipris.or.kr/openapi/fileToss.jsp?arg=75a63eed5a438998f9dc3380f5cb642cd56dcb0e0f0995b0187836737e94fb39d6735824be9a53a7d1ed3c69c4b0e73d42ffcfda6351df9a,0.8302125930786133,0.814948558807373,0.8256334066390991,0
497,3020000025496-09-01,3020000002988-09-01,화장품용기,화장품 용기,http://plus.kipris.or.kr/openapi/fileToss.jsp?arg=75a63eed5a438998f9dc3380f5cb642cd56dcb0e0f0995b07a28099d0ef98e17fe87dc1610c15d7febbc7abbf82666fca133394183d87902,http://plus.kipris.or.kr/openapi/fileToss.jsp?arg=75a63eed5a438998f9dc3380f5cb642cd56dcb0e0f0995b0680d52483fc7b07d6fe290517ec135e74f9e3dd1bc7c81cb886b296530fa6cb0,0.8560956716537476,0.8900285959243774,0.8662755489349365,0
498,3020000017455-09-01,3020000018766-09-01,화장품 용기,음료병,http://plus.kipris.or.kr/openapi/fileToss.jsp?arg=75a63eed5a438998f9dc3380f5cb642cd56dcb0e0f0995b0d8ee6709638b6fa1605fd1147d87744e95705c59a14473abafe03b2b780e1f97,http://plus.kipris.or.kr/openapi/fileToss.jsp?arg=75a63eed5a438998f9dc3380f5cb642cd56dcb0e0f0995b0deac54f8925f4c7dff73e655a395ca11482114226fa5828874c52d9b097feefb,0.8243906497955322,0.6092181205749512,0.759838879108429,0
499,3020000021275-09-01,3020000024956-09-01,화장품 용기,화장품용기,http://plus.kipris.or.kr/openapi/fileToss.jsp?arg=75a63eed5a438998f9dc3380f5cb642cd56dcb0e0f0995b006449c7f1c85a4a7de0ff8d7dc536a1cde2ebc06e63861214eff3398d7b590a0,http://plus.kipris.or.kr/openapi/fileToss.jsp?arg=75a63eed5a438998f9dc3380f5cb642cd56dcb0e0f0995b005b3db6b458aa73be2c5f00e2cd5aa81a4f8318a69793afec01d28202322d4e4,0.8285959959030151,0.9462020397186279,0.8638778328895569,0
500,3020000001359-09-01,3020000027388-09-01,포장용병,포장용 용기,http://plus.kipris.or.kr/openapi/fileToss.jsp?arg=75a63eed5a438998f9dc3380f5cb642cd56dcb0e0f0995b0b700f0235c7824b0bee8638aea77cc447498725a26726401c8f22e1b5b940a21,http://plus.kipris.or.kr/openapi/fileToss.jsp?arg=75a63eed5a438998f9dc3380f5cb642cd56dcb0e0f0995b01b6467bd697fe99cc883ae80263b6d6f03450d55259062fb371cafe241e78f91,0.8427000045776367,0.8591905236244202,0.8476471900939941,0
501,3020000021422-09-01,3020000031694-09-01,화장품 용기,화장품 용기,http://plus.kipris.or.kr/openapi/fileToss.jsp?arg=75a63eed5a438998f9dc3380f5cb642cd56dcb0e0f0995b006449c7f1c85a4a7e93b067df666c42493cd6ac1ba8fe92eeb227bfccd0650be,http://plus.kipris.or.kr/openapi/fileToss.jsp?arg=75a63eed5a438998f9dc3380f5cb642cd56dcb0e0f0995b089d7a621b89857a2fe66ea06c9f515a9803d07ec72b799597144b8b329f315cf,0.6184867024421692,0.9306372404098511,0.7121318578720093,0
502,3020000024712-09-01,3020000011558-09-01,에어컨 세정 스프레이,술병,http://plus.kipris.or.kr/openapi/fileToss.jsp?arg=75a63eed5a438998f9dc3380f5cb642cd56dcb0e0f0995b005b3db6b458aa73b478bbee24fff2a97c1e7346cd4e6d36a48f3ed8c91561bbb,http://plus.kipris.or.kr/openapi/fileToss.jsp?arg=75a63eed5a438998f9dc3380f5cb642cd56dcb0e0f0995b070abdd713d0b290a44af382d81afbb12e7c9bd040680775c2e03ed438f67356d,0.7186527848243713,0.5591968894004822,0.6708160042762756,0
503,3020000000847-09-01,3020000017455-09-01,포장용 병,화장품 용기,http://plus.kipris.or.kr/openapi/fileToss.jsp?arg=75a63eed5a438998f9dc3380f5cb642cd56dcb0e0f0995b0cc72ed919b342300e99b2acfcc6c677b67dc73b104714909dff371af4dbc2ea5,http://plus.kipris.or.kr/openapi/fileToss.jsp?arg=75a63eed5a438998f9dc3380f5cb642cd56dcb0e0f0995b0d8ee6709638b6fa1605fd1147d87744e95705c59a14473abe2ec43bbad7eb681,0.836423397064209,0.7764941453933716,0.8184446096420288,0
504,3020000032584-09-01,3020000015388-09-01,화장품 용기,화장품 용기,http://plus.kipris.or.kr/openapi/fileToss.jsp?arg=75a63eed5a438998f9dc3380f5cb642cd56dcb0e0f0995b056fef538e42de114c938f9d32b974d9723be97f20af4fe531e56eba34940f89f,http://plus.kipris.or.kr/openapi/fileToss.jsp?arg=75a63eed5a438998f9dc3380f5cb642cd56dcb0e0f0995b07ba686bc001e12b78250fd8339f4eec1965fe05fc5d6d3d0aa644054525b9227,0.6199542284011841,0.9551371335983276,0.7205091118812561,0
505,3020000004487-09-01,3020000029020-09-01,화장품 용기,화장품 용기,http://plus.kipris.or.kr/openapi/fileToss.jsp?arg=75a63eed5a438998f9dc3380f5cb642cd56dcb0e0f0995b03069a7817908f14f55bc66521fca1f114f22f288a18e06618170c40d952a7b69,http://plus.kipris.or.kr/openapi/fileToss.jsp?arg=75a63eed5a438998f9dc3380f5cb642cd56dcb0e0f0995b011f68ef22f394dd23d3e52e393d986e319bf88371b57d9b899ba9a0e99f58c00,0.7736968994140625,0.9608149528503418,0.8298323154449463,0
506,3020000005379-09-01,3020000014636-09-01,포장용 술병,포장용 병,http://plus.kipris.or.kr/openapi/fileToss.jsp?arg=75a63eed5a438998f9dc3380f5cb642cd56dcb0e0f0995b08fe3e6d10b56cc3d7130e33ba6c2605b9e77521b40d6dd65c5a5ee6338c45597,http://plus.kipris.or.kr/openapi/fileToss.jsp?arg=75a63eed5a438998f9dc3380f5cb642cd56dcb0e0f0995b0606f4df1f99f40812b87e9c8a19dc7be1036d90f246e56e9ad08a1aef377b122,0.8250569701194763,0.966894805431366,0.8676083087921143,0
507,3020000024535-09-01,3020000015281-09-01,화장품 용기,화장품 용기,http://plus.kipris.or.kr/openapi/fileToss.jsp?arg=75a63eed5a438998f9dc3380f5cb642cd56dcb0e0f0995b005b3db6b458aa73bad765829c40530d0e0f716a805419d64795de945e4172b88,http://plus.kipris.or.kr/openapi/fileToss.jsp?arg=75a63eed5a438998f9dc3380f5cb642cd56dcb0e0f0995b07ba686bc001e12b75d136b4df6d33bb5ee7af5f7920fa4cdd6f83d7151296302,0.8156421184539795,0.8922362327575684,0.8386203646659851,0
508,3020000014720-09-01,3020000025561-09-01,음료수 병,세제용기,http://plus.kipris.or.kr/openapi/fileToss.jsp?arg=75a63eed5a438998f9dc3380f5cb642cd56dcb0e0f0995b0606f4df1f99f408147acd64ca7a100af79f950bb027a98d8a9caa90b9b3fd060,http://plus.kipris.or.kr/openapi/fileToss.jsp?arg=75a63eed5a438998f9dc3380f5cb642cd56dcb0e0f0995b07a28099d0ef98e171a64a952b3c73897cb417e4d393a3750c818e6c2150c3049,0.748694121837616,0.8061847686767578,0.765941321849823,0
509,3020000009398-09-01,3020000000847-09-01,화장품 용기,포장용 병,http://plus.kipris.or.kr/openapi/fileToss.jsp?arg=75a63eed5a438998f9dc3380f5cb642cd56dcb0e0f0995b073590199e4f1dc1639c043446a843f3453d8537be613b734f0bcb2696dd3591d,http://plus.kipris.or.kr/openapi/fileToss.jsp?arg=75a63eed5a438998f9dc3380f5cb642cd56dcb0e0f0995b0cc72ed919b342300e99b2acfcc6c677b67dc73b10471490975cb5962edda8b35,0.7379957437515259,0.7936189770698547,0.754682719707489,0
510,3020000030342-09-01,3020000031842-09-01,화장품 용기,포장용 병,http://plus.kipris.or.kr/openapi/fileToss.jsp?arg=75a63eed5a438998f9dc3380f5cb642cd56dcb0e0f0995b0b9420cad9c5990e003a10973d6bdbbe34aae12fced3042638b836effb7d6dfd5,http://plus.kipris.or.kr/openapi/fileToss.jsp?arg=75a63eed5a438998f9dc3380f5cb642cd56dcb0e0f0995b089d7a621b89857a23924c6b693bd0ccfdcc7562a1bfe4ba013dd07a254cf43b0,0.6929408311843872,0.701977014541626,0.6956517100334167,0
511,3020000025496-09-01,3020000029312-09-01,화장품용기,술병,http://plus.kipris.or.kr/openapi/fileToss.jsp?arg=75a63eed5a438998f9dc3380f5cb642cd56dcb0e0f0995b07a28099d0ef98e17fe87dc1610c15d7febbc7abbf82666fc0904266d1fcd1cfb,http://plus.kipris.or.kr/openapi/fileToss.jsp?arg=75a63eed5a438998f9dc3380f5cb642cd56dcb0e0f0995b011f68ef22f394dd2827ea165d016d0f0e26f05fa79b582de751b66d08362af3b,0.6763157248497009,0.7248978614807129,0.690890371799469,0
512,3020000001557-09-01,3020000007013-09-01,화장품 용기,화장품 용기,http://plus.kipris.or.kr/openapi/fileToss.jsp?arg=75a63eed5a438998f9dc3380f5cb642cd56dcb0e0f0995b0b700f0235c7824b02742d12238f52e5f07b186765f20838991c4f761cd8abb4c,http://plus.kipris.or.kr/openapi/fileToss.jsp?arg=75a63eed5a438998f9dc3380f5cb642cd56dcb0e0f0995b0fdcd45318d7ff23c36f1af0f6d6ef8030ecaef5f51830e0f77dc2d0649df558b,0.8534130454063416,0.9788187742233276,0.891034722328186,0
513,3020000023190-09-01,3020000029211-09-01,포장용 통,포장용 용기,http://plus.kipris.or.kr/openapi/fileToss.jsp?arg=75a63eed5a438998f9dc3380f5cb642cd56dcb0e0f0995b09b1f6789fb975124959c8fec340e8be8b38df9a068b350e086a3b30c7ace8d7f,http://plus.kipris.or.kr/openapi/fileToss.jsp?arg=75a63eed5a438998f9dc3380f5cb642cd56dcb0e0f0995b011f68ef22f394dd2cbe811d661abacb57f7d34fff32a6abf2b18f9c55bbcedcb,0.8581184148788452,0.8631798028945923,0.8596367835998535,0
514,3020000017832-09-01,3020000033316-09-01,샴푸용 용기,포장용 용기,http://plus.kipris.or.kr/openapi/fileToss.jsp?arg=75a63eed5a438998f9dc3380f5cb642cd56dcb0e0f0995b0d8ee6709638b6fa1fddf850691b23642f5eb7e1e4cb47959323ee1a45c6ec8b3,http://plus.kipris.or.kr/openapi/fileToss.jsp?arg=75a63eed5a438998f9dc3380f5cb642cd56dcb0e0f0995b0f32787804da8b7ad8e33740856216fb3f426ffae314a9ef86be14bf8b6533de5,0.7301661968231201,0.8372440338134766,0.7622895240783691,0
515,3020000004298-09-01,3020000000039-09-01,화장품 용기,포장용 병,http://plus.kipris.or.kr/openapi/fileToss.jsp?arg=75a63eed5a438998f9dc3380f5cb642cd56dcb0e0f0995b03069a7817908f14f5c65ec481892902746cda1b0085c286eb4ab8400f1fb8993,http://plus.kipris.or.kr/openapi/fileToss.jsp?arg=75a63eed5a438998f9dc3380f5cb642cd56dcb0e0f0995b0cc72ed919b342300e663df0ee35bc8c6f313984ff39eaf8e3c54bedf18f8dc36,0.6945422887802124,0.7653809785842896,0.7157939076423645,0
516,3020000015200-09-01,3020000017679-09-01,화장품 용기,화장품 용기,http://plus.kipris.or.kr/openapi/fileToss.jsp?arg=75a63eed5a438998f9dc3380f5cb642cd56dcb0e0f0995b07ba686bc001e12b7ebd23e10645d463a3bdf3df38bb1a275a7012039717e4c4d,http://plus.kipris.or.kr/openapi/fileToss.jsp?arg=75a63eed5a438998f9dc3380f5cb642cd56dcb0e0f0995b0d8ee6709638b6fa1301e6f2c98fb3cd7a3bb760df179f32f2c3fc25f0d88ffb1,0.7061327695846558,0.8733375668525696,0.7562942504882812,0
517,3020000007445-09-01,3020000008855-09-01,샴푸용기,화장품 용기,http://plus.kipris.or.kr/openapi/fileToss.jsp?arg=75a63eed5a438998f9dc3380f5cb642cd56dcb0e0f0995b0fdcd45318d7ff23c308bbaa2658dde0908ce1448e4d7f44eff1edb7debcad47b,http://plus.kipris.or.kr/openapi/fileToss.jsp?arg=75a63eed5a438998f9dc3380f5cb642cd56dcb0e0f0995b06226a1b53136408c77446a31574122b0d4ee255adde4503b4f81426ee26e3a00,0.6667976379394531,0.784480094909668,0.7021023631095886,0
518,3020000022812-09-01,3020000032584-09-01,포장용 병,화장품 용기,http://plus.kipris.or.kr/openapi/fileToss.jsp?arg=75a63eed5a438998f9dc3380f5cb642cd56dcb0e0f0995b02e6ec20e9488ca663ad59844fd3ba6d2d1f8ed2d2803d4e46250911ecc16c947,http://plus.kipris.or.kr/openapi/fileToss.jsp?arg=75a63eed5a438998f9dc3380f5cb642cd56dcb0e0f0995b056fef538e42de114c938f9d32b974d9723be97f20af4fe531e56eba34940f89f,0.747694194316864,0.8369510173797607,0.7744712829589844,0
519,3020000014030-09-01,3020000024237-09-01,화장품 용기,화장품 용기,http://plus.kipris.or.kr/openapi/fileToss.jsp?arg=75a63eed5a438998f9dc3380f5cb642cd56dcb0e0f0995b0606f4df1f99f4081c635518eb2e9ae224c414ca4a2923d3be1fc58e6982555bd,http://plus.kipris.or.kr/openapi/fileToss.jsp?arg=75a63eed5a438998f9dc3380f5cb642cd56dcb0e0f0995b005b3db6b458aa73bfe66f6f53797fb536dc6f239657d4539f4cbe9367f1679ab,0.8087759613990784,0.9055551290512085,0.837809681892395,0
520,3020000007445-09-01,3020000029211-09-01,샴푸용기,포장용 용기,http://plus.kipris.or.kr/openapi/fileToss.jsp?arg=75a63eed5a438998f9dc3380f5cb642cd56dcb0e0f0995b0fdcd45318d7ff23c308bbaa2658dde0908ce1448e4d7f44e7fca61bce901d051,http://plus.kipris.or.kr/openapi/fileToss.jsp?arg=75a63eed5a438998f9dc3380f5cb642cd56dcb0e0f0995b011f68ef22f394dd2cbe811d661abacb57f7d34fff32a6abf2ee7561cfa0c5369,0.9022259712219238,0.6981367468833923,0.8409992456436157,0
521,3020000029519-09-01,3020000028666-09-01,화장품용기,포장용 용기,http://plus.kipris.or.kr/openapi/fileToss.jsp?arg=75a63eed5a438998f9dc3380f5cb642cd56dcb0e0f0995b011f68ef22f394dd24829751c8f656ff96ba2fd9af1dcc133d25e3283d381f0eb,http://plus.kipris.or.kr/openapi/fileToss.jsp?arg=75a63eed5a438998f9dc3380f5cb642cd56dcb0e0f0995b0227542a1f24a7361e3d4617c23baf447860c1fd3c78d389afcba85cac13b9c0d,0.7554239630699158,0.8079084753990173,0.7711693644523621,0
522,3020000025777-09-01,3020000021678-09-01,화장품 용기,포장용 용기,http://plus.kipris.or.kr/openapi/fileToss.jsp?arg=75a63eed5a438998f9dc3380f5cb642cd56dcb0e0f0995b07a28099d0ef98e17b856995e50d7dd6b930e7b2715be9f66cc56eba3434e5d59,http://plus.kipris.or.kr/openapi/fileToss.jsp?arg=75a63eed5a438998f9dc3380f5cb642cd56dcb0e0f0995b006449c7f1c85a4a76082ed448bf618402e55be8115692589fe9a561904195c30,0.8642077445983887,0.7446267604827881,0.8283334374427795,0
523,3020000024700-09-01,3020000029879-09-01,화장품 용기,화장품용기,http://plus.kipris.or.kr/openapi/fileToss.jsp?arg=75a63eed5a438998f9dc3380f5cb642cd56dcb0e0f0995b005b3db6b458aa73bbe736c671d94092b7d1206dcbc128626e26672ea5a9fff39,http://plus.kipris.or.kr/openapi/fileToss.jsp?arg=75a63eed5a438998f9dc3380f5cb642cd56dcb0e0f0995b011f68ef22f394dd26a964075748e6c1809aa21b6b39ae67712373683d4521ff1,0.8920539021492004,0.9713068008422852,0.9158297777175903,0
524,3020000031444-09-01,3020000017722-09-01,화장품 용기,포장용 통,http://plus.kipris.or.kr/openapi/fileToss.jsp?arg=75a63eed5a438998f9dc3380f5cb642cd56dcb0e0f0995b089d7a621b89857a21e79e0b1232a9ae91a3f9080e95cd3ddb7e9c1fba06190c8,http://plus.kipris.or.kr/openapi/fileToss.jsp?arg=75a63eed5a438998f9dc3380f5cb642cd56dcb0e0f0995b0d8ee6709638b6fa1f4bde39beae5710fcd253a9a4823a8c0c9104bb9dd8e1b5b,0.7934213876724243,0.7386828064918518,0.776999831199646,0
525,3020000030843-09-01,3020000015830-09-01,화장품용기,화장품용기,http://plus.kipris.or.kr/openapi/fileToss.jsp?arg=75a63eed5a438998f9dc3380f5cb642cd56dcb0e0f0995b0b9420cad9c5990e0a4a05627aedca40ca750b1c56ce2af31ad48d0977ddf98ee,http://plus.kipris.or.kr/openapi/fileToss.jsp?arg=75a63eed5a438998f9dc3380f5cb642cd56dcb0e0f0995b07ba686bc001e12b7d26e09af6146358c38574e668718dd264123a49ae0475fec,0.7855195999145508,0.9439120292663574,0.8330373167991638,0
526,3020000017906-09-01,3020000015227-09-01,화장품 용기,포장용 용기,http://plus.kipris.or.kr/openapi/fileToss.jsp?arg=75a63eed5a438998f9dc3380f5cb642cd56dcb0e0f0995b0d8ee6709638b6fa1182d19b659de8ba0d8f8a423c1711cc8bd78c926b5fcb3b5,http://plus.kipris.or.kr/openapi/fileToss.jsp?arg=75a63eed5a438998f9dc3380f5cb642cd56dcb0e0f0995b07ba686bc001e12b736b25ce876b15bae7730a44f7e7c3c6341152e9952495956,0.756469190120697,0.8218891024589539,0.7760951519012451,0
527,3020000002476-09-01,3020000000414-09-01,화장품 용기,포장용 용기,http://plus.kipris.or.kr/openapi/fileToss.jsp?arg=75a63eed5a438998f9dc3380f5cb642cd56dcb0e0f0995b0680d52483fc7b07df16a5d956a617ab8f7c6e699c1ad01fc4244bdc2ea450d80,http://plus.kipris.or.kr/openapi/fileToss.jsp?arg=75a63eed5a438998f9dc3380f5cb642cd56dcb0e0f0995b0cc72ed919b3423006edf72b06342e35d7d678bd865bf2d85434e5346a844576a,0.8255529999732971,0.872840404510498,0.8397392630577087,0
528,3020000032447-09-01,3020000018871-09-01,포장용 용기,화장품 용기,http://plus.kipris.or.kr/openapi/fileToss.jsp?arg=75a63eed5a438998f9dc3380f5cb642cd56dcb0e0f0995b056fef538e42de114adfcf72cc6314c12724d86072dd1e0e136b555002ab65144,http://plus.kipris.or.kr/openapi/fileToss.jsp?arg=75a63eed5a438998f9dc3380f5cb642cd56dcb0e0f0995b0deac54f8925f4c7d01c27b3b9348c797506af132d8ad44a8cacd636453f46cf0,0.6511446833610535,0.8711978197097778,0.7171606421470642,0
529,3020000021170-09-01,3020000010115-09-01,음료캔,포장용병,http://plus.kipris.or.kr/openapi/fileToss.jsp?arg=75a63eed5a438998f9dc3380f5cb642cd56dcb0e0f0995b006449c7f1c85a4a7bec89f1fb749c251216a46bc23ca63c35d282221f95f1612,http://plus.kipris.or.kr/openapi/fileToss.jsp?arg=75a63eed5a438998f9dc3380f5cb642cd56dcb0e0f0995b0ef3ea9b059e12421080b6dad73dec2d96a478d5f45e543b36c377a1e244e49c9,0.7938812971115112,0.7483808398246765,0.7802311182022095,0
530,3020000006438-09-01,3020000029019-09-01,화장품용기,화장품 용기,http://plus.kipris.or.kr/openapi/fileToss.jsp?arg=75a63eed5a438998f9dc3380f5cb642cd56dcb0e0f0995b0187836737e94fb39d6735824be9a53a7e1edc7ee54fa0b09877cd0212c91484c,http://plus.kipris.or.kr/openapi/fileToss.jsp?arg=75a63eed5a438998f9dc3380f5cb642cd56dcb0e0f0995b011f68ef22f394dd2390c13707ca28de788875746926698e55ac59c029f5f63b9,0.7194505333900452,0.9481990337371826,0.7880750894546509,0
531,3020000030698-09-01,3020000014579-09-01,음료용 병,화장품 용기,http://plus.kipris.or.kr/openapi/fileToss.jsp?arg=75a63eed5a438998f9dc3380f5cb642cd56dcb0e0f0995b0b9420cad9c5990e0fedfec3ce9cb4a02f555a1df4c240a2e9b832ff34c639864,http://plus.kipris.or.kr/openapi/fileToss.jsp?arg=75a63eed5a438998f9dc3380f5cb642cd56dcb0e0f0995b0606f4df1f99f4081da884fb4a8264f853de525951de7fb9955187a623ad7e243,0.8154257535934448,0.7771052718162537,0.8039296269416809,0
532,3020000029877-09-01,3020000000962-09-01,화장품용기,포장용 병,http://plus.kipris.or.kr/openapi/fileToss.jsp?arg=75a63eed5a438998f9dc3380f5cb642cd56dcb0e0f0995b011f68ef22f394dd26a964075748e6c188d7c175d4f7b5669defd960b765b7066,http://plus.kipris.or.kr/openapi/fileToss.jsp?arg=75a63eed5a438998f9dc3380f5cb642cd56dcb0e0f0995b0cc72ed919b3423001ec5b0b95cb6d97de6848fcad7d2dac21329684a4e171730,0.7684066891670227,0.6515252590179443,0.7333422303199768,0
533,3020000031066-09-01,3020000022161-09-01,화장품 용기,화장품용기,http://plus.kipris.or.kr/openapi/fileToss.jsp?arg=75a63eed5a438998f9dc3380f5cb642cd56dcb0e0f0995b089d7a621b89857a24e563e71b55eadee73f56adf95bfe56222bf5a60459b3758,http://plus.kipris.or.kr/openapi/fileToss.jsp?arg=75a63eed5a438998f9dc3380f5cb642cd56dcb0e0f0995b02e6ec20e9488ca6619e7d183ad07870d0e1f720ac109996a5bde7c4245eae0ee,0.5843368172645569,0.877280056476593,0.6722198128700256,0
534,3020000022812-09-01,3020000029153-09-01,포장용 병,화장품 용기,http://plus.kipris.or.kr/openapi/fileToss.jsp?arg=75a63eed5a438998f9dc3380f5cb642cd56dcb0e0f0995b02e6ec20e9488ca663ad59844fd3ba6d2d1f8ed2d2803d4e455aa8ef0a54360d1,http://plus.kipris.or.kr/openapi/fileToss.jsp?arg=75a63eed5a438998f9dc3380f5cb642cd56dcb0e0f0995b011f68ef22f394dd29eecc76719f91605bd6e2b7afc3208655d8ab0dd2a46be0f,0.8743047118186951,0.788237988948822,0.8484846949577332,0
535,3020000025082-09-01,3020000030842-09-01,화장품 용기,화장품용기,http://plus.kipris.or.kr/openapi/fileToss.jsp?arg=75a63eed5a438998f9dc3380f5cb642cd56dcb0e0f0995b07a28099d0ef98e17803670e82954ba5e12b0a859bd0e152dafc9b0990c74a153,http://plus.kipris.or.kr/openapi/fileToss.jsp?arg=75a63eed5a438998f9dc3380f5cb642cd56dcb0e0f0995b0b9420cad9c5990e0a4a05627aedca40c6c5b6bb702b1070311d083b32e1d44df,0.8372625112533569,0.9498628377914429,0.8710426092147827,0
536,3020000029756-09-01,3020000024484-09-01,포장용 병,화장품 용기,http://plus.kipris.or.kr/openapi/fileToss.jsp?arg=75a63eed5a438998f9dc3380f5cb642cd56dcb0e0f0995b011f68ef22f394dd22a0df6146d523614037efe9cecec5ea94fef6864e908bb0f,http://plus.kipris.or.kr/openapi/fileToss.jsp?arg=75a63eed5a438998f9dc3380f5cb642cd56dcb0e0f0995b005b3db6b458aa73b12ac262f8b7ca850ea83ae6d2ac6738d05a8e05c7a8b38a1,0.7328569889068604,0.7941493988037109,0.7512447237968445,0
537,3020000006436-09-01,3020000031088-09-01,포장용 용기,포장용기,http://plus.kipris.or.kr/openapi/fileToss.jsp?arg=75a63eed5a438998f9dc3380f5cb642cd56dcb0e0f0995b0187836737e94fb39d6735824be9a53a73fc77ea3035de78fb942f448f35a6382,http://plus.kipris.or.kr/openapi/fileToss.jsp?arg=75a63eed5a438998f9dc3380f5cb642cd56dcb0e0f0995b089d7a621b89857a2a6e995ef25b4de530e075e7abc9b8c53c9881cbcd0d0dcd4,0.7632457613945007,0.8980882167816162,0.8036984801292419,0
538,3020000004362-09-01,3020000029878-09-01,식음료용 병,화장품용기,http://plus.kipris.or.kr/openapi/fileToss.jsp?arg=75a63eed5a438998f9dc3380f5cb642cd56dcb0e0f0995b03069a7817908f14f862ab5db3dff0eb92fd7fdd29ff88e10e68518103f9aa43f,http://plus.kipris.or.kr/openapi/fileToss.jsp?arg=75a63eed5a438998f9dc3380f5cb642cd56dcb0e0f0995b011f68ef22f394dd26a964075748e6c18658a49f80968cb3efcec971907002c4d,0.7233017086982727,0.7148328423500061,0.7207610607147217,0
539,3020000021829-09-01,3020000010705-09-01,화장품 용기,화장품용기,http://plus.kipris.or.kr/openapi/fileToss.jsp?arg=75a63eed5a438998f9dc3380f5cb642cd56dcb0e0f0995b006449c7f1c85a4a7b1e65d46d0f161f0338df3c924e96618b7f1a024dd0c7270,http://plus.kipris.or.kr/openapi/fileToss.jsp?arg=75a63eed5a438998f9dc3380f5cb642cd56dcb0e0f0995b0ef3ea9b059e12421eb4ff90610f382b9e11a7aad05f556e021870fceec3c8a8c,0.8293426632881165,0.9458121061325073,0.864283561706543,0
540,3020000025081-09-01,3020000022161-09-01,화장품 용기,화장품용기,http://plus.kipris.or.kr/openapi/fileToss.jsp?arg=75a63eed5a438998f9dc3380f5cb642cd56dcb0e0f0995b07a28099d0ef98e17803670e82954ba5ecaeb44c9f89127913ffe60f8020f1acd,http://plus.kipris.or.kr/openapi/fileToss.jsp?arg=75a63eed5a438998f9dc3380f5cb642cd56dcb0e0f0995b02e6ec20e9488ca6619e7d183ad07870d0e1f720ac109996a1d2cefb942e57211,0.6104597449302673,0.9473786354064941,0.7115354537963867,0
541,3020000000962-09-01,3020000031527-09-01,포장용 병,화장품 용기,http://plus.kipris.or.kr/openapi/fileToss.jsp?arg=75a63eed5a438998f9dc3380f5cb642cd56dcb0e0f0995b0cc72ed919b3423001ec5b0b95cb6d97de6848fcad7d2dac20897fd5c767b2915,http://plus.kipris.or.kr/openapi/fileToss.jsp?arg=75a63eed5a438998f9dc3380f5cb642cd56dcb0e0f0995b089d7a621b89857a23ad00b91ca782d29ff9782162cd5e3a208bc25bf7598f50b,0.8526520133018494,0.6410955190658569,0.7891850471496582,0
542,3020000031825-09-01,3020000010608-09-01,포장용 통,향수용기,http://plus.kipris.or.kr/openapi/fileToss.jsp?arg=75a63eed5a438998f9dc3380f5cb642cd56dcb0e0f0995b089d7a621b89857a260d6d19455edef4751e7dff37af5264c99e5ba1aebaabf4d,http://plus.kipris.or.kr/openapi/fileToss.jsp?arg=75a63eed5a438998f9dc3380f5cb642cd56dcb0e0f0995b0ef3ea9b059e12421ac8898e2abf04f2abfe0c93f850ea724344ce4c87b2fd672,0.8711113929748535,0.7800469398498535,0.8437920808792114,0
543,3020000015673-09-01,3020000012834-09-01,드링크 병,향수병,http://plus.kipris.or.kr/openapi/fileToss.jsp?arg=75a63eed5a438998f9dc3380f5cb642cd56dcb0e0f0995b07ba686bc001e12b796bf2c17c8027db4f3c520ca9733a7ac6a606041b3517c4d,http://plus.kipris.or.kr/openapi/fileToss.jsp?arg=75a63eed5a438998f9dc3380f5cb642cd56dcb0e0f0995b08964a6c84ce8cbe136b914a53e58c31f8da15c97024331bb78309cac95046170,0.7787005305290222,0.7965389490127563,0.7840520739555359,0
544,3020000032940-09-01,3020000030008-09-01,화장품 용기,포장용 술병,http://plus.kipris.or.kr/openapi/fileToss.jsp?arg=75a63eed5a438998f9dc3380f5cb642cd56dcb0e0f0995b056fef538e42de114e7558e56be909ac7d9ed1a5414fe7bdf6db00d593cef8d6d,http://plus.kipris.or.kr/openapi/fileToss.jsp?arg=75a63eed5a438998f9dc3380f5cb642cd56dcb0e0f0995b0b9420cad9c5990e0672c1f955478a2c8edc8866b796d29a65fb2094b849e67cb,0.8107256889343262,0.7815910577774048,0.8019853234291077,0
545,3020000016129-09-01,3020000019084-09-01,음료용 병,화장품 용기,http://plus.kipris.or.kr/openapi/fileToss.jsp?arg=75a63eed5a438998f9dc3380f5cb642cd56dcb0e0f0995b0edd65ac4880d0f0c25087b935b4ee47a7a96c2768917e36865cab326eeaabbeb,http://plus.kipris.or.kr/openapi/fileToss.jsp?arg=75a63eed5a438998f9dc3380f5cb642cd56dcb0e0f0995b0f63a2eefd11079d0da75e7bf06c36ac6c2b18771e96448d15344d4cc707e1e1e,0.7755981683731079,0.7632613182067871,0.7718970775604248,0
546,3020000011007-09-01,3020000023861-09-01,화장품 용기,화장품 용기,http://plus.kipris.or.kr/openapi/fileToss.jsp?arg=75a63eed5a438998f9dc3380f5cb642cd56dcb0e0f0995b070abdd713d0b290aa6f312245d3a82ee6abff9afa2ecfcfd171d6d8fed2f1c66,http://plus.kipris.or.kr/openapi/fileToss.jsp?arg=75a63eed5a438998f9dc3380f5cb642cd56dcb0e0f0995b09b1f6789fb9751249d50c7f3b7f0515a7da19ff2e6aa31141186f9113b74d961,0.8177093863487244,0.9672569036483765,0.8625736236572266,0
547,3020000016430-09-01,3020000003008-09-01,포장용기,포장용 용기,http://plus.kipris.or.kr/openapi/fileToss.jsp?arg=75a63eed5a438998f9dc3380f5cb642cd56dcb0e0f0995b0edd65ac4880d0f0c232cb6b80bc0e8a33808bf7b0bacd52f7bfaa2bd14f4159f,http://plus.kipris.or.kr/openapi/fileToss.jsp?arg=75a63eed5a438998f9dc3380f5cb642cd56dcb0e0f0995b00b66daf06c8a830629ab74559564aad1045d3af6b0bf2d75d3214e0eaa0522f9,0.6522437334060669,0.8160796165466309,0.7013944983482361,0
548,3020000015284-09-01,3020000030342-09-01,화장품 용기,화장품 용기,http://plus.kipris.or.kr/openapi/fileToss.jsp?arg=75a63eed5a438998f9dc3380f5cb642cd56dcb0e0f0995b07ba686bc001e12b75d136b4df6d33bb5919118e79bdfe43b0d13d883cdcbcccb,http://plus.kipris.or.kr/openapi/fileToss.jsp?arg=75a63eed5a438998f9dc3380f5cb642cd56dcb0e0f0995b0b9420cad9c5990e003a10973d6bdbbe34aae12fced3042634d23c4a69989b8c1,0.8362587094306946,0.8595582246780396,0.8432486057281494,0
549,3020000028283-09-01,3020000012835-09-01,포장용 용기,향수병,http://plus.kipris.or.kr/openapi/fileToss.jsp?arg=75a63eed5a438998f9dc3380f5cb642cd56dcb0e0f0995b0227542a1f24a7361c5f2b82111502f215f83c11efd778e7b3e677bb050ad4dd3,http://plus.kipris.or.kr/openapi/fileToss.jsp?arg=75a63eed5a438998f9dc3380f5cb642cd56dcb0e0f0995b08964a6c84ce8cbe136b914a53e58c31f5a71b47ce7755bd57ba8fb98a8413d52,0.8183962106704712,0.774904727935791,0.8053487539291382,0
550,3020000015292-09-01,3020000017906-09-01,화장품 용기,화장품 용기,http://plus.kipris.or.kr/openapi/fileToss.jsp?arg=75a63eed5a438998f9dc3380f5cb642cd56dcb0e0f0995b07ba686bc001e12b76e1758ca08fef1f14f2a37a2d5f23b27ea30a7c2b89c1936,http://plus.kipris.or.kr/openapi/fileToss.jsp?arg=75a63eed5a438998f9dc3380f5cb642cd56dcb0e0f0995b0d8ee6709638b6fa1182d19b659de8ba0d8f8a423c1711cc8ba3b30a2259ef4b2,0.7965752482414246,0.8979891538619995,0.8269994258880615,0
551,3020000024555-09-01,3020000022024-09-01,화장품 용기,포장용 병,http://plus.kipris.or.kr/openapi/fileToss.jsp?arg=75a63eed5a438998f9dc3380f5cb642cd56dcb0e0f0995b005b3db6b458aa73b5f84b5e88bb806fd5a05a0493fbf9dcb685dd282614839b6,http://plus.kipris.or.kr/openapi/fileToss.jsp?arg=75a63eed5a438998f9dc3380f5cb642cd56dcb0e0f0995b02e6ec20e9488ca66d73e29b516cdfdccf54611c38e60fb24919f24604c65165c,0.6249757409095764,0.7824082970619202,0.6722055077552795,0
552,3020000025935-09-01,3020000026567-09-01,플라스틱병,화장품 용기,http://plus.kipris.or.kr/openapi/fileToss.jsp?arg=75a63eed5a438998f9dc3380f5cb642cd56dcb0e0f0995b07a28099d0ef98e17823896417f37d3fc4aef395a76d308436facf12e8231fea3,http://plus.kipris.or.kr/openapi/fileToss.jsp?arg=75a63eed5a438998f9dc3380f5cb642cd56dcb0e0f0995b035c516d305aed145c7f1101716b813f88495dcf894aa37038d885f27618cb5e5,0.7468648552894592,0.8396111130714417,0.774688720703125,0
553,3020000030702-09-01,3020000023253-09-01,음료수 병,식품용용기,http://plus.kipris.or.kr/openapi/fileToss.jsp?arg=75a63eed5a438998f9dc3380f5cb642cd56dcb0e0f0995b0b9420cad9c5990e0b9dddcdc7170a0769ff13faeaeaa94409b5ea68e3ca8d2a1,http://plus.kipris.or.kr/openapi/fileToss.jsp?arg=75a63eed5a438998f9dc3380f5cb642cd56dcb0e0f0995b09b1f6789fb975124ddde99bf437cdce86a02344d328de2459bc6c1e9e7e28340,0.8138477802276611,0.7901522517204285,0.8067391514778137,0
554,3020000004362-09-01,3020000020333-09-01,식음료용 병,로션 용기,http://plus.kipris.or.kr/openapi/fileToss.jsp?arg=75a63eed5a438998f9dc3380f5cb642cd56dcb0e0f0995b03069a7817908f14f862ab5db3dff0eb92fd7fdd29ff88e108e89d348d5fd85ab,http://plus.kipris.or.kr/openapi/fileToss.jsp?arg=75a63eed5a438998f9dc3380f5cb642cd56dcb0e0f0995b0bea0399dd2b7a3e511aac18d04956000c14c0f8247425f64695fc0b13bb2beb7,0.7397189140319824,0.661877453327179,0.7163665294647217,0
555,3020000013605-09-01,3020000020571-09-01,화장품 용기,화장품 용기,http://plus.kipris.or.kr/openapi/fileToss.jsp?arg=75a63eed5a438998f9dc3380f5cb642cd56dcb0e0f0995b0bdcfae06342df685b5160b34fe202fbff398f486934ae14f18749a6df54e589d,http://plus.kipris.or.kr/openapi/fileToss.jsp?arg=75a63eed5a438998f9dc3380f5cb642cd56dcb0e0f0995b0bea0399dd2b7a3e5b435903018a1a9f5132e0826c9f45c0b3fe3f4c92d53f17c,0.779529869556427,0.9178000092506409,0.821010947227478,0
556,3020000032583-09-01,3020000031162-09-01,화장품 용기,포장용기,http://plus.kipris.or.kr/openapi/fileToss.jsp?arg=75a63eed5a438998f9dc3380f5cb642cd56dcb0e0f0995b056fef538e42de114c938f9d32b974d9747ea4b93bd843ea785d36e577249525b,http://plus.kipris.or.kr/openapi/fileToss.jsp?arg=75a63eed5a438998f9dc3380f5cb642cd56dcb0e0f0995b089d7a621b89857a2bda1ae1f5599e317597821b50ca5d488e5e36846bded27e3,0.8150307536125183,0.812179446220398,0.8141753673553467,0
557,3020000032584-09-01,3020000016998-09-01,화장품 용기,포장용 용기,http://plus.kipris.or.kr/openapi/fileToss.jsp?arg=75a63eed5a438998f9dc3380f5cb642cd56dcb0e0f0995b056fef538e42de114c938f9d32b974d9723be97f20af4fe53218faa36b8299c18,http://plus.kipris.or.kr/openapi/fileToss.jsp?arg=75a63eed5a438998f9dc3380f5cb642cd56dcb0e0f0995b0edd65ac4880d0f0cc2c085a4246e7b663e595944c7ecaccfa0f125475777a96d,0.856365442276001,0.8221938610076904,0.846113920211792,0
558,3020000029919-09-01,3020000000847-09-01,화장품 용기,포장용 병,http://plus.kipris.or.kr/openapi/fileToss.jsp?arg=75a63eed5a438998f9dc3380f5cb642cd56dcb0e0f0995b011f68ef22f394dd2f0b8046f71cf13a1b9d33cb8e9020588f74d6fc8da8bb334,http://plus.kipris.or.kr/openapi/fileToss.jsp?arg=75a63eed5a438998f9dc3380f5cb642cd56dcb0e0f0995b0cc72ed919b342300e99b2acfcc6c677b67dc73b104714909c8350d870ebd8627,0.8161567449569702,0.7691145539283752,0.8020440340042114,0
559,3020000024465-09-01,3020000024557-09-01,포장용 용기,화장품 용기,http://plus.kipris.or.kr/openapi/fileToss.jsp?arg=75a63eed5a438998f9dc3380f5cb642cd56dcb0e0f0995b005b3db6b458aa73be969790f4b87eaa590971886d7a6ca3eca5c21edfc41aa09,http://plus.kipris.or.kr/openapi/fileToss.jsp?arg=75a63eed5a438998f9dc3380f5cb642cd56dcb0e0f0995b005b3db6b458aa73b5f84b5e88bb806fd701ec43f9850a0776be08715eee8a272,0.7900365591049194,0.922046959400177,0.8296396732330322,0
560,3020000016423-09-01,3020000028555-09-01,화장품 용기,향수병{PERFUME BOTTLE},http://plus.kipris.or.kr/openapi/fileToss.jsp?arg=75a63eed5a438998f9dc3380f5cb642cd56dcb0e0f0995b0edd65ac4880d0f0cde88f35c1b19cc9c55a541844b9516d20e124d85b6a93260,http://plus.kipris.or.kr/openapi/fileToss.jsp?arg=75a63eed5a438998f9dc3380f5cb642cd56dcb0e0f0995b0227542a1f24a73610c8bbe2556fb255ef8db2587fe0aeba6c9d0f0a13491459f,0.7138432264328003,0.7412807941436768,0.7220745086669922,0
561,3020000015504-09-01,3020000006438-09-01,에센스 용기,화장품용기,http://plus.kipris.or.kr/openapi/fileToss.jsp?arg=75a63eed5a438998f9dc3380f5cb642cd56dcb0e0f0995b07ba686bc001e12b758e859cb1aaaedad479739969bbfd1d495d887e4b3879e0f,http://plus.kipris.or.kr/openapi/fileToss.jsp?arg=75a63eed5a438998f9dc3380f5cb642cd56dcb0e0f0995b0187836737e94fb39d6735824be9a53a7e1edc7ee54fa0b0956812cf1b776e13b,0.8209389448165894,0.8898704648017883,0.8416184186935425,0
562,3020000028626-09-01,3020000015190-09-01,포장용 병,음료용기,http://plus.kipris.or.kr/openapi/fileToss.jsp?arg=75a63eed5a438998f9dc3380f5cb642cd56dcb0e0f0995b0227542a1f24a7361a615bd7b9a4da4d25314d588717f4a347cc7015f96a5edbb,http://plus.kipris.or.kr/openapi/fileToss.jsp?arg=75a63eed5a438998f9dc3380f5cb642cd56dcb0e0f0995b07ba686bc001e12b7246632b98d0401193c3717f00aa55808ffeea4fcfbc89edf,0.8722778558731079,0.6745602488517761,0.8129625916481018,0
563,3020000024484-09-01,3020000010996-09-01,화장품 용기,포장용 용기,http://plus.kipris.or.kr/openapi/fileToss.jsp?arg=75a63eed5a438998f9dc3380f5cb642cd56dcb0e0f0995b005b3db6b458aa73b12ac262f8b7ca850ea83ae6d2ac6738da5189524b9d3a563,http://plus.kipris.or.kr/openapi/fileToss.jsp?arg=75a63eed5a438998f9dc3380f5cb642cd56dcb0e0f0995b0ef3ea9b059e1242154c6c6b21c086873fec4e762b42098f732f2d90255669bae,0.7657098174095154,0.8833683729171753,0.8010073900222778,0
564,3020000028261-09-01,3020000006727-09-01,화장품 용기,세제용 포장용기,http://plus.kipris.or.kr/openapi/fileToss.jsp?arg=75a63eed5a438998f9dc3380f5cb642cd56dcb0e0f0995b0227542a1f24a736122cfa453f48f4400fb8316e5f351d2cc335ad9983cfb7059,http://plus.kipris.or.kr/openapi/fileToss.jsp?arg=75a63eed5a438998f9dc3380f5cb642cd56dcb0e0f0995b0187836737e94fb3936dc5400ed0040d0d21887e1a0ec868014a5c4c418404460,0.9362998008728027,0.8024799823760986,0.8961538672447205,0
565,3020000022365-09-01,3020000017301-09-01,화장품용기,포장용 용기,http://plus.kipris.or.kr/openapi/fileToss.jsp?arg=75a63eed5a438998f9dc3380f5cb642cd56dcb0e0f0995b02e6ec20e9488ca667220594ecf4822650c1479d6f12cd5981ec315ad830d74c2,http://plus.kipris.or.kr/openapi/fileToss.jsp?arg=75a63eed5a438998f9dc3380f5cb642cd56dcb0e0f0995b0d8ee6709638b6fa147789b22cdad698429792590cfe896e3dc2eb2a38b479808,0.645429253578186,0.7817264199256897,0.6863183975219727,0
566,3020000021180-09-01,3020000017500-09-01,포장용 용기,포장용 용기,http://plus.kipris.or.kr/openapi/fileToss.jsp?arg=75a63eed5a438998f9dc3380f5cb642cd56dcb0e0f0995b006449c7f1c85a4a78954e4e205fc4f348a4e84b6df120aa83cbe924f6b96f975,http://plus.kipris.or.kr/openapi/fileToss.jsp?arg=75a63eed5a438998f9dc3380f5cb642cd56dcb0e0f0995b0d8ee6709638b6fa11020c731eccb4d075f80d2fe240a7cb0cd7329300a69125f,0.776246964931488,0.9541952610015869,0.8296314477920532,0
567,3020000030881-09-01,3020000015227-09-01,화장품 용기,포장용 용기,http://plus.kipris.or.kr/openapi/fileToss.jsp?arg=75a63eed5a438998f9dc3380f5cb642cd56dcb0e0f0995b0b9420cad9c5990e04c31abfa39740297661cfe583bee5c313e8be549758f9bb5,http://plus.kipris.or.kr/openapi/fileToss.jsp?arg=75a63eed5a438998f9dc3380f5cb642cd56dcb0e0f0995b07ba686bc001e12b736b25ce876b15bae7730a44f7e7c3c63eb601fa40e3c91bd,0.731163501739502,0.860308051109314,0.7699068784713745,0
568,3020000023960-09-01,3020000024957-09-01,향수용 분무기,화장품용기,http://plus.kipris.or.kr/openapi/fileToss.jsp?arg=75a63eed5a438998f9dc3380f5cb642cd56dcb0e0f0995b09b1f6789fb97512435c6663bfd5ed5613a4a1a91772f17181056a9b689dc3c21,http://plus.kipris.or.kr/openapi/fileToss.jsp?arg=75a63eed5a438998f9dc3380f5cb642cd56dcb0e0f0995b005b3db6b458aa73be2c5f00e2cd5aa81f6e7b0e86f7ef30828b3d7364554d905,0.8262017965316772,0.770301103591919,0.8094315528869629,0
569,3020000015227-09-01,3020000005898-09-01,포장용 용기,화장품 용기,http://plus.kipris.or.kr/openapi/fileToss.jsp?arg=75a63eed5a438998f9dc3380f5cb642cd56dcb0e0f0995b07ba686bc001e12b736b25ce876b15bae7730a44f7e7c3c6341152e9952495956,http://plus.kipris.or.kr/openapi/fileToss.jsp?arg=75a63eed5a438998f9dc3380f5cb642cd56dcb0e0f0995b08fe3e6d10b56cc3d9f98bc4caf4fb052f4fcc92f245ce3353874cea15438cd6a,0.8186554908752441,0.8505496978759766,0.8282237648963928,0
570,3020000007536-09-01,3020000006745-09-01,포장용 술병,화장품 용기,http://plus.kipris.or.kr/openapi/fileToss.jsp?arg=75a63eed5a438998f9dc3380f5cb642cd56dcb0e0f0995b0fdcd45318d7ff23c0d045c2fa1109ccbbf7bb6109df7d5734fcef54608e275ef,http://plus.kipris.or.kr/openapi/fileToss.jsp?arg=75a63eed5a438998f9dc3380f5cb642cd56dcb0e0f0995b0187836737e94fb396332e3fa732ce845f8c27c7491e8a6754b3db67e483244c0,0.8669688701629639,0.8081874251365662,0.8493344783782959,0
571,3020000002082-09-01,3020000015292-09-01,화장품 용기,화장품 용기,http://plus.kipris.or.kr/openapi/fileToss.jsp?arg=75a63eed5a438998f9dc3380f5cb642cd56dcb0e0f0995b0680d52483fc7b07d3621f255e5f93b215d3d108e5dd08d7c6e706cfcda385681,http://plus.kipris.or.kr/openapi/fileToss.jsp?arg=75a63eed5a438998f9dc3380f5cb642cd56dcb0e0f0995b07ba686bc001e12b76e1758ca08fef1f14f2a37a2d5f23b2715bf4ddfd737eadd,0.7365202903747559,0.9481558799743652,0.8000109791755676,0
572,3020000026403-09-01,3020000013863-09-01,액체 화장품 용기,포장용 용기,http://plus.kipris.or.kr/openapi/fileToss.jsp?arg=75a63eed5a438998f9dc3380f5cb642cd56dcb0e0f0995b035c516d305aed14500996500c539b991471cdddbac838f413783ed0d310efe62,http://plus.kipris.or.kr/openapi/fileToss.jsp?arg=75a63eed5a438998f9dc3380f5cb642cd56dcb0e0f0995b0bdcfae06342df685f8cbf1fb50c4736d6ca4029587136d109ae06555a6df6658,0.8482731580734253,0.7562759518623352,0.8206740021705627,0
573,3020000030342-09-01,3020000021877-09-01,화장품 용기,포장용 병,http://plus.kipris.or.kr/openapi/fileToss.jsp?arg=75a63eed5a438998f9dc3380f5cb642cd56dcb0e0f0995b0b9420cad9c5990e003a10973d6bdbbe34aae12fced3042636306cfbe6bddd20b,http://plus.kipris.or.kr/openapi/fileToss.jsp?arg=75a63eed5a438998f9dc3380f5cb642cd56dcb0e0f0995b006449c7f1c85a4a70414a8256ca494f5043ecd5ebd0c3ee44a010eb500c920cc,0.7494015693664551,0.688118040561676,0.7310165166854858,0
574,3020000030342-09-01,3020000011907-09-01,화장품 용기,포장용 용기,http://plus.kipris.or.kr/openapi/fileToss.jsp?arg=75a63eed5a438998f9dc3380f5cb642cd56dcb0e0f0995b0b9420cad9c5990e003a10973d6bdbbe34aae12fced3042634d23c4a69989b8c1,http://plus.kipris.or.kr/openapi/fileToss.jsp?arg=75a63eed5a438998f9dc3380f5cb642cd56dcb0e0f0995b070abdd713d0b290a0b1bd5557f830a4975f4d67bdf33d12f85455569222ff29f,0.7922931909561157,0.8319904804229736,0.8042023777961731,0
575,3020000024443-09-01,3020000011702-09-01,화장품 용기,포장용 용기,http://plus.kipris.or.kr/openapi/fileToss.jsp?arg=75a63eed5a438998f9dc3380f5cb642cd56dcb0e0f0995b005b3db6b458aa73b827884159da4efa3241ff3f1a86abd3566c446ad7b797441,http://plus.kipris.or.kr/openapi/fileToss.jsp?arg=75a63eed5a438998f9dc3380f5cb642cd56dcb0e0f0995b070abdd713d0b290ac325e975e3fdd65a337014d876206ef6760f42d7cb395e53,0.929049015045166,0.8771989345550537,0.9134939908981323,0
576,3020000022833-09-01,3020000012833-09-01,화장품 용기,향수병,http://plus.kipris.or.kr/openapi/fileToss.jsp?arg=75a63eed5a438998f9dc3380f5cb642cd56dcb0e0f0995b02e6ec20e9488ca66130eded9a6166686f02a4eb76ba91ba4b311827704c13665,http://plus.kipris.or.kr/openapi/fileToss.jsp?arg=75a63eed5a438998f9dc3380f5cb642cd56dcb0e0f0995b08964a6c84ce8cbe136b914a53e58c31fb0792085df3a43014349456413fa62dc,0.7644938826560974,0.761637270450592,0.7636368870735168,0
577,3020000025561-09-01,3020000032584-09-01,세제용기,화장품 용기,http://plus.kipris.or.kr/openapi/fileToss.jsp?arg=75a63eed5a438998f9dc3380f5cb642cd56dcb0e0f0995b07a28099d0ef98e171a64a952b3c73897cb417e4d393a375003175eb94a86d7c8,http://plus.kipris.or.kr/openapi/fileToss.jsp?arg=75a63eed5a438998f9dc3380f5cb642cd56dcb0e0f0995b056fef538e42de114c938f9d32b974d9723be97f20af4fe537b34b90ee587dfc9,0.8722313642501831,0.820380687713623,0.8566761612892151,0
578,3020000026844-09-01,3020000018091-09-01,화장품 용기,액체 내용물 포장용 용기,http://plus.kipris.or.kr/openapi/fileToss.jsp?arg=75a63eed5a438998f9dc3380f5cb642cd56dcb0e0f0995b035c516d305aed14571243152256c21dad8a464247adf2be4a1c888fff6b56e10,http://plus.kipris.or.kr/openapi/fileToss.jsp?arg=75a63eed5a438998f9dc3380f5cb642cd56dcb0e0f0995b0deac54f8925f4c7db087096564c2a872bf69aa715bc78a4b176823e342138f78,0.8051443099975586,0.8407561182975769,0.8158278465270996,0
579,3020000022438-09-01,3020000032279-09-01,포장용 용기,화장품 용기,http://plus.kipris.or.kr/openapi/fileToss.jsp?arg=75a63eed5a438998f9dc3380f5cb642cd56dcb0e0f0995b02e6ec20e9488ca6663752f4fd76355c5c8a13f1ee8f31a925e9b36a274ae869a,http://plus.kipris.or.kr/openapi/fileToss.jsp?arg=75a63eed5a438998f9dc3380f5cb642cd56dcb0e0f0995b056fef538e42de1147cde78c9acdcc39826435626186d051b6bb3b01a514da0d2,0.8315306305885315,0.8453737497329712,0.8356835842132568,0
580,3020000010608-09-01,3020000008383-09-01,향수용기,화장품 용기,http://plus.kipris.or.kr/openapi/fileToss.jsp?arg=75a63eed5a438998f9dc3380f5cb642cd56dcb0e0f0995b0ef3ea9b059e12421ac8898e2abf04f2abfe0c93f850ea724cde689613db0d8ce,http://plus.kipris.or.kr/openapi/fileToss.jsp?arg=75a63eed5a438998f9dc3380f5cb642cd56dcb0e0f0995b06226a1b53136408c5412bc4c3b3d3f2d2ede433e4f304a9083ca6af66c845b91,0.8473476767539978,0.7983613014221191,0.8326517343521118,0
581,3020000033316-09-01,3020000018498-09-01,포장용 용기,화장품 용기,http://plus.kipris.or.kr/openapi/fileToss.jsp?arg=75a63eed5a438998f9dc3380f5cb642cd56dcb0e0f0995b0f32787804da8b7ad8e33740856216fb3f426ffae314a9ef8cbafc4454a235bdd,http://plus.kipris.or.kr/openapi/fileToss.jsp?arg=75a63eed5a438998f9dc3380f5cb642cd56dcb0e0f0995b0deac54f8925f4c7d1bc725e43ac88c2028d559bd06e57c377494108532e10742,0.7874442338943481,0.773269534111023,0.7831918001174927,0
582,3020000009318-09-01,3020000032162-09-01,화장품용기,화장품 용기,http://plus.kipris.or.kr/openapi/fileToss.jsp?arg=75a63eed5a438998f9dc3380f5cb642cd56dcb0e0f0995b073590199e4f1dc160d6f56a27c91bf2603769c37490c955f3e1866c141c7ce39,http://plus.kipris.or.kr/openapi/fileToss.jsp?arg=75a63eed5a438998f9dc3380f5cb642cd56dcb0e0f0995b056fef538e42de1141ca79b9eea990224c760b062d4d71d442df6803ed45607c3,0.7177747488021851,0.9018245935440063,0.7729896903038025,0
583,3020000004249-09-01,3020000010608-09-01,향수용기,향수용기,http://plus.kipris.or.kr/openapi/fileToss.jsp?arg=75a63eed5a438998f9dc3380f5cb642cd56dcb0e0f0995b03069a7817908f14fa773e0122ae173ab13156cf6a3dc80addd529f7883839b22,http://plus.kipris.or.kr/openapi/fileToss.jsp?arg=75a63eed5a438998f9dc3380f5cb642cd56dcb0e0f0995b0ef3ea9b059e12421ac8898e2abf04f2abfe0c93f850ea724cde689613db0d8ce,0.7047724723815918,0.9329100847244263,0.7732137441635132,0
584,3020000010998-09-01,3020000015339-09-01,포장용 용기,포장용용기,http://plus.kipris.or.kr/openapi/fileToss.jsp?arg=75a63eed5a438998f9dc3380f5cb642cd56dcb0e0f0995b0ef3ea9b059e1242154c6c6b21c086873fa90fc2cd032beb634340a31ef7535b4,http://plus.kipris.or.kr/openapi/fileToss.jsp?arg=75a63eed5a438998f9dc3380f5cb642cd56dcb0e0f0995b07ba686bc001e12b728fe4adef1c4451cf9a1474bbf259849b188d846ad9f9535,0.795785129070282,0.9986088275909424,0.8566322326660156,0
585,3020000015457-09-01,3020000016129-09-01,포장용 병,음료용 병,http://plus.kipris.or.kr/openapi/fileToss.jsp?arg=75a63eed5a438998f9dc3380f5cb642cd56dcb0e0f0995b07ba686bc001e12b739fc00a00738800f11b276c8c1ad430b20cf11b830b45bed,http://plus.kipris.or.kr/openapi/fileToss.jsp?arg=75a63eed5a438998f9dc3380f5cb642cd56dcb0e0f0995b0edd65ac4880d0f0c25087b935b4ee47a7a96c2768917e36865cab326eeaabbeb,0.7709878087043762,0.8380632400512695,0.7911103963851929,0
586,3020000021952-09-01,3020000030342-09-01,포장용기,화장품 용기,http://plus.kipris.or.kr/openapi/fileToss.jsp?arg=75a63eed5a438998f9dc3380f5cb642cd56dcb0e0f0995b006449c7f1c85a4a78b7c1a7242ae14e9e8b76585bb2195b2b6efeaf5cec5b420,http://plus.kipris.or.kr/openapi/fileToss.jsp?arg=75a63eed5a438998f9dc3380f5cb642cd56dcb0e0f0995b0b9420cad9c5990e003a10973d6bdbbe34aae12fced3042638b836effb7d6dfd5,0.7233165502548218,0.7523704767227173,0.7320327162742615,0
587,3020000013865-09-01,3020000017722-09-01,포장용 용기,포장용 통,http://plus.kipris.or.kr/openapi/fileToss.jsp?arg=75a63eed5a438998f9dc3380f5cb642cd56dcb0e0f0995b0bdcfae06342df685f8cbf1fb50c4736dc7e864ab1e9ff08d6a7a5c653841ba9b,http://plus.kipris.or.kr/openapi/fileToss.jsp?arg=75a63eed5a438998f9dc3380f5cb642cd56dcb0e0f0995b0d8ee6709638b6fa1f4bde39beae5710fcd253a9a4823a8c0efd86e91c43fb3c0,0.8607069849967957,0.8380638360977173,0.8539140224456787,0
588,3020000003036-09-01,3020000021438-09-01,샴푸 용기,포장용용기,http://plus.kipris.or.kr/openapi/fileToss.jsp?arg=75a63eed5a438998f9dc3380f5cb642cd56dcb0e0f0995b00b66daf06c8a83066ca29919efe34e1eb3799e6ace917d9a7ef915606261f56b,http://plus.kipris.or.kr/openapi/fileToss.jsp?arg=75a63eed5a438998f9dc3380f5cb642cd56dcb0e0f0995b006449c7f1c85a4a77af12798cb61bd12e9ee25a7f9a1aa6f28e5af7258bf1d14,0.7991445660591125,0.6877741813659668,0.7657334804534912,0
589,3020000016998-09-01,3020000029148-09-01,포장용 용기,술병,http://plus.kipris.or.kr/openapi/fileToss.jsp?arg=75a63eed5a438998f9dc3380f5cb642cd56dcb0e0f0995b0edd65ac4880d0f0cc2c085a4246e7b663e595944c7ecaccf7e113258e5f07b05,http://plus.kipris.or.kr/openapi/fileToss.jsp?arg=75a63eed5a438998f9dc3380f5cb642cd56dcb0e0f0995b011f68ef22f394dd2b1e8fa62f7dbf6eb93ae353ab0d4ab67e01a5b3515d9bc25,0.8426987528800964,0.7357450127601624,0.8106126189231873,0
590,3020000030132-09-01,3020000031692-09-01,포장용 용기,포장용 용기,http://plus.kipris.or.kr/openapi/fileToss.jsp?arg=75a63eed5a438998f9dc3380f5cb642cd56dcb0e0f0995b0b9420cad9c5990e09473cab83423dc22cdeb0515d7960d0eaefd11ba7a822876,http://plus.kipris.or.kr/openapi/fileToss.jsp?arg=75a63eed5a438998f9dc3380f5cb642cd56dcb0e0f0995b089d7a621b89857a2fe66ea06c9f515a9b20945a4ed5906a401c0de357a901cb4,0.8096579313278198,0.9606198668479919,0.854946494102478,0
591,3020000024535-09-01,3020000002083-09-01,화장품 용기,남성용 화장품 용기,http://plus.kipris.or.kr/openapi/fileToss.jsp?arg=75a63eed5a438998f9dc3380f5cb642cd56dcb0e0f0995b005b3db6b458aa73bad765829c40530d0e0f716a805419d649d0791feeb1f810e,http://plus.kipris.or.kr/openapi/fileToss.jsp?arg=75a63eed5a438998f9dc3380f5cb642cd56dcb0e0f0995b0680d52483fc7b07d3621f255e5f93b21b9855e12cd06cab9dae2d162e5867ca0,0.768826425075531,0.8087062835693359,0.780790388584137,0
592,3020000032580-09-01,3020000014928-09-01,화장품 용기,음료용기,http://plus.kipris.or.kr/openapi/fileToss.jsp?arg=75a63eed5a438998f9dc3380f5cb642cd56dcb0e0f0995b056fef538e42de114c938f9d32b974d970569e2f0bc439dca593500d1abc87b4b,http://plus.kipris.or.kr/openapi/fileToss.jsp?arg=75a63eed5a438998f9dc3380f5cb642cd56dcb0e0f0995b0606f4df1f99f408187506cb30276f5d07245a750976a37925eecdb65616ddcea,0.8061296939849854,0.5371483564376831,0.7254352569580078,0
593,3020000013720-09-01,3020000013583-09-01,포장용 가스용기,화장품 용기,http://plus.kipris.or.kr/openapi/fileToss.jsp?arg=75a63eed5a438998f9dc3380f5cb642cd56dcb0e0f0995b0bdcfae06342df685cc71edacb97aad161b31984e8f194ecb79f2ace85f628e6f,http://plus.kipris.or.kr/openapi/fileToss.jsp?arg=75a63eed5a438998f9dc3380f5cb642cd56dcb0e0f0995b0bdcfae06342df68572d7f7323bc50a0e94b7efa79b3558158a020745e0a94074,0.8840339183807373,0.7746182680130005,0.8512091636657715,0
594,3020000028254-09-01,3020000019758-09-01,화장품 용기,화장품 포장용 병,http://plus.kipris.or.kr/openapi/fileToss.jsp?arg=75a63eed5a438998f9dc3380f5cb642cd56dcb0e0f0995b0227542a1f24a736184b9181791c18e4fa67ec61a2b27ea41394741109e44bc68,http://plus.kipris.or.kr/openapi/fileToss.jsp?arg=75a63eed5a438998f9dc3380f5cb642cd56dcb0e0f0995b0f63a2eefd11079d006f4cd70f75e4ac6265a23764f163feaedc3ceec82e1d60b,0.8076710104942322,0.8778074383735657,0.828711986541748,0
595,3020000029518-09-01,3020000021180-09-01,화장품용기,포장용 용기,http://plus.kipris.or.kr/openapi/fileToss.jsp?arg=75a63eed5a438998f9dc3380f5cb642cd56dcb0e0f0995b011f68ef22f394dd24829751c8f656ff9534b5bcab2c36d40cfb38040ccb488e4,http://plus.kipris.or.kr/openapi/fileToss.jsp?arg=75a63eed5a438998f9dc3380f5cb642cd56dcb0e0f0995b006449c7f1c85a4a78954e4e205fc4f348a4e84b6df120aa8ab7edf82126d112a,0.7304819822311401,0.8645114898681641,0.7706908583641052,0
596,3020000029979-09-01,3020000017832-09-01,포장용 병,샴푸용 용기,http://plus.kipris.or.kr/openapi/fileToss.jsp?arg=75a63eed5a438998f9dc3380f5cb642cd56dcb0e0f0995b011f68ef22f394dd2aac602e829ef0eb5fcbe91527496863fffc98f42da2fa799,http://plus.kipris.or.kr/openapi/fileToss.jsp?arg=75a63eed5a438998f9dc3380f5cb642cd56dcb0e0f0995b0d8ee6709638b6fa1fddf850691b23642f5eb7e1e4cb479594d99c76dddb99ba7,0.7067530751228333,0.7761365175247192,0.7275680899620056,0
597,3020000001542-09-01,3020000030881-09-01,포장용 음료용기,화장품 용기,http://plus.kipris.or.kr/openapi/fileToss.jsp?arg=75a63eed5a438998f9dc3380f5cb642cd56dcb0e0f0995b0b700f0235c7824b0587fd55be5134f032acd59f883b9206cd22b5c1a3ead307f,http://plus.kipris.or.kr/openapi/fileToss.jsp?arg=75a63eed5a438998f9dc3380f5cb642cd56dcb0e0f0995b0b9420cad9c5990e04c31abfa397402975302087c776b8d55192a6a529b0ed4c5,0.8135162591934204,0.8489856123924255,0.8241569995880127,0
598,3020000007772-09-01,3020000022802-09-01,포장용 병,화장품 용기,http://plus.kipris.or.kr/openapi/fileToss.jsp?arg=75a63eed5a438998f9dc3380f5cb642cd56dcb0e0f0995b0fdcd45318d7ff23cc933b5cab7f8c645d9e46bfbdbc6f3720201a4818e31e5af,http://plus.kipris.or.kr/openapi/fileToss.jsp?arg=75a63eed5a438998f9dc3380f5cb642cd56dcb0e0f0995b02e6ec20e9488ca6644c75fa6ac71ce2ddfb25e1d5721ab156125110fe66b8538,0.8815345764160156,0.7871240973472595,0.8532114028930664,0
599,3020000022730-09-01,3020000015506-09-01,화장품 용기,화장품 용기,http://plus.kipris.or.kr/openapi/fileToss.jsp?arg=75a63eed5a438998f9dc3380f5cb642cd56dcb0e0f0995b02e6ec20e9488ca665d75c594757a4c0f008d486e96cdc70fa74402a27c68b172,http://plus.kipris.or.kr/openapi/fileToss.jsp?arg=75a63eed5a438998f9dc3380f5cb642cd56dcb0e0f0995b07ba686bc001e12b758e859cb1aaaedada4700c39c98bcc9818b23e18e926e777,0.8110255599021912,0.9447365403175354,0.8511388897895813,0
600,3020000030702-09-01,3020000032577-09-01,음료수 병,화장품 용기,http://plus.kipris.or.kr/openapi/fileToss.jsp?arg=75a63eed5a438998f9dc3380f5cb642cd56dcb0e0f0995b0b9420cad9c5990e0b9dddcdc7170a0769ff13faeaeaa944052a8e45db1398611,http://plus.kipris.or.kr/openapi/fileToss.jsp?arg=75a63eed5a438998f9dc3380f5cb642cd56dcb0e0f0995b056fef538e42de114a5789ee7e1d70e89bcd4e8929ad70eb47e4de14098af3427,0.8283250331878662,0.7570004463195801,0.8069276213645935,0
601,3020000009605-09-01,3020000032580-09-01,포장용용기,화장품 용기,http://plus.kipris.or.kr/openapi/fileToss.jsp?arg=75a63eed5a438998f9dc3380f5cb642cd56dcb0e0f0995b073590199e4f1dc16c4994de40142535656b5c33ac9d6f26d3a580d53311f54ef,http://plus.kipris.or.kr/openapi/fileToss.jsp?arg=75a63eed5a438998f9dc3380f5cb642cd56dcb0e0f0995b056fef538e42de114c938f9d32b974d970569e2f0bc439dcacce6bab6dd9d61cc,0.8394638299942017,0.6035642623901367,0.7686939239501953,0
602,3020000024443-09-01,3020000012912-09-01,화장품 용기,포장용 용기,http://plus.kipris.or.kr/openapi/fileToss.jsp?arg=75a63eed5a438998f9dc3380f5cb642cd56dcb0e0f0995b005b3db6b458aa73b827884159da4efa3241ff3f1a86abd35334c53aac8dce483,http://plus.kipris.or.kr/openapi/fileToss.jsp?arg=75a63eed5a438998f9dc3380f5cb642cd56dcb0e0f0995b08964a6c84ce8cbe13965058d78ed76d452689b01fcf4a543eae138a16eec1d0a,0.8262271881103516,0.7449212074279785,0.8018353581428528,0
603,3020000005653-09-01,3020000003007-09-01,포장용 용기,포장용 용기,http://plus.kipris.or.kr/openapi/fileToss.jsp?arg=75a63eed5a438998f9dc3380f5cb642cd56dcb0e0f0995b08fe3e6d10b56cc3dd860bdd2e2498e9a37c831dcdda6cd2f02dcd7c3b8cea1db,http://plus.kipris.or.kr/openapi/fileToss.jsp?arg=75a63eed5a438998f9dc3380f5cb642cd56dcb0e0f0995b00b66daf06c8a830629ab74559564aad12fba1de06c51333798e8fb0806479f62,0.6291158199310303,0.8641867637634277,0.6996371150016785,0
604,3020000000638-09-01,3020000024951-09-01,화장품용기,크림용기,http://plus.kipris.or.kr/openapi/fileToss.jsp?arg=75a63eed5a438998f9dc3380f5cb642cd56dcb0e0f0995b0cc72ed919b34230099f327e961a5ac512f1a2de92956eab0faa8b5520f90423b,http://plus.kipris.or.kr/openapi/fileToss.jsp?arg=75a63eed5a438998f9dc3380f5cb642cd56dcb0e0f0995b005b3db6b458aa73be2c5f00e2cd5aa817bedf7b1a2dee2d2fb4ac69b9ca48444,0.7799479365348816,0.8139955997467041,0.790162205696106,0
605,3020000006435-09-01,3020000021678-09-01,포장용 용기,포장용 용기,http://plus.kipris.or.kr/openapi/fileToss.jsp?arg=75a63eed5a438998f9dc3380f5cb642cd56dcb0e0f0995b0187836737e94fb39d6735824be9a53a7d1ed3c69c4b0e73d42ffcfda6351df9a,http://plus.kipris.or.kr/openapi/fileToss.jsp?arg=75a63eed5a438998f9dc3380f5cb642cd56dcb0e0f0995b006449c7f1c85a4a76082ed448bf618402e55be81156925893f7f66c0a9b31437,0.8726527690887451,0.8189927339553833,0.8565547466278076,0
606,3020000017301-09-01,3020000031162-09-01,포장용 용기,포장용기,http://plus.kipris.or.kr/openapi/fileToss.jsp?arg=75a63eed5a438998f9dc3380f5cb642cd56dcb0e0f0995b0d8ee6709638b6fa147789b22cdad698429792590cfe896e3bac26ccb691430e2,http://plus.kipris.or.kr/openapi/fileToss.jsp?arg=75a63eed5a438998f9dc3380f5cb642cd56dcb0e0f0995b089d7a621b89857a2bda1ae1f5599e317597821b50ca5d4881a39b56a936b5c6f,0.818608283996582,0.9195007085800171,0.8488759994506836,0
607,3020000029211-09-01,3020000003502-09-01,포장용 용기,포장용 용기,http://plus.kipris.or.kr/openapi/fileToss.jsp?arg=75a63eed5a438998f9dc3380f5cb642cd56dcb0e0f0995b011f68ef22f394dd2cbe811d661abacb57f7d34fff32a6abfd3ef7e8965d49e71,http://plus.kipris.or.kr/openapi/fileToss.jsp?arg=75a63eed5a438998f9dc3380f5cb642cd56dcb0e0f0995b00b66daf06c8a8306785181888731c2c10836289c010b5ff57297bd38de8f6674,0.8640888929367065,0.88201904296875,0.8694679737091064,0
608,3020000033180-09-01,3020000031167-09-01,샴푸용기,화장품용기,http://plus.kipris.or.kr/openapi/fileToss.jsp?arg=75a63eed5a438998f9dc3380f5cb642cd56dcb0e0f0995b0f32787804da8b7ad453014fa1c02db95feda83a3e23f4f9756e7f9ff67a8a890,http://plus.kipris.or.kr/openapi/fileToss.jsp?arg=75a63eed5a438998f9dc3380f5cb642cd56dcb0e0f0995b089d7a621b89857a2bda1ae1f5599e317c61e99a88bb6420a7c2058447b139265,0.8462474346160889,0.7498816251754761,0.817337691783905,0
609,3020000023255-09-01,3020000019084-09-01,식품용용기,화장품 용기,http://plus.kipris.or.kr/openapi/fileToss.jsp?arg=75a63eed5a438998f9dc3380f5cb642cd56dcb0e0f0995b09b1f6789fb975124ddde99bf437cdce8167068b4ae391de35bf196d892bd495e,http://plus.kipris.or.kr/openapi/fileToss.jsp?arg=75a63eed5a438998f9dc3380f5cb642cd56dcb0e0f0995b0f63a2eefd11079d0da75e7bf06c36ac67a89fa829fb35a4c8ed70348cf8408a6,0.8931150436401367,0.8127874732017517,0.8690167665481567,0
610,3020000030583-09-01,3020000015433-09-01,포장용 병,포장용 용기,http://plus.kipris.or.kr/openapi/fileToss.jsp?arg=75a63eed5a438998f9dc3380f5cb642cd56dcb0e0f0995b0b9420cad9c5990e068550a177cec7d2e16ecd0e8ec6a78dbffa7449944641bc9,http://plus.kipris.or.kr/openapi/fileToss.jsp?arg=75a63eed5a438998f9dc3380f5cb642cd56dcb0e0f0995b07ba686bc001e12b74f814a4956a5cebb3b7e77a65b11d9abce284c024b029f61,0.772577702999115,0.8615942001342773,0.7992826700210571,0
611,3020000017500-09-01,3020000019759-09-01,포장용 용기,화장품 포장용 병,http://plus.kipris.or.kr/openapi/fileToss.jsp?arg=75a63eed5a438998f9dc3380f5cb642cd56dcb0e0f0995b0d8ee6709638b6fa11020c731eccb4d075f80d2fe240a7cb0d37a06b4770b97e4,http://plus.kipris.or.kr/openapi/fileToss.jsp?arg=75a63eed5a438998f9dc3380f5cb642cd56dcb0e0f0995b0f63a2eefd11079d006f4cd70f75e4ac610bfc3abe14df3d3086b3bbca9aa1250,0.8026844263076782,0.8905351758003235,0.8290396928787231,0
612,3020000021438-09-01,3020000019084-09-01,포장용용기,화장품 용기,http://plus.kipris.or.kr/openapi/fileToss.jsp?arg=75a63eed5a438998f9dc3380f5cb642cd56dcb0e0f0995b006449c7f1c85a4a77af12798cb61bd12e9ee25a7f9a1aa6f42bb8c885dedf999,http://plus.kipris.or.kr/openapi/fileToss.jsp?arg=75a63eed5a438998f9dc3380f5cb642cd56dcb0e0f0995b0f63a2eefd11079d0da75e7bf06c36ac67a89fa829fb35a4c2df7138d0f08571c,0.8731592893600464,0.7781541347503662,0.8446577191352844,0
613,3020000028831-09-01,3020000022365-09-01,화장품 용기,화장품용기,http://plus.kipris.or.kr/openapi/fileToss.jsp?arg=75a63eed5a438998f9dc3380f5cb642cd56dcb0e0f0995b0227542a1f24a73618fe1c7a5cc98859de0c23b94fa94bf3e45c4ffad459769fb,http://plus.kipris.or.kr/openapi/fileToss.jsp?arg=75a63eed5a438998f9dc3380f5cb642cd56dcb0e0f0995b02e6ec20e9488ca667220594ecf4822650c1479d6f12cd598f2e2ab3b1e25dfd6,0.8652668595314026,0.8634002208709717,0.8647068738937378,0
614,3020000021061-09-01,3020000009575-09-01,포장용 용기,샴푸용기,http://plus.kipris.or.kr/openapi/fileToss.jsp?arg=75a63eed5a438998f9dc3380f5cb642cd56dcb0e0f0995b006449c7f1c85a4a76b1391de425bd9eda841fc0f3812bfa6c4f3d81942e29904,http://plus.kipris.or.kr/openapi/fileToss.jsp?arg=75a63eed5a438998f9dc3380f5cb642cd56dcb0e0f0995b073590199e4f1dc169941cfebbab156c51236626acb6177d47b584163abf44dbc,0.8792660236358643,0.7281587719917297,0.8339338302612305,0
615,3020000015228-09-01,3020000028254-09-01,포장용 용기,화장품 용기,http://plus.kipris.or.kr/openapi/fileToss.jsp?arg=75a63eed5a438998f9dc3380f5cb642cd56dcb0e0f0995b07ba686bc001e12b736b25ce876b15baee6fa5b98ab5666b667fbf0d3f9756e10,http://plus.kipris.or.kr/openapi/fileToss.jsp?arg=75a63eed5a438998f9dc3380f5cb642cd56dcb0e0f0995b0227542a1f24a736184b9181791c18e4fa67ec61a2b27ea41f8f06622e88c7565,0.7703052759170532,0.856967568397522,0.796303927898407,0
616,3020000029918-09-01,3020000020844-09-01,화장품 용기,화장품 용기,http://plus.kipris.or.kr/openapi/fileToss.jsp?arg=75a63eed5a438998f9dc3380f5cb642cd56dcb0e0f0995b011f68ef22f394dd2f0b8046f71cf13a118ade17c41ebb3b7a832899cd3d9a83a,http://plus.kipris.or.kr/openapi/fileToss.jsp?arg=75a63eed5a438998f9dc3380f5cb642cd56dcb0e0f0995b0bea0399dd2b7a3e54982b213b7706e58bb0a4596104785cdc2beee580b8d5242,0.8948327302932739,0.9502033591270447,0.9114439487457275,0
617,3020000006438-09-01,3020000033317-09-01,화장품용기,포장용 용기,http://plus.kipris.or.kr/openapi/fileToss.jsp?arg=75a63eed5a438998f9dc3380f5cb642cd56dcb0e0f0995b0187836737e94fb39d6735824be9a53a7e1edc7ee54fa0b09985db5b11784e3ea,http://plus.kipris.or.kr/openapi/fileToss.jsp?arg=75a63eed5a438998f9dc3380f5cb642cd56dcb0e0f0995b0f32787804da8b7ad8e33740856216fb3f7ca4d56add97688a928ee9755185e28,0.9374854564666748,0.8743598461151123,0.9185477495193481,0
618,3020000009575-09-01,3020000005939-09-01,샴푸용기,향수용기,http://plus.kipris.or.kr/openapi/fileToss.jsp?arg=75a63eed5a438998f9dc3380f5cb642cd56dcb0e0f0995b073590199e4f1dc169941cfebbab156c51236626acb6177d49a70356f8831cad7,http://plus.kipris.or.kr/openapi/fileToss.jsp?arg=75a63eed5a438998f9dc3380f5cb642cd56dcb0e0f0995b08fe3e6d10b56cc3d1138f71ea34dabcd61d8b10b27079cb4bde98ae10e2d29a2,0.9010927081108093,0.6548003554344177,0.8272050023078918,0
619,3020000024712-09-01,3020000015281-09-01,에어컨 세정 스프레이,화장품 용기,http://plus.kipris.or.kr/openapi/fileToss.jsp?arg=75a63eed5a438998f9dc3380f5cb642cd56dcb0e0f0995b005b3db6b458aa73b478bbee24fff2a97c1e7346cd4e6d36a06d362ff54791dfe,http://plus.kipris.or.kr/openapi/fileToss.jsp?arg=75a63eed5a438998f9dc3380f5cb642cd56dcb0e0f0995b07ba686bc001e12b75d136b4df6d33bb5ee7af5f7920fa4cdaa78fb6810122261,0.905461847782135,0.625123143196106,0.8213602304458618,0
620,3020000015364-09-01,3020000016040-09-01,음료 용기,식품용기,http://plus.kipris.or.kr/openapi/fileToss.jsp?arg=75a63eed5a438998f9dc3380f5cb642cd56dcb0e0f0995b07ba686bc001e12b7d8b815ff2deb7faa2bd5930109a021222910515023b1159d,http://plus.kipris.or.kr/openapi/fileToss.jsp?arg=75a63eed5a438998f9dc3380f5cb642cd56dcb0e0f0995b0edd65ac4880d0f0c166bfa7c9e52a4a85fd8162f538fc810da721aaf749fb12a,0.8126614689826965,0.6652380228042603,0.768434464931488,0
621,3020000017003-09-01,3020000024236-09-01,포장용 용기,화장품 용기,http://plus.kipris.or.kr/openapi/fileToss.jsp?arg=75a63eed5a438998f9dc3380f5cb642cd56dcb0e0f0995b0d8ee6709638b6fa151acb057bf4b283fa8e32bcd5b75385d8bdde0b55a9326b3,http://plus.kipris.or.kr/openapi/fileToss.jsp?arg=75a63eed5a438998f9dc3380f5cb642cd56dcb0e0f0995b005b3db6b458aa73bfe66f6f53797fb534a72a454f5be7fe91799d0281473de75,0.7341330647468567,0.7918045520782471,0.7514345049858093,0
622,3020000030806-09-01,3020000025776-09-01,화장품 용기,화장품 용기,http://plus.kipris.or.kr/openapi/fileToss.jsp?arg=75a63eed5a438998f9dc3380f5cb642cd56dcb0e0f0995b0b9420cad9c5990e07e891c91ed3c638d5dcbf45ab163ad9a38a1a7a8ebb5bf4a,http://plus.kipris.or.kr/openapi/fileToss.jsp?arg=75a63eed5a438998f9dc3380f5cb642cd56dcb0e0f0995b07a28099d0ef98e17b856995e50d7dd6b13b3243dc11ae80f559ca9e2e86c4b21,0.7117971777915955,0.9149444699287415,0.7727413773536682,0
623,3020000026521-09-01,3020000026844-09-01,화장품 용기,화장품 용기,http://plus.kipris.or.kr/openapi/fileToss.jsp?arg=75a63eed5a438998f9dc3380f5cb642cd56dcb0e0f0995b035c516d305aed145b09b91918cd97e08dc085c0d9bf04342146a052b702793e8,http://plus.kipris.or.kr/openapi/fileToss.jsp?arg=75a63eed5a438998f9dc3380f5cb642cd56dcb0e0f0995b035c516d305aed14571243152256c21dad8a464247adf2be4a1c888fff6b56e10,0.8903020024299622,0.9502009153366089,0.9082716703414917,0
624,3020000012836-09-01,3020000000039-09-01,향수병,포장용 병,http://plus.kipris.or.kr/openapi/fileToss.jsp?arg=75a63eed5a438998f9dc3380f5cb642cd56dcb0e0f0995b08964a6c84ce8cbe136b914a53e58c31f554ac8bf001a4516e200d2ab360cdb8e,http://plus.kipris.or.kr/openapi/fileToss.jsp?arg=75a63eed5a438998f9dc3380f5cb642cd56dcb0e0f0995b0cc72ed919b342300e663df0ee35bc8c6f313984ff39eaf8eca4bf4ef030fe2a9,0.7148739099502563,0.7499262094497681,0.7253895998001099,0
625,3020000015504-09-01,3020000028254-09-01,에센스 용기,화장품 용기,http://plus.kipris.or.kr/openapi/fileToss.jsp?arg=75a63eed5a438998f9dc3380f5cb642cd56dcb0e0f0995b07ba686bc001e12b758e859cb1aaaedad479739969bbfd1d410d607850ca965c4,http://plus.kipris.or.kr/openapi/fileToss.jsp?arg=75a63eed5a438998f9dc3380f5cb642cd56dcb0e0f0995b0227542a1f24a736184b9181791c18e4fa67ec61a2b27ea41394741109e44bc68,0.846809446811676,0.8842142224311829,0.8580308556556702,0
626,3020000012072-09-01,3020000020788-09-01,샴푸용기,포장용 용기,http://plus.kipris.or.kr/openapi/fileToss.jsp?arg=75a63eed5a438998f9dc3380f5cb642cd56dcb0e0f0995b08964a6c84ce8cbe101428d44c160746ec10ea66642096ecb1a692729bac9e012,http://plus.kipris.or.kr/openapi/fileToss.jsp?arg=75a63eed5a438998f9dc3380f5cb642cd56dcb0e0f0995b0bea0399dd2b7a3e5217ce7d5ae936bbd90eef2e869c5b1138ac7dd521ac2351b,0.8865383267402649,0.6106550693511963,0.8037733435630798,0
627,3020000004297-09-01,3020000033313-09-01,화장품 용기,포장용 용기,http://plus.kipris.or.kr/openapi/fileToss.jsp?arg=75a63eed5a438998f9dc3380f5cb642cd56dcb0e0f0995b03069a7817908f14f5c65ec4818929027916d00649800f5602f27d934964a4703,http://plus.kipris.or.kr/openapi/fileToss.jsp?arg=75a63eed5a438998f9dc3380f5cb642cd56dcb0e0f0995b0f32787804da8b7ad8e33740856216fb3c0172fd44f657127dd72c8527bdec6e5,0.8205996155738831,0.8602092266082764,0.8324825167655945,0
628,3020000007445-09-01,3020000015830-09-01,샴푸용기,화장품용기,http://plus.kipris.or.kr/openapi/fileToss.jsp?arg=75a63eed5a438998f9dc3380f5cb642cd56dcb0e0f0995b0fdcd45318d7ff23c308bbaa2658dde0908ce1448e4d7f44e8b4a6da54e894522,http://plus.kipris.or.kr/openapi/fileToss.jsp?arg=75a63eed5a438998f9dc3380f5cb642cd56dcb0e0f0995b07ba686bc001e12b7d26e09af6146358c38574e668718dd262782a76ebe05f920,0.8558317422866821,0.8560060858726501,0.8558840751647949,0
629,3020000024957-09-01,3020000022802-09-01,화장품용기,화장품 용기,http://plus.kipris.or.kr/openapi/fileToss.jsp?arg=75a63eed5a438998f9dc3380f5cb642cd56dcb0e0f0995b005b3db6b458aa73be2c5f00e2cd5aa81f6e7b0e86f7ef308c3743db14a75f932,http://plus.kipris.or.kr/openapi/fileToss.jsp?arg=75a63eed5a438998f9dc3380f5cb642cd56dcb0e0f0995b02e6ec20e9488ca6644c75fa6ac71ce2ddfb25e1d5721ab15a0bb76eb63463b98,0.7828212380409241,0.9615293741226196,0.8364337086677551,0
630,3020000012111-09-01,3020000028261-09-01,드링크 병,화장품 용기,http://plus.kipris.or.kr/openapi/fileToss.jsp?arg=75a63eed5a438998f9dc3380f5cb642cd56dcb0e0f0995b08964a6c84ce8cbe1c4d769ac6125c6604cb8fb2387c071ba21485da29342a5cf,http://plus.kipris.or.kr/openapi/fileToss.jsp?arg=75a63eed5a438998f9dc3380f5cb642cd56dcb0e0f0995b0227542a1f24a736122cfa453f48f4400fb8316e5f351d2cc219d03a1cb920f4f,0.8556318283081055,0.6250224113464355,0.7864490151405334,0
631,3020000005939-09-01,3020000023571-09-01,향수용기,세제용 용기,http://plus.kipris.or.kr/openapi/fileToss.jsp?arg=75a63eed5a438998f9dc3380f5cb642cd56dcb0e0f0995b08fe3e6d10b56cc3d1138f71ea34dabcd61d8b10b27079cb49df4cafeaaa3fe4b,http://plus.kipris.or.kr/openapi/fileToss.jsp?arg=75a63eed5a438998f9dc3380f5cb642cd56dcb0e0f0995b09b1f6789fb9751240005454de4ce8fd157be609d7636893f739dff86b0750b52,0.8427684307098389,0.7245151400566101,0.8072924017906189,0
632,3020000024361-09-01,3020000033000-09-01,포장용 술병,술병,http://plus.kipris.or.kr/openapi/fileToss.jsp?arg=75a63eed5a438998f9dc3380f5cb642cd56dcb0e0f0995b005b3db6b458aa73b20b29c3eb5bdefd278e8b9024d4f016e9cc18db61182e6a6,http://plus.kipris.or.kr/openapi/fileToss.jsp?arg=75a63eed5a438998f9dc3380f5cb642cd56dcb0e0f0995b0f32787804da8b7ad0a83331d496f7b1207a70e4bb04e65899deb509afa6e16a8,0.8440275192260742,0.7613005638122559,0.8192093968391418,0
633,3020000029872-09-01,3020000007536-09-01,화장품용기,포장용 술병,http://plus.kipris.or.kr/openapi/fileToss.jsp?arg=75a63eed5a438998f9dc3380f5cb642cd56dcb0e0f0995b011f68ef22f394dd26a964075748e6c189291de851176d71cdd6d4aaa84b6c7e6,http://plus.kipris.or.kr/openapi/fileToss.jsp?arg=75a63eed5a438998f9dc3380f5cb642cd56dcb0e0f0995b0fdcd45318d7ff23c0d045c2fa1109ccbbf7bb6109df7d573ae5b93c1b421d008,0.8617713451385498,0.7838536500930786,0.8383960723876953,0
634,3020000029032-09-01,3020000030881-09-01,포장용기,화장품 용기,http://plus.kipris.or.kr/openapi/fileToss.jsp?arg=75a63eed5a438998f9dc3380f5cb642cd56dcb0e0f0995b011f68ef22f394dd26e88aba601c1a5ffaffd7513bd7646c2c49b1d53e21f605b,http://plus.kipris.or.kr/openapi/fileToss.jsp?arg=75a63eed5a438998f9dc3380f5cb642cd56dcb0e0f0995b0b9420cad9c5990e04c31abfa39740297661cfe583bee5c313e8be549758f9bb5,0.7481929063796997,0.7738302946090698,0.7558841705322266,0
635,3020000018873-09-01,3020000002742-09-01,화장품 용기,포장용 깡통,http://plus.kipris.or.kr/openapi/fileToss.jsp?arg=75a63eed5a438998f9dc3380f5cb642cd56dcb0e0f0995b0deac54f8925f4c7d01c27b3b9348c7970f10a5e9739eef09046ecccee1644cf3,http://plus.kipris.or.kr/openapi/fileToss.jsp?arg=75a63eed5a438998f9dc3380f5cb642cd56dcb0e0f0995b0680d52483fc7b07d43e6cf9e73fd83bfdb42ecec732ea78420cb5793d20ce6ed,0.7355568408966064,0.7407671213150024,0.7371199131011963,0
636,3020000024463-09-01,3020000031527-09-01,포장용 용기,화장품 용기,http://plus.kipris.or.kr/openapi/fileToss.jsp?arg=75a63eed5a438998f9dc3380f5cb642cd56dcb0e0f0995b005b3db6b458aa73be969790f4b87eaa5b26fec36e24da5f75257777a4b9690b2,http://plus.kipris.or.kr/openapi/fileToss.jsp?arg=75a63eed5a438998f9dc3380f5cb642cd56dcb0e0f0995b089d7a621b89857a23ad00b91ca782d29ff9782162cd5e3a2de45691dadd4c83d,0.8325692415237427,0.8826271295547485,0.8475866317749023,0
637,3020000013863-09-01,3020000025561-09-01,포장용 용기,세제용기,http://plus.kipris.or.kr/openapi/fileToss.jsp?arg=75a63eed5a438998f9dc3380f5cb642cd56dcb0e0f0995b0bdcfae06342df685f8cbf1fb50c4736d6ca4029587136d10a353bd5afca0af3f,http://plus.kipris.or.kr/openapi/fileToss.jsp?arg=75a63eed5a438998f9dc3380f5cb642cd56dcb0e0f0995b07a28099d0ef98e171a64a952b3c73897cb417e4d393a375035d9911e70dc82de,0.8446483612060547,0.8421447277069092,0.8438972234725952,0
638,3020000005379-09-01,3020000006435-09-01,포장용 술병,포장용 용기,http://plus.kipris.or.kr/openapi/fileToss.jsp?arg=75a63eed5a438998f9dc3380f5cb642cd56dcb0e0f0995b08fe3e6d10b56cc3d7130e33ba6c2605b9e77521b40d6dd651f1f0b91e11855d9,http://plus.kipris.or.kr/openapi/fileToss.jsp?arg=75a63eed5a438998f9dc3380f5cb642cd56dcb0e0f0995b0187836737e94fb39d6735824be9a53a7d1ed3c69c4b0e73d42ffcfda6351df9a,0.7989394068717957,0.9040244817733765,0.8304649591445923,0
639,3020000025082-09-01,3020000007445-09-01,화장품 용기,샴푸용기,http://plus.kipris.or.kr/openapi/fileToss.jsp?arg=75a63eed5a438998f9dc3380f5cb642cd56dcb0e0f0995b07a28099d0ef98e17803670e82954ba5e12b0a859bd0e152dafc9b0990c74a153,http://plus.kipris.or.kr/openapi/fileToss.jsp?arg=75a63eed5a438998f9dc3380f5cb642cd56dcb0e0f0995b0fdcd45318d7ff23c308bbaa2658dde0908ce1448e4d7f44e45ada4b6455d4f69,0.8374934196472168,0.7707182168960571,0.817460834980011,0
640,3020000017678-09-01,3020000024443-09-01,화장품 용기,화장품 용기,http://plus.kipris.or.kr/openapi/fileToss.jsp?arg=75a63eed5a438998f9dc3380f5cb642cd56dcb0e0f0995b0d8ee6709638b6fa1301e6f2c98fb3cd7cb5c72a4760d6b4227560355c0fd9a6f,http://plus.kipris.or.kr/openapi/fileToss.jsp?arg=75a63eed5a438998f9dc3380f5cb642cd56dcb0e0f0995b005b3db6b458aa73b827884159da4efa3241ff3f1a86abd3518ef23b38fb9a186,0.915915310382843,0.9131950736045837,0.9150992631912231,0
641,3020000023870-09-01,3020000030843-09-01,향수용기,화장품용기,http://plus.kipris.or.kr/openapi/fileToss.jsp?arg=75a63eed5a438998f9dc3380f5cb642cd56dcb0e0f0995b09b1f6789fb9751245383ec1ea175fde38980f608958d08b224040c30dfc7f6bd,http://plus.kipris.or.kr/openapi/fileToss.jsp?arg=75a63eed5a438998f9dc3380f5cb642cd56dcb0e0f0995b0b9420cad9c5990e0a4a05627aedca40ca750b1c56ce2af319ad9d51e18136680,0.8641629219055176,0.8613581657409668,0.8633214831352234,0
642,3020000028258-09-01,3020000027112-09-01,화장품 용기,향수 용기,http://plus.kipris.or.kr/openapi/fileToss.jsp?arg=75a63eed5a438998f9dc3380f5cb642cd56dcb0e0f0995b0227542a1f24a736184b9181791c18e4f60f4f9fe508209ca861117197b2aab1e,http://plus.kipris.or.kr/openapi/fileToss.jsp?arg=75a63eed5a438998f9dc3380f5cb642cd56dcb0e0f0995b01b6467bd697fe99c013e9190553069fb58aea5169a494bd324890f12510142ff,0.846583366394043,0.8132075071334839,0.8365706205368042,0
643,3020000024465-09-01,3020000030698-09-01,포장용 용기,음료용 병,http://plus.kipris.or.kr/openapi/fileToss.jsp?arg=75a63eed5a438998f9dc3380f5cb642cd56dcb0e0f0995b005b3db6b458aa73be969790f4b87eaa590971886d7a6ca3e77b7e49731bd49d5,http://plus.kipris.or.kr/openapi/fileToss.jsp?arg=75a63eed5a438998f9dc3380f5cb642cd56dcb0e0f0995b0b9420cad9c5990e0fedfec3ce9cb4a02f555a1df4c240a2eaf1c82a6f4b02422,0.8934533596038818,0.8472434878349304,0.8795903921127319,0
644,3020000020672-09-01,3020000003577-09-01,화장품용기,양념 포장용기,http://plus.kipris.or.kr/openapi/fileToss.jsp?arg=75a63eed5a438998f9dc3380f5cb642cd56dcb0e0f0995b0bea0399dd2b7a3e5480d32b373ec1d9434054c8c454dbef0938bce9fb797e2da,http://plus.kipris.or.kr/openapi/fileToss.jsp?arg=75a63eed5a438998f9dc3380f5cb642cd56dcb0e0f0995b00b66daf06c8a8306f40401ae66692a3c7ebf1dbf6e14db622c438bf534822fd9,0.8217911720275879,0.7866438627243042,0.811246931552887,0
645,3020000029327-09-01,3020000028254-09-01,화장품 용기,화장품 용기,http://plus.kipris.or.kr/openapi/fileToss.jsp?arg=75a63eed5a438998f9dc3380f5cb642cd56dcb0e0f0995b011f68ef22f394dd2cbb6ac3c424ae6349bbb0d951f43b1ab1f521c3d5fd0ee4b,http://plus.kipris.or.kr/openapi/fileToss.jsp?arg=75a63eed5a438998f9dc3380f5cb642cd56dcb0e0f0995b0227542a1f24a736184b9181791c18e4fa67ec61a2b27ea41f8f06622e88c7565,0.9222652912139893,0.8780813217163086,0.909010112285614,0
646,3020000032279-09-01,3020000017302-09-01,화장품 용기,포장용 용기,http://plus.kipris.or.kr/openapi/fileToss.jsp?arg=75a63eed5a438998f9dc3380f5cb642cd56dcb0e0f0995b056fef538e42de1147cde78c9acdcc39826435626186d051b6bb3b01a514da0d2,http://plus.kipris.or.kr/openapi/fileToss.jsp?arg=75a63eed5a438998f9dc3380f5cb642cd56dcb0e0f0995b0d8ee6709638b6fa147789b22cdad6984c70901213bff2718717119a7643ad298,0.8574482202529907,0.8356566429138184,0.8509107828140259,0
647,3020000024361-09-01,3020000024712-09-01,포장용 술병,에어컨 세정 스프레이,http://plus.kipris.or.kr/openapi/fileToss.jsp?arg=75a63eed5a438998f9dc3380f5cb642cd56dcb0e0f0995b005b3db6b458aa73b20b29c3eb5bdefd278e8b9024d4f016e69f2ee65914e190a,http://plus.kipris.or.kr/openapi/fileToss.jsp?arg=75a63eed5a438998f9dc3380f5cb642cd56dcb0e0f0995b005b3db6b458aa73b478bbee24fff2a97c1e7346cd4e6d36a009b31bd2585e29b,0.8031972050666809,0.5884475111961365,0.7387722730636597,0
648,3020000012834-09-01,3020000007444-09-01,향수병,샴푸용기,http://plus.kipris.or.kr/openapi/fileToss.jsp?arg=75a63eed5a438998f9dc3380f5cb642cd56dcb0e0f0995b08964a6c84ce8cbe136b914a53e58c31f8da15c97024331bb5b35b0a920e0bc0c,http://plus.kipris.or.kr/openapi/fileToss.jsp?arg=75a63eed5a438998f9dc3380f5cb642cd56dcb0e0f0995b0fdcd45318d7ff23c308bbaa2658dde09f849964c1ca6ebebcdab064e3592e0c6,0.7996749877929688,0.6997828483581543,0.7697073221206665,0
649,3020000027377-09-01,3020000033180-09-01,향 수 병,샴푸용기,http://plus.kipris.or.kr/openapi/fileToss.jsp?arg=75a63eed5a438998f9dc3380f5cb642cd56dcb0e0f0995b01b6467bd697fe99c825062ac0a4e0cbbf37c817a70113aa469da7563792fe197,http://plus.kipris.or.kr/openapi/fileToss.jsp?arg=75a63eed5a438998f9dc3380f5cb642cd56dcb0e0f0995b0f32787804da8b7ad453014fa1c02db95feda83a3e23f4f974b40a6445bb08084,0.6912621259689331,0.6740554571151733,0.6861001253128052,0
650,3020000014721-09-01,3020000023317-09-01,음료수병,화장품 용기,http://plus.kipris.or.kr/openapi/fileToss.jsp?arg=75a63eed5a438998f9dc3380f5cb642cd56dcb0e0f0995b0606f4df1f99f408147acd64ca7a100afd02dddd10af2d0c3d64654900675ad1a,http://plus.kipris.or.kr/openapi/fileToss.jsp?arg=75a63eed5a438998f9dc3380f5cb642cd56dcb0e0f0995b09b1f6789fb9751245fe107dead8a38ad7927d42c8d065e52792baf544b21f616,0.58216392993927,0.7986927032470703,0.6471225619316101,0
651,3020000029878-09-01,3020000007043-09-01,화장품용기,포장용기,http://plus.kipris.or.kr/openapi/fileToss.jsp?arg=75a63eed5a438998f9dc3380f5cb642cd56dcb0e0f0995b011f68ef22f394dd26a964075748e6c18658a49f80968cb3efcec971907002c4d,http://plus.kipris.or.kr/openapi/fileToss.jsp?arg=75a63eed5a438998f9dc3380f5cb642cd56dcb0e0f0995b0fdcd45318d7ff23c26d838b2a3bc7b054db3382f2acfb6b243a28417b910a35a,0.799961507320404,0.8208311796188354,0.8062224388122559,0
652,3020000032578-09-01,3020000005512-09-01,화장품 용기,화장품 용기,http://plus.kipris.or.kr/openapi/fileToss.jsp?arg=75a63eed5a438998f9dc3380f5cb642cd56dcb0e0f0995b056fef538e42de114a5789ee7e1d70e892127d09ddd1ea180540d6d56ef37378e,http://plus.kipris.or.kr/openapi/fileToss.jsp?arg=75a63eed5a438998f9dc3380f5cb642cd56dcb0e0f0995b08fe3e6d10b56cc3d22f91fa31f9e4b5d2d45b21b61a48a4924b50fbbb2d5be3d,0.8064177632331848,0.9718321561813354,0.8560420274734497,0
653,3020000018765-09-01,3020000006435-09-01,음료병,포장용 용기,http://plus.kipris.or.kr/openapi/fileToss.jsp?arg=75a63eed5a438998f9dc3380f5cb642cd56dcb0e0f0995b0deac54f8925f4c7dff73e655a395ca11d5ec212f9f189ae11642c3b9bc3a9818,http://plus.kipris.or.kr/openapi/fileToss.jsp?arg=75a63eed5a438998f9dc3380f5cb642cd56dcb0e0f0995b0187836737e94fb39d6735824be9a53a7d1ed3c69c4b0e73d32ff709e4f4b4d3c,0.8153058290481567,0.6623518466949463,0.7694196105003357,0
654,3020000010911-09-01,3020000003007-09-01,향수병,포장용 용기,http://plus.kipris.or.kr/openapi/fileToss.jsp?arg=75a63eed5a438998f9dc3380f5cb642cd56dcb0e0f0995b0ef3ea9b059e124218e78add106288283eeb4410ee4e47e41d67a59f96bef97f1,http://plus.kipris.or.kr/openapi/fileToss.jsp?arg=75a63eed5a438998f9dc3380f5cb642cd56dcb0e0f0995b00b66daf06c8a830629ab74559564aad12fba1de06c513337da04dc8790b85eb4,0.6602873802185059,0.7531659603118896,0.688150942325592,0
655,3020000000843-09-01,3020000031169-09-01,포장용 병,화장품용기,http://plus.kipris.or.kr/openapi/fileToss.jsp?arg=75a63eed5a438998f9dc3380f5cb642cd56dcb0e0f0995b0cc72ed919b342300e99b2acfcc6c677bc38cfbb896b57e9048dd5a26b1c17cec,http://plus.kipris.or.kr/openapi/fileToss.jsp?arg=75a63eed5a438998f9dc3380f5cb642cd56dcb0e0f0995b089d7a621b89857a2bda1ae1f5599e317818da205f7f25c65311581e51a33fd21,0.6879242658615112,0.7760589718818665,0.7143646478652954,0
656,3020000005379-09-01,3020000010996-09-01,포장용 술병,포장용 용기,http://plus.kipris.or.kr/openapi/fileToss.jsp?arg=75a63eed5a438998f9dc3380f5cb642cd56dcb0e0f0995b08fe3e6d10b56cc3d7130e33ba6c2605b9e77521b40d6dd65b0b3a2149f9d8007,http://plus.kipris.or.kr/openapi/fileToss.jsp?arg=75a63eed5a438998f9dc3380f5cb642cd56dcb0e0f0995b0ef3ea9b059e1242154c6c6b21c086873fec4e762b42098f7edda6e53dbafef9e,0.7583824396133423,0.9026215076446533,0.8016541600227356,0
657,3020000024957-09-01,3020000000039-09-01,화장품용기,포장용 병,http://plus.kipris.or.kr/openapi/fileToss.jsp?arg=75a63eed5a438998f9dc3380f5cb642cd56dcb0e0f0995b005b3db6b458aa73be2c5f00e2cd5aa81f6e7b0e86f7ef30858ceee50285aea4d,http://plus.kipris.or.kr/openapi/fileToss.jsp?arg=75a63eed5a438998f9dc3380f5cb642cd56dcb0e0f0995b0cc72ed919b342300e663df0ee35bc8c6f313984ff39eaf8eca4bf4ef030fe2a9,0.7219247817993164,0.7469167113304138,0.7294223308563232,0
658,3020000032580-09-01,3020000028348-09-01,화장품 용기,포장용 용기,http://plus.kipris.or.kr/openapi/fileToss.jsp?arg=75a63eed5a438998f9dc3380f5cb642cd56dcb0e0f0995b056fef538e42de114c938f9d32b974d970569e2f0bc439dcabedd14a58665804a,http://plus.kipris.or.kr/openapi/fileToss.jsp?arg=75a63eed5a438998f9dc3380f5cb642cd56dcb0e0f0995b0227542a1f24a736155db84a290cc09d09a49a855342dcf7e239d7a38642f7f87,0.7323099970817566,0.786105751991272,0.7484487295150757,0
659,3020000031169-09-01,3020000027377-09-01,화장품용기,향 수 병,http://plus.kipris.or.kr/openapi/fileToss.jsp?arg=75a63eed5a438998f9dc3380f5cb642cd56dcb0e0f0995b089d7a621b89857a2bda1ae1f5599e317818da205f7f25c65558e7dd208e9e4f2,http://plus.kipris.or.kr/openapi/fileToss.jsp?arg=75a63eed5a438998f9dc3380f5cb642cd56dcb0e0f0995b01b6467bd697fe99c825062ac0a4e0cbbf37c817a70113aa4508e90b068b69d88,0.6743706464767456,0.7275581955909729,0.6903269290924072,0
660,3020000007016-09-01,3020000017002-09-01,화장품 용기,포장용 용기,http://plus.kipris.or.kr/openapi/fileToss.jsp?arg=75a63eed5a438998f9dc3380f5cb642cd56dcb0e0f0995b0fdcd45318d7ff23c36f1af0f6d6ef803f906a7022218d5fff742ad10260dd4c3,http://plus.kipris.or.kr/openapi/fileToss.jsp?arg=75a63eed5a438998f9dc3380f5cb642cd56dcb0e0f0995b0d8ee6709638b6fa151acb057bf4b283f9c05647f46a69bf4de799c7490a7edd6,0.8846389651298523,0.8148176670074463,0.863692581653595,0
661,3020000023571-09-01,3020000015830-09-01,세제용 용기,화장품용기,http://plus.kipris.or.kr/openapi/fileToss.jsp?arg=75a63eed5a438998f9dc3380f5cb642cd56dcb0e0f0995b09b1f6789fb9751240005454de4ce8fd1b97260349cdbaaac0946362474245bf2,http://plus.kipris.or.kr/openapi/fileToss.jsp?arg=75a63eed5a438998f9dc3380f5cb642cd56dcb0e0f0995b07ba686bc001e12b7d26e09af6146358c38574e668718dd262782a76ebe05f920,0.8490375280380249,0.8568556904792786,0.8513829708099365,0
662,3020000024361-09-01,3020000029872-09-01,포장용 술병,화장품용기,http://plus.kipris.or.kr/openapi/fileToss.jsp?arg=75a63eed5a438998f9dc3380f5cb642cd56dcb0e0f0995b005b3db6b458aa73b20b29c3eb5bdefd278e8b9024d4f016ef6eb9bdcc8fe1c6f,http://plus.kipris.or.kr/openapi/fileToss.jsp?arg=75a63eed5a438998f9dc3380f5cb642cd56dcb0e0f0995b011f68ef22f394dd26a964075748e6c189291de851176d71c220e6e28f37342a2,0.8425139784812927,0.7164352536201477,0.8046903610229492,0
663,3020000015457-09-01,3020000006610-09-01,포장용 병,화장품 용기,http://plus.kipris.or.kr/openapi/fileToss.jsp?arg=75a63eed5a438998f9dc3380f5cb642cd56dcb0e0f0995b07ba686bc001e12b739fc00a00738800f11b276c8c1ad430b2abaeaca85d0534a,http://plus.kipris.or.kr/openapi/fileToss.jsp?arg=75a63eed5a438998f9dc3380f5cb642cd56dcb0e0f0995b0187836737e94fb395ddfdaf352f7ad6a113f739e743d6b3bf40dbf39780d2129,0.7113084197044373,0.8184431791305542,0.7434488534927368,0
664,3020000024555-09-01,3020000018090-09-01,화장품 용기,액체 내용물 포장용 용기,http://plus.kipris.or.kr/openapi/fileToss.jsp?arg=75a63eed5a438998f9dc3380f5cb642cd56dcb0e0f0995b005b3db6b458aa73b5f84b5e88bb806fd5a05a0493fbf9dcbd39472e33f40fba7,http://plus.kipris.or.kr/openapi/fileToss.jsp?arg=75a63eed5a438998f9dc3380f5cb642cd56dcb0e0f0995b0deac54f8925f4c7db087096564c2a8728b4ce193a9a0b92980ae394eab945535,0.8875278234481812,0.9258253574371338,0.8990170955657959,0
665,3020000008854-09-01,3020000031066-09-01,화장품 용기,화장품 용기,http://plus.kipris.or.kr/openapi/fileToss.jsp?arg=75a63eed5a438998f9dc3380f5cb642cd56dcb0e0f0995b06226a1b53136408c77446a31574122b0743535ab5bada7b3406527a2f81c5ee1,http://plus.kipris.or.kr/openapi/fileToss.jsp?arg=75a63eed5a438998f9dc3380f5cb642cd56dcb0e0f0995b089d7a621b89857a24e563e71b55eadee73f56adf95bfe56258eb40b06eb25e27,0.8378438949584961,0.8974813222885132,0.8557350635528564,0
666,3020000022730-09-01,3020000029220-09-01,화장품 용기,화장품 용기,http://plus.kipris.or.kr/openapi/fileToss.jsp?arg=75a63eed5a438998f9dc3380f5cb642cd56dcb0e0f0995b02e6ec20e9488ca665d75c594757a4c0f008d486e96cdc70f567e2def4e6e1112,http://plus.kipris.or.kr/openapi/fileToss.jsp?arg=75a63eed5a438998f9dc3380f5cb642cd56dcb0e0f0995b011f68ef22f394dd21733bab7ceb881dd6ea7b591db33d69367c00c0dd00a8619,0.7253502607345581,0.9373387098312378,0.7889467477798462,0
667,3020000005652-09-01,3020000025561-09-01,포장용 용기,세제용기,http://plus.kipris.or.kr/openapi/fileToss.jsp?arg=75a63eed5a438998f9dc3380f5cb642cd56dcb0e0f0995b08fe3e6d10b56cc3dd860bdd2e2498e9ae78cdee054c9d58f12fbc5be75a4c619,http://plus.kipris.or.kr/openapi/fileToss.jsp?arg=75a63eed5a438998f9dc3380f5cb642cd56dcb0e0f0995b07a28099d0ef98e171a64a952b3c73897cb417e4d393a375035d9911e70dc82de,0.9221410751342773,0.835067093372345,0.8960188627243042,0
668,3020000029327-09-01,3020000025530-09-01,화장품 용기,화장품 용기,http://plus.kipris.or.kr/openapi/fileToss.jsp?arg=75a63eed5a438998f9dc3380f5cb642cd56dcb0e0f0995b011f68ef22f394dd2cbb6ac3c424ae6349bbb0d951f43b1ab761b053693cf37e4,http://plus.kipris.or.kr/openapi/fileToss.jsp?arg=75a63eed5a438998f9dc3380f5cb642cd56dcb0e0f0995b07a28099d0ef98e178c9f3750ac8a36e095e833a158b4e51a6a60993646329a4f,0.78453129529953,0.881584882736206,0.8136473894119263,0
669,3020000005653-09-01,3020000021953-09-01,포장용 용기,포장용기,http://plus.kipris.or.kr/openapi/fileToss.jsp?arg=75a63eed5a438998f9dc3380f5cb642cd56dcb0e0f0995b08fe3e6d10b56cc3dd860bdd2e2498e9a37c831dcdda6cd2ffd636a581bcc3438,http://plus.kipris.or.kr/openapi/fileToss.jsp?arg=75a63eed5a438998f9dc3380f5cb642cd56dcb0e0f0995b006449c7f1c85a4a78b7c1a7242ae14e9c5900488590f725a21a90d4d39e38800,0.6806700229644775,0.8644486665725708,0.7358036041259766,0
670,3020000024484-09-01,3020000009605-09-01,화장품 용기,포장용용기,http://plus.kipris.or.kr/openapi/fileToss.jsp?arg=75a63eed5a438998f9dc3380f5cb642cd56dcb0e0f0995b005b3db6b458aa73b12ac262f8b7ca850ea83ae6d2ac6738da5189524b9d3a563,http://plus.kipris.or.kr/openapi/fileToss.jsp?arg=75a63eed5a438998f9dc3380f5cb642cd56dcb0e0f0995b073590199e4f1dc16c4994de40142535656b5c33ac9d6f26d730971f0bb416406,0.8169615268707275,0.6510254740715027,0.7671807408332825,0
671,3020000031163-09-01,3020000015434-09-01,화장품용기,포장용 용기,http://plus.kipris.or.kr/openapi/fileToss.jsp?arg=75a63eed5a438998f9dc3380f5cb642cd56dcb0e0f0995b089d7a621b89857a2bda1ae1f5599e317dbdb5c17e3d29fda429f15eadf9f1b0c,http://plus.kipris.or.kr/openapi/fileToss.jsp?arg=75a63eed5a438998f9dc3380f5cb642cd56dcb0e0f0995b07ba686bc001e12b74f814a4956a5cebb187f9a678f01cd57087e426039835428,0.7717539072036743,0.815484881401062,0.7848731875419617,0
672,3020000002083-09-01,3020000006745-09-01,남성용 화장품 용기,화장품 용기,http://plus.kipris.or.kr/openapi/fileToss.jsp?arg=75a63eed5a438998f9dc3380f5cb642cd56dcb0e0f0995b0680d52483fc7b07d3621f255e5f93b21b9855e12cd06cab9a99711da056e6e46,http://plus.kipris.or.kr/openapi/fileToss.jsp?arg=75a63eed5a438998f9dc3380f5cb642cd56dcb0e0f0995b0187836737e94fb396332e3fa732ce845f8c27c7491e8a675751d7c82102ce4b3,0.7868233323097229,0.8807742595672607,0.8150085806846619,0
673,3020000018092-09-01,3020000008383-09-01,액체 내용물 포장용 용기,화장품 용기,http://plus.kipris.or.kr/openapi/fileToss.jsp?arg=75a63eed5a438998f9dc3380f5cb642cd56dcb0e0f0995b0deac54f8925f4c7db087096564c2a8720026cc37eca14da558e15ff007310422,http://plus.kipris.or.kr/openapi/fileToss.jsp?arg=75a63eed5a438998f9dc3380f5cb642cd56dcb0e0f0995b06226a1b53136408c5412bc4c3b3d3f2d2ede433e4f304a9083ca6af66c845b91,0.8379775881767273,0.8076133131980896,0.8288683295249939,0
674,3020000017498-09-01,3020000027881-09-01,포장용 용기,겔물질 분배용 포장용기,http://plus.kipris.or.kr/openapi/fileToss.jsp?arg=75a63eed5a438998f9dc3380f5cb642cd56dcb0e0f0995b0d8ee6709638b6fa1ae2fc3835c730b0f203fa3932e0f70e4bd71d769bb01f0a4,http://plus.kipris.or.kr/openapi/fileToss.jsp?arg=75a63eed5a438998f9dc3380f5cb642cd56dcb0e0f0995b01b6467bd697fe99cfe4409446e4a704c8be7ac65fc8f18dd7f6923d5280245ec,0.8268192410469055,0.8803352117538452,0.8428740501403809,0
675,3020000033574-09-01,3020000002231-09-01,향수용기,포장용 통,http://plus.kipris.or.kr/openapi/fileToss.jsp?arg=75a63eed5a438998f9dc3380f5cb642cd56dcb0e0f0995b0f32787804da8b7add5c4bca3f493f084fbe15d523da3e9db8ccd76f029caf399,http://plus.kipris.or.kr/openapi/fileToss.jsp?arg=75a63eed5a438998f9dc3380f5cb642cd56dcb0e0f0995b0680d52483fc7b07d73043a5cae9ac96401c326c864eae306695b6c120c224a93,0.8456311821937561,0.7456719279289246,0.8156434297561646,0
676,3020000024484-09-01,3020000021438-09-01,화장품 용기,포장용용기,http://plus.kipris.or.kr/openapi/fileToss.jsp?arg=75a63eed5a438998f9dc3380f5cb642cd56dcb0e0f0995b005b3db6b458aa73b12ac262f8b7ca850ea83ae6d2ac6738da92bbc80c26f40cb,http://plus.kipris.or.kr/openapi/fileToss.jsp?arg=75a63eed5a438998f9dc3380f5cb642cd56dcb0e0f0995b006449c7f1c85a4a77af12798cb61bd12e9ee25a7f9a1aa6f5c1f1aafff4ee605,0.8297891616821289,0.7788392305374146,0.8145041465759277,0
677,3020000022105-09-01,3020000025081-09-01,포장용 용기,화장품 용기,http://plus.kipris.or.kr/openapi/fileToss.jsp?arg=75a63eed5a438998f9dc3380f5cb642cd56dcb0e0f0995b02e6ec20e9488ca666f5fe34b46e8fbf6bc377969b361653074d14680fa378841,http://plus.kipris.or.kr/openapi/fileToss.jsp?arg=75a63eed5a438998f9dc3380f5cb642cd56dcb0e0f0995b07a28099d0ef98e17803670e82954ba5ecaeb44c9f89127911741aabddfd8acdf,0.7727400064468384,0.8241197466850281,0.7881539463996887,0
678,3020000021678-09-01,3020000015190-09-01,포장용 용기,음료용기,http://plus.kipris.or.kr/openapi/fileToss.jsp?arg=75a63eed5a438998f9dc3380f5cb642cd56dcb0e0f0995b006449c7f1c85a4a76082ed448bf618402e55be811569258961c47b67cc4e5b94,http://plus.kipris.or.kr/openapi/fileToss.jsp?arg=75a63eed5a438998f9dc3380f5cb642cd56dcb0e0f0995b07ba686bc001e12b7246632b98d0401193c3717f00aa558089af6208694d09a43,0.8400897979736328,0.6336858868598938,0.7781686186790466,0
679,3020000002771-09-01,3020000014636-09-01,포장용 음료용기,포장용 병,http://plus.kipris.or.kr/openapi/fileToss.jsp?arg=75a63eed5a438998f9dc3380f5cb642cd56dcb0e0f0995b0680d52483fc7b07df0eaa0514f1b3e00d24794910bd1260b3f9bcb30a4aa5b3d,http://plus.kipris.or.kr/openapi/fileToss.jsp?arg=75a63eed5a438998f9dc3380f5cb642cd56dcb0e0f0995b0606f4df1f99f40812b87e9c8a19dc7be1036d90f246e56e9f9fa458898b396e9,0.8282694816589355,0.9168949127197266,0.8548570871353149,0
680,3020000029327-09-01,3020000007444-09-01,화장품 용기,샴푸용기,http://plus.kipris.or.kr/openapi/fileToss.jsp?arg=75a63eed5a438998f9dc3380f5cb642cd56dcb0e0f0995b011f68ef22f394dd2cbb6ac3c424ae6349bbb0d951f43b1ab1f521c3d5fd0ee4b,http://plus.kipris.or.kr/openapi/fileToss.jsp?arg=75a63eed5a438998f9dc3380f5cb642cd56dcb0e0f0995b0fdcd45318d7ff23c308bbaa2658dde09f849964c1ca6ebebcdab064e3592e0c6,0.7715447545051575,0.7557490468025208,0.7668060660362244,0
681,3020000034017-09-01,3020000024556-09-01,포장용 용기,화장품 용기,http://plus.kipris.or.kr/openapi/fileToss.jsp?arg=75a63eed5a438998f9dc3380f5cb642cd56dcb0e0f0995b0bfb5e3af4d1caf7e41c1a10938b5a94553cd9bfe72ec18a853393d4be46ee553,http://plus.kipris.or.kr/openapi/fileToss.jsp?arg=75a63eed5a438998f9dc3380f5cb642cd56dcb0e0f0995b005b3db6b458aa73b5f84b5e88bb806fd54f16ecd649fa50a20b7a62464ff9891,0.8381013870239258,0.8688023686408997,0.8473116159439087,0
682,3020000033316-09-01,3020000025817-09-01,포장용 용기,대나무통 속 참소주,http://plus.kipris.or.kr/openapi/fileToss.jsp?arg=75a63eed5a438998f9dc3380f5cb642cd56dcb0e0f0995b0f32787804da8b7ad8e33740856216fb3f426ffae314a9ef8f79fe73fffe707f3,http://plus.kipris.or.kr/openapi/fileToss.jsp?arg=75a63eed5a438998f9dc3380f5cb642cd56dcb0e0f0995b07a28099d0ef98e179bc9ea7c548ba527949e26288637a0b65e3c73b76dd06e6f,0.5991671085357666,0.5805305242538452,0.5935761332511902,0
683,3020000011029-09-01,3020000007584-09-01,음료 포장용 병,화장품 용기,http://plus.kipris.or.kr/openapi/fileToss.jsp?arg=75a63eed5a438998f9dc3380f5cb642cd56dcb0e0f0995b070abdd713d0b290ada1a9beb49be1f147b571f7e3467ed9b3d3206ba3839e06d,http://plus.kipris.or.kr/openapi/fileToss.jsp?arg=75a63eed5a438998f9dc3380f5cb642cd56dcb0e0f0995b0fdcd45318d7ff23cbe8f9d6b58b35c17b9be175719b4f014e3760c7329773425,0.784707248210907,0.8138142824172974,0.7934393882751465,0
684,3020000022161-09-01,3020000011989-09-01,화장품용기,드링크 병,http://plus.kipris.or.kr/openapi/fileToss.jsp?arg=75a63eed5a438998f9dc3380f5cb642cd56dcb0e0f0995b02e6ec20e9488ca6619e7d183ad07870d0e1f720ac109996af546b07ee7533fab,http://plus.kipris.or.kr/openapi/fileToss.jsp?arg=75a63eed5a438998f9dc3380f5cb642cd56dcb0e0f0995b070abdd713d0b290a22025622b2f6a4c0026452b7351c2cfea82cfb7aac1ee0be,0.6077929735183716,0.6754845976829529,0.6281004548072815,0
685,3020000010996-09-01,3020000031168-09-01,포장용 용기,화장품용기,http://plus.kipris.or.kr/openapi/fileToss.jsp?arg=75a63eed5a438998f9dc3380f5cb642cd56dcb0e0f0995b0ef3ea9b059e1242154c6c6b21c086873fec4e762b42098f7edda6e53dbafef9e,http://plus.kipris.or.kr/openapi/fileToss.jsp?arg=75a63eed5a438998f9dc3380f5cb642cd56dcb0e0f0995b089d7a621b89857a2bda1ae1f5599e317e91e86b71eace8062848ab4b346a6043,0.770794689655304,0.8658695220947266,0.7993171215057373,0
686,3020000021180-09-01,3020000009605-09-01,포장용 용기,포장용용기,http://plus.kipris.or.kr/openapi/fileToss.jsp?arg=75a63eed5a438998f9dc3380f5cb642cd56dcb0e0f0995b006449c7f1c85a4a78954e4e205fc4f347f0d66c64e7e48d783a403de9920177d,http://plus.kipris.or.kr/openapi/fileToss.jsp?arg=75a63eed5a438998f9dc3380f5cb642cd56dcb0e0f0995b073590199e4f1dc16c4994de40142535656b5c33ac9d6f26d7b9854bcf032b716,0.7885637283325195,0.678930938243866,0.755673885345459,0
687,3020000027388-09-01,3020000033444-09-01,포장용 용기,샴푸용기,http://plus.kipris.or.kr/openapi/fileToss.jsp?arg=75a63eed5a438998f9dc3380f5cb642cd56dcb0e0f0995b01b6467bd697fe99cc883ae80263b6d6f03450d55259062fb99f5c4920627a678,http://plus.kipris.or.kr/openapi/fileToss.jsp?arg=75a63eed5a438998f9dc3380f5cb642cd56dcb0e0f0995b0f32787804da8b7ada2d771db11230ee4e87c7e16445051636fd484f9215ba1d6,0.7111375331878662,0.7120913863182068,0.7114236950874329,0
688,3020000002081-09-01,3020000028666-09-01,화장품 용기,포장용 용기,http://plus.kipris.or.kr/openapi/fileToss.jsp?arg=75a63eed5a438998f9dc3380f5cb642cd56dcb0e0f0995b0680d52483fc7b07d3621f255e5f93b217ec3ee563c0508612ee554378f0f64af,http://plus.kipris.or.kr/openapi/fileToss.jsp?arg=75a63eed5a438998f9dc3380f5cb642cd56dcb0e0f0995b0227542a1f24a7361e3d4617c23baf447860c1fd3c78d389a4a4b591dd5273385,0.8817042112350464,0.768663763999939,0.8477920293807983,0
689,3020000018764-09-01,3020000015339-09-01,음료병,포장용용기,http://plus.kipris.or.kr/openapi/fileToss.jsp?arg=75a63eed5a438998f9dc3380f5cb642cd56dcb0e0f0995b0deac54f8925f4c7dff73e655a395ca11d4fee4764a23fb70baff95c85cee8c49,http://plus.kipris.or.kr/openapi/fileToss.jsp?arg=75a63eed5a438998f9dc3380f5cb642cd56dcb0e0f0995b07ba686bc001e12b728fe4adef1c4451cf9a1474bbf259849ff656adaf6985117,0.7432398796081543,0.6538857221603394,0.7164336442947388,0
690,3020000018873-09-01,3020000029211-09-01,화장품 용기,포장용 용기,http://plus.kipris.or.kr/openapi/fileToss.jsp?arg=75a63eed5a438998f9dc3380f5cb642cd56dcb0e0f0995b0deac54f8925f4c7d01c27b3b9348c7970f10a5e9739eef09bb2185f241010170,http://plus.kipris.or.kr/openapi/fileToss.jsp?arg=75a63eed5a438998f9dc3380f5cb642cd56dcb0e0f0995b011f68ef22f394dd2cbe811d661abacb57f7d34fff32a6abfdcff2e56f3b6b1ce,0.6407911777496338,0.8448882102966309,0.7020202875137329,0
691,3020000031164-09-01,3020000024348-09-01,화장품용기,개인용 세제 용기,http://plus.kipris.or.kr/openapi/fileToss.jsp?arg=75a63eed5a438998f9dc3380f5cb642cd56dcb0e0f0995b089d7a621b89857a2bda1ae1f5599e3174f9890943a627800432232c530e132a6,http://plus.kipris.or.kr/openapi/fileToss.jsp?arg=75a63eed5a438998f9dc3380f5cb642cd56dcb0e0f0995b005b3db6b458aa73bb6f93c107a5863dda9dd3ddeee8bc03657f11156c0aa358f,0.9217589497566223,0.7923054099082947,0.882922887802124,0
692,3020000018767-09-01,3020000024237-09-01,음료병,화장품 용기,http://plus.kipris.or.kr/openapi/fileToss.jsp?arg=75a63eed5a438998f9dc3380f5cb642cd56dcb0e0f0995b0deac54f8925f4c7dff73e655a395ca11d28cbcfed16a1af19cc85bb450af5722,http://plus.kipris.or.kr/openapi/fileToss.jsp?arg=75a63eed5a438998f9dc3380f5cb642cd56dcb0e0f0995b005b3db6b458aa73bfe66f6f53797fb536dc6f239657d45390a17f28bf3d1d797,0.6666791439056396,0.581763505935669,0.6412044763565063,0
693,3020000028283-09-01,3020000025496-09-01,포장용 용기,화장품용기,http://plus.kipris.or.kr/openapi/fileToss.jsp?arg=75a63eed5a438998f9dc3380f5cb642cd56dcb0e0f0995b0227542a1f24a7361c5f2b82111502f215f83c11efd778e7bbce7a3fb97a9ab7d,http://plus.kipris.or.kr/openapi/fileToss.jsp?arg=75a63eed5a438998f9dc3380f5cb642cd56dcb0e0f0995b07a28099d0ef98e17fe87dc1610c15d7febbc7abbf82666fced191767d4a70b3a,0.8199808597564697,0.8074204921722412,0.8162127733230591,0
694,3020000024557-09-01,3020000005940-09-01,화장품 용기,화장품 용기,http://plus.kipris.or.kr/openapi/fileToss.jsp?arg=75a63eed5a438998f9dc3380f5cb642cd56dcb0e0f0995b005b3db6b458aa73b5f84b5e88bb806fd701ec43f9850a0776fe23ec20d8ed0cd,http://plus.kipris.or.kr/openapi/fileToss.jsp?arg=75a63eed5a438998f9dc3380f5cb642cd56dcb0e0f0995b08fe3e6d10b56cc3d0c2a77a9be3fcd51aa99775730a8a2f5c57367089a35c16d,0.8820155262947083,0.9103490710258484,0.8905155658721924,0
695,3020000005118-09-01,3020000006440-09-01,에어로졸 용기,화장품 용기,http://plus.kipris.or.kr/openapi/fileToss.jsp?arg=75a63eed5a438998f9dc3380f5cb642cd56dcb0e0f0995b08fe3e6d10b56cc3d6fdd0a060b490f45a9cef516e81b9996c5d7ba770e2a0893,http://plus.kipris.or.kr/openapi/fileToss.jsp?arg=75a63eed5a438998f9dc3380f5cb642cd56dcb0e0f0995b0187836737e94fb39d0891ba1d3de6d9279859d3df70fc18102a6ab2d0b477083,0.8455237746238708,0.7469311952590942,0.8159459829330444,0
696,3020000031088-09-01,3020000029979-09-01,포장용기,포장용 병,http://plus.kipris.or.kr/openapi/fileToss.jsp?arg=75a63eed5a438998f9dc3380f5cb642cd56dcb0e0f0995b089d7a621b89857a2a6e995ef25b4de530e075e7abc9b8c53d20d4c72af34c330,http://plus.kipris.or.kr/openapi/fileToss.jsp?arg=75a63eed5a438998f9dc3380f5cb642cd56dcb0e0f0995b011f68ef22f394dd2aac602e829ef0eb5fcbe91527496863fefdc6855db63ef99,0.7646803855895996,0.8574607968330383,0.792514443397522,0
697,3020000016998-09-01,3020000002024-09-01,포장용 용기,포장용용기,http://plus.kipris.or.kr/openapi/fileToss.jsp?arg=75a63eed5a438998f9dc3380f5cb642cd56dcb0e0f0995b0edd65ac4880d0f0cc2c085a4246e7b663e595944c7ecaccf925ac9bca843da29,http://plus.kipris.or.kr/openapi/fileToss.jsp?arg=75a63eed5a438998f9dc3380f5cb642cd56dcb0e0f0995b0680d52483fc7b07dce8cf928834fb57ddd96de37e6cf724f504a76facf49ecb7,0.7313430309295654,0.8957557082176208,0.7806668281555176,0
698,3020000030702-09-01,3020000017455-09-01,음료수 병,화장품 용기,http://plus.kipris.or.kr/openapi/fileToss.jsp?arg=75a63eed5a438998f9dc3380f5cb642cd56dcb0e0f0995b0b9420cad9c5990e0b9dddcdc7170a0769ff13faeaeaa9440d39a39cf802fa71e,http://plus.kipris.or.kr/openapi/fileToss.jsp?arg=75a63eed5a438998f9dc3380f5cb642cd56dcb0e0f0995b0d8ee6709638b6fa1605fd1147d87744e95705c59a14473abafe03b2b780e1f97,0.9138351678848267,0.8049456477165222,0.8811683058738708,0
699,3020000014720-09-01,3020000010913-09-01,음료수 병,향수병,http://plus.kipris.or.kr/openapi/fileToss.jsp?arg=75a63eed5a438998f9dc3380f5cb642cd56dcb0e0f0995b0606f4df1f99f408147acd64ca7a100af79f950bb027a98d856d6f46fc97fa9f9,http://plus.kipris.or.kr/openapi/fileToss.jsp?arg=75a63eed5a438998f9dc3380f5cb642cd56dcb0e0f0995b0ef3ea9b059e124218e78add106288283ab700c059cc121119f0ec2c11e908959,0.7200867533683777,0.8037213683128357,0.745177149772644,0
700,3020000015340-09-01,3020000022803-09-01,포장용용기,화장품 용기,http://plus.kipris.or.kr/openapi/fileToss.jsp?arg=75a63eed5a438998f9dc3380f5cb642cd56dcb0e0f0995b07ba686bc001e12b775060f5fe4c5113b39bbb333b141abc1f3fced048cd75cc4,http://plus.kipris.or.kr/openapi/fileToss.jsp?arg=75a63eed5a438998f9dc3380f5cb642cd56dcb0e0f0995b02e6ec20e9488ca6644c75fa6ac71ce2d8057436539fb08fc8b6b1478e1fd4494,0.859880805015564,0.8539421558380127,0.8580992221832275,0
701,3020000010998-09-01,3020000016041-09-01,포장용 용기,포장용 통,http://plus.kipris.or.kr/openapi/fileToss.jsp?arg=75a63eed5a438998f9dc3380f5cb642cd56dcb0e0f0995b0ef3ea9b059e1242154c6c6b21c086873fa90fc2cd032beb6803af75bda05e051,http://plus.kipris.or.kr/openapi/fileToss.jsp?arg=75a63eed5a438998f9dc3380f5cb642cd56dcb0e0f0995b0edd65ac4880d0f0c166bfa7c9e52a4a83b203a7f5192e6ebc676901024df7707,0.7472766041755676,0.9428223371505737,0.8059403896331787,0
702,3020000027734-09-01,3020000015229-09-01,포장용 용기,포장용 용기,http://plus.kipris.or.kr/openapi/fileToss.jsp?arg=75a63eed5a438998f9dc3380f5cb642cd56dcb0e0f0995b01b6467bd697fe99c304237b1c4ccf2648bc1a773011b168eb4829f6e591f5e26,http://plus.kipris.or.kr/openapi/fileToss.jsp?arg=75a63eed5a438998f9dc3380f5cb642cd56dcb0e0f0995b07ba686bc001e12b736b25ce876b15bae0e8aaa9c2ad9adfbea5c1c82d9a708be,0.8785902261734009,0.9566774964332581,0.9020164012908936,0
703,3020000000778-09-01,3020000011558-09-01,포장용 용기,술병,http://plus.kipris.or.kr/openapi/fileToss.jsp?arg=75a63eed5a438998f9dc3380f5cb642cd56dcb0e0f0995b0cc72ed919b3423003267d3a705c3e4d98f27ea2c522497cefecb62532b87ba02,http://plus.kipris.or.kr/openapi/fileToss.jsp?arg=75a63eed5a438998f9dc3380f5cb642cd56dcb0e0f0995b070abdd713d0b290a44af382d81afbb12e7c9bd040680775c2e03ed438f67356d,0.7360845804214478,0.7335824966430664,0.7353339791297913,0
704,3020000029756-09-01,3020000025182-09-01,포장용 병,화장품 용기,http://plus.kipris.or.kr/openapi/fileToss.jsp?arg=75a63eed5a438998f9dc3380f5cb642cd56dcb0e0f0995b011f68ef22f394dd22a0df6146d523614037efe9cecec5ea921ea9e1d2f9e0913,http://plus.kipris.or.kr/openapi/fileToss.jsp?arg=75a63eed5a438998f9dc3380f5cb642cd56dcb0e0f0995b07a28099d0ef98e17b231862f9c4558f7c6d4adbe3a495f9d17b4edcf1dcaa2d1,0.7029275894165039,0.758805513381958,0.7196909785270691,0
705,3020000032162-09-01,3020000007445-09-01,화장품 용기,샴푸용기,http://plus.kipris.or.kr/openapi/fileToss.jsp?arg=75a63eed5a438998f9dc3380f5cb642cd56dcb0e0f0995b056fef538e42de1141ca79b9eea990224c760b062d4d71d4408a1fec25f54f969,http://plus.kipris.or.kr/openapi/fileToss.jsp?arg=75a63eed5a438998f9dc3380f5cb642cd56dcb0e0f0995b0fdcd45318d7ff23c308bbaa2658dde0908ce1448e4d7f44ea491593a3fe3a535,0.9141347408294678,0.7484526038169861,0.8644300699234009,0
706,3020000017002-09-01,3020000002082-09-01,포장용 용기,화장품 용기,http://plus.kipris.or.kr/openapi/fileToss.jsp?arg=75a63eed5a438998f9dc3380f5cb642cd56dcb0e0f0995b0d8ee6709638b6fa151acb057bf4b283f9c05647f46a69bf4bc99388a4c28538d,http://plus.kipris.or.kr/openapi/fileToss.jsp?arg=75a63eed5a438998f9dc3380f5cb642cd56dcb0e0f0995b0680d52483fc7b07d3621f255e5f93b215d3d108e5dd08d7cd7234ac87106e70f,0.8343145251274109,0.797968327999115,0.8234106302261353,0
707,3020000002083-09-01,3020000033636-09-01,남성용 화장품 용기,화장품 용기,http://plus.kipris.or.kr/openapi/fileToss.jsp?arg=75a63eed5a438998f9dc3380f5cb642cd56dcb0e0f0995b0680d52483fc7b07d3621f255e5f93b21b9855e12cd06cab9df591d50e8bca855,http://plus.kipris.or.kr/openapi/fileToss.jsp?arg=75a63eed5a438998f9dc3380f5cb642cd56dcb0e0f0995b0f32787804da8b7adcbf6ebf8d002420f4cdaa1d493e33f0b8dc5764b56b788bc,0.7511758804321289,0.8316848278045654,0.7753285765647888,0
708,3020000002476-09-01,3020000034017-09-01,화장품 용기,포장용 용기,http://plus.kipris.or.kr/openapi/fileToss.jsp?arg=75a63eed5a438998f9dc3380f5cb642cd56dcb0e0f0995b0680d52483fc7b07df16a5d956a617ab8f7c6e699c1ad01fc14f9e506c2e5f061,http://plus.kipris.or.kr/openapi/fileToss.jsp?arg=75a63eed5a438998f9dc3380f5cb642cd56dcb0e0f0995b0bfb5e3af4d1caf7e41c1a10938b5a94553cd9bfe72ec18a85b2e7c7e141b2e22,0.8307932615280151,0.8363212943077087,0.8324516415596008,0
709,3020000015457-09-01,3020000031163-09-01,포장용 병,화장품용기,http://plus.kipris.or.kr/openapi/fileToss.jsp?arg=75a63eed5a438998f9dc3380f5cb642cd56dcb0e0f0995b07ba686bc001e12b739fc00a00738800f11b276c8c1ad430b20cf11b830b45bed,http://plus.kipris.or.kr/openapi/fileToss.jsp?arg=75a63eed5a438998f9dc3380f5cb642cd56dcb0e0f0995b089d7a621b89857a2bda1ae1f5599e317dbdb5c17e3d29fda1682626593d6b35f,0.7973529696464539,0.7657458782196045,0.7878708243370056,0
710,3020000029020-09-01,3020000031444-09-01,화장품 용기,화장품 용기,http://plus.kipris.or.kr/openapi/fileToss.jsp?arg=75a63eed5a438998f9dc3380f5cb642cd56dcb0e0f0995b011f68ef22f394dd23d3e52e393d986e319bf88371b57d9b8722a0cea94b1349b,http://plus.kipris.or.kr/openapi/fileToss.jsp?arg=75a63eed5a438998f9dc3380f5cb642cd56dcb0e0f0995b089d7a621b89857a21e79e0b1232a9ae91a3f9080e95cd3dd07d2fc29b93f8311,0.6911100149154663,0.8871014714241028,0.7499074935913086,0
711,3020000014721-09-01,3020000028256-09-01,음료수병,화장품 용기,http://plus.kipris.or.kr/openapi/fileToss.jsp?arg=75a63eed5a438998f9dc3380f5cb642cd56dcb0e0f0995b0606f4df1f99f408147acd64ca7a100afd02dddd10af2d0c3270f45a3e29dc7eb,http://plus.kipris.or.kr/openapi/fileToss.jsp?arg=75a63eed5a438998f9dc3380f5cb642cd56dcb0e0f0995b0227542a1f24a736184b9181791c18e4f9bbb78984b7019f5821c74b50d6ca9ae,0.6624317169189453,0.745703935623169,0.6874133944511414,0
712,3020000031247-09-01,3020000021170-09-01,화장품용기,음료캔,http://plus.kipris.or.kr/openapi/fileToss.jsp?arg=75a63eed5a438998f9dc3380f5cb642cd56dcb0e0f0995b089d7a621b89857a2cf83cf6c7d54a290c5c6ea32d42da47923b41eca86012c6e,http://plus.kipris.or.kr/openapi/fileToss.jsp?arg=75a63eed5a438998f9dc3380f5cb642cd56dcb0e0f0995b006449c7f1c85a4a7bec89f1fb749c251216a46bc23ca63c32f1fe17a5791447c,0.811178982257843,0.7422293424606323,0.7904940843582153,0
713,3020000019323-09-01,3020000020844-09-01,포장용 용기,화장품 용기,http://plus.kipris.or.kr/openapi/fileToss.jsp?arg=75a63eed5a438998f9dc3380f5cb642cd56dcb0e0f0995b0f63a2eefd11079d0e31326d6f26acc1537b8431a4c97957cac8df78ab83ed05e,http://plus.kipris.or.kr/openapi/fileToss.jsp?arg=75a63eed5a438998f9dc3380f5cb642cd56dcb0e0f0995b0bea0399dd2b7a3e54982b213b7706e58bb0a4596104785cd763651024c92df99,0.7258719801902771,0.8533763885498047,0.7641233205795288,0
714,3020000030843-09-01,3020000009535-09-01,화장품용기,포장용 병,http://plus.kipris.or.kr/openapi/fileToss.jsp?arg=75a63eed5a438998f9dc3380f5cb642cd56dcb0e0f0995b0b9420cad9c5990e0a4a05627aedca40ca750b1c56ce2af313705db84e0176d57,http://plus.kipris.or.kr/openapi/fileToss.jsp?arg=75a63eed5a438998f9dc3380f5cb642cd56dcb0e0f0995b073590199e4f1dc16a62734373bd540e058fe44dc0b626a9cdfedd81e65fc51dc,0.6916657090187073,0.8748770952224731,0.7466291189193726,0
715,3020000007018-09-01,3020000031444-09-01,화장품 용기,화장품 용기,http://plus.kipris.or.kr/openapi/fileToss.jsp?arg=75a63eed5a438998f9dc3380f5cb642cd56dcb0e0f0995b0fdcd45318d7ff23c36f1af0f6d6ef80329232ca9d0c3573878e85f9deecfad90,http://plus.kipris.or.kr/openapi/fileToss.jsp?arg=75a63eed5a438998f9dc3380f5cb642cd56dcb0e0f0995b089d7a621b89857a21e79e0b1232a9ae91a3f9080e95cd3ddc0ef43164153994e,0.8102142810821533,0.9090744256973267,0.8398723602294922,0
716,3020000027377-09-01,3020000013900-09-01,향 수 병,포장용 용기,http://plus.kipris.or.kr/openapi/fileToss.jsp?arg=75a63eed5a438998f9dc3380f5cb642cd56dcb0e0f0995b01b6467bd697fe99c825062ac0a4e0cbbf37c817a70113aa4508e90b068b69d88,http://plus.kipris.or.kr/openapi/fileToss.jsp?arg=75a63eed5a438998f9dc3380f5cb642cd56dcb0e0f0995b0bdcfae06342df6850de8b49972379f7ecc0784a9556e8c625a40234754a042e6,0.6915541887283325,0.7831960916519165,0.7190467715263367,0
717,3020000022365-09-01,3020000029312-09-01,화장품용기,술병,http://plus.kipris.or.kr/openapi/fileToss.jsp?arg=75a63eed5a438998f9dc3380f5cb642cd56dcb0e0f0995b02e6ec20e9488ca667220594ecf4822650c1479d6f12cd598d1796e8124e4ac44,http://plus.kipris.or.kr/openapi/fileToss.jsp?arg=75a63eed5a438998f9dc3380f5cb642cd56dcb0e0f0995b011f68ef22f394dd2827ea165d016d0f0e26f05fa79b582dec4082b36e6b91a20,0.7480182647705078,0.7320476770401001,0.7432271242141724,0
718,3020000020571-09-01,3020000031065-09-01,화장품 용기,화장품 용기,http://plus.kipris.or.kr/openapi/fileToss.jsp?arg=75a63eed5a438998f9dc3380f5cb642cd56dcb0e0f0995b0bea0399dd2b7a3e5b435903018a1a9f5b39c0075c538e6aa083f10f3b4440d06,http://plus.kipris.or.kr/openapi/fileToss.jsp?arg=75a63eed5a438998f9dc3380f5cb642cd56dcb0e0f0995b089d7a621b89857a24e563e71b55eadeece1d1222c27c878b2693578151f9751c,0.8062741756439209,0.9345369935035706,0.8447530269622803,0
719,3020000031162-09-01,3020000029019-09-01,포장용기,화장품 용기,http://plus.kipris.or.kr/openapi/fileToss.jsp?arg=75a63eed5a438998f9dc3380f5cb642cd56dcb0e0f0995b089d7a621b89857a2bda1ae1f5599e317597821b50ca5d488bfb61902c24e992c,http://plus.kipris.or.kr/openapi/fileToss.jsp?arg=75a63eed5a438998f9dc3380f5cb642cd56dcb0e0f0995b011f68ef22f394dd2390c13707ca28de788875746926698e5249544d14bd8862a,0.7486216425895691,0.8313289284706116,0.7734338641166687,0
720,3020000009535-09-01,3020000006436-09-01,포장용 병,포장용 용기,http://plus.kipris.or.kr/openapi/fileToss.jsp?arg=75a63eed5a438998f9dc3380f5cb642cd56dcb0e0f0995b073590199e4f1dc16a62734373bd540e058fe44dc0b626a9c2596cfcfe9ea9007,http://plus.kipris.or.kr/openapi/fileToss.jsp?arg=75a63eed5a438998f9dc3380f5cb642cd56dcb0e0f0995b0187836737e94fb39d6735824be9a53a73fc77ea3035de78f4afe442cf00ff1d0,0.5879952311515808,0.8802353143692017,0.6756672859191895,0
721,3020000023255-09-01,3020000017497-09-01,식품용용기,포장용 용기,http://plus.kipris.or.kr/openapi/fileToss.jsp?arg=75a63eed5a438998f9dc3380f5cb642cd56dcb0e0f0995b09b1f6789fb975124ddde99bf437cdce8167068b4ae391de3d9b19b2230db7a21,http://plus.kipris.or.kr/openapi/fileToss.jsp?arg=75a63eed5a438998f9dc3380f5cb642cd56dcb0e0f0995b0d8ee6709638b6fa1ae2fc3835c730b0fa1fa6955ae8aa205606d54b602094b89,0.9418396949768066,0.8957958221435547,0.9280264973640442,0
722,3020000031165-09-01,3020000028254-09-01,화장품용기,화장품 용기,http://plus.kipris.or.kr/openapi/fileToss.jsp?arg=75a63eed5a438998f9dc3380f5cb642cd56dcb0e0f0995b089d7a621b89857a2bda1ae1f5599e3178632bd153853d7a3766338624889d13c,http://plus.kipris.or.kr/openapi/fileToss.jsp?arg=75a63eed5a438998f9dc3380f5cb642cd56dcb0e0f0995b0227542a1f24a736184b9181791c18e4fa67ec61a2b27ea411462269491161782,0.7626043558120728,0.9408646821975708,0.8160824179649353,0
723,3020000014580-09-01,3020000015282-09-01,화장품 용기,화장품 용기,http://plus.kipris.or.kr/openapi/fileToss.jsp?arg=75a63eed5a438998f9dc3380f5cb642cd56dcb0e0f0995b0606f4df1f99f408131dbbf949e2f4252997a391f76667cd850d0c363bd1021a6,http://plus.kipris.or.kr/openapi/fileToss.jsp?arg=75a63eed5a438998f9dc3380f5cb642cd56dcb0e0f0995b07ba686bc001e12b75d136b4df6d33bb521e75c89274b2b2bb00b74c1f57d260f,0.8487217426300049,0.9722416400909424,0.8857777118682861,0
724,3020000024465-09-01,3020000032390-09-01,포장용 용기,화장품 용기,http://plus.kipris.or.kr/openapi/fileToss.jsp?arg=75a63eed5a438998f9dc3380f5cb642cd56dcb0e0f0995b005b3db6b458aa73be969790f4b87eaa590971886d7a6ca3ecdf08e36f2c22d8c,http://plus.kipris.or.kr/openapi/fileToss.jsp?arg=75a63eed5a438998f9dc3380f5cb642cd56dcb0e0f0995b056fef538e42de114992500162809c30904332274da7c8757c3ddb2fe06bd7806,0.6195745468139648,0.8297563791275024,0.6826291084289551,0
725,3020000006745-09-01,3020000017832-09-01,화장품 용기,샴푸용 용기,http://plus.kipris.or.kr/openapi/fileToss.jsp?arg=75a63eed5a438998f9dc3380f5cb642cd56dcb0e0f0995b0187836737e94fb396332e3fa732ce845f8c27c7491e8a6759be89700787ad0b0,http://plus.kipris.or.kr/openapi/fileToss.jsp?arg=75a63eed5a438998f9dc3380f5cb642cd56dcb0e0f0995b0d8ee6709638b6fa1fddf850691b23642f5eb7e1e4cb47959ff97ba612ba69dfa,0.8738640546798706,0.7982963919639587,0.8511937856674194,0
726,3020000028283-09-01,3020000023960-09-01,포장용 용기,향수용 분무기,http://plus.kipris.or.kr/openapi/fileToss.jsp?arg=75a63eed5a438998f9dc3380f5cb642cd56dcb0e0f0995b0227542a1f24a7361c5f2b82111502f215f83c11efd778e7bff23331b0aa06a60,http://plus.kipris.or.kr/openapi/fileToss.jsp?arg=75a63eed5a438998f9dc3380f5cb642cd56dcb0e0f0995b09b1f6789fb97512435c6663bfd5ed5613a4a1a91772f1718bf56c98468b8870d,0.8802866339683533,0.7480785846710205,0.840624213218689,0
727,3020000002023-09-01,3020000032580-09-01,포장용용기,화장품 용기,http://plus.kipris.or.kr/openapi/fileToss.jsp?arg=75a63eed5a438998f9dc3380f5cb642cd56dcb0e0f0995b0680d52483fc7b07dce8cf928834fb57d19980545f54a8647317c0e590d0fc825,http://plus.kipris.or.kr/openapi/fileToss.jsp?arg=75a63eed5a438998f9dc3380f5cb642cd56dcb0e0f0995b056fef538e42de114c938f9d32b974d970569e2f0bc439dcabedd14a58665804a,0.7745159864425659,0.8634347915649414,0.8011916279792786,0
728,3020000015978-09-01,3020000031468-09-01,포장용 용기,화장품 용기,http://plus.kipris.or.kr/openapi/fileToss.jsp?arg=75a63eed5a438998f9dc3380f5cb642cd56dcb0e0f0995b07ba686bc001e12b71e3601a67abc767856e0f883d6d4243b8350c706a1afa50f,http://plus.kipris.or.kr/openapi/fileToss.jsp?arg=75a63eed5a438998f9dc3380f5cb642cd56dcb0e0f0995b089d7a621b89857a2e6fd5d03a616b313ad947e8c7453a16a07cf855e440e0f77,0.8332599401473999,0.8758293390274048,0.8460307121276855,0
729,3020000017002-09-01,3020000023374-09-01,포장용 용기,화장품 용기,http://plus.kipris.or.kr/openapi/fileToss.jsp?arg=75a63eed5a438998f9dc3380f5cb642cd56dcb0e0f0995b0d8ee6709638b6fa151acb057bf4b283f9c05647f46a69bf46158c33e9e08120f,http://plus.kipris.or.kr/openapi/fileToss.jsp?arg=75a63eed5a438998f9dc3380f5cb642cd56dcb0e0f0995b09b1f6789fb97512449882dd38eee7b7064b74edfc766566421bbff463c3a2fee,0.8145655393600464,0.8291016817092896,0.8189263343811035,0
730,3020000000726-09-01,3020000004208-09-01,병,식음료용 병,http://plus.kipris.or.kr/openapi/fileToss.jsp?arg=75a63eed5a438998f9dc3380f5cb642cd56dcb0e0f0995b0cc72ed919b3423000a38f4d03ae02e78859ec8517f932d63e728b57b6ba04587,http://plus.kipris.or.kr/openapi/fileToss.jsp?arg=75a63eed5a438998f9dc3380f5cb642cd56dcb0e0f0995b03069a7817908f14f26c983146bc1b18f48b2122d4f1a6e3b667dfdb1c941a6a5,0.8478480577468872,0.8617985844612122,0.852033257484436,0
731,3020000030347-09-01,3020000032279-09-01,포장용 용기,화장품 용기,http://plus.kipris.or.kr/openapi/fileToss.jsp?arg=75a63eed5a438998f9dc3380f5cb642cd56dcb0e0f0995b0b9420cad9c5990e003a10973d6bdbbe33d0e3feb2ecc5d1451be5bb114ee75ed,http://plus.kipris.or.kr/openapi/fileToss.jsp?arg=75a63eed5a438998f9dc3380f5cb642cd56dcb0e0f0995b056fef538e42de1147cde78c9acdcc39826435626186d051b51bd50077ae0825b,0.7767003178596497,0.8721265196800232,0.8053281307220459,0
732,3020000005652-09-01,3020000017908-09-01,포장용 용기,화장품 용기,http://plus.kipris.or.kr/openapi/fileToss.jsp?arg=75a63eed5a438998f9dc3380f5cb642cd56dcb0e0f0995b08fe3e6d10b56cc3dd860bdd2e2498e9ae78cdee054c9d58f778654474f976ba9,http://plus.kipris.or.kr/openapi/fileToss.jsp?arg=75a63eed5a438998f9dc3380f5cb642cd56dcb0e0f0995b0d8ee6709638b6fa1182d19b659de8ba0b15a67581927d86f6c64e69326177d14,0.8570265769958496,0.8291411399841309,0.848660945892334,0
733,3020000033368-09-01,3020000031696-09-01,화장품 용기,화장품 용기,http://plus.kipris.or.kr/openapi/fileToss.jsp?arg=75a63eed5a438998f9dc3380f5cb642cd56dcb0e0f0995b0f32787804da8b7ad040f0c1c9fe98f73f8a44c81d3bee001408d05349c8b9aad,http://plus.kipris.or.kr/openapi/fileToss.jsp?arg=75a63eed5a438998f9dc3380f5cb642cd56dcb0e0f0995b089d7a621b89857a2fe66ea06c9f515a9004527b3808598c005f394e9dd20bacf,0.8063328266143799,0.9557666778564453,0.8511630296707153,0
734,3020000022803-09-01,3020000028257-09-01,화장품 용기,화장품 용기,http://plus.kipris.or.kr/openapi/fileToss.jsp?arg=75a63eed5a438998f9dc3380f5cb642cd56dcb0e0f0995b02e6ec20e9488ca6644c75fa6ac71ce2d8057436539fb08fc6ab75a04f3cbf8dd,http://plus.kipris.or.kr/openapi/fileToss.jsp?arg=75a63eed5a438998f9dc3380f5cb642cd56dcb0e0f0995b0227542a1f24a736184b9181791c18e4f1c092183231ba9c374a1fea8e9e4b9bc,0.7339669466018677,0.957194983959198,0.8009353876113892,0
735,3020000032583-09-01,3020000017424-09-01,화장품 용기,포장용 용기,http://plus.kipris.or.kr/openapi/fileToss.jsp?arg=75a63eed5a438998f9dc3380f5cb642cd56dcb0e0f0995b056fef538e42de114c938f9d32b974d9747ea4b93bd843ea7834b485d52077cdb,http://plus.kipris.or.kr/openapi/fileToss.jsp?arg=75a63eed5a438998f9dc3380f5cb642cd56dcb0e0f0995b0d8ee6709638b6fa14d030d93d9fd28c422622fd25edaa01a0be192c8d1f87315,0.7992230653762817,0.8221938610076904,0.8061142563819885,0
736,3020000025081-09-01,3020000005512-09-01,화장품 용기,화장품 용기,http://plus.kipris.or.kr/openapi/fileToss.jsp?arg=75a63eed5a438998f9dc3380f5cb642cd56dcb0e0f0995b07a28099d0ef98e17803670e82954ba5ecaeb44c9f89127913ffe60f8020f1acd,http://plus.kipris.or.kr/openapi/fileToss.jsp?arg=75a63eed5a438998f9dc3380f5cb642cd56dcb0e0f0995b08fe3e6d10b56cc3d22f91fa31f9e4b5d2d45b21b61a48a49b9d852030d8fe96e,0.8420379757881165,0.9057970643043518,0.8611657023429871,0
737,3020000011312-09-01,3020000016998-09-01,술병,포장용 용기,http://plus.kipris.or.kr/openapi/fileToss.jsp?arg=75a63eed5a438998f9dc3380f5cb642cd56dcb0e0f0995b070abdd713d0b290a5ffe1b8eef7e114d8d90f591f2f6baf89aa60ba3998c33bf,http://plus.kipris.or.kr/openapi/fileToss.jsp?arg=75a63eed5a438998f9dc3380f5cb642cd56dcb0e0f0995b0edd65ac4880d0f0cc2c085a4246e7b663e595944c7ecaccf925ac9bca843da29,0.7431274652481079,0.8121953010559082,0.763847827911377,0
738,3020000013900-09-01,3020000010912-09-01,포장용 용기,향수병,http://plus.kipris.or.kr/openapi/fileToss.jsp?arg=75a63eed5a438998f9dc3380f5cb642cd56dcb0e0f0995b0bdcfae06342df6850de8b49972379f7ecc0784a9556e8c6212f1fa4c9083de8b,http://plus.kipris.or.kr/openapi/fileToss.jsp?arg=75a63eed5a438998f9dc3380f5cb642cd56dcb0e0f0995b0ef3ea9b059e124218e78add10628828341da67d0ed53295d1efbf1bd67e4afff,0.793770432472229,0.7844330072402954,0.79096919298172,0
739,3020000017002-09-01,3020000030698-09-01,포장용 용기,음료용 병,http://plus.kipris.or.kr/openapi/fileToss.jsp?arg=75a63eed5a438998f9dc3380f5cb642cd56dcb0e0f0995b0d8ee6709638b6fa151acb057bf4b283f9c05647f46a69bf4bc99388a4c28538d,http://plus.kipris.or.kr/openapi/fileToss.jsp?arg=75a63eed5a438998f9dc3380f5cb642cd56dcb0e0f0995b0b9420cad9c5990e0fedfec3ce9cb4a02f555a1df4c240a2edda0ae7be46c6676,0.8773202896118164,0.8431857228279114,0.8670799136161804,0
740,3020000006435-09-01,3020000015388-09-01,포장용 용기,화장품 용기,http://plus.kipris.or.kr/openapi/fileToss.jsp?arg=75a63eed5a438998f9dc3380f5cb642cd56dcb0e0f0995b0187836737e94fb39d6735824be9a53a7d1ed3c69c4b0e73d32ff709e4f4b4d3c,http://plus.kipris.or.kr/openapi/fileToss.jsp?arg=75a63eed5a438998f9dc3380f5cb642cd56dcb0e0f0995b07ba686bc001e12b78250fd8339f4eec1965fe05fc5d6d3d0bba17f865e500f09,0.6216174960136414,0.8270472288131714,0.6832464337348938,0
741,3020000005512-09-01,3020000022200-09-01,화장품 용기,포장용 용기,http://plus.kipris.or.kr/openapi/fileToss.jsp?arg=75a63eed5a438998f9dc3380f5cb642cd56dcb0e0f0995b08fe3e6d10b56cc3d22f91fa31f9e4b5d2d45b21b61a48a49bcf743f0b55816a9,http://plus.kipris.or.kr/openapi/fileToss.jsp?arg=75a63eed5a438998f9dc3380f5cb642cd56dcb0e0f0995b02e6ec20e9488ca66a70689f8ed0b359ec2645961d3c02388c18f92304a5069cb,0.780453622341156,0.863095223903656,0.805246114730835,0
742,3020000027112-09-01,3020000031065-09-01,향수 용기,화장품 용기,http://plus.kipris.or.kr/openapi/fileToss.jsp?arg=75a63eed5a438998f9dc3380f5cb642cd56dcb0e0f0995b01b6467bd697fe99c013e9190553069fb58aea5169a494bd324890f12510142ff,http://plus.kipris.or.kr/openapi/fileToss.jsp?arg=75a63eed5a438998f9dc3380f5cb642cd56dcb0e0f0995b089d7a621b89857a24e563e71b55eadeece1d1222c27c878b2693578151f9751c,0.7787842154502869,0.8237101435661316,0.7922620177268982,0
743,3020000030843-09-01,3020000022438-09-01,화장품용기,포장용 용기,http://plus.kipris.or.kr/openapi/fileToss.jsp?arg=75a63eed5a438998f9dc3380f5cb642cd56dcb0e0f0995b0b9420cad9c5990e0a4a05627aedca40ca750b1c56ce2af31ad48d0977ddf98ee,http://plus.kipris.or.kr/openapi/fileToss.jsp?arg=75a63eed5a438998f9dc3380f5cb642cd56dcb0e0f0995b02e6ec20e9488ca6663752f4fd76355c5c8a13f1ee8f31a9234ec71d70b5c84b2,0.7833185195922852,0.8718087673187256,0.8098655939102173,0
744,3020000002231-09-01,3020000018767-09-01,포장용 통,음료병,http://plus.kipris.or.kr/openapi/fileToss.jsp?arg=75a63eed5a438998f9dc3380f5cb642cd56dcb0e0f0995b0680d52483fc7b07d73043a5cae9ac96401c326c864eae306ed9af8da67a49ef4,http://plus.kipris.or.kr/openapi/fileToss.jsp?arg=75a63eed5a438998f9dc3380f5cb642cd56dcb0e0f0995b0deac54f8925f4c7dff73e655a395ca11d28cbcfed16a1af11953b7280de0b6b7,0.9114221334457397,0.7883524894714355,0.8745012283325195,0
745,3020000013605-09-01,3020000024712-09-01,화장품 용기,에어컨 세정 스프레이,http://plus.kipris.or.kr/openapi/fileToss.jsp?arg=75a63eed5a438998f9dc3380f5cb642cd56dcb0e0f0995b0bdcfae06342df685b5160b34fe202fbff398f486934ae14fd3786c2f49553e5f,http://plus.kipris.or.kr/openapi/fileToss.jsp?arg=75a63eed5a438998f9dc3380f5cb642cd56dcb0e0f0995b005b3db6b458aa73b478bbee24fff2a97c1e7346cd4e6d36aa75426dd6caab3eb,0.9550900459289551,0.586284339427948,0.8444483280181885,0
746,3020000033000-09-01,3020000011989-09-01,술병,드링크 병,http://plus.kipris.or.kr/openapi/fileToss.jsp?arg=75a63eed5a438998f9dc3380f5cb642cd56dcb0e0f0995b0f32787804da8b7ad0a83331d496f7b1207a70e4bb04e6589b59ecb64600058dc,http://plus.kipris.or.kr/openapi/fileToss.jsp?arg=75a63eed5a438998f9dc3380f5cb642cd56dcb0e0f0995b070abdd713d0b290a22025622b2f6a4c0026452b7351c2cfe0c2130045839a921,0.9066431522369385,0.6750085353851318,0.8371527194976807,0
747,3020000018090-09-01,3020000017455-09-01,액체 내용물 포장용 용기,화장품 용기,http://plus.kipris.or.kr/openapi/fileToss.jsp?arg=75a63eed5a438998f9dc3380f5cb642cd56dcb0e0f0995b0deac54f8925f4c7db087096564c2a8728b4ce193a9a0b929cf033669e6685c07,http://plus.kipris.or.kr/openapi/fileToss.jsp?arg=75a63eed5a438998f9dc3380f5cb642cd56dcb0e0f0995b0d8ee6709638b6fa1605fd1147d87744e95705c59a14473ab42a84e35418e6bfa,0.7867603302001953,0.8895568251609802,0.8175992965698242,0
748,3020000033178-09-01,3020000029153-09-01,샴푸용기,화장품 용기,http://plus.kipris.or.kr/openapi/fileToss.jsp?arg=75a63eed5a438998f9dc3380f5cb642cd56dcb0e0f0995b0f32787804da8b7ad260e51bd8f6e3480046220d68d97e79a1bc573e86c9a3c67,http://plus.kipris.or.kr/openapi/fileToss.jsp?arg=75a63eed5a438998f9dc3380f5cb642cd56dcb0e0f0995b011f68ef22f394dd29eecc76719f91605bd6e2b7afc32086532d3d375fa16db1a,0.8205085396766663,0.8088039755821228,0.8169971704483032,0
749,3020000015227-09-01,3020000015433-09-01,포장용 용기,포장용 용기,http://plus.kipris.or.kr/openapi/fileToss.jsp?arg=75a63eed5a438998f9dc3380f5cb642cd56dcb0e0f0995b07ba686bc001e12b736b25ce876b15bae7730a44f7e7c3c63eec644e60e4083cb,http://plus.kipris.or.kr/openapi/fileToss.jsp?arg=75a63eed5a438998f9dc3380f5cb642cd56dcb0e0f0995b07ba686bc001e12b74f814a4956a5cebb3b7e77a65b11d9ab0732b57ff8d43405,0.7399822473526001,0.9628609418869019,0.8068458437919617,0
750,3020000010608-09-01,3020000002988-09-01,향수용기,화장품 용기,http://plus.kipris.or.kr/openapi/fileToss.jsp?arg=75a63eed5a438998f9dc3380f5cb642cd56dcb0e0f0995b0ef3ea9b059e12421ac8898e2abf04f2abfe0c93f850ea7241e05c7085177981d,http://plus.kipris.or.kr/openapi/fileToss.jsp?arg=75a63eed5a438998f9dc3380f5cb642cd56dcb0e0f0995b0680d52483fc7b07d6fe290517ec135e74f9e3dd1bc7c81cbf545a73c11d5c2d1,0.842272162437439,0.8179645538330078,0.8349798917770386,0
751,3020000015228-09-01,3020000015340-09-01,포장용 용기,포장용용기,http://plus.kipris.or.kr/openapi/fileToss.jsp?arg=75a63eed5a438998f9dc3380f5cb642cd56dcb0e0f0995b07ba686bc001e12b736b25ce876b15baee6fa5b98ab5666b667fbf0d3f9756e10,http://plus.kipris.or.kr/openapi/fileToss.jsp?arg=75a63eed5a438998f9dc3380f5cb642cd56dcb0e0f0995b07ba686bc001e12b775060f5fe4c5113b39bbb333b141abc1e458e0a4a6b2267a,0.790637731552124,0.997249960899353,0.8526214361190796,0
752,3020000032583-09-01,3020000029312-09-01,화장품 용기,술병,http://plus.kipris.or.kr/openapi/fileToss.jsp?arg=75a63eed5a438998f9dc3380f5cb642cd56dcb0e0f0995b056fef538e42de114c938f9d32b974d9747ea4b93bd843ea722c4781a47925107,http://plus.kipris.or.kr/openapi/fileToss.jsp?arg=75a63eed5a438998f9dc3380f5cb642cd56dcb0e0f0995b011f68ef22f394dd2827ea165d016d0f0e26f05fa79b582dea299e8b3932b712c,0.7189843654632568,0.7683724164962769,0.7338007688522339,0
753,3020000011001-09-01,3020000024535-09-01,포장용 용기,화장품 용기,http://plus.kipris.or.kr/openapi/fileToss.jsp?arg=75a63eed5a438998f9dc3380f5cb642cd56dcb0e0f0995b070abdd713d0b290aa6f312245d3a82ee762249b201b11d96784401c70d163d7c,http://plus.kipris.or.kr/openapi/fileToss.jsp?arg=75a63eed5a438998f9dc3380f5cb642cd56dcb0e0f0995b005b3db6b458aa73bad765829c40530d0e0f716a805419d64397ba50a58d321d5,0.7773159146308899,0.8032892942428589,0.7851079702377319,0
754,3020000031696-09-01,3020000008855-09-01,화장품 용기,화장품 용기,http://plus.kipris.or.kr/openapi/fileToss.jsp?arg=75a63eed5a438998f9dc3380f5cb642cd56dcb0e0f0995b089d7a621b89857a2fe66ea06c9f515a9004527b3808598c09e99bc8d3428fdfd,http://plus.kipris.or.kr/openapi/fileToss.jsp?arg=75a63eed5a438998f9dc3380f5cb642cd56dcb0e0f0995b06226a1b53136408c77446a31574122b0d4ee255adde4503b6ff1a2a9125b7c86,0.6682966947555542,0.9311088919639587,0.7471403479576111,0
755,3020000018258-09-01,3020000030698-09-01,음료용 캔,음료용 병,http://plus.kipris.or.kr/openapi/fileToss.jsp?arg=75a63eed5a438998f9dc3380f5cb642cd56dcb0e0f0995b0deac54f8925f4c7d8c19ebbaa9b69594dbe0bf3a992ba5bfec1bebd191a502af,http://plus.kipris.or.kr/openapi/fileToss.jsp?arg=75a63eed5a438998f9dc3380f5cb642cd56dcb0e0f0995b0b9420cad9c5990e0fedfec3ce9cb4a02f555a1df4c240a2e0577b760fcb20c08,0.7419920563697815,0.8034871220588684,0.7604405879974365,0
756,3020000014195-09-01,3020000031065-09-01,화장품 용기,화장품 용기,http://plus.kipris.or.kr/openapi/fileToss.jsp?arg=75a63eed5a438998f9dc3380f5cb642cd56dcb0e0f0995b0606f4df1f99f4081938bc2a8e797add1306d232c63241cfc1ce77b1dae29afe7,http://plus.kipris.or.kr/openapi/fileToss.jsp?arg=75a63eed5a438998f9dc3380f5cb642cd56dcb0e0f0995b089d7a621b89857a24e563e71b55eadeece1d1222c27c878bf857a6edc50bcf5e,0.9145877957344055,0.9344824552536011,0.9205561876296997,0
757,3020000022161-09-01,3020000029919-09-01,화장품용기,화장품 용기,http://plus.kipris.or.kr/openapi/fileToss.jsp?arg=75a63eed5a438998f9dc3380f5cb642cd56dcb0e0f0995b02e6ec20e9488ca6619e7d183ad07870d0e1f720ac109996ac86bcad93d788ac7,http://plus.kipris.or.kr/openapi/fileToss.jsp?arg=75a63eed5a438998f9dc3380f5cb642cd56dcb0e0f0995b011f68ef22f394dd2f0b8046f71cf13a1b9d33cb8e902058879f6e5504bb4af0b,0.8036271333694458,0.8855372667312622,0.8282001614570618,0
758,3020000031742-09-01,3020000013863-09-01,포장용 가스용기,포장용 용기,http://plus.kipris.or.kr/openapi/fileToss.jsp?arg=75a63eed5a438998f9dc3380f5cb642cd56dcb0e0f0995b089d7a621b89857a2487dbffde70e585a9b162c2a17b0815dc3cede70e569ad7f,http://plus.kipris.or.kr/openapi/fileToss.jsp?arg=75a63eed5a438998f9dc3380f5cb642cd56dcb0e0f0995b0bdcfae06342df685f8cbf1fb50c4736d6ca4029587136d1043d9cbecd32574dd,0.8061268329620361,0.7671471834182739,0.7944329380989075,0
759,3020000023373-09-01,3020000010608-09-01,화장품 용기,향수용기,http://plus.kipris.or.kr/openapi/fileToss.jsp?arg=75a63eed5a438998f9dc3380f5cb642cd56dcb0e0f0995b09b1f6789fb97512449882dd38eee7b700fbaaba2608f9b0c5e7d3ef939dceb72,http://plus.kipris.or.kr/openapi/fileToss.jsp?arg=75a63eed5a438998f9dc3380f5cb642cd56dcb0e0f0995b0ef3ea9b059e12421ac8898e2abf04f2abfe0c93f850ea7241e05c7085177981d,0.6753162741661072,0.8159964084625244,0.7175203561782837,0
760,3020000017000-09-01,3020000027734-09-01,포장용 용기,포장용 용기,http://plus.kipris.or.kr/openapi/fileToss.jsp?arg=75a63eed5a438998f9dc3380f5cb642cd56dcb0e0f0995b0d8ee6709638b6fa151acb057bf4b283f873778c4a5b9305b573e6b6ee2d7a7b3,http://plus.kipris.or.kr/openapi/fileToss.jsp?arg=75a63eed5a438998f9dc3380f5cb642cd56dcb0e0f0995b01b6467bd697fe99c304237b1c4ccf2648bc1a773011b168e995f10973546d5f3,0.7885729670524597,0.9410815238952637,0.8343255519866943,0
761,3020000003036-09-01,3020000021602-09-01,샴푸 용기,화장품 용기,http://plus.kipris.or.kr/openapi/fileToss.jsp?arg=75a63eed5a438998f9dc3380f5cb642cd56dcb0e0f0995b00b66daf06c8a83066ca29919efe34e1eb3799e6ace917d9a2fc98b142c76f295,http://plus.kipris.or.kr/openapi/fileToss.jsp?arg=75a63eed5a438998f9dc3380f5cb642cd56dcb0e0f0995b006449c7f1c85a4a70cda0132be4db162a639788ec92d3c9b7ffe10198592e042,0.8746411800384521,0.795211911201477,0.8508124351501465,0
762,3020000002328-09-01,3020000007772-09-01,화장품용 용기,포장용 병,http://plus.kipris.or.kr/openapi/fileToss.jsp?arg=75a63eed5a438998f9dc3380f5cb642cd56dcb0e0f0995b0680d52483fc7b07d916a4a7b517f831f101577971270299ebf98e6465a61ea3d,http://plus.kipris.or.kr/openapi/fileToss.jsp?arg=75a63eed5a438998f9dc3380f5cb642cd56dcb0e0f0995b0fdcd45318d7ff23cc933b5cab7f8c645d9e46bfbdbc6f3727f63e4f9188936e7,0.8434776663780212,0.8211658000946045,0.8367841243743896,0
763,3020000017301-09-01,3020000016999-09-01,포장용 용기,포장용 용기,http://plus.kipris.or.kr/openapi/fileToss.jsp?arg=75a63eed5a438998f9dc3380f5cb642cd56dcb0e0f0995b0d8ee6709638b6fa147789b22cdad698429792590cfe896e3dc2eb2a38b479808,http://plus.kipris.or.kr/openapi/fileToss.jsp?arg=75a63eed5a438998f9dc3380f5cb642cd56dcb0e0f0995b0edd65ac4880d0f0cc2c085a4246e7b661a17b81247c5a3ca77539d9816a4673d,0.6586055755615234,0.9999998807907104,0.7610238790512085,0
764,3020000033178-09-01,3020000019481-09-01,샴푸용기,포장용 용기,http://plus.kipris.or.kr/openapi/fileToss.jsp?arg=75a63eed5a438998f9dc3380f5cb642cd56dcb0e0f0995b0f32787804da8b7ad260e51bd8f6e3480046220d68d97e79aa93c51ebc98fdf82,http://plus.kipris.or.kr/openapi/fileToss.jsp?arg=75a63eed5a438998f9dc3380f5cb642cd56dcb0e0f0995b0f63a2eefd11079d0ccfa5665d6ade322594940fc7daa731df25e52de4bc63a35,0.8947443962097168,0.7683179378509521,0.8568164706230164,0
765,3020000019084-09-01,3020000009397-09-01,화장품 용기,화장품 용기,http://plus.kipris.or.kr/openapi/fileToss.jsp?arg=75a63eed5a438998f9dc3380f5cb642cd56dcb0e0f0995b0f63a2eefd11079d0da75e7bf06c36ac67a89fa829fb35a4c2df7138d0f08571c,http://plus.kipris.or.kr/openapi/fileToss.jsp?arg=75a63eed5a438998f9dc3380f5cb642cd56dcb0e0f0995b073590199e4f1dc1639c043446a843f341fc2934575b221675153e2407c54732d,0.8181881904602051,0.9393014311790466,0.854522168636322,0
766,3020000023571-09-01,3020000022833-09-01,세제용 용기,화장품 용기,http://plus.kipris.or.kr/openapi/fileToss.jsp?arg=75a63eed5a438998f9dc3380f5cb642cd56dcb0e0f0995b09b1f6789fb9751240005454de4ce8fd157be609d7636893f3dcf652d5d9fafb0,http://plus.kipris.or.kr/openapi/fileToss.jsp?arg=75a63eed5a438998f9dc3380f5cb642cd56dcb0e0f0995b02e6ec20e9488ca66130eded9a6166686f02a4eb76ba91ba4a888248a714abcde,0.7912414073944092,0.8339523077011108,0.8040546178817749,0
767,3020000021170-09-01,3020000005652-09-01,음료캔,포장용 용기,http://plus.kipris.or.kr/openapi/fileToss.jsp?arg=75a63eed5a438998f9dc3380f5cb642cd56dcb0e0f0995b006449c7f1c85a4a7bec89f1fb749c251216a46bc23ca63c3b2a24b73c0de0b40,http://plus.kipris.or.kr/openapi/fileToss.jsp?arg=75a63eed5a438998f9dc3380f5cb642cd56dcb0e0f0995b08fe3e6d10b56cc3dd860bdd2e2498e9ae78cdee054c9d58fdd0c6a37c2e09905,0.7757135629653931,0.773736834526062,0.7751205563545227,0
768,3020000024700-09-01,3020000023374-09-01,화장품 용기,화장품 용기,http://plus.kipris.or.kr/openapi/fileToss.jsp?arg=75a63eed5a438998f9dc3380f5cb642cd56dcb0e0f0995b005b3db6b458aa73bbe736c671d94092b71c05c8cc68ecef67d1ebdb654792a3f,http://plus.kipris.or.kr/openapi/fileToss.jsp?arg=75a63eed5a438998f9dc3380f5cb642cd56dcb0e0f0995b09b1f6789fb97512449882dd38eee7b7064b74edfc766566421bbff463c3a2fee,0.8473870754241943,0.9685095548629761,0.8837238550186157,0
769,3020000021814-09-01,3020000030132-09-01,화장품 용기,포장용 용기,http://plus.kipris.or.kr/openapi/fileToss.jsp?arg=75a63eed5a438998f9dc3380f5cb642cd56dcb0e0f0995b006449c7f1c85a4a7187d3aa3a76c31b34df56d1f9862991d296ac28e6e6dfcd2,http://plus.kipris.or.kr/openapi/fileToss.jsp?arg=75a63eed5a438998f9dc3380f5cb642cd56dcb0e0f0995b0b9420cad9c5990e09473cab83423dc22cdeb0515d7960d0eecadddde7cbe7828,0.721156120300293,0.8552048802375793,0.7613707780838013,0
770,3020000015613-09-01,3020000000639-09-01,화장품 용기,화장품용기,http://plus.kipris.or.kr/openapi/fileToss.jsp?arg=75a63eed5a438998f9dc3380f5cb642cd56dcb0e0f0995b07ba686bc001e12b776336c19178a59c1d50e5b6f173eb6c4eea05a24c40a3a45,http://plus.kipris.or.kr/openapi/fileToss.jsp?arg=75a63eed5a438998f9dc3380f5cb642cd56dcb0e0f0995b0cc72ed919b34230099f327e961a5ac51ae48af4135c23fabd05c2dff0c599235,0.8762781620025635,0.949070155620575,0.8981157541275024,0
771,3020000015200-09-01,3020000027734-09-01,화장품 용기,포장용 용기,http://plus.kipris.or.kr/openapi/fileToss.jsp?arg=75a63eed5a438998f9dc3380f5cb642cd56dcb0e0f0995b07ba686bc001e12b7ebd23e10645d463a3bdf3df38bb1a27541c0e1286d805aa5,http://plus.kipris.or.kr/openapi/fileToss.jsp?arg=75a63eed5a438998f9dc3380f5cb642cd56dcb0e0f0995b01b6467bd697fe99c304237b1c4ccf2648bc1a773011b168e995f10973546d5f3,0.7232755422592163,0.8159199953079224,0.7510688900947571,0
772,3020000031692-09-01,3020000029794-09-01,포장용 용기,회전식 지압기가 부설된 약병,http://plus.kipris.or.kr/openapi/fileToss.jsp?arg=75a63eed5a438998f9dc3380f5cb642cd56dcb0e0f0995b089d7a621b89857a2fe66ea06c9f515a9b20945a4ed5906a41975ebf3877648ce,http://plus.kipris.or.kr/openapi/fileToss.jsp?arg=75a63eed5a438998f9dc3380f5cb642cd56dcb0e0f0995b011f68ef22f394dd2b168e780477751b51e99ed8a78b3e519ce6002d59c952c4f,0.872366726398468,0.7704514861106873,0.841792106628418,0
773,3020000002082-09-01,3020000023372-09-01,화장품 용기,화장품 용기,http://plus.kipris.or.kr/openapi/fileToss.jsp?arg=75a63eed5a438998f9dc3380f5cb642cd56dcb0e0f0995b0680d52483fc7b07d3621f255e5f93b215d3d108e5dd08d7ccc9faa299a61a590,http://plus.kipris.or.kr/openapi/fileToss.jsp?arg=75a63eed5a438998f9dc3380f5cb642cd56dcb0e0f0995b09b1f6789fb97512449882dd38eee7b70234d8f05dc016cf4ddbedbf264f3e847,0.7572834491729736,0.9151819348335266,0.8046529293060303,0
774,3020000018091-09-01,3020000010912-09-01,액체 내용물 포장용 용기,향수병,http://plus.kipris.or.kr/openapi/fileToss.jsp?arg=75a63eed5a438998f9dc3380f5cb642cd56dcb0e0f0995b0deac54f8925f4c7db087096564c2a872bf69aa715bc78a4b4a1bc947125da484,http://plus.kipris.or.kr/openapi/fileToss.jsp?arg=75a63eed5a438998f9dc3380f5cb642cd56dcb0e0f0995b0ef3ea9b059e124218e78add10628828341da67d0ed53295da46c26fe21550db4,0.8007298707962036,0.7737338542938232,0.7926310300827026,0
775,3020000003577-09-01,3020000015673-09-01,양념 포장용기,드링크 병,http://plus.kipris.or.kr/openapi/fileToss.jsp?arg=75a63eed5a438998f9dc3380f5cb642cd56dcb0e0f0995b00b66daf06c8a8306f40401ae66692a3c7ebf1dbf6e14db621e2a9561eb1eff06,http://plus.kipris.or.kr/openapi/fileToss.jsp?arg=75a63eed5a438998f9dc3380f5cb642cd56dcb0e0f0995b07ba686bc001e12b796bf2c17c8027db4f3c520ca9733a7acdf8adf839e87748b,0.851169228553772,0.6520118713378906,0.7914220094680786,0
776,3020000029877-09-01,3020000015613-09-01,화장품용기,화장품 용기,http://plus.kipris.or.kr/openapi/fileToss.jsp?arg=75a63eed5a438998f9dc3380f5cb642cd56dcb0e0f0995b011f68ef22f394dd26a964075748e6c188d7c175d4f7b566997cbd903ea1e7154,http://plus.kipris.or.kr/openapi/fileToss.jsp?arg=75a63eed5a438998f9dc3380f5cb642cd56dcb0e0f0995b07ba686bc001e12b776336c19178a59c1d50e5b6f173eb6c4019874b418ff6451,0.8151282668113708,0.9186674356460571,0.8461900353431702,0
777,3020000018612-09-01,3020000024361-09-01,향수용기,포장용 술병,http://plus.kipris.or.kr/openapi/fileToss.jsp?arg=75a63eed5a438998f9dc3380f5cb642cd56dcb0e0f0995b0deac54f8925f4c7d00e4ea50e2d4fa2dc07fda179831c63ec684e762a3df77f2,http://plus.kipris.or.kr/openapi/fileToss.jsp?arg=75a63eed5a438998f9dc3380f5cb642cd56dcb0e0f0995b005b3db6b458aa73b20b29c3eb5bdefd278e8b9024d4f016e874508806b15107a,0.7165737748146057,0.768060028553009,0.7320196628570557,0
778,3020000033580-09-01,3020000023571-09-01,화장품 용기,세제용 용기,http://plus.kipris.or.kr/openapi/fileToss.jsp?arg=75a63eed5a438998f9dc3380f5cb642cd56dcb0e0f0995b0f32787804da8b7ad0513baa27761822424c67937ca6f7b5b367586d4448e41ba,http://plus.kipris.or.kr/openapi/fileToss.jsp?arg=75a63eed5a438998f9dc3380f5cb642cd56dcb0e0f0995b09b1f6789fb9751240005454de4ce8fd157be609d7636893f0886380e5f4a7ddd,0.8835071325302124,0.8340123891830444,0.868658721446991,0
779,3020000000414-09-01,3020000019084-09-01,포장용 용기,화장품 용기,http://plus.kipris.or.kr/openapi/fileToss.jsp?arg=75a63eed5a438998f9dc3380f5cb642cd56dcb0e0f0995b0cc72ed919b3423006edf72b06342e35d7d678bd865bf2d853560e34e0578d734,http://plus.kipris.or.kr/openapi/fileToss.jsp?arg=75a63eed5a438998f9dc3380f5cb642cd56dcb0e0f0995b0f63a2eefd11079d0da75e7bf06c36ac67a89fa829fb35a4c00dc66a222b58b15,0.6477365493774414,0.8749213218688965,0.71589195728302,0
780,3020000006173-09-01,3020000006096-09-01,음료수 용기,샴푸용기,http://plus.kipris.or.kr/openapi/fileToss.jsp?arg=75a63eed5a438998f9dc3380f5cb642cd56dcb0e0f0995b0187836737e94fb39845672cd5824903a402d9dab6f5279e6453c3b92e26dd807,http://plus.kipris.or.kr/openapi/fileToss.jsp?arg=75a63eed5a438998f9dc3380f5cb642cd56dcb0e0f0995b0187836737e94fb39b9d0139a39d2cc3968c91619229d47d68e9017a5185af392,0.7967311143875122,0.6416411995887756,0.7502041459083557,0
781,3020000018221-09-01,3020000028255-09-01,포장용 용기,화장품 용기,http://plus.kipris.or.kr/openapi/fileToss.jsp?arg=75a63eed5a438998f9dc3380f5cb642cd56dcb0e0f0995b0deac54f8925f4c7d4987cce9cfe8722f2003dddbc81cfbea958a91c8fc688b25,http://plus.kipris.or.kr/openapi/fileToss.jsp?arg=75a63eed5a438998f9dc3380f5cb642cd56dcb0e0f0995b0227542a1f24a736184b9181791c18e4f2d2c91fc50ed9a70636aef2e904ec0c5,0.7296448945999146,0.8649606704711914,0.7702396512031555,0
782,3020000032279-09-01,3020000023372-09-01,화장품 용기,화장품 용기,http://plus.kipris.or.kr/openapi/fileToss.jsp?arg=75a63eed5a438998f9dc3380f5cb642cd56dcb0e0f0995b056fef538e42de1147cde78c9acdcc39826435626186d051b6bb3b01a514da0d2,http://plus.kipris.or.kr/openapi/fileToss.jsp?arg=75a63eed5a438998f9dc3380f5cb642cd56dcb0e0f0995b09b1f6789fb97512449882dd38eee7b70234d8f05dc016cf4bcc154bdbffa018a,0.7139874696731567,0.9280346632003784,0.7782016396522522,0
783,3020000030343-09-01,3020000008383-09-01,화장품 용기,화장품 용기,http://plus.kipris.or.kr/openapi/fileToss.jsp?arg=75a63eed5a438998f9dc3380f5cb642cd56dcb0e0f0995b0b9420cad9c5990e003a10973d6bdbbe30c9e2e3fef628cce2055583b9e5f484e,http://plus.kipris.or.kr/openapi/fileToss.jsp?arg=75a63eed5a438998f9dc3380f5cb642cd56dcb0e0f0995b06226a1b53136408c5412bc4c3b3d3f2d2ede433e4f304a90bb6cca1edc0da657,0.778438150882721,0.8311271667480469,0.7942448258399963,0
784,3020000012831-09-01,3020000006173-09-01,화장품 용기,음료수 용기,http://plus.kipris.or.kr/openapi/fileToss.jsp?arg=75a63eed5a438998f9dc3380f5cb642cd56dcb0e0f0995b08964a6c84ce8cbe136b914a53e58c31fc542b7bc32f78b301bc39d3c85299965,http://plus.kipris.or.kr/openapi/fileToss.jsp?arg=75a63eed5a438998f9dc3380f5cb642cd56dcb0e0f0995b0187836737e94fb39845672cd5824903a402d9dab6f5279e69ee819e923bae2dc,0.8067559003829956,0.817139208316803,0.8098708391189575,0
785,3020000017908-09-01,3020000017906-09-01,화장품 용기,화장품 용기,http://plus.kipris.or.kr/openapi/fileToss.jsp?arg=75a63eed5a438998f9dc3380f5cb642cd56dcb0e0f0995b0d8ee6709638b6fa1182d19b659de8ba0b15a67581927d86f68cb9a7bb0f72dd6,http://plus.kipris.or.kr/openapi/fileToss.jsp?arg=75a63eed5a438998f9dc3380f5cb642cd56dcb0e0f0995b0d8ee6709638b6fa1182d19b659de8ba0d8f8a423c1711cc8077786a47133f4ab,0.7529938817024231,0.9992583990097046,0.8268733024597168,0
786,3020000022200-09-01,3020000011702-09-01,포장용 용기,포장용 용기,http://plus.kipris.or.kr/openapi/fileToss.jsp?arg=75a63eed5a438998f9dc3380f5cb642cd56dcb0e0f0995b02e6ec20e9488ca66a70689f8ed0b359ec2645961d3c02388ee4793b84242ce35,http://plus.kipris.or.kr/openapi/fileToss.jsp?arg=75a63eed5a438998f9dc3380f5cb642cd56dcb0e0f0995b070abdd713d0b290ac325e975e3fdd65a337014d876206ef6e624182d37de9a3a,0.8150503635406494,0.9974362254142761,0.869766116142273,0
787,3020000023255-09-01,3020000031842-09-01,식품용용기,포장용 병,http://plus.kipris.or.kr/openapi/fileToss.jsp?arg=75a63eed5a438998f9dc3380f5cb642cd56dcb0e0f0995b09b1f6789fb975124ddde99bf437cdce8167068b4ae391de3a37498211940a5d2,http://plus.kipris.or.kr/openapi/fileToss.jsp?arg=75a63eed5a438998f9dc3380f5cb642cd56dcb0e0f0995b089d7a621b89857a23924c6b693bd0ccfdcc7562a1bfe4ba07b3ed87575d7ed47,0.8811944127082825,0.793537974357605,0.8548974990844727,0
788,3020000028631-09-01,3020000024237-09-01,술병,화장품 용기,http://plus.kipris.or.kr/openapi/fileToss.jsp?arg=75a63eed5a438998f9dc3380f5cb642cd56dcb0e0f0995b0227542a1f24a7361586c928bcd47470382d4c3ca3458762660d5992e9a6f0410,http://plus.kipris.or.kr/openapi/fileToss.jsp?arg=75a63eed5a438998f9dc3380f5cb642cd56dcb0e0f0995b005b3db6b458aa73bfe66f6f53797fb536dc6f239657d4539f4cbe9367f1679ab,0.7323088645935059,0.7445836067199707,0.7359912991523743,0
789,3020000005653-09-01,3020000018222-09-01,포장용 용기,포장용 용기,http://plus.kipris.or.kr/openapi/fileToss.jsp?arg=75a63eed5a438998f9dc3380f5cb642cd56dcb0e0f0995b08fe3e6d10b56cc3dd860bdd2e2498e9a37c831dcdda6cd2f0c35f2e37d2f1789,http://plus.kipris.or.kr/openapi/fileToss.jsp?arg=75a63eed5a438998f9dc3380f5cb642cd56dcb0e0f0995b0deac54f8925f4c7d4987cce9cfe8722f3db950a0fbab00c916f09387ffae46e6,0.8906722664833069,0.9669027328491211,0.9135414361953735,0
790,3020000003525-09-01,3020000032162-09-01,화장품 용기,화장품 용기,http://plus.kipris.or.kr/openapi/fileToss.jsp?arg=75a63eed5a438998f9dc3380f5cb642cd56dcb0e0f0995b00b66daf06c8a830641a31f57f6fcc65b9864b6b9cf5471709ba8a3bc46994246,http://plus.kipris.or.kr/openapi/fileToss.jsp?arg=75a63eed5a438998f9dc3380f5cb642cd56dcb0e0f0995b056fef538e42de1141ca79b9eea990224c760b062d4d71d44506af43069a6d3af,0.6829373836517334,0.9715616703033447,0.7695246934890747,0
791,3020000007584-09-01,3020000017499-09-01,화장품 용기,포장용 용기,http://plus.kipris.or.kr/openapi/fileToss.jsp?arg=75a63eed5a438998f9dc3380f5cb642cd56dcb0e0f0995b0fdcd45318d7ff23cbe8f9d6b58b35c17b9be175719b4f014e3760c7329773425,http://plus.kipris.or.kr/openapi/fileToss.jsp?arg=75a63eed5a438998f9dc3380f5cb642cd56dcb0e0f0995b0d8ee6709638b6fa1ae2fc3835c730b0f7499aab326990e3e48e672ead81baf0f,0.789349377155304,0.8705927133560181,0.8137223720550537,0
792,3020000010705-09-01,3020000029019-09-01,화장품용기,화장품 용기,http://plus.kipris.or.kr/openapi/fileToss.jsp?arg=75a63eed5a438998f9dc3380f5cb642cd56dcb0e0f0995b0ef3ea9b059e12421eb4ff90610f382b9e11a7aad05f556e0d00689eaae4817a9,http://plus.kipris.or.kr/openapi/fileToss.jsp?arg=75a63eed5a438998f9dc3380f5cb642cd56dcb0e0f0995b011f68ef22f394dd2390c13707ca28de788875746926698e5224af8d94a663cd2,0.6640923619270325,0.9274715185165405,0.7431061267852783,0
793,3020000016422-09-01,3020000002742-09-01,화장품 용기,포장용 깡통,http://plus.kipris.or.kr/openapi/fileToss.jsp?arg=75a63eed5a438998f9dc3380f5cb642cd56dcb0e0f0995b0edd65ac4880d0f0cde88f35c1b19cc9c7da73aaad57b41ba71142aa68294f98d,http://plus.kipris.or.kr/openapi/fileToss.jsp?arg=75a63eed5a438998f9dc3380f5cb642cd56dcb0e0f0995b0680d52483fc7b07d43e6cf9e73fd83bfdb42ecec732ea78441c0c366b8b4167b,0.6749387979507446,0.7122044563293457,0.686118483543396,0
794,3020000000039-09-01,3020000030843-09-01,포장용 병,화장품용기,http://plus.kipris.or.kr/openapi/fileToss.jsp?arg=75a63eed5a438998f9dc3380f5cb642cd56dcb0e0f0995b0cc72ed919b342300e663df0ee35bc8c6f313984ff39eaf8eca4bf4ef030fe2a9,http://plus.kipris.or.kr/openapi/fileToss.jsp?arg=75a63eed5a438998f9dc3380f5cb642cd56dcb0e0f0995b0b9420cad9c5990e0a4a05627aedca40ca750b1c56ce2af31ad48d0977ddf98ee,0.7957040071487427,0.7645885944366455,0.7863693237304688,0
795,3020000031066-09-01,3020000024712-09-01,화장품 용기,에어컨 세정 스프레이,http://plus.kipris.or.kr/openapi/fileToss.jsp?arg=75a63eed5a438998f9dc3380f5cb642cd56dcb0e0f0995b089d7a621b89857a24e563e71b55eadee73f56adf95bfe56222bf5a60459b3758,http://plus.kipris.or.kr/openapi/fileToss.jsp?arg=75a63eed5a438998f9dc3380f5cb642cd56dcb0e0f0995b005b3db6b458aa73b478bbee24fff2a97c1e7346cd4e6d36a06d362ff54791dfe,0.8868821859359741,0.6002750992774963,0.8009001016616821,0
796,3020000022833-09-01,3020000024535-09-01,화장품 용기,화장품 용기,http://plus.kipris.or.kr/openapi/fileToss.jsp?arg=75a63eed5a438998f9dc3380f5cb642cd56dcb0e0f0995b02e6ec20e9488ca66130eded9a6166686f02a4eb76ba91ba43f4847b4c33d70f4,http://plus.kipris.or.kr/openapi/fileToss.jsp?arg=75a63eed5a438998f9dc3380f5cb642cd56dcb0e0f0995b005b3db6b458aa73bad765829c40530d0e0f716a805419d649d0791feeb1f810e,0.7942825555801392,0.9259250164031982,0.8337752819061279,0
797,3020000017001-09-01,3020000014636-09-01,포장용 용기,포장용 병,http://plus.kipris.or.kr/openapi/fileToss.jsp?arg=75a63eed5a438998f9dc3380f5cb642cd56dcb0e0f0995b0d8ee6709638b6fa151acb057bf4b283f404d1149c740d36482acc860d904c65d,http://plus.kipris.or.kr/openapi/fileToss.jsp?arg=75a63eed5a438998f9dc3380f5cb642cd56dcb0e0f0995b0606f4df1f99f40812b87e9c8a19dc7be1036d90f246e56e97be30042c9f08dd8,0.8053951859474182,0.8982017636299133,0.8332371711730957,0
798,3020000033178-09-01,3020000004362-09-01,샴푸용기,식음료용 병,http://plus.kipris.or.kr/openapi/fileToss.jsp?arg=75a63eed5a438998f9dc3380f5cb642cd56dcb0e0f0995b0f32787804da8b7ad260e51bd8f6e3480046220d68d97e79ae5c38eba020cc6bb,http://plus.kipris.or.kr/openapi/fileToss.jsp?arg=75a63eed5a438998f9dc3380f5cb642cd56dcb0e0f0995b03069a7817908f14f862ab5db3dff0eb92fd7fdd29ff88e10d03decd0b7e703f2,0.809878945350647,0.6506288647651672,0.7621039152145386,0
799,3020000030583-09-01,3020000003577-09-01,포장용 병,양념 포장용기,http://plus.kipris.or.kr/openapi/fileToss.jsp?arg=75a63eed5a438998f9dc3380f5cb642cd56dcb0e0f0995b0b9420cad9c5990e068550a177cec7d2e16ecd0e8ec6a78dbbd444e0c3fa6a9a2,http://plus.kipris.or.kr/openapi/fileToss.jsp?arg=75a63eed5a438998f9dc3380f5cb642cd56dcb0e0f0995b00b66daf06c8a8306f40401ae66692a3c7ebf1dbf6e14db623e3ceb38ecbd9b42,0.8022143840789795,0.8188068866729736,0.8071921467781067,0
800,3020000017457-09-01,3020000011001-09-01,디스펜서 용기,포장용 용기,http://plus.kipris.or.kr/openapi/fileToss.jsp?arg=75a63eed5a438998f9dc3380f5cb642cd56dcb0e0f0995b0d8ee6709638b6fa1605fd1147d87744ea21948e4c4973be51ffe92bb20bd3f43,http://plus.kipris.or.kr/openapi/fileToss.jsp?arg=75a63eed5a438998f9dc3380f5cb642cd56dcb0e0f0995b070abdd713d0b290aa6f312245d3a82ee762249b201b11d960e801134591fa1c4,0.8161413669586182,0.9314510822296143,0.850734293460846,0
801,3020000024443-09-01,3020000011001-09-01,화장품 용기,포장용 용기,http://plus.kipris.or.kr/openapi/fileToss.jsp?arg=75a63eed5a438998f9dc3380f5cb642cd56dcb0e0f0995b005b3db6b458aa73b827884159da4efa3241ff3f1a86abd3588bd7f35185fe6a1,http://plus.kipris.or.kr/openapi/fileToss.jsp?arg=75a63eed5a438998f9dc3380f5cb642cd56dcb0e0f0995b070abdd713d0b290aa6f312245d3a82ee762249b201b11d96784401c70d163d7c,0.6790616512298584,0.8771989345550537,0.7385028600692749,0
802,3020000028261-09-01,3020000009398-09-01,화장품 용기,화장품 용기,http://plus.kipris.or.kr/openapi/fileToss.jsp?arg=75a63eed5a438998f9dc3380f5cb642cd56dcb0e0f0995b0227542a1f24a736122cfa453f48f4400fb8316e5f351d2cc335ad9983cfb7059,http://plus.kipris.or.kr/openapi/fileToss.jsp?arg=75a63eed5a438998f9dc3380f5cb642cd56dcb0e0f0995b073590199e4f1dc1639c043446a843f3453d8537be613b73491f17327594d42d3,0.8144216537475586,0.9534686803817749,0.8561357259750366,0
803,3020000033000-09-01,3020000018873-09-01,술병,화장품 용기,http://plus.kipris.or.kr/openapi/fileToss.jsp?arg=75a63eed5a438998f9dc3380f5cb642cd56dcb0e0f0995b0f32787804da8b7ad0a83331d496f7b1207a70e4bb04e65890092261c90f01f7f,http://plus.kipris.or.kr/openapi/fileToss.jsp?arg=75a63eed5a438998f9dc3380f5cb642cd56dcb0e0f0995b0deac54f8925f4c7d01c27b3b9348c7970f10a5e9739eef099fc0c632dd2c99c8,0.6986687779426575,0.7007759809494019,0.6993009448051453,0
804,3020000012835-09-01,3020000015443-09-01,향수병,음료용 캔용기,http://plus.kipris.or.kr/openapi/fileToss.jsp?arg=75a63eed5a438998f9dc3380f5cb642cd56dcb0e0f0995b08964a6c84ce8cbe136b914a53e58c31f5a71b47ce7755bd59479ce6bafb7a5cb,http://plus.kipris.or.kr/openapi/fileToss.jsp?arg=75a63eed5a438998f9dc3380f5cb642cd56dcb0e0f0995b07ba686bc001e12b77655048972b3dba9926fb1f6a70677cc4dd95a1c4efdc574,0.7793155312538147,0.7168666124343872,0.760580837726593,0
805,3020000025081-09-01,3020000017003-09-01,화장품 용기,포장용 용기,http://plus.kipris.or.kr/openapi/fileToss.jsp?arg=75a63eed5a438998f9dc3380f5cb642cd56dcb0e0f0995b07a28099d0ef98e17803670e82954ba5ecaeb44c9f89127913689a77e8bb70594,http://plus.kipris.or.kr/openapi/fileToss.jsp?arg=75a63eed5a438998f9dc3380f5cb642cd56dcb0e0f0995b0d8ee6709638b6fa151acb057bf4b283fa8e32bcd5b75385d789ff5e889d71fa9,0.7319527864456177,0.8045178651809692,0.7537223100662231,0
806,3020000017678-09-01,3020000031527-09-01,화장품 용기,화장품 용기,http://plus.kipris.or.kr/openapi/fileToss.jsp?arg=75a63eed5a438998f9dc3380f5cb642cd56dcb0e0f0995b0d8ee6709638b6fa1301e6f2c98fb3cd7cb5c72a4760d6b4227560355c0fd9a6f,http://plus.kipris.or.kr/openapi/fileToss.jsp?arg=75a63eed5a438998f9dc3380f5cb642cd56dcb0e0f0995b089d7a621b89857a23ad00b91ca782d29ff9782162cd5e3a2c3acd968986d62e1,0.8473944067955017,0.8630784749984741,0.8520996570587158,0
807,3020000000962-09-01,3020000033178-09-01,포장용 병,샴푸용기,http://plus.kipris.or.kr/openapi/fileToss.jsp?arg=75a63eed5a438998f9dc3380f5cb642cd56dcb0e0f0995b0cc72ed919b3423001ec5b0b95cb6d97de6848fcad7d2dac29af5dbe19f239deb,http://plus.kipris.or.kr/openapi/fileToss.jsp?arg=75a63eed5a438998f9dc3380f5cb642cd56dcb0e0f0995b0f32787804da8b7ad260e51bd8f6e3480046220d68d97e79ae5c38eba020cc6bb,0.8298689126968384,0.5395592451095581,0.7427760362625122,0
808,3020000015282-09-01,3020000015281-09-01,화장품 용기,화장품 용기,http://plus.kipris.or.kr/openapi/fileToss.jsp?arg=75a63eed5a438998f9dc3380f5cb642cd56dcb0e0f0995b07ba686bc001e12b75d136b4df6d33bb521e75c89274b2b2bee750f4f87e95477,http://plus.kipris.or.kr/openapi/fileToss.jsp?arg=75a63eed5a438998f9dc3380f5cb642cd56dcb0e0f0995b07ba686bc001e12b75d136b4df6d33bb5ee7af5f7920fa4cd5d66370afe810252,0.8420925736427307,0.9848058819770813,0.884906530380249,0
809,3020000033444-09-01,3020000025996-09-01,샴푸용기,식용유병,http://plus.kipris.or.kr/openapi/fileToss.jsp?arg=75a63eed5a438998f9dc3380f5cb642cd56dcb0e0f0995b0f32787804da8b7ada2d771db11230ee4e87c7e164450516354be1e1435724e63,http://plus.kipris.or.kr/openapi/fileToss.jsp?arg=75a63eed5a438998f9dc3380f5cb642cd56dcb0e0f0995b07a28099d0ef98e176c583cef1aca2061f34cb46582ffffa8c90c53de4854b751,0.7785170078277588,0.6049153804779053,0.7264364957809448,0
810,3020000018765-09-01,3020000011007-09-01,음료병,화장품 용기,http://plus.kipris.or.kr/openapi/fileToss.jsp?arg=75a63eed5a438998f9dc3380f5cb642cd56dcb0e0f0995b0deac54f8925f4c7dff73e655a395ca11d5ec212f9f189ae1fdff0f8e04490145,http://plus.kipris.or.kr/openapi/fileToss.jsp?arg=75a63eed5a438998f9dc3380f5cb642cd56dcb0e0f0995b070abdd713d0b290aa6f312245d3a82ee6abff9afa2ecfcfd543735577b47824b,0.8047143220901489,0.6398255825042725,0.7552477121353149,0
811,3020000033314-09-01,3020000032940-09-01,포장용 용기,화장품 용기,http://plus.kipris.or.kr/openapi/fileToss.jsp?arg=75a63eed5a438998f9dc3380f5cb642cd56dcb0e0f0995b0f32787804da8b7ad8e33740856216fb39dc532a3e2d090b2e8cd6aa094518b41,http://plus.kipris.or.kr/openapi/fileToss.jsp?arg=75a63eed5a438998f9dc3380f5cb642cd56dcb0e0f0995b056fef538e42de114e7558e56be909ac7d9ed1a5414fe7bdf224343feb4739c3b,0.821884036064148,0.8778804540634155,0.8386829495429993,0
812,3020000006512-09-01,3020000024700-09-01,화장품 용기,화장품 용기,http://plus.kipris.or.kr/openapi/fileToss.jsp?arg=75a63eed5a438998f9dc3380f5cb642cd56dcb0e0f0995b0187836737e94fb39ab7bc0f298779f6f32570258f056ce609936bdf9e936ec2b,http://plus.kipris.or.kr/openapi/fileToss.jsp?arg=75a63eed5a438998f9dc3380f5cb642cd56dcb0e0f0995b005b3db6b458aa73bbe736c671d94092b71c05c8cc68ecef689bbd0a7ec0ad547,0.8420405983924866,0.8871501684188843,0.8555734753608704,0
813,3020000015501-09-01,3020000031167-09-01,화장품 용기,화장품용기,http://plus.kipris.or.kr/openapi/fileToss.jsp?arg=75a63eed5a438998f9dc3380f5cb642cd56dcb0e0f0995b07ba686bc001e12b758e859cb1aaaedad603c0d162ff2a17eec9df2cce3e4b6d0,http://plus.kipris.or.kr/openapi/fileToss.jsp?arg=75a63eed5a438998f9dc3380f5cb642cd56dcb0e0f0995b089d7a621b89857a2bda1ae1f5599e317c61e99a88bb6420af61386a3c3d1d006,0.7866194248199463,0.9591977000236511,0.838392972946167,0
814,3020000011007-09-01,3020000007772-09-01,화장품 용기,포장용 병,http://plus.kipris.or.kr/openapi/fileToss.jsp?arg=75a63eed5a438998f9dc3380f5cb642cd56dcb0e0f0995b070abdd713d0b290aa6f312245d3a82ee6abff9afa2ecfcfd543735577b47824b,http://plus.kipris.or.kr/openapi/fileToss.jsp?arg=75a63eed5a438998f9dc3380f5cb642cd56dcb0e0f0995b0fdcd45318d7ff23cc933b5cab7f8c645d9e46bfbdbc6f37223c03b932e17bbc6,0.9167509078979492,0.8265024423599243,0.8896763324737549,0
815,3020000024556-09-01,3020000010994-09-01,화장품 용기,포장용 용기,http://plus.kipris.or.kr/openapi/fileToss.jsp?arg=75a63eed5a438998f9dc3380f5cb642cd56dcb0e0f0995b005b3db6b458aa73b5f84b5e88bb806fd54f16ecd649fa50aa552b2cc0aa2b25d,http://plus.kipris.or.kr/openapi/fileToss.jsp?arg=75a63eed5a438998f9dc3380f5cb642cd56dcb0e0f0995b0ef3ea9b059e1242154c6c6b21c0868739071209d4ac9b295990755ab24101a52,0.7400385141372681,0.8980265259742737,0.7874349355697632,0
816,3020000019323-09-01,3020000002025-09-01,포장용 용기,포장용용기,http://plus.kipris.or.kr/openapi/fileToss.jsp?arg=75a63eed5a438998f9dc3380f5cb642cd56dcb0e0f0995b0f63a2eefd11079d0e31326d6f26acc1537b8431a4c97957c96a4142b1b596f86,http://plus.kipris.or.kr/openapi/fileToss.jsp?arg=75a63eed5a438998f9dc3380f5cb642cd56dcb0e0f0995b0680d52483fc7b07dce8cf928834fb57d961f437f2814cf5f0dc62e1dadbe0a74,0.8087992072105408,0.9339112043380737,0.8463327884674072,0
817,3020000032577-09-01,3020000014721-09-01,화장품 용기,음료수병,http://plus.kipris.or.kr/openapi/fileToss.jsp?arg=75a63eed5a438998f9dc3380f5cb642cd56dcb0e0f0995b056fef538e42de114a5789ee7e1d70e89bcd4e8929ad70eb4cd66931ad54345cc,http://plus.kipris.or.kr/openapi/fileToss.jsp?arg=75a63eed5a438998f9dc3380f5cb642cd56dcb0e0f0995b0606f4df1f99f408147acd64ca7a100afd02dddd10af2d0c3270f45a3e29dc7eb,0.7458115816116333,0.7587722539901733,0.7496997714042664,0
818,3020000029615-09-01,3020000021877-09-01,스프레이어(SPRAYER),포장용 병,http://plus.kipris.or.kr/openapi/fileToss.jsp?arg=75a63eed5a438998f9dc3380f5cb642cd56dcb0e0f0995b011f68ef22f394dd21b3c346cdf3ea013a2bcb65128e4020527958e8028067c42,http://plus.kipris.or.kr/openapi/fileToss.jsp?arg=75a63eed5a438998f9dc3380f5cb642cd56dcb0e0f0995b006449c7f1c85a4a70414a8256ca494f5043ecd5ebd0c3ee4c48e2d3f66fedc6d,0.7058787941932678,0.7149262428283691,0.7085930109024048,0
819,3020000020571-09-01,3020000030583-09-01,화장품 용기,포장용 병,http://plus.kipris.or.kr/openapi/fileToss.jsp?arg=75a63eed5a438998f9dc3380f5cb642cd56dcb0e0f0995b0bea0399dd2b7a3e5b435903018a1a9f5132e0826c9f45c0b29de510ae895cd53,http://plus.kipris.or.kr/openapi/fileToss.jsp?arg=75a63eed5a438998f9dc3380f5cb642cd56dcb0e0f0995b0b9420cad9c5990e068550a177cec7d2e16ecd0e8ec6a78db3006c47f8103bdca,0.8141404390335083,0.809464156627655,0.8127375841140747,0
820,3020000030008-09-01,3020000009396-09-01,포장용 술병,화장품 용기,http://plus.kipris.or.kr/openapi/fileToss.jsp?arg=75a63eed5a438998f9dc3380f5cb642cd56dcb0e0f0995b0b9420cad9c5990e0672c1f955478a2c8edc8866b796d29a6bb650dbd8e80ec2b,http://plus.kipris.or.kr/openapi/fileToss.jsp?arg=75a63eed5a438998f9dc3380f5cb642cd56dcb0e0f0995b073590199e4f1dc1639c043446a843f3470496d74c2a4c07b448ac816fa471485,0.8664434552192688,0.80077064037323,0.8467416167259216,0
821,3020000018871-09-01,3020000023190-09-01,화장품 용기,포장용 통,http://plus.kipris.or.kr/openapi/fileToss.jsp?arg=75a63eed5a438998f9dc3380f5cb642cd56dcb0e0f0995b0deac54f8925f4c7d01c27b3b9348c797506af132d8ad44a8088bc35d2000498f,http://plus.kipris.or.kr/openapi/fileToss.jsp?arg=75a63eed5a438998f9dc3380f5cb642cd56dcb0e0f0995b09b1f6789fb975124959c8fec340e8be8b38df9a068b350e07960fb3d2b17e222,0.7072961926460266,0.8155069947242737,0.7397594451904297,0
822,3020000014195-09-01,3020000021275-09-01,화장품 용기,화장품 용기,http://plus.kipris.or.kr/openapi/fileToss.jsp?arg=75a63eed5a438998f9dc3380f5cb642cd56dcb0e0f0995b0606f4df1f99f4081938bc2a8e797add1306d232c63241cfce99d59d8dd3c9072,http://plus.kipris.or.kr/openapi/fileToss.jsp?arg=75a63eed5a438998f9dc3380f5cb642cd56dcb0e0f0995b006449c7f1c85a4a7de0ff8d7dc536a1cde2ebc06e6386121c7d5703b1f8a038a,0.8727207183837891,0.9674493074417114,0.9011393189430237,0
823,3020000024555-09-01,3020000012601-09-01,화장품 용기,세제용 용기,http://plus.kipris.or.kr/openapi/fileToss.jsp?arg=75a63eed5a438998f9dc3380f5cb642cd56dcb0e0f0995b005b3db6b458aa73b5f84b5e88bb806fd5a05a0493fbf9dcb5ced93990629924b,http://plus.kipris.or.kr/openapi/fileToss.jsp?arg=75a63eed5a438998f9dc3380f5cb642cd56dcb0e0f0995b08964a6c84ce8cbe168aabef1f58be13cce1ea850f9b201c5a805cce1e1fdcaef,0.7392101287841797,0.916148841381073,0.7922917604446411,0
824,3020000016952-09-01,3020000015284-09-01,화장품 용기,화장품 용기,http://plus.kipris.or.kr/openapi/fileToss.jsp?arg=75a63eed5a438998f9dc3380f5cb642cd56dcb0e0f0995b0edd65ac4880d0f0c46faa16d4d6673f103f15ad5032df0947f8e600cf3404cc6,http://plus.kipris.or.kr/openapi/fileToss.jsp?arg=75a63eed5a438998f9dc3380f5cb642cd56dcb0e0f0995b07ba686bc001e12b75d136b4df6d33bb5919118e79bdfe43b8b6f8a0832b2bacf,0.8091073036193848,0.9938924312591553,0.8645428419113159,0
825,3020000028257-09-01,3020000029019-09-01,화장품 용기,화장품 용기,http://plus.kipris.or.kr/openapi/fileToss.jsp?arg=75a63eed5a438998f9dc3380f5cb642cd56dcb0e0f0995b0227542a1f24a736184b9181791c18e4f1c092183231ba9c374ad78db644372f2,http://plus.kipris.or.kr/openapi/fileToss.jsp?arg=75a63eed5a438998f9dc3380f5cb642cd56dcb0e0f0995b011f68ef22f394dd2390c13707ca28de788875746926698e5130eae92fa6dca26,0.6932547688484192,0.9307678937911987,0.7645087242126465,0
826,3020000002742-09-01,3020000008855-09-01,포장용 깡통,화장품 용기,http://plus.kipris.or.kr/openapi/fileToss.jsp?arg=75a63eed5a438998f9dc3380f5cb642cd56dcb0e0f0995b0680d52483fc7b07d43e6cf9e73fd83bfdb42ecec732ea7842dca67999cea5430,http://plus.kipris.or.kr/openapi/fileToss.jsp?arg=75a63eed5a438998f9dc3380f5cb642cd56dcb0e0f0995b06226a1b53136408c77446a31574122b0d4ee255adde4503b8c6d2ed99a98617b,0.7099314332008362,0.7500142455101013,0.7219562530517578,0
827,3020000030347-09-01,3020000030806-09-01,포장용 용기,화장품 용기,http://plus.kipris.or.kr/openapi/fileToss.jsp?arg=75a63eed5a438998f9dc3380f5cb642cd56dcb0e0f0995b0b9420cad9c5990e003a10973d6bdbbe33d0e3feb2ecc5d1454e3d9d5b24538b8,http://plus.kipris.or.kr/openapi/fileToss.jsp?arg=75a63eed5a438998f9dc3380f5cb642cd56dcb0e0f0995b0b9420cad9c5990e07e891c91ed3c638d5dcbf45ab163ad9a4c0f397c074d34d1,0.7348019480705261,0.8917291164398193,0.7818801403045654,0
828,3020000012830-09-01,3020000006446-09-01,향수병,화장품 용기,http://plus.kipris.or.kr/openapi/fileToss.jsp?arg=75a63eed5a438998f9dc3380f5cb642cd56dcb0e0f0995b08964a6c84ce8cbe136b914a53e58c31f9b849f976a23c3593f8f3212f72126ce,http://plus.kipris.or.kr/openapi/fileToss.jsp?arg=75a63eed5a438998f9dc3380f5cb642cd56dcb0e0f0995b0187836737e94fb39d0891ba1d3de6d92656ddd5ad5eda738ec464a3e8ac0b10b,0.7852524518966675,0.7668030858039856,0.7797176837921143,0
829,3020000014720-09-01,3020000023861-09-01,음료수 병,화장품 용기,http://plus.kipris.or.kr/openapi/fileToss.jsp?arg=75a63eed5a438998f9dc3380f5cb642cd56dcb0e0f0995b0606f4df1f99f408147acd64ca7a100af79f950bb027a98d8a9caa90b9b3fd060,http://plus.kipris.or.kr/openapi/fileToss.jsp?arg=75a63eed5a438998f9dc3380f5cb642cd56dcb0e0f0995b09b1f6789fb9751249d50c7f3b7f0515a7da19ff2e6aa31147e421786944d8d36,0.6547387838363647,0.7943035364151001,0.6966081857681274,0
830,3020000012601-09-01,3020000015830-09-01,세제용 용기,화장품용기,http://plus.kipris.or.kr/openapi/fileToss.jsp?arg=75a63eed5a438998f9dc3380f5cb642cd56dcb0e0f0995b08964a6c84ce8cbe168aabef1f58be13cce1ea850f9b201c5377bf6c44b2852f3,http://plus.kipris.or.kr/openapi/fileToss.jsp?arg=75a63eed5a438998f9dc3380f5cb642cd56dcb0e0f0995b07ba686bc001e12b7d26e09af6146358c38574e668718dd26ec2dc34f93026b53,0.633033037185669,0.897158145904541,0.7122706174850464,0
831,3020000017457-09-01,3020000009396-09-01,디스펜서 용기,화장품 용기,http://plus.kipris.or.kr/openapi/fileToss.jsp?arg=75a63eed5a438998f9dc3380f5cb642cd56dcb0e0f0995b0d8ee6709638b6fa1605fd1147d87744ea21948e4c4973be50800ef6546163491,http://plus.kipris.or.kr/openapi/fileToss.jsp?arg=75a63eed5a438998f9dc3380f5cb642cd56dcb0e0f0995b073590199e4f1dc1639c043446a843f3470496d74c2a4c07b3af5668b5b71bda1,0.7879120707511902,0.8546313643455505,0.8079278469085693,0
832,3020000015285-09-01,3020000031247-09-01,화장품 용기,화장품용기,http://plus.kipris.or.kr/openapi/fileToss.jsp?arg=75a63eed5a438998f9dc3380f5cb642cd56dcb0e0f0995b07ba686bc001e12b75d136b4df6d33bb5ac403f7f7879e011c5d6291e5a91aade,http://plus.kipris.or.kr/openapi/fileToss.jsp?arg=75a63eed5a438998f9dc3380f5cb642cd56dcb0e0f0995b089d7a621b89857a2cf83cf6c7d54a290c5c6ea32d42da479bf5430f426fd962d,0.9099286794662476,0.9820082187652588,0.931552529335022,0
833,3020000003961-09-01,3020000017001-09-01,식음료용 병,포장용 용기,http://plus.kipris.or.kr/openapi/fileToss.jsp?arg=75a63eed5a438998f9dc3380f5cb642cd56dcb0e0f0995b00b66daf06c8a8306030a04a3ad2dfd54658d347cc6bb5530d21c2b10de37b56a,http://plus.kipris.or.kr/openapi/fileToss.jsp?arg=75a63eed5a438998f9dc3380f5cb642cd56dcb0e0f0995b0d8ee6709638b6fa151acb057bf4b283f404d1149c740d364a405629ce49de225,0.8296616673469543,0.9155551195144653,0.8554297089576721,0
834,3020000031695-09-01,3020000018498-09-01,화장품 용기,화장품 용기,http://plus.kipris.or.kr/openapi/fileToss.jsp?arg=75a63eed5a438998f9dc3380f5cb642cd56dcb0e0f0995b089d7a621b89857a2fe66ea06c9f515a9617e0f7f5f4b7a6f84c225377c68d285,http://plus.kipris.or.kr/openapi/fileToss.jsp?arg=75a63eed5a438998f9dc3380f5cb642cd56dcb0e0f0995b0deac54f8925f4c7d1bc725e43ac88c2028d559bd06e57c37ae55624d2991560e,0.8366395235061646,0.8612908720970154,0.8440349102020264,0
835,3020000000778-09-01,3020000031065-09-01,포장용 용기,화장품 용기,http://plus.kipris.or.kr/openapi/fileToss.jsp?arg=75a63eed5a438998f9dc3380f5cb642cd56dcb0e0f0995b0cc72ed919b3423003267d3a705c3e4d98f27ea2c522497ce3a6a7e123a759346,http://plus.kipris.or.kr/openapi/fileToss.jsp?arg=75a63eed5a438998f9dc3380f5cb642cd56dcb0e0f0995b089d7a621b89857a24e563e71b55eadeece1d1222c27c878b3169fc9977cfa83f,0.8904401659965515,0.780624270439148,0.8574954271316528,0
836,3020000015339-09-01,3020000009605-09-01,포장용용기,포장용용기,http://plus.kipris.or.kr/openapi/fileToss.jsp?arg=75a63eed5a438998f9dc3380f5cb642cd56dcb0e0f0995b07ba686bc001e12b728fe4adef1c4451cf9a1474bbf2598497dd977164dcd27a3,http://plus.kipris.or.kr/openapi/fileToss.jsp?arg=75a63eed5a438998f9dc3380f5cb642cd56dcb0e0f0995b073590199e4f1dc16c4994de40142535656b5c33ac9d6f26d730971f0bb416406,0.8026958107948303,0.7104884386062622,0.7750335931777954,0
837,3020000017498-09-01,3020000029756-09-01,포장용 용기,포장용 병,http://plus.kipris.or.kr/openapi/fileToss.jsp?arg=75a63eed5a438998f9dc3380f5cb642cd56dcb0e0f0995b0d8ee6709638b6fa1ae2fc3835c730b0f203fa3932e0f70e4bbb4eab1bd8f60f1,http://plus.kipris.or.kr/openapi/fileToss.jsp?arg=75a63eed5a438998f9dc3380f5cb642cd56dcb0e0f0995b011f68ef22f394dd22a0df6146d523614037efe9cecec5ea921ea9e1d2f9e0913,0.788251519203186,0.8970760107040405,0.8208988904953003,0
838,3020000031742-09-01,3020000004487-09-01,포장용 가스용기,화장품 용기,http://plus.kipris.or.kr/openapi/fileToss.jsp?arg=75a63eed5a438998f9dc3380f5cb642cd56dcb0e0f0995b089d7a621b89857a2487dbffde70e585a9b162c2a17b0815de4b4cc94d0cc9800,http://plus.kipris.or.kr/openapi/fileToss.jsp?arg=75a63eed5a438998f9dc3380f5cb642cd56dcb0e0f0995b03069a7817908f14f55bc66521fca1f114f22f288a18e0661ad6738c79e49ec04,0.8547605872154236,0.710686981678009,0.8115385174751282,0
839,3020000023185-09-01,3020000013862-09-01,포장용병,포장용 용기,http://plus.kipris.or.kr/openapi/fileToss.jsp?arg=75a63eed5a438998f9dc3380f5cb642cd56dcb0e0f0995b09b1f6789fb9751242533b64b5fbcb82720ee481b66fa89182aec6c9571be67e3,http://plus.kipris.or.kr/openapi/fileToss.jsp?arg=75a63eed5a438998f9dc3380f5cb642cd56dcb0e0f0995b0bdcfae06342df685f8cbf1fb50c4736d33893aee3cc4dc17e9b050e4f8517756,0.7117286920547485,0.8251696228981018,0.745760977268219,0
840,3020000027874-09-01,3020000013606-09-01,포장용용기,화장품 용기,http://plus.kipris.or.kr/openapi/fileToss.jsp?arg=75a63eed5a438998f9dc3380f5cb642cd56dcb0e0f0995b01b6467bd697fe99c3417ef7c1899dbda805e0d76a677f7efc26ca45fa4b1486a,http://plus.kipris.or.kr/openapi/fileToss.jsp?arg=75a63eed5a438998f9dc3380f5cb642cd56dcb0e0f0995b0bdcfae06342df685b5160b34fe202fbfabfe2536a403a69d77575689ec9f1064,0.8386219143867493,0.8476982116699219,0.8413448333740234,0
841,3020000008383-09-01,3020000019084-09-01,화장품 용기,화장품 용기,http://plus.kipris.or.kr/openapi/fileToss.jsp?arg=75a63eed5a438998f9dc3380f5cb642cd56dcb0e0f0995b06226a1b53136408c5412bc4c3b3d3f2d2ede433e4f304a9083ca6af66c845b91,http://plus.kipris.or.kr/openapi/fileToss.jsp?arg=75a63eed5a438998f9dc3380f5cb642cd56dcb0e0f0995b0f63a2eefd11079d0da75e7bf06c36ac6c2b18771e96448d15344d4cc707e1e1e,0.849685788154602,0.9026306867599487,0.8655692338943481,0
842,3020000028348-09-01,3020000017000-09-01,포장용 용기,포장용 용기,http://plus.kipris.or.kr/openapi/fileToss.jsp?arg=75a63eed5a438998f9dc3380f5cb642cd56dcb0e0f0995b0227542a1f24a736155db84a290cc09d09a49a855342dcf7e2de12857a3ead674,http://plus.kipris.or.kr/openapi/fileToss.jsp?arg=75a63eed5a438998f9dc3380f5cb642cd56dcb0e0f0995b0d8ee6709638b6fa151acb057bf4b283f873778c4a5b9305bc2687c8b01a1cbb2,0.7442499399185181,0.8747220635414124,0.7833915948867798,0
843,3020000031443-09-01,3020000004297-09-01,화장품 용기,화장품 용기,http://plus.kipris.or.kr/openapi/fileToss.jsp?arg=75a63eed5a438998f9dc3380f5cb642cd56dcb0e0f0995b089d7a621b89857a21e79e0b1232a9ae9d185a66d28f3c0cdb043fa8ab29866ba,http://plus.kipris.or.kr/openapi/fileToss.jsp?arg=75a63eed5a438998f9dc3380f5cb642cd56dcb0e0f0995b03069a7817908f14f5c65ec4818929027916d00649800f560c778f7ed2afe6471,0.7173017859458923,0.8847896456718445,0.7675482034683228,0
844,3020000033181-09-01,3020000024465-09-01,세제용기,포장용 용기,http://plus.kipris.or.kr/openapi/fileToss.jsp?arg=75a63eed5a438998f9dc3380f5cb642cd56dcb0e0f0995b0f32787804da8b7ad453014fa1c02db95759e6c4eee9011bcfa12fc0b534d93eb,http://plus.kipris.or.kr/openapi/fileToss.jsp?arg=75a63eed5a438998f9dc3380f5cb642cd56dcb0e0f0995b005b3db6b458aa73be969790f4b87eaa590971886d7a6ca3e77b7e49731bd49d5,0.9099159240722656,0.8375106453895569,0.8881943225860596,0
845,3020000018871-09-01,3020000031165-09-01,화장품 용기,화장품용기,http://plus.kipris.or.kr/openapi/fileToss.jsp?arg=75a63eed5a438998f9dc3380f5cb642cd56dcb0e0f0995b0deac54f8925f4c7d01c27b3b9348c797506af132d8ad44a80176580e91bc4223,http://plus.kipris.or.kr/openapi/fileToss.jsp?arg=75a63eed5a438998f9dc3380f5cb642cd56dcb0e0f0995b089d7a621b89857a2bda1ae1f5599e3178632bd153853d7a31177cb754c5e7d82,0.5390254855155945,0.9599605798721313,0.665306031703949,0
846,3020000025393-09-01,3020000000962-09-01,향수 용기,포장용 병,http://plus.kipris.or.kr/openapi/fileToss.jsp?arg=75a63eed5a438998f9dc3380f5cb642cd56dcb0e0f0995b07a28099d0ef98e17b4fee342a5c9b755696247e88ba73474055f2d37b469ed88,http://plus.kipris.or.kr/openapi/fileToss.jsp?arg=75a63eed5a438998f9dc3380f5cb642cd56dcb0e0f0995b0cc72ed919b3423001ec5b0b95cb6d97de6848fcad7d2dac20fea027e693ad6ee,0.7711806297302246,0.7381551265716553,0.7612730264663696,0
847,3020000013583-09-01,3020000021829-09-01,화장품 용기,화장품 용기,http://plus.kipris.or.kr/openapi/fileToss.jsp?arg=75a63eed5a438998f9dc3380f5cb642cd56dcb0e0f0995b0bdcfae06342df68572d7f7323bc50a0e94b7efa79b355815b01dad70cbaed73a,http://plus.kipris.or.kr/openapi/fileToss.jsp?arg=75a63eed5a438998f9dc3380f5cb642cd56dcb0e0f0995b006449c7f1c85a4a7b1e65d46d0f161f0338df3c924e96618b7f1a024dd0c7270,0.7432374954223633,0.894207239151001,0.7885284423828125,0
848,3020000019084-09-01,3020000015190-09-01,화장품 용기,음료용기,http://plus.kipris.or.kr/openapi/fileToss.jsp?arg=75a63eed5a438998f9dc3380f5cb642cd56dcb0e0f0995b0f63a2eefd11079d0da75e7bf06c36ac67a89fa829fb35a4c66a048ee424b19f0,http://plus.kipris.or.kr/openapi/fileToss.jsp?arg=75a63eed5a438998f9dc3380f5cb642cd56dcb0e0f0995b07ba686bc001e12b7246632b98d0401193c3717f00aa558084e997abb310607d9,0.8209254741668701,0.6127645373344421,0.7584772109985352,0
849,3020000007581-09-01,3020000016430-09-01,향수병,포장용기,http://plus.kipris.or.kr/openapi/fileToss.jsp?arg=75a63eed5a438998f9dc3380f5cb642cd56dcb0e0f0995b0fdcd45318d7ff23cbe8f9d6b58b35c17304b4de69f264fbadd006d6225466211,http://plus.kipris.or.kr/openapi/fileToss.jsp?arg=75a63eed5a438998f9dc3380f5cb642cd56dcb0e0f0995b0edd65ac4880d0f0c232cb6b80bc0e8a33808bf7b0bacd52f7bfaa2bd14f4159f,0.6024649143218994,0.7017699480056763,0.6322563886642456,0
850,3020000024463-09-01,3020000027388-09-01,포장용 용기,포장용 용기,http://plus.kipris.or.kr/openapi/fileToss.jsp?arg=75a63eed5a438998f9dc3380f5cb642cd56dcb0e0f0995b005b3db6b458aa73be969790f4b87eaa5b26fec36e24da5f75257777a4b9690b2,http://plus.kipris.or.kr/openapi/fileToss.jsp?arg=75a63eed5a438998f9dc3380f5cb642cd56dcb0e0f0995b01b6467bd697fe99cc883ae80263b6d6f03450d55259062fb45bb864d044353c8,0.6881913542747498,0.9995455741882324,0.7815976142883301,0
851,3020000006173-09-01,3020000007013-09-01,음료수 용기,화장품 용기,http://plus.kipris.or.kr/openapi/fileToss.jsp?arg=75a63eed5a438998f9dc3380f5cb642cd56dcb0e0f0995b0187836737e94fb39845672cd5824903a402d9dab6f5279e64e2476d05862476a,http://plus.kipris.or.kr/openapi/fileToss.jsp?arg=75a63eed5a438998f9dc3380f5cb642cd56dcb0e0f0995b0fdcd45318d7ff23c36f1af0f6d6ef8030ecaef5f51830e0f47025d4ace5ab8b8,0.7837493419647217,0.8135528564453125,0.7926903963088989,0
852,3020000024535-09-01,3020000019098-09-01,화장품 용기,향수용기,http://plus.kipris.or.kr/openapi/fileToss.jsp?arg=75a63eed5a438998f9dc3380f5cb642cd56dcb0e0f0995b005b3db6b458aa73bad765829c40530d0e0f716a805419d649d0791feeb1f810e,http://plus.kipris.or.kr/openapi/fileToss.jsp?arg=75a63eed5a438998f9dc3380f5cb642cd56dcb0e0f0995b0f63a2eefd11079d08493f71a2050ee4298f127c1f171f9c05bde1cc3f3e1eec6,0.9070833921432495,0.8578205108642578,0.892304539680481,0
853,3020000012830-09-01,3020000004249-09-01,향수병,향수용기,http://plus.kipris.or.kr/openapi/fileToss.jsp?arg=75a63eed5a438998f9dc3380f5cb642cd56dcb0e0f0995b08964a6c84ce8cbe136b914a53e58c31f9b849f976a23c3594e079876d5d83c31,http://plus.kipris.or.kr/openapi/fileToss.jsp?arg=75a63eed5a438998f9dc3380f5cb642cd56dcb0e0f0995b03069a7817908f14fa773e0122ae173ab13156cf6a3dc80adf7d01e16530cef9e,0.8012979030609131,0.8888034820556641,0.8275495767593384,0
854,3020000017424-09-01,3020000022365-09-01,포장용 용기,화장품용기,http://plus.kipris.or.kr/openapi/fileToss.jsp?arg=75a63eed5a438998f9dc3380f5cb642cd56dcb0e0f0995b0d8ee6709638b6fa14d030d93d9fd28c422622fd25edaa01a78e482280cb1f89e,http://plus.kipris.or.kr/openapi/fileToss.jsp?arg=75a63eed5a438998f9dc3380f5cb642cd56dcb0e0f0995b02e6ec20e9488ca667220594ecf4822650c1479d6f12cd598d8f932cbda81ebea,0.7683337926864624,0.7817264199256897,0.7723515629768372,0
855,3020000018764-09-01,3020000029850-09-01,음료병,화장품 용기,http://plus.kipris.or.kr/openapi/fileToss.jsp?arg=75a63eed5a438998f9dc3380f5cb642cd56dcb0e0f0995b0deac54f8925f4c7dff73e655a395ca11d4fee4764a23fb708bbcc1ccb5c7a082,http://plus.kipris.or.kr/openapi/fileToss.jsp?arg=75a63eed5a438998f9dc3380f5cb642cd56dcb0e0f0995b011f68ef22f394dd236632737541405a7ab0a694fe030fe05961ed1bd654d67fe,0.8478631973266602,0.6337741613388062,0.7836365103721619,0
856,3020000019084-09-01,3020000009483-09-01,화장품 용기,화장품 용기,http://plus.kipris.or.kr/openapi/fileToss.jsp?arg=75a63eed5a438998f9dc3380f5cb642cd56dcb0e0f0995b0f63a2eefd11079d0da75e7bf06c36ac6c2b18771e96448d15344d4cc707e1e1e,http://plus.kipris.or.kr/openapi/fileToss.jsp?arg=75a63eed5a438998f9dc3380f5cb642cd56dcb0e0f0995b073590199e4f1dc1659189ee3a87a785d8682f802aa79588c365fabb881e72483,0.7320569753646851,0.9249613285064697,0.7899282574653625,0
857,3020000017002-09-01,3020000033000-09-01,포장용 용기,술병,http://plus.kipris.or.kr/openapi/fileToss.jsp?arg=75a63eed5a438998f9dc3380f5cb642cd56dcb0e0f0995b0d8ee6709638b6fa151acb057bf4b283f9c05647f46a69bf4c67d4fcca199f0c9,http://plus.kipris.or.kr/openapi/fileToss.jsp?arg=75a63eed5a438998f9dc3380f5cb642cd56dcb0e0f0995b0f32787804da8b7ad0a83331d496f7b1207a70e4bb04e65896292fe5ee11512c8,0.8053289651870728,0.7425903081893921,0.7865073680877686,0
858,3020000025395-09-01,3020000025081-09-01,화장품 용기,화장품 용기,http://plus.kipris.or.kr/openapi/fileToss.jsp?arg=75a63eed5a438998f9dc3380f5cb642cd56dcb0e0f0995b07a28099d0ef98e17b4fee342a5c9b755709bd2c213784ebf276a6e7faca318ad,http://plus.kipris.or.kr/openapi/fileToss.jsp?arg=75a63eed5a438998f9dc3380f5cb642cd56dcb0e0f0995b07a28099d0ef98e17803670e82954ba5ecaeb44c9f89127913689a77e8bb70594,0.7843258380889893,0.9643789529800415,0.8383418321609497,0
859,3020000017303-09-01,3020000015436-09-01,포장용 용기,포장용 용기,http://plus.kipris.or.kr/openapi/fileToss.jsp?arg=75a63eed5a438998f9dc3380f5cb642cd56dcb0e0f0995b0d8ee6709638b6fa147789b22cdad6984fdb60cdcfad1b371cbe942344a790613,http://plus.kipris.or.kr/openapi/fileToss.jsp?arg=75a63eed5a438998f9dc3380f5cb642cd56dcb0e0f0995b07ba686bc001e12b74f814a4956a5cebbf9ae9e1003c504836a6f3707269f97e6,0.8574601411819458,0.9533325433731079,0.8862218856811523,0
860,3020000031168-09-01,3020000008854-09-01,화장품용기,화장품 용기,http://plus.kipris.or.kr/openapi/fileToss.jsp?arg=75a63eed5a438998f9dc3380f5cb642cd56dcb0e0f0995b089d7a621b89857a2bda1ae1f5599e317e91e86b71eace80636aee8ea6d59cc3a,http://plus.kipris.or.kr/openapi/fileToss.jsp?arg=75a63eed5a438998f9dc3380f5cb642cd56dcb0e0f0995b06226a1b53136408c77446a31574122b0743535ab5bada7b3ce2b0c39e4a63d59,0.824611485004425,0.9086023569107056,0.8498086929321289,0
861,3020000006436-09-01,3020000015284-09-01,포장용 용기,화장품 용기,http://plus.kipris.or.kr/openapi/fileToss.jsp?arg=75a63eed5a438998f9dc3380f5cb642cd56dcb0e0f0995b0187836737e94fb39d6735824be9a53a73fc77ea3035de78f639583f4643ebf00,http://plus.kipris.or.kr/openapi/fileToss.jsp?arg=75a63eed5a438998f9dc3380f5cb642cd56dcb0e0f0995b07ba686bc001e12b75d136b4df6d33bb5919118e79bdfe43b0d13d883cdcbcccb,0.8644962310791016,0.8505473136901855,0.8603115677833557,0
862,3020000013864-09-01,3020000002024-09-01,포장용 용기,포장용용기,http://plus.kipris.or.kr/openapi/fileToss.jsp?arg=75a63eed5a438998f9dc3380f5cb642cd56dcb0e0f0995b0bdcfae06342df685f8cbf1fb50c4736d5266c6728b66f1077e16534504d7cd5f,http://plus.kipris.or.kr/openapi/fileToss.jsp?arg=75a63eed5a438998f9dc3380f5cb642cd56dcb0e0f0995b0680d52483fc7b07dce8cf928834fb57ddd96de37e6cf724ffd95dd87a86c28e6,0.6872369050979614,0.9286879301071167,0.759672224521637,0
863,3020000005652-09-01,3020000017498-09-01,포장용 용기,포장용 용기,http://plus.kipris.or.kr/openapi/fileToss.jsp?arg=75a63eed5a438998f9dc3380f5cb642cd56dcb0e0f0995b08fe3e6d10b56cc3dd860bdd2e2498e9ae78cdee054c9d58fc542ec1073fa86cf,http://plus.kipris.or.kr/openapi/fileToss.jsp?arg=75a63eed5a438998f9dc3380f5cb642cd56dcb0e0f0995b0d8ee6709638b6fa1ae2fc3835c730b0f203fa3932e0f70e4bbb4eab1bd8f60f1,0.810090184211731,0.9669027328491211,0.8571339249610901,0
864,3020000017908-09-01,3020000031167-09-01,화장품 용기,화장품용기,http://plus.kipris.or.kr/openapi/fileToss.jsp?arg=75a63eed5a438998f9dc3380f5cb642cd56dcb0e0f0995b0d8ee6709638b6fa1182d19b659de8ba0b15a67581927d86f68cb9a7bb0f72dd6,http://plus.kipris.or.kr/openapi/fileToss.jsp?arg=75a63eed5a438998f9dc3380f5cb642cd56dcb0e0f0995b089d7a621b89857a2bda1ae1f5599e317c61e99a88bb6420a3700c26d59fc3113,0.7135759592056274,0.8923298120498657,0.7672021389007568,0
865,3020000001115-09-01,3020000009397-09-01,화장품 용기,화장품 용기,http://plus.kipris.or.kr/openapi/fileToss.jsp?arg=75a63eed5a438998f9dc3380f5cb642cd56dcb0e0f0995b0b700f0235c7824b0d0b95c86d388ccdc2cbb49f67d9126e42d0c77fd7d79df37,http://plus.kipris.or.kr/openapi/fileToss.jsp?arg=75a63eed5a438998f9dc3380f5cb642cd56dcb0e0f0995b073590199e4f1dc1639c043446a843f341fc2934575b22167758ccc8959781286,0.8767222762107849,0.9362314343452454,0.8945749998092651,0
866,3020000030584-09-01,3020000007043-09-01,포장용 병,포장용기,http://plus.kipris.or.kr/openapi/fileToss.jsp?arg=75a63eed5a438998f9dc3380f5cb642cd56dcb0e0f0995b0b9420cad9c5990e068550a177cec7d2edc1565c58296d37fa01420b52e573da4,http://plus.kipris.or.kr/openapi/fileToss.jsp?arg=75a63eed5a438998f9dc3380f5cb642cd56dcb0e0f0995b0fdcd45318d7ff23c26d838b2a3bc7b054db3382f2acfb6b2dbafb4d79dc53c97,0.9044804573059082,0.8886674642562866,0.8997365832328796,0
867,3020000028259-09-01,3020000018222-09-01,화장품 용기,포장용 용기,http://plus.kipris.or.kr/openapi/fileToss.jsp?arg=75a63eed5a438998f9dc3380f5cb642cd56dcb0e0f0995b0227542a1f24a736184b9181791c18e4f8115a673a00f082dbe62dffedc6394f4,http://plus.kipris.or.kr/openapi/fileToss.jsp?arg=75a63eed5a438998f9dc3380f5cb642cd56dcb0e0f0995b0deac54f8925f4c7d4987cce9cfe8722f3db950a0fbab00c9ac91616d5b55e2c7,0.8327445983886719,0.8591278791427612,0.8406596183776855,0
868,3020000015281-09-01,3020000026844-09-01,화장품 용기,화장품 용기,http://plus.kipris.or.kr/openapi/fileToss.jsp?arg=75a63eed5a438998f9dc3380f5cb642cd56dcb0e0f0995b07ba686bc001e12b75d136b4df6d33bb5ee7af5f7920fa4cdd7f4db7a1759caac,http://plus.kipris.or.kr/openapi/fileToss.jsp?arg=75a63eed5a438998f9dc3380f5cb642cd56dcb0e0f0995b035c516d305aed14571243152256c21dad8a464247adf2be420e5a7cef661b877,0.8055639266967773,0.9510897397994995,0.8492217063903809,0
869,3020000017373-09-01,3020000002083-09-01,포장용간장용기,남성용 화장품 용기,http://plus.kipris.or.kr/openapi/fileToss.jsp?arg=75a63eed5a438998f9dc3380f5cb642cd56dcb0e0f0995b0d8ee6709638b6fa1b9cc41fb9d879150833073c7f50887823fc91afc2eea90d2,http://plus.kipris.or.kr/openapi/fileToss.jsp?arg=75a63eed5a438998f9dc3380f5cb642cd56dcb0e0f0995b0680d52483fc7b07d3621f255e5f93b21b9855e12cd06cab9dae2d162e5867ca0,0.709321916103363,0.7952351570129395,0.7350959181785583,0
870,3020000022365-09-01,3020000024712-09-01,화장품용기,에어컨 세정 스프레이,http://plus.kipris.or.kr/openapi/fileToss.jsp?arg=75a63eed5a438998f9dc3380f5cb642cd56dcb0e0f0995b02e6ec20e9488ca667220594ecf4822650c1479d6f12cd598c65a4b12ef933621,http://plus.kipris.or.kr/openapi/fileToss.jsp?arg=75a63eed5a438998f9dc3380f5cb642cd56dcb0e0f0995b005b3db6b458aa73b478bbee24fff2a97c1e7346cd4e6d36a06d362ff54791dfe,0.8248849511146545,0.6280945539474487,0.7658478021621704,0
871,3020000025393-09-01,3020000002231-09-01,향수 용기,포장용 통,http://plus.kipris.or.kr/openapi/fileToss.jsp?arg=75a63eed5a438998f9dc3380f5cb642cd56dcb0e0f0995b07a28099d0ef98e17b4fee342a5c9b755696247e88ba73474877edefa02f98582,http://plus.kipris.or.kr/openapi/fileToss.jsp?arg=75a63eed5a438998f9dc3380f5cb642cd56dcb0e0f0995b0680d52483fc7b07d73043a5cae9ac96401c326c864eae306f14c9dba7a993957,0.73155677318573,0.7433579564094543,0.7350971102714539,0
872,3020000004362-09-01,3020000030698-09-01,식음료용 병,음료용 병,http://plus.kipris.or.kr/openapi/fileToss.jsp?arg=75a63eed5a438998f9dc3380f5cb642cd56dcb0e0f0995b03069a7817908f14f862ab5db3dff0eb92fd7fdd29ff88e10e68518103f9aa43f,http://plus.kipris.or.kr/openapi/fileToss.jsp?arg=75a63eed5a438998f9dc3380f5cb642cd56dcb0e0f0995b0b9420cad9c5990e0fedfec3ce9cb4a02f555a1df4c240a2e0577b760fcb20c08,0.6264684200286865,0.8233315348625183,0.6855273246765137,0
873,3020000005939-09-01,3020000017455-09-01,향수용기,화장품 용기,http://plus.kipris.or.kr/openapi/fileToss.jsp?arg=75a63eed5a438998f9dc3380f5cb642cd56dcb0e0f0995b08fe3e6d10b56cc3d1138f71ea34dabcd61d8b10b27079cb4d906ff7d29394499,http://plus.kipris.or.kr/openapi/fileToss.jsp?arg=75a63eed5a438998f9dc3380f5cb642cd56dcb0e0f0995b0d8ee6709638b6fa1605fd1147d87744e95705c59a14473abb937e4c1d600ca73,0.6832069158554077,0.7441554069519043,0.7014914751052856,0
874,3020000030843-09-01,3020000017499-09-01,화장품용기,포장용 용기,http://plus.kipris.or.kr/openapi/fileToss.jsp?arg=75a63eed5a438998f9dc3380f5cb642cd56dcb0e0f0995b0b9420cad9c5990e0a4a05627aedca40ca750b1c56ce2af311767f8c7d6505829,http://plus.kipris.or.kr/openapi/fileToss.jsp?arg=75a63eed5a438998f9dc3380f5cb642cd56dcb0e0f0995b0d8ee6709638b6fa1ae2fc3835c730b0f7499aab326990e3e531e62dc29352479,0.8197119235992432,0.8718087673187256,0.8353409767150879,0
875,3020000010927-09-01,3020000029877-09-01,향수 용기,화장품용기,http://plus.kipris.or.kr/openapi/fileToss.jsp?arg=75a63eed5a438998f9dc3380f5cb642cd56dcb0e0f0995b0ef3ea9b059e124212cc6ee9f18a84e3979892ba521ffa996554c4e0859fb1fdf,http://plus.kipris.or.kr/openapi/fileToss.jsp?arg=75a63eed5a438998f9dc3380f5cb642cd56dcb0e0f0995b011f68ef22f394dd26a964075748e6c188d7c175d4f7b56695bc3242a882434a9,0.7482485175132751,0.7727214097976685,0.7555903792381287,0
876,3020000021602-09-01,3020000015433-09-01,화장품 용기,포장용 용기,http://plus.kipris.or.kr/openapi/fileToss.jsp?arg=75a63eed5a438998f9dc3380f5cb642cd56dcb0e0f0995b006449c7f1c85a4a70cda0132be4db162a639788ec92d3c9be4e033bd8f75a5dc,http://plus.kipris.or.kr/openapi/fileToss.jsp?arg=75a63eed5a438998f9dc3380f5cb642cd56dcb0e0f0995b07ba686bc001e12b74f814a4956a5cebb3b7e77a65b11d9ab95d8e0448b2235d1,0.9070497155189514,0.8269177675247192,0.8830101490020752,0
877,3020000014580-09-01,3020000032580-09-01,화장품 용기,화장품 용기,http://plus.kipris.or.kr/openapi/fileToss.jsp?arg=75a63eed5a438998f9dc3380f5cb642cd56dcb0e0f0995b0606f4df1f99f408131dbbf949e2f4252997a391f76667cd89b748c38e7c18453,http://plus.kipris.or.kr/openapi/fileToss.jsp?arg=75a63eed5a438998f9dc3380f5cb642cd56dcb0e0f0995b056fef538e42de114c938f9d32b974d970569e2f0bc439dcacb9fad755b744ac8,0.8681963086128235,0.9075697660446167,0.880008339881897,0
878,3020000033574-09-01,3020000003502-09-01,향수용기,포장용 용기,http://plus.kipris.or.kr/openapi/fileToss.jsp?arg=75a63eed5a438998f9dc3380f5cb642cd56dcb0e0f0995b0f32787804da8b7add5c4bca3f493f084fbe15d523da3e9db6b97dd1ff5e6d0c2,http://plus.kipris.or.kr/openapi/fileToss.jsp?arg=75a63eed5a438998f9dc3380f5cb642cd56dcb0e0f0995b00b66daf06c8a8306785181888731c2c10836289c010b5ff53edc9c4b5eb82977,0.8242011070251465,0.7711297869682312,0.8082797527313232,0
879,3020000027513-09-01,3020000022730-09-01,샴푸 용기,화장품 용기,http://plus.kipris.or.kr/openapi/fileToss.jsp?arg=75a63eed5a438998f9dc3380f5cb642cd56dcb0e0f0995b01b6467bd697fe99c5b52ca7a735e0f06789d15109049a90dff0bb931ec4a00ea,http://plus.kipris.or.kr/openapi/fileToss.jsp?arg=75a63eed5a438998f9dc3380f5cb642cd56dcb0e0f0995b02e6ec20e9488ca665d75c594757a4c0f008d486e96cdc70fce0d3e8dca9c3675,0.8106505274772644,0.8126649260520935,0.8112548589706421,0
880,3020000029918-09-01,3020000028257-09-01,화장품 용기,화장품 용기,http://plus.kipris.or.kr/openapi/fileToss.jsp?arg=75a63eed5a438998f9dc3380f5cb642cd56dcb0e0f0995b011f68ef22f394dd2f0b8046f71cf13a118ade17c41ebb3b7eb089b04ae038ab3,http://plus.kipris.or.kr/openapi/fileToss.jsp?arg=75a63eed5a438998f9dc3380f5cb642cd56dcb0e0f0995b0227542a1f24a736184b9181791c18e4f1c092183231ba9c374a1fea8e9e4b9bc,0.7541922330856323,0.9742482304573059,0.8202090263366699,0
881,3020000017003-09-01,3020000023571-09-01,포장용 용기,세제용 용기,http://plus.kipris.or.kr/openapi/fileToss.jsp?arg=75a63eed5a438998f9dc3380f5cb642cd56dcb0e0f0995b0d8ee6709638b6fa151acb057bf4b283fa8e32bcd5b75385d8bdde0b55a9326b3,http://plus.kipris.or.kr/openapi/fileToss.jsp?arg=75a63eed5a438998f9dc3380f5cb642cd56dcb0e0f0995b09b1f6789fb9751240005454de4ce8fd157be609d7636893f0886380e5f4a7ddd,0.8216571807861328,0.9061324000358582,0.8469997644424438,0
882,3020000021952-09-01,3020000012601-09-01,포장용기,세제용 용기,http://plus.kipris.or.kr/openapi/fileToss.jsp?arg=75a63eed5a438998f9dc3380f5cb642cd56dcb0e0f0995b006449c7f1c85a4a78b7c1a7242ae14e9e8b76585bb2195b2b6efeaf5cec5b420,http://plus.kipris.or.kr/openapi/fileToss.jsp?arg=75a63eed5a438998f9dc3380f5cb642cd56dcb0e0f0995b08964a6c84ce8cbe168aabef1f58be13cce1ea850f9b201c5e0e7d054bccb9b4e,0.6638944149017334,0.837698757648468,0.7160357236862183,0
883,3020000025158-09-01,3020000011702-09-01,스프레이 용기,포장용 용기,http://plus.kipris.or.kr/openapi/fileToss.jsp?arg=75a63eed5a438998f9dc3380f5cb642cd56dcb0e0f0995b07a28099d0ef98e1700b4d7de06f9f53c9c2561319dcf881d268455ebb0da59cd,http://plus.kipris.or.kr/openapi/fileToss.jsp?arg=75a63eed5a438998f9dc3380f5cb642cd56dcb0e0f0995b070abdd713d0b290ac325e975e3fdd65a337014d876206ef64e2b797283f9e46b,0.688227117061615,0.8608435392379761,0.7400120496749878,0
884,3020000024465-09-01,3020000018092-09-01,포장용 용기,액체 내용물 포장용 용기,http://plus.kipris.or.kr/openapi/fileToss.jsp?arg=75a63eed5a438998f9dc3380f5cb642cd56dcb0e0f0995b005b3db6b458aa73be969790f4b87eaa590971886d7a6ca3e77b7e49731bd49d5,http://plus.kipris.or.kr/openapi/fileToss.jsp?arg=75a63eed5a438998f9dc3380f5cb642cd56dcb0e0f0995b0deac54f8925f4c7db087096564c2a8720026cc37eca14da525bd94072c5a98b6,0.7860733866691589,0.9513511061668396,0.8356567025184631,0
885,3020000014721-09-01,3020000023253-09-01,음료수병,식품용용기,http://plus.kipris.or.kr/openapi/fileToss.jsp?arg=75a63eed5a438998f9dc3380f5cb642cd56dcb0e0f0995b0606f4df1f99f408147acd64ca7a100afd02dddd10af2d0c3270f45a3e29dc7eb,http://plus.kipris.or.kr/openapi/fileToss.jsp?arg=75a63eed5a438998f9dc3380f5cb642cd56dcb0e0f0995b09b1f6789fb975124ddde99bf437cdce86a02344d328de245664ee0b68a5db006,0.7303628325462341,0.8365873694419861,0.7622301578521729,0
886,3020000021275-09-01,3020000009397-09-01,화장품 용기,화장품 용기,http://plus.kipris.or.kr/openapi/fileToss.jsp?arg=75a63eed5a438998f9dc3380f5cb642cd56dcb0e0f0995b006449c7f1c85a4a7de0ff8d7dc536a1cde2ebc06e63861214eff3398d7b590a0,http://plus.kipris.or.kr/openapi/fileToss.jsp?arg=75a63eed5a438998f9dc3380f5cb642cd56dcb0e0f0995b073590199e4f1dc1639c043446a843f341fc2934575b221671f3f89981798199b,0.9363592267036438,0.9633339047431946,0.9444516897201538,0
887,3020000018872-09-01,3020000029020-09-01,화장품 용기,화장품 용기,http://plus.kipris.or.kr/openapi/fileToss.jsp?arg=75a63eed5a438998f9dc3380f5cb642cd56dcb0e0f0995b0deac54f8925f4c7d01c27b3b9348c7972ae570bc5f1beadc2b4b868585a93bdb,http://plus.kipris.or.kr/openapi/fileToss.jsp?arg=75a63eed5a438998f9dc3380f5cb642cd56dcb0e0f0995b011f68ef22f394dd23d3e52e393d986e319bf88371b57d9b8c34cdf1d0b16d553,0.838333010673523,0.9928717613220215,0.8846946954727173,0
888,3020000017301-09-01,3020000022105-09-01,포장용 용기,포장용 용기,http://plus.kipris.or.kr/openapi/fileToss.jsp?arg=75a63eed5a438998f9dc3380f5cb642cd56dcb0e0f0995b0d8ee6709638b6fa147789b22cdad698429792590cfe896e3bac26ccb691430e2,http://plus.kipris.or.kr/openapi/fileToss.jsp?arg=75a63eed5a438998f9dc3380f5cb642cd56dcb0e0f0995b02e6ec20e9488ca666f5fe34b46e8fbf6bc377969b361653058f7ec6c072c68d8,0.7134673595428467,0.9377837777137756,0.7807623147964478,0
889,3020000026521-09-01,3020000032390-09-01,화장품 용기,화장품 용기,http://plus.kipris.or.kr/openapi/fileToss.jsp?arg=75a63eed5a438998f9dc3380f5cb642cd56dcb0e0f0995b035c516d305aed145b09b91918cd97e08dc085c0d9bf04342508ab31cc1c74e12,http://plus.kipris.or.kr/openapi/fileToss.jsp?arg=75a63eed5a438998f9dc3380f5cb642cd56dcb0e0f0995b056fef538e42de114992500162809c30904332274da7c8757ea7f2d6472a6884f,0.7833589315414429,0.9376567006111145,0.8296482563018799,0
890,3020000030702-09-01,3020000021814-09-01,음료수 병,화장품 용기,http://plus.kipris.or.kr/openapi/fileToss.jsp?arg=75a63eed5a438998f9dc3380f5cb642cd56dcb0e0f0995b0b9420cad9c5990e0b9dddcdc7170a0769ff13faeaeaa94407b0d1b8de36d348d,http://plus.kipris.or.kr/openapi/fileToss.jsp?arg=75a63eed5a438998f9dc3380f5cb642cd56dcb0e0f0995b006449c7f1c85a4a7187d3aa3a76c31b34df56d1f9862991da195658fb143a6ab,0.7390040755271912,0.7689229846000671,0.7479797601699829,0
891,3020000030842-09-01,3020000022802-09-01,화장품용기,화장품 용기,http://plus.kipris.or.kr/openapi/fileToss.jsp?arg=75a63eed5a438998f9dc3380f5cb642cd56dcb0e0f0995b0b9420cad9c5990e0a4a05627aedca40c6c5b6bb702b1070311d083b32e1d44df,http://plus.kipris.or.kr/openapi/fileToss.jsp?arg=75a63eed5a438998f9dc3380f5cb642cd56dcb0e0f0995b02e6ec20e9488ca6644c75fa6ac71ce2ddfb25e1d5721ab15341dbaafc4fd9e2a,0.7755106687545776,0.9306111335754395,0.8220407962799072,0
892,3020000018092-09-01,3020000021170-09-01,액체 내용물 포장용 용기,음료캔,http://plus.kipris.or.kr/openapi/fileToss.jsp?arg=75a63eed5a438998f9dc3380f5cb642cd56dcb0e0f0995b0deac54f8925f4c7db087096564c2a8720026cc37eca14da5325bf01ffdca4748,http://plus.kipris.or.kr/openapi/fileToss.jsp?arg=75a63eed5a438998f9dc3380f5cb642cd56dcb0e0f0995b006449c7f1c85a4a7bec89f1fb749c251216a46bc23ca63c30237ba9d19da2aca,0.8867412209510803,0.7679044008255005,0.8510901927947998,0
893,3020000021422-09-01,3020000023870-09-01,화장품 용기,향수용기,http://plus.kipris.or.kr/openapi/fileToss.jsp?arg=75a63eed5a438998f9dc3380f5cb642cd56dcb0e0f0995b006449c7f1c85a4a7e93b067df666c42493cd6ac1ba8fe92ec4902c1b045a256f,http://plus.kipris.or.kr/openapi/fileToss.jsp?arg=75a63eed5a438998f9dc3380f5cb642cd56dcb0e0f0995b09b1f6789fb9751245383ec1ea175fde38980f608958d08b2d5e31fcedb1a9c00,0.6881606578826904,0.8541009426116943,0.7379427552223206,0
894,3020000012835-09-01,3020000017373-09-01,향수병,포장용간장용기,http://plus.kipris.or.kr/openapi/fileToss.jsp?arg=75a63eed5a438998f9dc3380f5cb642cd56dcb0e0f0995b08964a6c84ce8cbe136b914a53e58c31f5a71b47ce7755bd59479ce6bafb7a5cb,http://plus.kipris.or.kr/openapi/fileToss.jsp?arg=75a63eed5a438998f9dc3380f5cb642cd56dcb0e0f0995b0d8ee6709638b6fa1b9cc41fb9d879150833073c7f50887829cf75d152bc7534c,0.7836942076683044,0.7462806701660156,0.7724701762199402,0
895,3020000007443-09-01,3020000029518-09-01,샴푸용기,화장품용기,http://plus.kipris.or.kr/openapi/fileToss.jsp?arg=75a63eed5a438998f9dc3380f5cb642cd56dcb0e0f0995b0fdcd45318d7ff23c308bbaa2658dde0932dde688c5cdc6dcc86f4da30029ca44,http://plus.kipris.or.kr/openapi/fileToss.jsp?arg=75a63eed5a438998f9dc3380f5cb642cd56dcb0e0f0995b011f68ef22f394dd24829751c8f656ff9534b5bcab2c36d400ff9e2c49a397ac1,0.7675397992134094,0.7895546555519104,0.7741442918777466,0
896,3020000031692-09-01,3020000025777-09-01,포장용 용기,화장품 용기,http://plus.kipris.or.kr/openapi/fileToss.jsp?arg=75a63eed5a438998f9dc3380f5cb642cd56dcb0e0f0995b089d7a621b89857a2fe66ea06c9f515a9b20945a4ed5906a41a8fde68c727c765,http://plus.kipris.or.kr/openapi/fileToss.jsp?arg=75a63eed5a438998f9dc3380f5cb642cd56dcb0e0f0995b07a28099d0ef98e17b856995e50d7dd6b930e7b2715be9f660d70f1b9cd7eec72,0.8449732661247253,0.8396546840667725,0.8433777093887329,0
897,3020000004095-09-01,3020000031444-09-01,화장품용기,화장품 용기,http://plus.kipris.or.kr/openapi/fileToss.jsp?arg=75a63eed5a438998f9dc3380f5cb642cd56dcb0e0f0995b03069a7817908f14f4572c71c40a02c1b29a3e9914aba67c6ec6359c935c0d373,http://plus.kipris.or.kr/openapi/fileToss.jsp?arg=75a63eed5a438998f9dc3380f5cb642cd56dcb0e0f0995b089d7a621b89857a21e79e0b1232a9ae91a3f9080e95cd3dd601359a9c57c6650,0.6973093748092651,0.8942139744758606,0.7563807964324951,0
898,3020000019482-09-01,3020000029153-09-01,포장용 용기,화장품 용기,http://plus.kipris.or.kr/openapi/fileToss.jsp?arg=75a63eed5a438998f9dc3380f5cb642cd56dcb0e0f0995b0f63a2eefd11079d0ccfa5665d6ade3222a6a99be7a6af2973567482aaf27c091,http://plus.kipris.or.kr/openapi/fileToss.jsp?arg=75a63eed5a438998f9dc3380f5cb642cd56dcb0e0f0995b011f68ef22f394dd29eecc76719f91605bd6e2b7afc32086532d3d375fa16db1a,0.7586278319358826,0.8449631929397583,0.7845284342765808,0
899,3020000015978-09-01,3020000010996-09-01,포장용 용기,포장용 용기,http://plus.kipris.or.kr/openapi/fileToss.jsp?arg=75a63eed5a438998f9dc3380f5cb642cd56dcb0e0f0995b07ba686bc001e12b71e3601a67abc767856e0f883d6d4243b9ee7bac48912bc94,http://plus.kipris.or.kr/openapi/fileToss.jsp?arg=75a63eed5a438998f9dc3380f5cb642cd56dcb0e0f0995b0ef3ea9b059e1242154c6c6b21c086873fec4e762b42098f77440fd33760ffb01,0.7729942798614502,0.9467940330505371,0.8251341581344604,0
900,3020000021275-09-01,3020000006745-09-01,화장품 용기,화장품 용기,http://plus.kipris.or.kr/openapi/fileToss.jsp?arg=75a63eed5a438998f9dc3380f5cb642cd56dcb0e0f0995b006449c7f1c85a4a7de0ff8d7dc536a1cde2ebc06e6386121c7b3a7ffe3ade0e4,http://plus.kipris.or.kr/openapi/fileToss.jsp?arg=75a63eed5a438998f9dc3380f5cb642cd56dcb0e0f0995b0187836737e94fb396332e3fa732ce845f8c27c7491e8a675751d7c82102ce4b3,0.7862313985824585,0.900570273399353,0.8205330967903137,0
901,3020000017457-09-01,3020000008855-09-01,디스펜서 용기,화장품 용기,http://plus.kipris.or.kr/openapi/fileToss.jsp?arg=75a63eed5a438998f9dc3380f5cb642cd56dcb0e0f0995b0d8ee6709638b6fa1605fd1147d87744ea21948e4c4973be51ffe92bb20bd3f43,http://plus.kipris.or.kr/openapi/fileToss.jsp?arg=75a63eed5a438998f9dc3380f5cb642cd56dcb0e0f0995b06226a1b53136408c77446a31574122b0d4ee255adde4503be70deabaa7ca82d1,0.8183143138885498,0.8322616815567017,0.8224985003471375,0
902,3020000028666-09-01,3020000027377-09-01,포장용 용기,향 수 병,http://plus.kipris.or.kr/openapi/fileToss.jsp?arg=75a63eed5a438998f9dc3380f5cb642cd56dcb0e0f0995b0227542a1f24a7361e3d4617c23baf447860c1fd3c78d389ae79a75cbaad214e9,http://plus.kipris.or.kr/openapi/fileToss.jsp?arg=75a63eed5a438998f9dc3380f5cb642cd56dcb0e0f0995b01b6467bd697fe99c825062ac0a4e0cbbf37c817a70113aa4508e90b068b69d88,0.6895219087600708,0.6804156303405762,0.6867900490760803,0
903,3020000020672-09-01,3020000028256-09-01,화장품용기,화장품 용기,http://plus.kipris.or.kr/openapi/fileToss.jsp?arg=75a63eed5a438998f9dc3380f5cb642cd56dcb0e0f0995b0bea0399dd2b7a3e5480d32b373ec1d9434054c8c454dbef02d27a2edf6ae1739,http://plus.kipris.or.kr/openapi/fileToss.jsp?arg=75a63eed5a438998f9dc3380f5cb642cd56dcb0e0f0995b0227542a1f24a736184b9181791c18e4f9bbb78984b7019f5fe8f02600e58a26a,0.9831297993659973,0.866042971611023,0.9480037689208984,0
904,3020000031164-09-01,3020000022160-09-01,화장품용기,화장품용기,http://plus.kipris.or.kr/openapi/fileToss.jsp?arg=75a63eed5a438998f9dc3380f5cb642cd56dcb0e0f0995b089d7a621b89857a2bda1ae1f5599e3174f9890943a627800046ffe65d8f6d235,http://plus.kipris.or.kr/openapi/fileToss.jsp?arg=75a63eed5a438998f9dc3380f5cb642cd56dcb0e0f0995b02e6ec20e9488ca6619e7d183ad07870db0828e5b0b145e74af5cc4991f3507af,0.6468343734741211,0.9479728937149048,0.7371759414672852,0
905,3020000019480-09-01,3020000022036-09-01,포장용 용기,순간접착제용 용기,http://plus.kipris.or.kr/openapi/fileToss.jsp?arg=75a63eed5a438998f9dc3380f5cb642cd56dcb0e0f0995b0f63a2eefd11079d0ccfa5665d6ade32219a211d025177d9b214701410265539f,http://plus.kipris.or.kr/openapi/fileToss.jsp?arg=75a63eed5a438998f9dc3380f5cb642cd56dcb0e0f0995b02e6ec20e9488ca665918ec678ad60b7f45ee3a721ada425d11c94a2440172f60,0.7786388993263245,0.8129767179489136,0.7889402508735657,0
906,3020000019084-09-01,3020000015200-09-01,화장품 용기,화장품 용기,http://plus.kipris.or.kr/openapi/fileToss.jsp?arg=75a63eed5a438998f9dc3380f5cb642cd56dcb0e0f0995b0f63a2eefd11079d0da75e7bf06c36ac655643462b4cdea991fe828f2d84c2420,http://plus.kipris.or.kr/openapi/fileToss.jsp?arg=75a63eed5a438998f9dc3380f5cb642cd56dcb0e0f0995b07ba686bc001e12b7ebd23e10645d463a3bdf3df38bb1a275acfe41384505c4ce,0.8206601142883301,0.9237807989120483,0.8515962958335876,0
907,3020000022730-09-01,3020000031694-09-01,화장품 용기,화장품 용기,http://plus.kipris.or.kr/openapi/fileToss.jsp?arg=75a63eed5a438998f9dc3380f5cb642cd56dcb0e0f0995b02e6ec20e9488ca665d75c594757a4c0f008d486e96cdc70fa74402a27c68b172,http://plus.kipris.or.kr/openapi/fileToss.jsp?arg=75a63eed5a438998f9dc3380f5cb642cd56dcb0e0f0995b089d7a621b89857a2fe66ea06c9f515a9803d07ec72b79959b3c7facc2c812b74,0.805608332157135,0.8927109241485596,0.831739068031311,0
908,3020000019480-09-01,3020000031163-09-01,포장용 용기,화장품용기,http://plus.kipris.or.kr/openapi/fileToss.jsp?arg=75a63eed5a438998f9dc3380f5cb642cd56dcb0e0f0995b0f63a2eefd11079d0ccfa5665d6ade32219a211d025177d9bfee583c26c8f8541,http://plus.kipris.or.kr/openapi/fileToss.jsp?arg=75a63eed5a438998f9dc3380f5cb642cd56dcb0e0f0995b089d7a621b89857a2bda1ae1f5599e317dbdb5c17e3d29fda1682626593d6b35f,0.7765069007873535,0.8301174640655518,0.7925900816917419,0
909,3020000010912-09-01,3020000015285-09-01,향수병,화장품 용기,http://plus.kipris.or.kr/openapi/fileToss.jsp?arg=75a63eed5a438998f9dc3380f5cb642cd56dcb0e0f0995b0ef3ea9b059e124218e78add10628828341da67d0ed53295d1efbf1bd67e4afff,http://plus.kipris.or.kr/openapi/fileToss.jsp?arg=75a63eed5a438998f9dc3380f5cb642cd56dcb0e0f0995b07ba686bc001e12b75d136b4df6d33bb5ac403f7f7879e01129b1f0acc868d7e1,0.7318919897079468,0.7897594571113586,0.7492522597312927,0
910,3020000031169-09-01,3020000015613-09-01,화장품용기,화장품 용기,http://plus.kipris.or.kr/openapi/fileToss.jsp?arg=75a63eed5a438998f9dc3380f5cb642cd56dcb0e0f0995b089d7a621b89857a2bda1ae1f5599e317818da205f7f25c65311581e51a33fd21,http://plus.kipris.or.kr/openapi/fileToss.jsp?arg=75a63eed5a438998f9dc3380f5cb642cd56dcb0e0f0995b07ba686bc001e12b776336c19178a59c1d50e5b6f173eb6c49d9a8ccc479795a2,0.7317517995834351,0.9374217987060547,0.7934527397155762,0
911,3020000027881-09-01,3020000024957-09-01,겔물질 분배용 포장용기,화장품용기,http://plus.kipris.or.kr/openapi/fileToss.jsp?arg=75a63eed5a438998f9dc3380f5cb642cd56dcb0e0f0995b01b6467bd697fe99cfe4409446e4a704c8be7ac65fc8f18ddb72fae72fe24dc5c,http://plus.kipris.or.kr/openapi/fileToss.jsp?arg=75a63eed5a438998f9dc3380f5cb642cd56dcb0e0f0995b005b3db6b458aa73be2c5f00e2cd5aa81f6e7b0e86f7ef308e5e9dcafdb37af7e,0.8585004806518555,0.8421692848205566,0.8536010980606079,0
912,3020000018221-09-01,3020000002328-09-01,포장용 용기,화장품용 용기,http://plus.kipris.or.kr/openapi/fileToss.jsp?arg=75a63eed5a438998f9dc3380f5cb642cd56dcb0e0f0995b0deac54f8925f4c7d4987cce9cfe8722f2003dddbc81cfbea958a91c8fc688b25,http://plus.kipris.or.kr/openapi/fileToss.jsp?arg=75a63eed5a438998f9dc3380f5cb642cd56dcb0e0f0995b0680d52483fc7b07d916a4a7b517f831f101577971270299e805a1db667f8a9bf,0.8599828481674194,0.8769338130950928,0.8650680780410767,0
913,3020000030583-09-01,3020000006745-09-01,포장용 병,화장품 용기,http://plus.kipris.or.kr/openapi/fileToss.jsp?arg=75a63eed5a438998f9dc3380f5cb642cd56dcb0e0f0995b0b9420cad9c5990e068550a177cec7d2e16ecd0e8ec6a78db4162bc7feeaaa061,http://plus.kipris.or.kr/openapi/fileToss.jsp?arg=75a63eed5a438998f9dc3380f5cb642cd56dcb0e0f0995b0187836737e94fb396332e3fa732ce845f8c27c7491e8a675f55d128cb405dcf9,0.8401846885681152,0.8093702793121338,0.8309403657913208,0
914,3020000010996-09-01,3020000004208-09-01,포장용 용기,식음료용 병,http://plus.kipris.or.kr/openapi/fileToss.jsp?arg=75a63eed5a438998f9dc3380f5cb642cd56dcb0e0f0995b0ef3ea9b059e1242154c6c6b21c086873fec4e762b42098f7edda6e53dbafef9e,http://plus.kipris.or.kr/openapi/fileToss.jsp?arg=75a63eed5a438998f9dc3380f5cb642cd56dcb0e0f0995b03069a7817908f14f26c983146bc1b18f48b2122d4f1a6e3b25c213f3d8f48c30,0.6260583400726318,0.8396039009094238,0.6901220083236694,0
915,3020000018090-09-01,3020000019480-09-01,액체 내용물 포장용 용기,포장용 용기,http://plus.kipris.or.kr/openapi/fileToss.jsp?arg=75a63eed5a438998f9dc3380f5cb642cd56dcb0e0f0995b0deac54f8925f4c7db087096564c2a8728b4ce193a9a0b92980ae394eab945535,http://plus.kipris.or.kr/openapi/fileToss.jsp?arg=75a63eed5a438998f9dc3380f5cb642cd56dcb0e0f0995b0f63a2eefd11079d0ccfa5665d6ade32219a211d025177d9b214701410265539f,0.7813567519187927,0.9511533379554749,0.8322957754135132,0
916,3020000007016-09-01,3020000006727-09-01,화장품 용기,세제용 포장용기,http://plus.kipris.or.kr/openapi/fileToss.jsp?arg=75a63eed5a438998f9dc3380f5cb642cd56dcb0e0f0995b0fdcd45318d7ff23c36f1af0f6d6ef803f906a7022218d5ff0deac1536aab848e,http://plus.kipris.or.kr/openapi/fileToss.jsp?arg=75a63eed5a438998f9dc3380f5cb642cd56dcb0e0f0995b0187836737e94fb3936dc5400ed0040d0d21887e1a0ec868014a5c4c418404460,0.8547861576080322,0.8295599818229675,0.8472182750701904,0
917,3020000029615-09-01,3020000019759-09-01,스프레이어(SPRAYER),화장품 포장용 병,http://plus.kipris.or.kr/openapi/fileToss.jsp?arg=75a63eed5a438998f9dc3380f5cb642cd56dcb0e0f0995b011f68ef22f394dd21b3c346cdf3ea013a2bcb65128e402053794378b4de24d45,http://plus.kipris.or.kr/openapi/fileToss.jsp?arg=75a63eed5a438998f9dc3380f5cb642cd56dcb0e0f0995b0f63a2eefd11079d006f4cd70f75e4ac610bfc3abe14df3d3cf81e53ddc6a5390,0.8630894422531128,0.7772636413574219,0.8373416662216187,0
918,3020000006438-09-01,3020000028255-09-01,화장품용기,화장품 용기,http://plus.kipris.or.kr/openapi/fileToss.jsp?arg=75a63eed5a438998f9dc3380f5cb642cd56dcb0e0f0995b0187836737e94fb39d6735824be9a53a7e1edc7ee54fa0b09985db5b11784e3ea,http://plus.kipris.or.kr/openapi/fileToss.jsp?arg=75a63eed5a438998f9dc3380f5cb642cd56dcb0e0f0995b0227542a1f24a736184b9181791c18e4f2d2c91fc50ed9a700cc0b34f797c55b2,0.8744007349014282,0.9281936883926392,0.8905386328697205,0
919,3020000004296-09-01,3020000011001-09-01,화장품 용기,포장용 용기,http://plus.kipris.or.kr/openapi/fileToss.jsp?arg=75a63eed5a438998f9dc3380f5cb642cd56dcb0e0f0995b03069a7817908f14f5c65ec4818929027a3ece765a8170719cb8e23e219c15ea5,http://plus.kipris.or.kr/openapi/fileToss.jsp?arg=75a63eed5a438998f9dc3380f5cb642cd56dcb0e0f0995b070abdd713d0b290aa6f312245d3a82ee762249b201b11d966d45fe514464c9dc,0.7995542287826538,0.8661625981330872,0.8195368051528931,0
920,3020000009396-09-01,3020000027874-09-01,화장품 용기,포장용용기,http://plus.kipris.or.kr/openapi/fileToss.jsp?arg=75a63eed5a438998f9dc3380f5cb642cd56dcb0e0f0995b073590199e4f1dc1639c043446a843f3470496d74c2a4c07b4f152536584236b9,http://plus.kipris.or.kr/openapi/fileToss.jsp?arg=75a63eed5a438998f9dc3380f5cb642cd56dcb0e0f0995b01b6467bd697fe99c3417ef7c1899dbda805e0d76a677f7ef37bdf87c7daa7bb5,0.856674075126648,0.8594528436660767,0.8575077056884766,0
921,3020000029872-09-01,3020000012912-09-01,화장품용기,포장용 용기,http://plus.kipris.or.kr/openapi/fileToss.jsp?arg=75a63eed5a438998f9dc3380f5cb642cd56dcb0e0f0995b011f68ef22f394dd26a964075748e6c189291de851176d71ceb6fda171cecf1cc,http://plus.kipris.or.kr/openapi/fileToss.jsp?arg=75a63eed5a438998f9dc3380f5cb642cd56dcb0e0f0995b08964a6c84ce8cbe13965058d78ed76d452689b01fcf4a5434aac095c04a3d875,0.8280398845672607,0.7374109029769897,0.8008512258529663,0
922,3020000023871-09-01,3020000021814-09-01,향수용기,화장품 용기,http://plus.kipris.or.kr/openapi/fileToss.jsp?arg=75a63eed5a438998f9dc3380f5cb642cd56dcb0e0f0995b09b1f6789fb9751245383ec1ea175fde304e93e48583e0350520aff46052e8410,http://plus.kipris.or.kr/openapi/fileToss.jsp?arg=75a63eed5a438998f9dc3380f5cb642cd56dcb0e0f0995b006449c7f1c85a4a7187d3aa3a76c31b36db896118971bd3f42504372af626fd9,0.8318679332733154,0.8283138275146484,0.8308016657829285,0
923,3020000000039-09-01,3020000006173-09-01,포장용 병,음료수 용기,http://plus.kipris.or.kr/openapi/fileToss.jsp?arg=75a63eed5a438998f9dc3380f5cb642cd56dcb0e0f0995b0cc72ed919b342300e663df0ee35bc8c6f313984ff39eaf8e3c54bedf18f8dc36,http://plus.kipris.or.kr/openapi/fileToss.jsp?arg=75a63eed5a438998f9dc3380f5cb642cd56dcb0e0f0995b0187836737e94fb39845672cd5824903a402d9dab6f5279e6fc75dc79a93f83c4,0.7573254108428955,0.7696802616119385,0.7610318660736084,0
924,3020000033314-09-01,3020000017499-09-01,포장용 용기,포장용 용기,http://plus.kipris.or.kr/openapi/fileToss.jsp?arg=75a63eed5a438998f9dc3380f5cb642cd56dcb0e0f0995b0f32787804da8b7ad8e33740856216fb39dc532a3e2d090b293cb79e3ba362770,http://plus.kipris.or.kr/openapi/fileToss.jsp?arg=75a63eed5a438998f9dc3380f5cb642cd56dcb0e0f0995b0d8ee6709638b6fa1ae2fc3835c730b0f7499aab326990e3e5eb80c85ff836283,0.8519464731216431,0.9435420036315918,0.8794251680374146,0
925,3020000015283-09-01,3020000016998-09-01,화장품 용기,포장용 용기,http://plus.kipris.or.kr/openapi/fileToss.jsp?arg=75a63eed5a438998f9dc3380f5cb642cd56dcb0e0f0995b07ba686bc001e12b75d136b4df6d33bb5e8005246d5d2fdb99c185d234961bb1c,http://plus.kipris.or.kr/openapi/fileToss.jsp?arg=75a63eed5a438998f9dc3380f5cb642cd56dcb0e0f0995b0edd65ac4880d0f0cc2c085a4246e7b663e595944c7ecaccf7e2c01005e849ac9,0.7785574793815613,0.8427177667617798,0.7978055477142334,0
926,3020000013863-09-01,3020000018351-09-01,포장용 용기,화장품 용기,http://plus.kipris.or.kr/openapi/fileToss.jsp?arg=75a63eed5a438998f9dc3380f5cb642cd56dcb0e0f0995b0bdcfae06342df685f8cbf1fb50c4736d6ca4029587136d1070438d25be69e99c,http://plus.kipris.or.kr/openapi/fileToss.jsp?arg=75a63eed5a438998f9dc3380f5cb642cd56dcb0e0f0995b0deac54f8925f4c7d59f6c908e7f385a3ccff19416943de8d94e13a2463382e0a,0.7807490229606628,0.8389483094215393,0.7982088327407837,0
927,3020000002988-09-01,3020000000639-09-01,화장품 용기,화장품용기,http://plus.kipris.or.kr/openapi/fileToss.jsp?arg=75a63eed5a438998f9dc3380f5cb642cd56dcb0e0f0995b0680d52483fc7b07d6fe290517ec135e74f9e3dd1bc7c81cb886b296530fa6cb0,http://plus.kipris.or.kr/openapi/fileToss.jsp?arg=75a63eed5a438998f9dc3380f5cb642cd56dcb0e0f0995b0cc72ed919b34230099f327e961a5ac51ae48af4135c23fab99388eb6909d45b8,0.8031162023544312,0.9333281517028809,0.8421797752380371,0
928,3020000002022-09-01,3020000021422-09-01,포장용용기,화장품 용기,http://plus.kipris.or.kr/openapi/fileToss.jsp?arg=75a63eed5a438998f9dc3380f5cb642cd56dcb0e0f0995b0680d52483fc7b07dce8cf928834fb57d8b35fe69e56e6a1ffa3ccd13e0986ecd,http://plus.kipris.or.kr/openapi/fileToss.jsp?arg=75a63eed5a438998f9dc3380f5cb642cd56dcb0e0f0995b006449c7f1c85a4a7e93b067df666c42493cd6ac1ba8fe92eeb227bfccd0650be,0.7139926552772522,0.8235985040664673,0.7468743920326233,0
929,3020000015341-09-01,3020000019758-09-01,포장용용기,화장품 포장용 병,http://plus.kipris.or.kr/openapi/fileToss.jsp?arg=75a63eed5a438998f9dc3380f5cb642cd56dcb0e0f0995b07ba686bc001e12b775060f5fe4c5113b2881bebb645c6d6d1646d124dbc7f4bc,http://plus.kipris.or.kr/openapi/fileToss.jsp?arg=75a63eed5a438998f9dc3380f5cb642cd56dcb0e0f0995b0f63a2eefd11079d006f4cd70f75e4ac6265a23764f163feaaf2d179f55740a51,0.7028343677520752,0.9018322229385376,0.7625337243080139,0
930,3020000004296-09-01,3020000032583-09-01,화장품 용기,화장품 용기,http://plus.kipris.or.kr/openapi/fileToss.jsp?arg=75a63eed5a438998f9dc3380f5cb642cd56dcb0e0f0995b03069a7817908f14f5c65ec4818929027a3ece765a81707194f18da0609ded416,http://plus.kipris.or.kr/openapi/fileToss.jsp?arg=75a63eed5a438998f9dc3380f5cb642cd56dcb0e0f0995b056fef538e42de114c938f9d32b974d9747ea4b93bd843ea785d36e577249525b,0.8765172362327576,0.9667347073554993,0.9035824537277222,0
931,3020000022802-09-01,3020000015388-09-01,화장품 용기,화장품 용기,http://plus.kipris.or.kr/openapi/fileToss.jsp?arg=75a63eed5a438998f9dc3380f5cb642cd56dcb0e0f0995b02e6ec20e9488ca6644c75fa6ac71ce2ddfb25e1d5721ab154df3c5700dede665,http://plus.kipris.or.kr/openapi/fileToss.jsp?arg=75a63eed5a438998f9dc3380f5cb642cd56dcb0e0f0995b07ba686bc001e12b78250fd8339f4eec1965fe05fc5d6d3d02699c346be61f164,0.6936273574829102,0.9334981441497803,0.7655885815620422,0
932,3020000001717-09-01,3020000008855-09-01,화장품 용기,화장품 용기,http://plus.kipris.or.kr/openapi/fileToss.jsp?arg=75a63eed5a438998f9dc3380f5cb642cd56dcb0e0f0995b0b700f0235c7824b0816073cd945e8ed688343ee5b4af28a7e81263e5c935ee4b,http://plus.kipris.or.kr/openapi/fileToss.jsp?arg=75a63eed5a438998f9dc3380f5cb642cd56dcb0e0f0995b06226a1b53136408c77446a31574122b0d4ee255adde4503b96b680020639fcf9,0.806787371635437,0.9391040802001953,0.8464823961257935,0
933,3020000030584-09-01,3020000030701-09-01,포장용 병,음료수 병,http://plus.kipris.or.kr/openapi/fileToss.jsp?arg=75a63eed5a438998f9dc3380f5cb642cd56dcb0e0f0995b0b9420cad9c5990e068550a177cec7d2edc1565c58296d37fbe6a58bf9fe8a6a8,http://plus.kipris.or.kr/openapi/fileToss.jsp?arg=75a63eed5a438998f9dc3380f5cb642cd56dcb0e0f0995b0b9420cad9c5990e0b9dddcdc7170a076e2534647fede03cee2c631edeb6d7eec,0.9181003570556641,0.875961184501648,0.9054585695266724,0
934,3020000025777-09-01,3020000029879-09-01,화장품 용기,화장품용기,http://plus.kipris.or.kr/openapi/fileToss.jsp?arg=75a63eed5a438998f9dc3380f5cb642cd56dcb0e0f0995b07a28099d0ef98e17b856995e50d7dd6b930e7b2715be9f66e92b30bca84644ef,http://plus.kipris.or.kr/openapi/fileToss.jsp?arg=75a63eed5a438998f9dc3380f5cb642cd56dcb0e0f0995b011f68ef22f394dd26a964075748e6c1809aa21b6b39ae6772bbdc1b177faf3d8,0.8994842767715454,0.942060112953186,0.9122570157051086,0
935,3020000021678-09-01,3020000033313-09-01,포장용 용기,포장용 용기,http://plus.kipris.or.kr/openapi/fileToss.jsp?arg=75a63eed5a438998f9dc3380f5cb642cd56dcb0e0f0995b006449c7f1c85a4a76082ed448bf618402e55be811569258961c47b67cc4e5b94,http://plus.kipris.or.kr/openapi/fileToss.jsp?arg=75a63eed5a438998f9dc3380f5cb642cd56dcb0e0f0995b0f32787804da8b7ad8e33740856216fb3c0172fd44f6571277d42be69e788d738,0.8327321410179138,0.8525947332382202,0.8386909365653992,0
936,3020000017303-09-01,3020000030698-09-01,포장용 용기,음료용 병,http://plus.kipris.or.kr/openapi/fileToss.jsp?arg=75a63eed5a438998f9dc3380f5cb642cd56dcb0e0f0995b0d8ee6709638b6fa147789b22cdad6984fdb60cdcfad1b371ffee3401267ce147,http://plus.kipris.or.kr/openapi/fileToss.jsp?arg=75a63eed5a438998f9dc3380f5cb642cd56dcb0e0f0995b0b9420cad9c5990e0fedfec3ce9cb4a02f555a1df4c240a2e0577b760fcb20c08,0.8366933465003967,0.8431857228279114,0.8386410474777222,0
937,3020000005652-09-01,3020000013861-09-01,포장용 용기,포장용 용기,http://plus.kipris.or.kr/openapi/fileToss.jsp?arg=75a63eed5a438998f9dc3380f5cb642cd56dcb0e0f0995b08fe3e6d10b56cc3dd860bdd2e2498e9ae78cdee054c9d58fdd0c6a37c2e09905,http://plus.kipris.or.kr/openapi/fileToss.jsp?arg=75a63eed5a438998f9dc3380f5cb642cd56dcb0e0f0995b0bdcfae06342df685f8cbf1fb50c4736df158b570b2989fbfcb2b4ac14a8d4376,0.8045608401298523,0.9615781307220459,0.8516660928726196,0
938,3020000031742-09-01,3020000014721-09-01,포장용 가스용기,음료수병,http://plus.kipris.or.kr/openapi/fileToss.jsp?arg=75a63eed5a438998f9dc3380f5cb642cd56dcb0e0f0995b089d7a621b89857a2487dbffde70e585a9b162c2a17b0815d66a497f3f0f6dc40,http://plus.kipris.or.kr/openapi/fileToss.jsp?arg=75a63eed5a438998f9dc3380f5cb642cd56dcb0e0f0995b0606f4df1f99f408147acd64ca7a100afd02dddd10af2d0c381a63d6e249219b4,0.7652974128723145,0.7007771134376526,0.7459413409233093,0
939,3020000028555-09-01,3020000031065-09-01,향수병{PERFUME BOTTLE},화장품 용기,http://plus.kipris.or.kr/openapi/fileToss.jsp?arg=75a63eed5a438998f9dc3380f5cb642cd56dcb0e0f0995b0227542a1f24a73610c8bbe2556fb255ef8db2587fe0aeba6dfce758e6e0e687d,http://plus.kipris.or.kr/openapi/fileToss.jsp?arg=75a63eed5a438998f9dc3380f5cb642cd56dcb0e0f0995b089d7a621b89857a24e563e71b55eadeece1d1222c27c878b20ef77589ad18842,0.9100960493087769,0.7754285931587219,0.869695782661438,0
940,3020000028348-09-01,3020000033180-09-01,포장용 용기,샴푸용기,http://plus.kipris.or.kr/openapi/fileToss.jsp?arg=75a63eed5a438998f9dc3380f5cb642cd56dcb0e0f0995b0227542a1f24a736155db84a290cc09d09a49a855342dcf7e96946dc7249398ac,http://plus.kipris.or.kr/openapi/fileToss.jsp?arg=75a63eed5a438998f9dc3380f5cb642cd56dcb0e0f0995b0f32787804da8b7ad453014fa1c02db95feda83a3e23f4f978e2be156b82b6d55,0.6524455547332764,0.7005658149719238,0.6668816208839417,0
941,3020000006442-09-01,3020000029919-09-01,화장품용기,화장품 용기,http://plus.kipris.or.kr/openapi/fileToss.jsp?arg=75a63eed5a438998f9dc3380f5cb642cd56dcb0e0f0995b0187836737e94fb39d0891ba1d3de6d92b749723166fb510a788197265e09e649,http://plus.kipris.or.kr/openapi/fileToss.jsp?arg=75a63eed5a438998f9dc3380f5cb642cd56dcb0e0f0995b011f68ef22f394dd2f0b8046f71cf13a1b9d33cb8e90205882f8f6e7a7d8ef0e1,0.7383006811141968,0.8759987354278564,0.7796100974082947,0
942,3020000006440-09-01,3020000011558-09-01,화장품 용기,술병,http://plus.kipris.or.kr/openapi/fileToss.jsp?arg=75a63eed5a438998f9dc3380f5cb642cd56dcb0e0f0995b0187836737e94fb39d0891ba1d3de6d9214a91301abb9ab3230591a0d5c02d8b7,http://plus.kipris.or.kr/openapi/fileToss.jsp?arg=75a63eed5a438998f9dc3380f5cb642cd56dcb0e0f0995b070abdd713d0b290a44af382d81afbb12e7c9bd040680775c0ef9944cdad75405,0.7542264461517334,0.7688256502151489,0.7586061954498291,0
943,3020000024557-09-01,3020000022803-09-01,화장품 용기,화장품 용기,http://plus.kipris.or.kr/openapi/fileToss.jsp?arg=75a63eed5a438998f9dc3380f5cb642cd56dcb0e0f0995b005b3db6b458aa73b5f84b5e88bb806fd701ec43f9850a077b8ff7283ca9a1587,http://plus.kipris.or.kr/openapi/fileToss.jsp?arg=75a63eed5a438998f9dc3380f5cb642cd56dcb0e0f0995b02e6ec20e9488ca6644c75fa6ac71ce2d8057436539fb08fc8b94dd46d0d25cde,0.8269042372703552,0.9480578899383545,0.8632503747940063,0
944,3020000031698-09-01,3020000014636-09-01,화장품용기,포장용 병,http://plus.kipris.or.kr/openapi/fileToss.jsp?arg=75a63eed5a438998f9dc3380f5cb642cd56dcb0e0f0995b089d7a621b89857a2fe66ea06c9f515a9995802f2cd000e19aefe1b01a6925ef5,http://plus.kipris.or.kr/openapi/fileToss.jsp?arg=75a63eed5a438998f9dc3380f5cb642cd56dcb0e0f0995b0606f4df1f99f40812b87e9c8a19dc7be1036d90f246e56e9a5ed2127dd82bdd0,0.8188455104827881,0.8215354681015015,0.8196524381637573,0
945,3020000015284-09-01,3020000011029-09-01,화장품 용기,음료 포장용 병,http://plus.kipris.or.kr/openapi/fileToss.jsp?arg=75a63eed5a438998f9dc3380f5cb642cd56dcb0e0f0995b07ba686bc001e12b75d136b4df6d33bb5919118e79bdfe43b5139e4a305745bf3,http://plus.kipris.or.kr/openapi/fileToss.jsp?arg=75a63eed5a438998f9dc3380f5cb642cd56dcb0e0f0995b070abdd713d0b290ada1a9beb49be1f147b571f7e3467ed9bc2d53ccaece67d8a,0.8034312725067139,0.8073967099189758,0.8046209216117859,0
946,3020000026844-09-01,3020000014636-09-01,화장품 용기,포장용 병,http://plus.kipris.or.kr/openapi/fileToss.jsp?arg=75a63eed5a438998f9dc3380f5cb642cd56dcb0e0f0995b035c516d305aed14571243152256c21dad8a464247adf2be420e5a7cef661b877,http://plus.kipris.or.kr/openapi/fileToss.jsp?arg=75a63eed5a438998f9dc3380f5cb642cd56dcb0e0f0995b0606f4df1f99f40812b87e9c8a19dc7be1036d90f246e56e964930ba203e216d2,0.7968905568122864,0.8228920698165894,0.804690957069397,0
947,3020000030701-09-01,3020000030701-09-01,음료수 병,음료수 병,http://plus.kipris.or.kr/openapi/fileToss.jsp?arg=75a63eed5a438998f9dc3380f5cb642cd56dcb0e0f0995b0b9420cad9c5990e0b9dddcdc7170a076e2534647fede03ce628e3f7eae6bf573,http://plus.kipris.or.kr/openapi/fileToss.jsp?arg=75a63eed5a438998f9dc3380f5cb642cd56dcb0e0f0995b0b9420cad9c5990e0b9dddcdc7170a076e2534647fede03ce9b10442af42e7f91,0.7984482645988464,1.0000001192092896,0.858913779258728,1
948,3020000024951-09-01,3020000022036-09-01,크림용기,순간접착제용 용기,http://plus.kipris.or.kr/openapi/fileToss.jsp?arg=75a63eed5a438998f9dc3380f5cb642cd56dcb0e0f0995b005b3db6b458aa73be2c5f00e2cd5aa817bedf7b1a2dee2d2fb4ac69b9ca48444,http://plus.kipris.or.kr/openapi/fileToss.jsp?arg=75a63eed5a438998f9dc3380f5cb642cd56dcb0e0f0995b02e6ec20e9488ca665918ec678ad60b7f45ee3a721ada425d8152fecf3bf738e5,0.9342597126960754,0.8117290735244751,0.8975005149841309,0
949,3020000017679-09-01,3020000028555-09-01,화장품 용기,향수병{PERFUME BOTTLE},http://plus.kipris.or.kr/openapi/fileToss.jsp?arg=75a63eed5a438998f9dc3380f5cb642cd56dcb0e0f0995b0d8ee6709638b6fa1301e6f2c98fb3cd7a3bb760df179f32f60cfd7a5844a25c8,http://plus.kipris.or.kr/openapi/fileToss.jsp?arg=75a63eed5a438998f9dc3380f5cb642cd56dcb0e0f0995b0227542a1f24a73610c8bbe2556fb255ef8db2587fe0aeba6976e6f6bef2274c0,0.8628337383270264,0.745335578918457,0.8275842666625977,0
950,3020000029878-09-01,3020000011907-09-01,화장품용기,포장용 용기,http://plus.kipris.or.kr/openapi/fileToss.jsp?arg=75a63eed5a438998f9dc3380f5cb642cd56dcb0e0f0995b011f68ef22f394dd26a964075748e6c18658a49f80968cb3efcec971907002c4d,http://plus.kipris.or.kr/openapi/fileToss.jsp?arg=75a63eed5a438998f9dc3380f5cb642cd56dcb0e0f0995b070abdd713d0b290a0b1bd5557f830a4975f4d67bdf33d12fe1bfeaf115e2be98,0.8168768882751465,0.7628651261329651,0.8006733655929565,0
951,3020000004296-09-01,3020000021438-09-01,화장품 용기,포장용용기,http://plus.kipris.or.kr/openapi/fileToss.jsp?arg=75a63eed5a438998f9dc3380f5cb642cd56dcb0e0f0995b03069a7817908f14f5c65ec4818929027a3ece765a8170719942cc024c53f941b,http://plus.kipris.or.kr/openapi/fileToss.jsp?arg=75a63eed5a438998f9dc3380f5cb642cd56dcb0e0f0995b006449c7f1c85a4a77af12798cb61bd12e9ee25a7f9a1aa6f28e5af7258bf1d14,0.8886270523071289,0.7696272134780884,0.8529270887374878,0
952,3020000028254-09-01,3020000013861-09-01,화장품 용기,포장용 용기,http://plus.kipris.or.kr/openapi/fileToss.jsp?arg=75a63eed5a438998f9dc3380f5cb642cd56dcb0e0f0995b0227542a1f24a736184b9181791c18e4fa67ec61a2b27ea41a6185669c05e3ec8,http://plus.kipris.or.kr/openapi/fileToss.jsp?arg=75a63eed5a438998f9dc3380f5cb642cd56dcb0e0f0995b0bdcfae06342df685f8cbf1fb50c4736df158b570b2989fbf302a807d7987e725,0.7539424896240234,0.856967568397522,0.784850001335144,0
953,3020000022802-09-01,3020000018767-09-01,화장품 용기,음료병,http://plus.kipris.or.kr/openapi/fileToss.jsp?arg=75a63eed5a438998f9dc3380f5cb642cd56dcb0e0f0995b02e6ec20e9488ca6644c75fa6ac71ce2ddfb25e1d5721ab15f90976519a534a4a,http://plus.kipris.or.kr/openapi/fileToss.jsp?arg=75a63eed5a438998f9dc3380f5cb642cd56dcb0e0f0995b0deac54f8925f4c7dff73e655a395ca11d28cbcfed16a1af19cc85bb450af5722,0.8461289405822754,0.6307516098022461,0.7815157175064087,0
954,3020000000778-09-01,3020000017303-09-01,포장용 용기,포장용 용기,http://plus.kipris.or.kr/openapi/fileToss.jsp?arg=75a63eed5a438998f9dc3380f5cb642cd56dcb0e0f0995b0cc72ed919b3423003267d3a705c3e4d98f27ea2c522497ce5b30209237f779ac,http://plus.kipris.or.kr/openapi/fileToss.jsp?arg=75a63eed5a438998f9dc3380f5cb642cd56dcb0e0f0995b0d8ee6709638b6fa147789b22cdad6984fdb60cdcfad1b371cbe942344a790613,0.8677924871444702,0.8894569873809814,0.8742918372154236,0
955,3020000006610-09-01,3020000030604-09-01,화장품 용기,화장품 용기,http://plus.kipris.or.kr/openapi/fileToss.jsp?arg=75a63eed5a438998f9dc3380f5cb642cd56dcb0e0f0995b0187836737e94fb395ddfdaf352f7ad6a113f739e743d6b3b3d8dda38fd773007,http://plus.kipris.or.kr/openapi/fileToss.jsp?arg=75a63eed5a438998f9dc3380f5cb642cd56dcb0e0f0995b0b9420cad9c5990e05592e1ba158996cfd96ec4d5b728a44a2b0eddf612b68c91,0.7319832444190979,0.8823022842407227,0.7770789861679077,0
956,3020000012111-09-01,3020000026567-09-01,드링크 병,화장품 용기,http://plus.kipris.or.kr/openapi/fileToss.jsp?arg=75a63eed5a438998f9dc3380f5cb642cd56dcb0e0f0995b08964a6c84ce8cbe1c4d769ac6125c6604cb8fb2387c071ba21485da29342a5cf,http://plus.kipris.or.kr/openapi/fileToss.jsp?arg=75a63eed5a438998f9dc3380f5cb642cd56dcb0e0f0995b035c516d305aed145c7f1101716b813f88495dcf894aa37038d5c7fc7588f1d9f,0.7675222754478455,0.6900901794433594,0.744292676448822,0
957,3020000029850-09-01,3020000016041-09-01,화장품 용기,포장용 통,http://plus.kipris.or.kr/openapi/fileToss.jsp?arg=75a63eed5a438998f9dc3380f5cb642cd56dcb0e0f0995b011f68ef22f394dd236632737541405a7ab0a694fe030fe05961ed1bd654d67fe,http://plus.kipris.or.kr/openapi/fileToss.jsp?arg=75a63eed5a438998f9dc3380f5cb642cd56dcb0e0f0995b0edd65ac4880d0f0c166bfa7c9e52a4a83b203a7f5192e6eba874fbec5d86818b,0.8546992540359497,0.8321880102157593,0.8479459285736084,0
958,3020000021952-09-01,3020000007584-09-01,포장용기,화장품 용기,http://plus.kipris.or.kr/openapi/fileToss.jsp?arg=75a63eed5a438998f9dc3380f5cb642cd56dcb0e0f0995b006449c7f1c85a4a78b7c1a7242ae14e9e8b76585bb2195b24a72f5668eb83fe6,http://plus.kipris.or.kr/openapi/fileToss.jsp?arg=75a63eed5a438998f9dc3380f5cb642cd56dcb0e0f0995b0fdcd45318d7ff23cbe8f9d6b58b35c17b9be175719b4f01499a64b2707ac34e2,0.7824922800064087,0.8057467341423035,0.7894685864448547,0
959,3020000011001-09-01,3020000007014-09-01,포장용 용기,화장품 용기,http://plus.kipris.or.kr/openapi/fileToss.jsp?arg=75a63eed5a438998f9dc3380f5cb642cd56dcb0e0f0995b070abdd713d0b290aa6f312245d3a82ee762249b201b11d965cab09a02393e6d6,http://plus.kipris.or.kr/openapi/fileToss.jsp?arg=75a63eed5a438998f9dc3380f5cb642cd56dcb0e0f0995b0fdcd45318d7ff23c36f1af0f6d6ef8038c2a5436c7df5cebfff55f5774606def,0.8404459953308105,0.8458126783370972,0.8420560359954834,0
960,3020000018872-09-01,3020000006438-09-01,화장품 용기,화장품용기,http://plus.kipris.or.kr/openapi/fileToss.jsp?arg=75a63eed5a438998f9dc3380f5cb642cd56dcb0e0f0995b0deac54f8925f4c7d01c27b3b9348c7972ae570bc5f1beadc0fa37e30045cf1e5,http://plus.kipris.or.kr/openapi/fileToss.jsp?arg=75a63eed5a438998f9dc3380f5cb642cd56dcb0e0f0995b0187836737e94fb39d6735824be9a53a7e1edc7ee54fa0b0940374df3da8e37d0,0.7794170379638672,0.9535678625106812,0.8316622972488403,0
961,3020000030843-09-01,3020000022024-09-01,화장품용기,포장용 병,http://plus.kipris.or.kr/openapi/fileToss.jsp?arg=75a63eed5a438998f9dc3380f5cb642cd56dcb0e0f0995b0b9420cad9c5990e0a4a05627aedca40ca750b1c56ce2af319ad9d51e18136680,http://plus.kipris.or.kr/openapi/fileToss.jsp?arg=75a63eed5a438998f9dc3380f5cb642cd56dcb0e0f0995b02e6ec20e9488ca66d73e29b516cdfdccc04ca8c45c727efed8298870350dcf8e,0.7743059396743774,0.8099592924118042,0.7850019335746765,0
962,3020000000638-09-01,3020000004095-09-01,화장품용기,화장품용기,http://plus.kipris.or.kr/openapi/fileToss.jsp?arg=75a63eed5a438998f9dc3380f5cb642cd56dcb0e0f0995b0cc72ed919b34230099f327e961a5ac512f1a2de92956eab09c45325a18bce387,http://plus.kipris.or.kr/openapi/fileToss.jsp?arg=75a63eed5a438998f9dc3380f5cb642cd56dcb0e0f0995b03069a7817908f14f4572c71c40a02c1b29a3e9914aba67c680bc8f5c81244470,0.764247715473175,0.9544771313667297,0.8213165402412415,0
963,3020000031692-09-01,3020000018221-09-01,포장용 용기,포장용 용기,http://plus.kipris.or.kr/openapi/fileToss.jsp?arg=75a63eed5a438998f9dc3380f5cb642cd56dcb0e0f0995b089d7a621b89857a2fe66ea06c9f515a9b20945a4ed5906a49e28885c552e49dd,http://plus.kipris.or.kr/openapi/fileToss.jsp?arg=75a63eed5a438998f9dc3380f5cb642cd56dcb0e0f0995b0deac54f8925f4c7d4987cce9cfe8722f2003dddbc81cfbeab0893145e49e7651,0.8584529757499695,0.9432010650634766,0.8838773965835571,0
964,3020000033444-09-01,3020000012601-09-01,샴푸용기,세제용 용기,http://plus.kipris.or.kr/openapi/fileToss.jsp?arg=75a63eed5a438998f9dc3380f5cb642cd56dcb0e0f0995b0f32787804da8b7ada2d771db11230ee4e87c7e16445051636fd484f9215ba1d6,http://plus.kipris.or.kr/openapi/fileToss.jsp?arg=75a63eed5a438998f9dc3380f5cb642cd56dcb0e0f0995b08964a6c84ce8cbe168aabef1f58be13cce1ea850f9b201c5e0e7d054bccb9b4e,0.7306647300720215,0.780569314956665,0.7456361055374146,0
965,3020000006438-09-01,3020000010608-09-01,화장품용기,향수용기,http://plus.kipris.or.kr/openapi/fileToss.jsp?arg=75a63eed5a438998f9dc3380f5cb642cd56dcb0e0f0995b0187836737e94fb39d6735824be9a53a7e1edc7ee54fa0b09a86bf2ceecdd3952,http://plus.kipris.or.kr/openapi/fileToss.jsp?arg=75a63eed5a438998f9dc3380f5cb642cd56dcb0e0f0995b0ef3ea9b059e12421ac8898e2abf04f2abfe0c93f850ea72419ebe70c720511e8,0.7513871192932129,0.8263105154037476,0.7738641500473022,0
966,3020000023255-09-01,3020000015612-09-01,식품용용기,화장품 용기,http://plus.kipris.or.kr/openapi/fileToss.jsp?arg=75a63eed5a438998f9dc3380f5cb642cd56dcb0e0f0995b09b1f6789fb975124ddde99bf437cdce8167068b4ae391de35bf196d892bd495e,http://plus.kipris.or.kr/openapi/fileToss.jsp?arg=75a63eed5a438998f9dc3380f5cb642cd56dcb0e0f0995b07ba686bc001e12b776336c19178a59c168e3c4951e2c2c0a2df7056e32a6d74c,0.8345372676849365,0.8298244476318359,0.8331233859062195,0
967,3020000028282-09-01,3020000018766-09-01,포장용 용기,음료병,http://plus.kipris.or.kr/openapi/fileToss.jsp?arg=75a63eed5a438998f9dc3380f5cb642cd56dcb0e0f0995b0227542a1f24a7361c5f2b82111502f219a26afd797e95518f88ffea539e68cd9,http://plus.kipris.or.kr/openapi/fileToss.jsp?arg=75a63eed5a438998f9dc3380f5cb642cd56dcb0e0f0995b0deac54f8925f4c7dff73e655a395ca11482114226fa5828882f9c05c7c949ca6,0.8651725053787231,0.6751247644424438,0.8081581592559814,0
968,3020000030881-09-01,3020000032063-09-01,화장품 용기,화장품 함,http://plus.kipris.or.kr/openapi/fileToss.jsp?arg=75a63eed5a438998f9dc3380f5cb642cd56dcb0e0f0995b0b9420cad9c5990e04c31abfa39740297661cfe583bee5c310f424f12d3560a75,http://plus.kipris.or.kr/openapi/fileToss.jsp?arg=75a63eed5a438998f9dc3380f5cb642cd56dcb0e0f0995b056fef538e42de1141cf4f2c1684983873826053939283218a7e10c30db811d3f,0.8327029347419739,0.9305474758148193,0.862056314945221,0
969,3020000002771-09-01,3020000016430-09-01,포장용 음료용기,포장용기,http://plus.kipris.or.kr/openapi/fileToss.jsp?arg=75a63eed5a438998f9dc3380f5cb642cd56dcb0e0f0995b0680d52483fc7b07df0eaa0514f1b3e00d24794910bd1260b6afb478ae7dfe23c,http://plus.kipris.or.kr/openapi/fileToss.jsp?arg=75a63eed5a438998f9dc3380f5cb642cd56dcb0e0f0995b0edd65ac4880d0f0c232cb6b80bc0e8a33808bf7b0bacd52f2ede2d82907c57fa,0.7066812515258789,0.770392894744873,0.7257947325706482,0
970,3020000000843-09-01,3020000030583-09-01,포장용 병,포장용 병,http://plus.kipris.or.kr/openapi/fileToss.jsp?arg=75a63eed5a438998f9dc3380f5cb642cd56dcb0e0f0995b0cc72ed919b342300e99b2acfcc6c677bc38cfbb896b57e9048dd5a26b1c17cec,http://plus.kipris.or.kr/openapi/fileToss.jsp?arg=75a63eed5a438998f9dc3380f5cb642cd56dcb0e0f0995b0b9420cad9c5990e068550a177cec7d2e16ecd0e8ec6a78db3006c47f8103bdca,0.7644686698913574,0.9429322481155396,0.8180077075958252,0
971,3020000018221-09-01,3020000002327-09-01,포장용 용기,화장품용 용기,http://plus.kipris.or.kr/openapi/fileToss.jsp?arg=75a63eed5a438998f9dc3380f5cb642cd56dcb0e0f0995b0deac54f8925f4c7d4987cce9cfe8722f2003dddbc81cfbea736ed4fc3faa1a3d,http://plus.kipris.or.kr/openapi/fileToss.jsp?arg=75a63eed5a438998f9dc3380f5cb642cd56dcb0e0f0995b0680d52483fc7b07d916a4a7b517f831f5a47b9ac00d31aa5f28e22cbabb680ad,0.771178126335144,0.8769338130950928,0.8029048442840576,0
972,3020000021180-09-01,3020000019481-09-01,포장용 용기,포장용 용기,http://plus.kipris.or.kr/openapi/fileToss.jsp?arg=75a63eed5a438998f9dc3380f5cb642cd56dcb0e0f0995b006449c7f1c85a4a78954e4e205fc4f34805d3bebd519101e1da2e0e70c3ed3c5,http://plus.kipris.or.kr/openapi/fileToss.jsp?arg=75a63eed5a438998f9dc3380f5cb642cd56dcb0e0f0995b0f63a2eefd11079d0ccfa5665d6ade322594940fc7daa731dd49614fd7fdf7d7a,0.8378380537033081,0.9492909908294678,0.871273934841156,0
973,3020000002024-09-01,3020000023372-09-01,포장용용기,화장품 용기,http://plus.kipris.or.kr/openapi/fileToss.jsp?arg=75a63eed5a438998f9dc3380f5cb642cd56dcb0e0f0995b0680d52483fc7b07dce8cf928834fb57ddd96de37e6cf724fd4fb5c0b6dfe6735,http://plus.kipris.or.kr/openapi/fileToss.jsp?arg=75a63eed5a438998f9dc3380f5cb642cd56dcb0e0f0995b09b1f6789fb97512449882dd38eee7b70234d8f05dc016cf4241931a4e9300dd6,0.8560105562210083,0.829890251159668,0.8481744527816772,0
974,3020000031825-09-01,3020000024465-09-01,포장용 통,포장용 용기,http://plus.kipris.or.kr/openapi/fileToss.jsp?arg=75a63eed5a438998f9dc3380f5cb642cd56dcb0e0f0995b089d7a621b89857a260d6d19455edef4751e7dff37af5264c3b5d1c8acb4b0554,http://plus.kipris.or.kr/openapi/fileToss.jsp?arg=75a63eed5a438998f9dc3380f5cb642cd56dcb0e0f0995b005b3db6b458aa73be969790f4b87eaa590971886d7a6ca3ed56ab7a22d41b639,0.8302627801895142,0.9165986776351929,0.856163501739502,0
975,3020000033368-09-01,3020000014579-09-01,화장품 용기,화장품 용기,http://plus.kipris.or.kr/openapi/fileToss.jsp?arg=75a63eed5a438998f9dc3380f5cb642cd56dcb0e0f0995b0f32787804da8b7ad040f0c1c9fe98f73f8a44c81d3bee00128ef68db15893a77,http://plus.kipris.or.kr/openapi/fileToss.jsp?arg=75a63eed5a438998f9dc3380f5cb642cd56dcb0e0f0995b0606f4df1f99f4081da884fb4a8264f853de525951de7fb995ffb9b562ce73873,0.8527883291244507,0.9646907448768616,0.8863590955734253,0
976,3020000015830-09-01,3020000015289-09-01,화장품용기,화장품 용기,http://plus.kipris.or.kr/openapi/fileToss.jsp?arg=75a63eed5a438998f9dc3380f5cb642cd56dcb0e0f0995b07ba686bc001e12b7d26e09af6146358c38574e668718dd262782a76ebe05f920,http://plus.kipris.or.kr/openapi/fileToss.jsp?arg=75a63eed5a438998f9dc3380f5cb642cd56dcb0e0f0995b07ba686bc001e12b75d136b4df6d33bb584d7d79f71a4cb7c162dd4525d44a3df,0.8162958025932312,0.8733012676239014,0.8333975076675415,0
977,3020000013865-09-01,3020000019481-09-01,포장용 용기,포장용 용기,http://plus.kipris.or.kr/openapi/fileToss.jsp?arg=75a63eed5a438998f9dc3380f5cb642cd56dcb0e0f0995b0bdcfae06342df685f8cbf1fb50c4736dc7e864ab1e9ff08d171cd8c148e9c000,http://plus.kipris.or.kr/openapi/fileToss.jsp?arg=75a63eed5a438998f9dc3380f5cb642cd56dcb0e0f0995b0f63a2eefd11079d0ccfa5665d6ade322594940fc7daa731d3d2de7c46a20ca22,0.8366748690605164,0.9951935410499573,0.8842304944992065,0
978,3020000027513-09-01,3020000018764-09-01,샴푸 용기,음료병,http://plus.kipris.or.kr/openapi/fileToss.jsp?arg=75a63eed5a438998f9dc3380f5cb642cd56dcb0e0f0995b01b6467bd697fe99c5b52ca7a735e0f06789d15109049a90dd374c8b32d6a4f56,http://plus.kipris.or.kr/openapi/fileToss.jsp?arg=75a63eed5a438998f9dc3380f5cb642cd56dcb0e0f0995b0deac54f8925f4c7dff73e655a395ca11d4fee4764a23fb70baff95c85cee8c49,0.8294345140457153,0.5567660927772522,0.7476339340209961,0
979,3020000011144-09-01,3020000017906-09-01,향수병,화장품 용기,http://plus.kipris.or.kr/openapi/fileToss.jsp?arg=75a63eed5a438998f9dc3380f5cb642cd56dcb0e0f0995b070abdd713d0b290a495f14ebd7c505e21cae541b5885dd24d0ee186bcfcc0993,http://plus.kipris.or.kr/openapi/fileToss.jsp?arg=75a63eed5a438998f9dc3380f5cb642cd56dcb0e0f0995b0d8ee6709638b6fa1182d19b659de8ba0d8f8a423c1711cc869dd8035ddb8b04b,0.8849337100982666,0.7813084125518799,0.8538461327552795,0
980,3020000028259-09-01,3020000024555-09-01,화장품 용기,화장품 용기,http://plus.kipris.or.kr/openapi/fileToss.jsp?arg=75a63eed5a438998f9dc3380f5cb642cd56dcb0e0f0995b0227542a1f24a736184b9181791c18e4f8115a673a00f082d6ac359684b550bbc,http://plus.kipris.or.kr/openapi/fileToss.jsp?arg=75a63eed5a438998f9dc3380f5cb642cd56dcb0e0f0995b005b3db6b458aa73b5f84b5e88bb806fd5a05a0493fbf9dcbc379ea429b4723b7,0.8785958290100098,0.9276002645492554,0.8932971358299255,0
981,3020000015285-09-01,3020000015190-09-01,화장품 용기,음료용기,http://plus.kipris.or.kr/openapi/fileToss.jsp?arg=75a63eed5a438998f9dc3380f5cb642cd56dcb0e0f0995b07ba686bc001e12b75d136b4df6d33bb5ac403f7f7879e011d8643886844bb51b,http://plus.kipris.or.kr/openapi/fileToss.jsp?arg=75a63eed5a438998f9dc3380f5cb642cd56dcb0e0f0995b07ba686bc001e12b7246632b98d0401193c3717f00aa55808ffeea4fcfbc89edf,0.945867121219635,0.6074546575546265,0.8443434238433838,0
982,3020000031087-09-01,3020000004296-09-01,포장용기,화장품 용기,http://plus.kipris.or.kr/openapi/fileToss.jsp?arg=75a63eed5a438998f9dc3380f5cb642cd56dcb0e0f0995b089d7a621b89857a2a6e995ef25b4de53b033069178f770580e91a6487c86d2df,http://plus.kipris.or.kr/openapi/fileToss.jsp?arg=75a63eed5a438998f9dc3380f5cb642cd56dcb0e0f0995b03069a7817908f14f5c65ec4818929027a3ece765a81707193b309a9db32334cc,0.8177791833877563,0.8456748723983765,0.8261478543281555,0
983,3020000012912-09-01,3020000026844-09-01,포장용 용기,화장품 용기,http://plus.kipris.or.kr/openapi/fileToss.jsp?arg=75a63eed5a438998f9dc3380f5cb642cd56dcb0e0f0995b08964a6c84ce8cbe13965058d78ed76d452689b01fcf4a5434aac095c04a3d875,http://plus.kipris.or.kr/openapi/fileToss.jsp?arg=75a63eed5a438998f9dc3380f5cb642cd56dcb0e0f0995b035c516d305aed14571243152256c21dad8a464247adf2be48adf236ce1e1434e,0.804684042930603,0.7262563109397888,0.7811557054519653,0
984,3020000010994-09-01,3020000023571-09-01,포장용 용기,세제용 용기,http://plus.kipris.or.kr/openapi/fileToss.jsp?arg=75a63eed5a438998f9dc3380f5cb642cd56dcb0e0f0995b0ef3ea9b059e1242154c6c6b21c0868739071209d4ac9b295557a84f7d2dc2c5e,http://plus.kipris.or.kr/openapi/fileToss.jsp?arg=75a63eed5a438998f9dc3380f5cb642cd56dcb0e0f0995b09b1f6789fb9751240005454de4ce8fd157be609d7636893f3dcf652d5d9fafb0,0.8130678534507751,0.9112839698791504,0.8425326347351074,0
985,3020000019784-09-01,3020000030008-09-01,식품포장용기,포장용 술병,http://plus.kipris.or.kr/openapi/fileToss.jsp?arg=75a63eed5a438998f9dc3380f5cb642cd56dcb0e0f0995b0f63a2eefd11079d0981ed2fff931e701fbc7d790be4e30320652be14b5a78fef,http://plus.kipris.or.kr/openapi/fileToss.jsp?arg=75a63eed5a438998f9dc3380f5cb642cd56dcb0e0f0995b0b9420cad9c5990e0672c1f955478a2c8edc8866b796d29a604c493d52bc109e0,0.863988995552063,0.7823460102081299,0.8394961357116699,0
986,3020000015284-09-01,3020000004296-09-01,화장품 용기,화장품 용기,http://plus.kipris.or.kr/openapi/fileToss.jsp?arg=75a63eed5a438998f9dc3380f5cb642cd56dcb0e0f0995b07ba686bc001e12b75d136b4df6d33bb5919118e79bdfe43b02d5fdf97d78baab,http://plus.kipris.or.kr/openapi/fileToss.jsp?arg=75a63eed5a438998f9dc3380f5cb642cd56dcb0e0f0995b03069a7817908f14f5c65ec4818929027a3ece765a81707197a854a67d73219ba,0.7633046507835388,0.9682026505470276,0.8247740268707275,0
987,3020000007536-09-01,3020000031167-09-01,포장용 술병,화장품용기,http://plus.kipris.or.kr/openapi/fileToss.jsp?arg=75a63eed5a438998f9dc3380f5cb642cd56dcb0e0f0995b0fdcd45318d7ff23c0d045c2fa1109ccbbf7bb6109df7d573c6009da868a2f02d,http://plus.kipris.or.kr/openapi/fileToss.jsp?arg=75a63eed5a438998f9dc3380f5cb642cd56dcb0e0f0995b089d7a621b89857a2bda1ae1f5599e317c61e99a88bb6420abc4d224cb97a021a,0.8140101432800293,0.8383146524429321,0.8213015198707581,0
988,3020000004208-09-01,3020000017001-09-01,식음료용 병,포장용 용기,http://plus.kipris.or.kr/openapi/fileToss.jsp?arg=75a63eed5a438998f9dc3380f5cb642cd56dcb0e0f0995b03069a7817908f14f26c983146bc1b18f48b2122d4f1a6e3b2341c25cb0a812cc,http://plus.kipris.or.kr/openapi/fileToss.jsp?arg=75a63eed5a438998f9dc3380f5cb642cd56dcb0e0f0995b0d8ee6709638b6fa151acb057bf4b283f404d1149c740d364b17e26cf13b0a662,0.6131089329719543,0.9132646322250366,0.7031556367874146,0
989,3020000007444-09-01,3020000021180-09-01,샴푸용기,포장용 용기,http://plus.kipris.or.kr/openapi/fileToss.jsp?arg=75a63eed5a438998f9dc3380f5cb642cd56dcb0e0f0995b0fdcd45318d7ff23c308bbaa2658dde09f849964c1ca6ebeb290bea72708ac3ed,http://plus.kipris.or.kr/openapi/fileToss.jsp?arg=75a63eed5a438998f9dc3380f5cb642cd56dcb0e0f0995b006449c7f1c85a4a78954e4e205fc4f34961fdad5abcd6745d74d1de59756538b,0.8281601667404175,0.8048644065856934,0.8211714029312134,0
990,3020000010913-09-01,3020000019758-09-01,향수병,화장품 포장용 병,http://plus.kipris.or.kr/openapi/fileToss.jsp?arg=75a63eed5a438998f9dc3380f5cb642cd56dcb0e0f0995b0ef3ea9b059e124218e78add106288283ab700c059cc12111d929d405d47bc340,http://plus.kipris.or.kr/openapi/fileToss.jsp?arg=75a63eed5a438998f9dc3380f5cb642cd56dcb0e0f0995b0f63a2eefd11079d006f4cd70f75e4ac6265a23764f163fea450cb8ef3b8c4673,0.8057067394256592,0.8355884552001953,0.8146712779998779,0
991,3020000018221-09-01,3020000002476-09-01,포장용 용기,화장품 용기,http://plus.kipris.or.kr/openapi/fileToss.jsp?arg=75a63eed5a438998f9dc3380f5cb642cd56dcb0e0f0995b0deac54f8925f4c7d4987cce9cfe8722f2003dddbc81cfbeac52f541ca91b2e0c,http://plus.kipris.or.kr/openapi/fileToss.jsp?arg=75a63eed5a438998f9dc3380f5cb642cd56dcb0e0f0995b0680d52483fc7b07df16a5d956a617ab8f7c6e699c1ad01fc4244bdc2ea450d80,0.8640625476837158,0.8516153693199158,0.8603284358978271,0
992,3020000029979-09-01,3020000016041-09-01,포장용 병,포장용 통,http://plus.kipris.or.kr/openapi/fileToss.jsp?arg=75a63eed5a438998f9dc3380f5cb642cd56dcb0e0f0995b011f68ef22f394dd2aac602e829ef0eb5fcbe91527496863f29d67d7c84548ec6,http://plus.kipris.or.kr/openapi/fileToss.jsp?arg=75a63eed5a438998f9dc3380f5cb642cd56dcb0e0f0995b0edd65ac4880d0f0c166bfa7c9e52a4a83b203a7f5192e6ebbcd4c009431df69e,0.7285547852516174,0.8458322286605835,0.7637380361557007,0
993,3020000016022-09-01,3020000010927-09-01,향수병,향수 용기,http://plus.kipris.or.kr/openapi/fileToss.jsp?arg=75a63eed5a438998f9dc3380f5cb642cd56dcb0e0f0995b0edd65ac4880d0f0c6eddf7c16beaabf046cfce850eacb0aaac6cb8a9be1ec03c,http://plus.kipris.or.kr/openapi/fileToss.jsp?arg=75a63eed5a438998f9dc3380f5cb642cd56dcb0e0f0995b0ef3ea9b059e124212cc6ee9f18a84e3979892ba521ffa996310da4fd577ea708,0.7919783592224121,0.8644411563873291,0.8137171864509583,0
994,3020000021814-09-01,3020000017301-09-01,화장품 용기,포장용 용기,http://plus.kipris.or.kr/openapi/fileToss.jsp?arg=75a63eed5a438998f9dc3380f5cb642cd56dcb0e0f0995b006449c7f1c85a4a7187d3aa3a76c31b34df56d1f9862991df215dc27c29e1bdc,http://plus.kipris.or.kr/openapi/fileToss.jsp?arg=75a63eed5a438998f9dc3380f5cb642cd56dcb0e0f0995b0d8ee6709638b6fa147789b22cdad698429792590cfe896e3ce3d85e812becdb5,0.7209551930427551,0.83148592710495,0.7541144490242004,0
995,3020000015457-09-01,3020000022438-09-01,포장용 병,포장용 용기,http://plus.kipris.or.kr/openapi/fileToss.jsp?arg=75a63eed5a438998f9dc3380f5cb642cd56dcb0e0f0995b07ba686bc001e12b739fc00a00738800f11b276c8c1ad430bb75ae3202b38e63a,http://plus.kipris.or.kr/openapi/fileToss.jsp?arg=75a63eed5a438998f9dc3380f5cb642cd56dcb0e0f0995b02e6ec20e9488ca6663752f4fd76355c5c8a13f1ee8f31a9203a624eb2028b5a0,0.6845150589942932,0.8836814165115356,0.7442649602890015,0
996,3020000030881-09-01,3020000024008-09-01,화장품 용기,포장용 용기,http://plus.kipris.or.kr/openapi/fileToss.jsp?arg=75a63eed5a438998f9dc3380f5cb642cd56dcb0e0f0995b0b9420cad9c5990e04c31abfa397402975302087c776b8d55192a6a529b0ed4c5,http://plus.kipris.or.kr/openapi/fileToss.jsp?arg=75a63eed5a438998f9dc3380f5cb642cd56dcb0e0f0995b005b3db6b458aa73b151a4a7d8a9837b37ab1ca3487f1f06713616a65ca8b8dbe,0.87461256980896,0.8724677562713623,0.8739691376686096,0
997,3020000017303-09-01,3020000030582-09-01,포장용 용기,포장용 병,http://plus.kipris.or.kr/openapi/fileToss.jsp?arg=75a63eed5a438998f9dc3380f5cb642cd56dcb0e0f0995b0d8ee6709638b6fa147789b22cdad6984fdb60cdcfad1b371465f4e9d5cb95970,http://plus.kipris.or.kr/openapi/fileToss.jsp?arg=75a63eed5a438998f9dc3380f5cb642cd56dcb0e0f0995b0b9420cad9c5990e068550a177cec7d2eb9a298519366ee2718125f23579f039d,0.8645607233047485,0.8812319040298462,0.869562029838562,0
998,3020000025138-09-01,3020000005940-09-01,화장품용기,화장품 용기,http://plus.kipris.or.kr/openapi/fileToss.jsp?arg=75a63eed5a438998f9dc3380f5cb642cd56dcb0e0f0995b07a28099d0ef98e17a76fe1c93404a74a0424f5d261988b9ca89cc7e4bc3e72ab,http://plus.kipris.or.kr/openapi/fileToss.jsp?arg=75a63eed5a438998f9dc3380f5cb642cd56dcb0e0f0995b08fe3e6d10b56cc3d0c2a77a9be3fcd51aa99775730a8a2f5a8126a22c9aad253,0.6868151426315308,0.8614530563354492,0.7392065525054932,0
999,3020000018871-09-01,3020000019098-09-01,화장품 용기,향수용기,http://plus.kipris.or.kr/openapi/fileToss.jsp?arg=75a63eed5a438998f9dc3380f5cb642cd56dcb0e0f0995b0deac54f8925f4c7d01c27b3b9348c797506af132d8ad44a8a26c07ac21a016ff,http://plus.kipris.or.kr/openapi/fileToss.jsp?arg=75a63eed5a438998f9dc3380f5cb642cd56dcb0e0f0995b0f63a2eefd11079d08493f71a2050ee4298f127c1f171f9c0a9fb58514d8423fa,0.765514612197876,0.8277425765991211,0.7841830253601074,0
1000,3020000030806-09-01,3020000011906-09-01,화장품 용기,포장용 용기,http://plus.kipris.or.kr/openapi/fileToss.jsp?arg=75a63eed5a438998f9dc3380f5cb642cd56dcb0e0f0995b0b9420cad9c5990e07e891c91ed3c638d5dcbf45ab163ad9a6d9c39802e280a4a,http://plus.kipris.or.kr/openapi/fileToss.jsp?arg=75a63eed5a438998f9dc3380f5cb642cd56dcb0e0f0995b070abdd713d0b290a0b1bd5557f830a499fe53da63e378f7cfb049c4d28717c6a,0.6896390318870544,0.7851319313049316,0.7182868719100952,0
1001,3020000007013-09-01,3020000007772-09-01,화장품 용기,포장용 병,http://plus.kipris.or.kr/openapi/fileToss.jsp?arg=75a63eed5a438998f9dc3380f5cb642cd56dcb0e0f0995b0fdcd45318d7ff23c36f1af0f6d6ef8030ecaef5f51830e0f337470b114a82a3d,http://plus.kipris.or.kr/openapi/fileToss.jsp?arg=75a63eed5a438998f9dc3380f5cb642cd56dcb0e0f0995b0fdcd45318d7ff23cc933b5cab7f8c645d9e46bfbdbc6f37223c03b932e17bbc6,0.8458912372589111,0.7726678848266602,0.8239242434501648,0
1002,3020000007445-09-01,3020000011007-09-01,샴푸용기,화장품 용기,http://plus.kipris.or.kr/openapi/fileToss.jsp?arg=75a63eed5a438998f9dc3380f5cb642cd56dcb0e0f0995b0fdcd45318d7ff23c308bbaa2658dde0908ce1448e4d7f44ea491593a3fe3a535,http://plus.kipris.or.kr/openapi/fileToss.jsp?arg=75a63eed5a438998f9dc3380f5cb642cd56dcb0e0f0995b070abdd713d0b290aa6f312245d3a82ee6abff9afa2ecfcfd1640c3370d3ec762,0.7799353003501892,0.7617635130882263,0.7744837999343872,0
1003,3020000015612-09-01,3020000023255-09-01,화장품 용기,식품용용기,http://plus.kipris.or.kr/openapi/fileToss.jsp?arg=75a63eed5a438998f9dc3380f5cb642cd56dcb0e0f0995b07ba686bc001e12b776336c19178a59c168e3c4951e2c2c0afb8c12d8142808b6,http://plus.kipris.or.kr/openapi/fileToss.jsp?arg=75a63eed5a438998f9dc3380f5cb642cd56dcb0e0f0995b09b1f6789fb975124ddde99bf437cdce8167068b4ae391de328aeb8721da6ab53,0.8967623710632324,0.8298244476318359,0.8766809701919556,0
1004,3020000029877-09-01,3020000022439-09-01,화장품용기,포장용 용기,http://plus.kipris.or.kr/openapi/fileToss.jsp?arg=75a63eed5a438998f9dc3380f5cb642cd56dcb0e0f0995b011f68ef22f394dd26a964075748e6c188d7c175d4f7b56690260aadc614f835f,http://plus.kipris.or.kr/openapi/fileToss.jsp?arg=75a63eed5a438998f9dc3380f5cb642cd56dcb0e0f0995b02e6ec20e9488ca6663752f4fd76355c595af55981a9c28efa23b06f82ebedd57,0.6750161647796631,0.8234453201293945,0.7195449471473694,0
1005,3020000015281-09-01,3020000000962-09-01,화장품 용기,포장용 병,http://plus.kipris.or.kr/openapi/fileToss.jsp?arg=75a63eed5a438998f9dc3380f5cb642cd56dcb0e0f0995b07ba686bc001e12b75d136b4df6d33bb5ee7af5f7920fa4cdd6f83d7151296302,http://plus.kipris.or.kr/openapi/fileToss.jsp?arg=75a63eed5a438998f9dc3380f5cb642cd56dcb0e0f0995b0cc72ed919b3423001ec5b0b95cb6d97de6848fcad7d2dac29af5dbe19f239deb,0.7833882570266724,0.6888770461082458,0.7550349235534668,0
1006,3020000019098-09-01,3020000012594-09-01,향수용기,포장용 병,http://plus.kipris.or.kr/openapi/fileToss.jsp?arg=75a63eed5a438998f9dc3380f5cb642cd56dcb0e0f0995b0f63a2eefd11079d08493f71a2050ee4298f127c1f171f9c0c620cf5288506a2b,http://plus.kipris.or.kr/openapi/fileToss.jsp?arg=75a63eed5a438998f9dc3380f5cb642cd56dcb0e0f0995b08964a6c84ce8cbe1a2734cd20ff462c98c85951218f53d28468a26c1effa297c,0.6649733185768127,0.8017053008079529,0.7059929370880127,0
1007,3020000004298-09-01,3020000008383-09-01,화장품 용기,화장품 용기,http://plus.kipris.or.kr/openapi/fileToss.jsp?arg=75a63eed5a438998f9dc3380f5cb642cd56dcb0e0f0995b03069a7817908f14f5c65ec481892902746cda1b0085c286e8cd0c27461d77bc9,http://plus.kipris.or.kr/openapi/fileToss.jsp?arg=75a63eed5a438998f9dc3380f5cb642cd56dcb0e0f0995b06226a1b53136408c5412bc4c3b3d3f2d2ede433e4f304a90bb6cca1edc0da657,0.8318264484405518,0.8911466598510742,0.8496224880218506,0
1008,3020000018872-09-01,3020000000843-09-01,화장품 용기,포장용 병,http://plus.kipris.or.kr/openapi/fileToss.jsp?arg=75a63eed5a438998f9dc3380f5cb642cd56dcb0e0f0995b0deac54f8925f4c7d01c27b3b9348c7972ae570bc5f1beadce48f7f1283a1d3d5,http://plus.kipris.or.kr/openapi/fileToss.jsp?arg=75a63eed5a438998f9dc3380f5cb642cd56dcb0e0f0995b0cc72ed919b342300e99b2acfcc6c677bc38cfbb896b57e90f51adc77a16c7638,0.7506729364395142,0.8035115003585815,0.7665244936943054,0
1009,3020000021953-09-01,3020000015434-09-01,포장용기,포장용 용기,http://plus.kipris.or.kr/openapi/fileToss.jsp?arg=75a63eed5a438998f9dc3380f5cb642cd56dcb0e0f0995b006449c7f1c85a4a78b7c1a7242ae14e9c5900488590f725aa5a1924781f7a4f8,http://plus.kipris.or.kr/openapi/fileToss.jsp?arg=75a63eed5a438998f9dc3380f5cb642cd56dcb0e0f0995b07ba686bc001e12b74f814a4956a5cebb187f9a678f01cd5738ddacbddffe5cbd,0.6866600513458252,0.8558999300003052,0.7374320030212402,0
1010,3020000031842-09-01,3020000029327-09-01,포장용 병,화장품 용기,http://plus.kipris.or.kr/openapi/fileToss.jsp?arg=75a63eed5a438998f9dc3380f5cb642cd56dcb0e0f0995b089d7a621b89857a23924c6b693bd0ccfdcc7562a1bfe4ba0d8f58d1db674c40e,http://plus.kipris.or.kr/openapi/fileToss.jsp?arg=75a63eed5a438998f9dc3380f5cb642cd56dcb0e0f0995b011f68ef22f394dd2cbb6ac3c424ae6349bbb0d951f43b1ab24ad025eeecbb195,0.7084743976593018,0.804709792137146,0.7373450398445129,0
1011,3020000015289-09-01,3020000012836-09-01,화장품 용기,향수병,http://plus.kipris.or.kr/openapi/fileToss.jsp?arg=75a63eed5a438998f9dc3380f5cb642cd56dcb0e0f0995b07ba686bc001e12b75d136b4df6d33bb584d7d79f71a4cb7c346fcf2231fc5661,http://plus.kipris.or.kr/openapi/fileToss.jsp?arg=75a63eed5a438998f9dc3380f5cb642cd56dcb0e0f0995b08964a6c84ce8cbe136b914a53e58c31f554ac8bf001a4516f76b70a15099299f,0.7743927836418152,0.7052744626998901,0.7536572813987732,0
1012,3020000005940-09-01,3020000019784-09-01,화장품 용기,식품포장용기,http://plus.kipris.or.kr/openapi/fileToss.jsp?arg=75a63eed5a438998f9dc3380f5cb642cd56dcb0e0f0995b08fe3e6d10b56cc3d0c2a77a9be3fcd51aa99775730a8a2f5a8126a22c9aad253,http://plus.kipris.or.kr/openapi/fileToss.jsp?arg=75a63eed5a438998f9dc3380f5cb642cd56dcb0e0f0995b0f63a2eefd11079d0981ed2fff931e701fbc7d790be4e303270d8c12df89d962f,0.7586971521377563,0.7319834232330322,0.7506830096244812,0
1013,3020000017302-09-01,3020000008854-09-01,포장용 용기,화장품 용기,http://plus.kipris.or.kr/openapi/fileToss.jsp?arg=75a63eed5a438998f9dc3380f5cb642cd56dcb0e0f0995b0d8ee6709638b6fa147789b22cdad6984c70901213bff2718a9182c53a0b9d3b1,http://plus.kipris.or.kr/openapi/fileToss.jsp?arg=75a63eed5a438998f9dc3380f5cb642cd56dcb0e0f0995b06226a1b53136408c77446a31574122b0743535ab5bada7b3e5155b1317a0f52e,0.823339581489563,0.8156877756118774,0.8210440278053284,0
1014,3020000029520-09-01,3020000024348-09-01,화장품용기,개인용 세제 용기,http://plus.kipris.or.kr/openapi/fileToss.jsp?arg=75a63eed5a438998f9dc3380f5cb642cd56dcb0e0f0995b011f68ef22f394dd2174e1bc993429f5e33af49a418a5c6f54e7bca7ce4edd4c3,http://plus.kipris.or.kr/openapi/fileToss.jsp?arg=75a63eed5a438998f9dc3380f5cb642cd56dcb0e0f0995b005b3db6b458aa73bb6f93c107a5863dda9dd3ddeee8bc03687a514553558b2f5,0.7277718782424927,0.8059128522872925,0.7512141466140747,0
1015,3020000007018-09-01,3020000025561-09-01,화장품 용기,세제용기,http://plus.kipris.or.kr/openapi/fileToss.jsp?arg=75a63eed5a438998f9dc3380f5cb642cd56dcb0e0f0995b0fdcd45318d7ff23c36f1af0f6d6ef80329232ca9d0c357384110d103cf8bbc17,http://plus.kipris.or.kr/openapi/fileToss.jsp?arg=75a63eed5a438998f9dc3380f5cb642cd56dcb0e0f0995b07a28099d0ef98e171a64a952b3c73897cb417e4d393a375035d9911e70dc82de,0.8974395394325256,0.813806414604187,0.8723496198654175,0
1016,3020000024484-09-01,3020000002083-09-01,화장품 용기,남성용 화장품 용기,http://plus.kipris.or.kr/openapi/fileToss.jsp?arg=75a63eed5a438998f9dc3380f5cb642cd56dcb0e0f0995b005b3db6b458aa73b12ac262f8b7ca850ea83ae6d2ac6738da92bbc80c26f40cb,http://plus.kipris.or.kr/openapi/fileToss.jsp?arg=75a63eed5a438998f9dc3380f5cb642cd56dcb0e0f0995b0680d52483fc7b07d3621f255e5f93b21b9855e12cd06cab9488235b14c4ada11,0.9268391132354736,0.855630099773407,0.905476450920105,0
1017,3020000028348-09-01,3020000005653-09-01,포장용 용기,포장용 용기,http://plus.kipris.or.kr/openapi/fileToss.jsp?arg=75a63eed5a438998f9dc3380f5cb642cd56dcb0e0f0995b0227542a1f24a736155db84a290cc09d09a49a855342dcf7e96946dc7249398ac,http://plus.kipris.or.kr/openapi/fileToss.jsp?arg=75a63eed5a438998f9dc3380f5cb642cd56dcb0e0f0995b08fe3e6d10b56cc3dd860bdd2e2498e9a37c831dcdda6cd2ffd636a581bcc3438,0.7418354749679565,0.8861372470855713,0.7851260304450989,0
1018,3020000019482-09-01,3020000017722-09-01,포장용 용기,포장용 통,http://plus.kipris.or.kr/openapi/fileToss.jsp?arg=75a63eed5a438998f9dc3380f5cb642cd56dcb0e0f0995b0f63a2eefd11079d0ccfa5665d6ade3222a6a99be7a6af2972c05449519501d80,http://plus.kipris.or.kr/openapi/fileToss.jsp?arg=75a63eed5a438998f9dc3380f5cb642cd56dcb0e0f0995b0d8ee6709638b6fa1f4bde39beae5710fcd253a9a4823a8c0a3fe8bb954fe613b,0.8279677629470825,0.8448123931884766,0.8330211639404297,0
1019,3020000024360-09-01,3020000005940-09-01,포장용 술병,화장품 용기,http://plus.kipris.or.kr/openapi/fileToss.jsp?arg=75a63eed5a438998f9dc3380f5cb642cd56dcb0e0f0995b005b3db6b458aa73b20b29c3eb5bdefd21910298216c726c8c9153007763d8d9e,http://plus.kipris.or.kr/openapi/fileToss.jsp?arg=75a63eed5a438998f9dc3380f5cb642cd56dcb0e0f0995b08fe3e6d10b56cc3d0c2a77a9be3fcd51aa99775730a8a2f528d286a045fc91de,0.7698612213134766,0.7672072649002075,0.7690650224685669,0
1020,3020000022105-09-01,3020000002328-09-01,포장용 용기,화장품용 용기,http://plus.kipris.or.kr/openapi/fileToss.jsp?arg=75a63eed5a438998f9dc3380f5cb642cd56dcb0e0f0995b02e6ec20e9488ca666f5fe34b46e8fbf6bc377969b361653013ebea5abe6af103,http://plus.kipris.or.kr/openapi/fileToss.jsp?arg=75a63eed5a438998f9dc3380f5cb642cd56dcb0e0f0995b0680d52483fc7b07d916a4a7b517f831f101577971270299ed38ea8ecfab2768f,0.6620693206787109,0.8502306342124939,0.7185177206993103,0
1021,3020000014023-09-01,3020000028257-09-01,포장용 병,화장품 용기,http://plus.kipris.or.kr/openapi/fileToss.jsp?arg=75a63eed5a438998f9dc3380f5cb642cd56dcb0e0f0995b0606f4df1f99f40815878d165002789aa5526a362d86a8dbd07a4d44d545b692c,http://plus.kipris.or.kr/openapi/fileToss.jsp?arg=75a63eed5a438998f9dc3380f5cb642cd56dcb0e0f0995b0227542a1f24a736184b9181791c18e4f1c092183231ba9c30a0a3606e809ca60,0.7965927720069885,0.779612123966217,0.7914985418319702,0
1022,3020000020788-09-01,3020000024556-09-01,포장용 용기,화장품 용기,http://plus.kipris.or.kr/openapi/fileToss.jsp?arg=75a63eed5a438998f9dc3380f5cb642cd56dcb0e0f0995b0bea0399dd2b7a3e5217ce7d5ae936bbd90eef2e869c5b1133db298fa9f572d88,http://plus.kipris.or.kr/openapi/fileToss.jsp?arg=75a63eed5a438998f9dc3380f5cb642cd56dcb0e0f0995b005b3db6b458aa73b5f84b5e88bb806fd54f16ecd649fa50ab4d96508de38df63,0.8677449226379395,0.7246720790863037,0.8248230814933777,0
1023,3020000003577-09-01,3020000030806-09-01,양념 포장용기,화장품 용기,http://plus.kipris.or.kr/openapi/fileToss.jsp?arg=75a63eed5a438998f9dc3380f5cb642cd56dcb0e0f0995b00b66daf06c8a8306f40401ae66692a3c7ebf1dbf6e14db62cc09a6bf640bc90f,http://plus.kipris.or.kr/openapi/fileToss.jsp?arg=75a63eed5a438998f9dc3380f5cb642cd56dcb0e0f0995b0b9420cad9c5990e07e891c91ed3c638d5dcbf45ab163ad9a4c0f397c074d34d1,0.7640826106071472,0.8789563179016113,0.798544704914093,0
1024,3020000024484-09-01,3020000013860-09-01,화장품 용기,포장용 용기,http://plus.kipris.or.kr/openapi/fileToss.jsp?arg=75a63eed5a438998f9dc3380f5cb642cd56dcb0e0f0995b005b3db6b458aa73b12ac262f8b7ca850ea83ae6d2ac6738d3d48678b5d7b9029,http://plus.kipris.or.kr/openapi/fileToss.jsp?arg=75a63eed5a438998f9dc3380f5cb642cd56dcb0e0f0995b0bdcfae06342df685f8cbf1fb50c4736dd58c5eb7e03827ba1ec6a97eb009ae93,0.7947964072227478,0.8821300268173218,0.8209965229034424,0
1025,3020000015978-09-01,3020000028259-09-01,포장용 용기,화장품 용기,http://plus.kipris.or.kr/openapi/fileToss.jsp?arg=75a63eed5a438998f9dc3380f5cb642cd56dcb0e0f0995b07ba686bc001e12b71e3601a67abc767856e0f883d6d4243ba0b2a50054a6fc72,http://plus.kipris.or.kr/openapi/fileToss.jsp?arg=75a63eed5a438998f9dc3380f5cb642cd56dcb0e0f0995b0227542a1f24a736184b9181791c18e4f8115a673a00f082d50acb458c9b58427,0.7846469879150391,0.8390814661979675,0.800977349281311,0
1026,3020000011702-09-01,3020000033000-09-01,포장용 용기,술병,http://plus.kipris.or.kr/openapi/fileToss.jsp?arg=75a63eed5a438998f9dc3380f5cb642cd56dcb0e0f0995b070abdd713d0b290ac325e975e3fdd65a337014d876206ef64e2b797283f9e46b,http://plus.kipris.or.kr/openapi/fileToss.jsp?arg=75a63eed5a438998f9dc3380f5cb642cd56dcb0e0f0995b0f32787804da8b7ad0a83331d496f7b1207a70e4bb04e65899deb509afa6e16a8,0.7610472440719604,0.7690533995628357,0.7634491324424744,0
1027,3020000008383-09-01,3020000033000-09-01,화장품 용기,술병,http://plus.kipris.or.kr/openapi/fileToss.jsp?arg=75a63eed5a438998f9dc3380f5cb642cd56dcb0e0f0995b06226a1b53136408c5412bc4c3b3d3f2d2ede433e4f304a90429b25b8e36b92bd,http://plus.kipris.or.kr/openapi/fileToss.jsp?arg=75a63eed5a438998f9dc3380f5cb642cd56dcb0e0f0995b0f32787804da8b7ad0a83331d496f7b1207a70e4bb04e65899acf4bcb86d94f2b,0.8293748497962952,0.73972487449646,0.8024798631668091,0
1028,3020000015281-09-01,3020000000778-09-01,화장품 용기,포장용 용기,http://plus.kipris.or.kr/openapi/fileToss.jsp?arg=75a63eed5a438998f9dc3380f5cb642cd56dcb0e0f0995b07ba686bc001e12b75d136b4df6d33bb5ee7af5f7920fa4cdd6f83d7151296302,http://plus.kipris.or.kr/openapi/fileToss.jsp?arg=75a63eed5a438998f9dc3380f5cb642cd56dcb0e0f0995b0cc72ed919b3423003267d3a705c3e4d98f27ea2c522497cefecb62532b87ba02,0.8900026082992554,0.7761757969856262,0.8558545708656311,0
1029,3020000015613-09-01,3020000014030-09-01,화장품 용기,화장품 용기,http://plus.kipris.or.kr/openapi/fileToss.jsp?arg=75a63eed5a438998f9dc3380f5cb642cd56dcb0e0f0995b07ba686bc001e12b776336c19178a59c1d50e5b6f173eb6c49d9a8ccc479795a2,http://plus.kipris.or.kr/openapi/fileToss.jsp?arg=75a63eed5a438998f9dc3380f5cb642cd56dcb0e0f0995b0606f4df1f99f4081c635518eb2e9ae224c414ca4a2923d3b1b9eb4416a01995f,0.7152817845344543,0.9791930913925171,0.7944551706314087,0
1030,3020000031444-09-01,3020000023960-09-01,화장품 용기,향수용 분무기,http://plus.kipris.or.kr/openapi/fileToss.jsp?arg=75a63eed5a438998f9dc3380f5cb642cd56dcb0e0f0995b089d7a621b89857a21e79e0b1232a9ae91a3f9080e95cd3ddb7e9c1fba06190c8,http://plus.kipris.or.kr/openapi/fileToss.jsp?arg=75a63eed5a438998f9dc3380f5cb642cd56dcb0e0f0995b09b1f6789fb97512435c6663bfd5ed5613a4a1a91772f1718647805c2067e0bfc,0.7831452488899231,0.7291456460952759,0.7669453620910645,0
1031,3020000005653-09-01,3020000023190-09-01,포장용 용기,포장용 통,http://plus.kipris.or.kr/openapi/fileToss.jsp?arg=75a63eed5a438998f9dc3380f5cb642cd56dcb0e0f0995b08fe3e6d10b56cc3dd860bdd2e2498e9a37c831dcdda6cd2f0c35f2e37d2f1789,http://plus.kipris.or.kr/openapi/fileToss.jsp?arg=75a63eed5a438998f9dc3380f5cb642cd56dcb0e0f0995b09b1f6789fb975124959c8fec340e8be8b38df9a068b350e0667c457c50c40278,0.7883355021476746,0.9480398297309875,0.8362467885017395,0
1032,3020000027874-09-01,3020000024463-09-01,포장용용기,포장용 용기,http://plus.kipris.or.kr/openapi/fileToss.jsp?arg=75a63eed5a438998f9dc3380f5cb642cd56dcb0e0f0995b01b6467bd697fe99c3417ef7c1899dbda805e0d76a677f7ef26abdbe8f19c6981,http://plus.kipris.or.kr/openapi/fileToss.jsp?arg=75a63eed5a438998f9dc3380f5cb642cd56dcb0e0f0995b005b3db6b458aa73be969790f4b87eaa5b26fec36e24da5f75257777a4b9690b2,0.7224096059799194,0.944130003452301,0.7889257073402405,0
1033,3020000016423-09-01,3020000011558-09-01,화장품 용기,술병,http://plus.kipris.or.kr/openapi/fileToss.jsp?arg=75a63eed5a438998f9dc3380f5cb642cd56dcb0e0f0995b0edd65ac4880d0f0cde88f35c1b19cc9c55a541844b9516d2365bf5ffd43b2da9,http://plus.kipris.or.kr/openapi/fileToss.jsp?arg=75a63eed5a438998f9dc3380f5cb642cd56dcb0e0f0995b070abdd713d0b290a44af382d81afbb12e7c9bd040680775c6f44b1e604869bd2,0.6314757466316223,0.6791151165962219,0.6457675695419312,0
1034,3020000022336-09-01,3020000015292-09-01,포장용 용기,화장품 용기,http://plus.kipris.or.kr/openapi/fileToss.jsp?arg=75a63eed5a438998f9dc3380f5cb642cd56dcb0e0f0995b02e6ec20e9488ca6656c086b0f1da3515796931e901e901fd12a46373ca90d394,http://plus.kipris.or.kr/openapi/fileToss.jsp?arg=75a63eed5a438998f9dc3380f5cb642cd56dcb0e0f0995b07ba686bc001e12b76e1758ca08fef1f14f2a37a2d5f23b272192cc1410f3e821,0.8380041122436523,0.6937152147293091,0.7947174310684204,0
1035,3020000031824-09-01,3020000032577-09-01,포장용 통,화장품 용기,http://plus.kipris.or.kr/openapi/fileToss.jsp?arg=75a63eed5a438998f9dc3380f5cb642cd56dcb0e0f0995b089d7a621b89857a260d6d19455edef47705315bb99d3e7954d9a566dbe3d67bb,http://plus.kipris.or.kr/openapi/fileToss.jsp?arg=75a63eed5a438998f9dc3380f5cb642cd56dcb0e0f0995b056fef538e42de114a5789ee7e1d70e89bcd4e8929ad70eb402947fdbce1663dc,0.8051038980484009,0.7341680526733398,0.7838231325149536,0
1036,3020000031169-09-01,3020000024463-09-01,화장품용기,포장용 용기,http://plus.kipris.or.kr/openapi/fileToss.jsp?arg=75a63eed5a438998f9dc3380f5cb642cd56dcb0e0f0995b089d7a621b89857a2bda1ae1f5599e317818da205f7f25c650d390591df4a049f,http://plus.kipris.or.kr/openapi/fileToss.jsp?arg=75a63eed5a438998f9dc3380f5cb642cd56dcb0e0f0995b005b3db6b458aa73be969790f4b87eaa5b26fec36e24da5f745ff841745c30725,0.7959326505661011,0.8455790281295776,0.8108265995979309,0
1037,3020000029220-09-01,3020000030342-09-01,화장품 용기,화장품 용기,http://plus.kipris.or.kr/openapi/fileToss.jsp?arg=75a63eed5a438998f9dc3380f5cb642cd56dcb0e0f0995b011f68ef22f394dd21733bab7ceb881dd6ea7b591db33d69370dca89fc3146165,http://plus.kipris.or.kr/openapi/fileToss.jsp?arg=75a63eed5a438998f9dc3380f5cb642cd56dcb0e0f0995b0b9420cad9c5990e003a10973d6bdbbe34aae12fced3042637aa1ff25d78178f1,0.7955781817436218,0.8565174341201782,0.8138599395751953,0
1038,3020000030583-09-01,3020000022365-09-01,포장용 병,화장품용기,http://plus.kipris.or.kr/openapi/fileToss.jsp?arg=75a63eed5a438998f9dc3380f5cb642cd56dcb0e0f0995b0b9420cad9c5990e068550a177cec7d2e16ecd0e8ec6a78db4162bc7feeaaa061,http://plus.kipris.or.kr/openapi/fileToss.jsp?arg=75a63eed5a438998f9dc3380f5cb642cd56dcb0e0f0995b02e6ec20e9488ca667220594ecf4822650c1479d6f12cd598c65a4b12ef933621,0.844025731086731,0.7423769235610962,0.8135310411453247,0
1039,3020000022802-09-01,3020000024443-09-01,화장품 용기,화장품 용기,http://plus.kipris.or.kr/openapi/fileToss.jsp?arg=75a63eed5a438998f9dc3380f5cb642cd56dcb0e0f0995b02e6ec20e9488ca6644c75fa6ac71ce2ddfb25e1d5721ab15341dbaafc4fd9e2a,http://plus.kipris.or.kr/openapi/fileToss.jsp?arg=75a63eed5a438998f9dc3380f5cb642cd56dcb0e0f0995b005b3db6b458aa73b827884159da4efa3241ff3f1a86abd3588bd7f35185fe6a1,0.816495418548584,0.9463307857513428,0.8554460406303406,0
1040,3020000015434-09-01,3020000011905-09-01,포장용 용기,포장용 용기,http://plus.kipris.or.kr/openapi/fileToss.jsp?arg=75a63eed5a438998f9dc3380f5cb642cd56dcb0e0f0995b07ba686bc001e12b74f814a4956a5cebb187f9a678f01cd57911e5c56749c8d8c,http://plus.kipris.or.kr/openapi/fileToss.jsp?arg=75a63eed5a438998f9dc3380f5cb642cd56dcb0e0f0995b070abdd713d0b290a0b1bd5557f830a49d15bb8fcee375a0ec76a241b8958dd0e,0.8990370631217957,0.8943846225738525,0.8976413011550903,0
1041,3020000029019-09-01,3020000029872-09-01,화장품 용기,화장품용기,http://plus.kipris.or.kr/openapi/fileToss.jsp?arg=75a63eed5a438998f9dc3380f5cb642cd56dcb0e0f0995b011f68ef22f394dd2390c13707ca28de788875746926698e5130eae92fa6dca26,http://plus.kipris.or.kr/openapi/fileToss.jsp?arg=75a63eed5a438998f9dc3380f5cb642cd56dcb0e0f0995b011f68ef22f394dd26a964075748e6c189291de851176d71c220e6e28f37342a2,0.6819357872009277,0.9223082065582275,0.7540475130081177,0
1042,3020000000414-09-01,3020000010913-09-01,포장용 용기,향수병,http://plus.kipris.or.kr/openapi/fileToss.jsp?arg=75a63eed5a438998f9dc3380f5cb642cd56dcb0e0f0995b0cc72ed919b3423006edf72b06342e35d7d678bd865bf2d85923a174d37c5ce3c,http://plus.kipris.or.kr/openapi/fileToss.jsp?arg=75a63eed5a438998f9dc3380f5cb642cd56dcb0e0f0995b0ef3ea9b059e124218e78add106288283ab700c059cc1211112acf0ef34a6b96c,0.6456142067909241,0.7867637872695923,0.6879590749740601,0
1043,3020000031825-09-01,3020000010608-09-01,포장용 통,향수용기,http://plus.kipris.or.kr/openapi/fileToss.jsp?arg=75a63eed5a438998f9dc3380f5cb642cd56dcb0e0f0995b089d7a621b89857a260d6d19455edef4751e7dff37af5264cec4c9d9d4ea8428e,http://plus.kipris.or.kr/openapi/fileToss.jsp?arg=75a63eed5a438998f9dc3380f5cb642cd56dcb0e0f0995b0ef3ea9b059e12421ac8898e2abf04f2abfe0c93f850ea7243fb22f5263908c02,0.7139905095100403,0.7800469398498535,0.7338074445724487,0
1044,3020000031164-09-01,3020000010994-09-01,화장품용기,포장용 용기,http://plus.kipris.or.kr/openapi/fileToss.jsp?arg=75a63eed5a438998f9dc3380f5cb642cd56dcb0e0f0995b089d7a621b89857a2bda1ae1f5599e3174f9890943a627800432232c530e132a6,http://plus.kipris.or.kr/openapi/fileToss.jsp?arg=75a63eed5a438998f9dc3380f5cb642cd56dcb0e0f0995b0ef3ea9b059e1242154c6c6b21c0868739071209d4ac9b2954a948560b8484cd1,0.8367154002189636,0.8269450664520264,0.833784282207489,0
1045,3020000030843-09-01,3020000009397-09-01,화장품용기,화장품 용기,http://plus.kipris.or.kr/openapi/fileToss.jsp?arg=75a63eed5a438998f9dc3380f5cb642cd56dcb0e0f0995b0b9420cad9c5990e0a4a05627aedca40ca750b1c56ce2af310faa89241490ff52,http://plus.kipris.or.kr/openapi/fileToss.jsp?arg=75a63eed5a438998f9dc3380f5cb642cd56dcb0e0f0995b073590199e4f1dc1639c043446a843f341fc2934575b221671f3f89981798199b,0.8238997459411621,0.9322510957717896,0.8564051389694214,0
1046,3020000009397-09-01,3020000030881-09-01,화장품 용기,화장품 용기,http://plus.kipris.or.kr/openapi/fileToss.jsp?arg=75a63eed5a438998f9dc3380f5cb642cd56dcb0e0f0995b073590199e4f1dc1639c043446a843f341fc2934575b221679182f278029bf8fa,http://plus.kipris.or.kr/openapi/fileToss.jsp?arg=75a63eed5a438998f9dc3380f5cb642cd56dcb0e0f0995b0b9420cad9c5990e04c31abfa39740297661cfe583bee5c311c1c5f449ae7faf2,0.8215619325637817,0.9413350224494934,0.8574938774108887,0
1047,3020000025561-09-01,3020000031825-09-01,세제용기,포장용 통,http://plus.kipris.or.kr/openapi/fileToss.jsp?arg=75a63eed5a438998f9dc3380f5cb642cd56dcb0e0f0995b07a28099d0ef98e171a64a952b3c73897cb417e4d393a37505dde471d77d984b1,http://plus.kipris.or.kr/openapi/fileToss.jsp?arg=75a63eed5a438998f9dc3380f5cb642cd56dcb0e0f0995b089d7a621b89857a260d6d19455edef4751e7dff37af5264c19628df528354ccd,0.7984867095947266,0.789323091506958,0.795737624168396,0
1048,3020000030881-09-01,3020000015200-09-01,화장품 용기,화장품 용기,http://plus.kipris.or.kr/openapi/fileToss.jsp?arg=75a63eed5a438998f9dc3380f5cb642cd56dcb0e0f0995b0b9420cad9c5990e04c31abfa39740297661cfe583bee5c31ad17b24ff55c08b5,http://plus.kipris.or.kr/openapi/fileToss.jsp?arg=75a63eed5a438998f9dc3380f5cb642cd56dcb0e0f0995b07ba686bc001e12b7ebd23e10645d463a3bdf3df38bb1a2759c50fe80bdfdca0a,0.7078338265419006,0.9289765357971191,0.7741765975952148,0
1049,3020000022438-09-01,3020000019481-09-01,포장용 용기,포장용 용기,http://plus.kipris.or.kr/openapi/fileToss.jsp?arg=75a63eed5a438998f9dc3380f5cb642cd56dcb0e0f0995b02e6ec20e9488ca6663752f4fd76355c5c8a13f1ee8f31a92b0314e4915f1cd96,http://plus.kipris.or.kr/openapi/fileToss.jsp?arg=75a63eed5a438998f9dc3380f5cb642cd56dcb0e0f0995b0f63a2eefd11079d0ccfa5665d6ade322594940fc7daa731d9f52ce63c92145a0,0.7268621325492859,0.9979794025421143,0.8081973195075989,0
1050,3020000005940-09-01,3020000033368-09-01,화장품 용기,화장품 용기,http://plus.kipris.or.kr/openapi/fileToss.jsp?arg=75a63eed5a438998f9dc3380f5cb642cd56dcb0e0f0995b08fe3e6d10b56cc3d0c2a77a9be3fcd51aa99775730a8a2f5917514f2210554c1,http://plus.kipris.or.kr/openapi/fileToss.jsp?arg=75a63eed5a438998f9dc3380f5cb642cd56dcb0e0f0995b0f32787804da8b7ad040f0c1c9fe98f73f8a44c81d3bee001408d05349c8b9aad,0.7794236540794373,0.9340630769729614,0.8258154392242432,0
1051,3020000018873-09-01,3020000009398-09-01,화장품 용기,화장품 용기,http://plus.kipris.or.kr/openapi/fileToss.jsp?arg=75a63eed5a438998f9dc3380f5cb642cd56dcb0e0f0995b0deac54f8925f4c7d01c27b3b9348c7970f10a5e9739eef09c7c66ee3858fb970,http://plus.kipris.or.kr/openapi/fileToss.jsp?arg=75a63eed5a438998f9dc3380f5cb642cd56dcb0e0f0995b073590199e4f1dc1639c043446a843f3453d8537be613b734f0bcb2696dd3591d,0.6533600687980652,0.9255290031433105,0.7350107431411743,0
1052,3020000017301-09-01,3020000015283-09-01,포장용 용기,화장품 용기,http://plus.kipris.or.kr/openapi/fileToss.jsp?arg=75a63eed5a438998f9dc3380f5cb642cd56dcb0e0f0995b0d8ee6709638b6fa147789b22cdad698429792590cfe896e3d012088ce5d6ea89,http://plus.kipris.or.kr/openapi/fileToss.jsp?arg=75a63eed5a438998f9dc3380f5cb642cd56dcb0e0f0995b07ba686bc001e12b75d136b4df6d33bb5e8005246d5d2fdb94ef8f01cc2d2f484,0.888408899307251,0.8427177667617798,0.8747014999389648,0
1053,3020000030702-09-01,3020000023255-09-01,음료수 병,식품용용기,http://plus.kipris.or.kr/openapi/fileToss.jsp?arg=75a63eed5a438998f9dc3380f5cb642cd56dcb0e0f0995b0b9420cad9c5990e0b9dddcdc7170a0769ff13faeaeaa94404ca37487e091c725,http://plus.kipris.or.kr/openapi/fileToss.jsp?arg=75a63eed5a438998f9dc3380f5cb642cd56dcb0e0f0995b09b1f6789fb975124ddde99bf437cdce8167068b4ae391de328aeb8721da6ab53,0.8916710615158081,0.7901522517204285,0.8612154126167297,0
1054,3020000020571-09-01,3020000026403-09-01,화장품 용기,액체 화장품 용기,http://plus.kipris.or.kr/openapi/fileToss.jsp?arg=75a63eed5a438998f9dc3380f5cb642cd56dcb0e0f0995b0bea0399dd2b7a3e5b435903018a1a9f5132e0826c9f45c0b750ed7abfd35ac89,http://plus.kipris.or.kr/openapi/fileToss.jsp?arg=75a63eed5a438998f9dc3380f5cb642cd56dcb0e0f0995b035c516d305aed14500996500c539b991471cdddbac838f411806d9f462d046cd,0.8880587816238403,0.8713366985321045,0.8830422163009644,0
1055,3020000009318-09-01,3020000029919-09-01,화장품용기,화장품 용기,http://plus.kipris.or.kr/openapi/fileToss.jsp?arg=75a63eed5a438998f9dc3380f5cb642cd56dcb0e0f0995b073590199e4f1dc160d6f56a27c91bf2603769c37490c955fcc59d6f3bb8abd30,http://plus.kipris.or.kr/openapi/fileToss.jsp?arg=75a63eed5a438998f9dc3380f5cb642cd56dcb0e0f0995b011f68ef22f394dd2f0b8046f71cf13a1b9d33cb8e9020588ed6a0d68e3ec1d79,0.8142802119255066,0.851415753364563,0.8254208564758301,0
1056,3020000015341-09-01,3020000000638-09-01,포장용용기,화장품용기,http://plus.kipris.or.kr/openapi/fileToss.jsp?arg=75a63eed5a438998f9dc3380f5cb642cd56dcb0e0f0995b07ba686bc001e12b775060f5fe4c5113b2881bebb645c6d6d471c2d66a964e47b,http://plus.kipris.or.kr/openapi/fileToss.jsp?arg=75a63eed5a438998f9dc3380f5cb642cd56dcb0e0f0995b0cc72ed919b34230099f327e961a5ac512f1a2de92956eab0b7299949995cde22,0.8297179341316223,0.848961353302002,0.8354909420013428,0
1057,3020000005379-09-01,3020000015227-09-01,포장용 술병,포장용 용기,http://plus.kipris.or.kr/openapi/fileToss.jsp?arg=75a63eed5a438998f9dc3380f5cb642cd56dcb0e0f0995b08fe3e6d10b56cc3d7130e33ba6c2605b9e77521b40d6dd65c1fed611a28f66c8,http://plus.kipris.or.kr/openapi/fileToss.jsp?arg=75a63eed5a438998f9dc3380f5cb642cd56dcb0e0f0995b07ba686bc001e12b736b25ce876b15bae7730a44f7e7c3c637a16adabc614eea4,0.7664421200752258,0.8989676833152771,0.8061997890472412,0
1058,3020000006512-09-01,3020000019784-09-01,화장품 용기,식품포장용기,http://plus.kipris.or.kr/openapi/fileToss.jsp?arg=75a63eed5a438998f9dc3380f5cb642cd56dcb0e0f0995b0187836737e94fb39ab7bc0f298779f6f32570258f056ce601b2312a134d92016,http://plus.kipris.or.kr/openapi/fileToss.jsp?arg=75a63eed5a438998f9dc3380f5cb642cd56dcb0e0f0995b0f63a2eefd11079d0981ed2fff931e701fbc7d790be4e303270d8c12df89d962f,0.9453299045562744,0.7857567071914673,0.8974579572677612,0
1059,3020000033180-09-01,3020000029794-09-01,샴푸용기,회전식 지압기가 부설된 약병,http://plus.kipris.or.kr/openapi/fileToss.jsp?arg=75a63eed5a438998f9dc3380f5cb642cd56dcb0e0f0995b0f32787804da8b7ad453014fa1c02db95feda83a3e23f4f978e2be156b82b6d55,http://plus.kipris.or.kr/openapi/fileToss.jsp?arg=75a63eed5a438998f9dc3380f5cb642cd56dcb0e0f0995b011f68ef22f394dd2b168e780477751b51e99ed8a78b3e519a21802e7eb3b82ca,0.7498191595077515,0.698355495929718,0.7343800067901611,0
1060,3020000012835-09-01,3020000005512-09-01,향수병,화장품 용기,http://plus.kipris.or.kr/openapi/fileToss.jsp?arg=75a63eed5a438998f9dc3380f5cb642cd56dcb0e0f0995b08964a6c84ce8cbe136b914a53e58c31f5a71b47ce7755bd513b94e54f0b431bd,http://plus.kipris.or.kr/openapi/fileToss.jsp?arg=75a63eed5a438998f9dc3380f5cb642cd56dcb0e0f0995b08fe3e6d10b56cc3d22f91fa31f9e4b5d2d45b21b61a48a4924b50fbbb2d5be3d,0.8272057175636292,0.8307535648345947,0.8282700777053833,0
1061,3020000029020-09-01,3020000017678-09-01,화장품 용기,화장품 용기,http://plus.kipris.or.kr/openapi/fileToss.jsp?arg=75a63eed5a438998f9dc3380f5cb642cd56dcb0e0f0995b011f68ef22f394dd23d3e52e393d986e319bf88371b57d9b899ba9a0e99f58c00,http://plus.kipris.or.kr/openapi/fileToss.jsp?arg=75a63eed5a438998f9dc3380f5cb642cd56dcb0e0f0995b0d8ee6709638b6fa1301e6f2c98fb3cd7de5ea6188540573aadafd1336c5a94cd,0.7842227220535278,0.9109612703323364,0.8222442865371704,0
1062,3020000017424-09-01,3020000023374-09-01,포장용 용기,화장품 용기,http://plus.kipris.or.kr/openapi/fileToss.jsp?arg=75a63eed5a438998f9dc3380f5cb642cd56dcb0e0f0995b0d8ee6709638b6fa14d030d93d9fd28c422622fd25edaa01a78e482280cb1f89e,http://plus.kipris.or.kr/openapi/fileToss.jsp?arg=75a63eed5a438998f9dc3380f5cb642cd56dcb0e0f0995b09b1f6789fb97512449882dd38eee7b7064b74edfc766566421bbff463c3a2fee,0.836239218711853,0.8291016817092896,0.8340979814529419,0
1063,3020000022803-09-01,3020000030881-09-01,화장품 용기,화장품 용기,http://plus.kipris.or.kr/openapi/fileToss.jsp?arg=75a63eed5a438998f9dc3380f5cb642cd56dcb0e0f0995b02e6ec20e9488ca6644c75fa6ac71ce2d8057436539fb08fc6ab75a04f3cbf8dd,http://plus.kipris.or.kr/openapi/fileToss.jsp?arg=75a63eed5a438998f9dc3380f5cb642cd56dcb0e0f0995b0b9420cad9c5990e04c31abfa397402970083ce663c5526a3b4b7383627bfa628,0.7544417381286621,0.9459123015403748,0.8118828535079956,0
1064,3020000026714-09-01,3020000015292-09-01,양념장포장용용기,화장품 용기,http://plus.kipris.or.kr/openapi/fileToss.jsp?arg=75a63eed5a438998f9dc3380f5cb642cd56dcb0e0f0995b035c516d305aed145d03b9d9d2a0fe85b75f03b4602eac21ee86347a45aa5360a,http://plus.kipris.or.kr/openapi/fileToss.jsp?arg=75a63eed5a438998f9dc3380f5cb642cd56dcb0e0f0995b07ba686bc001e12b76e1758ca08fef1f14f2a37a2d5f23b27365bbba84aa76eaa,0.7754731774330139,0.7581442594528198,0.7702745199203491,0
1065,3020000033178-09-01,3020000029032-09-01,샴푸용기,포장용기,http://plus.kipris.or.kr/openapi/fileToss.jsp?arg=75a63eed5a438998f9dc3380f5cb642cd56dcb0e0f0995b0f32787804da8b7ad260e51bd8f6e3480046220d68d97e79a855aaac640f526b6,http://plus.kipris.or.kr/openapi/fileToss.jsp?arg=75a63eed5a438998f9dc3380f5cb642cd56dcb0e0f0995b011f68ef22f394dd26e88aba601c1a5ffaffd7513bd7646c20ddae1b6fb620e06,0.8474747538566589,0.6634213328361511,0.7922587394714355,0
1066,3020000010912-09-01,3020000028256-09-01,향수병,화장품 용기,http://plus.kipris.or.kr/openapi/fileToss.jsp?arg=75a63eed5a438998f9dc3380f5cb642cd56dcb0e0f0995b0ef3ea9b059e124218e78add10628828341da67d0ed53295d6a0af23733df8149,http://plus.kipris.or.kr/openapi/fileToss.jsp?arg=75a63eed5a438998f9dc3380f5cb642cd56dcb0e0f0995b0227542a1f24a736184b9181791c18e4f9bbb78984b7019f5c87cfb526ecfa724,0.8378645181655884,0.7567539811134338,0.8135313987731934,0
1067,3020000028555-09-01,3020000024465-09-01,향수병{PERFUME BOTTLE},포장용 용기,http://plus.kipris.or.kr/openapi/fileToss.jsp?arg=75a63eed5a438998f9dc3380f5cb642cd56dcb0e0f0995b0227542a1f24a73610c8bbe2556fb255ef8db2587fe0aeba6fc895bcde50c8cfb,http://plus.kipris.or.kr/openapi/fileToss.jsp?arg=75a63eed5a438998f9dc3380f5cb642cd56dcb0e0f0995b005b3db6b458aa73be969790f4b87eaa590971886d7a6ca3eca5c21edfc41aa09,0.8677474856376648,0.8161633014678955,0.8522722721099854,0
1068,3020000006440-09-01,3020000022024-09-01,화장품 용기,포장용 병,http://plus.kipris.or.kr/openapi/fileToss.jsp?arg=75a63eed5a438998f9dc3380f5cb642cd56dcb0e0f0995b0187836737e94fb39d0891ba1d3de6d9279859d3df70fc18175e9942d24418bdb,http://plus.kipris.or.kr/openapi/fileToss.jsp?arg=75a63eed5a438998f9dc3380f5cb642cd56dcb0e0f0995b02e6ec20e9488ca66d73e29b516cdfdccf54611c38e60fb248b05a8081f946396,0.7523149847984314,0.7971404790878296,0.7657626867294312,0
1069,3020000024534-09-01,3020000033581-09-01,화장품 용기,화장품 용기,http://plus.kipris.or.kr/openapi/fileToss.jsp?arg=75a63eed5a438998f9dc3380f5cb642cd56dcb0e0f0995b005b3db6b458aa73bad765829c40530d0971c65a9ec7bb8546091ac9966bf9529,http://plus.kipris.or.kr/openapi/fileToss.jsp?arg=75a63eed5a438998f9dc3380f5cb642cd56dcb0e0f0995b0f32787804da8b7ad0513baa27761822439170e720f5e6e3cd3f6c00c4cf1a818,0.764758825302124,0.8341512680053711,0.785576581954956,0
1070,3020000032447-09-01,3020000025496-09-01,포장용 용기,화장품용기,http://plus.kipris.or.kr/openapi/fileToss.jsp?arg=75a63eed5a438998f9dc3380f5cb642cd56dcb0e0f0995b056fef538e42de114adfcf72cc6314c12724d86072dd1e0e107fa13acc2a40bfb,http://plus.kipris.or.kr/openapi/fileToss.jsp?arg=75a63eed5a438998f9dc3380f5cb642cd56dcb0e0f0995b07a28099d0ef98e17fe87dc1610c15d7febbc7abbf82666fc28a0bee1d9045ae3,0.7870187163352966,0.8536921739578247,0.8070207834243774,0
1071,3020000002328-09-01,3020000024008-09-01,화장품용 용기,포장용 용기,http://plus.kipris.or.kr/openapi/fileToss.jsp?arg=75a63eed5a438998f9dc3380f5cb642cd56dcb0e0f0995b0680d52483fc7b07d916a4a7b517f831f101577971270299eca4d7065cca876f7,http://plus.kipris.or.kr/openapi/fileToss.jsp?arg=75a63eed5a438998f9dc3380f5cb642cd56dcb0e0f0995b005b3db6b458aa73b151a4a7d8a9837b37ab1ca3487f1f06775b659025e1b47e0,0.7931644320487976,0.8767877817153931,0.8182514905929565,0
1072,3020000016423-09-01,3020000019784-09-01,화장품 용기,식품포장용기,http://plus.kipris.or.kr/openapi/fileToss.jsp?arg=75a63eed5a438998f9dc3380f5cb642cd56dcb0e0f0995b0edd65ac4880d0f0cde88f35c1b19cc9c55a541844b9516d20e124d85b6a93260,http://plus.kipris.or.kr/openapi/fileToss.jsp?arg=75a63eed5a438998f9dc3380f5cb642cd56dcb0e0f0995b0f63a2eefd11079d0981ed2fff931e701fbc7d790be4e30329b2aaa27282999fa,0.7010352611541748,0.7736971378326416,0.7228338122367859,0
1073,3020000020789-09-01,3020000017455-09-01,포장용 용기,화장품 용기,http://plus.kipris.or.kr/openapi/fileToss.jsp?arg=75a63eed5a438998f9dc3380f5cb642cd56dcb0e0f0995b0bea0399dd2b7a3e5217ce7d5ae936bbd6329e9ab186760da39da44d01493d956,http://plus.kipris.or.kr/openapi/fileToss.jsp?arg=75a63eed5a438998f9dc3380f5cb642cd56dcb0e0f0995b0d8ee6709638b6fa1605fd1147d87744e95705c59a14473abb5fbe114dec06d80,0.9207308888435364,0.796933650970459,0.8835917711257935,0
1074,3020000029206-09-01,3020000006727-09-01,음료용캔,세제용 포장용기,http://plus.kipris.or.kr/openapi/fileToss.jsp?arg=75a63eed5a438998f9dc3380f5cb642cd56dcb0e0f0995b011f68ef22f394dd2b6f51bfd28952d99654a7c38e8148a63b43938ce9f99e6a8,http://plus.kipris.or.kr/openapi/fileToss.jsp?arg=75a63eed5a438998f9dc3380f5cb642cd56dcb0e0f0995b0187836737e94fb3936dc5400ed0040d0d21887e1a0ec8680293cec3eaa7b6b22,0.7269205451011658,0.7555273771286011,0.7355026006698608,0
1075,3020000030843-09-01,3020000031444-09-01,화장품용기,화장품 용기,http://plus.kipris.or.kr/openapi/fileToss.jsp?arg=75a63eed5a438998f9dc3380f5cb642cd56dcb0e0f0995b0b9420cad9c5990e0a4a05627aedca40ca750b1c56ce2af313705db84e0176d57,http://plus.kipris.or.kr/openapi/fileToss.jsp?arg=75a63eed5a438998f9dc3380f5cb642cd56dcb0e0f0995b089d7a621b89857a21e79e0b1232a9ae91a3f9080e95cd3ddcf0c21bad484f181,0.6989741325378418,0.8753467798233032,0.7518859505653381,0
1076,3020000029148-09-01,3020000015339-09-01,술병,포장용용기,http://plus.kipris.or.kr/openapi/fileToss.jsp?arg=75a63eed5a438998f9dc3380f5cb642cd56dcb0e0f0995b011f68ef22f394dd2b1e8fa62f7dbf6eb93ae353ab0d4ab67b7457a49a227093b,http://plus.kipris.or.kr/openapi/fileToss.jsp?arg=75a63eed5a438998f9dc3380f5cb642cd56dcb0e0f0995b07ba686bc001e12b728fe4adef1c4451cf9a1474bbf259849b03fc248b3075e03,0.8354290723800659,0.7331092357635498,0.804733157157898,0
1077,3020000005898-09-01,3020000032578-09-01,화장품 용기,화장품 용기,http://plus.kipris.or.kr/openapi/fileToss.jsp?arg=75a63eed5a438998f9dc3380f5cb642cd56dcb0e0f0995b08fe3e6d10b56cc3d9f98bc4caf4fb052f4fcc92f245ce3352ce60ba1daa839cc,http://plus.kipris.or.kr/openapi/fileToss.jsp?arg=75a63eed5a438998f9dc3380f5cb642cd56dcb0e0f0995b056fef538e42de114a5789ee7e1d70e892127d09ddd1ea1805f8c6aecfcab832b,0.8065087795257568,0.9144319891929626,0.8388857245445251,0
1078,3020000029850-09-01,3020000030806-09-01,화장품 용기,화장품 용기,http://plus.kipris.or.kr/openapi/fileToss.jsp?arg=75a63eed5a438998f9dc3380f5cb642cd56dcb0e0f0995b011f68ef22f394dd236632737541405a7ab0a694fe030fe05e522c79585423121,http://plus.kipris.or.kr/openapi/fileToss.jsp?arg=75a63eed5a438998f9dc3380f5cb642cd56dcb0e0f0995b0b9420cad9c5990e07e891c91ed3c638d5dcbf45ab163ad9a924e0aa3018eddb8,0.766659140586853,0.9572661519050598,0.8238412141799927,0
1079,3020000019784-09-01,3020000001944-09-01,식품포장용기,포장용 용기,http://plus.kipris.or.kr/openapi/fileToss.jsp?arg=75a63eed5a438998f9dc3380f5cb642cd56dcb0e0f0995b0f63a2eefd11079d0981ed2fff931e701fbc7d790be4e303270d8c12df89d962f,http://plus.kipris.or.kr/openapi/fileToss.jsp?arg=75a63eed5a438998f9dc3380f5cb642cd56dcb0e0f0995b0b700f0235c7824b0b43f28481065a752e5d089eb08c5234976bc5ca847ba75b3,0.7807740569114685,0.8801136016845703,0.8105759024620056,0
1080,3020000031695-09-01,3020000010705-09-01,화장품 용기,화장품용기,http://plus.kipris.or.kr/openapi/fileToss.jsp?arg=75a63eed5a438998f9dc3380f5cb642cd56dcb0e0f0995b089d7a621b89857a2fe66ea06c9f515a9617e0f7f5f4b7a6fc480c7f708f37ecf,http://plus.kipris.or.kr/openapi/fileToss.jsp?arg=75a63eed5a438998f9dc3380f5cb642cd56dcb0e0f0995b0ef3ea9b059e12421eb4ff90610f382b9e11a7aad05f556e000c13afd508eea5c,0.7192937135696411,0.9060952663421631,0.7753341794013977,0
1081,3020000028667-09-01,3020000012834-09-01,포장용 용기,향수병,http://plus.kipris.or.kr/openapi/fileToss.jsp?arg=75a63eed5a438998f9dc3380f5cb642cd56dcb0e0f0995b0227542a1f24a7361e3d4617c23baf4476907d466f34874c9ef72a594bb620166,http://plus.kipris.or.kr/openapi/fileToss.jsp?arg=75a63eed5a438998f9dc3380f5cb642cd56dcb0e0f0995b08964a6c84ce8cbe136b914a53e58c31f8da15c97024331bb92fde4a19649106b,0.8850763440132141,0.8075078725814819,0.86180579662323,0
1082,3020000025393-09-01,3020000025138-09-01,향수 용기,화장품용기,http://plus.kipris.or.kr/openapi/fileToss.jsp?arg=75a63eed5a438998f9dc3380f5cb642cd56dcb0e0f0995b07a28099d0ef98e17b4fee342a5c9b755696247e88ba73474be2b6c4a4d0a48e1,http://plus.kipris.or.kr/openapi/fileToss.jsp?arg=75a63eed5a438998f9dc3380f5cb642cd56dcb0e0f0995b07a28099d0ef98e17a76fe1c93404a74a0424f5d261988b9ca89cc7e4bc3e72ab,0.8004478812217712,0.7398478984832764,0.7822679281234741,0
1083,3020000011906-09-01,3020000030881-09-01,포장용 용기,화장품 용기,http://plus.kipris.or.kr/openapi/fileToss.jsp?arg=75a63eed5a438998f9dc3380f5cb642cd56dcb0e0f0995b070abdd713d0b290a0b1bd5557f830a499fe53da63e378f7cdc965c8573efdb95,http://plus.kipris.or.kr/openapi/fileToss.jsp?arg=75a63eed5a438998f9dc3380f5cb642cd56dcb0e0f0995b0b9420cad9c5990e04c31abfa397402975302087c776b8d55192a6a529b0ed4c5,0.6890326142311096,0.7821312546730042,0.7169622182846069,0
1084,3020000015283-09-01,3020000029520-09-01,화장품 용기,화장품용기,http://plus.kipris.or.kr/openapi/fileToss.jsp?arg=75a63eed5a438998f9dc3380f5cb642cd56dcb0e0f0995b07ba686bc001e12b75d136b4df6d33bb5e8005246d5d2fdb94ef8f01cc2d2f484,http://plus.kipris.or.kr/openapi/fileToss.jsp?arg=75a63eed5a438998f9dc3380f5cb642cd56dcb0e0f0995b011f68ef22f394dd2174e1bc993429f5e33af49a418a5c6f54e7bca7ce4edd4c3,0.6012569069862366,0.9848712682723999,0.7163412570953369,0
1085,3020000028282-09-01,3020000017424-09-01,포장용 용기,포장용 용기,http://plus.kipris.or.kr/openapi/fileToss.jsp?arg=75a63eed5a438998f9dc3380f5cb642cd56dcb0e0f0995b0227542a1f24a7361c5f2b82111502f219a26afd797e95518715309c77f2eaf8b,http://plus.kipris.or.kr/openapi/fileToss.jsp?arg=75a63eed5a438998f9dc3380f5cb642cd56dcb0e0f0995b0d8ee6709638b6fa14d030d93d9fd28c422622fd25edaa01a78e482280cb1f89e,0.7542047500610352,0.9158499836921692,0.8026983141899109,0
1086,3020000026403-09-01,3020000000847-09-01,액체 화장품 용기,포장용 병,http://plus.kipris.or.kr/openapi/fileToss.jsp?arg=75a63eed5a438998f9dc3380f5cb642cd56dcb0e0f0995b035c516d305aed14500996500c539b991471cdddbac838f413783ed0d310efe62,http://plus.kipris.or.kr/openapi/fileToss.jsp?arg=75a63eed5a438998f9dc3380f5cb642cd56dcb0e0f0995b0cc72ed919b342300e99b2acfcc6c677b67dc73b10471490904d87b0dc1c81449,0.8692172169685364,0.7445288300514221,0.831810712814331,0
1087,3020000006745-09-01,3020000024348-09-01,화장품 용기,개인용 세제 용기,http://plus.kipris.or.kr/openapi/fileToss.jsp?arg=75a63eed5a438998f9dc3380f5cb642cd56dcb0e0f0995b0187836737e94fb396332e3fa732ce845f8c27c7491e8a675751d7c82102ce4b3,http://plus.kipris.or.kr/openapi/fileToss.jsp?arg=75a63eed5a438998f9dc3380f5cb642cd56dcb0e0f0995b005b3db6b458aa73bb6f93c107a5863dda9dd3ddeee8bc0361bb9dcd1f98ec175,0.8173399567604065,0.788658618927002,0.8087355494499207,0
1088,3020000024534-09-01,3020000031247-09-01,화장품 용기,화장품용기,http://plus.kipris.or.kr/openapi/fileToss.jsp?arg=75a63eed5a438998f9dc3380f5cb642cd56dcb0e0f0995b005b3db6b458aa73bad765829c40530d0971c65a9ec7bb85405260d50d0bb67f2,http://plus.kipris.or.kr/openapi/fileToss.jsp?arg=75a63eed5a438998f9dc3380f5cb642cd56dcb0e0f0995b089d7a621b89857a2cf83cf6c7d54a290c5c6ea32d42da47923b41eca86012c6e,0.7795330882072449,0.873719334602356,0.8077889680862427,0
1089,3020000033574-09-01,3020000030584-09-01,향수용기,포장용 병,http://plus.kipris.or.kr/openapi/fileToss.jsp?arg=75a63eed5a438998f9dc3380f5cb642cd56dcb0e0f0995b0f32787804da8b7add5c4bca3f493f084fbe15d523da3e9db8ccd76f029caf399,http://plus.kipris.or.kr/openapi/fileToss.jsp?arg=75a63eed5a438998f9dc3380f5cb642cd56dcb0e0f0995b0b9420cad9c5990e068550a177cec7d2edc1565c58296d37fbe6a58bf9fe8a6a8,0.8827020525932312,0.7782120704650879,0.8513550758361816,0
1090,3020000015281-09-01,3020000018767-09-01,화장품 용기,음료병,http://plus.kipris.or.kr/openapi/fileToss.jsp?arg=75a63eed5a438998f9dc3380f5cb642cd56dcb0e0f0995b07ba686bc001e12b75d136b4df6d33bb5ee7af5f7920fa4cdaa78fb6810122261,http://plus.kipris.or.kr/openapi/fileToss.jsp?arg=75a63eed5a438998f9dc3380f5cb642cd56dcb0e0f0995b0deac54f8925f4c7dff73e655a395ca11d28cbcfed16a1af1631da0ac5186c69f,0.8008268475532532,0.6376301646232605,0.7518678307533264,0
1091,3020000028256-09-01,3020000014579-09-01,화장품 용기,화장품 용기,http://plus.kipris.or.kr/openapi/fileToss.jsp?arg=75a63eed5a438998f9dc3380f5cb642cd56dcb0e0f0995b0227542a1f24a736184b9181791c18e4f9bbb78984b7019f5821c74b50d6ca9ae,http://plus.kipris.or.kr/openapi/fileToss.jsp?arg=75a63eed5a438998f9dc3380f5cb642cd56dcb0e0f0995b0606f4df1f99f4081da884fb4a8264f853de525951de7fb995ffb9b562ce73873,0.8266900777816772,0.9558655619621277,0.86544269323349,0
1092,3020000015227-09-01,3020000007018-09-01,포장용 용기,화장품 용기,http://plus.kipris.or.kr/openapi/fileToss.jsp?arg=75a63eed5a438998f9dc3380f5cb642cd56dcb0e0f0995b07ba686bc001e12b736b25ce876b15bae7730a44f7e7c3c63098ea1abf86f2e94,http://plus.kipris.or.kr/openapi/fileToss.jsp?arg=75a63eed5a438998f9dc3380f5cb642cd56dcb0e0f0995b0fdcd45318d7ff23c36f1af0f6d6ef80329232ca9d0c35738d18e14f450e82310,0.7848602533340454,0.8312677145004272,0.798782467842102,0
1093,3020000029872-09-01,3020000005512-09-01,화장품용기,화장품 용기,http://plus.kipris.or.kr/openapi/fileToss.jsp?arg=75a63eed5a438998f9dc3380f5cb642cd56dcb0e0f0995b011f68ef22f394dd26a964075748e6c189291de851176d71c89cd4582ddc13bc0,http://plus.kipris.or.kr/openapi/fileToss.jsp?arg=75a63eed5a438998f9dc3380f5cb642cd56dcb0e0f0995b08fe3e6d10b56cc3d22f91fa31f9e4b5d2d45b21b61a48a49e962137ba71b9699,0.7904798984527588,0.876638650894165,0.8163275122642517,0
1094,3020000017832-09-01,3020000019784-09-01,샴푸용 용기,식품포장용기,http://plus.kipris.or.kr/openapi/fileToss.jsp?arg=75a63eed5a438998f9dc3380f5cb642cd56dcb0e0f0995b0d8ee6709638b6fa1fddf850691b23642f5eb7e1e4cb47959ff97ba612ba69dfa,http://plus.kipris.or.kr/openapi/fileToss.jsp?arg=75a63eed5a438998f9dc3380f5cb642cd56dcb0e0f0995b0f63a2eefd11079d0981ed2fff931e701fbc7d790be4e30329b2aaa27282999fa,0.8884270191192627,0.7678133249282837,0.8522428870201111,0
1095,3020000017908-09-01,3020000011905-09-01,화장품 용기,포장용 용기,http://plus.kipris.or.kr/openapi/fileToss.jsp?arg=75a63eed5a438998f9dc3380f5cb642cd56dcb0e0f0995b0d8ee6709638b6fa1182d19b659de8ba0b15a67581927d86f68cb9a7bb0f72dd6,http://plus.kipris.or.kr/openapi/fileToss.jsp?arg=75a63eed5a438998f9dc3380f5cb642cd56dcb0e0f0995b070abdd713d0b290a0b1bd5557f830a49d15bb8fcee375a0edd8db36889a77038,0.7435020208358765,0.7598745822906494,0.7484138011932373,0
1096,3020000004362-09-01,3020000024951-09-01,식음료용 병,크림용기,http://plus.kipris.or.kr/openapi/fileToss.jsp?arg=75a63eed5a438998f9dc3380f5cb642cd56dcb0e0f0995b03069a7817908f14f862ab5db3dff0eb92fd7fdd29ff88e10e25acfb8517467b6,http://plus.kipris.or.kr/openapi/fileToss.jsp?arg=75a63eed5a438998f9dc3380f5cb642cd56dcb0e0f0995b005b3db6b458aa73be2c5f00e2cd5aa817bedf7b1a2dee2d26fadb6cca1c44751,0.8577448129653931,0.7752599716186523,0.8329993486404419,0
1097,3020000030342-09-01,3020000020788-09-01,화장품 용기,포장용 용기,http://plus.kipris.or.kr/openapi/fileToss.jsp?arg=75a63eed5a438998f9dc3380f5cb642cd56dcb0e0f0995b0b9420cad9c5990e003a10973d6bdbbe34aae12fced3042637aa1ff25d78178f1,http://plus.kipris.or.kr/openapi/fileToss.jsp?arg=75a63eed5a438998f9dc3380f5cb642cd56dcb0e0f0995b0bea0399dd2b7a3e5217ce7d5ae936bbd90eef2e869c5b1133db298fa9f572d88,0.8211638331413269,0.7969395518302917,0.8138965368270874,0
1098,3020000022730-09-01,3020000014928-09-01,화장품 용기,음료용기,http://plus.kipris.or.kr/openapi/fileToss.jsp?arg=75a63eed5a438998f9dc3380f5cb642cd56dcb0e0f0995b02e6ec20e9488ca665d75c594757a4c0f008d486e96cdc70fce0d3e8dca9c3675,http://plus.kipris.or.kr/openapi/fileToss.jsp?arg=75a63eed5a438998f9dc3380f5cb642cd56dcb0e0f0995b0606f4df1f99f408187506cb30276f5d07245a750976a37929ebdf3e32df82961,0.7777310609817505,0.5073162317276001,0.6966065764427185,0
1099,3020000027881-09-01,3020000000778-09-01,겔물질 분배용 포장용기,포장용 용기,http://plus.kipris.or.kr/openapi/fileToss.jsp?arg=75a63eed5a438998f9dc3380f5cb642cd56dcb0e0f0995b01b6467bd697fe99cfe4409446e4a704c8be7ac65fc8f18dd9b3b441ea573abbd,http://plus.kipris.or.kr/openapi/fileToss.jsp?arg=75a63eed5a438998f9dc3380f5cb642cd56dcb0e0f0995b0cc72ed919b3423003267d3a705c3e4d98f27ea2c522497ce3a6a7e123a759346,0.8471558690071106,0.8006030321121216,0.8331900238990784,0
1100,3020000027388-09-01,3020000000039-09-01,포장용 용기,포장용 병,http://plus.kipris.or.kr/openapi/fileToss.jsp?arg=75a63eed5a438998f9dc3380f5cb642cd56dcb0e0f0995b01b6467bd697fe99cc883ae80263b6d6f03450d55259062fb45bb864d044353c8,http://plus.kipris.or.kr/openapi/fileToss.jsp?arg=75a63eed5a438998f9dc3380f5cb642cd56dcb0e0f0995b0cc72ed919b342300e663df0ee35bc8c6f313984ff39eaf8e6f1959c75f61fb10,0.6714516878128052,0.792759358882904,0.7078440189361572,0
1101,3020000029020-09-01,3020000028626-09-01,화장품 용기,포장용 병,http://plus.kipris.or.kr/openapi/fileToss.jsp?arg=75a63eed5a438998f9dc3380f5cb642cd56dcb0e0f0995b011f68ef22f394dd23d3e52e393d986e319bf88371b57d9b899ba9a0e99f58c00,http://plus.kipris.or.kr/openapi/fileToss.jsp?arg=75a63eed5a438998f9dc3380f5cb642cd56dcb0e0f0995b0227542a1f24a7361a615bd7b9a4da4d25314d588717f4a34c78e95f3bcb8cd84,0.7160664796829224,0.8590870499610901,0.7589726448059082,0
1102,3020000013864-09-01,3020000016999-09-01,포장용 용기,포장용 용기,http://plus.kipris.or.kr/openapi/fileToss.jsp?arg=75a63eed5a438998f9dc3380f5cb642cd56dcb0e0f0995b0bdcfae06342df685f8cbf1fb50c4736d5266c6728b66f1077e16534504d7cd5f,http://plus.kipris.or.kr/openapi/fileToss.jsp?arg=75a63eed5a438998f9dc3380f5cb642cd56dcb0e0f0995b0edd65ac4880d0f0cc2c085a4246e7b661a17b81247c5a3ca93881c11f2425c11,0.762397050857544,0.9348959922790527,0.8141467571258545,0
1103,3020000017457-09-01,3020000024008-09-01,디스펜서 용기,포장용 용기,http://plus.kipris.or.kr/openapi/fileToss.jsp?arg=75a63eed5a438998f9dc3380f5cb642cd56dcb0e0f0995b0d8ee6709638b6fa1605fd1147d87744ea21948e4c4973be53e982a5b05447c21,http://plus.kipris.or.kr/openapi/fileToss.jsp?arg=75a63eed5a438998f9dc3380f5cb642cd56dcb0e0f0995b005b3db6b458aa73b151a4a7d8a9837b37ab1ca3487f1f0672cbdc8178c10501a,0.850835919380188,0.9395273327827454,0.8774433135986328,0
1104,3020000011312-09-01,3020000030710-09-01,술병,향수 용기,http://plus.kipris.or.kr/openapi/fileToss.jsp?arg=75a63eed5a438998f9dc3380f5cb642cd56dcb0e0f0995b070abdd713d0b290a5ffe1b8eef7e114d8d90f591f2f6baf858c83de5d23bcd84,http://plus.kipris.or.kr/openapi/fileToss.jsp?arg=75a63eed5a438998f9dc3380f5cb642cd56dcb0e0f0995b0b9420cad9c5990e04e6a47733b7591c4ce6c1908f6b3f36c9485f71127d398c5,0.6565322875976562,0.8264195919036865,0.7074984908103943,0
1105,3020000027377-09-01,3020000007016-09-01,향 수 병,화장품 용기,http://plus.kipris.or.kr/openapi/fileToss.jsp?arg=75a63eed5a438998f9dc3380f5cb642cd56dcb0e0f0995b01b6467bd697fe99c825062ac0a4e0cbbf37c817a70113aa45b84a61339af4260,http://plus.kipris.or.kr/openapi/fileToss.jsp?arg=75a63eed5a438998f9dc3380f5cb642cd56dcb0e0f0995b0fdcd45318d7ff23c36f1af0f6d6ef803f906a7022218d5ff6d3662ddbf7c95bf,0.6917591691017151,0.7407088279724121,0.7064440846443176,0
1106,3020000023185-09-01,3020000027513-09-01,포장용병,샴푸 용기,http://plus.kipris.or.kr/openapi/fileToss.jsp?arg=75a63eed5a438998f9dc3380f5cb642cd56dcb0e0f0995b09b1f6789fb9751242533b64b5fbcb82720ee481b66fa8918055c299e084db70f,http://plus.kipris.or.kr/openapi/fileToss.jsp?arg=75a63eed5a438998f9dc3380f5cb642cd56dcb0e0f0995b01b6467bd697fe99c5b52ca7a735e0f06789d15109049a90d49e104db03a0bd08,0.7122841477394104,0.6626777648925781,0.6974022388458252,0
1107,3020000017500-09-01,3020000015200-09-01,포장용 용기,화장품 용기,http://plus.kipris.or.kr/openapi/fileToss.jsp?arg=75a63eed5a438998f9dc3380f5cb642cd56dcb0e0f0995b0d8ee6709638b6fa11020c731eccb4d075f80d2fe240a7cb0d37a06b4770b97e4,http://plus.kipris.or.kr/openapi/fileToss.jsp?arg=75a63eed5a438998f9dc3380f5cb642cd56dcb0e0f0995b07ba686bc001e12b7ebd23e10645d463a3bdf3df38bb1a27541c0e1286d805aa5,0.6941426396369934,0.8564121127128601,0.7428234815597534,0
1108,3020000017832-09-01,3020000010998-09-01,샴푸용 용기,포장용 용기,http://plus.kipris.or.kr/openapi/fileToss.jsp?arg=75a63eed5a438998f9dc3380f5cb642cd56dcb0e0f0995b0d8ee6709638b6fa1fddf850691b23642f5eb7e1e4cb479594afa6bbb7c9415aa,http://plus.kipris.or.kr/openapi/fileToss.jsp?arg=75a63eed5a438998f9dc3380f5cb642cd56dcb0e0f0995b0ef3ea9b059e1242154c6c6b21c086873fa90fc2cd032beb603a9275fe13adf5e,0.7802959680557251,0.8308055400848389,0.7954488396644592,0
1109,3020000026844-09-01,3020000002023-09-01,화장품 용기,포장용용기,http://plus.kipris.or.kr/openapi/fileToss.jsp?arg=75a63eed5a438998f9dc3380f5cb642cd56dcb0e0f0995b035c516d305aed14571243152256c21dad8a464247adf2be420e5a7cef661b877,http://plus.kipris.or.kr/openapi/fileToss.jsp?arg=75a63eed5a438998f9dc3380f5cb642cd56dcb0e0f0995b0680d52483fc7b07dce8cf928834fb57d19980545f54a86475817293decfd6ec0,0.7421738505363464,0.8091734647750854,0.7622737884521484,0
1110,3020000001139-09-01,3020000015443-09-01,화장품 용기,음료용 캔용기,http://plus.kipris.or.kr/openapi/fileToss.jsp?arg=75a63eed5a438998f9dc3380f5cb642cd56dcb0e0f0995b0b700f0235c7824b0b9d15885ea58921e64b88d6b7f5b424836e8c449948ed7f1,http://plus.kipris.or.kr/openapi/fileToss.jsp?arg=75a63eed5a438998f9dc3380f5cb642cd56dcb0e0f0995b07ba686bc001e12b77655048972b3dba9926fb1f6a70677cc0c040ee8c69a76a3,0.7156063914299011,0.7128654718399048,0.7147841453552246,0
1111,3020000027112-09-01,3020000008383-09-01,향수 용기,화장품 용기,http://plus.kipris.or.kr/openapi/fileToss.jsp?arg=75a63eed5a438998f9dc3380f5cb642cd56dcb0e0f0995b01b6467bd697fe99c013e9190553069fb58aea5169a494bd324890f12510142ff,http://plus.kipris.or.kr/openapi/fileToss.jsp?arg=75a63eed5a438998f9dc3380f5cb642cd56dcb0e0f0995b06226a1b53136408c5412bc4c3b3d3f2d2ede433e4f304a90bb6cca1edc0da657,0.8362231850624084,0.756458044052124,0.8122936487197876,0
1112,3020000030582-09-01,3020000016952-09-01,포장용 병,화장품 용기,http://plus.kipris.or.kr/openapi/fileToss.jsp?arg=75a63eed5a438998f9dc3380f5cb642cd56dcb0e0f0995b0b9420cad9c5990e068550a177cec7d2eb9a298519366ee2718125f23579f039d,http://plus.kipris.or.kr/openapi/fileToss.jsp?arg=75a63eed5a438998f9dc3380f5cb642cd56dcb0e0f0995b0edd65ac4880d0f0c46faa16d4d6673f103f15ad5032df094f76d1f7e93a26389,0.8021446466445923,0.8120065331459045,0.8051032423973083,0
1113,3020000025395-09-01,3020000021952-09-01,화장품 용기,포장용기,http://plus.kipris.or.kr/openapi/fileToss.jsp?arg=75a63eed5a438998f9dc3380f5cb642cd56dcb0e0f0995b07a28099d0ef98e17b4fee342a5c9b755709bd2c213784ebfc79fdd4fc4ae567d,http://plus.kipris.or.kr/openapi/fileToss.jsp?arg=75a63eed5a438998f9dc3380f5cb642cd56dcb0e0f0995b006449c7f1c85a4a78b7c1a7242ae14e9e8b76585bb2195b205b46ba8f5fe8116,0.8171219825744629,0.7984858155250549,0.811531126499176,0
1114,3020000015436-09-01,3020000005512-09-01,포장용 용기,화장품 용기,http://plus.kipris.or.kr/openapi/fileToss.jsp?arg=75a63eed5a438998f9dc3380f5cb642cd56dcb0e0f0995b07ba686bc001e12b74f814a4956a5cebbf9ae9e1003c50483a0f0c37379a7b6de,http://plus.kipris.or.kr/openapi/fileToss.jsp?arg=75a63eed5a438998f9dc3380f5cb642cd56dcb0e0f0995b08fe3e6d10b56cc3d22f91fa31f9e4b5d2d45b21b61a48a4924b50fbbb2d5be3d,0.8158928155899048,0.8554733991622925,0.827767014503479,0
1115,3020000012111-09-01,3020000017501-09-01,드링크 병,포장용 용기,http://plus.kipris.or.kr/openapi/fileToss.jsp?arg=75a63eed5a438998f9dc3380f5cb642cd56dcb0e0f0995b08964a6c84ce8cbe1c4d769ac6125c6604cb8fb2387c071ba5eea49f677101189,http://plus.kipris.or.kr/openapi/fileToss.jsp?arg=75a63eed5a438998f9dc3380f5cb642cd56dcb0e0f0995b0d8ee6709638b6fa11020c731eccb4d07fe370b67cf60176973a4ba749575e28f,0.6920316815376282,0.7080329656600952,0.6968320608139038,0
1116,3020000004095-09-01,3020000033317-09-01,화장품용기,포장용 용기,http://plus.kipris.or.kr/openapi/fileToss.jsp?arg=75a63eed5a438998f9dc3380f5cb642cd56dcb0e0f0995b03069a7817908f14f4572c71c40a02c1b29a3e9914aba67c680bc8f5c81244470,http://plus.kipris.or.kr/openapi/fileToss.jsp?arg=75a63eed5a438998f9dc3380f5cb642cd56dcb0e0f0995b0f32787804da8b7ad8e33740856216fb3f7ca4d56add976886a51a157996d7efe,0.7665262222290039,0.8316125869750977,0.7860521078109741,0
1117,3020000018786-09-01,3020000002231-09-01,향수 용기,포장용 통,http://plus.kipris.or.kr/openapi/fileToss.jsp?arg=75a63eed5a438998f9dc3380f5cb642cd56dcb0e0f0995b0deac54f8925f4c7da5637dae264b15aac834d7a157da3b4d50cb3ff72f2cc183,http://plus.kipris.or.kr/openapi/fileToss.jsp?arg=75a63eed5a438998f9dc3380f5cb642cd56dcb0e0f0995b0680d52483fc7b07d73043a5cae9ac96401c326c864eae306f14c9dba7a993957,0.8175708055496216,0.8072071075439453,0.8144617080688477,0
1118,3020000003525-09-01,3020000021061-09-01,화장품 용기,포장용 용기,http://plus.kipris.or.kr/openapi/fileToss.jsp?arg=75a63eed5a438998f9dc3380f5cb642cd56dcb0e0f0995b00b66daf06c8a830641a31f57f6fcc65b9864b6b9cf5471709ba8a3bc46994246,http://plus.kipris.or.kr/openapi/fileToss.jsp?arg=75a63eed5a438998f9dc3380f5cb642cd56dcb0e0f0995b006449c7f1c85a4a76b1391de425bd9eda841fc0f3812bfa62562ab5ace3ecab0,0.7101407647132874,0.813637375831604,0.7411897778511047,0
1119,3020000011144-09-01,3020000006510-09-01,향수병,화장품 용기,http://plus.kipris.or.kr/openapi/fileToss.jsp?arg=75a63eed5a438998f9dc3380f5cb642cd56dcb0e0f0995b070abdd713d0b290a495f14ebd7c505e21cae541b5885dd24d0ee186bcfcc0993,http://plus.kipris.or.kr/openapi/fileToss.jsp?arg=75a63eed5a438998f9dc3380f5cb642cd56dcb0e0f0995b0187836737e94fb39ab7bc0f298779f6fafa27d2d80d6ae4d1d2b9a36b1ac246c,0.8414511680603027,0.7607371807098389,0.8172369599342346,0
1120,3020000029616-09-01,3020000010927-09-01,스프레이어(SPRAYER),향수 용기,http://plus.kipris.or.kr/openapi/fileToss.jsp?arg=75a63eed5a438998f9dc3380f5cb642cd56dcb0e0f0995b011f68ef22f394dd21b3c346cdf3ea013cebac424477325601c2f757abc6bad0f,http://plus.kipris.or.kr/openapi/fileToss.jsp?arg=75a63eed5a438998f9dc3380f5cb642cd56dcb0e0f0995b0ef3ea9b059e124212cc6ee9f18a84e3979892ba521ffa996874f0500c4a53a4f,0.7931556701660156,0.7103374004364014,0.7683101892471313,0
1121,3020000015433-09-01,3020000014156-09-01,포장용 용기,포장용 용기,http://plus.kipris.or.kr/openapi/fileToss.jsp?arg=75a63eed5a438998f9dc3380f5cb642cd56dcb0e0f0995b07ba686bc001e12b74f814a4956a5cebb3b7e77a65b11d9ab95d8e0448b2235d1,http://plus.kipris.or.kr/openapi/fileToss.jsp?arg=75a63eed5a438998f9dc3380f5cb642cd56dcb0e0f0995b0606f4df1f99f40811db3d332d4213ea5a0c3abbac09cc95ee0fa1817fb9cd0fb,0.826346755027771,0.8181091547012329,0.8238754272460938,0
1122,3020000031065-09-01,3020000015341-09-01,화장품 용기,포장용용기,http://plus.kipris.or.kr/openapi/fileToss.jsp?arg=75a63eed5a438998f9dc3380f5cb642cd56dcb0e0f0995b089d7a621b89857a24e563e71b55eadeece1d1222c27c878b20ef77589ad18842,http://plus.kipris.or.kr/openapi/fileToss.jsp?arg=75a63eed5a438998f9dc3380f5cb642cd56dcb0e0f0995b07ba686bc001e12b775060f5fe4c5113b2881bebb645c6d6d471c2d66a964e47b,0.7973751425743103,0.8361913561820984,0.8090199828147888,0
1123,3020000016040-09-01,3020000033180-09-01,식품용기,샴푸용기,http://plus.kipris.or.kr/openapi/fileToss.jsp?arg=75a63eed5a438998f9dc3380f5cb642cd56dcb0e0f0995b0edd65ac4880d0f0c166bfa7c9e52a4a85fd8162f538fc8100f1f5ed361748e75,http://plus.kipris.or.kr/openapi/fileToss.jsp?arg=75a63eed5a438998f9dc3380f5cb642cd56dcb0e0f0995b0f32787804da8b7ad453014fa1c02db95feda83a3e23f4f9756e7f9ff67a8a890,0.8091956377029419,0.7726083993911743,0.7982194423675537,0
1124,3020000000638-09-01,3020000028666-09-01,화장품용기,포장용 용기,http://plus.kipris.or.kr/openapi/fileToss.jsp?arg=75a63eed5a438998f9dc3380f5cb642cd56dcb0e0f0995b0cc72ed919b34230099f327e961a5ac512f1a2de92956eab07116dbbc3421f2a5,http://plus.kipris.or.kr/openapi/fileToss.jsp?arg=75a63eed5a438998f9dc3380f5cb642cd56dcb0e0f0995b0227542a1f24a7361e3d4617c23baf447860c1fd3c78d389a5b1c2772bbc55477,0.8397627472877502,0.8031390309333801,0.8287756443023682,0
1125,3020000017906-09-01,3020000006512-09-01,화장품 용기,화장품 용기,http://plus.kipris.or.kr/openapi/fileToss.jsp?arg=75a63eed5a438998f9dc3380f5cb642cd56dcb0e0f0995b0d8ee6709638b6fa1182d19b659de8ba0d8f8a423c1711cc84cfdba4e5672d60e,http://plus.kipris.or.kr/openapi/fileToss.jsp?arg=75a63eed5a438998f9dc3380f5cb642cd56dcb0e0f0995b0187836737e94fb39ab7bc0f298779f6f32570258f056ce60f11a9851d8913ed8,0.8455691933631897,0.9256502389907837,0.8695935010910034,0
1126,3020000002025-09-01,3020000023871-09-01,포장용용기,향수용기,http://plus.kipris.or.kr/openapi/fileToss.jsp?arg=75a63eed5a438998f9dc3380f5cb642cd56dcb0e0f0995b0680d52483fc7b07dce8cf928834fb57d961f437f2814cf5faa6734b2d04cac1f,http://plus.kipris.or.kr/openapi/fileToss.jsp?arg=75a63eed5a438998f9dc3380f5cb642cd56dcb0e0f0995b09b1f6789fb9751245383ec1ea175fde304e93e48583e0350e3dc175bc2871588,0.7685701847076416,0.7951321005821228,0.7765387296676636,0
1127,3020000016999-09-01,3020000027513-09-01,포장용 용기,샴푸 용기,http://plus.kipris.or.kr/openapi/fileToss.jsp?arg=75a63eed5a438998f9dc3380f5cb642cd56dcb0e0f0995b0edd65ac4880d0f0cc2c085a4246e7b661a17b81247c5a3ca0439e1669a97845e,http://plus.kipris.or.kr/openapi/fileToss.jsp?arg=75a63eed5a438998f9dc3380f5cb642cd56dcb0e0f0995b01b6467bd697fe99c5b52ca7a735e0f06789d15109049a90dff0bb931ec4a00ea,0.8826755881309509,0.7740747928619385,0.8500953316688538,0
1128,3020000031168-09-01,3020000033316-09-01,화장품용기,포장용 용기,http://plus.kipris.or.kr/openapi/fileToss.jsp?arg=75a63eed5a438998f9dc3380f5cb642cd56dcb0e0f0995b089d7a621b89857a2bda1ae1f5599e317e91e86b71eace80636aee8ea6d59cc3a,http://plus.kipris.or.kr/openapi/fileToss.jsp?arg=75a63eed5a438998f9dc3380f5cb642cd56dcb0e0f0995b0f32787804da8b7ad8e33740856216fb3f426ffae314a9ef8cbafc4454a235bdd,0.8354787230491638,0.8091272711753845,0.827573299407959,0
1129,3020000017000-09-01,3020000018873-09-01,포장용 용기,화장품 용기,http://plus.kipris.or.kr/openapi/fileToss.jsp?arg=75a63eed5a438998f9dc3380f5cb642cd56dcb0e0f0995b0d8ee6709638b6fa151acb057bf4b283f873778c4a5b9305b40ffe06aa9cbe706,http://plus.kipris.or.kr/openapi/fileToss.jsp?arg=75a63eed5a438998f9dc3380f5cb642cd56dcb0e0f0995b0deac54f8925f4c7d01c27b3b9348c7970f10a5e9739eef09c7c66ee3858fb970,0.575712263584137,0.8418965339660645,0.6555675268173218,0
1130,3020000026714-09-01,3020000030701-09-01,양념장포장용용기,음료수 병,http://plus.kipris.or.kr/openapi/fileToss.jsp?arg=75a63eed5a438998f9dc3380f5cb642cd56dcb0e0f0995b035c516d305aed145d03b9d9d2a0fe85b75f03b4602eac21ee86347a45aa5360a,http://plus.kipris.or.kr/openapi/fileToss.jsp?arg=75a63eed5a438998f9dc3380f5cb642cd56dcb0e0f0995b0b9420cad9c5990e0b9dddcdc7170a076e2534647fede03ce8620924990e705ab,0.7871137261390686,0.6350102424621582,0.741482675075531,0
1131,3020000025496-09-01,3020000004208-09-01,화장품용기,식음료용 병,http://plus.kipris.or.kr/openapi/fileToss.jsp?arg=75a63eed5a438998f9dc3380f5cb642cd56dcb0e0f0995b07a28099d0ef98e17fe87dc1610c15d7febbc7abbf82666fced191767d4a70b3a,http://plus.kipris.or.kr/openapi/fileToss.jsp?arg=75a63eed5a438998f9dc3380f5cb642cd56dcb0e0f0995b03069a7817908f14f26c983146bc1b18f48b2122d4f1a6e3b2341c25cb0a812cc,0.6214823126792908,0.7427805066108704,0.6578717827796936,0
1132,3020000020844-09-01,3020000031443-09-01,화장품 용기,화장품 용기,http://plus.kipris.or.kr/openapi/fileToss.jsp?arg=75a63eed5a438998f9dc3380f5cb642cd56dcb0e0f0995b0bea0399dd2b7a3e54982b213b7706e58bb0a4596104785cde90eb981612c281d,http://plus.kipris.or.kr/openapi/fileToss.jsp?arg=75a63eed5a438998f9dc3380f5cb642cd56dcb0e0f0995b089d7a621b89857a21e79e0b1232a9ae9d185a66d28f3c0cd21b29cde691b864e,0.8791016340255737,0.9093219637870789,0.8881677389144897,0
1133,3020000002380-09-01,3020000004296-09-01,화장품 용기,화장품 용기,http://plus.kipris.or.kr/openapi/fileToss.jsp?arg=75a63eed5a438998f9dc3380f5cb642cd56dcb0e0f0995b0680d52483fc7b07d2f56793bce66975801e732f685319c5669228b912c794c5b,http://plus.kipris.or.kr/openapi/fileToss.jsp?arg=75a63eed5a438998f9dc3380f5cb642cd56dcb0e0f0995b03069a7817908f14f5c65ec4818929027a3ece765a81707194f18da0609ded416,0.8524502515792847,0.9833141565322876,0.8917094469070435,0
1134,3020000015506-09-01,3020000029756-09-01,화장품 용기,포장용 병,http://plus.kipris.or.kr/openapi/fileToss.jsp?arg=75a63eed5a438998f9dc3380f5cb642cd56dcb0e0f0995b07ba686bc001e12b758e859cb1aaaedada4700c39c98bcc986320a02c3ce8ba36,http://plus.kipris.or.kr/openapi/fileToss.jsp?arg=75a63eed5a438998f9dc3380f5cb642cd56dcb0e0f0995b011f68ef22f394dd22a0df6146d523614037efe9cecec5ea94fef6864e908bb0f,0.7782852649688721,0.8321964740753174,0.7944586277008057,0
1135,3020000013864-09-01,3020000005653-09-01,포장용 용기,포장용 용기,http://plus.kipris.or.kr/openapi/fileToss.jsp?arg=75a63eed5a438998f9dc3380f5cb642cd56dcb0e0f0995b0bdcfae06342df685f8cbf1fb50c4736d5266c6728b66f1077e16534504d7cd5f,http://plus.kipris.or.kr/openapi/fileToss.jsp?arg=75a63eed5a438998f9dc3380f5cb642cd56dcb0e0f0995b08fe3e6d10b56cc3dd860bdd2e2498e9a37c831dcdda6cd2fba5503a605d3a24b,0.809576153755188,0.9615781307220459,0.8551768064498901,0
1136,3020000007445-09-01,3020000033444-09-01,샴푸용기,샴푸용기,http://plus.kipris.or.kr/openapi/fileToss.jsp?arg=75a63eed5a438998f9dc3380f5cb642cd56dcb0e0f0995b0fdcd45318d7ff23c308bbaa2658dde0908ce1448e4d7f44e2e63d2c4281adb41,http://plus.kipris.or.kr/openapi/fileToss.jsp?arg=75a63eed5a438998f9dc3380f5cb642cd56dcb0e0f0995b0f32787804da8b7ada2d771db11230ee4e87c7e1644505163e86c0f7848f12be3,0.7903009653091431,0.9135540723800659,0.8272769451141357,0
1137,3020000016952-09-01,3020000032578-09-01,화장품 용기,화장품 용기,http://plus.kipris.or.kr/openapi/fileToss.jsp?arg=75a63eed5a438998f9dc3380f5cb642cd56dcb0e0f0995b0edd65ac4880d0f0c46faa16d4d6673f103f15ad5032df094f76d1f7e93a26389,http://plus.kipris.or.kr/openapi/fileToss.jsp?arg=75a63eed5a438998f9dc3380f5cb642cd56dcb0e0f0995b056fef538e42de114a5789ee7e1d70e892127d09ddd1ea180e6178566e3759621,0.816792905330658,0.9104162454605103,0.8448799252510071,0
1138,3020000015434-09-01,3020000027112-09-01,포장용 용기,향수 용기,http://plus.kipris.or.kr/openapi/fileToss.jsp?arg=75a63eed5a438998f9dc3380f5cb642cd56dcb0e0f0995b07ba686bc001e12b74f814a4956a5cebb187f9a678f01cd570baa1ba0c55ad899,http://plus.kipris.or.kr/openapi/fileToss.jsp?arg=75a63eed5a438998f9dc3380f5cb642cd56dcb0e0f0995b01b6467bd697fe99c013e9190553069fb58aea5169a494bd324890f12510142ff,0.8016651272773743,0.770193338394165,0.7922235727310181,0
1139,3020000009397-09-01,3020000031695-09-01,화장품 용기,화장품 용기,http://plus.kipris.or.kr/openapi/fileToss.jsp?arg=75a63eed5a438998f9dc3380f5cb642cd56dcb0e0f0995b073590199e4f1dc1639c043446a843f341fc2934575b221675153e2407c54732d,http://plus.kipris.or.kr/openapi/fileToss.jsp?arg=75a63eed5a438998f9dc3380f5cb642cd56dcb0e0f0995b089d7a621b89857a2fe66ea06c9f515a9617e0f7f5f4b7a6f84c225377c68d285,0.9093969464302063,0.9392272233963013,0.9183460474014282,0
1140,3020000028255-09-01,3020000028667-09-01,화장품 용기,포장용 용기,http://plus.kipris.or.kr/openapi/fileToss.jsp?arg=75a63eed5a438998f9dc3380f5cb642cd56dcb0e0f0995b0227542a1f24a736184b9181791c18e4f2d2c91fc50ed9a70dd859655e10b547b,http://plus.kipris.or.kr/openapi/fileToss.jsp?arg=75a63eed5a438998f9dc3380f5cb642cd56dcb0e0f0995b0227542a1f24a7361e3d4617c23baf4476907d466f34874c96f385e2798a24d8b,0.8680436611175537,0.7938269376754761,0.8457786440849304,0
1141,3020000031088-09-01,3020000010994-09-01,포장용기,포장용 용기,http://plus.kipris.or.kr/openapi/fileToss.jsp?arg=75a63eed5a438998f9dc3380f5cb642cd56dcb0e0f0995b089d7a621b89857a2a6e995ef25b4de530e075e7abc9b8c5341fed5b70d8d4cbc,http://plus.kipris.or.kr/openapi/fileToss.jsp?arg=75a63eed5a438998f9dc3380f5cb642cd56dcb0e0f0995b0ef3ea9b059e1242154c6c6b21c0868739071209d4ac9b295a347ebb1437c6424,0.8326400518417358,0.9835224151611328,0.8779047727584839,0
1142,3020000015612-09-01,3020000012830-09-01,화장품 용기,향수병,http://plus.kipris.or.kr/openapi/fileToss.jsp?arg=75a63eed5a438998f9dc3380f5cb642cd56dcb0e0f0995b07ba686bc001e12b776336c19178a59c168e3c4951e2c2c0a46e0fb92b1d4c36c,http://plus.kipris.or.kr/openapi/fileToss.jsp?arg=75a63eed5a438998f9dc3380f5cb642cd56dcb0e0f0995b08964a6c84ce8cbe136b914a53e58c31f9b849f976a23c359b104c7a74ce9dca1,0.8139461874961853,0.7351065874099731,0.790294349193573,0
1143,3020000032584-09-01,3020000000414-09-01,화장품 용기,포장용 용기,http://plus.kipris.or.kr/openapi/fileToss.jsp?arg=75a63eed5a438998f9dc3380f5cb642cd56dcb0e0f0995b056fef538e42de114c938f9d32b974d9723be97f20af4fe531e56eba34940f89f,http://plus.kipris.or.kr/openapi/fileToss.jsp?arg=75a63eed5a438998f9dc3380f5cb642cd56dcb0e0f0995b0cc72ed919b3423006edf72b06342e35d7d678bd865bf2d85bf49d153fa4e4dc4,0.6879376769065857,0.896535336971283,0.7505170106887817,0
1144,3020000030701-09-01,3020000033316-09-01,음료수 병,포장용 용기,http://plus.kipris.or.kr/openapi/fileToss.jsp?arg=75a63eed5a438998f9dc3380f5cb642cd56dcb0e0f0995b0b9420cad9c5990e0b9dddcdc7170a076e2534647fede03cedc05369c7f69beaf,http://plus.kipris.or.kr/openapi/fileToss.jsp?arg=75a63eed5a438998f9dc3380f5cb642cd56dcb0e0f0995b0f32787804da8b7ad8e33740856216fb3f426ffae314a9ef8811b24d2621fca33,0.7697649002075195,0.6793656349182129,0.7426450848579407,0
1145,3020000033636-09-01,3020000023257-09-01,화장품 용기,식품용용기,http://plus.kipris.or.kr/openapi/fileToss.jsp?arg=75a63eed5a438998f9dc3380f5cb642cd56dcb0e0f0995b0f32787804da8b7adcbf6ebf8d002420f4cdaa1d493e33f0b5168aeacbf0be7ed,http://plus.kipris.or.kr/openapi/fileToss.jsp?arg=75a63eed5a438998f9dc3380f5cb642cd56dcb0e0f0995b09b1f6789fb975124ddde99bf437cdce8b254f968dabd728dbd1ba965c1666fa0,0.7967102527618408,0.7666949033737183,0.787705659866333,0
1146,3020000033000-09-01,3020000020571-09-01,술병,화장품 용기,http://plus.kipris.or.kr/openapi/fileToss.jsp?arg=75a63eed5a438998f9dc3380f5cb642cd56dcb0e0f0995b0f32787804da8b7ad0a83331d496f7b1207a70e4bb04e6589b59ecb64600058dc,http://plus.kipris.or.kr/openapi/fileToss.jsp?arg=75a63eed5a438998f9dc3380f5cb642cd56dcb0e0f0995b0bea0399dd2b7a3e5b435903018a1a9f5132e0826c9f45c0b3fe3f4c92d53f17c,0.8866895437240601,0.7126939296722412,0.8344908356666565,0
1147,3020000023253-09-01,3020000015673-09-01,식품용용기,드링크 병,http://plus.kipris.or.kr/openapi/fileToss.jsp?arg=75a63eed5a438998f9dc3380f5cb642cd56dcb0e0f0995b09b1f6789fb975124ddde99bf437cdce86a02344d328de245f5c3d6df1863187f,http://plus.kipris.or.kr/openapi/fileToss.jsp?arg=75a63eed5a438998f9dc3380f5cb642cd56dcb0e0f0995b07ba686bc001e12b796bf2c17c8027db4f3c520ca9733a7acdf8adf839e87748b,0.7998680472373962,0.7113102078437805,0.7733007073402405,0
1148,3020000028666-09-01,3020000016423-09-01,포장용 용기,화장품 용기,http://plus.kipris.or.kr/openapi/fileToss.jsp?arg=75a63eed5a438998f9dc3380f5cb642cd56dcb0e0f0995b0227542a1f24a7361e3d4617c23baf447860c1fd3c78d389ae79a75cbaad214e9,http://plus.kipris.or.kr/openapi/fileToss.jsp?arg=75a63eed5a438998f9dc3380f5cb642cd56dcb0e0f0995b0edd65ac4880d0f0cde88f35c1b19cc9c55a541844b9516d20e124d85b6a93260,0.724626362323761,0.8538632988929749,0.7633974552154541,0
1149,3020000002327-09-01,3020000031527-09-01,화장품용 용기,화장품 용기,http://plus.kipris.or.kr/openapi/fileToss.jsp?arg=75a63eed5a438998f9dc3380f5cb642cd56dcb0e0f0995b0680d52483fc7b07d916a4a7b517f831f5a47b9ac00d31aa5f28e22cbabb680ad,http://plus.kipris.or.kr/openapi/fileToss.jsp?arg=75a63eed5a438998f9dc3380f5cb642cd56dcb0e0f0995b089d7a621b89857a23ad00b91ca782d29ff9782162cd5e3a208bc25bf7598f50b,0.8761918544769287,0.9042754173278809,0.8846169710159302,0
1150,3020000024008-09-01,3020000011029-09-01,포장용 용기,음료 포장용 병,http://plus.kipris.or.kr/openapi/fileToss.jsp?arg=75a63eed5a438998f9dc3380f5cb642cd56dcb0e0f0995b005b3db6b458aa73b151a4a7d8a9837b37ab1ca3487f1f06713616a65ca8b8dbe,http://plus.kipris.or.kr/openapi/fileToss.jsp?arg=75a63eed5a438998f9dc3380f5cb642cd56dcb0e0f0995b070abdd713d0b290ada1a9beb49be1f147b571f7e3467ed9b3d3206ba3839e06d,0.7743616104125977,0.8778181076049805,0.8053985834121704,0
1151,3020000031247-09-01,3020000021170-09-01,화장품용기,음료캔,http://plus.kipris.or.kr/openapi/fileToss.jsp?arg=75a63eed5a438998f9dc3380f5cb642cd56dcb0e0f0995b089d7a621b89857a2cf83cf6c7d54a290c5c6ea32d42da4797a2399c194133438,http://plus.kipris.or.kr/openapi/fileToss.jsp?arg=75a63eed5a438998f9dc3380f5cb642cd56dcb0e0f0995b006449c7f1c85a4a7bec89f1fb749c251216a46bc23ca63c3d95478b276ce45c6,0.8738094568252563,0.7422293424606323,0.834335446357727,0
1152,3020000013606-09-01,3020000017003-09-01,화장품 용기,포장용 용기,http://plus.kipris.or.kr/openapi/fileToss.jsp?arg=75a63eed5a438998f9dc3380f5cb642cd56dcb0e0f0995b0bdcfae06342df685b5160b34fe202fbfabfe2536a403a69d8a290d761b932af7,http://plus.kipris.or.kr/openapi/fileToss.jsp?arg=75a63eed5a438998f9dc3380f5cb642cd56dcb0e0f0995b0d8ee6709638b6fa151acb057bf4b283fa8e32bcd5b75385d8bdde0b55a9326b3,0.8009747862815857,0.8547450304031372,0.8171058893203735,0
1153,3020000001717-09-01,3020000000778-09-01,화장품 용기,포장용 용기,http://plus.kipris.or.kr/openapi/fileToss.jsp?arg=75a63eed5a438998f9dc3380f5cb642cd56dcb0e0f0995b0b700f0235c7824b0816073cd945e8ed688343ee5b4af28a70bb9670a7c387321,http://plus.kipris.or.kr/openapi/fileToss.jsp?arg=75a63eed5a438998f9dc3380f5cb642cd56dcb0e0f0995b0cc72ed919b3423003267d3a705c3e4d98f27ea2c522497cef8b1bc14c7fd1269,0.9704450368881226,0.7786986827850342,0.912921130657196,0
1154,3020000016423-09-01,3020000002742-09-01,화장품 용기,포장용 깡통,http://plus.kipris.or.kr/openapi/fileToss.jsp?arg=75a63eed5a438998f9dc3380f5cb642cd56dcb0e0f0995b0edd65ac4880d0f0cde88f35c1b19cc9c55a541844b9516d23c5b364a9975a151,http://plus.kipris.or.kr/openapi/fileToss.jsp?arg=75a63eed5a438998f9dc3380f5cb642cd56dcb0e0f0995b0680d52483fc7b07d43e6cf9e73fd83bfdb42ecec732ea784723bc3940a488f82,0.6650149822235107,0.7122044563293457,0.6791718006134033,0
1155,3020000024957-09-01,3020000027112-09-01,화장품용기,향수 용기,http://plus.kipris.or.kr/openapi/fileToss.jsp?arg=75a63eed5a438998f9dc3380f5cb642cd56dcb0e0f0995b005b3db6b458aa73be2c5f00e2cd5aa81f6e7b0e86f7ef308c3743db14a75f932,http://plus.kipris.or.kr/openapi/fileToss.jsp?arg=75a63eed5a438998f9dc3380f5cb642cd56dcb0e0f0995b01b6467bd697fe99c013e9190553069fb58aea5169a494bd31eac5f84d4a7a972,0.7064104080200195,0.8084315061569214,0.7370167374610901,0
1156,3020000021814-09-01,3020000025817-09-01,화장품 용기,대나무통 속 참소주,http://plus.kipris.or.kr/openapi/fileToss.jsp?arg=75a63eed5a438998f9dc3380f5cb642cd56dcb0e0f0995b006449c7f1c85a4a7187d3aa3a76c31b34df56d1f9862991d9a96a93acf096e0a,http://plus.kipris.or.kr/openapi/fileToss.jsp?arg=75a63eed5a438998f9dc3380f5cb642cd56dcb0e0f0995b07a28099d0ef98e179bc9ea7c548ba527949e26288637a0b681df3ea9f70ca506,0.6760074496269226,0.6026606559753418,0.654003381729126,0
1157,3020000002022-09-01,3020000031165-09-01,포장용용기,화장품용기,http://plus.kipris.or.kr/openapi/fileToss.jsp?arg=75a63eed5a438998f9dc3380f5cb642cd56dcb0e0f0995b0680d52483fc7b07dce8cf928834fb57d8b35fe69e56e6a1ffa3ccd13e0986ecd,http://plus.kipris.or.kr/openapi/fileToss.jsp?arg=75a63eed5a438998f9dc3380f5cb642cd56dcb0e0f0995b089d7a621b89857a2bda1ae1f5599e3178632bd153853d7a3c09d67410d6c93ac,0.6772961616516113,0.8253161907196045,0.7217021584510803,0
1158,3020000015341-09-01,3020000013583-09-01,포장용용기,화장품 용기,http://plus.kipris.or.kr/openapi/fileToss.jsp?arg=75a63eed5a438998f9dc3380f5cb642cd56dcb0e0f0995b07ba686bc001e12b775060f5fe4c5113b2881bebb645c6d6d471c2d66a964e47b,http://plus.kipris.or.kr/openapi/fileToss.jsp?arg=75a63eed5a438998f9dc3380f5cb642cd56dcb0e0f0995b0bdcfae06342df68572d7f7323bc50a0e94b7efa79b3558158a020745e0a94074,0.8389791250228882,0.8539865016937256,0.8434813618659973,0
1159,3020000011144-09-01,3020000007584-09-01,향수병,화장품 용기,http://plus.kipris.or.kr/openapi/fileToss.jsp?arg=75a63eed5a438998f9dc3380f5cb642cd56dcb0e0f0995b070abdd713d0b290a495f14ebd7c505e21cae541b5885dd24a9693289917142da,http://plus.kipris.or.kr/openapi/fileToss.jsp?arg=75a63eed5a438998f9dc3380f5cb642cd56dcb0e0f0995b0fdcd45318d7ff23cbe8f9d6b58b35c17b9be175719b4f01477ec17dad5d49bfd,0.8520227670669556,0.8271573781967163,0.8445631265640259,0
1160,3020000002022-09-01,3020000029020-09-01,포장용용기,화장품 용기,http://plus.kipris.or.kr/openapi/fileToss.jsp?arg=75a63eed5a438998f9dc3380f5cb642cd56dcb0e0f0995b0680d52483fc7b07dce8cf928834fb57d8b35fe69e56e6a1ffb0910fd508e1b97,http://plus.kipris.or.kr/openapi/fileToss.jsp?arg=75a63eed5a438998f9dc3380f5cb642cd56dcb0e0f0995b011f68ef22f394dd23d3e52e393d986e319bf88371b57d9b8c34cdf1d0b16d553,0.8787536025047302,0.8387842178344727,0.8667627573013306,0
1161,3020000028283-09-01,3020000019323-09-01,포장용 용기,포장용 용기,http://plus.kipris.or.kr/openapi/fileToss.jsp?arg=75a63eed5a438998f9dc3380f5cb642cd56dcb0e0f0995b0227542a1f24a7361c5f2b82111502f215f83c11efd778e7bbce7a3fb97a9ab7d,http://plus.kipris.or.kr/openapi/fileToss.jsp?arg=75a63eed5a438998f9dc3380f5cb642cd56dcb0e0f0995b0f63a2eefd11079d0e31326d6f26acc1537b8431a4c97957ca59e6231a39963db,0.7905683517456055,0.884752631187439,0.8188236355781555,0
1162,3020000001944-09-01,3020000023317-09-01,포장용 용기,화장품 용기,http://plus.kipris.or.kr/openapi/fileToss.jsp?arg=75a63eed5a438998f9dc3380f5cb642cd56dcb0e0f0995b0b700f0235c7824b0b43f28481065a752e5d089eb08c52349e391d9d1580a8b40,http://plus.kipris.or.kr/openapi/fileToss.jsp?arg=75a63eed5a438998f9dc3380f5cb642cd56dcb0e0f0995b09b1f6789fb9751245fe107dead8a38ad7927d42c8d065e5268ba5e6588b5aa49,0.705407440662384,0.8388576507568359,0.7454425096511841,0
1163,3020000030702-09-01,3020000012834-09-01,음료수 병,향수병,http://plus.kipris.or.kr/openapi/fileToss.jsp?arg=75a63eed5a438998f9dc3380f5cb642cd56dcb0e0f0995b0b9420cad9c5990e0b9dddcdc7170a0769ff13faeaeaa94409b5ea68e3ca8d2a1,http://plus.kipris.or.kr/openapi/fileToss.jsp?arg=75a63eed5a438998f9dc3380f5cb642cd56dcb0e0f0995b08964a6c84ce8cbe136b914a53e58c31f8da15c97024331bb78309cac95046170,0.7930886745452881,0.8626356720924377,0.8139528036117554,0
1164,3020000020672-09-01,3020000001359-09-01,화장품용기,포장용병,http://plus.kipris.or.kr/openapi/fileToss.jsp?arg=75a63eed5a438998f9dc3380f5cb642cd56dcb0e0f0995b0bea0399dd2b7a3e5480d32b373ec1d9434054c8c454dbef05d852b369e75f8cb,http://plus.kipris.or.kr/openapi/fileToss.jsp?arg=75a63eed5a438998f9dc3380f5cb642cd56dcb0e0f0995b0b700f0235c7824b0bee8638aea77cc447498725a267264019791190141e87603,0.8388321995735168,0.7241595983505249,0.8044304251670837,0
1165,3020000032279-09-01,3020000024237-09-01,화장품 용기,화장품 용기,http://plus.kipris.or.kr/openapi/fileToss.jsp?arg=75a63eed5a438998f9dc3380f5cb642cd56dcb0e0f0995b056fef538e42de1147cde78c9acdcc39826435626186d051b51bd50077ae0825b,http://plus.kipris.or.kr/openapi/fileToss.jsp?arg=75a63eed5a438998f9dc3380f5cb642cd56dcb0e0f0995b005b3db6b458aa73bfe66f6f53797fb536dc6f239657d4539d09c4e3e82171791,0.6533710360527039,0.9094594717025757,0.730197548866272,0
1166,3020000015433-09-01,3020000011905-09-01,포장용 용기,포장용 용기,http://plus.kipris.or.kr/openapi/fileToss.jsp?arg=75a63eed5a438998f9dc3380f5cb642cd56dcb0e0f0995b07ba686bc001e12b74f814a4956a5cebb3b7e77a65b11d9ab0732b57ff8d43405,http://plus.kipris.or.kr/openapi/fileToss.jsp?arg=75a63eed5a438998f9dc3380f5cb642cd56dcb0e0f0995b070abdd713d0b290a0b1bd5557f830a49d15bb8fcee375a0ea2da6f848ec5e323,0.9098086357116699,0.8713189363479614,0.8982617259025574,0
1167,3020000007444-09-01,3020000031443-09-01,샴푸용기,화장품 용기,http://plus.kipris.or.kr/openapi/fileToss.jsp?arg=75a63eed5a438998f9dc3380f5cb642cd56dcb0e0f0995b0fdcd45318d7ff23c308bbaa2658dde09f849964c1ca6ebebcdab064e3592e0c6,http://plus.kipris.or.kr/openapi/fileToss.jsp?arg=75a63eed5a438998f9dc3380f5cb642cd56dcb0e0f0995b089d7a621b89857a21e79e0b1232a9ae9d185a66d28f3c0cd8f0f68bc083a9ae4,0.7423179149627686,0.6720833778381348,0.7212475538253784,0
1168,3020000031169-09-01,3020000026567-09-01,화장품용기,화장품 용기,http://plus.kipris.or.kr/openapi/fileToss.jsp?arg=75a63eed5a438998f9dc3380f5cb642cd56dcb0e0f0995b089d7a621b89857a2bda1ae1f5599e317818da205f7f25c65558e7dd208e9e4f2,http://plus.kipris.or.kr/openapi/fileToss.jsp?arg=75a63eed5a438998f9dc3380f5cb642cd56dcb0e0f0995b035c516d305aed145c7f1101716b813f88495dcf894aa370338c820488c680450,0.8285937309265137,0.9667247533798218,0.8700330257415771,0
1169,3020000031065-09-01,3020000005652-09-01,화장품 용기,포장용 용기,http://plus.kipris.or.kr/openapi/fileToss.jsp?arg=75a63eed5a438998f9dc3380f5cb642cd56dcb0e0f0995b089d7a621b89857a24e563e71b55eadeece1d1222c27c878bcaabe5566e013f15,http://plus.kipris.or.kr/openapi/fileToss.jsp?arg=75a63eed5a438998f9dc3380f5cb642cd56dcb0e0f0995b08fe3e6d10b56cc3dd860bdd2e2498e9ae78cdee054c9d58f4d68235d34888835,0.9554896950721741,0.829883873462677,0.917807936668396,0
1170,3020000013865-09-01,3020000029519-09-01,포장용 용기,화장품용기,http://plus.kipris.or.kr/openapi/fileToss.jsp?arg=75a63eed5a438998f9dc3380f5cb642cd56dcb0e0f0995b0bdcfae06342df685f8cbf1fb50c4736dc7e864ab1e9ff08d71c09e26b084474f,http://plus.kipris.or.kr/openapi/fileToss.jsp?arg=75a63eed5a438998f9dc3380f5cb642cd56dcb0e0f0995b011f68ef22f394dd24829751c8f656ff96ba2fd9af1dcc133fa47beb9b9e73398,0.718485951423645,0.8523558378219604,0.7586469650268555,0
1171,3020000006446-09-01,3020000030343-09-01,화장품 용기,화장품 용기,http://plus.kipris.or.kr/openapi/fileToss.jsp?arg=75a63eed5a438998f9dc3380f5cb642cd56dcb0e0f0995b0187836737e94fb39d0891ba1d3de6d92656ddd5ad5eda7389e29180fd6f04b69,http://plus.kipris.or.kr/openapi/fileToss.jsp?arg=75a63eed5a438998f9dc3380f5cb642cd56dcb0e0f0995b0b9420cad9c5990e003a10973d6bdbbe30c9e2e3fef628cce068529ab2db959e4,0.7695446610450745,0.8385014533996582,0.7902317047119141,0
1172,3020000011907-09-01,3020000024534-09-01,포장용 용기,화장품 용기,http://plus.kipris.or.kr/openapi/fileToss.jsp?arg=75a63eed5a438998f9dc3380f5cb642cd56dcb0e0f0995b070abdd713d0b290a0b1bd5557f830a4975f4d67bdf33d12fe19f1ea4e9cb91d6,http://plus.kipris.or.kr/openapi/fileToss.jsp?arg=75a63eed5a438998f9dc3380f5cb642cd56dcb0e0f0995b005b3db6b458aa73bad765829c40530d0971c65a9ec7bb854209c98dd8384b9a2,0.809133768081665,0.7506521940231323,0.7915892601013184,0
1173,3020000026567-09-01,3020000015504-09-01,화장품 용기,에센스 용기,http://plus.kipris.or.kr/openapi/fileToss.jsp?arg=75a63eed5a438998f9dc3380f5cb642cd56dcb0e0f0995b035c516d305aed145c7f1101716b813f88495dcf894aa3703d1f565b43744e8cd,http://plus.kipris.or.kr/openapi/fileToss.jsp?arg=75a63eed5a438998f9dc3380f5cb642cd56dcb0e0f0995b07ba686bc001e12b758e859cb1aaaedad479739969bbfd1d46dd49bf11552c1e1,0.7840262651443481,0.9206494092941284,0.8250131607055664,0
1174,3020000014579-09-01,3020000015612-09-01,화장품 용기,화장품 용기,http://plus.kipris.or.kr/openapi/fileToss.jsp?arg=75a63eed5a438998f9dc3380f5cb642cd56dcb0e0f0995b0606f4df1f99f4081da884fb4a8264f853de525951de7fb99ea682f3cb2d89b4f,http://plus.kipris.or.kr/openapi/fileToss.jsp?arg=75a63eed5a438998f9dc3380f5cb642cd56dcb0e0f0995b07ba686bc001e12b776336c19178a59c168e3c4951e2c2c0a2df7056e32a6d74c,0.7911491990089417,0.944580078125,0.8371784687042236,0
1175,3020000022365-09-01,3020000021678-09-01,화장품용기,포장용 용기,http://plus.kipris.or.kr/openapi/fileToss.jsp?arg=75a63eed5a438998f9dc3380f5cb642cd56dcb0e0f0995b02e6ec20e9488ca667220594ecf4822650c1479d6f12cd598c65a4b12ef933621,http://plus.kipris.or.kr/openapi/fileToss.jsp?arg=75a63eed5a438998f9dc3380f5cb642cd56dcb0e0f0995b006449c7f1c85a4a76082ed448bf618402e55be81156925893f7f66c0a9b31437,0.8187617063522339,0.6713684797286987,0.7745437026023865,0
1176,3020000014871-09-01,3020000025996-09-01,라이터용 화구,식용유병,http://plus.kipris.or.kr/openapi/fileToss.jsp?arg=75a63eed5a438998f9dc3380f5cb642cd56dcb0e0f0995b0606f4df1f99f408190d3ac87de98d42638b2912400d65d986c89654a87e22a3b,http://plus.kipris.or.kr/openapi/fileToss.jsp?arg=75a63eed5a438998f9dc3380f5cb642cd56dcb0e0f0995b07a28099d0ef98e176c583cef1aca2061f34cb46582ffffa82f51f2ffd141d91a,0.8869500160217285,0.6574192643165588,0.8180907964706421,0
1177,3020000005512-09-01,3020000020569-09-01,화장품 용기,액체용기,http://plus.kipris.or.kr/openapi/fileToss.jsp?arg=75a63eed5a438998f9dc3380f5cb642cd56dcb0e0f0995b08fe3e6d10b56cc3d22f91fa31f9e4b5d2d45b21b61a48a49e683a86d7980373a,http://plus.kipris.or.kr/openapi/fileToss.jsp?arg=75a63eed5a438998f9dc3380f5cb642cd56dcb0e0f0995b0bea0399dd2b7a3e51bd7c881a493e52a791c7538a9639bdd09f15e9e0344e15f,0.8588026165962219,0.7682903409004211,0.8316489458084106,0
1178,3020000029327-09-01,3020000022160-09-01,화장품 용기,화장품용기,http://plus.kipris.or.kr/openapi/fileToss.jsp?arg=75a63eed5a438998f9dc3380f5cb642cd56dcb0e0f0995b011f68ef22f394dd2cbb6ac3c424ae6349bbb0d951f43b1ab94b599fb3ca4d5c8,http://plus.kipris.or.kr/openapi/fileToss.jsp?arg=75a63eed5a438998f9dc3380f5cb642cd56dcb0e0f0995b02e6ec20e9488ca6619e7d183ad07870db0828e5b0b145e7422ec436bfdf5964e,0.6441325545310974,0.8590911030769348,0.7086201310157776,0
1179,3020000017499-09-01,3020000017001-09-01,포장용 용기,포장용 용기,http://plus.kipris.or.kr/openapi/fileToss.jsp?arg=75a63eed5a438998f9dc3380f5cb642cd56dcb0e0f0995b0d8ee6709638b6fa1ae2fc3835c730b0f7499aab326990e3e0401b3608e9737c3,http://plus.kipris.or.kr/openapi/fileToss.jsp?arg=75a63eed5a438998f9dc3380f5cb642cd56dcb0e0f0995b0d8ee6709638b6fa151acb057bf4b283f404d1149c740d3643f9885c63ddd87f8,0.8545217514038086,0.9422606229782104,0.8808434009552002,0
1180,3020000011000-09-01,3020000021952-09-01,포장용 용기,포장용기,http://plus.kipris.or.kr/openapi/fileToss.jsp?arg=75a63eed5a438998f9dc3380f5cb642cd56dcb0e0f0995b070abdd713d0b290aa6f312245d3a82eec8de93ee8500b0dba0561ddb7ada85da,http://plus.kipris.or.kr/openapi/fileToss.jsp?arg=75a63eed5a438998f9dc3380f5cb642cd56dcb0e0f0995b006449c7f1c85a4a78b7c1a7242ae14e9e8b76585bb2195b2e80b72f74011f142,0.8323500752449036,0.8538901805877686,0.8388121128082275,0
1181,3020000022024-09-01,3020000016040-09-01,포장용 병,식품용기,http://plus.kipris.or.kr/openapi/fileToss.jsp?arg=75a63eed5a438998f9dc3380f5cb642cd56dcb0e0f0995b02e6ec20e9488ca66d73e29b516cdfdccf54611c38e60fb24c356d43a25d8d930,http://plus.kipris.or.kr/openapi/fileToss.jsp?arg=75a63eed5a438998f9dc3380f5cb642cd56dcb0e0f0995b0edd65ac4880d0f0c166bfa7c9e52a4a85fd8162f538fc8100f1f5ed361748e75,0.6623734831809998,0.7507837414741516,0.6888965368270874,0
1182,3020000018872-09-01,3020000029979-09-01,화장품 용기,포장용 병,http://plus.kipris.or.kr/openapi/fileToss.jsp?arg=75a63eed5a438998f9dc3380f5cb642cd56dcb0e0f0995b0deac54f8925f4c7d01c27b3b9348c7972ae570bc5f1beadccc632a2f2f272ea6,http://plus.kipris.or.kr/openapi/fileToss.jsp?arg=75a63eed5a438998f9dc3380f5cb642cd56dcb0e0f0995b011f68ef22f394dd2aac602e829ef0eb5fcbe91527496863fffc98f42da2fa799,0.7686473727226257,0.8119414448738098,0.781635582447052,0
1183,3020000011905-09-01,3020000001557-09-01,포장용 용기,화장품 용기,http://plus.kipris.or.kr/openapi/fileToss.jsp?arg=75a63eed5a438998f9dc3380f5cb642cd56dcb0e0f0995b070abdd713d0b290a0b1bd5557f830a49d15bb8fcee375a0e068cd574902f5063,http://plus.kipris.or.kr/openapi/fileToss.jsp?arg=75a63eed5a438998f9dc3380f5cb642cd56dcb0e0f0995b0b700f0235c7824b02742d12238f52e5f07b186765f208389a53ec0fe778dd01d,0.7240181565284729,0.774918794631958,0.739288330078125,0
1184,3020000012111-09-01,3020000009575-09-01,드링크 병,샴푸용기,http://plus.kipris.or.kr/openapi/fileToss.jsp?arg=75a63eed5a438998f9dc3380f5cb642cd56dcb0e0f0995b08964a6c84ce8cbe1c4d769ac6125c6604cb8fb2387c071ba3df509bd3166361c,http://plus.kipris.or.kr/openapi/fileToss.jsp?arg=75a63eed5a438998f9dc3380f5cb642cd56dcb0e0f0995b073590199e4f1dc169941cfebbab156c51236626acb6177d47b584163abf44dbc,0.905490517616272,0.5396441221237183,0.7957366108894348,0
1185,3020000033178-09-01,3020000011144-09-01,샴푸용기,향수병,http://plus.kipris.or.kr/openapi/fileToss.jsp?arg=75a63eed5a438998f9dc3380f5cb642cd56dcb0e0f0995b0f32787804da8b7ad260e51bd8f6e3480046220d68d97e79a5b18bf18cecc493d,http://plus.kipris.or.kr/openapi/fileToss.jsp?arg=75a63eed5a438998f9dc3380f5cb642cd56dcb0e0f0995b070abdd713d0b290a495f14ebd7c505e21cae541b5885dd24bacd467688cdeec4,0.8922213315963745,0.7183089256286621,0.8400475978851318,0
1186,3020000015457-09-01,3020000023871-09-01,포장용 병,향수용기,http://plus.kipris.or.kr/openapi/fileToss.jsp?arg=75a63eed5a438998f9dc3380f5cb642cd56dcb0e0f0995b07ba686bc001e12b739fc00a00738800f11b276c8c1ad430b563c2feb21e8a438,http://plus.kipris.or.kr/openapi/fileToss.jsp?arg=75a63eed5a438998f9dc3380f5cb642cd56dcb0e0f0995b09b1f6789fb9751245383ec1ea175fde304e93e48583e0350520aff46052e8410,0.7303628325462341,0.8075883388519287,0.7535304427146912,0
1187,3020000030604-09-01,3020000022105-09-01,화장품 용기,포장용 용기,http://plus.kipris.or.kr/openapi/fileToss.jsp?arg=75a63eed5a438998f9dc3380f5cb642cd56dcb0e0f0995b0b9420cad9c5990e05592e1ba158996cfd96ec4d5b728a44a02f1d793c35e165f,http://plus.kipris.or.kr/openapi/fileToss.jsp?arg=75a63eed5a438998f9dc3380f5cb642cd56dcb0e0f0995b02e6ec20e9488ca666f5fe34b46e8fbf6bc377969b3616530bf315341783a69b8,0.754928469657898,0.7982532978057861,0.7679258584976196,0
1188,3020000006440-09-01,3020000034017-09-01,화장품 용기,포장용 용기,http://plus.kipris.or.kr/openapi/fileToss.jsp?arg=75a63eed5a438998f9dc3380f5cb642cd56dcb0e0f0995b0187836737e94fb39d0891ba1d3de6d9279859d3df70fc181dafc5d8a190b1e4a,http://plus.kipris.or.kr/openapi/fileToss.jsp?arg=75a63eed5a438998f9dc3380f5cb642cd56dcb0e0f0995b0bfb5e3af4d1caf7e41c1a10938b5a94553cd9bfe72ec18a853393d4be46ee553,0.8575611710548401,0.8488391637802124,0.8549445867538452,0
1189,3020000004208-09-01,3020000033000-09-01,식음료용 병,술병,http://plus.kipris.or.kr/openapi/fileToss.jsp?arg=75a63eed5a438998f9dc3380f5cb642cd56dcb0e0f0995b03069a7817908f14f26c983146bc1b18f48b2122d4f1a6e3b25c213f3d8f48c30,http://plus.kipris.or.kr/openapi/fileToss.jsp?arg=75a63eed5a438998f9dc3380f5cb642cd56dcb0e0f0995b0f32787804da8b7ad0a83331d496f7b1207a70e4bb04e65899acf4bcb86d94f2b,0.6413147449493408,0.7214716672897339,0.6653618216514587,0
1190,3020000023374-09-01,3020000010996-09-01,화장품 용기,포장용 용기,http://plus.kipris.or.kr/openapi/fileToss.jsp?arg=75a63eed5a438998f9dc3380f5cb642cd56dcb0e0f0995b09b1f6789fb97512449882dd38eee7b7064b74edfc766566481a606a9b121ad15,http://plus.kipris.or.kr/openapi/fileToss.jsp?arg=75a63eed5a438998f9dc3380f5cb642cd56dcb0e0f0995b0ef3ea9b059e1242154c6c6b21c086873fec4e762b42098f71009e8b150b1a1f5,0.775405764579773,0.8537287712097168,0.798902690410614,0
1191,3020000027881-09-01,3020000001557-09-01,겔물질 분배용 포장용기,화장품 용기,http://plus.kipris.or.kr/openapi/fileToss.jsp?arg=75a63eed5a438998f9dc3380f5cb642cd56dcb0e0f0995b01b6467bd697fe99cfe4409446e4a704c8be7ac65fc8f18dd9b3b441ea573abbd,http://plus.kipris.or.kr/openapi/fileToss.jsp?arg=75a63eed5a438998f9dc3380f5cb642cd56dcb0e0f0995b0b700f0235c7824b02742d12238f52e5f07b186765f2083893cb62b358e8d6860,0.7895370125770569,0.8119394183158875,0.796257734298706,0
1192,3020000029616-09-01,3020000031066-09-01,스프레이어(SPRAYER),화장품 용기,http://plus.kipris.or.kr/openapi/fileToss.jsp?arg=75a63eed5a438998f9dc3380f5cb642cd56dcb0e0f0995b011f68ef22f394dd21b3c346cdf3ea013cebac42447732560305e5877793523c9,http://plus.kipris.or.kr/openapi/fileToss.jsp?arg=75a63eed5a438998f9dc3380f5cb642cd56dcb0e0f0995b089d7a621b89857a24e563e71b55eadee73f56adf95bfe56249b52270bbbb5161,0.8786534070968628,0.7239331603050232,0.8322373032569885,0
1193,3020000005379-09-01,3020000024951-09-01,포장용 술병,크림용기,http://plus.kipris.or.kr/openapi/fileToss.jsp?arg=75a63eed5a438998f9dc3380f5cb642cd56dcb0e0f0995b08fe3e6d10b56cc3d7130e33ba6c2605b9e77521b40d6dd65b0b3a2149f9d8007,http://plus.kipris.or.kr/openapi/fileToss.jsp?arg=75a63eed5a438998f9dc3380f5cb642cd56dcb0e0f0995b005b3db6b458aa73be2c5f00e2cd5aa817bedf7b1a2dee2d260146e65ea0f1153,0.8257659673690796,0.7454061508178711,0.801658034324646,0
1194,3020000015364-09-01,3020000017424-09-01,음료 용기,포장용 용기,http://plus.kipris.or.kr/openapi/fileToss.jsp?arg=75a63eed5a438998f9dc3380f5cb642cd56dcb0e0f0995b07ba686bc001e12b7d8b815ff2deb7faa2bd5930109a021221b9093f19750e65e,http://plus.kipris.or.kr/openapi/fileToss.jsp?arg=75a63eed5a438998f9dc3380f5cb642cd56dcb0e0f0995b0d8ee6709638b6fa14d030d93d9fd28c422622fd25edaa01a8d0caeba8ef830c3,0.8112345933914185,0.7633614540100098,0.796872615814209,0
1195,3020000024614-09-01,3020000024535-09-01,병,화장품 용기,http://plus.kipris.or.kr/openapi/fileToss.jsp?arg=75a63eed5a438998f9dc3380f5cb642cd56dcb0e0f0995b005b3db6b458aa73b0968031a9516cc9a17434bbd4aa1786ccd5b6589b973a808,http://plus.kipris.or.kr/openapi/fileToss.jsp?arg=75a63eed5a438998f9dc3380f5cb642cd56dcb0e0f0995b005b3db6b458aa73bad765829c40530d0e0f716a805419d64397ba50a58d321d5,0.9102705121040344,0.7112830877304077,0.850574254989624,0
1196,3020000031065-09-01,3020000002025-09-01,화장품 용기,포장용용기,http://plus.kipris.or.kr/openapi/fileToss.jsp?arg=75a63eed5a438998f9dc3380f5cb642cd56dcb0e0f0995b089d7a621b89857a24e563e71b55eadeece1d1222c27c878b20ef77589ad18842,http://plus.kipris.or.kr/openapi/fileToss.jsp?arg=75a63eed5a438998f9dc3380f5cb642cd56dcb0e0f0995b0680d52483fc7b07dce8cf928834fb57d961f437f2814cf5f6f412b047c8f75b6,0.8140211701393127,0.8121707439422607,0.8134660124778748,0
1197,3020000006096-09-01,3020000022439-09-01,샴푸용기,포장용 용기,http://plus.kipris.or.kr/openapi/fileToss.jsp?arg=75a63eed5a438998f9dc3380f5cb642cd56dcb0e0f0995b0187836737e94fb39b9d0139a39d2cc3968c91619229d47d627feeacb73b2e448,http://plus.kipris.or.kr/openapi/fileToss.jsp?arg=75a63eed5a438998f9dc3380f5cb642cd56dcb0e0f0995b02e6ec20e9488ca6663752f4fd76355c595af55981a9c28ef4c8e099999e0186e,0.7112045288085938,0.7284743785858154,0.7163854837417603,0
1198,3020000032578-09-01,3020000025182-09-01,화장품 용기,화장품 용기,http://plus.kipris.or.kr/openapi/fileToss.jsp?arg=75a63eed5a438998f9dc3380f5cb642cd56dcb0e0f0995b056fef538e42de114a5789ee7e1d70e892127d09ddd1ea1805f8c6aecfcab832b,http://plus.kipris.or.kr/openapi/fileToss.jsp?arg=75a63eed5a438998f9dc3380f5cb642cd56dcb0e0f0995b07a28099d0ef98e17b231862f9c4558f7c6d4adbe3a495f9d4e7c9378eddfebd3,0.8205331563949585,0.8774889707565308,0.8376199007034302,0
1199,3020000031443-09-01,3020000007013-09-01,화장품 용기,화장품 용기,http://plus.kipris.or.kr/openapi/fileToss.jsp?arg=75a63eed5a438998f9dc3380f5cb642cd56dcb0e0f0995b089d7a621b89857a21e79e0b1232a9ae9d185a66d28f3c0cd1ae8211b177f0b52,http://plus.kipris.or.kr/openapi/fileToss.jsp?arg=75a63eed5a438998f9dc3380f5cb642cd56dcb0e0f0995b0fdcd45318d7ff23c36f1af0f6d6ef8030ecaef5f51830e0f337470b114a82a3d,0.7256193161010742,0.9155294895172119,0.7825923562049866,0
1200,3020000029794-09-01,3020000031696-09-01,회전식 지압기가 부설된 약병,화장품 용기,http://plus.kipris.or.kr/openapi/fileToss.jsp?arg=75a63eed5a438998f9dc3380f5cb642cd56dcb0e0f0995b011f68ef22f394dd2b168e780477751b51e99ed8a78b3e5194c79808402a4061c,http://plus.kipris.or.kr/openapi/fileToss.jsp?arg=75a63eed5a438998f9dc3380f5cb642cd56dcb0e0f0995b089d7a621b89857a2fe66ea06c9f515a9004527b3808598c0239b3632758c233f,0.8355333209037781,0.695061206817627,0.7933917045593262,0
1201,3020000025996-09-01,3020000006173-09-01,식용유병,음료수 용기,http://plus.kipris.or.kr/openapi/fileToss.jsp?arg=75a63eed5a438998f9dc3380f5cb642cd56dcb0e0f0995b07a28099d0ef98e176c583cef1aca2061f34cb46582ffffa813211f9369298b54,http://plus.kipris.or.kr/openapi/fileToss.jsp?arg=75a63eed5a438998f9dc3380f5cb642cd56dcb0e0f0995b0187836737e94fb39845672cd5824903a402d9dab6f5279e6197baa9a902d9990,0.7931691408157349,0.804402232170105,0.7965390682220459,0
1202,3020000031692-09-01,3020000005379-09-01,포장용 용기,포장용 술병,http://plus.kipris.or.kr/openapi/fileToss.jsp?arg=75a63eed5a438998f9dc3380f5cb642cd56dcb0e0f0995b089d7a621b89857a2fe66ea06c9f515a9b20945a4ed5906a4e69e961705562680,http://plus.kipris.or.kr/openapi/fileToss.jsp?arg=75a63eed5a438998f9dc3380f5cb642cd56dcb0e0f0995b08fe3e6d10b56cc3d7130e33ba6c2605b9e77521b40d6dd65c5a5ee6338c45597,0.8142338991165161,0.8821228742599487,0.834600567817688,0
1203,3020000017000-09-01,3020000007016-09-01,포장용 용기,화장품 용기,http://plus.kipris.or.kr/openapi/fileToss.jsp?arg=75a63eed5a438998f9dc3380f5cb642cd56dcb0e0f0995b0d8ee6709638b6fa151acb057bf4b283f873778c4a5b9305bad504e0d8050ba0d,http://plus.kipris.or.kr/openapi/fileToss.jsp?arg=75a63eed5a438998f9dc3380f5cb642cd56dcb0e0f0995b0fdcd45318d7ff23c36f1af0f6d6ef803f906a7022218d5ff6d3662ddbf7c95bf,0.8189889192581177,0.8148176670074463,0.8177375793457031,0
1204,3020000023374-09-01,3020000030582-09-01,화장품 용기,포장용 병,http://plus.kipris.or.kr/openapi/fileToss.jsp?arg=75a63eed5a438998f9dc3380f5cb642cd56dcb0e0f0995b09b1f6789fb97512449882dd38eee7b7064b74edfc76656649544626c07924ad0,http://plus.kipris.or.kr/openapi/fileToss.jsp?arg=75a63eed5a438998f9dc3380f5cb642cd56dcb0e0f0995b0b9420cad9c5990e068550a177cec7d2eb9a298519366ee27298f632fae56387b,0.782683253288269,0.7925793528556824,0.7856521010398865,0
1205,3020000031824-09-01,3020000012830-09-01,포장용 통,향수병,http://plus.kipris.or.kr/openapi/fileToss.jsp?arg=75a63eed5a438998f9dc3380f5cb642cd56dcb0e0f0995b089d7a621b89857a260d6d19455edef47705315bb99d3e795decde98be6458788,http://plus.kipris.or.kr/openapi/fileToss.jsp?arg=75a63eed5a438998f9dc3380f5cb642cd56dcb0e0f0995b08964a6c84ce8cbe136b914a53e58c31f9b849f976a23c3598d63b9e8ce1d68cf,0.7371481657028198,0.7320306301116943,0.7356129288673401,0
1206,3020000023861-09-01,3020000014195-09-01,화장품 용기,화장품 용기,http://plus.kipris.or.kr/openapi/fileToss.jsp?arg=75a63eed5a438998f9dc3380f5cb642cd56dcb0e0f0995b09b1f6789fb9751249d50c7f3b7f0515a7da19ff2e6aa311484e653aa7b421661,http://plus.kipris.or.kr/openapi/fileToss.jsp?arg=75a63eed5a438998f9dc3380f5cb642cd56dcb0e0f0995b0606f4df1f99f4081938bc2a8e797add1306d232c63241cfc0f086b9fe24ea90d,0.8220698237419128,0.9690980315208435,0.8661782741546631,0
1207,3020000027881-09-01,3020000024237-09-01,겔물질 분배용 포장용기,화장품 용기,http://plus.kipris.or.kr/openapi/fileToss.jsp?arg=75a63eed5a438998f9dc3380f5cb642cd56dcb0e0f0995b01b6467bd697fe99cfe4409446e4a704c8be7ac65fc8f18ddb9b5f8070210e705,http://plus.kipris.or.kr/openapi/fileToss.jsp?arg=75a63eed5a438998f9dc3380f5cb642cd56dcb0e0f0995b005b3db6b458aa73bfe66f6f53797fb536dc6f239657d4539baed682bd9184102,0.7033158540725708,0.7692323923110962,0.7230908274650574,0
1208,3020000023317-09-01,3020000024008-09-01,화장품 용기,포장용 용기,http://plus.kipris.or.kr/openapi/fileToss.jsp?arg=75a63eed5a438998f9dc3380f5cb642cd56dcb0e0f0995b09b1f6789fb9751245fe107dead8a38ad7927d42c8d065e521ab6f4791371d98a,http://plus.kipris.or.kr/openapi/fileToss.jsp?arg=75a63eed5a438998f9dc3380f5cb642cd56dcb0e0f0995b005b3db6b458aa73b151a4a7d8a9837b37ab1ca3487f1f06775b659025e1b47e0,0.8233553767204285,0.8632203340530396,0.8353148698806763,0
1209,3020000014579-09-01,3020000018351-09-01,화장품 용기,화장품 용기,http://plus.kipris.or.kr/openapi/fileToss.jsp?arg=75a63eed5a438998f9dc3380f5cb642cd56dcb0e0f0995b0606f4df1f99f4081da884fb4a8264f853de525951de7fb995ffb9b562ce73873,http://plus.kipris.or.kr/openapi/fileToss.jsp?arg=75a63eed5a438998f9dc3380f5cb642cd56dcb0e0f0995b0deac54f8925f4c7d59f6c908e7f385a3ccff19416943de8de05e115dd053f9c8,0.8516827821731567,0.9602423906326294,0.8842506408691406,0
1210,3020000031468-09-01,3020000004297-09-01,화장품 용기,화장품 용기,http://plus.kipris.or.kr/openapi/fileToss.jsp?arg=75a63eed5a438998f9dc3380f5cb642cd56dcb0e0f0995b089d7a621b89857a2e6fd5d03a616b313ad947e8c7453a16a1c810ab53d38d225,http://plus.kipris.or.kr/openapi/fileToss.jsp?arg=75a63eed5a438998f9dc3380f5cb642cd56dcb0e0f0995b03069a7817908f14f5c65ec4818929027916d00649800f560e4855a4e483d6958,0.9558345079421997,0.9401679039001465,0.9511345028877258,0
1211,3020000024951-09-01,3020000016999-09-01,크림용기,포장용 용기,http://plus.kipris.or.kr/openapi/fileToss.jsp?arg=75a63eed5a438998f9dc3380f5cb642cd56dcb0e0f0995b005b3db6b458aa73be2c5f00e2cd5aa817bedf7b1a2dee2d24183b1c0872d647b,http://plus.kipris.or.kr/openapi/fileToss.jsp?arg=75a63eed5a438998f9dc3380f5cb642cd56dcb0e0f0995b0edd65ac4880d0f0cc2c085a4246e7b661a17b81247c5a3ca77539d9816a4673d,0.9315841794013977,0.8099015951156616,0.8950793743133545,0
1212,3020000031166-09-01,3020000015457-09-01,화장품용기,포장용 병,http://plus.kipris.or.kr/openapi/fileToss.jsp?arg=75a63eed5a438998f9dc3380f5cb642cd56dcb0e0f0995b089d7a621b89857a2bda1ae1f5599e317e2f2391fc916ba685a1bf7613bd0796b,http://plus.kipris.or.kr/openapi/fileToss.jsp?arg=75a63eed5a438998f9dc3380f5cb642cd56dcb0e0f0995b07ba686bc001e12b739fc00a00738800f11b276c8c1ad430b696a0669e4aec52c,0.8035030364990234,0.8060343861579895,0.8042624592781067,0
1213,3020000006438-09-01,3020000031247-09-01,화장품용기,화장품용기,http://plus.kipris.or.kr/openapi/fileToss.jsp?arg=75a63eed5a438998f9dc3380f5cb642cd56dcb0e0f0995b0187836737e94fb39d6735824be9a53a7e1edc7ee54fa0b09877cd0212c91484c,http://plus.kipris.or.kr/openapi/fileToss.jsp?arg=75a63eed5a438998f9dc3380f5cb642cd56dcb0e0f0995b089d7a621b89857a2cf83cf6c7d54a290c5c6ea32d42da479ceca73d0aebe7356,0.8613711595535278,0.9488478899002075,0.8876141905784607,0
1214,3020000014579-09-01,3020000012833-09-01,화장품 용기,향수병,http://plus.kipris.or.kr/openapi/fileToss.jsp?arg=75a63eed5a438998f9dc3380f5cb642cd56dcb0e0f0995b0606f4df1f99f4081da884fb4a8264f853de525951de7fb9955187a623ad7e243,http://plus.kipris.or.kr/openapi/fileToss.jsp?arg=75a63eed5a438998f9dc3380f5cb642cd56dcb0e0f0995b08964a6c84ce8cbe136b914a53e58c31fb0792085df3a430138fb74adca27e50f,0.8653604984283447,0.7749086618423462,0.8382249474525452,0
1215,3020000006727-09-01,3020000028258-09-01,세제용 포장용기,화장품 용기,http://plus.kipris.or.kr/openapi/fileToss.jsp?arg=75a63eed5a438998f9dc3380f5cb642cd56dcb0e0f0995b0187836737e94fb3936dc5400ed0040d0d21887e1a0ec868014a5c4c418404460,http://plus.kipris.or.kr/openapi/fileToss.jsp?arg=75a63eed5a438998f9dc3380f5cb642cd56dcb0e0f0995b0227542a1f24a736184b9181791c18e4f60f4f9fe508209ca5e376ae475557487,0.9428086280822754,0.8027151823043823,0.9007806181907654,0
1216,3020000020672-09-01,3020000024236-09-01,화장품용기,화장품 용기,http://plus.kipris.or.kr/openapi/fileToss.jsp?arg=75a63eed5a438998f9dc3380f5cb642cd56dcb0e0f0995b0bea0399dd2b7a3e5480d32b373ec1d9434054c8c454dbef05d852b369e75f8cb,http://plus.kipris.or.kr/openapi/fileToss.jsp?arg=75a63eed5a438998f9dc3380f5cb642cd56dcb0e0f0995b005b3db6b458aa73bfe66f6f53797fb534a72a454f5be7fe91799d0281473de75,0.6623790264129639,0.979924201965332,0.7576425671577454,0
1217,3020000019323-09-01,3020000012111-09-01,포장용 용기,드링크 병,http://plus.kipris.or.kr/openapi/fileToss.jsp?arg=75a63eed5a438998f9dc3380f5cb642cd56dcb0e0f0995b0f63a2eefd11079d0e31326d6f26acc1537b8431a4c97957ca59e6231a39963db,http://plus.kipris.or.kr/openapi/fileToss.jsp?arg=75a63eed5a438998f9dc3380f5cb642cd56dcb0e0f0995b08964a6c84ce8cbe1c4d769ac6125c6604cb8fb2387c071ba2fbb8a455a31b4e7,0.7769576907157898,0.7050917148590088,0.7553979158401489,0
1218,3020000000847-09-01,3020000029019-09-01,포장용 병,화장품 용기,http://plus.kipris.or.kr/openapi/fileToss.jsp?arg=75a63eed5a438998f9dc3380f5cb642cd56dcb0e0f0995b0cc72ed919b342300e99b2acfcc6c677b67dc73b10471490975cb5962edda8b35,http://plus.kipris.or.kr/openapi/fileToss.jsp?arg=75a63eed5a438998f9dc3380f5cb642cd56dcb0e0f0995b011f68ef22f394dd2390c13707ca28de788875746926698e5a34cfc199ba27772,0.7663664817810059,0.8013109564781189,0.7768498063087463,0
1219,3020000015284-09-01,3020000018090-09-01,화장품 용기,액체 내용물 포장용 용기,http://plus.kipris.or.kr/openapi/fileToss.jsp?arg=75a63eed5a438998f9dc3380f5cb642cd56dcb0e0f0995b07ba686bc001e12b75d136b4df6d33bb5919118e79bdfe43b0d13d883cdcbcccb,http://plus.kipris.or.kr/openapi/fileToss.jsp?arg=75a63eed5a438998f9dc3380f5cb642cd56dcb0e0f0995b0deac54f8925f4c7db087096564c2a8728b4ce193a9a0b9299d69a37aa44aac66,0.8543720245361328,0.8876283168792725,0.8643489480018616,0
1220,3020000011007-09-01,3020000021170-09-01,화장품 용기,음료캔,http://plus.kipris.or.kr/openapi/fileToss.jsp?arg=75a63eed5a438998f9dc3380f5cb642cd56dcb0e0f0995b070abdd713d0b290aa6f312245d3a82ee6abff9afa2ecfcfd1640c3370d3ec762,http://plus.kipris.or.kr/openapi/fileToss.jsp?arg=75a63eed5a438998f9dc3380f5cb642cd56dcb0e0f0995b006449c7f1c85a4a7bec89f1fb749c251216a46bc23ca63c38a4b684f39819a97,0.9303379058837891,0.7475388646125793,0.8754981756210327,0
1221,3020000011989-09-01,3020000006512-09-01,드링크 병,화장품 용기,http://plus.kipris.or.kr/openapi/fileToss.jsp?arg=75a63eed5a438998f9dc3380f5cb642cd56dcb0e0f0995b070abdd713d0b290a22025622b2f6a4c0026452b7351c2cfea82cfb7aac1ee0be,http://plus.kipris.or.kr/openapi/fileToss.jsp?arg=75a63eed5a438998f9dc3380f5cb642cd56dcb0e0f0995b0187836737e94fb39ab7bc0f298779f6f32570258f056ce609936bdf9e936ec2b,0.8584336042404175,0.5789722204208374,0.7745952010154724,0
1222,3020000025395-09-01,3020000017908-09-01,화장품 용기,화장품 용기,http://plus.kipris.or.kr/openapi/fileToss.jsp?arg=75a63eed5a438998f9dc3380f5cb642cd56dcb0e0f0995b07a28099d0ef98e17b4fee342a5c9b755709bd2c213784ebfc79fdd4fc4ae567d,http://plus.kipris.or.kr/openapi/fileToss.jsp?arg=75a63eed5a438998f9dc3380f5cb642cd56dcb0e0f0995b0d8ee6709638b6fa1182d19b659de8ba0b15a67581927d86f6c64e69326177d14,0.8567277193069458,0.9119422435760498,0.873292088508606,0
1223,3020000023526-09-01,3020000014195-09-01,향수 용기,화장품 용기,http://plus.kipris.or.kr/openapi/fileToss.jsp?arg=75a63eed5a438998f9dc3380f5cb642cd56dcb0e0f0995b09b1f6789fb97512406c585eb35ae35c5391bc9837eac95ab5983fb86c51cb218,http://plus.kipris.or.kr/openapi/fileToss.jsp?arg=75a63eed5a438998f9dc3380f5cb642cd56dcb0e0f0995b0606f4df1f99f4081938bc2a8e797add1306d232c63241cfc0f086b9fe24ea90d,0.8398125171661377,0.8435066938400269,0.8409208059310913,0
1224,3020000013863-09-01,3020000017679-09-01,포장용 용기,화장품 용기,http://plus.kipris.or.kr/openapi/fileToss.jsp?arg=75a63eed5a438998f9dc3380f5cb642cd56dcb0e0f0995b0bdcfae06342df685f8cbf1fb50c4736d6ca4029587136d10a353bd5afca0af3f,http://plus.kipris.or.kr/openapi/fileToss.jsp?arg=75a63eed5a438998f9dc3380f5cb642cd56dcb0e0f0995b0d8ee6709638b6fa1301e6f2c98fb3cd7a3bb760df179f32f60cfd7a5844a25c8,0.8164776563644409,0.8218891024589539,0.8181010484695435,0
1225,3020000033314-09-01,3020000022200-09-01,포장용 용기,포장용 용기,http://plus.kipris.or.kr/openapi/fileToss.jsp?arg=75a63eed5a438998f9dc3380f5cb642cd56dcb0e0f0995b0f32787804da8b7ad8e33740856216fb39dc532a3e2d090b2dc35670d12d38f46,http://plus.kipris.or.kr/openapi/fileToss.jsp?arg=75a63eed5a438998f9dc3380f5cb642cd56dcb0e0f0995b02e6ec20e9488ca66a70689f8ed0b359ec2645961d3c02388bafa88e246bb952c,0.7957669496536255,0.9435420036315918,0.8400994539260864,0
1226,3020000031065-09-01,3020000022160-09-01,화장품 용기,화장품용기,http://plus.kipris.or.kr/openapi/fileToss.jsp?arg=75a63eed5a438998f9dc3380f5cb642cd56dcb0e0f0995b089d7a621b89857a24e563e71b55eadeece1d1222c27c878bb18720bbf373c191,http://plus.kipris.or.kr/openapi/fileToss.jsp?arg=75a63eed5a438998f9dc3380f5cb642cd56dcb0e0f0995b02e6ec20e9488ca6619e7d183ad07870db0828e5b0b145e744bde4a77e318b949,0.7112959027290344,0.9227603673934937,0.7747352123260498,0
1227,3020000005652-09-01,3020000028256-09-01,포장용 용기,화장품 용기,http://plus.kipris.or.kr/openapi/fileToss.jsp?arg=75a63eed5a438998f9dc3380f5cb642cd56dcb0e0f0995b08fe3e6d10b56cc3dd860bdd2e2498e9ae78cdee054c9d58f778654474f976ba9,http://plus.kipris.or.kr/openapi/fileToss.jsp?arg=75a63eed5a438998f9dc3380f5cb642cd56dcb0e0f0995b0227542a1f24a736184b9181791c18e4f9bbb78984b7019f5c87cfb526ecfa724,0.9201362133026123,0.8374861478805542,0.8953412175178528,0
1228,3020000029979-09-01,3020000031167-09-01,포장용 병,화장품용기,http://plus.kipris.or.kr/openapi/fileToss.jsp?arg=75a63eed5a438998f9dc3380f5cb642cd56dcb0e0f0995b011f68ef22f394dd2aac602e829ef0eb5fcbe91527496863fffc98f42da2fa799,http://plus.kipris.or.kr/openapi/fileToss.jsp?arg=75a63eed5a438998f9dc3380f5cb642cd56dcb0e0f0995b089d7a621b89857a2bda1ae1f5599e317c61e99a88bb6420a7c2058447b139265,0.6724942922592163,0.8057496547698975,0.7124708890914917,0
1229,3020000032162-09-01,3020000030701-09-01,화장품 용기,음료수 병,http://plus.kipris.or.kr/openapi/fileToss.jsp?arg=75a63eed5a438998f9dc3380f5cb642cd56dcb0e0f0995b056fef538e42de1141ca79b9eea990224c760b062d4d71d4469dffa935012440f,http://plus.kipris.or.kr/openapi/fileToss.jsp?arg=75a63eed5a438998f9dc3380f5cb642cd56dcb0e0f0995b0b9420cad9c5990e0b9dddcdc7170a076e2534647fede03ce9b10442af42e7f91,0.8593440651893616,0.6587001085281372,0.7991508841514587,0
1230,3020000020844-09-01,3020000003008-09-01,화장품 용기,포장용 용기,http://plus.kipris.or.kr/openapi/fileToss.jsp?arg=75a63eed5a438998f9dc3380f5cb642cd56dcb0e0f0995b0bea0399dd2b7a3e54982b213b7706e58bb0a4596104785cde90eb981612c281d,http://plus.kipris.or.kr/openapi/fileToss.jsp?arg=75a63eed5a438998f9dc3380f5cb642cd56dcb0e0f0995b00b66daf06c8a830629ab74559564aad1045d3af6b0bf2d7591141f0ff6787428,0.8145639896392822,0.7900372743606567,0.8072059750556946,0
1231,3020000015433-09-01,3020000016422-09-01,포장용 용기,화장품 용기,http://plus.kipris.or.kr/openapi/fileToss.jsp?arg=75a63eed5a438998f9dc3380f5cb642cd56dcb0e0f0995b07ba686bc001e12b74f814a4956a5cebb3b7e77a65b11d9abce284c024b029f61,http://plus.kipris.or.kr/openapi/fileToss.jsp?arg=75a63eed5a438998f9dc3380f5cb642cd56dcb0e0f0995b0edd65ac4880d0f0cde88f35c1b19cc9c7da73aaad57b41ba3b3dd0d7e456bc22,0.738456666469574,0.7978276014328003,0.7562679648399353,0
1232,3020000014030-09-01,3020000012834-09-01,화장품 용기,향수병,http://plus.kipris.or.kr/openapi/fileToss.jsp?arg=75a63eed5a438998f9dc3380f5cb642cd56dcb0e0f0995b0606f4df1f99f4081c635518eb2e9ae224c414ca4a2923d3b51218f938815980e,http://plus.kipris.or.kr/openapi/fileToss.jsp?arg=75a63eed5a438998f9dc3380f5cb642cd56dcb0e0f0995b08964a6c84ce8cbe136b914a53e58c31f8da15c97024331bbc4a0ba82921d76bb,0.6885713338851929,0.7479219436645508,0.7063765525817871,0
1233,3020000004095-09-01,3020000013863-09-01,화장품용기,포장용 용기,http://plus.kipris.or.kr/openapi/fileToss.jsp?arg=75a63eed5a438998f9dc3380f5cb642cd56dcb0e0f0995b03069a7817908f14f4572c71c40a02c1b29a3e9914aba67c6ec6359c935c0d373,http://plus.kipris.or.kr/openapi/fileToss.jsp?arg=75a63eed5a438998f9dc3380f5cb642cd56dcb0e0f0995b0bdcfae06342df685f8cbf1fb50c4736d6ca4029587136d10c24c978c4cc132fe,0.6469740271568298,0.8517860174179077,0.7084176540374756,0
1234,3020000010608-09-01,3020000005653-09-01,향수용기,포장용 용기,http://plus.kipris.or.kr/openapi/fileToss.jsp?arg=75a63eed5a438998f9dc3380f5cb642cd56dcb0e0f0995b0ef3ea9b059e12421ac8898e2abf04f2abfe0c93f850ea724344ce4c87b2fd672,http://plus.kipris.or.kr/openapi/fileToss.jsp?arg=75a63eed5a438998f9dc3380f5cb642cd56dcb0e0f0995b08fe3e6d10b56cc3dd860bdd2e2498e9a37c831dcdda6cd2ffd636a581bcc3438,0.7810149192810059,0.8371739387512207,0.7978626489639282,0
1235,3020000016129-09-01,3020000028666-09-01,음료용 병,포장용 용기,http://plus.kipris.or.kr/openapi/fileToss.jsp?arg=75a63eed5a438998f9dc3380f5cb642cd56dcb0e0f0995b0edd65ac4880d0f0c25087b935b4ee47a7a96c2768917e36832690660120be755,http://plus.kipris.or.kr/openapi/fileToss.jsp?arg=75a63eed5a438998f9dc3380f5cb642cd56dcb0e0f0995b0227542a1f24a7361e3d4617c23baf447860c1fd3c78d389ab012f2b590a4002b,0.7438792586326599,0.8900240659713745,0.7877227067947388,0
1236,3020000014156-09-01,3020000028348-09-01,포장용 용기,포장용 용기,http://plus.kipris.or.kr/openapi/fileToss.jsp?arg=75a63eed5a438998f9dc3380f5cb642cd56dcb0e0f0995b0606f4df1f99f40811db3d332d4213ea5a0c3abbac09cc95e228aa9054bebb0db,http://plus.kipris.or.kr/openapi/fileToss.jsp?arg=75a63eed5a438998f9dc3380f5cb642cd56dcb0e0f0995b0227542a1f24a736155db84a290cc09d09a49a855342dcf7e239d7a38642f7f87,0.7050097584724426,0.8075379133224487,0.73576819896698,0
1237,3020000004296-09-01,3020000031698-09-01,화장품 용기,화장품용기,http://plus.kipris.or.kr/openapi/fileToss.jsp?arg=75a63eed5a438998f9dc3380f5cb642cd56dcb0e0f0995b03069a7817908f14f5c65ec4818929027a3ece765a81707193b309a9db32334cc,http://plus.kipris.or.kr/openapi/fileToss.jsp?arg=75a63eed5a438998f9dc3380f5cb642cd56dcb0e0f0995b089d7a621b89857a2fe66ea06c9f515a9995802f2cd000e19f2ae918a76797079,0.7855758666992188,0.8992493152618408,0.8196778893470764,0
1238,3020000002083-09-01,3020000012111-09-01,남성용 화장품 용기,드링크 병,http://plus.kipris.or.kr/openapi/fileToss.jsp?arg=75a63eed5a438998f9dc3380f5cb642cd56dcb0e0f0995b0680d52483fc7b07d3621f255e5f93b21b9855e12cd06cab9d47d89aa17c7058e,http://plus.kipris.or.kr/openapi/fileToss.jsp?arg=75a63eed5a438998f9dc3380f5cb642cd56dcb0e0f0995b08964a6c84ce8cbe1c4d769ac6125c6604cb8fb2387c071ba2fbb8a455a31b4e7,0.8540239334106445,0.6856297850608826,0.8035057187080383,0
1239,3020000028255-09-01,3020000019482-09-01,화장품 용기,포장용 용기,http://plus.kipris.or.kr/openapi/fileToss.jsp?arg=75a63eed5a438998f9dc3380f5cb642cd56dcb0e0f0995b0227542a1f24a736184b9181791c18e4f2d2c91fc50ed9a700cc0b34f797c55b2,http://plus.kipris.or.kr/openapi/fileToss.jsp?arg=75a63eed5a438998f9dc3380f5cb642cd56dcb0e0f0995b0f63a2eefd11079d0ccfa5665d6ade3222a6a99be7a6af297c16b9c51c6548eec,0.7596091032028198,0.8656634092330933,0.7914254069328308,0
1240,3020000029519-09-01,3020000017373-09-01,화장품용기,포장용간장용기,http://plus.kipris.or.kr/openapi/fileToss.jsp?arg=75a63eed5a438998f9dc3380f5cb642cd56dcb0e0f0995b011f68ef22f394dd24829751c8f656ff96ba2fd9af1dcc133317a8bfe376b6aaf,http://plus.kipris.or.kr/openapi/fileToss.jsp?arg=75a63eed5a438998f9dc3380f5cb642cd56dcb0e0f0995b0d8ee6709638b6fa1b9cc41fb9d879150833073c7f5088782d128b1c85ca2932e,0.7821248769760132,0.8663240671157837,0.8073846101760864,0
1241,3020000033314-09-01,3020000031166-09-01,포장용 용기,화장품용기,http://plus.kipris.or.kr/openapi/fileToss.jsp?arg=75a63eed5a438998f9dc3380f5cb642cd56dcb0e0f0995b0f32787804da8b7ad8e33740856216fb39dc532a3e2d090b2a5a5df900674565d,http://plus.kipris.or.kr/openapi/fileToss.jsp?arg=75a63eed5a438998f9dc3380f5cb642cd56dcb0e0f0995b089d7a621b89857a2bda1ae1f5599e317e2f2391fc916ba6878575788036e3ad7,0.7963742017745972,0.8238347768783569,0.8046123385429382,0
1242,3020000029918-09-01,3020000029211-09-01,화장품 용기,포장용 용기,http://plus.kipris.or.kr/openapi/fileToss.jsp?arg=75a63eed5a438998f9dc3380f5cb642cd56dcb0e0f0995b011f68ef22f394dd2f0b8046f71cf13a118ade17c41ebb3b7d90feb50088e375d,http://plus.kipris.or.kr/openapi/fileToss.jsp?arg=75a63eed5a438998f9dc3380f5cb642cd56dcb0e0f0995b011f68ef22f394dd2cbe811d661abacb57f7d34fff32a6abfd7ef063a591ee614,0.74481600522995,0.8261643648147583,0.7692204713821411,0
1243,3020000000639-09-01,3020000010705-09-01,화장품용기,화장품용기,http://plus.kipris.or.kr/openapi/fileToss.jsp?arg=75a63eed5a438998f9dc3380f5cb642cd56dcb0e0f0995b0cc72ed919b34230099f327e961a5ac51ae48af4135c23fabdde41c87458fa86c,http://plus.kipris.or.kr/openapi/fileToss.jsp?arg=75a63eed5a438998f9dc3380f5cb642cd56dcb0e0f0995b0ef3ea9b059e12421eb4ff90610f382b9e11a7aad05f556e000c13afd508eea5c,0.6626439094543457,0.9215086698532104,0.7403033375740051,0
1244,3020000032279-09-01,3020000028555-09-01,화장품 용기,향수병{PERFUME BOTTLE},http://plus.kipris.or.kr/openapi/fileToss.jsp?arg=75a63eed5a438998f9dc3380f5cb642cd56dcb0e0f0995b056fef538e42de1147cde78c9acdcc39826435626186d051b71ab7d7d9dea9e1a,http://plus.kipris.or.kr/openapi/fileToss.jsp?arg=75a63eed5a438998f9dc3380f5cb642cd56dcb0e0f0995b0227542a1f24a73610c8bbe2556fb255ef8db2587fe0aeba6c9d0f0a13491459f,0.7759345173835754,0.7756408452987671,0.7758464217185974,0
1245,3020000020333-09-01,3020000029019-09-01,로션 용기,화장품 용기,http://plus.kipris.or.kr/openapi/fileToss.jsp?arg=75a63eed5a438998f9dc3380f5cb642cd56dcb0e0f0995b0bea0399dd2b7a3e511aac18d04956000af141d67e972b7a9cb3e4c05cdb36091,http://plus.kipris.or.kr/openapi/fileToss.jsp?arg=75a63eed5a438998f9dc3380f5cb642cd56dcb0e0f0995b011f68ef22f394dd2390c13707ca28de788875746926698e5a50298dda2d00656,0.6870982646942139,0.8447540998458862,0.7343950271606445,0
1246,3020000014030-09-01,3020000017679-09-01,화장품 용기,화장품 용기,http://plus.kipris.or.kr/openapi/fileToss.jsp?arg=75a63eed5a438998f9dc3380f5cb642cd56dcb0e0f0995b0606f4df1f99f4081c635518eb2e9ae224c414ca4a2923d3b4a6f7da702d3c8f7,http://plus.kipris.or.kr/openapi/fileToss.jsp?arg=75a63eed5a438998f9dc3380f5cb642cd56dcb0e0f0995b0d8ee6709638b6fa1301e6f2c98fb3cd7a3bb760df179f32f67551df9066ab261,0.7466195821762085,0.8863438963890076,0.7885368466377258,0
1247,3020000021422-09-01,3020000021180-09-01,화장품 용기,포장용 용기,http://plus.kipris.or.kr/openapi/fileToss.jsp?arg=75a63eed5a438998f9dc3380f5cb642cd56dcb0e0f0995b006449c7f1c85a4a7e93b067df666c42493cd6ac1ba8fe92ec4902c1b045a256f,http://plus.kipris.or.kr/openapi/fileToss.jsp?arg=75a63eed5a438998f9dc3380f5cb642cd56dcb0e0f0995b006449c7f1c85a4a78954e4e205fc4f348a4e84b6df120aa83cbe924f6b96f975,0.6050921678543091,0.8714936971664429,0.6850126385688782,0
1248,3020000015673-09-01,3020000029919-09-01,드링크 병,화장품 용기,http://plus.kipris.or.kr/openapi/fileToss.jsp?arg=75a63eed5a438998f9dc3380f5cb642cd56dcb0e0f0995b07ba686bc001e12b796bf2c17c8027db4f3c520ca9733a7aca19c66bd6805561d,http://plus.kipris.or.kr/openapi/fileToss.jsp?arg=75a63eed5a438998f9dc3380f5cb642cd56dcb0e0f0995b011f68ef22f394dd2f0b8046f71cf13a1b9d33cb8e90205880be227493e8963bb,0.7437899708747864,0.6393357515335083,0.7124536633491516,0
1249,3020000015226-09-01,3020000027881-09-01,포장용 용기,겔물질 분배용 포장용기,http://plus.kipris.or.kr/openapi/fileToss.jsp?arg=75a63eed5a438998f9dc3380f5cb642cd56dcb0e0f0995b07ba686bc001e12b736b25ce876b15baea2cded5148e590e68d9cf1a20b2ebb9e,http://plus.kipris.or.kr/openapi/fileToss.jsp?arg=75a63eed5a438998f9dc3380f5cb642cd56dcb0e0f0995b01b6467bd697fe99cfe4409446e4a704c8be7ac65fc8f18dd7f6923d5280245ec,0.8428582549095154,0.8788319826126099,0.8536503314971924,0
1250,3020000013862-09-01,3020000028831-09-01,포장용 용기,화장품 용기,http://plus.kipris.or.kr/openapi/fileToss.jsp?arg=75a63eed5a438998f9dc3380f5cb642cd56dcb0e0f0995b0bdcfae06342df685f8cbf1fb50c4736d33893aee3cc4dc17195a85e4e2e12aee,http://plus.kipris.or.kr/openapi/fileToss.jsp?arg=75a63eed5a438998f9dc3380f5cb642cd56dcb0e0f0995b0227542a1f24a73618fe1c7a5cc98859de0c23b94fa94bf3e7883571b01cfbe5e,0.7975236177444458,0.7949758768081665,0.796759307384491,0
1251,3020000031169-09-01,3020000006436-09-01,화장품용기,포장용 용기,http://plus.kipris.or.kr/openapi/fileToss.jsp?arg=75a63eed5a438998f9dc3380f5cb642cd56dcb0e0f0995b089d7a621b89857a2bda1ae1f5599e317818da205f7f25c656701fff1f06ff4d3,http://plus.kipris.or.kr/openapi/fileToss.jsp?arg=75a63eed5a438998f9dc3380f5cb642cd56dcb0e0f0995b0187836737e94fb39d6735824be9a53a73fc77ea3035de78f775a3284f5c0105d,0.8026173114776611,0.8101038932800293,0.8048633337020874,0
1252,3020000029327-09-01,3020000007584-09-01,화장품 용기,화장품 용기,http://plus.kipris.or.kr/openapi/fileToss.jsp?arg=75a63eed5a438998f9dc3380f5cb642cd56dcb0e0f0995b011f68ef22f394dd2cbb6ac3c424ae6349bbb0d951f43b1aba7119e0bd864d36d,http://plus.kipris.or.kr/openapi/fileToss.jsp?arg=75a63eed5a438998f9dc3380f5cb642cd56dcb0e0f0995b0fdcd45318d7ff23cbe8f9d6b58b35c17b9be175719b4f014996c01efd5e5ca94,0.8240176439285278,0.8713139295578003,0.8382065296173096,0
1253,3020000027112-09-01,3020000025138-09-01,향수 용기,화장품용기,http://plus.kipris.or.kr/openapi/fileToss.jsp?arg=75a63eed5a438998f9dc3380f5cb642cd56dcb0e0f0995b01b6467bd697fe99c013e9190553069fb58aea5169a494bd3c3be41d8c1073b8d,http://plus.kipris.or.kr/openapi/fileToss.jsp?arg=75a63eed5a438998f9dc3380f5cb642cd56dcb0e0f0995b07a28099d0ef98e17a76fe1c93404a74abf48105e70108918c51f5bfb28890da7,0.7605193853378296,0.7414889335632324,0.7548102140426636,0
1254,3020000004208-09-01,3020000025496-09-01,식음료용 병,화장품용기,http://plus.kipris.or.kr/openapi/fileToss.jsp?arg=75a63eed5a438998f9dc3380f5cb642cd56dcb0e0f0995b03069a7817908f14f26c983146bc1b18f48b2122d4f1a6e3b25c213f3d8f48c30,http://plus.kipris.or.kr/openapi/fileToss.jsp?arg=75a63eed5a438998f9dc3380f5cb642cd56dcb0e0f0995b07a28099d0ef98e17fe87dc1610c15d7febbc7abbf82666fc28a0bee1d9045ae3,0.6190208196640015,0.7427805066108704,0.6561487317085266,0
1255,3020000029020-09-01,3020000023960-09-01,화장품 용기,향수용 분무기,http://plus.kipris.or.kr/openapi/fileToss.jsp?arg=75a63eed5a438998f9dc3380f5cb642cd56dcb0e0f0995b011f68ef22f394dd23d3e52e393d986e319bf88371b57d9b899ba9a0e99f58c00,http://plus.kipris.or.kr/openapi/fileToss.jsp?arg=75a63eed5a438998f9dc3380f5cb642cd56dcb0e0f0995b09b1f6789fb97512435c6663bfd5ed5613a4a1a91772f17181056a9b689dc3c21,0.7021259665489197,0.8150860071182251,0.7360139489173889,0
1256,3020000033313-09-01,3020000009318-09-01,포장용 용기,화장품용기,http://plus.kipris.or.kr/openapi/fileToss.jsp?arg=75a63eed5a438998f9dc3380f5cb642cd56dcb0e0f0995b0f32787804da8b7ad8e33740856216fb3c0172fd44f6571276d58250f4eaef585,http://plus.kipris.or.kr/openapi/fileToss.jsp?arg=75a63eed5a438998f9dc3380f5cb642cd56dcb0e0f0995b073590199e4f1dc160d6f56a27c91bf2603769c37490c955f69b6f94e3bd74b45,0.6383664608001709,0.8162556886672974,0.6917332410812378,0
1257,3020000016430-09-01,3020000011000-09-01,포장용기,포장용 용기,http://plus.kipris.or.kr/openapi/fileToss.jsp?arg=75a63eed5a438998f9dc3380f5cb642cd56dcb0e0f0995b0edd65ac4880d0f0c232cb6b80bc0e8a33808bf7b0bacd52fbbedf61a51ab81be,http://plus.kipris.or.kr/openapi/fileToss.jsp?arg=75a63eed5a438998f9dc3380f5cb642cd56dcb0e0f0995b070abdd713d0b290aa6f312245d3a82eec8de93ee8500b0db92cf2deb5a7cdac4,0.6687372326850891,0.8411973118782043,0.7204752564430237,0
1258,3020000012836-09-01,3020000029520-09-01,향수병,화장품용기,http://plus.kipris.or.kr/openapi/fileToss.jsp?arg=75a63eed5a438998f9dc3380f5cb642cd56dcb0e0f0995b08964a6c84ce8cbe136b914a53e58c31f554ac8bf001a4516e200d2ab360cdb8e,http://plus.kipris.or.kr/openapi/fileToss.jsp?arg=75a63eed5a438998f9dc3380f5cb642cd56dcb0e0f0995b011f68ef22f394dd2174e1bc993429f5e33af49a418a5c6f565ec5a2e6aadcd93,0.6800459027290344,0.7582356333732605,0.7035028338432312,0
1259,3020000017906-09-01,3020000017373-09-01,화장품 용기,포장용간장용기,http://plus.kipris.or.kr/openapi/fileToss.jsp?arg=75a63eed5a438998f9dc3380f5cb642cd56dcb0e0f0995b0d8ee6709638b6fa1182d19b659de8ba0d8f8a423c1711cc84cfdba4e5672d60e,http://plus.kipris.or.kr/openapi/fileToss.jsp?arg=75a63eed5a438998f9dc3380f5cb642cd56dcb0e0f0995b0d8ee6709638b6fa1b9cc41fb9d879150833073c7f50887823fc91afc2eea90d2,0.8183782696723938,0.8051086068153381,0.8143973350524902,0
1260,3020000004208-09-01,3020000004298-09-01,식음료용 병,화장품 용기,http://plus.kipris.or.kr/openapi/fileToss.jsp?arg=75a63eed5a438998f9dc3380f5cb642cd56dcb0e0f0995b03069a7817908f14f26c983146bc1b18f48b2122d4f1a6e3bb4267a2e104deb6e,http://plus.kipris.or.kr/openapi/fileToss.jsp?arg=75a63eed5a438998f9dc3380f5cb642cd56dcb0e0f0995b03069a7817908f14f5c65ec481892902746cda1b0085c286eb4ab8400f1fb8993,0.7306799292564392,0.762567937374115,0.7402462959289551,0
1261,3020000011312-09-01,3020000032063-09-01,술병,화장품 함,http://plus.kipris.or.kr/openapi/fileToss.jsp?arg=75a63eed5a438998f9dc3380f5cb642cd56dcb0e0f0995b070abdd713d0b290a5ffe1b8eef7e114d8d90f591f2f6baf858c83de5d23bcd84,http://plus.kipris.or.kr/openapi/fileToss.jsp?arg=75a63eed5a438998f9dc3380f5cb642cd56dcb0e0f0995b056fef538e42de1141cf4f2c168498387382605393928321870ae2c2ce5ae18a7,0.637654721736908,0.7151740789413452,0.6609105467796326,0
1262,3020000020788-09-01,3020000029878-09-01,포장용 용기,화장품용기,http://plus.kipris.or.kr/openapi/fileToss.jsp?arg=75a63eed5a438998f9dc3380f5cb642cd56dcb0e0f0995b0bea0399dd2b7a3e5217ce7d5ae936bbd90eef2e869c5b113f1223b7ff90abb94,http://plus.kipris.or.kr/openapi/fileToss.jsp?arg=75a63eed5a438998f9dc3380f5cb642cd56dcb0e0f0995b011f68ef22f394dd26a964075748e6c18658a49f80968cb3e5e187e874a6ed12d,0.7485870122909546,0.7222403287887573,0.7406830191612244,0
1263,3020000029020-09-01,3020000000638-09-01,화장품 용기,화장품용기,http://plus.kipris.or.kr/openapi/fileToss.jsp?arg=75a63eed5a438998f9dc3380f5cb642cd56dcb0e0f0995b011f68ef22f394dd23d3e52e393d986e319bf88371b57d9b86831394aac8ff23c,http://plus.kipris.or.kr/openapi/fileToss.jsp?arg=75a63eed5a438998f9dc3380f5cb642cd56dcb0e0f0995b0cc72ed919b34230099f327e961a5ac512f1a2de92956eab07087fcd83f2414a7,0.7950811386108398,0.955992579460144,0.8433545827865601,0
1264,3020000009397-09-01,3020000031468-09-01,화장품 용기,화장품 용기,http://plus.kipris.or.kr/openapi/fileToss.jsp?arg=75a63eed5a438998f9dc3380f5cb642cd56dcb0e0f0995b073590199e4f1dc1639c043446a843f341fc2934575b221679182f278029bf8fa,http://plus.kipris.or.kr/openapi/fileToss.jsp?arg=75a63eed5a438998f9dc3380f5cb642cd56dcb0e0f0995b089d7a621b89857a2e6fd5d03a616b313ad947e8c7453a16a07cf855e440e0f77,0.8188896179199219,0.9216702580451965,0.8497238159179688,0
1265,3020000012601-09-01,3020000011906-09-01,세제용 용기,포장용 용기,http://plus.kipris.or.kr/openapi/fileToss.jsp?arg=75a63eed5a438998f9dc3380f5cb642cd56dcb0e0f0995b08964a6c84ce8cbe168aabef1f58be13cce1ea850f9b201c5e0e7d054bccb9b4e,http://plus.kipris.or.kr/openapi/fileToss.jsp?arg=75a63eed5a438998f9dc3380f5cb642cd56dcb0e0f0995b070abdd713d0b290a0b1bd5557f830a499fe53da63e378f7cfb049c4d28717c6a,0.608009397983551,0.8272678256034851,0.6737869381904602,0
1266,3020000029520-09-01,3020000017679-09-01,화장품용기,화장품 용기,http://plus.kipris.or.kr/openapi/fileToss.jsp?arg=75a63eed5a438998f9dc3380f5cb642cd56dcb0e0f0995b011f68ef22f394dd2174e1bc993429f5e33af49a418a5c6f565ec5a2e6aadcd93,http://plus.kipris.or.kr/openapi/fileToss.jsp?arg=75a63eed5a438998f9dc3380f5cb642cd56dcb0e0f0995b0d8ee6709638b6fa1301e6f2c98fb3cd7a3bb760df179f32f2c3fc25f0d88ffb1,0.6770390868186951,0.9005171060562134,0.7440824508666992,0
1267,3020000028831-09-01,3020000021877-09-01,화장품 용기,포장용 병,http://plus.kipris.or.kr/openapi/fileToss.jsp?arg=75a63eed5a438998f9dc3380f5cb642cd56dcb0e0f0995b0227542a1f24a73618fe1c7a5cc98859de0c23b94fa94bf3e8cc4b4fa3801646e,http://plus.kipris.or.kr/openapi/fileToss.jsp?arg=75a63eed5a438998f9dc3380f5cb642cd56dcb0e0f0995b006449c7f1c85a4a70414a8256ca494f5043ecd5ebd0c3ee4e90f0065d8ce595c,0.6959720253944397,0.7163716554641724,0.7020919322967529,0
1268,3020000001944-09-01,3020000031168-09-01,포장용 용기,화장품용기,http://plus.kipris.or.kr/openapi/fileToss.jsp?arg=75a63eed5a438998f9dc3380f5cb642cd56dcb0e0f0995b0b700f0235c7824b0b43f28481065a752e5d089eb08c52349f4e073b2d6476be6,http://plus.kipris.or.kr/openapi/fileToss.jsp?arg=75a63eed5a438998f9dc3380f5cb642cd56dcb0e0f0995b089d7a621b89857a2bda1ae1f5599e317e91e86b71eace80636aee8ea6d59cc3a,0.7781029939651489,0.847108781337738,0.798804759979248,0
1269,3020000031169-09-01,3020000028258-09-01,화장품용기,화장품 용기,http://plus.kipris.or.kr/openapi/fileToss.jsp?arg=75a63eed5a438998f9dc3380f5cb642cd56dcb0e0f0995b089d7a621b89857a2bda1ae1f5599e317818da205f7f25c65b235a335133d7d45,http://plus.kipris.or.kr/openapi/fileToss.jsp?arg=75a63eed5a438998f9dc3380f5cb642cd56dcb0e0f0995b0227542a1f24a736184b9181791c18e4f60f4f9fe508209cab8a8f3764eda252f,0.7564408779144287,0.9212690591812134,0.8058893084526062,0
1270,3020000012836-09-01,3020000033313-09-01,향수병,포장용 용기,http://plus.kipris.or.kr/openapi/fileToss.jsp?arg=75a63eed5a438998f9dc3380f5cb642cd56dcb0e0f0995b08964a6c84ce8cbe136b914a53e58c31f554ac8bf001a4516e474d75d93384120,http://plus.kipris.or.kr/openapi/fileToss.jsp?arg=75a63eed5a438998f9dc3380f5cb642cd56dcb0e0f0995b0f32787804da8b7ad8e33740856216fb3c0172fd44f6571277d42be69e788d738,0.7629199624061584,0.7626686096191406,0.7628445625305176,0
1271,3020000013900-09-01,3020000025138-09-01,포장용 용기,화장품용기,http://plus.kipris.or.kr/openapi/fileToss.jsp?arg=75a63eed5a438998f9dc3380f5cb642cd56dcb0e0f0995b0bdcfae06342df6850de8b49972379f7ecc0784a9556e8c6212f1fa4c9083de8b,http://plus.kipris.or.kr/openapi/fileToss.jsp?arg=75a63eed5a438998f9dc3380f5cb642cd56dcb0e0f0995b07a28099d0ef98e17a76fe1c93404a74abf48105e7010891812f1b6a1600de890,0.755462646484375,0.793989896774292,0.7670208215713501,0
1272,3020000023254-09-01,3020000030881-09-01,식품용용기,화장품 용기,http://plus.kipris.or.kr/openapi/fileToss.jsp?arg=75a63eed5a438998f9dc3380f5cb642cd56dcb0e0f0995b09b1f6789fb975124ddde99bf437cdce816e7c8bd8b35058fe32b856d38635087,http://plus.kipris.or.kr/openapi/fileToss.jsp?arg=75a63eed5a438998f9dc3380f5cb642cd56dcb0e0f0995b0b9420cad9c5990e04c31abfa39740297661cfe583bee5c310f424f12d3560a75,0.8009431958198547,0.85495924949646,0.8171480298042297,0
1273,3020000025138-09-01,3020000011312-09-01,화장품용기,술병,http://plus.kipris.or.kr/openapi/fileToss.jsp?arg=75a63eed5a438998f9dc3380f5cb642cd56dcb0e0f0995b07a28099d0ef98e17a76fe1c93404a74abf48105e70108918c51f5bfb28890da7,http://plus.kipris.or.kr/openapi/fileToss.jsp?arg=75a63eed5a438998f9dc3380f5cb642cd56dcb0e0f0995b070abdd713d0b290a5ffe1b8eef7e114d8d90f591f2f6baf89aa60ba3998c33bf,0.6599569320678711,0.71791011095047,0.6773428916931152,0
1274,3020000006442-09-01,3020000026714-09-01,화장품용기,양념장포장용용기,http://plus.kipris.or.kr/openapi/fileToss.jsp?arg=75a63eed5a438998f9dc3380f5cb642cd56dcb0e0f0995b0187836737e94fb39d0891ba1d3de6d92b749723166fb510ac6bc978676833b12,http://plus.kipris.or.kr/openapi/fileToss.jsp?arg=75a63eed5a438998f9dc3380f5cb642cd56dcb0e0f0995b035c516d305aed145d03b9d9d2a0fe85b75f03b4602eac21ee5a2d47e4171cf71,0.8370576500892639,0.7540199160575867,0.8121463656425476,0
1275,3020000013606-09-01,3020000016430-09-01,화장품 용기,포장용기,http://plus.kipris.or.kr/openapi/fileToss.jsp?arg=75a63eed5a438998f9dc3380f5cb642cd56dcb0e0f0995b0bdcfae06342df685b5160b34fe202fbfabfe2536a403a69d18aa1876b68c7e61,http://plus.kipris.or.kr/openapi/fileToss.jsp?arg=75a63eed5a438998f9dc3380f5cb642cd56dcb0e0f0995b0edd65ac4880d0f0c232cb6b80bc0e8a33808bf7b0bacd52f2ede2d82907c57fa,0.6803497076034546,0.7509595155715942,0.7015326619148254,0
1276,3020000011029-09-01,3020000006745-09-01,음료 포장용 병,화장품 용기,http://plus.kipris.or.kr/openapi/fileToss.jsp?arg=75a63eed5a438998f9dc3380f5cb642cd56dcb0e0f0995b070abdd713d0b290ada1a9beb49be1f147b571f7e3467ed9b3d3206ba3839e06d,http://plus.kipris.or.kr/openapi/fileToss.jsp?arg=75a63eed5a438998f9dc3380f5cb642cd56dcb0e0f0995b0187836737e94fb396332e3fa732ce845f8c27c7491e8a675751d7c82102ce4b3,0.7063761949539185,0.781212329864502,0.7288269996643066,0
1277,3020000012830-09-01,3020000024556-09-01,향수병,화장품 용기,http://plus.kipris.or.kr/openapi/fileToss.jsp?arg=75a63eed5a438998f9dc3380f5cb642cd56dcb0e0f0995b08964a6c84ce8cbe136b914a53e58c31f9b849f976a23c3594e079876d5d83c31,http://plus.kipris.or.kr/openapi/fileToss.jsp?arg=75a63eed5a438998f9dc3380f5cb642cd56dcb0e0f0995b005b3db6b458aa73b5f84b5e88bb806fd54f16ecd649fa50a9fb9cfab1e99df55,0.8310083746910095,0.7454180717468262,0.805331289768219,0
1278,3020000002771-09-01,3020000006096-09-01,포장용 음료용기,샴푸용기,http://plus.kipris.or.kr/openapi/fileToss.jsp?arg=75a63eed5a438998f9dc3380f5cb642cd56dcb0e0f0995b0680d52483fc7b07df0eaa0514f1b3e00d24794910bd1260b3f9bcb30a4aa5b3d,http://plus.kipris.or.kr/openapi/fileToss.jsp?arg=75a63eed5a438998f9dc3380f5cb642cd56dcb0e0f0995b0187836737e94fb39b9d0139a39d2cc3968c91619229d47d6b4cc451c7ab72ebe,0.8441439867019653,0.6676640510559082,0.7911999821662903,0
1279,3020000020789-09-01,3020000030710-09-01,포장용 용기,향수 용기,http://plus.kipris.or.kr/openapi/fileToss.jsp?arg=75a63eed5a438998f9dc3380f5cb642cd56dcb0e0f0995b0bea0399dd2b7a3e5217ce7d5ae936bbd6329e9ab186760da39da44d01493d956,http://plus.kipris.or.kr/openapi/fileToss.jsp?arg=75a63eed5a438998f9dc3380f5cb642cd56dcb0e0f0995b0b9420cad9c5990e04e6a47733b7591c4ce6c1908f6b3f36c071918d3afd04812,0.7475184202194214,0.7996454238891602,0.7631564736366272,0
1280,3020000032390-09-01,3020000009396-09-01,화장품 용기,화장품 용기,http://plus.kipris.or.kr/openapi/fileToss.jsp?arg=75a63eed5a438998f9dc3380f5cb642cd56dcb0e0f0995b056fef538e42de114992500162809c30904332274da7c8757c1f731138631c3e5,http://plus.kipris.or.kr/openapi/fileToss.jsp?arg=75a63eed5a438998f9dc3380f5cb642cd56dcb0e0f0995b073590199e4f1dc1639c043446a843f3470496d74c2a4c07b3af5668b5b71bda1,0.7790367603302002,0.9296607971191406,0.8242239356040955,0
1281,3020000031698-09-01,3020000023871-09-01,화장품용기,향수용기,http://plus.kipris.or.kr/openapi/fileToss.jsp?arg=75a63eed5a438998f9dc3380f5cb642cd56dcb0e0f0995b089d7a621b89857a2fe66ea06c9f515a9995802f2cd000e197782e2813c1c9524,http://plus.kipris.or.kr/openapi/fileToss.jsp?arg=75a63eed5a438998f9dc3380f5cb642cd56dcb0e0f0995b09b1f6789fb9751245383ec1ea175fde304e93e48583e0350dad8c10dd89072f7,0.854553759098053,0.8233543634414673,0.8451939225196838,0
1282,3020000013583-09-01,3020000022812-09-01,화장품 용기,포장용 병,http://plus.kipris.or.kr/openapi/fileToss.jsp?arg=75a63eed5a438998f9dc3380f5cb642cd56dcb0e0f0995b0bdcfae06342df68572d7f7323bc50a0e94b7efa79b355815b01dad70cbaed73a,http://plus.kipris.or.kr/openapi/fileToss.jsp?arg=75a63eed5a438998f9dc3380f5cb642cd56dcb0e0f0995b02e6ec20e9488ca663ad59844fd3ba6d2d1f8ed2d2803d4e455aa8ef0a54360d1,0.8429704308509827,0.8164738416671753,0.8350214958190918,0
1283,3020000011989-09-01,3020000026844-09-01,드링크 병,화장품 용기,http://plus.kipris.or.kr/openapi/fileToss.jsp?arg=75a63eed5a438998f9dc3380f5cb642cd56dcb0e0f0995b070abdd713d0b290a22025622b2f6a4c0026452b7351c2cfe99832b67867a1cd9,http://plus.kipris.or.kr/openapi/fileToss.jsp?arg=75a63eed5a438998f9dc3380f5cb642cd56dcb0e0f0995b035c516d305aed14571243152256c21dad8a464247adf2be41c9a0e3c08ff5e86,0.8118807077407837,0.6847637891769409,0.773745596408844,0
1284,3020000024557-09-01,3020000022161-09-01,화장품 용기,화장품용기,http://plus.kipris.or.kr/openapi/fileToss.jsp?arg=75a63eed5a438998f9dc3380f5cb642cd56dcb0e0f0995b005b3db6b458aa73b5f84b5e88bb806fd701ec43f9850a0779a0524e0291afb30,http://plus.kipris.or.kr/openapi/fileToss.jsp?arg=75a63eed5a438998f9dc3380f5cb642cd56dcb0e0f0995b02e6ec20e9488ca6619e7d183ad07870d0e1f720ac109996a1d2cefb942e57211,0.5746111869812012,0.9353971481323242,0.6828469634056091,0
1285,3020000018766-09-01,3020000018351-09-01,음료병,화장품 용기,http://plus.kipris.or.kr/openapi/fileToss.jsp?arg=75a63eed5a438998f9dc3380f5cb642cd56dcb0e0f0995b0deac54f8925f4c7dff73e655a395ca11482114226fa58288f164bfbccfb2a9cc,http://plus.kipris.or.kr/openapi/fileToss.jsp?arg=75a63eed5a438998f9dc3380f5cb642cd56dcb0e0f0995b0deac54f8925f4c7d59f6c908e7f385a3ccff19416943de8d91e6a22591e28d81,0.7403868436813354,0.6254274845123291,0.7058990597724915,0
1286,3020000005311-09-01,3020000029616-09-01,화장품 용기,스프레이어(SPRAYER),http://plus.kipris.or.kr/openapi/fileToss.jsp?arg=75a63eed5a438998f9dc3380f5cb642cd56dcb0e0f0995b08fe3e6d10b56cc3d6a7058d9a96cab40de9720b4b9585ebb9e2aee88bb09b20f,http://plus.kipris.or.kr/openapi/fileToss.jsp?arg=75a63eed5a438998f9dc3380f5cb642cd56dcb0e0f0995b011f68ef22f394dd21b3c346cdf3ea013cebac42447732560301c84bee0a32cc4,0.8633607625961304,0.8123294115066528,0.8480513691902161,0
1287,3020000025777-09-01,3020000026403-09-01,화장품 용기,액체 화장품 용기,http://plus.kipris.or.kr/openapi/fileToss.jsp?arg=75a63eed5a438998f9dc3380f5cb642cd56dcb0e0f0995b07a28099d0ef98e17b856995e50d7dd6b930e7b2715be9f66d706653de0357cbd,http://plus.kipris.or.kr/openapi/fileToss.jsp?arg=75a63eed5a438998f9dc3380f5cb642cd56dcb0e0f0995b035c516d305aed14500996500c539b991471cdddbac838f419e193beb9d03c4e7,0.9037043452262878,0.8927173018455505,0.9004082679748535,0
1288,3020000028254-09-01,3020000014721-09-01,화장품 용기,음료수병,http://plus.kipris.or.kr/openapi/fileToss.jsp?arg=75a63eed5a438998f9dc3380f5cb642cd56dcb0e0f0995b0227542a1f24a736184b9181791c18e4fa67ec61a2b27ea41f8f06622e88c7565,http://plus.kipris.or.kr/openapi/fileToss.jsp?arg=75a63eed5a438998f9dc3380f5cb642cd56dcb0e0f0995b0606f4df1f99f408147acd64ca7a100afd02dddd10af2d0c3987148e018c965e1,0.7612452507019043,0.7686728239059448,0.7634735107421875,0
1289,3020000001189-09-01,3020000021829-09-01,화장품용기,화장품 용기,http://plus.kipris.or.kr/openapi/fileToss.jsp?arg=75a63eed5a438998f9dc3380f5cb642cd56dcb0e0f0995b0b700f0235c7824b019cbf7f16fb2c2fce15609f9a233e43ca8724fec52f5fd95,http://plus.kipris.or.kr/openapi/fileToss.jsp?arg=75a63eed5a438998f9dc3380f5cb642cd56dcb0e0f0995b006449c7f1c85a4a7b1e65d46d0f161f0338df3c924e966185593575f7b1e4243,0.6968284845352173,0.9592496156692505,0.7755548357963562,0
1290,3020000029979-09-01,3020000012072-09-01,포장용 병,샴푸용기,http://plus.kipris.or.kr/openapi/fileToss.jsp?arg=75a63eed5a438998f9dc3380f5cb642cd56dcb0e0f0995b011f68ef22f394dd2aac602e829ef0eb5fcbe91527496863f29d67d7c84548ec6,http://plus.kipris.or.kr/openapi/fileToss.jsp?arg=75a63eed5a438998f9dc3380f5cb642cd56dcb0e0f0995b08964a6c84ce8cbe101428d44c160746ec10ea66642096ecb621c4c1563f13e57,0.6818232536315918,0.6940926313400269,0.6855040788650513,0
1291,3020000024360-09-01,3020000019482-09-01,포장용 술병,포장용 용기,http://plus.kipris.or.kr/openapi/fileToss.jsp?arg=75a63eed5a438998f9dc3380f5cb642cd56dcb0e0f0995b005b3db6b458aa73b20b29c3eb5bdefd21910298216c726c8defa21df5160409c,http://plus.kipris.or.kr/openapi/fileToss.jsp?arg=75a63eed5a438998f9dc3380f5cb642cd56dcb0e0f0995b0f63a2eefd11079d0ccfa5665d6ade3222a6a99be7a6af29749290e22a79b8ff9,0.7482497692108154,0.8144022226333618,0.7680954933166504,0
1292,3020000007016-09-01,3020000025158-09-01,화장품 용기,스프레이 용기,http://plus.kipris.or.kr/openapi/fileToss.jsp?arg=75a63eed5a438998f9dc3380f5cb642cd56dcb0e0f0995b0fdcd45318d7ff23c36f1af0f6d6ef803f906a7022218d5ff629e40ce7b32b64a,http://plus.kipris.or.kr/openapi/fileToss.jsp?arg=75a63eed5a438998f9dc3380f5cb642cd56dcb0e0f0995b07a28099d0ef98e1700b4d7de06f9f53c9c2561319dcf881d10babae4208841d8,0.7201018333435059,0.8549823760986328,0.760565996170044,0
1293,3020000012594-09-01,3020000025935-09-01,포장용 병,플라스틱병,http://plus.kipris.or.kr/openapi/fileToss.jsp?arg=75a63eed5a438998f9dc3380f5cb642cd56dcb0e0f0995b08964a6c84ce8cbe1a2734cd20ff462c98c85951218f53d286bdd5719c21039d1,http://plus.kipris.or.kr/openapi/fileToss.jsp?arg=75a63eed5a438998f9dc3380f5cb642cd56dcb0e0f0995b07a28099d0ef98e17823896417f37d3fc4aef395a76d30843424f06f39a0cfd54,0.6980694532394409,0.8674439191818237,0.7488818168640137,0
1294,3020000001542-09-01,3020000014721-09-01,포장용 음료용기,음료수병,http://plus.kipris.or.kr/openapi/fileToss.jsp?arg=75a63eed5a438998f9dc3380f5cb642cd56dcb0e0f0995b0b700f0235c7824b0587fd55be5134f032acd59f883b9206c47041ec1b351eb0c,http://plus.kipris.or.kr/openapi/fileToss.jsp?arg=75a63eed5a438998f9dc3380f5cb642cd56dcb0e0f0995b0606f4df1f99f408147acd64ca7a100afd02dddd10af2d0c3d64654900675ad1a,0.725929319858551,0.8712129592895508,0.7695144414901733,0
1295,3020000018221-09-01,3020000032940-09-01,포장용 용기,화장품 용기,http://plus.kipris.or.kr/openapi/fileToss.jsp?arg=75a63eed5a438998f9dc3380f5cb642cd56dcb0e0f0995b0deac54f8925f4c7d4987cce9cfe8722f2003dddbc81cfbea23940776de53ecf9,http://plus.kipris.or.kr/openapi/fileToss.jsp?arg=75a63eed5a438998f9dc3380f5cb642cd56dcb0e0f0995b056fef538e42de114e7558e56be909ac7d9ed1a5414fe7bdf6db00d593cef8d6d,0.8000159859657288,0.8621971607208252,0.818670392036438,0
1296,3020000028348-09-01,3020000018221-09-01,포장용 용기,포장용 용기,http://plus.kipris.or.kr/openapi/fileToss.jsp?arg=75a63eed5a438998f9dc3380f5cb642cd56dcb0e0f0995b0227542a1f24a736155db84a290cc09d09a49a855342dcf7e96946dc7249398ac,http://plus.kipris.or.kr/openapi/fileToss.jsp?arg=75a63eed5a438998f9dc3380f5cb642cd56dcb0e0f0995b0deac54f8925f4c7d4987cce9cfe8722f2003dddbc81cfbea958a91c8fc688b25,0.6696083545684814,0.9012495875358582,0.7391006946563721,0
1297,3020000010115-09-01,3020000025082-09-01,포장용병,화장품 용기,http://plus.kipris.or.kr/openapi/fileToss.jsp?arg=75a63eed5a438998f9dc3380f5cb642cd56dcb0e0f0995b0ef3ea9b059e12421080b6dad73dec2d96a478d5f45e543b36c377a1e244e49c9,http://plus.kipris.or.kr/openapi/fileToss.jsp?arg=75a63eed5a438998f9dc3380f5cb642cd56dcb0e0f0995b07a28099d0ef98e17803670e82954ba5e12b0a859bd0e152d33bbe410d05c7ae6,0.8303877711296082,0.7495248317718506,0.8061288595199585,0
1298,3020000004362-09-01,3020000025776-09-01,식음료용 병,화장품 용기,http://plus.kipris.or.kr/openapi/fileToss.jsp?arg=75a63eed5a438998f9dc3380f5cb642cd56dcb0e0f0995b03069a7817908f14f862ab5db3dff0eb92fd7fdd29ff88e108e89d348d5fd85ab,http://plus.kipris.or.kr/openapi/fileToss.jsp?arg=75a63eed5a438998f9dc3380f5cb642cd56dcb0e0f0995b07a28099d0ef98e17b856995e50d7dd6b13b3243dc11ae80fcec5be329d5cf5a4,0.7907733917236328,0.7538748383522034,0.7797038555145264,0
1299,3020000029552-09-01,3020000024348-09-01,화장품 포장용 병,개인용 세제 용기,http://plus.kipris.or.kr/openapi/fileToss.jsp?arg=75a63eed5a438998f9dc3380f5cb642cd56dcb0e0f0995b011f68ef22f394dd2daa4eb0629d5f2280ebb26f3fccf2a912820ba808c8f62a7,http://plus.kipris.or.kr/openapi/fileToss.jsp?arg=75a63eed5a438998f9dc3380f5cb642cd56dcb0e0f0995b005b3db6b458aa73bb6f93c107a5863dda9dd3ddeee8bc0361bb9dcd1f98ec175,0.8552058339118958,0.8061028122901917,0.8404749631881714,0
1300,3020000015364-09-01,3020000017500-09-01,음료 용기,포장용 용기,http://plus.kipris.or.kr/openapi/fileToss.jsp?arg=75a63eed5a438998f9dc3380f5cb642cd56dcb0e0f0995b07ba686bc001e12b7d8b815ff2deb7faa2bd5930109a021221b9093f19750e65e,http://plus.kipris.or.kr/openapi/fileToss.jsp?arg=75a63eed5a438998f9dc3380f5cb642cd56dcb0e0f0995b0d8ee6709638b6fa11020c731eccb4d075f80d2fe240a7cb005422fdf049762fd,0.8496466875076294,0.7147867679595947,0.809188723564148,0
1301,3020000019480-09-01,3020000015200-09-01,포장용 용기,화장품 용기,http://plus.kipris.or.kr/openapi/fileToss.jsp?arg=75a63eed5a438998f9dc3380f5cb642cd56dcb0e0f0995b0f63a2eefd11079d0ccfa5665d6ade32219a211d025177d9bfee583c26c8f8541,http://plus.kipris.or.kr/openapi/fileToss.jsp?arg=75a63eed5a438998f9dc3380f5cb642cd56dcb0e0f0995b07ba686bc001e12b7ebd23e10645d463a3bdf3df38bb1a275e0f935a00afb8aad,0.7687669992446899,0.8612152934074402,0.7965015172958374,0
1302,3020000006446-09-01,3020000017679-09-01,화장품 용기,화장품 용기,http://plus.kipris.or.kr/openapi/fileToss.jsp?arg=75a63eed5a438998f9dc3380f5cb642cd56dcb0e0f0995b0187836737e94fb39d0891ba1d3de6d92656ddd5ad5eda738c423832f02fe7b01,http://plus.kipris.or.kr/openapi/fileToss.jsp?arg=75a63eed5a438998f9dc3380f5cb642cd56dcb0e0f0995b0d8ee6709638b6fa1301e6f2c98fb3cd7a3bb760df179f32f60cfd7a5844a25c8,0.7653089761734009,0.9025171399116516,0.8064714670181274,0
1303,3020000023861-09-01,3020000033313-09-01,화장품 용기,포장용 용기,http://plus.kipris.or.kr/openapi/fileToss.jsp?arg=75a63eed5a438998f9dc3380f5cb642cd56dcb0e0f0995b09b1f6789fb9751249d50c7f3b7f0515a7da19ff2e6aa31148d5908deb1a01b9f,http://plus.kipris.or.kr/openapi/fileToss.jsp?arg=75a63eed5a438998f9dc3380f5cb642cd56dcb0e0f0995b0f32787804da8b7ad8e33740856216fb3c0172fd44f657127e5e0ad215e66ebc7,0.8710508942604065,0.8411227464675903,0.8620724678039551,0
1304,3020000009605-09-01,3020000003008-09-01,포장용용기,포장용 용기,http://plus.kipris.or.kr/openapi/fileToss.jsp?arg=75a63eed5a438998f9dc3380f5cb642cd56dcb0e0f0995b073590199e4f1dc16c4994de40142535656b5c33ac9d6f26d067f911efc648db8,http://plus.kipris.or.kr/openapi/fileToss.jsp?arg=75a63eed5a438998f9dc3380f5cb642cd56dcb0e0f0995b00b66daf06c8a830629ab74559564aad1045d3af6b0bf2d752e3c382db602f42d,0.8444213271141052,0.709979772567749,0.804088830947876,0
1305,3020000006446-09-01,3020000023255-09-01,화장품 용기,식품용용기,http://plus.kipris.or.kr/openapi/fileToss.jsp?arg=75a63eed5a438998f9dc3380f5cb642cd56dcb0e0f0995b0187836737e94fb39d0891ba1d3de6d92656ddd5ad5eda738ec464a3e8ac0b10b,http://plus.kipris.or.kr/openapi/fileToss.jsp?arg=75a63eed5a438998f9dc3380f5cb642cd56dcb0e0f0995b09b1f6789fb975124ddde99bf437cdce8167068b4ae391de3a37498211940a5d2,0.7429958581924438,0.8027309775352478,0.7609163522720337,0
1306,3020000013605-09-01,3020000022200-09-01,화장품 용기,포장용 용기,http://plus.kipris.or.kr/openapi/fileToss.jsp?arg=75a63eed5a438998f9dc3380f5cb642cd56dcb0e0f0995b0bdcfae06342df685b5160b34fe202fbff398f486934ae14f66e6ad80dedaf6d5,http://plus.kipris.or.kr/openapi/fileToss.jsp?arg=75a63eed5a438998f9dc3380f5cb642cd56dcb0e0f0995b02e6ec20e9488ca66a70689f8ed0b359ec2645961d3c02388eb4af0a9723538ba,0.7286723256111145,0.8689770698547363,0.7707637548446655,0
1307,3020000002024-09-01,3020000000638-09-01,포장용용기,화장품용기,http://plus.kipris.or.kr/openapi/fileToss.jsp?arg=75a63eed5a438998f9dc3380f5cb642cd56dcb0e0f0995b0680d52483fc7b07dce8cf928834fb57ddd96de37e6cf724ffd95dd87a86c28e6,http://plus.kipris.or.kr/openapi/fileToss.jsp?arg=75a63eed5a438998f9dc3380f5cb642cd56dcb0e0f0995b0cc72ed919b34230099f327e961a5ac512f1a2de92956eab07116dbbc3421f2a5,0.7508859038352966,0.8153561353683472,0.7702269554138184,0
1308,3020000020571-09-01,3020000017302-09-01,화장품 용기,포장용 용기,http://plus.kipris.or.kr/openapi/fileToss.jsp?arg=75a63eed5a438998f9dc3380f5cb642cd56dcb0e0f0995b0bea0399dd2b7a3e5b435903018a1a9f590abe6ce4464e1554bdfe385b2fc9af2,http://plus.kipris.or.kr/openapi/fileToss.jsp?arg=75a63eed5a438998f9dc3380f5cb642cd56dcb0e0f0995b0d8ee6709638b6fa147789b22cdad6984c70901213bff2718c90be7a2565ddf8e,0.7987605333328247,0.8557479381561279,0.8158566951751709,0
1309,3020000024956-09-01,3020000028667-09-01,화장품용기,포장용 용기,http://plus.kipris.or.kr/openapi/fileToss.jsp?arg=75a63eed5a438998f9dc3380f5cb642cd56dcb0e0f0995b005b3db6b458aa73be2c5f00e2cd5aa81a4f8318a69793afef150c54c98ab9b4e,http://plus.kipris.or.kr/openapi/fileToss.jsp?arg=75a63eed5a438998f9dc3380f5cb642cd56dcb0e0f0995b0227542a1f24a7361e3d4617c23baf4476907d466f34874c9ef72a594bb620166,0.9073231816291809,0.813647449016571,0.8792204856872559,0
1310,3020000009575-09-01,3020000023373-09-01,샴푸용기,화장품 용기,http://plus.kipris.or.kr/openapi/fileToss.jsp?arg=75a63eed5a438998f9dc3380f5cb642cd56dcb0e0f0995b073590199e4f1dc169941cfebbab156c51236626acb6177d4d3275b5b77576336,http://plus.kipris.or.kr/openapi/fileToss.jsp?arg=75a63eed5a438998f9dc3380f5cb642cd56dcb0e0f0995b09b1f6789fb97512449882dd38eee7b700fbaaba2608f9b0ceae22e50db1364bf,0.7257105112075806,0.7939374446868896,0.7461785674095154,0
1311,3020000022161-09-01,3020000000780-09-01,화장품용기,포장용 용기,http://plus.kipris.or.kr/openapi/fileToss.jsp?arg=75a63eed5a438998f9dc3380f5cb642cd56dcb0e0f0995b02e6ec20e9488ca6619e7d183ad07870d0e1f720ac109996af546b07ee7533fab,http://plus.kipris.or.kr/openapi/fileToss.jsp?arg=75a63eed5a438998f9dc3380f5cb642cd56dcb0e0f0995b0cc72ed919b34230081a44be0fe209461ad0421485a2c93851184bd32d8406768,0.6115148067474365,0.7340592741966248,0.6482781171798706,0
1312,3020000023372-09-01,3020000017498-09-01,화장품 용기,포장용 용기,http://plus.kipris.or.kr/openapi/fileToss.jsp?arg=75a63eed5a438998f9dc3380f5cb642cd56dcb0e0f0995b09b1f6789fb97512449882dd38eee7b70234d8f05dc016cf441d98a4b0b42cd5d,http://plus.kipris.or.kr/openapi/fileToss.jsp?arg=75a63eed5a438998f9dc3380f5cb642cd56dcb0e0f0995b0d8ee6709638b6fa1ae2fc3835c730b0f203fa3932e0f70e49a2bce1cacec83d6,0.7348690629005432,0.8648722767829895,0.773870050907135,0
1313,3020000027881-09-01,3020000015228-09-01,겔물질 분배용 포장용기,포장용 용기,http://plus.kipris.or.kr/openapi/fileToss.jsp?arg=75a63eed5a438998f9dc3380f5cb642cd56dcb0e0f0995b01b6467bd697fe99cfe4409446e4a704c8be7ac65fc8f18dde10d5b234c2d19ff,http://plus.kipris.or.kr/openapi/fileToss.jsp?arg=75a63eed5a438998f9dc3380f5cb642cd56dcb0e0f0995b07ba686bc001e12b736b25ce876b15baee6fa5b98ab5666b667fbf0d3f9756e10,0.7549879550933838,0.8788319826126099,0.7921411991119385,0
1314,3020000020569-09-01,3020000017498-09-01,액체용기,포장용 용기,http://plus.kipris.or.kr/openapi/fileToss.jsp?arg=75a63eed5a438998f9dc3380f5cb642cd56dcb0e0f0995b0bea0399dd2b7a3e51bd7c881a493e52a791c7538a9639bddae757d79acdbd55c,http://plus.kipris.or.kr/openapi/fileToss.jsp?arg=75a63eed5a438998f9dc3380f5cb642cd56dcb0e0f0995b0d8ee6709638b6fa1ae2fc3835c730b0f203fa3932e0f70e4bd71d769bb01f0a4,0.7755884528160095,0.8370242118835449,0.7940191626548767,0
1315,3020000012072-09-01,3020000031163-09-01,샴푸용기,화장품용기,http://plus.kipris.or.kr/openapi/fileToss.jsp?arg=75a63eed5a438998f9dc3380f5cb642cd56dcb0e0f0995b08964a6c84ce8cbe101428d44c160746ec10ea66642096ecb1a692729bac9e012,http://plus.kipris.or.kr/openapi/fileToss.jsp?arg=75a63eed5a438998f9dc3380f5cb642cd56dcb0e0f0995b089d7a621b89857a2bda1ae1f5599e317dbdb5c17e3d29fdaab3ccce9d6c56f58,0.8862589597702026,0.7822130918502808,0.8550451993942261,0
1316,3020000007445-09-01,3020000023257-09-01,샴푸용기,식품용용기,http://plus.kipris.or.kr/openapi/fileToss.jsp?arg=75a63eed5a438998f9dc3380f5cb642cd56dcb0e0f0995b0fdcd45318d7ff23c308bbaa2658dde0908ce1448e4d7f44e45ada4b6455d4f69,http://plus.kipris.or.kr/openapi/fileToss.jsp?arg=75a63eed5a438998f9dc3380f5cb642cd56dcb0e0f0995b09b1f6789fb975124ddde99bf437cdce8b254f968dabd728dbd1ba965c1666fa0,0.7526803612709045,0.6715084314346313,0.7283288240432739,0
1317,3020000018873-09-01,3020000015504-09-01,화장품 용기,에센스 용기,http://plus.kipris.or.kr/openapi/fileToss.jsp?arg=75a63eed5a438998f9dc3380f5cb642cd56dcb0e0f0995b0deac54f8925f4c7d01c27b3b9348c7970f10a5e9739eef09cc1d0ee13df9f1db,http://plus.kipris.or.kr/openapi/fileToss.jsp?arg=75a63eed5a438998f9dc3380f5cb642cd56dcb0e0f0995b07ba686bc001e12b758e859cb1aaaedad479739969bbfd1d45716c68bfbe783e1,0.5828593969345093,0.9160122275352478,0.6828052401542664,0
1318,3020000011000-09-01,3020000008383-09-01,포장용 용기,화장품 용기,http://plus.kipris.or.kr/openapi/fileToss.jsp?arg=75a63eed5a438998f9dc3380f5cb642cd56dcb0e0f0995b070abdd713d0b290aa6f312245d3a82eec8de93ee8500b0db33eada5bac29e433,http://plus.kipris.or.kr/openapi/fileToss.jsp?arg=75a63eed5a438998f9dc3380f5cb642cd56dcb0e0f0995b06226a1b53136408c5412bc4c3b3d3f2df08cd7d4df154938db852a37eede5581,0.7939790487289429,0.8125600814819336,0.7995533347129822,0
1319,3020000017832-09-01,3020000023185-09-01,샴푸용 용기,포장용병,http://plus.kipris.or.kr/openapi/fileToss.jsp?arg=75a63eed5a438998f9dc3380f5cb642cd56dcb0e0f0995b0d8ee6709638b6fa1fddf850691b23642f5eb7e1e4cb4795948dfd74098463584,http://plus.kipris.or.kr/openapi/fileToss.jsp?arg=75a63eed5a438998f9dc3380f5cb642cd56dcb0e0f0995b09b1f6789fb9751242533b64b5fbcb82720ee481b66fa8918d6bbe7c285f993fa,0.6053323745727539,0.6693981289863586,0.6245521306991577,0
1320,3020000005512-09-01,3020000005512-09-01,화장품 용기,화장품 용기,http://plus.kipris.or.kr/openapi/fileToss.jsp?arg=75a63eed5a438998f9dc3380f5cb642cd56dcb0e0f0995b08fe3e6d10b56cc3d22f91fa31f9e4b5d2d45b21b61a48a49bcf743f0b55816a9,http://plus.kipris.or.kr/openapi/fileToss.jsp?arg=75a63eed5a438998f9dc3380f5cb642cd56dcb0e0f0995b08fe3e6d10b56cc3d22f91fa31f9e4b5d2d45b21b61a48a4943d1abc011bd489e,0.9306995868682861,0.9999998807907104,0.9514896869659424,1
1321,3020000002380-09-01,3020000022161-09-01,화장품 용기,화장품용기,http://plus.kipris.or.kr/openapi/fileToss.jsp?arg=75a63eed5a438998f9dc3380f5cb642cd56dcb0e0f0995b0680d52483fc7b07d2f56793bce66975801e732f685319c560c029174a1b005bd,http://plus.kipris.or.kr/openapi/fileToss.jsp?arg=75a63eed5a438998f9dc3380f5cb642cd56dcb0e0f0995b02e6ec20e9488ca6619e7d183ad07870d0e1f720ac109996af546b07ee7533fab,0.6361717581748962,0.9463094472885132,0.7292130589485168,0
1322,3020000031088-09-01,3020000030881-09-01,포장용기,화장품 용기,http://plus.kipris.or.kr/openapi/fileToss.jsp?arg=75a63eed5a438998f9dc3380f5cb642cd56dcb0e0f0995b089d7a621b89857a2a6e995ef25b4de530e075e7abc9b8c53d8e44ac31bc6d473,http://plus.kipris.or.kr/openapi/fileToss.jsp?arg=75a63eed5a438998f9dc3380f5cb642cd56dcb0e0f0995b0b9420cad9c5990e04c31abfa39740297661cfe583bee5c31ad17b24ff55c08b5,0.7951950430870056,0.8433209657669067,0.8096327781677246,0
1323,3020000028254-09-01,3020000033574-09-01,화장품 용기,향수용기,http://plus.kipris.or.kr/openapi/fileToss.jsp?arg=75a63eed5a438998f9dc3380f5cb642cd56dcb0e0f0995b0227542a1f24a736184b9181791c18e4fa67ec61a2b27ea41d0586db882697d47,http://plus.kipris.or.kr/openapi/fileToss.jsp?arg=75a63eed5a438998f9dc3380f5cb642cd56dcb0e0f0995b0f32787804da8b7add5c4bca3f493f084fbe15d523da3e9db021a46b5c0632184,0.8820298910140991,0.7743756175041199,0.8497335910797119,0
1324,3020000000039-09-01,3020000031065-09-01,포장용 병,화장품 용기,http://plus.kipris.or.kr/openapi/fileToss.jsp?arg=75a63eed5a438998f9dc3380f5cb642cd56dcb0e0f0995b0cc72ed919b342300e663df0ee35bc8c6f313984ff39eaf8e6f1959c75f61fb10,http://plus.kipris.or.kr/openapi/fileToss.jsp?arg=75a63eed5a438998f9dc3380f5cb642cd56dcb0e0f0995b089d7a621b89857a24e563e71b55eadeece1d1222c27c878bcaabe5566e013f15,0.6435860395431519,0.7244651913642883,0.6678497791290283,0
1325,3020000030881-09-01,3020000017301-09-01,화장품 용기,포장용 용기,http://plus.kipris.or.kr/openapi/fileToss.jsp?arg=75a63eed5a438998f9dc3380f5cb642cd56dcb0e0f0995b0b9420cad9c5990e04c31abfa397402970083ce663c5526a3b4b7383627bfa628,http://plus.kipris.or.kr/openapi/fileToss.jsp?arg=75a63eed5a438998f9dc3380f5cb642cd56dcb0e0f0995b0d8ee6709638b6fa147789b22cdad698429792590cfe896e3f90add5644db8e1e,0.854740560054779,0.8431141376495361,0.8512526750564575,0
1326,3020000021275-09-01,3020000005512-09-01,화장품 용기,화장품 용기,http://plus.kipris.or.kr/openapi/fileToss.jsp?arg=75a63eed5a438998f9dc3380f5cb642cd56dcb0e0f0995b006449c7f1c85a4a7de0ff8d7dc536a1cde2ebc06e6386121a28efdb7216d3d94,http://plus.kipris.or.kr/openapi/fileToss.jsp?arg=75a63eed5a438998f9dc3380f5cb642cd56dcb0e0f0995b08fe3e6d10b56cc3d22f91fa31f9e4b5d2d45b21b61a48a49e683a86d7980373a,0.8336228132247925,0.9148306846618652,0.8579851984977722,0
1327,3020000032063-09-01,3020000031825-09-01,화장품 함,포장용 통,http://plus.kipris.or.kr/openapi/fileToss.jsp?arg=75a63eed5a438998f9dc3380f5cb642cd56dcb0e0f0995b056fef538e42de1141cf4f2c16849838738260539392832189e5ad1c1a0234a3d,http://plus.kipris.or.kr/openapi/fileToss.jsp?arg=75a63eed5a438998f9dc3380f5cb642cd56dcb0e0f0995b089d7a621b89857a260d6d19455edef4751e7dff37af5264c99e5ba1aebaabf4d,0.8203022480010986,0.8284003734588623,0.8227316737174988,0
1328,3020000020569-09-01,3020000028260-09-01,액체용기,화장품 용기,http://plus.kipris.or.kr/openapi/fileToss.jsp?arg=75a63eed5a438998f9dc3380f5cb642cd56dcb0e0f0995b0bea0399dd2b7a3e51bd7c881a493e52a791c7538a9639bddae757d79acdbd55c,http://plus.kipris.or.kr/openapi/fileToss.jsp?arg=75a63eed5a438998f9dc3380f5cb642cd56dcb0e0f0995b0227542a1f24a736122cfa453f48f4400272b12f6e17da75651d4bacd8e98d022,0.785789966583252,0.78484046459198,0.7855050563812256,0
1329,3020000028626-09-01,3020000006727-09-01,포장용 병,세제용 포장용기,http://plus.kipris.or.kr/openapi/fileToss.jsp?arg=75a63eed5a438998f9dc3380f5cb642cd56dcb0e0f0995b0227542a1f24a7361a615bd7b9a4da4d25314d588717f4a3427bdea856df23fe5,http://plus.kipris.or.kr/openapi/fileToss.jsp?arg=75a63eed5a438998f9dc3380f5cb642cd56dcb0e0f0995b0187836737e94fb3936dc5400ed0040d0d21887e1a0ec868089d022bca4d50978,0.7493221163749695,0.8315708041191101,0.7739967107772827,0
1330,3020000020788-09-01,3020000018765-09-01,포장용 용기,음료병,http://plus.kipris.or.kr/openapi/fileToss.jsp?arg=75a63eed5a438998f9dc3380f5cb642cd56dcb0e0f0995b0bea0399dd2b7a3e5217ce7d5ae936bbd90eef2e869c5b1133b1e45396c60401d,http://plus.kipris.or.kr/openapi/fileToss.jsp?arg=75a63eed5a438998f9dc3380f5cb642cd56dcb0e0f0995b0deac54f8925f4c7dff73e655a395ca11d5ec212f9f189ae11be77b17cb14e754,0.7805460095405579,0.7198188900947571,0.7623278498649597,0
1331,3020000002025-09-01,3020000023257-09-01,포장용용기,식품용용기,http://plus.kipris.or.kr/openapi/fileToss.jsp?arg=75a63eed5a438998f9dc3380f5cb642cd56dcb0e0f0995b0680d52483fc7b07dce8cf928834fb57d961f437f2814cf5f6f412b047c8f75b6,http://plus.kipris.or.kr/openapi/fileToss.jsp?arg=75a63eed5a438998f9dc3380f5cb642cd56dcb0e0f0995b09b1f6789fb975124ddde99bf437cdce8b254f968dabd728de49de1f5b2bf5bdf,0.8042638301849365,0.8413476943969727,0.8153889775276184,0
1332,3020000015501-09-01,3020000029153-09-01,화장품 용기,화장품 용기,http://plus.kipris.or.kr/openapi/fileToss.jsp?arg=75a63eed5a438998f9dc3380f5cb642cd56dcb0e0f0995b07ba686bc001e12b758e859cb1aaaedad603c0d162ff2a17ee5db961b4a63f4c8,http://plus.kipris.or.kr/openapi/fileToss.jsp?arg=75a63eed5a438998f9dc3380f5cb642cd56dcb0e0f0995b011f68ef22f394dd29eecc76719f91605bd6e2b7afc320865bcfbe7de70bc95ef,0.8448282480239868,0.9272740483283997,0.869562029838562,0
1333,3020000018612-09-01,3020000027513-09-01,향수용기,샴푸 용기,http://plus.kipris.or.kr/openapi/fileToss.jsp?arg=75a63eed5a438998f9dc3380f5cb642cd56dcb0e0f0995b0deac54f8925f4c7d00e4ea50e2d4fa2dc07fda179831c63e2c1907bae02b553a,http://plus.kipris.or.kr/openapi/fileToss.jsp?arg=75a63eed5a438998f9dc3380f5cb642cd56dcb0e0f0995b01b6467bd697fe99c5b52ca7a735e0f06789d15109049a90dd374c8b32d6a4f56,0.7240387201309204,0.7436025738716125,0.7299078702926636,0
1334,3020000031824-09-01,3020000012594-09-01,포장용 통,포장용 병,http://plus.kipris.or.kr/openapi/fileToss.jsp?arg=75a63eed5a438998f9dc3380f5cb642cd56dcb0e0f0995b089d7a621b89857a260d6d19455edef47705315bb99d3e795b9c70696fda3764a,http://plus.kipris.or.kr/openapi/fileToss.jsp?arg=75a63eed5a438998f9dc3380f5cb642cd56dcb0e0f0995b08964a6c84ce8cbe1a2734cd20ff462c98c85951218f53d28fe49ddb5ebd0a2ef,0.7390667200088501,0.84659743309021,0.771325945854187,0
1335,3020000021180-09-01,3020000009397-09-01,포장용 용기,화장품 용기,http://plus.kipris.or.kr/openapi/fileToss.jsp?arg=75a63eed5a438998f9dc3380f5cb642cd56dcb0e0f0995b006449c7f1c85a4a78954e4e205fc4f348a4e84b6df120aa8e0bfd70e66d0b049,http://plus.kipris.or.kr/openapi/fileToss.jsp?arg=75a63eed5a438998f9dc3380f5cb642cd56dcb0e0f0995b073590199e4f1dc1639c043446a843f341fc2934575b221671f3f89981798199b,0.8702640533447266,0.8747304081916809,0.8716039657592773,0
1336,3020000007772-09-01,3020000006173-09-01,포장용 병,음료수 용기,http://plus.kipris.or.kr/openapi/fileToss.jsp?arg=75a63eed5a438998f9dc3380f5cb642cd56dcb0e0f0995b0fdcd45318d7ff23cc933b5cab7f8c645d9e46bfbdbc6f37223c03b932e17bbc6,http://plus.kipris.or.kr/openapi/fileToss.jsp?arg=75a63eed5a438998f9dc3380f5cb642cd56dcb0e0f0995b0187836737e94fb39845672cd5824903a402d9dab6f5279e6197baa9a902d9990,0.8305317759513855,0.9248262643814087,0.8588201403617859,0
1337,3020000002082-09-01,3020000031742-09-01,화장품 용기,포장용 가스용기,http://plus.kipris.or.kr/openapi/fileToss.jsp?arg=75a63eed5a438998f9dc3380f5cb642cd56dcb0e0f0995b0680d52483fc7b07d3621f255e5f93b215d3d108e5dd08d7c7869951eb390b366,http://plus.kipris.or.kr/openapi/fileToss.jsp?arg=75a63eed5a438998f9dc3380f5cb642cd56dcb0e0f0995b089d7a621b89857a2487dbffde70e585a9b162c2a17b0815dec80b15474497397,0.8108038902282715,0.6849560737609863,0.773049533367157,0
1338,3020000001359-09-01,3020000031443-09-01,포장용병,화장품 용기,http://plus.kipris.or.kr/openapi/fileToss.jsp?arg=75a63eed5a438998f9dc3380f5cb642cd56dcb0e0f0995b0b700f0235c7824b0bee8638aea77cc447498725a2672640113d2d9fa72b19cec,http://plus.kipris.or.kr/openapi/fileToss.jsp?arg=75a63eed5a438998f9dc3380f5cb642cd56dcb0e0f0995b089d7a621b89857a21e79e0b1232a9ae9d185a66d28f3c0cd21b29cde691b864e,0.7167413234710693,0.7419681549072266,0.7243093848228455,0
1339,3020000015190-09-01,3020000031443-09-01,음료용기,화장품 용기,http://plus.kipris.or.kr/openapi/fileToss.jsp?arg=75a63eed5a438998f9dc3380f5cb642cd56dcb0e0f0995b07ba686bc001e12b7246632b98d0401193c3717f00aa558084284f4eee391a541,http://plus.kipris.or.kr/openapi/fileToss.jsp?arg=75a63eed5a438998f9dc3380f5cb642cd56dcb0e0f0995b089d7a621b89857a21e79e0b1232a9ae9d185a66d28f3c0cd7d1cfd4a46e11630,0.6112017631530762,0.5981327891349792,0.6072810888290405,0
1340,3020000024957-09-01,3020000028283-09-01,화장품용기,포장용 용기,http://plus.kipris.or.kr/openapi/fileToss.jsp?arg=75a63eed5a438998f9dc3380f5cb642cd56dcb0e0f0995b005b3db6b458aa73be2c5f00e2cd5aa81f6e7b0e86f7ef30828b3d7364554d905,http://plus.kipris.or.kr/openapi/fileToss.jsp?arg=75a63eed5a438998f9dc3380f5cb642cd56dcb0e0f0995b0227542a1f24a7361c5f2b82111502f215f83c11efd778e7b664fad108fe3a6fe,0.8009160161018372,0.8212201595306396,0.8070073127746582,0
1341,3020000007443-09-01,3020000017002-09-01,샴푸용기,포장용 용기,http://plus.kipris.or.kr/openapi/fileToss.jsp?arg=75a63eed5a438998f9dc3380f5cb642cd56dcb0e0f0995b0fdcd45318d7ff23c308bbaa2658dde0932dde688c5cdc6dcda85cae3b04b5f75,http://plus.kipris.or.kr/openapi/fileToss.jsp?arg=75a63eed5a438998f9dc3380f5cb642cd56dcb0e0f0995b0d8ee6709638b6fa151acb057bf4b283f9c05647f46a69bf42e70e8dc44723c81,0.7269696593284607,0.7541415691375732,0.7351212501525879,0
1342,3020000027112-09-01,3020000029019-09-01,향수 용기,화장품 용기,http://plus.kipris.or.kr/openapi/fileToss.jsp?arg=75a63eed5a438998f9dc3380f5cb642cd56dcb0e0f0995b01b6467bd697fe99c013e9190553069fb58aea5169a494bd367a623f51e9b289a,http://plus.kipris.or.kr/openapi/fileToss.jsp?arg=75a63eed5a438998f9dc3380f5cb642cd56dcb0e0f0995b011f68ef22f394dd2390c13707ca28de788875746926698e5130eae92fa6dca26,0.6871225237846375,0.8167099356651306,0.7259987592697144,0
1343,3020000018498-09-01,3020000012111-09-01,화장품 용기,드링크 병,http://plus.kipris.or.kr/openapi/fileToss.jsp?arg=75a63eed5a438998f9dc3380f5cb642cd56dcb0e0f0995b0deac54f8925f4c7d1bc725e43ac88c2028d559bd06e57c37ee28521162dc87ca,http://plus.kipris.or.kr/openapi/fileToss.jsp?arg=75a63eed5a438998f9dc3380f5cb642cd56dcb0e0f0995b08964a6c84ce8cbe1c4d769ac6125c6604cb8fb2387c071ba59eab512cfd6dbaf,0.7921739220619202,0.6152979135513306,0.7391111254692078,0
1344,3020000015281-09-01,3020000031824-09-01,화장품 용기,포장용 통,http://plus.kipris.or.kr/openapi/fileToss.jsp?arg=75a63eed5a438998f9dc3380f5cb642cd56dcb0e0f0995b07ba686bc001e12b75d136b4df6d33bb5ee7af5f7920fa4cdd6f83d7151296302,http://plus.kipris.or.kr/openapi/fileToss.jsp?arg=75a63eed5a438998f9dc3380f5cb642cd56dcb0e0f0995b089d7a621b89857a260d6d19455edef47705315bb99d3e7959a285987f93eaf36,0.7766851186752319,0.7874343395233154,0.7799099087715149,0
1345,3020000005118-09-01,3020000031162-09-01,에어로졸 용기,포장용기,http://plus.kipris.or.kr/openapi/fileToss.jsp?arg=75a63eed5a438998f9dc3380f5cb642cd56dcb0e0f0995b08fe3e6d10b56cc3d6fdd0a060b490f45a9cef516e81b9996f2de7eabca77413a,http://plus.kipris.or.kr/openapi/fileToss.jsp?arg=75a63eed5a438998f9dc3380f5cb642cd56dcb0e0f0995b089d7a621b89857a2bda1ae1f5599e317597821b50ca5d488c700f12582a8b79f,0.7790929675102234,0.8266781568527222,0.7933685779571533,0
1346,3020000027734-09-01,3020000017722-09-01,포장용 용기,포장용 통,http://plus.kipris.or.kr/openapi/fileToss.jsp?arg=75a63eed5a438998f9dc3380f5cb642cd56dcb0e0f0995b01b6467bd697fe99c304237b1c4ccf2648bc1a773011b168e853ce827d16eb783,http://plus.kipris.or.kr/openapi/fileToss.jsp?arg=75a63eed5a438998f9dc3380f5cb642cd56dcb0e0f0995b0d8ee6709638b6fa1f4bde39beae5710fcd253a9a4823a8c0efd86e91c43fb3c0,0.8104598522186279,0.8085365295410156,0.8098828792572021,0
1347,3020000022730-09-01,3020000033314-09-01,화장품 용기,포장용 용기,http://plus.kipris.or.kr/openapi/fileToss.jsp?arg=75a63eed5a438998f9dc3380f5cb642cd56dcb0e0f0995b02e6ec20e9488ca665d75c594757a4c0f008d486e96cdc70f45c988d2ebc9a4ac,http://plus.kipris.or.kr/openapi/fileToss.jsp?arg=75a63eed5a438998f9dc3380f5cb642cd56dcb0e0f0995b0f32787804da8b7ad8e33740856216fb39dc532a3e2d090b2430f0c5b48371488,0.7957977056503296,0.9099379777908325,0.8300397992134094,0
1348,3020000023372-09-01,3020000011144-09-01,화장품 용기,향수병,http://plus.kipris.or.kr/openapi/fileToss.jsp?arg=75a63eed5a438998f9dc3380f5cb642cd56dcb0e0f0995b09b1f6789fb97512449882dd38eee7b70234d8f05dc016cf4ddbedbf264f3e847,http://plus.kipris.or.kr/openapi/fileToss.jsp?arg=75a63eed5a438998f9dc3380f5cb642cd56dcb0e0f0995b070abdd713d0b290a495f14ebd7c505e21cae541b5885dd24bacd467688cdeec4,0.763274610042572,0.787375807762146,0.7705049514770508,0
1349,3020000006510-09-01,3020000018765-09-01,화장품 용기,음료병,http://plus.kipris.or.kr/openapi/fileToss.jsp?arg=75a63eed5a438998f9dc3380f5cb642cd56dcb0e0f0995b0187836737e94fb39ab7bc0f298779f6fafa27d2d80d6ae4d1f40f1a4695d2806,http://plus.kipris.or.kr/openapi/fileToss.jsp?arg=75a63eed5a438998f9dc3380f5cb642cd56dcb0e0f0995b0deac54f8925f4c7dff73e655a395ca11d5ec212f9f189ae11be77b17cb14e754,0.7827484607696533,0.5481951832771301,0.7123824954032898,0
1350,3020000029918-09-01,3020000027513-09-01,화장품 용기,샴푸 용기,http://plus.kipris.or.kr/openapi/fileToss.jsp?arg=75a63eed5a438998f9dc3380f5cb642cd56dcb0e0f0995b011f68ef22f394dd2f0b8046f71cf13a118ade17c41ebb3b796cc80f9e8f39506,http://plus.kipris.or.kr/openapi/fileToss.jsp?arg=75a63eed5a438998f9dc3380f5cb642cd56dcb0e0f0995b01b6467bd697fe99c5b52ca7a735e0f06789d15109049a90dff0bb931ec4a00ea,0.7071877121925354,0.7761783599853516,0.7278848886489868,0
1351,3020000024957-09-01,3020000007014-09-01,화장품용기,화장품 용기,http://plus.kipris.or.kr/openapi/fileToss.jsp?arg=75a63eed5a438998f9dc3380f5cb642cd56dcb0e0f0995b005b3db6b458aa73be2c5f00e2cd5aa81f6e7b0e86f7ef30858ceee50285aea4d,http://plus.kipris.or.kr/openapi/fileToss.jsp?arg=75a63eed5a438998f9dc3380f5cb642cd56dcb0e0f0995b0fdcd45318d7ff23c36f1af0f6d6ef8038c2a5436c7df5ceb1c70f03ee153def6,0.880689263343811,0.9571189880371094,0.9036182165145874,0
1352,3020000025996-09-01,3020000031468-09-01,식용유병,화장품 용기,http://plus.kipris.or.kr/openapi/fileToss.jsp?arg=75a63eed5a438998f9dc3380f5cb642cd56dcb0e0f0995b07a28099d0ef98e176c583cef1aca2061f34cb46582ffffa8791cf2a7016343a3,http://plus.kipris.or.kr/openapi/fileToss.jsp?arg=75a63eed5a438998f9dc3380f5cb642cd56dcb0e0f0995b089d7a621b89857a2e6fd5d03a616b313ad947e8c7453a16a99480f5223dadcc2,0.8866841793060303,0.7499839067459106,0.8456740975379944,0
1353,3020000009605-09-01,3020000015506-09-01,포장용용기,화장품 용기,http://plus.kipris.or.kr/openapi/fileToss.jsp?arg=75a63eed5a438998f9dc3380f5cb642cd56dcb0e0f0995b073590199e4f1dc16c4994de40142535656b5c33ac9d6f26d3a580d53311f54ef,http://plus.kipris.or.kr/openapi/fileToss.jsp?arg=75a63eed5a438998f9dc3380f5cb642cd56dcb0e0f0995b07ba686bc001e12b758e859cb1aaaedada4700c39c98bcc986320a02c3ce8ba36,0.8537681102752686,0.6218935251235962,0.7842057347297668,0
1354,3020000023571-09-01,3020000017832-09-01,세제용 용기,샴푸용 용기,http://plus.kipris.or.kr/openapi/fileToss.jsp?arg=75a63eed5a438998f9dc3380f5cb642cd56dcb0e0f0995b09b1f6789fb9751240005454de4ce8fd1b97260349cdbaaac0946362474245bf2,http://plus.kipris.or.kr/openapi/fileToss.jsp?arg=75a63eed5a438998f9dc3380f5cb642cd56dcb0e0f0995b0d8ee6709638b6fa1fddf850691b23642f5eb7e1e4cb479594d99c76dddb99ba7,0.8466019630432129,0.8624245524406433,0.8513487577438354,0
1355,3020000023571-09-01,3020000024535-09-01,세제용 용기,화장품 용기,http://plus.kipris.or.kr/openapi/fileToss.jsp?arg=75a63eed5a438998f9dc3380f5cb642cd56dcb0e0f0995b09b1f6789fb9751240005454de4ce8fd157be609d7636893f042763ad8eb3c86c,http://plus.kipris.or.kr/openapi/fileToss.jsp?arg=75a63eed5a438998f9dc3380f5cb642cd56dcb0e0f0995b005b3db6b458aa73bad765829c40530d0e0f716a805419d642820c1820997b345,0.8018853068351746,0.7915109395980835,0.7987729907035828,0
1356,3020000031168-09-01,3020000026714-09-01,화장품용기,양념장포장용용기,http://plus.kipris.or.kr/openapi/fileToss.jsp?arg=75a63eed5a438998f9dc3380f5cb642cd56dcb0e0f0995b089d7a621b89857a2bda1ae1f5599e317e91e86b71eace8062848ab4b346a6043,http://plus.kipris.or.kr/openapi/fileToss.jsp?arg=75a63eed5a438998f9dc3380f5cb642cd56dcb0e0f0995b035c516d305aed145d03b9d9d2a0fe85b75f03b4602eac21e378a7623ba0ee890,0.9352112412452698,0.7599923610687256,0.8826456069946289,0
1357,3020000010994-09-01,3020000026567-09-01,포장용 용기,화장품 용기,http://plus.kipris.or.kr/openapi/fileToss.jsp?arg=75a63eed5a438998f9dc3380f5cb642cd56dcb0e0f0995b0ef3ea9b059e1242154c6c6b21c0868739071209d4ac9b2954a948560b8484cd1,http://plus.kipris.or.kr/openapi/fileToss.jsp?arg=75a63eed5a438998f9dc3380f5cb642cd56dcb0e0f0995b035c516d305aed145c7f1101716b813f88495dcf894aa37038d885f27618cb5e5,0.8096239566802979,0.8592057824134827,0.8244985342025757,0
1358,3020000006727-09-01,3020000015285-09-01,세제용 포장용기,화장품 용기,http://plus.kipris.or.kr/openapi/fileToss.jsp?arg=75a63eed5a438998f9dc3380f5cb642cd56dcb0e0f0995b0187836737e94fb3936dc5400ed0040d0d21887e1a0ec8680d812f6a89fc6672d,http://plus.kipris.or.kr/openapi/fileToss.jsp?arg=75a63eed5a438998f9dc3380f5cb642cd56dcb0e0f0995b07ba686bc001e12b75d136b4df6d33bb5ac403f7f7879e0111fe5e82fc910a0f9,0.8363807201385498,0.850784182548523,0.8407017588615417,0
1359,3020000031696-09-01,3020000028255-09-01,화장품 용기,화장품 용기,http://plus.kipris.or.kr/openapi/fileToss.jsp?arg=75a63eed5a438998f9dc3380f5cb642cd56dcb0e0f0995b089d7a621b89857a2fe66ea06c9f515a9004527b3808598c063214189076e21b8,http://plus.kipris.or.kr/openapi/fileToss.jsp?arg=75a63eed5a438998f9dc3380f5cb642cd56dcb0e0f0995b0227542a1f24a736184b9181791c18e4f2d2c91fc50ed9a70d2752c8484772a62,0.7762743234634399,0.9531821608543396,0.8293466567993164,0
1360,3020000011007-09-01,3020000022730-09-01,화장품 용기,화장품 용기,http://plus.kipris.or.kr/openapi/fileToss.jsp?arg=75a63eed5a438998f9dc3380f5cb642cd56dcb0e0f0995b070abdd713d0b290aa6f312245d3a82ee6abff9afa2ecfcfd4d30bccb9ae7f4e6,http://plus.kipris.or.kr/openapi/fileToss.jsp?arg=75a63eed5a438998f9dc3380f5cb642cd56dcb0e0f0995b02e6ec20e9488ca665d75c594757a4c0f008d486e96cdc70f62141569ab42428b,0.8547266721725464,0.9242101907730103,0.8755717277526855,0
1361,3020000017498-09-01,3020000020571-09-01,포장용 용기,화장품 용기,http://plus.kipris.or.kr/openapi/fileToss.jsp?arg=75a63eed5a438998f9dc3380f5cb642cd56dcb0e0f0995b0d8ee6709638b6fa1ae2fc3835c730b0f203fa3932e0f70e483190a5b3de26c95,http://plus.kipris.or.kr/openapi/fileToss.jsp?arg=75a63eed5a438998f9dc3380f5cb642cd56dcb0e0f0995b0bea0399dd2b7a3e5b435903018a1a9f5132e0826c9f45c0b750ed7abfd35ac89,0.8124544024467468,0.8928736448287964,0.8365801572799683,0
1362,3020000007445-09-01,3020000014030-09-01,샴푸용기,화장품 용기,http://plus.kipris.or.kr/openapi/fileToss.jsp?arg=75a63eed5a438998f9dc3380f5cb642cd56dcb0e0f0995b0fdcd45318d7ff23c308bbaa2658dde0908ce1448e4d7f44e45ada4b6455d4f69,http://plus.kipris.or.kr/openapi/fileToss.jsp?arg=75a63eed5a438998f9dc3380f5cb642cd56dcb0e0f0995b0606f4df1f99f4081c635518eb2e9ae224c414ca4a2923d3b4a6f7da702d3c8f7,0.7247346639633179,0.7945080995559692,0.7456666827201843,0
1363,3020000001359-09-01,3020000020571-09-01,포장용병,화장품 용기,http://plus.kipris.or.kr/openapi/fileToss.jsp?arg=75a63eed5a438998f9dc3380f5cb642cd56dcb0e0f0995b0b700f0235c7824b0bee8638aea77cc447498725a267264014178f120855b98d7,http://plus.kipris.or.kr/openapi/fileToss.jsp?arg=75a63eed5a438998f9dc3380f5cb642cd56dcb0e0f0995b0bea0399dd2b7a3e5b435903018a1a9f5132e0826c9f45c0b750ed7abfd35ac89,0.8213911056518555,0.7878390550613403,0.8113254904747009,0
1364,3020000003525-09-01,3020000007584-09-01,화장품 용기,화장품 용기,http://plus.kipris.or.kr/openapi/fileToss.jsp?arg=75a63eed5a438998f9dc3380f5cb642cd56dcb0e0f0995b00b66daf06c8a830641a31f57f6fcc65b9864b6b9cf5471701f33cdd49b7d6a35,http://plus.kipris.or.kr/openapi/fileToss.jsp?arg=75a63eed5a438998f9dc3380f5cb642cd56dcb0e0f0995b0fdcd45318d7ff23cbe8f9d6b58b35c17b9be175719b4f014088f0e23a368fb3b,0.7129180431365967,0.9566934704780579,0.7860506772994995,0
1365,3020000011906-09-01,3020000024484-09-01,포장용 용기,화장품 용기,http://plus.kipris.or.kr/openapi/fileToss.jsp?arg=75a63eed5a438998f9dc3380f5cb642cd56dcb0e0f0995b070abdd713d0b290a0b1bd5557f830a499fe53da63e378f7cfb049c4d28717c6a,http://plus.kipris.or.kr/openapi/fileToss.jsp?arg=75a63eed5a438998f9dc3380f5cb642cd56dcb0e0f0995b005b3db6b458aa73b12ac262f8b7ca850ea83ae6d2ac6738d74a6eff18f81e9eb,0.8257014155387878,0.7975356578826904,0.8172516822814941,0
1366,3020000031089-09-01,3020000031162-09-01,포장용기,포장용기,http://plus.kipris.or.kr/openapi/fileToss.jsp?arg=75a63eed5a438998f9dc3380f5cb642cd56dcb0e0f0995b089d7a621b89857a2a6e995ef25b4de53c3b0a0f3559ebf12ed9b8a6ef9226be7,http://plus.kipris.or.kr/openapi/fileToss.jsp?arg=75a63eed5a438998f9dc3380f5cb642cd56dcb0e0f0995b089d7a621b89857a2bda1ae1f5599e317597821b50ca5d488bfb61902c24e992c,0.8899664282798767,0.9874864220619202,0.9192224144935608,0
1367,3020000013862-09-01,3020000017497-09-01,포장용 용기,포장용 용기,http://plus.kipris.or.kr/openapi/fileToss.jsp?arg=75a63eed5a438998f9dc3380f5cb642cd56dcb0e0f0995b0bdcfae06342df685f8cbf1fb50c4736d33893aee3cc4dc177fda9d3a29498043,http://plus.kipris.or.kr/openapi/fileToss.jsp?arg=75a63eed5a438998f9dc3380f5cb642cd56dcb0e0f0995b0d8ee6709638b6fa1ae2fc3835c730b0fa1fa6955ae8aa20599a146b98afeb5ac,0.8679945468902588,0.9957936406135559,0.9063342809677124,0
1368,3020000028555-09-01,3020000005652-09-01,향수병{PERFUME BOTTLE},포장용 용기,http://plus.kipris.or.kr/openapi/fileToss.jsp?arg=75a63eed5a438998f9dc3380f5cb642cd56dcb0e0f0995b0227542a1f24a73610c8bbe2556fb255ef8db2587fe0aeba6fc895bcde50c8cfb,http://plus.kipris.or.kr/openapi/fileToss.jsp?arg=75a63eed5a438998f9dc3380f5cb642cd56dcb0e0f0995b08fe3e6d10b56cc3dd860bdd2e2498e9ae78cdee054c9d58fdd0c6a37c2e09905,0.8987541198730469,0.7800915241241455,0.8631553053855896,0
1369,3020000017457-09-01,3020000029616-09-01,디스펜서 용기,스프레이어(SPRAYER),http://plus.kipris.or.kr/openapi/fileToss.jsp?arg=75a63eed5a438998f9dc3380f5cb642cd56dcb0e0f0995b0d8ee6709638b6fa1605fd1147d87744ea21948e4c4973be5266a1cca333141ef,http://plus.kipris.or.kr/openapi/fileToss.jsp?arg=75a63eed5a438998f9dc3380f5cb642cd56dcb0e0f0995b011f68ef22f394dd21b3c346cdf3ea013cebac424477325606ce441f07d03d1c0,0.8456164598464966,0.8148384094238281,0.836383044719696,0
1370,3020000007445-09-01,3020000002024-09-01,샴푸용기,포장용용기,http://plus.kipris.or.kr/openapi/fileToss.jsp?arg=75a63eed5a438998f9dc3380f5cb642cd56dcb0e0f0995b0fdcd45318d7ff23c308bbaa2658dde0908ce1448e4d7f44e45ada4b6455d4f69,http://plus.kipris.or.kr/openapi/fileToss.jsp?arg=75a63eed5a438998f9dc3380f5cb642cd56dcb0e0f0995b0680d52483fc7b07dce8cf928834fb57ddd96de37e6cf724f1b755ca5e47b8305,0.677221417427063,0.7340900897979736,0.694282054901123,0
1371,3020000031088-09-01,3020000007584-09-01,포장용기,화장품 용기,http://plus.kipris.or.kr/openapi/fileToss.jsp?arg=75a63eed5a438998f9dc3380f5cb642cd56dcb0e0f0995b089d7a621b89857a2a6e995ef25b4de530e075e7abc9b8c53c9881cbcd0d0dcd4,http://plus.kipris.or.kr/openapi/fileToss.jsp?arg=75a63eed5a438998f9dc3380f5cb642cd56dcb0e0f0995b0fdcd45318d7ff23cbe8f9d6b58b35c17b9be175719b4f014e3760c7329773425,0.8307353258132935,0.8443254232406616,0.834812343120575,0
1372,3020000025777-09-01,3020000022160-09-01,화장품 용기,화장품용기,http://plus.kipris.or.kr/openapi/fileToss.jsp?arg=75a63eed5a438998f9dc3380f5cb642cd56dcb0e0f0995b07a28099d0ef98e17b856995e50d7dd6b930e7b2715be9f66e92b30bca84644ef,http://plus.kipris.or.kr/openapi/fileToss.jsp?arg=75a63eed5a438998f9dc3380f5cb642cd56dcb0e0f0995b02e6ec20e9488ca6619e7d183ad07870db0828e5b0b145e744bde4a77e318b949,0.7743449211120605,0.9451389312744141,0.8255831003189087,0
1373,3020000020844-09-01,3020000024957-09-01,화장품 용기,화장품용기,http://plus.kipris.or.kr/openapi/fileToss.jsp?arg=75a63eed5a438998f9dc3380f5cb642cd56dcb0e0f0995b0bea0399dd2b7a3e54982b213b7706e58bb0a4596104785cdaf0b7f5ca7621162,http://plus.kipris.or.kr/openapi/fileToss.jsp?arg=75a63eed5a438998f9dc3380f5cb642cd56dcb0e0f0995b005b3db6b458aa73be2c5f00e2cd5aa81f6e7b0e86f7ef30858ceee50285aea4d,0.7103990316390991,0.9557948112487793,0.78401780128479,0
1374,3020000000847-09-01,3020000028258-09-01,포장용 병,화장품 용기,http://plus.kipris.or.kr/openapi/fileToss.jsp?arg=75a63eed5a438998f9dc3380f5cb642cd56dcb0e0f0995b0cc72ed919b342300e99b2acfcc6c677b67dc73b10471490904d87b0dc1c81449,http://plus.kipris.or.kr/openapi/fileToss.jsp?arg=75a63eed5a438998f9dc3380f5cb642cd56dcb0e0f0995b0227542a1f24a736184b9181791c18e4f60f4f9fe508209ca53dcc78966fd65dc,0.7592560648918152,0.7522271275520325,0.7571473717689514,0
1375,3020000024700-09-01,3020000032577-09-01,화장품 용기,화장품 용기,http://plus.kipris.or.kr/openapi/fileToss.jsp?arg=75a63eed5a438998f9dc3380f5cb642cd56dcb0e0f0995b005b3db6b458aa73bbe736c671d94092b71c05c8cc68ecef689bbd0a7ec0ad547,http://plus.kipris.or.kr/openapi/fileToss.jsp?arg=75a63eed5a438998f9dc3380f5cb642cd56dcb0e0f0995b056fef538e42de114a5789ee7e1d70e89bcd4e8929ad70eb4cd66931ad54345cc,0.9161955118179321,0.9052991271018982,0.9129266142845154,0
1376,3020000005898-09-01,3020000021877-09-01,화장품 용기,포장용 병,http://plus.kipris.or.kr/openapi/fileToss.jsp?arg=75a63eed5a438998f9dc3380f5cb642cd56dcb0e0f0995b08fe3e6d10b56cc3d9f98bc4caf4fb052f4fcc92f245ce3353462489d9b9f5ceb,http://plus.kipris.or.kr/openapi/fileToss.jsp?arg=75a63eed5a438998f9dc3380f5cb642cd56dcb0e0f0995b006449c7f1c85a4a70414a8256ca494f5043ecd5ebd0c3ee4f0ff227ee153b394,0.6762958765029907,0.750799298286438,0.6986469030380249,0
1377,3020000032063-09-01,3020000029032-09-01,화장품 함,포장용기,http://plus.kipris.or.kr/openapi/fileToss.jsp?arg=75a63eed5a438998f9dc3380f5cb642cd56dcb0e0f0995b056fef538e42de1141cf4f2c1684983873826053939283218f45b58eac9bb7d1c,http://plus.kipris.or.kr/openapi/fileToss.jsp?arg=75a63eed5a438998f9dc3380f5cb642cd56dcb0e0f0995b011f68ef22f394dd26e88aba601c1a5ffaffd7513bd7646c20ddae1b6fb620e06,0.7163840532302856,0.7624515295028687,0.7302042841911316,0
1378,3020000030584-09-01,3020000025393-09-01,포장용 병,향수 용기,http://plus.kipris.or.kr/openapi/fileToss.jsp?arg=75a63eed5a438998f9dc3380f5cb642cd56dcb0e0f0995b0b9420cad9c5990e068550a177cec7d2edc1565c58296d37fb457417f653eab2f,http://plus.kipris.or.kr/openapi/fileToss.jsp?arg=75a63eed5a438998f9dc3380f5cb642cd56dcb0e0f0995b07a28099d0ef98e17b4fee342a5c9b755696247e88ba73474055f2d37b469ed88,0.8188849687576294,0.7736079692840576,0.8053019046783447,0
1379,3020000025082-09-01,3020000029794-09-01,화장품 용기,회전식 지압기가 부설된 약병,http://plus.kipris.or.kr/openapi/fileToss.jsp?arg=75a63eed5a438998f9dc3380f5cb642cd56dcb0e0f0995b07a28099d0ef98e17803670e82954ba5e12b0a859bd0e152dadcc4d5d7d946fff,http://plus.kipris.or.kr/openapi/fileToss.jsp?arg=75a63eed5a438998f9dc3380f5cb642cd56dcb0e0f0995b011f68ef22f394dd2b168e780477751b51e99ed8a78b3e519bc33b0bc8e8be6b1,0.7949449419975281,0.7176001071929932,0.771741509437561,0
1380,3020000022336-09-01,3020000015388-09-01,포장용 용기,화장품 용기,http://plus.kipris.or.kr/openapi/fileToss.jsp?arg=75a63eed5a438998f9dc3380f5cb642cd56dcb0e0f0995b02e6ec20e9488ca6656c086b0f1da3515796931e901e901fde65b3ba0f395f31a,http://plus.kipris.or.kr/openapi/fileToss.jsp?arg=75a63eed5a438998f9dc3380f5cb642cd56dcb0e0f0995b07ba686bc001e12b78250fd8339f4eec1965fe05fc5d6d3d0aa644054525b9227,0.5972559452056885,0.6946409344673157,0.6264714598655701,0
1381,3020000033317-09-01,3020000018222-09-01,포장용 용기,포장용 용기,http://plus.kipris.or.kr/openapi/fileToss.jsp?arg=75a63eed5a438998f9dc3380f5cb642cd56dcb0e0f0995b0f32787804da8b7ad8e33740856216fb3f7ca4d56add976880b0089bbdffd89ed,http://plus.kipris.or.kr/openapi/fileToss.jsp?arg=75a63eed5a438998f9dc3380f5cb642cd56dcb0e0f0995b0deac54f8925f4c7d4987cce9cfe8722f3db950a0fbab00c9ac91616d5b55e2c7,0.8155330419540405,0.9435420036315918,0.853935718536377,0
1382,3020000001717-09-01,3020000029211-09-01,화장품 용기,포장용 용기,http://plus.kipris.or.kr/openapi/fileToss.jsp?arg=75a63eed5a438998f9dc3380f5cb642cd56dcb0e0f0995b0b700f0235c7824b0816073cd945e8ed688343ee5b4af28a78e5ad337cf51e613,http://plus.kipris.or.kr/openapi/fileToss.jsp?arg=75a63eed5a438998f9dc3380f5cb642cd56dcb0e0f0995b011f68ef22f394dd2cbe811d661abacb57f7d34fff32a6abf20b9d442baec733a,0.8462909460067749,0.841787576675415,0.8449399471282959,0
1383,3020000002742-09-01,3020000024443-09-01,포장용 깡통,화장품 용기,http://plus.kipris.or.kr/openapi/fileToss.jsp?arg=75a63eed5a438998f9dc3380f5cb642cd56dcb0e0f0995b0680d52483fc7b07d43e6cf9e73fd83bfdb42ecec732ea78459775ad643c9b529,http://plus.kipris.or.kr/openapi/fileToss.jsp?arg=75a63eed5a438998f9dc3380f5cb642cd56dcb0e0f0995b005b3db6b458aa73b827884159da4efa3241ff3f1a86abd35bc06241f19400530,0.7006644606590271,0.73580402135849,0.711206316947937,0
1384,3020000028555-09-01,3020000002024-09-01,향수병{PERFUME BOTTLE},포장용용기,http://plus.kipris.or.kr/openapi/fileToss.jsp?arg=75a63eed5a438998f9dc3380f5cb642cd56dcb0e0f0995b0227542a1f24a73610c8bbe2556fb255ef8db2587fe0aeba6976e6f6bef2274c0,http://plus.kipris.or.kr/openapi/fileToss.jsp?arg=75a63eed5a438998f9dc3380f5cb642cd56dcb0e0f0995b0680d52483fc7b07dce8cf928834fb57ddd96de37e6cf724f93545ff37fbf2542,0.7963297963142395,0.7729742527008057,0.7893231511116028,0
1385,3020000011989-09-01,3020000021814-09-01,드링크 병,화장품 용기,http://plus.kipris.or.kr/openapi/fileToss.jsp?arg=75a63eed5a438998f9dc3380f5cb642cd56dcb0e0f0995b070abdd713d0b290a22025622b2f6a4c0026452b7351c2cfe5dddc6dbb7fa4510,http://plus.kipris.or.kr/openapi/fileToss.jsp?arg=75a63eed5a438998f9dc3380f5cb642cd56dcb0e0f0995b006449c7f1c85a4a7187d3aa3a76c31b34df56d1f9862991df215dc27c29e1bdc,0.7833399176597595,0.6694909334182739,0.7491852045059204,0
1386,3020000014720-09-01,3020000013606-09-01,음료수 병,화장품 용기,http://plus.kipris.or.kr/openapi/fileToss.jsp?arg=75a63eed5a438998f9dc3380f5cb642cd56dcb0e0f0995b0606f4df1f99f408147acd64ca7a100af79f950bb027a98d856d6f46fc97fa9f9,http://plus.kipris.or.kr/openapi/fileToss.jsp?arg=75a63eed5a438998f9dc3380f5cb642cd56dcb0e0f0995b0bdcfae06342df685b5160b34fe202fbfabfe2536a403a69dfb52547bd559299b,0.7507948875427246,0.8116923570632935,0.7690640687942505,0
1387,3020000022438-09-01,3020000006173-09-01,포장용 용기,음료수 용기,http://plus.kipris.or.kr/openapi/fileToss.jsp?arg=75a63eed5a438998f9dc3380f5cb642cd56dcb0e0f0995b02e6ec20e9488ca6663752f4fd76355c5c8a13f1ee8f31a9203a624eb2028b5a0,http://plus.kipris.or.kr/openapi/fileToss.jsp?arg=75a63eed5a438998f9dc3380f5cb642cd56dcb0e0f0995b0187836737e94fb39845672cd5824903a402d9dab6f5279e64e2476d05862476a,0.733230471611023,0.8755103349685669,0.7759144306182861,0
1388,3020000030881-09-01,3020000024957-09-01,화장품 용기,화장품용기,http://plus.kipris.or.kr/openapi/fileToss.jsp?arg=75a63eed5a438998f9dc3380f5cb642cd56dcb0e0f0995b0b9420cad9c5990e04c31abfa39740297ba4a8f6303c653bf9f8546ad9393c447,http://plus.kipris.or.kr/openapi/fileToss.jsp?arg=75a63eed5a438998f9dc3380f5cb642cd56dcb0e0f0995b005b3db6b458aa73be2c5f00e2cd5aa81f6e7b0e86f7ef308987aab970ccae779,0.9006567001342773,0.9543921947479248,0.9167773723602295,0
1389,3020000032578-09-01,3020000027513-09-01,화장품 용기,샴푸 용기,http://plus.kipris.or.kr/openapi/fileToss.jsp?arg=75a63eed5a438998f9dc3380f5cb642cd56dcb0e0f0995b056fef538e42de114a5789ee7e1d70e892127d09ddd1ea180a25d3d8d0afe1509,http://plus.kipris.or.kr/openapi/fileToss.jsp?arg=75a63eed5a438998f9dc3380f5cb642cd56dcb0e0f0995b01b6467bd697fe99c5b52ca7a735e0f06789d15109049a90dff0bb931ec4a00ea,0.8204424381256104,0.7734580039978027,0.806347131729126,0
1390,3020000022161-09-01,3020000017302-09-01,화장품용기,포장용 용기,http://plus.kipris.or.kr/openapi/fileToss.jsp?arg=75a63eed5a438998f9dc3380f5cb642cd56dcb0e0f0995b02e6ec20e9488ca6619e7d183ad07870d0e1f720ac109996a1d2cefb942e57211,http://plus.kipris.or.kr/openapi/fileToss.jsp?arg=75a63eed5a438998f9dc3380f5cb642cd56dcb0e0f0995b0d8ee6709638b6fa147789b22cdad6984c70901213bff2718a9182c53a0b9d3b1,0.5603726506233215,0.8169804811477661,0.6373549699783325,0
1391,3020000018873-09-01,3020000012594-09-01,화장품 용기,포장용 병,http://plus.kipris.or.kr/openapi/fileToss.jsp?arg=75a63eed5a438998f9dc3380f5cb642cd56dcb0e0f0995b0deac54f8925f4c7d01c27b3b9348c7970f10a5e9739eef099fc0c632dd2c99c8,http://plus.kipris.or.kr/openapi/fileToss.jsp?arg=75a63eed5a438998f9dc3380f5cb642cd56dcb0e0f0995b08964a6c84ce8cbe1a2734cd20ff462c98c85951218f53d28b89bc0eddd87037d,0.7521246075630188,0.8485722541809082,0.7810589075088501,0
1392,3020000027874-09-01,3020000034017-09-01,포장용용기,포장용 용기,http://plus.kipris.or.kr/openapi/fileToss.jsp?arg=75a63eed5a438998f9dc3380f5cb642cd56dcb0e0f0995b01b6467bd697fe99c3417ef7c1899dbda805e0d76a677f7ef37bdf87c7daa7bb5,http://plus.kipris.or.kr/openapi/fileToss.jsp?arg=75a63eed5a438998f9dc3380f5cb642cd56dcb0e0f0995b0bfb5e3af4d1caf7e41c1a10938b5a94553cd9bfe72ec18a853393d4be46ee553,0.8196718692779541,0.9042820930480957,0.8450549244880676,0
1393,3020000007536-09-01,3020000015501-09-01,포장용 술병,화장품 용기,http://plus.kipris.or.kr/openapi/fileToss.jsp?arg=75a63eed5a438998f9dc3380f5cb642cd56dcb0e0f0995b0fdcd45318d7ff23c0d045c2fa1109ccbbf7bb6109df7d573c6009da868a2f02d,http://plus.kipris.or.kr/openapi/fileToss.jsp?arg=75a63eed5a438998f9dc3380f5cb642cd56dcb0e0f0995b07ba686bc001e12b758e859cb1aaaedad603c0d162ff2a17eec9df2cce3e4b6d0,0.7480348944664001,0.8601227402687073,0.7816612720489502,0
1394,3020000015433-09-01,3020000000847-09-01,포장용 용기,포장용 병,http://plus.kipris.or.kr/openapi/fileToss.jsp?arg=75a63eed5a438998f9dc3380f5cb642cd56dcb0e0f0995b07ba686bc001e12b74f814a4956a5cebb3b7e77a65b11d9abd7337bc3df426232,http://plus.kipris.or.kr/openapi/fileToss.jsp?arg=75a63eed5a438998f9dc3380f5cb642cd56dcb0e0f0995b0cc72ed919b342300e99b2acfcc6c677b67dc73b104714909a7d00073324062d7,0.7140010595321655,0.8111190795898438,0.743136465549469,0
1395,3020000023571-09-01,3020000010998-09-01,세제용 용기,포장용 용기,http://plus.kipris.or.kr/openapi/fileToss.jsp?arg=75a63eed5a438998f9dc3380f5cb642cd56dcb0e0f0995b09b1f6789fb9751240005454de4ce8fd157be609d7636893f3dcf652d5d9fafb0,http://plus.kipris.or.kr/openapi/fileToss.jsp?arg=75a63eed5a438998f9dc3380f5cb642cd56dcb0e0f0995b0ef3ea9b059e1242154c6c6b21c086873fa90fc2cd032beb634340a31ef7535b4,0.7946151494979858,0.9112839698791504,0.8296158313751221,0
1396,3020000019784-09-01,3020000013605-09-01,식품포장용기,화장품 용기,http://plus.kipris.or.kr/openapi/fileToss.jsp?arg=75a63eed5a438998f9dc3380f5cb642cd56dcb0e0f0995b0f63a2eefd11079d0981ed2fff931e701fbc7d790be4e303217c399208010fb48,http://plus.kipris.or.kr/openapi/fileToss.jsp?arg=75a63eed5a438998f9dc3380f5cb642cd56dcb0e0f0995b0bdcfae06342df685b5160b34fe202fbff398f486934ae14fd3786c2f49553e5f,0.8729954957962036,0.7968230247497559,0.8501437902450562,0
1397,3020000010996-09-01,3020000016430-09-01,포장용 용기,포장용기,http://plus.kipris.or.kr/openapi/fileToss.jsp?arg=75a63eed5a438998f9dc3380f5cb642cd56dcb0e0f0995b0ef3ea9b059e1242154c6c6b21c086873fec4e762b42098f77440fd33760ffb01,http://plus.kipris.or.kr/openapi/fileToss.jsp?arg=75a63eed5a438998f9dc3380f5cb642cd56dcb0e0f0995b0edd65ac4880d0f0c232cb6b80bc0e8a33808bf7b0bacd52f529d132d603c7762,0.7125722169876099,0.8411973118782043,0.7511597871780396,0
1398,3020000033180-09-01,3020000030347-09-01,샴푸용기,포장용 용기,http://plus.kipris.or.kr/openapi/fileToss.jsp?arg=75a63eed5a438998f9dc3380f5cb642cd56dcb0e0f0995b0f32787804da8b7ad453014fa1c02db95feda83a3e23f4f971d5e5959f89889c7,http://plus.kipris.or.kr/openapi/fileToss.jsp?arg=75a63eed5a438998f9dc3380f5cb642cd56dcb0e0f0995b0b9420cad9c5990e003a10973d6bdbbe33d0e3feb2ecc5d148df1b8ba34729f1d,0.8608853816986084,0.7989068627357483,0.8422918319702148,0
1399,3020000015443-09-01,3020000029919-09-01,음료용 캔용기,화장품 용기,http://plus.kipris.or.kr/openapi/fileToss.jsp?arg=75a63eed5a438998f9dc3380f5cb642cd56dcb0e0f0995b07ba686bc001e12b77655048972b3dba9926fb1f6a70677cc50eefcf57d988b29,http://plus.kipris.or.kr/openapi/fileToss.jsp?arg=75a63eed5a438998f9dc3380f5cb642cd56dcb0e0f0995b011f68ef22f394dd2f0b8046f71cf13a1b9d33cb8e9020588ed6a0d68e3ec1d79,0.7295453548431396,0.7098371386528015,0.7236329317092896,0
1400,3020000024463-09-01,3020000003007-09-01,포장용 용기,포장용 용기,http://plus.kipris.or.kr/openapi/fileToss.jsp?arg=75a63eed5a438998f9dc3380f5cb642cd56dcb0e0f0995b005b3db6b458aa73be969790f4b87eaa5b26fec36e24da5f7e4845ed20f0564ce,http://plus.kipris.or.kr/openapi/fileToss.jsp?arg=75a63eed5a438998f9dc3380f5cb642cd56dcb0e0f0995b00b66daf06c8a830629ab74559564aad12fba1de06c51333798e8fb0806479f62,0.6210299134254456,0.8811837434768677,0.6990760564804077,0
1401,3020000014928-09-01,3020000011907-09-01,음료용기,포장용 용기,http://plus.kipris.or.kr/openapi/fileToss.jsp?arg=75a63eed5a438998f9dc3380f5cb642cd56dcb0e0f0995b0606f4df1f99f408187506cb30276f5d07245a750976a37927da4b176b795acec,http://plus.kipris.or.kr/openapi/fileToss.jsp?arg=75a63eed5a438998f9dc3380f5cb642cd56dcb0e0f0995b070abdd713d0b290a0b1bd5557f830a4975f4d67bdf33d12f8f48eb9e1ff021c2,0.8722532987594604,0.6714169979095459,0.812002420425415,0
1402,3020000014871-09-01,3020000023372-09-01,라이터용 화구,화장품 용기,http://plus.kipris.or.kr/openapi/fileToss.jsp?arg=75a63eed5a438998f9dc3380f5cb642cd56dcb0e0f0995b0606f4df1f99f408190d3ac87de98d42638b2912400d65d988e3fbdb47b481e46,http://plus.kipris.or.kr/openapi/fileToss.jsp?arg=75a63eed5a438998f9dc3380f5cb642cd56dcb0e0f0995b09b1f6789fb97512449882dd38eee7b70234d8f05dc016cf4ddbedbf264f3e847,0.7675782442092896,0.6679326295852661,0.7376845479011536,0
1403,3020000031166-09-01,3020000029148-09-01,화장품용기,술병,http://plus.kipris.or.kr/openapi/fileToss.jsp?arg=75a63eed5a438998f9dc3380f5cb642cd56dcb0e0f0995b089d7a621b89857a2bda1ae1f5599e317e2f2391fc916ba6878575788036e3ad7,http://plus.kipris.or.kr/openapi/fileToss.jsp?arg=75a63eed5a438998f9dc3380f5cb642cd56dcb0e0f0995b011f68ef22f394dd2b1e8fa62f7dbf6eb93ae353ab0d4ab67e01a5b3515d9bc25,0.8422024846076965,0.7032680511474609,0.8005221486091614,0
1404,3020000030806-09-01,3020000027388-09-01,화장품 용기,포장용 용기,http://plus.kipris.or.kr/openapi/fileToss.jsp?arg=75a63eed5a438998f9dc3380f5cb642cd56dcb0e0f0995b0b9420cad9c5990e07e891c91ed3c638d5dcbf45ab163ad9afb16b06dadef65ed,http://plus.kipris.or.kr/openapi/fileToss.jsp?arg=75a63eed5a438998f9dc3380f5cb642cd56dcb0e0f0995b01b6467bd697fe99cc883ae80263b6d6f03450d55259062fbc40b97af1e1c65dd,0.7478078007698059,0.8884278535842896,0.7899938225746155,0
1405,3020000023254-09-01,3020000006446-09-01,식품용용기,화장품 용기,http://plus.kipris.or.kr/openapi/fileToss.jsp?arg=75a63eed5a438998f9dc3380f5cb642cd56dcb0e0f0995b09b1f6789fb975124ddde99bf437cdce816e7c8bd8b35058f101dd408f8b3c6fb,http://plus.kipris.or.kr/openapi/fileToss.jsp?arg=75a63eed5a438998f9dc3380f5cb642cd56dcb0e0f0995b0187836737e94fb39d0891ba1d3de6d92656ddd5ad5eda738e576eec24b87e0a7,0.8080235123634338,0.8613046407699585,0.8240078687667847,0
1406,3020000032940-09-01,3020000025777-09-01,화장품 용기,화장품 용기,http://plus.kipris.or.kr/openapi/fileToss.jsp?arg=75a63eed5a438998f9dc3380f5cb642cd56dcb0e0f0995b056fef538e42de114e7558e56be909ac7d9ed1a5414fe7bdfdccc45c98a229d55,http://plus.kipris.or.kr/openapi/fileToss.jsp?arg=75a63eed5a438998f9dc3380f5cb642cd56dcb0e0f0995b07a28099d0ef98e17b856995e50d7dd6b930e7b2715be9f660d70f1b9cd7eec72,0.8788398504257202,0.9508358240127563,0.900438666343689,0
1407,3020000015443-09-01,3020000005118-09-01,음료용 캔용기,에어로졸 용기,http://plus.kipris.or.kr/openapi/fileToss.jsp?arg=75a63eed5a438998f9dc3380f5cb642cd56dcb0e0f0995b07ba686bc001e12b77655048972b3dba9926fb1f6a70677cc0c040ee8c69a76a3,http://plus.kipris.or.kr/openapi/fileToss.jsp?arg=75a63eed5a438998f9dc3380f5cb642cd56dcb0e0f0995b08fe3e6d10b56cc3d6fdd0a060b490f45a9cef516e81b9996f097eb79cd188371,0.7758864164352417,0.738654613494873,0.7647168636322021,0
1408,3020000029615-09-01,3020000031165-09-01,스프레이어(SPRAYER),화장품용기,http://plus.kipris.or.kr/openapi/fileToss.jsp?arg=75a63eed5a438998f9dc3380f5cb642cd56dcb0e0f0995b011f68ef22f394dd21b3c346cdf3ea013a2bcb65128e40205c7f8482d8809f3de,http://plus.kipris.or.kr/openapi/fileToss.jsp?arg=75a63eed5a438998f9dc3380f5cb642cd56dcb0e0f0995b089d7a621b89857a2bda1ae1f5599e3178632bd153853d7a3c09d67410d6c93ac,0.7355225086212158,0.7733639478683472,0.7468749284744263,0
1409,3020000032582-09-01,3020000029019-09-01,화장품 용기,화장품 용기,http://plus.kipris.or.kr/openapi/fileToss.jsp?arg=75a63eed5a438998f9dc3380f5cb642cd56dcb0e0f0995b056fef538e42de114c938f9d32b974d9772fb62244519d1b817ea3e3dfee386a9,http://plus.kipris.or.kr/openapi/fileToss.jsp?arg=75a63eed5a438998f9dc3380f5cb642cd56dcb0e0f0995b011f68ef22f394dd2390c13707ca28de788875746926698e5130eae92fa6dca26,0.7766282558441162,0.9720674157142639,0.8352600336074829,0
1410,3020000033178-09-01,3020000015200-09-01,샴푸용기,화장품 용기,http://plus.kipris.or.kr/openapi/fileToss.jsp?arg=75a63eed5a438998f9dc3380f5cb642cd56dcb0e0f0995b0f32787804da8b7ad260e51bd8f6e3480046220d68d97e79a5b18bf18cecc493d,http://plus.kipris.or.kr/openapi/fileToss.jsp?arg=75a63eed5a438998f9dc3380f5cb642cd56dcb0e0f0995b07ba686bc001e12b7ebd23e10645d463a3bdf3df38bb1a275a7012039717e4c4d,0.6887742280960083,0.7124055624008179,0.6958636045455933,0
1411,3020000001717-09-01,3020000006727-09-01,화장품 용기,세제용 포장용기,http://plus.kipris.or.kr/openapi/fileToss.jsp?arg=75a63eed5a438998f9dc3380f5cb642cd56dcb0e0f0995b0b700f0235c7824b0816073cd945e8ed688343ee5b4af28a79055de143a1f2c98,http://plus.kipris.or.kr/openapi/fileToss.jsp?arg=75a63eed5a438998f9dc3380f5cb642cd56dcb0e0f0995b0187836737e94fb3936dc5400ed0040d0d21887e1a0ec8680d812f6a89fc6672d,0.8113511800765991,0.8416626453399658,0.820444643497467,0
1412,3020000016423-09-01,3020000023861-09-01,화장품 용기,화장품 용기,http://plus.kipris.or.kr/openapi/fileToss.jsp?arg=75a63eed5a438998f9dc3380f5cb642cd56dcb0e0f0995b0edd65ac4880d0f0cde88f35c1b19cc9c55a541844b9516d237714a24bd6ab62a,http://plus.kipris.or.kr/openapi/fileToss.jsp?arg=75a63eed5a438998f9dc3380f5cb642cd56dcb0e0f0995b09b1f6789fb9751249d50c7f3b7f0515a7da19ff2e6aa311484e653aa7b421661,0.7127528786659241,0.9169855117797852,0.7740226984024048,0
1413,3020000005512-09-01,3020000010913-09-01,화장품 용기,향수병,http://plus.kipris.or.kr/openapi/fileToss.jsp?arg=75a63eed5a438998f9dc3380f5cb642cd56dcb0e0f0995b08fe3e6d10b56cc3d22f91fa31f9e4b5d2d45b21b61a48a49bcf743f0b55816a9,http://plus.kipris.or.kr/openapi/fileToss.jsp?arg=75a63eed5a438998f9dc3380f5cb642cd56dcb0e0f0995b0ef3ea9b059e124218e78add106288283ab700c059cc1211124676a5e417318bb,0.9103679656982422,0.7393304705619812,0.8590567111968994,0
1414,3020000031247-09-01,3020000013606-09-01,화장품용기,화장품 용기,http://plus.kipris.or.kr/openapi/fileToss.jsp?arg=75a63eed5a438998f9dc3380f5cb642cd56dcb0e0f0995b089d7a621b89857a2cf83cf6c7d54a290c5c6ea32d42da4795c14dd5f54fe40a5,http://plus.kipris.or.kr/openapi/fileToss.jsp?arg=75a63eed5a438998f9dc3380f5cb642cd56dcb0e0f0995b0bdcfae06342df685b5160b34fe202fbfabfe2536a403a69d8a290d761b932af7,0.9692032337188721,0.9517585635185242,0.9639698266983032,0
1415,3020000016423-09-01,3020000010927-09-01,화장품 용기,향수 용기,http://plus.kipris.or.kr/openapi/fileToss.jsp?arg=75a63eed5a438998f9dc3380f5cb642cd56dcb0e0f0995b0edd65ac4880d0f0cde88f35c1b19cc9c55a541844b9516d2b564aecd9249db00,http://plus.kipris.or.kr/openapi/fileToss.jsp?arg=75a63eed5a438998f9dc3380f5cb642cd56dcb0e0f0995b0ef3ea9b059e124212cc6ee9f18a84e3979892ba521ffa996cd63b31e1ff1ee16,0.7509995698928833,0.792656421661377,0.7634966373443604,0
1416,3020000010705-09-01,3020000016129-09-01,화장품용기,음료용 병,http://plus.kipris.or.kr/openapi/fileToss.jsp?arg=75a63eed5a438998f9dc3380f5cb642cd56dcb0e0f0995b0ef3ea9b059e12421eb4ff90610f382b9e11a7aad05f556e021870fceec3c8a8c,http://plus.kipris.or.kr/openapi/fileToss.jsp?arg=75a63eed5a438998f9dc3380f5cb642cd56dcb0e0f0995b0edd65ac4880d0f0c25087b935b4ee47a7a96c2768917e36865cab326eeaabbeb,0.7805591225624084,0.7534434199333191,0.7724243998527527,0
1417,3020000024535-09-01,3020000030604-09-01,화장품 용기,화장품 용기,http://plus.kipris.or.kr/openapi/fileToss.jsp?arg=75a63eed5a438998f9dc3380f5cb642cd56dcb0e0f0995b005b3db6b458aa73bad765829c40530d0e0f716a805419d64397ba50a58d321d5,http://plus.kipris.or.kr/openapi/fileToss.jsp?arg=75a63eed5a438998f9dc3380f5cb642cd56dcb0e0f0995b0b9420cad9c5990e05592e1ba158996cfd96ec4d5b728a44a6a498bf3849a53e0,0.8997254967689514,0.983448326587677,0.924842357635498,0
1418,3020000010994-09-01,3020000017497-09-01,포장용 용기,포장용 용기,http://plus.kipris.or.kr/openapi/fileToss.jsp?arg=75a63eed5a438998f9dc3380f5cb642cd56dcb0e0f0995b0ef3ea9b059e1242154c6c6b21c0868739071209d4ac9b295557a84f7d2dc2c5e,http://plus.kipris.or.kr/openapi/fileToss.jsp?arg=75a63eed5a438998f9dc3380f5cb642cd56dcb0e0f0995b0d8ee6709638b6fa1ae2fc3835c730b0fa1fa6955ae8aa20599a146b98afeb5ac,0.7674782276153564,0.9974362254142761,0.83646559715271,0
1419,3020000017373-09-01,3020000015190-09-01,포장용간장용기,음료용기,http://plus.kipris.or.kr/openapi/fileToss.jsp?arg=75a63eed5a438998f9dc3380f5cb642cd56dcb0e0f0995b0d8ee6709638b6fa1b9cc41fb9d879150833073c7f50887821eef7aa2aadd505c,http://plus.kipris.or.kr/openapi/fileToss.jsp?arg=75a63eed5a438998f9dc3380f5cb642cd56dcb0e0f0995b07ba686bc001e12b7246632b98d0401193c3717f00aa55808ffeea4fcfbc89edf,0.8029147982597351,0.5691624879837036,0.7327890992164612,0
1420,3020000030881-09-01,3020000005118-09-01,화장품 용기,에어로졸 용기,http://plus.kipris.or.kr/openapi/fileToss.jsp?arg=75a63eed5a438998f9dc3380f5cb642cd56dcb0e0f0995b0b9420cad9c5990e04c31abfa39740297661cfe583bee5c313e8be549758f9bb5,http://plus.kipris.or.kr/openapi/fileToss.jsp?arg=75a63eed5a438998f9dc3380f5cb642cd56dcb0e0f0995b08fe3e6d10b56cc3d6fdd0a060b490f45a9cef516e81b9996f2de7eabca77413a,0.8712836503982544,0.7579442262649536,0.8372818231582642,0
1421,3020000011144-09-01,3020000026844-09-01,향수병,화장품 용기,http://plus.kipris.or.kr/openapi/fileToss.jsp?arg=75a63eed5a438998f9dc3380f5cb642cd56dcb0e0f0995b070abdd713d0b290a495f14ebd7c505e21cae541b5885dd24087a21f5413f467b,http://plus.kipris.or.kr/openapi/fileToss.jsp?arg=75a63eed5a438998f9dc3380f5cb642cd56dcb0e0f0995b035c516d305aed14571243152256c21dad8a464247adf2be48adf236ce1e1434e,0.8356615900993347,0.782455325126648,0.8196997046470642,0
1422,3020000029878-09-01,3020000009396-09-01,화장품용기,화장품 용기,http://plus.kipris.or.kr/openapi/fileToss.jsp?arg=75a63eed5a438998f9dc3380f5cb642cd56dcb0e0f0995b011f68ef22f394dd26a964075748e6c18658a49f80968cb3e85d70736659c4f88,http://plus.kipris.or.kr/openapi/fileToss.jsp?arg=75a63eed5a438998f9dc3380f5cb642cd56dcb0e0f0995b073590199e4f1dc1639c043446a843f3470496d74c2a4c07b4f152536584236b9,0.7945511937141418,0.9706798791885376,0.847389817237854,0
1423,3020000018767-09-01,3020000031168-09-01,음료병,화장품용기,http://plus.kipris.or.kr/openapi/fileToss.jsp?arg=75a63eed5a438998f9dc3380f5cb642cd56dcb0e0f0995b0deac54f8925f4c7dff73e655a395ca11d28cbcfed16a1af19cc85bb450af5722,http://plus.kipris.or.kr/openapi/fileToss.jsp?arg=75a63eed5a438998f9dc3380f5cb642cd56dcb0e0f0995b089d7a621b89857a2bda1ae1f5599e317e91e86b71eace8065341ff3f97b200da,0.900165319442749,0.6007267236709595,0.8103337287902832,0
1424,3020000015612-09-01,3020000009535-09-01,화장품 용기,포장용 병,http://plus.kipris.or.kr/openapi/fileToss.jsp?arg=75a63eed5a438998f9dc3380f5cb642cd56dcb0e0f0995b07ba686bc001e12b776336c19178a59c168e3c4951e2c2c0a2df7056e32a6d74c,http://plus.kipris.or.kr/openapi/fileToss.jsp?arg=75a63eed5a438998f9dc3380f5cb642cd56dcb0e0f0995b073590199e4f1dc16a62734373bd540e058fe44dc0b626a9c0c4e44b4aaea607b,0.624025821685791,0.8434555530548096,0.6898547410964966,0
1425,3020000018498-09-01,3020000024557-09-01,화장품 용기,화장품 용기,http://plus.kipris.or.kr/openapi/fileToss.jsp?arg=75a63eed5a438998f9dc3380f5cb642cd56dcb0e0f0995b0deac54f8925f4c7d1bc725e43ac88c2028d559bd06e57c3772af5fe2bc35b86f,http://plus.kipris.or.kr/openapi/fileToss.jsp?arg=75a63eed5a438998f9dc3380f5cb642cd56dcb0e0f0995b005b3db6b458aa73b5f84b5e88bb806fd701ec43f9850a077b8ff7283ca9a1587,0.7561406493186951,0.8946571350097656,0.7976955771446228,0
1426,3020000019481-09-01,3020000007536-09-01,포장용 용기,포장용 술병,http://plus.kipris.or.kr/openapi/fileToss.jsp?arg=75a63eed5a438998f9dc3380f5cb642cd56dcb0e0f0995b0f63a2eefd11079d0ccfa5665d6ade322594940fc7daa731d9f52ce63c92145a0,http://plus.kipris.or.kr/openapi/fileToss.jsp?arg=75a63eed5a438998f9dc3380f5cb642cd56dcb0e0f0995b0fdcd45318d7ff23c0d045c2fa1109ccbbf7bb6109df7d5734fcef54608e275ef,0.7279856204986572,0.9021555185317993,0.7802366018295288,0
1427,3020000032578-09-01,3020000031065-09-01,화장품 용기,화장품 용기,http://plus.kipris.or.kr/openapi/fileToss.jsp?arg=75a63eed5a438998f9dc3380f5cb642cd56dcb0e0f0995b056fef538e42de114a5789ee7e1d70e892127d09ddd1ea180710c402ef90c9ba4,http://plus.kipris.or.kr/openapi/fileToss.jsp?arg=75a63eed5a438998f9dc3380f5cb642cd56dcb0e0f0995b089d7a621b89857a24e563e71b55eadeece1d1222c27c878b20ef77589ad18842,0.9052401781082153,0.8950387239456177,0.9021797180175781,0
1428,3020000011144-09-01,3020000017000-09-01,향수병,포장용 용기,http://plus.kipris.or.kr/openapi/fileToss.jsp?arg=75a63eed5a438998f9dc3380f5cb642cd56dcb0e0f0995b070abdd713d0b290a495f14ebd7c505e21cae541b5885dd2494263e7e58fe933a,http://plus.kipris.or.kr/openapi/fileToss.jsp?arg=75a63eed5a438998f9dc3380f5cb642cd56dcb0e0f0995b0d8ee6709638b6fa151acb057bf4b283f873778c4a5b9305b0a16d4ef59b4bba4,0.8307063579559326,0.799052357673645,0.8212101459503174,0
1429,3020000022024-09-01,3020000015190-09-01,포장용 병,음료용기,http://plus.kipris.or.kr/openapi/fileToss.jsp?arg=75a63eed5a438998f9dc3380f5cb642cd56dcb0e0f0995b02e6ec20e9488ca66d73e29b516cdfdccf54611c38e60fb248b05a8081f946396,http://plus.kipris.or.kr/openapi/fileToss.jsp?arg=75a63eed5a438998f9dc3380f5cb642cd56dcb0e0f0995b07ba686bc001e12b7246632b98d0401193c3717f00aa558084284f4eee391a541,0.7290158867835999,0.6955579519271851,0.7189785242080688,0
1430,3020000017455-09-01,3020000007772-09-01,화장품 용기,포장용 병,http://plus.kipris.or.kr/openapi/fileToss.jsp?arg=75a63eed5a438998f9dc3380f5cb642cd56dcb0e0f0995b0d8ee6709638b6fa1605fd1147d87744e95705c59a14473abf1cd2858e14c6605,http://plus.kipris.or.kr/openapi/fileToss.jsp?arg=75a63eed5a438998f9dc3380f5cb642cd56dcb0e0f0995b0fdcd45318d7ff23cc933b5cab7f8c645d9e46bfbdbc6f37223c03b932e17bbc6,0.8327922821044922,0.7835294008255005,0.8180134296417236,0
1431,3020000020569-09-01,3020000016999-09-01,액체용기,포장용 용기,http://plus.kipris.or.kr/openapi/fileToss.jsp?arg=75a63eed5a438998f9dc3380f5cb642cd56dcb0e0f0995b0bea0399dd2b7a3e51bd7c881a493e52a791c7538a9639bdd8061c48c762b6f55,http://plus.kipris.or.kr/openapi/fileToss.jsp?arg=75a63eed5a438998f9dc3380f5cb642cd56dcb0e0f0995b0edd65ac4880d0f0cc2c085a4246e7b661a17b81247c5a3ca098d51f6156b338c,0.6802459955215454,0.8189603090286255,0.7218602895736694,0
1432,3020000012111-09-01,3020000016022-09-01,드링크 병,향수병,http://plus.kipris.or.kr/openapi/fileToss.jsp?arg=75a63eed5a438998f9dc3380f5cb642cd56dcb0e0f0995b08964a6c84ce8cbe1c4d769ac6125c6604cb8fb2387c071baf18464b9242e10fd,http://plus.kipris.or.kr/openapi/fileToss.jsp?arg=75a63eed5a438998f9dc3380f5cb642cd56dcb0e0f0995b0edd65ac4880d0f0c6eddf7c16beaabf046cfce850eacb0aaeaf701ce8c164c23,0.9340008497238159,0.7907063961029053,0.8910125494003296,0
1433,3020000024538-09-01,3020000031089-09-01,세제용기,포장용기,http://plus.kipris.or.kr/openapi/fileToss.jsp?arg=75a63eed5a438998f9dc3380f5cb642cd56dcb0e0f0995b005b3db6b458aa73bad765829c40530d0cdae46fabefe564064e99d72bcc90a16,http://plus.kipris.or.kr/openapi/fileToss.jsp?arg=75a63eed5a438998f9dc3380f5cb642cd56dcb0e0f0995b089d7a621b89857a2a6e995ef25b4de53c3b0a0f3559ebf12ed9b8a6ef9226be7,0.834735095500946,0.8108463287353516,0.8275684714317322,0
1434,3020000025530-09-01,3020000031527-09-01,화장품 용기,화장품 용기,http://plus.kipris.or.kr/openapi/fileToss.jsp?arg=75a63eed5a438998f9dc3380f5cb642cd56dcb0e0f0995b07a28099d0ef98e178c9f3750ac8a36e095e833a158b4e51ad20c7566c14a93f7,http://plus.kipris.or.kr/openapi/fileToss.jsp?arg=75a63eed5a438998f9dc3380f5cb642cd56dcb0e0f0995b089d7a621b89857a23ad00b91ca782d29ff9782162cd5e3a2de45691dadd4c83d,0.8387914299964905,0.9475171566009521,0.8714091181755066,0
1435,3020000000780-09-01,3020000020672-09-01,포장용 용기,화장품용기,http://plus.kipris.or.kr/openapi/fileToss.jsp?arg=75a63eed5a438998f9dc3380f5cb642cd56dcb0e0f0995b0cc72ed919b34230081a44be0fe209461ad0421485a2c9385fb3cbbe7773a7db4,http://plus.kipris.or.kr/openapi/fileToss.jsp?arg=75a63eed5a438998f9dc3380f5cb642cd56dcb0e0f0995b0bea0399dd2b7a3e5480d32b373ec1d9434054c8c454dbef05d852b369e75f8cb,0.8530185222625732,0.7217651605606079,0.8136425018310547,0
1436,3020000011007-09-01,3020000016041-09-01,화장품 용기,포장용 통,http://plus.kipris.or.kr/openapi/fileToss.jsp?arg=75a63eed5a438998f9dc3380f5cb642cd56dcb0e0f0995b070abdd713d0b290aa6f312245d3a82ee6abff9afa2ecfcfd543735577b47824b,http://plus.kipris.or.kr/openapi/fileToss.jsp?arg=75a63eed5a438998f9dc3380f5cb642cd56dcb0e0f0995b0edd65ac4880d0f0c166bfa7c9e52a4a83b203a7f5192e6eba874fbec5d86818b,0.8150069117546082,0.7945074439048767,0.8088570833206177,0
1437,3020000000414-09-01,3020000031165-09-01,포장용 용기,화장품용기,http://plus.kipris.or.kr/openapi/fileToss.jsp?arg=75a63eed5a438998f9dc3380f5cb642cd56dcb0e0f0995b0cc72ed919b3423006edf72b06342e35d7d678bd865bf2d85bf49d153fa4e4dc4,http://plus.kipris.or.kr/openapi/fileToss.jsp?arg=75a63eed5a438998f9dc3380f5cb642cd56dcb0e0f0995b089d7a621b89857a2bda1ae1f5599e3178632bd153853d7a3816b8ae11223e800,0.6058005094528198,0.8817618489265442,0.6885889172554016,0
1438,3020000011989-09-01,3020000031842-09-01,드링크 병,포장용 병,http://plus.kipris.or.kr/openapi/fileToss.jsp?arg=75a63eed5a438998f9dc3380f5cb642cd56dcb0e0f0995b070abdd713d0b290a22025622b2f6a4c0026452b7351c2cfe8402d63adf43e6d7,http://plus.kipris.or.kr/openapi/fileToss.jsp?arg=75a63eed5a438998f9dc3380f5cb642cd56dcb0e0f0995b089d7a621b89857a23924c6b693bd0ccfdcc7562a1bfe4ba0bc27c1f3525ea46b,0.861154317855835,0.8258423805236816,0.85056072473526,0
1439,3020000022803-09-01,3020000030842-09-01,화장품 용기,화장품용기,http://plus.kipris.or.kr/openapi/fileToss.jsp?arg=75a63eed5a438998f9dc3380f5cb642cd56dcb0e0f0995b02e6ec20e9488ca6644c75fa6ac71ce2d8057436539fb08fc8b94dd46d0d25cde,http://plus.kipris.or.kr/openapi/fileToss.jsp?arg=75a63eed5a438998f9dc3380f5cb642cd56dcb0e0f0995b0b9420cad9c5990e0a4a05627aedca40c6c5b6bb702b107031395c7f906f99c66,0.7892445921897888,0.9329745769500732,0.8323636054992676,0
1440,3020000009575-09-01,3020000029148-09-01,샴푸용기,술병,http://plus.kipris.or.kr/openapi/fileToss.jsp?arg=75a63eed5a438998f9dc3380f5cb642cd56dcb0e0f0995b073590199e4f1dc169941cfebbab156c51236626acb6177d44f37c86e5c80b346,http://plus.kipris.or.kr/openapi/fileToss.jsp?arg=75a63eed5a438998f9dc3380f5cb642cd56dcb0e0f0995b011f68ef22f394dd2b1e8fa62f7dbf6eb93ae353ab0d4ab67e816f0c13fd7ce7e,0.8346920013427734,0.5761178135871887,0.7571197152137756,0
1441,3020000030698-09-01,3020000012834-09-01,음료용 병,향수병,http://plus.kipris.or.kr/openapi/fileToss.jsp?arg=75a63eed5a438998f9dc3380f5cb642cd56dcb0e0f0995b0b9420cad9c5990e0fedfec3ce9cb4a02f555a1df4c240a2e9b832ff34c639864,http://plus.kipris.or.kr/openapi/fileToss.jsp?arg=75a63eed5a438998f9dc3380f5cb642cd56dcb0e0f0995b08964a6c84ce8cbe136b914a53e58c31f8da15c97024331bb0e73553c8c2f826b,0.8049745559692383,0.8755803108215332,0.8261562585830688,0
1442,3020000015434-09-01,3020000002771-09-01,포장용 용기,포장용 음료용기,http://plus.kipris.or.kr/openapi/fileToss.jsp?arg=75a63eed5a438998f9dc3380f5cb642cd56dcb0e0f0995b07ba686bc001e12b74f814a4956a5cebb187f9a678f01cd57f4bb07453fcb66b5,http://plus.kipris.or.kr/openapi/fileToss.jsp?arg=75a63eed5a438998f9dc3380f5cb642cd56dcb0e0f0995b0680d52483fc7b07df0eaa0514f1b3e00d24794910bd1260b551cd01aceb6901c,0.8823707103729248,0.8961619138717651,0.8865081071853638,0
1443,3020000002380-09-01,3020000024957-09-01,화장품 용기,화장품용기,http://plus.kipris.or.kr/openapi/fileToss.jsp?arg=75a63eed5a438998f9dc3380f5cb642cd56dcb0e0f0995b0680d52483fc7b07d2f56793bce66975801e732f685319c567db101eaecd99304,http://plus.kipris.or.kr/openapi/fileToss.jsp?arg=75a63eed5a438998f9dc3380f5cb642cd56dcb0e0f0995b005b3db6b458aa73be2c5f00e2cd5aa81f6e7b0e86f7ef30858ceee50285aea4d,0.8666885495185852,0.9518463611602783,0.8922359347343445,0
1444,3020000030343-09-01,3020000015289-09-01,화장품 용기,화장품 용기,http://plus.kipris.or.kr/openapi/fileToss.jsp?arg=75a63eed5a438998f9dc3380f5cb642cd56dcb0e0f0995b0b9420cad9c5990e003a10973d6bdbbe30c9e2e3fef628cce073ab81ae273a20b,http://plus.kipris.or.kr/openapi/fileToss.jsp?arg=75a63eed5a438998f9dc3380f5cb642cd56dcb0e0f0995b07ba686bc001e12b75d136b4df6d33bb584d7d79f71a4cb7c176ca8c48513d9b3,0.7503581047058105,0.8876204490661621,0.791536808013916,0
1445,3020000016041-09-01,3020000014156-09-01,포장용 통,포장용 용기,http://plus.kipris.or.kr/openapi/fileToss.jsp?arg=75a63eed5a438998f9dc3380f5cb642cd56dcb0e0f0995b0edd65ac4880d0f0c166bfa7c9e52a4a83b203a7f5192e6eb6914135b2e868fb8,http://plus.kipris.or.kr/openapi/fileToss.jsp?arg=75a63eed5a438998f9dc3380f5cb642cd56dcb0e0f0995b0606f4df1f99f40811db3d332d4213ea5a0c3abbac09cc95ee0fa1817fb9cd0fb,0.7765428423881531,0.807502031326294,0.7858306169509888,0
1446,3020000015190-09-01,3020000008854-09-01,음료용기,화장품 용기,http://plus.kipris.or.kr/openapi/fileToss.jsp?arg=75a63eed5a438998f9dc3380f5cb642cd56dcb0e0f0995b07ba686bc001e12b7246632b98d0401193c3717f00aa558084284f4eee391a541,http://plus.kipris.or.kr/openapi/fileToss.jsp?arg=75a63eed5a438998f9dc3380f5cb642cd56dcb0e0f0995b06226a1b53136408c77446a31574122b0743535ab5bada7b3ea0d1a6c418c7840,0.7655588388442993,0.6614239811897278,0.7343183755874634,0
1447,3020000014156-09-01,3020000019084-09-01,포장용 용기,화장품 용기,http://plus.kipris.or.kr/openapi/fileToss.jsp?arg=75a63eed5a438998f9dc3380f5cb642cd56dcb0e0f0995b0606f4df1f99f40811db3d332d4213ea5a0c3abbac09cc95e4771f49ab19f3e4d,http://plus.kipris.or.kr/openapi/fileToss.jsp?arg=75a63eed5a438998f9dc3380f5cb642cd56dcb0e0f0995b0f63a2eefd11079d0da75e7bf06c36ac67a89fa829fb35a4c66a048ee424b19f0,0.8213926553726196,0.714547872543335,0.7893391847610474,0
1448,3020000010994-09-01,3020000006442-09-01,포장용 용기,화장품용기,http://plus.kipris.or.kr/openapi/fileToss.jsp?arg=75a63eed5a438998f9dc3380f5cb642cd56dcb0e0f0995b0ef3ea9b059e1242154c6c6b21c0868739071209d4ac9b29553706204c3c66cbe,http://plus.kipris.or.kr/openapi/fileToss.jsp?arg=75a63eed5a438998f9dc3380f5cb642cd56dcb0e0f0995b0187836737e94fb39d0891ba1d3de6d92b749723166fb510a8c220726dfb47347,0.7736485004425049,0.8540183305740356,0.7977594137191772,0
1449,3020000029756-09-01,3020000032583-09-01,포장용 병,화장품 용기,http://plus.kipris.or.kr/openapi/fileToss.jsp?arg=75a63eed5a438998f9dc3380f5cb642cd56dcb0e0f0995b011f68ef22f394dd22a0df6146d523614037efe9cecec5ea9efd605275d7bc3c7,http://plus.kipris.or.kr/openapi/fileToss.jsp?arg=75a63eed5a438998f9dc3380f5cb642cd56dcb0e0f0995b056fef538e42de114c938f9d32b974d9747ea4b93bd843ea7834b485d52077cdb,0.7218475341796875,0.8268113136291504,0.7533366680145264,0
1450,3020000030806-09-01,3020000029520-09-01,화장품 용기,화장품용기,http://plus.kipris.or.kr/openapi/fileToss.jsp?arg=75a63eed5a438998f9dc3380f5cb642cd56dcb0e0f0995b0b9420cad9c5990e07e891c91ed3c638d5dcbf45ab163ad9a4c0f397c074d34d1,http://plus.kipris.or.kr/openapi/fileToss.jsp?arg=75a63eed5a438998f9dc3380f5cb642cd56dcb0e0f0995b011f68ef22f394dd2174e1bc993429f5e33af49a418a5c6f50a1285ac9f403f45,0.8299261331558228,0.9358095526695251,0.8616911768913269,0
1451,3020000028831-09-01,3020000017373-09-01,화장품 용기,포장용간장용기,http://plus.kipris.or.kr/openapi/fileToss.jsp?arg=75a63eed5a438998f9dc3380f5cb642cd56dcb0e0f0995b0227542a1f24a73618fe1c7a5cc98859de0c23b94fa94bf3e1451a64c63281dc7,http://plus.kipris.or.kr/openapi/fileToss.jsp?arg=75a63eed5a438998f9dc3380f5cb642cd56dcb0e0f0995b0d8ee6709638b6fa1b9cc41fb9d879150833073c7f5088782699faaa3706ecd06,0.8589910268783569,0.7397201061248779,0.8232097029685974,0
1452,3020000028667-09-01,3020000014871-09-01,포장용 용기,라이터용 화구,http://plus.kipris.or.kr/openapi/fileToss.jsp?arg=75a63eed5a438998f9dc3380f5cb642cd56dcb0e0f0995b0227542a1f24a7361e3d4617c23baf4476907d466f34874c979e0118a3a0b97e0,http://plus.kipris.or.kr/openapi/fileToss.jsp?arg=75a63eed5a438998f9dc3380f5cb642cd56dcb0e0f0995b0606f4df1f99f408190d3ac87de98d42638b2912400d65d98755a62e0c3b6fae4,0.8530055284500122,0.5906401872634888,0.7742959260940552,0
1453,3020000012601-09-01,3020000018221-09-01,세제용 용기,포장용 용기,http://plus.kipris.or.kr/openapi/fileToss.jsp?arg=75a63eed5a438998f9dc3380f5cb642cd56dcb0e0f0995b08964a6c84ce8cbe168aabef1f58be13cce1ea850f9b201c5a805cce1e1fdcaef,http://plus.kipris.or.kr/openapi/fileToss.jsp?arg=75a63eed5a438998f9dc3380f5cb642cd56dcb0e0f0995b0deac54f8925f4c7d4987cce9cfe8722f2003dddbc81cfbea958a91c8fc688b25,0.7521517276763916,0.9084140062332153,0.7990304231643677,0
1454,3020000012601-09-01,3020000004249-09-01,세제용 용기,향수용기,http://plus.kipris.or.kr/openapi/fileToss.jsp?arg=75a63eed5a438998f9dc3380f5cb642cd56dcb0e0f0995b08964a6c84ce8cbe168aabef1f58be13cce1ea850f9b201c5fe28817d6e05a5d2,http://plus.kipris.or.kr/openapi/fileToss.jsp?arg=75a63eed5a438998f9dc3380f5cb642cd56dcb0e0f0995b03069a7817908f14fa773e0122ae173ab13156cf6a3dc80ad6e6c65799ca44067,0.859923243522644,0.8222664594650269,0.8486261963844299,0
1455,3020000030698-09-01,3020000002380-09-01,음료용 병,화장품 용기,http://plus.kipris.or.kr/openapi/fileToss.jsp?arg=75a63eed5a438998f9dc3380f5cb642cd56dcb0e0f0995b0b9420cad9c5990e0fedfec3ce9cb4a02f555a1df4c240a2edda0ae7be46c6676,http://plus.kipris.or.kr/openapi/fileToss.jsp?arg=75a63eed5a438998f9dc3380f5cb642cd56dcb0e0f0995b0680d52483fc7b07d2f56793bce66975801e732f685319c5647ccc5f1a9ce85c2,0.8509576320648193,0.7568198442459106,0.8227162957191467,0
1456,3020000001359-09-01,3020000032578-09-01,포장용병,화장품 용기,http://plus.kipris.or.kr/openapi/fileToss.jsp?arg=75a63eed5a438998f9dc3380f5cb642cd56dcb0e0f0995b0b700f0235c7824b0bee8638aea77cc447498725a26726401c0803bc3e80cc801,http://plus.kipris.or.kr/openapi/fileToss.jsp?arg=75a63eed5a438998f9dc3380f5cb642cd56dcb0e0f0995b056fef538e42de114a5789ee7e1d70e892127d09ddd1ea180540d6d56ef37378e,0.8853123784065247,0.7543637752532959,0.8460277915000916,0
1457,3020000015613-09-01,3020000030806-09-01,화장품 용기,화장품 용기,http://plus.kipris.or.kr/openapi/fileToss.jsp?arg=75a63eed5a438998f9dc3380f5cb642cd56dcb0e0f0995b07ba686bc001e12b776336c19178a59c1d50e5b6f173eb6c49d9a8ccc479795a2,http://plus.kipris.or.kr/openapi/fileToss.jsp?arg=75a63eed5a438998f9dc3380f5cb642cd56dcb0e0f0995b0b9420cad9c5990e07e891c91ed3c638d5dcbf45ab163ad9afb16b06dadef65ed,0.7842671871185303,0.9507825970649719,0.8342218399047852,0
1458,3020000024957-09-01,3020000010705-09-01,화장품용기,화장품용기,http://plus.kipris.or.kr/openapi/fileToss.jsp?arg=75a63eed5a438998f9dc3380f5cb642cd56dcb0e0f0995b005b3db6b458aa73be2c5f00e2cd5aa81f6e7b0e86f7ef308e5e9dcafdb37af7e,http://plus.kipris.or.kr/openapi/fileToss.jsp?arg=75a63eed5a438998f9dc3380f5cb642cd56dcb0e0f0995b0ef3ea9b059e12421eb4ff90610f382b9e11a7aad05f556e0b7888530200074d1,0.765816330909729,0.9360114336013794,0.8168748617172241,0
1459,3020000028259-09-01,3020000018268-09-01,화장품 용기,화장품 용기,http://plus.kipris.or.kr/openapi/fileToss.jsp?arg=75a63eed5a438998f9dc3380f5cb642cd56dcb0e0f0995b0227542a1f24a736184b9181791c18e4f8115a673a00f082da271c4738fe6e81b,http://plus.kipris.or.kr/openapi/fileToss.jsp?arg=75a63eed5a438998f9dc3380f5cb642cd56dcb0e0f0995b0deac54f8925f4c7dab2df396aedd8dba048d60148f3f5c108b107f839c8caa38,0.767281711101532,0.9320262670516968,0.8167051076889038,0
1460,3020000031842-09-01,3020000002327-09-01,포장용 병,화장품용 용기,http://plus.kipris.or.kr/openapi/fileToss.jsp?arg=75a63eed5a438998f9dc3380f5cb642cd56dcb0e0f0995b089d7a621b89857a23924c6b693bd0ccfdcc7562a1bfe4ba0ece70582c7db28fb,http://plus.kipris.or.kr/openapi/fileToss.jsp?arg=75a63eed5a438998f9dc3380f5cb642cd56dcb0e0f0995b0680d52483fc7b07d916a4a7b517f831f5a47b9ac00d31aa5f28e22cbabb680ad,0.9405328035354614,0.7945188283920288,0.8967285752296448,0
1461,3020000019759-09-01,3020000025817-09-01,화장품 포장용 병,대나무통 속 참소주,http://plus.kipris.or.kr/openapi/fileToss.jsp?arg=75a63eed5a438998f9dc3380f5cb642cd56dcb0e0f0995b0f63a2eefd11079d006f4cd70f75e4ac610bfc3abe14df3d37e60c0b567701e43,http://plus.kipris.or.kr/openapi/fileToss.jsp?arg=75a63eed5a438998f9dc3380f5cb642cd56dcb0e0f0995b07a28099d0ef98e179bc9ea7c548ba527949e26288637a0b65e3c73b76dd06e6f,0.546470582485199,0.6252260208129883,0.5700972080230713,0
1462,3020000031164-09-01,3020000024348-09-01,화장품용기,개인용 세제 용기,http://plus.kipris.or.kr/openapi/fileToss.jsp?arg=75a63eed5a438998f9dc3380f5cb642cd56dcb0e0f0995b089d7a621b89857a2bda1ae1f5599e3174f9890943a627800a661733e28bf76fe,http://plus.kipris.or.kr/openapi/fileToss.jsp?arg=75a63eed5a438998f9dc3380f5cb642cd56dcb0e0f0995b005b3db6b458aa73bb6f93c107a5863dda9dd3ddeee8bc03687a514553558b2f5,0.8701760172843933,0.7923054099082947,0.8468148708343506,0
1463,3020000030343-09-01,3020000033000-09-01,화장품 용기,술병,http://plus.kipris.or.kr/openapi/fileToss.jsp?arg=75a63eed5a438998f9dc3380f5cb642cd56dcb0e0f0995b0b9420cad9c5990e003a10973d6bdbbe30c9e2e3fef628cceada9977b9bdc8e70,http://plus.kipris.or.kr/openapi/fileToss.jsp?arg=75a63eed5a438998f9dc3380f5cb642cd56dcb0e0f0995b0f32787804da8b7ad0a83331d496f7b1207a70e4bb04e65899deb509afa6e16a8,0.7386540174484253,0.6054953932762146,0.6987063884735107,0
1464,3020000022365-09-01,3020000010608-09-01,화장품용기,향수용기,http://plus.kipris.or.kr/openapi/fileToss.jsp?arg=75a63eed5a438998f9dc3380f5cb642cd56dcb0e0f0995b02e6ec20e9488ca667220594ecf4822650c1479d6f12cd598d8f932cbda81ebea,http://plus.kipris.or.kr/openapi/fileToss.jsp?arg=75a63eed5a438998f9dc3380f5cb642cd56dcb0e0f0995b0ef3ea9b059e12421ac8898e2abf04f2abfe0c93f850ea72404b9de047cf89659,0.827256441116333,0.831901490688324,0.8286499977111816,0
1465,3020000023374-09-01,3020000017303-09-01,화장품 용기,포장용 용기,http://plus.kipris.or.kr/openapi/fileToss.jsp?arg=75a63eed5a438998f9dc3380f5cb642cd56dcb0e0f0995b09b1f6789fb97512449882dd38eee7b7064b74edfc76656645217283c6777b0d0,http://plus.kipris.or.kr/openapi/fileToss.jsp?arg=75a63eed5a438998f9dc3380f5cb642cd56dcb0e0f0995b0d8ee6709638b6fa147789b22cdad6984fdb60cdcfad1b371cbe942344a790613,0.8190726041793823,0.8291016817092896,0.8220813274383545,0
1466,3020000029020-09-01,3020000011029-09-01,화장품 용기,음료 포장용 병,http://plus.kipris.or.kr/openapi/fileToss.jsp?arg=75a63eed5a438998f9dc3380f5cb642cd56dcb0e0f0995b011f68ef22f394dd23d3e52e393d986e319bf88371b57d9b8c34cdf1d0b16d553,http://plus.kipris.or.kr/openapi/fileToss.jsp?arg=75a63eed5a438998f9dc3380f5cb642cd56dcb0e0f0995b070abdd713d0b290ada1a9beb49be1f147b571f7e3467ed9b68a243529fd96f7a,0.7128535509109497,0.8076237440109253,0.7412846088409424,0
1467,3020000013606-09-01,3020000006745-09-01,화장품 용기,화장품 용기,http://plus.kipris.or.kr/openapi/fileToss.jsp?arg=75a63eed5a438998f9dc3380f5cb642cd56dcb0e0f0995b0bdcfae06342df685b5160b34fe202fbfabfe2536a403a69d8a290d761b932af7,http://plus.kipris.or.kr/openapi/fileToss.jsp?arg=75a63eed5a438998f9dc3380f5cb642cd56dcb0e0f0995b0187836737e94fb396332e3fa732ce845f8c27c7491e8a67567b89f6edbfa8de7,0.8297259211540222,0.9520168304443359,0.8664132356643677,0
1468,3020000018764-09-01,3020000033314-09-01,음료병,포장용 용기,http://plus.kipris.or.kr/openapi/fileToss.jsp?arg=75a63eed5a438998f9dc3380f5cb642cd56dcb0e0f0995b0deac54f8925f4c7dff73e655a395ca11d4fee4764a23fb70b7edb66b850319a0,http://plus.kipris.or.kr/openapi/fileToss.jsp?arg=75a63eed5a438998f9dc3380f5cb642cd56dcb0e0f0995b0f32787804da8b7ad8e33740856216fb39dc532a3e2d090b29339f1855feb292d,0.8365634083747864,0.6542752981185913,0.7818769216537476,0
1469,3020000015281-09-01,3020000014720-09-01,화장품 용기,음료수 병,http://plus.kipris.or.kr/openapi/fileToss.jsp?arg=75a63eed5a438998f9dc3380f5cb642cd56dcb0e0f0995b07ba686bc001e12b75d136b4df6d33bb5ee7af5f7920fa4cd5d66370afe810252,http://plus.kipris.or.kr/openapi/fileToss.jsp?arg=75a63eed5a438998f9dc3380f5cb642cd56dcb0e0f0995b0606f4df1f99f408147acd64ca7a100af79f950bb027a98d8f60053b8848c2762,0.7488852739334106,0.8174401521682739,0.7694517374038696,0
1470,3020000016422-09-01,3020000002771-09-01,화장품 용기,포장용 음료용기,http://plus.kipris.or.kr/openapi/fileToss.jsp?arg=75a63eed5a438998f9dc3380f5cb642cd56dcb0e0f0995b0edd65ac4880d0f0cde88f35c1b19cc9c7da73aaad57b41ba71142aa68294f98d,http://plus.kipris.or.kr/openapi/fileToss.jsp?arg=75a63eed5a438998f9dc3380f5cb642cd56dcb0e0f0995b0680d52483fc7b07df0eaa0514f1b3e00d24794910bd1260b3ea0478d57af9d4a,0.6408918499946594,0.7775328159332275,0.6818841695785522,0
1471,3020000031742-09-01,3020000012912-09-01,포장용 가스용기,포장용 용기,http://plus.kipris.or.kr/openapi/fileToss.jsp?arg=75a63eed5a438998f9dc3380f5cb642cd56dcb0e0f0995b089d7a621b89857a2487dbffde70e585a9b162c2a17b0815d2c0f93923ba324b1,http://plus.kipris.or.kr/openapi/fileToss.jsp?arg=75a63eed5a438998f9dc3380f5cb642cd56dcb0e0f0995b08964a6c84ce8cbe13965058d78ed76d452689b01fcf4a54389f8ec94e138483f,0.7365322709083557,0.8030077219009399,0.7564749121665955,0
1472,3020000033574-09-01,3020000005311-09-01,향수용기,화장품 용기,http://plus.kipris.or.kr/openapi/fileToss.jsp?arg=75a63eed5a438998f9dc3380f5cb642cd56dcb0e0f0995b0f32787804da8b7add5c4bca3f493f084fbe15d523da3e9db42a455323ddca5a5,http://plus.kipris.or.kr/openapi/fileToss.jsp?arg=75a63eed5a438998f9dc3380f5cb642cd56dcb0e0f0995b08fe3e6d10b56cc3d6a7058d9a96cab40de9720b4b9585ebb9e2aee88bb09b20f,0.8785367012023926,0.7932940125465393,0.852963924407959,0
1473,3020000023870-09-01,3020000029979-09-01,향수용기,포장용 병,http://plus.kipris.or.kr/openapi/fileToss.jsp?arg=75a63eed5a438998f9dc3380f5cb642cd56dcb0e0f0995b09b1f6789fb9751245383ec1ea175fde38980f608958d08b206c269dac65a8a2e,http://plus.kipris.or.kr/openapi/fileToss.jsp?arg=75a63eed5a438998f9dc3380f5cb642cd56dcb0e0f0995b011f68ef22f394dd2aac602e829ef0eb5fcbe91527496863f29d67d7c84548ec6,0.7561796307563782,0.8366907238960266,0.7803329229354858,0
1474,3020000000847-09-01,3020000006096-09-01,포장용 병,샴푸용기,http://plus.kipris.or.kr/openapi/fileToss.jsp?arg=75a63eed5a438998f9dc3380f5cb642cd56dcb0e0f0995b0cc72ed919b342300e99b2acfcc6c677b67dc73b104714909a7d00073324062d7,http://plus.kipris.or.kr/openapi/fileToss.jsp?arg=75a63eed5a438998f9dc3380f5cb642cd56dcb0e0f0995b0187836737e94fb39b9d0139a39d2cc3968c91619229d47d627feeacb73b2e448,0.7644497156143188,0.635887861251831,0.7258810997009277,0
1475,3020000031166-09-01,3020000029872-09-01,화장품용기,화장품용기,http://plus.kipris.or.kr/openapi/fileToss.jsp?arg=75a63eed5a438998f9dc3380f5cb642cd56dcb0e0f0995b089d7a621b89857a2bda1ae1f5599e317e2f2391fc916ba6878575788036e3ad7,http://plus.kipris.or.kr/openapi/fileToss.jsp?arg=75a63eed5a438998f9dc3380f5cb642cd56dcb0e0f0995b011f68ef22f394dd26a964075748e6c189291de851176d71c89cd4582ddc13bc0,0.7841224670410156,0.9178551435470581,0.8242422342300415,0
1476,3020000029756-09-01,3020000029148-09-01,포장용 병,술병,http://plus.kipris.or.kr/openapi/fileToss.jsp?arg=75a63eed5a438998f9dc3380f5cb642cd56dcb0e0f0995b011f68ef22f394dd22a0df6146d523614037efe9cecec5ea921ea9e1d2f9e0913,http://plus.kipris.or.kr/openapi/fileToss.jsp?arg=75a63eed5a438998f9dc3380f5cb642cd56dcb0e0f0995b011f68ef22f394dd2b1e8fa62f7dbf6eb93ae353ab0d4ab67e01a5b3515d9bc25,0.7555488348007202,0.7915372848510742,0.7663453817367554,0
1477,3020000028257-09-01,3020000014721-09-01,화장품 용기,음료수병,http://plus.kipris.or.kr/openapi/fileToss.jsp?arg=75a63eed5a438998f9dc3380f5cb642cd56dcb0e0f0995b0227542a1f24a736184b9181791c18e4f1c092183231ba9c3d9cd11b2ec58c422,http://plus.kipris.or.kr/openapi/fileToss.jsp?arg=75a63eed5a438998f9dc3380f5cb642cd56dcb0e0f0995b0606f4df1f99f408147acd64ca7a100afd02dddd10af2d0c3987148e018c965e1,0.6926430463790894,0.7734817862510681,0.7168946862220764,0
1478,3020000015443-09-01,3020000017302-09-01,음료용 캔용기,포장용 용기,http://plus.kipris.or.kr/openapi/fileToss.jsp?arg=75a63eed5a438998f9dc3380f5cb642cd56dcb0e0f0995b07ba686bc001e12b77655048972b3dba9926fb1f6a70677cc50eefcf57d988b29,http://plus.kipris.or.kr/openapi/fileToss.jsp?arg=75a63eed5a438998f9dc3380f5cb642cd56dcb0e0f0995b0d8ee6709638b6fa147789b22cdad6984c70901213bff2718c90be7a2565ddf8e,0.6900612115859985,0.7234897613525391,0.7000897526741028,0
1479,3020000031166-09-01,3020000005118-09-01,화장품용기,에어로졸 용기,http://plus.kipris.or.kr/openapi/fileToss.jsp?arg=75a63eed5a438998f9dc3380f5cb642cd56dcb0e0f0995b089d7a621b89857a2bda1ae1f5599e317e2f2391fc916ba6878575788036e3ad7,http://plus.kipris.or.kr/openapi/fileToss.jsp?arg=75a63eed5a438998f9dc3380f5cb642cd56dcb0e0f0995b08fe3e6d10b56cc3d6fdd0a060b490f45a9cef516e81b9996e2638910046b2bfe,0.8953467011451721,0.7529278993606567,0.8526210188865662,0
1480,3020000033313-09-01,3020000029872-09-01,포장용 용기,화장품용기,http://plus.kipris.or.kr/openapi/fileToss.jsp?arg=75a63eed5a438998f9dc3380f5cb642cd56dcb0e0f0995b0f32787804da8b7ad8e33740856216fb3c0172fd44f657127e5e0ad215e66ebc7,http://plus.kipris.or.kr/openapi/fileToss.jsp?arg=75a63eed5a438998f9dc3380f5cb642cd56dcb0e0f0995b011f68ef22f394dd26a964075748e6c189291de851176d71cdd6d4aaa84b6c7e6,0.8389889001846313,0.880966305732727,0.8515821099281311,0
1481,3020000015613-09-01,3020000016998-09-01,화장품 용기,포장용 용기,http://plus.kipris.or.kr/openapi/fileToss.jsp?arg=75a63eed5a438998f9dc3380f5cb642cd56dcb0e0f0995b07ba686bc001e12b776336c19178a59c1d50e5b6f173eb6c4eea05a24c40a3a45,http://plus.kipris.or.kr/openapi/fileToss.jsp?arg=75a63eed5a438998f9dc3380f5cb642cd56dcb0e0f0995b0edd65ac4880d0f0cc2c085a4246e7b663e595944c7ecaccf925ac9bca843da29,0.8375409245491028,0.8438462615013123,0.8394324779510498,0
1482,3020000011905-09-01,3020000007043-09-01,포장용 용기,포장용기,http://plus.kipris.or.kr/openapi/fileToss.jsp?arg=75a63eed5a438998f9dc3380f5cb642cd56dcb0e0f0995b070abdd713d0b290a0b1bd5557f830a49d15bb8fcee375a0edd8db36889a77038,http://plus.kipris.or.kr/openapi/fileToss.jsp?arg=75a63eed5a438998f9dc3380f5cb642cd56dcb0e0f0995b0fdcd45318d7ff23c26d838b2a3bc7b054db3382f2acfb6b2437b0396e6fe9cf6,0.8513758182525635,0.8836996555328369,0.8610729575157166,0
1483,3020000002023-09-01,3020000021814-09-01,포장용용기,화장품 용기,http://plus.kipris.or.kr/openapi/fileToss.jsp?arg=75a63eed5a438998f9dc3380f5cb642cd56dcb0e0f0995b0680d52483fc7b07dce8cf928834fb57d19980545f54a86477d516e15a9dc9c6a,http://plus.kipris.or.kr/openapi/fileToss.jsp?arg=75a63eed5a438998f9dc3380f5cb642cd56dcb0e0f0995b006449c7f1c85a4a7187d3aa3a76c31b36db896118971bd3f42504372af626fd9,0.7694056630134583,0.827948808670044,0.7869685888290405,0
1484,3020000023373-09-01,3020000000847-09-01,화장품 용기,포장용 병,http://plus.kipris.or.kr/openapi/fileToss.jsp?arg=75a63eed5a438998f9dc3380f5cb642cd56dcb0e0f0995b09b1f6789fb97512449882dd38eee7b700fbaaba2608f9b0c7fd2ca5f4a037e42,http://plus.kipris.or.kr/openapi/fileToss.jsp?arg=75a63eed5a438998f9dc3380f5cb642cd56dcb0e0f0995b0cc72ed919b342300e99b2acfcc6c677b67dc73b104714909ac33e84854ecc7a2,0.7409061193466187,0.7666527032852173,0.7486300468444824,0
1485,3020000018091-09-01,3020000021952-09-01,액체 내용물 포장용 용기,포장용기,http://plus.kipris.or.kr/openapi/fileToss.jsp?arg=75a63eed5a438998f9dc3380f5cb642cd56dcb0e0f0995b0deac54f8925f4c7db087096564c2a872bf69aa715bc78a4bb5fd89111750af7a,http://plus.kipris.or.kr/openapi/fileToss.jsp?arg=75a63eed5a438998f9dc3380f5cb642cd56dcb0e0f0995b006449c7f1c85a4a78b7c1a7242ae14e9e8b76585bb2195b205b46ba8f5fe8116,0.7392655611038208,0.8479024171829224,0.7718566060066223,0
1486,3020000023190-09-01,3020000031825-09-01,포장용 통,포장용 통,http://plus.kipris.or.kr/openapi/fileToss.jsp?arg=75a63eed5a438998f9dc3380f5cb642cd56dcb0e0f0995b09b1f6789fb975124959c8fec340e8be8b38df9a068b350e008e333740850df13,http://plus.kipris.or.kr/openapi/fileToss.jsp?arg=75a63eed5a438998f9dc3380f5cb642cd56dcb0e0f0995b089d7a621b89857a260d6d19455edef4751e7dff37af5264c901742dcfaa5a2e7,0.819575309753418,0.9580220580101013,0.8611093163490295,0
1487,3020000032582-09-01,3020000023255-09-01,화장품 용기,식품용용기,http://plus.kipris.or.kr/openapi/fileToss.jsp?arg=75a63eed5a438998f9dc3380f5cb642cd56dcb0e0f0995b056fef538e42de114c938f9d32b974d9772fb62244519d1b8e4bb1cab8c85e392,http://plus.kipris.or.kr/openapi/fileToss.jsp?arg=75a63eed5a438998f9dc3380f5cb642cd56dcb0e0f0995b09b1f6789fb975124ddde99bf437cdce8167068b4ae391de3a37498211940a5d2,0.7393078207969666,0.8158161640167236,0.7622603178024292,0
1488,3020000029877-09-01,3020000019098-09-01,화장품용기,향수용기,http://plus.kipris.or.kr/openapi/fileToss.jsp?arg=75a63eed5a438998f9dc3380f5cb642cd56dcb0e0f0995b011f68ef22f394dd26a964075748e6c188d7c175d4f7b56690260aadc614f835f,http://plus.kipris.or.kr/openapi/fileToss.jsp?arg=75a63eed5a438998f9dc3380f5cb642cd56dcb0e0f0995b0f63a2eefd11079d08493f71a2050ee4298f127c1f171f9c0f220f1c0a3d1645d,0.8315536975860596,0.8002427816390991,0.8221604228019714,0
1489,3020000028283-09-01,3020000025395-09-01,포장용 용기,화장품 용기,http://plus.kipris.or.kr/openapi/fileToss.jsp?arg=75a63eed5a438998f9dc3380f5cb642cd56dcb0e0f0995b0227542a1f24a7361c5f2b82111502f215f83c11efd778e7bbce7a3fb97a9ab7d,http://plus.kipris.or.kr/openapi/fileToss.jsp?arg=75a63eed5a438998f9dc3380f5cb642cd56dcb0e0f0995b07a28099d0ef98e17b4fee342a5c9b755709bd2c213784ebf8edaeb8bcfcd62f5,0.8613283634185791,0.8391430974006653,0.8546727895736694,0
1490,3020000012834-09-01,3020000026844-09-01,향수병,화장품 용기,http://plus.kipris.or.kr/openapi/fileToss.jsp?arg=75a63eed5a438998f9dc3380f5cb642cd56dcb0e0f0995b08964a6c84ce8cbe136b914a53e58c31f8da15c97024331bb0e73553c8c2f826b,http://plus.kipris.or.kr/openapi/fileToss.jsp?arg=75a63eed5a438998f9dc3380f5cb642cd56dcb0e0f0995b035c516d305aed14571243152256c21dad8a464247adf2be48adf236ce1e1434e,0.8479151129722595,0.7518886923789978,0.819107174873352,0
1491,3020000019482-09-01,3020000023255-09-01,포장용 용기,식품용용기,http://plus.kipris.or.kr/openapi/fileToss.jsp?arg=75a63eed5a438998f9dc3380f5cb642cd56dcb0e0f0995b0f63a2eefd11079d0ccfa5665d6ade3222a6a99be7a6af29704de356ef98aa26b,http://plus.kipris.or.kr/openapi/fileToss.jsp?arg=75a63eed5a438998f9dc3380f5cb642cd56dcb0e0f0995b09b1f6789fb975124ddde99bf437cdce8167068b4ae391de328aeb8721da6ab53,0.9383923411369324,0.8990845084190369,0.9265999794006348,0
1492,3020000022200-09-01,3020000024008-09-01,포장용 용기,포장용 용기,http://plus.kipris.or.kr/openapi/fileToss.jsp?arg=75a63eed5a438998f9dc3380f5cb642cd56dcb0e0f0995b02e6ec20e9488ca66a70689f8ed0b359ec2645961d3c02388c18f92304a5069cb,http://plus.kipris.or.kr/openapi/fileToss.jsp?arg=75a63eed5a438998f9dc3380f5cb642cd56dcb0e0f0995b005b3db6b458aa73b151a4a7d8a9837b37ab1ca3487f1f0677ed181a712366528,0.8572143912315369,0.9996675252914429,0.899950385093689,0
1493,3020000027513-09-01,3020000021829-09-01,샴푸 용기,화장품 용기,http://plus.kipris.or.kr/openapi/fileToss.jsp?arg=75a63eed5a438998f9dc3380f5cb642cd56dcb0e0f0995b01b6467bd697fe99c5b52ca7a735e0f06789d15109049a90d86b0893ee9bed646,http://plus.kipris.or.kr/openapi/fileToss.jsp?arg=75a63eed5a438998f9dc3380f5cb642cd56dcb0e0f0995b006449c7f1c85a4a7b1e65d46d0f161f0338df3c924e966180cd5c3704c306e7f,0.6801019310951233,0.811360239982605,0.7194794416427612,0
1494,3020000024907-09-01,3020000007445-09-01,술병,샴푸용기,http://plus.kipris.or.kr/openapi/fileToss.jsp?arg=75a63eed5a438998f9dc3380f5cb642cd56dcb0e0f0995b005b3db6b458aa73bce8ad76632d9cf52708afa12d525eff676b3294c08c31c75,http://plus.kipris.or.kr/openapi/fileToss.jsp?arg=75a63eed5a438998f9dc3380f5cb642cd56dcb0e0f0995b0fdcd45318d7ff23c308bbaa2658dde0908ce1448e4d7f44eff1edb7debcad47b,0.7296442985534668,0.6523109078407288,0.706444263458252,0
1495,3020000011312-09-01,3020000002024-09-01,술병,포장용용기,http://plus.kipris.or.kr/openapi/fileToss.jsp?arg=75a63eed5a438998f9dc3380f5cb642cd56dcb0e0f0995b070abdd713d0b290a5ffe1b8eef7e114d8d90f591f2f6baf89aa60ba3998c33bf,http://plus.kipris.or.kr/openapi/fileToss.jsp?arg=75a63eed5a438998f9dc3380f5cb642cd56dcb0e0f0995b0680d52483fc7b07dce8cf928834fb57ddd96de37e6cf724f1b755ca5e47b8305,0.7690174579620361,0.7605729699134827,0.7664840817451477,0
1496,3020000028555-09-01,3020000026567-09-01,향수병{PERFUME BOTTLE},화장품 용기,http://plus.kipris.or.kr/openapi/fileToss.jsp?arg=75a63eed5a438998f9dc3380f5cb642cd56dcb0e0f0995b0227542a1f24a73610c8bbe2556fb255ef8db2587fe0aeba644a3cc8efd9cb807,http://plus.kipris.or.kr/openapi/fileToss.jsp?arg=75a63eed5a438998f9dc3380f5cb642cd56dcb0e0f0995b035c516d305aed145c7f1101716b813f88495dcf894aa370306c3f73f1833251e,0.7336573004722595,0.795583188533783,0.7522350549697876,0
1497,3020000022105-09-01,3020000015285-09-01,포장용 용기,화장품 용기,http://plus.kipris.or.kr/openapi/fileToss.jsp?arg=75a63eed5a438998f9dc3380f5cb642cd56dcb0e0f0995b02e6ec20e9488ca666f5fe34b46e8fbf6bc377969b361653058f7ec6c072c68d8,http://plus.kipris.or.kr/openapi/fileToss.jsp?arg=75a63eed5a438998f9dc3380f5cb642cd56dcb0e0f0995b07ba686bc001e12b75d136b4df6d33bb5ac403f7f7879e011d8643886844bb51b,0.7183389663696289,0.8742849826812744,0.7651227712631226,0
1498,3020000024464-09-01,3020000023190-09-01,포장용 용기,포장용 통,http://plus.kipris.or.kr/openapi/fileToss.jsp?arg=75a63eed5a438998f9dc3380f5cb642cd56dcb0e0f0995b005b3db6b458aa73be969790f4b87eaa52b93d5c5d55b60d3371ccd6e1f3ecff0,http://plus.kipris.or.kr/openapi/fileToss.jsp?arg=75a63eed5a438998f9dc3380f5cb642cd56dcb0e0f0995b09b1f6789fb975124959c8fec340e8be8b38df9a068b350e0879a4d1bfd30f2e0,0.777045726776123,0.9438403844833374,0.8270841836929321,0
1499,3020000004095-09-01,3020000027377-09-01,화장품용기,향 수 병,http://plus.kipris.or.kr/openapi/fileToss.jsp?arg=75a63eed5a438998f9dc3380f5cb642cd56dcb0e0f0995b03069a7817908f14f4572c71c40a02c1b29a3e9914aba67c680bc8f5c81244470,http://plus.kipris.or.kr/openapi/fileToss.jsp?arg=75a63eed5a438998f9dc3380f5cb642cd56dcb0e0f0995b01b6467bd697fe99c825062ac0a4e0cbbf37c817a70113aa45b84a61339af4260,0.6529791355133057,0.7457573413848877,0.6808125972747803,0
1500,3020000016422-09-01,3020000030347-09-01,화장품 용기,포장용 용기,http://plus.kipris.or.kr/openapi/fileToss.jsp?arg=75a63eed5a438998f9dc3380f5cb642cd56dcb0e0f0995b0edd65ac4880d0f0cde88f35c1b19cc9c7da73aaad57b41ba24d5cfeb610dc905,http://plus.kipris.or.kr/openapi/fileToss.jsp?arg=75a63eed5a438998f9dc3380f5cb642cd56dcb0e0f0995b0b9420cad9c5990e003a10973d6bdbbe33d0e3feb2ecc5d148df1b8ba34729f1d,0.6648310422897339,0.7943605184555054,0.7036898732185364,0
1501,3020000007016-09-01,3020000028555-09-01,화장품 용기,향수병{PERFUME BOTTLE},http://plus.kipris.or.kr/openapi/fileToss.jsp?arg=75a63eed5a438998f9dc3380f5cb642cd56dcb0e0f0995b0fdcd45318d7ff23c36f1af0f6d6ef803f906a7022218d5ff4270954edbd299fd,http://plus.kipris.or.kr/openapi/fileToss.jsp?arg=75a63eed5a438998f9dc3380f5cb642cd56dcb0e0f0995b0227542a1f24a73610c8bbe2556fb255ef8db2587fe0aeba6dfce758e6e0e687d,0.9324957132339478,0.7870492339134216,0.8888617753982544,0
1502,3020000022024-09-01,3020000029756-09-01,포장용 병,포장용 병,http://plus.kipris.or.kr/openapi/fileToss.jsp?arg=75a63eed5a438998f9dc3380f5cb642cd56dcb0e0f0995b02e6ec20e9488ca66d73e29b516cdfdcc93fa2432a931a6728c42484f3011539d,http://plus.kipris.or.kr/openapi/fileToss.jsp?arg=75a63eed5a438998f9dc3380f5cb642cd56dcb0e0f0995b011f68ef22f394dd22a0df6146d523614037efe9cecec5ea92c880d38daf4ce62,0.7108246088027954,0.8554897308349609,0.7542241811752319,0
1503,3020000029794-09-01,3020000017722-09-01,회전식 지압기가 부설된 약병,포장용 통,http://plus.kipris.or.kr/openapi/fileToss.jsp?arg=75a63eed5a438998f9dc3380f5cb642cd56dcb0e0f0995b011f68ef22f394dd2b168e780477751b51e99ed8a78b3e519bc33b0bc8e8be6b1,http://plus.kipris.or.kr/openapi/fileToss.jsp?arg=75a63eed5a438998f9dc3380f5cb642cd56dcb0e0f0995b0d8ee6709638b6fa1f4bde39beae5710fcd253a9a4823a8c08fd5e052f1116a0b,0.8007204532623291,0.7350661754608154,0.781024158000946,0
1504,3020000005939-09-01,3020000014928-09-01,향수용기,음료용기,http://plus.kipris.or.kr/openapi/fileToss.jsp?arg=75a63eed5a438998f9dc3380f5cb642cd56dcb0e0f0995b08fe3e6d10b56cc3d1138f71ea34dabcd61d8b10b27079cb4bb41cc829d14e7a8,http://plus.kipris.or.kr/openapi/fileToss.jsp?arg=75a63eed5a438998f9dc3380f5cb642cd56dcb0e0f0995b0606f4df1f99f408187506cb30276f5d07245a750976a37929ebdf3e32df82961,0.8365541696548462,0.5359503030776978,0.7463729977607727,0
1505,3020000019759-09-01,3020000016430-09-01,화장품 포장용 병,포장용기,http://plus.kipris.or.kr/openapi/fileToss.jsp?arg=75a63eed5a438998f9dc3380f5cb642cd56dcb0e0f0995b0f63a2eefd11079d006f4cd70f75e4ac610bfc3abe14df3d37e60c0b567701e43,http://plus.kipris.or.kr/openapi/fileToss.jsp?arg=75a63eed5a438998f9dc3380f5cb642cd56dcb0e0f0995b0edd65ac4880d0f0c232cb6b80bc0e8a33808bf7b0bacd52f7bfaa2bd14f4159f,0.6236259937286377,0.778713047504425,0.6701521277427673,0
1506,3020000016040-09-01,3020000022161-09-01,식품용기,화장품용기,http://plus.kipris.or.kr/openapi/fileToss.jsp?arg=75a63eed5a438998f9dc3380f5cb642cd56dcb0e0f0995b0edd65ac4880d0f0c166bfa7c9e52a4a85fd8162f538fc810a5ca2b26429026bc,http://plus.kipris.or.kr/openapi/fileToss.jsp?arg=75a63eed5a438998f9dc3380f5cb642cd56dcb0e0f0995b02e6ec20e9488ca6619e7d183ad07870d0e1f720ac109996a5bde7c4245eae0ee,0.590995728969574,0.8028897047042847,0.6545639038085938,0
1507,3020000024538-09-01,3020000017501-09-01,세제용기,포장용 용기,http://plus.kipris.or.kr/openapi/fileToss.jsp?arg=75a63eed5a438998f9dc3380f5cb642cd56dcb0e0f0995b005b3db6b458aa73bad765829c40530d0cdae46fabefe5640c350c501f18ae205,http://plus.kipris.or.kr/openapi/fileToss.jsp?arg=75a63eed5a438998f9dc3380f5cb642cd56dcb0e0f0995b0d8ee6709638b6fa11020c731eccb4d07fe370b67cf601769c9d90e7beb989bb4,0.7255792021751404,0.8307363986968994,0.7571263313293457,0
1508,3020000006727-09-01,3020000033580-09-01,세제용 포장용기,화장품 용기,http://plus.kipris.or.kr/openapi/fileToss.jsp?arg=75a63eed5a438998f9dc3380f5cb642cd56dcb0e0f0995b0187836737e94fb3936dc5400ed0040d0d21887e1a0ec8680293cec3eaa7b6b22,http://plus.kipris.or.kr/openapi/fileToss.jsp?arg=75a63eed5a438998f9dc3380f5cb642cd56dcb0e0f0995b0f32787804da8b7ad0513baa27761822424c67937ca6f7b5b71b8dcddec9899e1,0.8365892171859741,0.7878229022026062,0.8219593167304993,0
1509,3020000029616-09-01,3020000012111-09-01,스프레이어(SPRAYER),드링크 병,http://plus.kipris.or.kr/openapi/fileToss.jsp?arg=75a63eed5a438998f9dc3380f5cb642cd56dcb0e0f0995b011f68ef22f394dd21b3c346cdf3ea013cebac424477325606ce441f07d03d1c0,http://plus.kipris.or.kr/openapi/fileToss.jsp?arg=75a63eed5a438998f9dc3380f5cb642cd56dcb0e0f0995b08964a6c84ce8cbe1c4d769ac6125c6604cb8fb2387c071ba59eab512cfd6dbaf,0.839007556438446,0.6078441143035889,0.7696585655212402,0
1510,3020000029518-09-01,3020000031696-09-01,화장품용기,화장품 용기,http://plus.kipris.or.kr/openapi/fileToss.jsp?arg=75a63eed5a438998f9dc3380f5cb642cd56dcb0e0f0995b011f68ef22f394dd24829751c8f656ff9534b5bcab2c36d40fc1a69d9e088676c,http://plus.kipris.or.kr/openapi/fileToss.jsp?arg=75a63eed5a438998f9dc3380f5cb642cd56dcb0e0f0995b089d7a621b89857a2fe66ea06c9f515a9004527b3808598c0c430719f3b789579,0.7875282168388367,0.9146689176559448,0.8256704807281494,0
1511,3020000022200-09-01,3020000023185-09-01,포장용 용기,포장용병,http://plus.kipris.or.kr/openapi/fileToss.jsp?arg=75a63eed5a438998f9dc3380f5cb642cd56dcb0e0f0995b02e6ec20e9488ca66a70689f8ed0b359ec2645961d3c02388bafa88e246bb952c,http://plus.kipris.or.kr/openapi/fileToss.jsp?arg=75a63eed5a438998f9dc3380f5cb642cd56dcb0e0f0995b09b1f6789fb9751242533b64b5fbcb82720ee481b66fa89184e00a29476e0412c,0.686421275138855,0.8333818316459656,0.7305094599723816,0
1512,3020000018872-09-01,3020000019759-09-01,화장품 용기,화장품 포장용 병,http://plus.kipris.or.kr/openapi/fileToss.jsp?arg=75a63eed5a438998f9dc3380f5cb642cd56dcb0e0f0995b0deac54f8925f4c7d01c27b3b9348c7972ae570bc5f1beadccc632a2f2f272ea6,http://plus.kipris.or.kr/openapi/fileToss.jsp?arg=75a63eed5a438998f9dc3380f5cb642cd56dcb0e0f0995b0f63a2eefd11079d006f4cd70f75e4ac610bfc3abe14df3d33098bc5cb1f0d585,0.7492766976356506,0.907798707485199,0.7968332767486572,0
1513,3020000002083-09-01,3020000018090-09-01,남성용 화장품 용기,액체 내용물 포장용 용기,http://plus.kipris.or.kr/openapi/fileToss.jsp?arg=75a63eed5a438998f9dc3380f5cb642cd56dcb0e0f0995b0680d52483fc7b07d3621f255e5f93b21b9855e12cd06cab9760079847a126a67,http://plus.kipris.or.kr/openapi/fileToss.jsp?arg=75a63eed5a438998f9dc3380f5cb642cd56dcb0e0f0995b0deac54f8925f4c7db087096564c2a8728b4ce193a9a0b92980ae394eab945535,0.8887649178504944,0.8071765899658203,0.8642884492874146,0
1514,3020000025182-09-01,3020000009398-09-01,화장품 용기,화장품 용기,http://plus.kipris.or.kr/openapi/fileToss.jsp?arg=75a63eed5a438998f9dc3380f5cb642cd56dcb0e0f0995b07a28099d0ef98e17b231862f9c4558f7c6d4adbe3a495f9de209f03cef888f60,http://plus.kipris.or.kr/openapi/fileToss.jsp?arg=75a63eed5a438998f9dc3380f5cb642cd56dcb0e0f0995b073590199e4f1dc1639c043446a843f3453d8537be613b7343473a5b3f07a7e56,0.7836333513259888,0.9121939539909363,0.8222014904022217,0
1515,3020000029019-09-01,3020000016041-09-01,화장품 용기,포장용 통,http://plus.kipris.or.kr/openapi/fileToss.jsp?arg=75a63eed5a438998f9dc3380f5cb642cd56dcb0e0f0995b011f68ef22f394dd2390c13707ca28de788875746926698e5130eae92fa6dca26,http://plus.kipris.or.kr/openapi/fileToss.jsp?arg=75a63eed5a438998f9dc3380f5cb642cd56dcb0e0f0995b0edd65ac4880d0f0c166bfa7c9e52a4a83b203a7f5192e6eb6914135b2e868fb8,0.7502341270446777,0.82485032081604,0.7726190090179443,0
1516,3020000028257-09-01,3020000003008-09-01,화장품 용기,포장용 용기,http://plus.kipris.or.kr/openapi/fileToss.jsp?arg=75a63eed5a438998f9dc3380f5cb642cd56dcb0e0f0995b0227542a1f24a736184b9181791c18e4f1c092183231ba9c374ad78db644372f2,http://plus.kipris.or.kr/openapi/fileToss.jsp?arg=75a63eed5a438998f9dc3380f5cb642cd56dcb0e0f0995b00b66daf06c8a830629ab74559564aad1045d3af6b0bf2d752e3c382db602f42d,0.833995521068573,0.7714977264404297,0.8152461647987366,0
1517,3020000011312-09-01,3020000030881-09-01,술병,화장품 용기,http://plus.kipris.or.kr/openapi/fileToss.jsp?arg=75a63eed5a438998f9dc3380f5cb642cd56dcb0e0f0995b070abdd713d0b290a5ffe1b8eef7e114d8d90f591f2f6baf89aa60ba3998c33bf,http://plus.kipris.or.kr/openapi/fileToss.jsp?arg=75a63eed5a438998f9dc3380f5cb642cd56dcb0e0f0995b0b9420cad9c5990e04c31abfa39740297661cfe583bee5c312dabb185aba4af80,0.7150043845176697,0.7995542287826538,0.7403693199157715,0
1518,3020000017722-09-01,3020000022812-09-01,포장용 통,포장용 병,http://plus.kipris.or.kr/openapi/fileToss.jsp?arg=75a63eed5a438998f9dc3380f5cb642cd56dcb0e0f0995b0d8ee6709638b6fa1f4bde39beae5710fcd253a9a4823a8c0efd86e91c43fb3c0,http://plus.kipris.or.kr/openapi/fileToss.jsp?arg=75a63eed5a438998f9dc3380f5cb642cd56dcb0e0f0995b02e6ec20e9488ca663ad59844fd3ba6d2d1f8ed2d2803d4e46250911ecc16c947,0.8253098726272583,0.8234239220619202,0.8247441053390503,0
1519,3020000028261-09-01,3020000015506-09-01,화장품 용기,화장품 용기,http://plus.kipris.or.kr/openapi/fileToss.jsp?arg=75a63eed5a438998f9dc3380f5cb642cd56dcb0e0f0995b0227542a1f24a736122cfa453f48f4400fb8316e5f351d2cc335ad9983cfb7059,http://plus.kipris.or.kr/openapi/fileToss.jsp?arg=75a63eed5a438998f9dc3380f5cb642cd56dcb0e0f0995b07ba686bc001e12b758e859cb1aaaedada4700c39c98bcc98273bc51746138898,0.722511887550354,0.9203711152076721,0.781869649887085,0
1520,3020000002231-09-01,3020000031065-09-01,포장용 통,화장품 용기,http://plus.kipris.or.kr/openapi/fileToss.jsp?arg=75a63eed5a438998f9dc3380f5cb642cd56dcb0e0f0995b0680d52483fc7b07d73043a5cae9ac96401c326c864eae306ed9af8da67a49ef4,http://plus.kipris.or.kr/openapi/fileToss.jsp?arg=75a63eed5a438998f9dc3380f5cb642cd56dcb0e0f0995b089d7a621b89857a24e563e71b55eadeece1d1222c27c878bb18720bbf373c191,0.8430880308151245,0.8014355897903442,0.8305922746658325,0
1521,3020000017500-09-01,3020000026567-09-01,포장용 용기,화장품 용기,http://plus.kipris.or.kr/openapi/fileToss.jsp?arg=75a63eed5a438998f9dc3380f5cb642cd56dcb0e0f0995b0d8ee6709638b6fa11020c731eccb4d075f80d2fe240a7cb0cd7329300a69125f,http://plus.kipris.or.kr/openapi/fileToss.jsp?arg=75a63eed5a438998f9dc3380f5cb642cd56dcb0e0f0995b035c516d305aed145c7f1101716b813f88495dcf894aa37038d885f27618cb5e5,0.7353533506393433,0.8651049733161926,0.7742788195610046,0
1522,3020000033368-09-01,3020000008855-09-01,화장품 용기,화장품 용기,http://plus.kipris.or.kr/openapi/fileToss.jsp?arg=75a63eed5a438998f9dc3380f5cb642cd56dcb0e0f0995b0f32787804da8b7ad040f0c1c9fe98f73f8a44c81d3bee001c3ef83074feb3231,http://plus.kipris.or.kr/openapi/fileToss.jsp?arg=75a63eed5a438998f9dc3380f5cb642cd56dcb0e0f0995b06226a1b53136408c77446a31574122b0d4ee255adde4503b4f81426ee26e3a00,0.6785506010055542,0.9285537004470825,0.7535515427589417,0
1523,3020000031842-09-01,3020000025996-09-01,포장용 병,식용유병,http://plus.kipris.or.kr/openapi/fileToss.jsp?arg=75a63eed5a438998f9dc3380f5cb642cd56dcb0e0f0995b089d7a621b89857a23924c6b693bd0ccfdcc7562a1bfe4ba0e9338ce0f2af6beb,http://plus.kipris.or.kr/openapi/fileToss.jsp?arg=75a63eed5a438998f9dc3380f5cb642cd56dcb0e0f0995b07a28099d0ef98e176c583cef1aca2061f34cb46582ffffa832d09eca1e038af7,0.8927616477012634,0.7722568511962891,0.8566101789474487,0
1524,3020000001557-09-01,3020000019098-09-01,화장품 용기,향수용기,http://plus.kipris.or.kr/openapi/fileToss.jsp?arg=75a63eed5a438998f9dc3380f5cb642cd56dcb0e0f0995b0b700f0235c7824b02742d12238f52e5f07b186765f20838991c4f761cd8abb4c,http://plus.kipris.or.kr/openapi/fileToss.jsp?arg=75a63eed5a438998f9dc3380f5cb642cd56dcb0e0f0995b0f63a2eefd11079d08493f71a2050ee4298f127c1f171f9c05bde1cc3f3e1eec6,0.7824002504348755,0.783927857875824,0.7828584909439087,0
1525,3020000025082-09-01,3020000021180-09-01,화장품 용기,포장용 용기,http://plus.kipris.or.kr/openapi/fileToss.jsp?arg=75a63eed5a438998f9dc3380f5cb642cd56dcb0e0f0995b07a28099d0ef98e17803670e82954ba5e12b0a859bd0e152d33bbe410d05c7ae6,http://plus.kipris.or.kr/openapi/fileToss.jsp?arg=75a63eed5a438998f9dc3380f5cb642cd56dcb0e0f0995b006449c7f1c85a4a78954e4e205fc4f34961fdad5abcd6745d74d1de59756538b,0.7598728537559509,0.8438721299171448,0.7850726842880249,0
1526,3020000032162-09-01,3020000002742-09-01,화장품 용기,포장용 깡통,http://plus.kipris.or.kr/openapi/fileToss.jsp?arg=75a63eed5a438998f9dc3380f5cb642cd56dcb0e0f0995b056fef538e42de1141ca79b9eea990224c760b062d4d71d442df6803ed45607c3,http://plus.kipris.or.kr/openapi/fileToss.jsp?arg=75a63eed5a438998f9dc3380f5cb642cd56dcb0e0f0995b0680d52483fc7b07d43e6cf9e73fd83bfdb42ecec732ea7841c53da108440324f,0.6599013209342957,0.7480085492134094,0.6863335371017456,0
1527,3020000029879-09-01,3020000017722-09-01,화장품용기,포장용 통,http://plus.kipris.or.kr/openapi/fileToss.jsp?arg=75a63eed5a438998f9dc3380f5cb642cd56dcb0e0f0995b011f68ef22f394dd26a964075748e6c1809aa21b6b39ae6772bbdc1b177faf3d8,http://plus.kipris.or.kr/openapi/fileToss.jsp?arg=75a63eed5a438998f9dc3380f5cb642cd56dcb0e0f0995b0d8ee6709638b6fa1f4bde39beae5710fcd253a9a4823a8c0efd86e91c43fb3c0,0.8954577445983887,0.7111779451370239,0.8401737809181213,0
1528,3020000032940-09-01,3020000001189-09-01,화장품 용기,화장품용기,http://plus.kipris.or.kr/openapi/fileToss.jsp?arg=75a63eed5a438998f9dc3380f5cb642cd56dcb0e0f0995b056fef538e42de114e7558e56be909ac7d9ed1a5414fe7bdfb511f54f7b7bf0e2,http://plus.kipris.or.kr/openapi/fileToss.jsp?arg=75a63eed5a438998f9dc3380f5cb642cd56dcb0e0f0995b0b700f0235c7824b019cbf7f16fb2c2fce15609f9a233e43ca8724fec52f5fd95,0.8524969816207886,0.960370659828186,0.8848590850830078,0
1529,3020000001189-09-01,3020000011000-09-01,화장품용기,포장용 용기,http://plus.kipris.or.kr/openapi/fileToss.jsp?arg=75a63eed5a438998f9dc3380f5cb642cd56dcb0e0f0995b0b700f0235c7824b019cbf7f16fb2c2fce15609f9a233e43c295c8a60f924cb0b,http://plus.kipris.or.kr/openapi/fileToss.jsp?arg=75a63eed5a438998f9dc3380f5cb642cd56dcb0e0f0995b070abdd713d0b290aa6f312245d3a82eec8de93ee8500b0dba0561ddb7ada85da,0.7610775828361511,0.848098635673523,0.7871838808059692,0
1530,3020000022803-09-01,3020000006727-09-01,화장품 용기,세제용 포장용기,http://plus.kipris.or.kr/openapi/fileToss.jsp?arg=75a63eed5a438998f9dc3380f5cb642cd56dcb0e0f0995b02e6ec20e9488ca6644c75fa6ac71ce2d8057436539fb08fc8b6b1478e1fd4494,http://plus.kipris.or.kr/openapi/fileToss.jsp?arg=75a63eed5a438998f9dc3380f5cb642cd56dcb0e0f0995b0187836737e94fb3936dc5400ed0040d0d21887e1a0ec8680293cec3eaa7b6b22,0.829538106918335,0.8184404969215393,0.8262088298797607,0
1531,3020000002022-09-01,3020000025561-09-01,포장용용기,세제용기,http://plus.kipris.or.kr/openapi/fileToss.jsp?arg=75a63eed5a438998f9dc3380f5cb642cd56dcb0e0f0995b0680d52483fc7b07dce8cf928834fb57d8b35fe69e56e6a1fc41629e0613619ba,http://plus.kipris.or.kr/openapi/fileToss.jsp?arg=75a63eed5a438998f9dc3380f5cb642cd56dcb0e0f0995b07a28099d0ef98e171a64a952b3c73897cb417e4d393a375003175eb94a86d7c8,0.744382381439209,0.8104780912399292,0.764211118221283,0
1532,3020000005940-09-01,3020000000962-09-01,화장품 용기,포장용 병,http://plus.kipris.or.kr/openapi/fileToss.jsp?arg=75a63eed5a438998f9dc3380f5cb642cd56dcb0e0f0995b08fe3e6d10b56cc3d0c2a77a9be3fcd51aa99775730a8a2f523ed7772a42b2a25,http://plus.kipris.or.kr/openapi/fileToss.jsp?arg=75a63eed5a438998f9dc3380f5cb642cd56dcb0e0f0995b0cc72ed919b3423001ec5b0b95cb6d97de6848fcad7d2dac20897fd5c767b2915,0.7110229730606079,0.6657896041870117,0.697452962398529,0
1533,3020000016040-09-01,3020000018764-09-01,식품용기,음료병,http://plus.kipris.or.kr/openapi/fileToss.jsp?arg=75a63eed5a438998f9dc3380f5cb642cd56dcb0e0f0995b0edd65ac4880d0f0c166bfa7c9e52a4a85fd8162f538fc81087b5090ba9651c20,http://plus.kipris.or.kr/openapi/fileToss.jsp?arg=75a63eed5a438998f9dc3380f5cb642cd56dcb0e0f0995b0deac54f8925f4c7dff73e655a395ca11d4fee4764a23fb708bbcc1ccb5c7a082,0.827147901058197,0.603791356086731,0.7601408958435059,0
1534,3020000024443-09-01,3020000015673-09-01,화장품 용기,드링크 병,http://plus.kipris.or.kr/openapi/fileToss.jsp?arg=75a63eed5a438998f9dc3380f5cb642cd56dcb0e0f0995b005b3db6b458aa73b827884159da4efa3241ff3f1a86abd3588bd7f35185fe6a1,http://plus.kipris.or.kr/openapi/fileToss.jsp?arg=75a63eed5a438998f9dc3380f5cb642cd56dcb0e0f0995b07ba686bc001e12b796bf2c17c8027db4f3c520ca9733a7acdf8adf839e87748b,0.733158528804779,0.7197064161300659,0.7291228771209717,0
1535,3020000018872-09-01,3020000005653-09-01,화장품 용기,포장용 용기,http://plus.kipris.or.kr/openapi/fileToss.jsp?arg=75a63eed5a438998f9dc3380f5cb642cd56dcb0e0f0995b0deac54f8925f4c7d01c27b3b9348c7972ae570bc5f1beadcfd1bd196713b714e,http://plus.kipris.or.kr/openapi/fileToss.jsp?arg=75a63eed5a438998f9dc3380f5cb642cd56dcb0e0f0995b08fe3e6d10b56cc3dd860bdd2e2498e9a37c831dcdda6cd2ffd636a581bcc3438,0.6140718460083008,0.8857121467590332,0.6955639123916626,0
1536,3020000009397-09-01,3020000029979-09-01,화장품 용기,포장용 병,http://plus.kipris.or.kr/openapi/fileToss.jsp?arg=75a63eed5a438998f9dc3380f5cb642cd56dcb0e0f0995b073590199e4f1dc1639c043446a843f341fc2934575b221671f3f89981798199b,http://plus.kipris.or.kr/openapi/fileToss.jsp?arg=75a63eed5a438998f9dc3380f5cb642cd56dcb0e0f0995b011f68ef22f394dd2aac602e829ef0eb5fcbe91527496863f76f335df1de10493,0.7143393158912659,0.7921537160873413,0.7376835942268372,0
1537,3020000028667-09-01,3020000022833-09-01,포장용 용기,화장품 용기,http://plus.kipris.or.kr/openapi/fileToss.jsp?arg=75a63eed5a438998f9dc3380f5cb642cd56dcb0e0f0995b0227542a1f24a7361e3d4617c23baf4476907d466f34874c9aa7ff5bd87e40a1d,http://plus.kipris.or.kr/openapi/fileToss.jsp?arg=75a63eed5a438998f9dc3380f5cb642cd56dcb0e0f0995b02e6ec20e9488ca66130eded9a6166686f02a4eb76ba91ba4a888248a714abcde,0.9062957167625427,0.8846575021743774,0.8998042345046997,0
1538,3020000029148-09-01,3020000009535-09-01,술병,포장용 병,http://plus.kipris.or.kr/openapi/fileToss.jsp?arg=75a63eed5a438998f9dc3380f5cb642cd56dcb0e0f0995b011f68ef22f394dd2b1e8fa62f7dbf6eb93ae353ab0d4ab6744577dfe107c0747,http://plus.kipris.or.kr/openapi/fileToss.jsp?arg=75a63eed5a438998f9dc3380f5cb642cd56dcb0e0f0995b073590199e4f1dc16a62734373bd540e058fe44dc0b626a9c2596cfcfe9ea9007,0.6366258263587952,0.8328543901443481,0.6954944133758545,0
1539,3020000002024-09-01,3020000017722-09-01,포장용용기,포장용 통,http://plus.kipris.or.kr/openapi/fileToss.jsp?arg=75a63eed5a438998f9dc3380f5cb642cd56dcb0e0f0995b0680d52483fc7b07dce8cf928834fb57ddd96de37e6cf724f504a76facf49ecb7,http://plus.kipris.or.kr/openapi/fileToss.jsp?arg=75a63eed5a438998f9dc3380f5cb642cd56dcb0e0f0995b0d8ee6709638b6fa1f4bde39beae5710fcd253a9a4823a8c0fb52ee45ae01d4e7,0.6605925559997559,0.807990312576294,0.7048118710517883,0
1540,3020000027881-09-01,3020000002082-09-01,겔물질 분배용 포장용기,화장품 용기,http://plus.kipris.or.kr/openapi/fileToss.jsp?arg=75a63eed5a438998f9dc3380f5cb642cd56dcb0e0f0995b01b6467bd697fe99cfe4409446e4a704c8be7ac65fc8f18dd7f6923d5280245ec,http://plus.kipris.or.kr/openapi/fileToss.jsp?arg=75a63eed5a438998f9dc3380f5cb642cd56dcb0e0f0995b0680d52483fc7b07d3621f255e5f93b215d3d108e5dd08d7c7869951eb390b366,0.7686043977737427,0.8004034757614136,0.778144121170044,0
1541,3020000015229-09-01,3020000007445-09-01,포장용 용기,샴푸용기,http://plus.kipris.or.kr/openapi/fileToss.jsp?arg=75a63eed5a438998f9dc3380f5cb642cd56dcb0e0f0995b07ba686bc001e12b736b25ce876b15bae0e8aaa9c2ad9adfba2fbee6560e1f0ef,http://plus.kipris.or.kr/openapi/fileToss.jsp?arg=75a63eed5a438998f9dc3380f5cb642cd56dcb0e0f0995b0fdcd45318d7ff23c308bbaa2658dde0908ce1448e4d7f44e7fca61bce901d051,0.8343483805656433,0.7765225172042847,0.8170006275177002,0
1542,3020000029032-09-01,3020000015284-09-01,포장용기,화장품 용기,http://plus.kipris.or.kr/openapi/fileToss.jsp?arg=75a63eed5a438998f9dc3380f5cb642cd56dcb0e0f0995b011f68ef22f394dd26e88aba601c1a5ffaffd7513bd7646c2be3023a59e66d8c6,http://plus.kipris.or.kr/openapi/fileToss.jsp?arg=75a63eed5a438998f9dc3380f5cb642cd56dcb0e0f0995b07ba686bc001e12b75d136b4df6d33bb5919118e79bdfe43bc7b9a2bb64805ef8,0.7731081247329712,0.7796275615692139,0.7750639319419861,0
1543,3020000012834-09-01,3020000022439-09-01,향수병,포장용 용기,http://plus.kipris.or.kr/openapi/fileToss.jsp?arg=75a63eed5a438998f9dc3380f5cb642cd56dcb0e0f0995b08964a6c84ce8cbe136b914a53e58c31f8da15c97024331bb5b35b0a920e0bc0c,http://plus.kipris.or.kr/openapi/fileToss.jsp?arg=75a63eed5a438998f9dc3380f5cb642cd56dcb0e0f0995b02e6ec20e9488ca6663752f4fd76355c595af55981a9c28ef4c8e099999e0186e,0.7039173245429993,0.8195523023605347,0.7386078238487244,0
1544,3020000000639-09-01,3020000020789-09-01,화장품용기,포장용 용기,http://plus.kipris.or.kr/openapi/fileToss.jsp?arg=75a63eed5a438998f9dc3380f5cb642cd56dcb0e0f0995b0cc72ed919b34230099f327e961a5ac51ae48af4135c23fabdde41c87458fa86c,http://plus.kipris.or.kr/openapi/fileToss.jsp?arg=75a63eed5a438998f9dc3380f5cb642cd56dcb0e0f0995b0bea0399dd2b7a3e5217ce7d5ae936bbd6329e9ab186760dadb20824768b8529c,0.9451624155044556,0.756096601486206,0.8884426951408386,0
1545,3020000031162-09-01,3020000000638-09-01,포장용기,화장품용기,http://plus.kipris.or.kr/openapi/fileToss.jsp?arg=75a63eed5a438998f9dc3380f5cb642cd56dcb0e0f0995b089d7a621b89857a2bda1ae1f5599e317597821b50ca5d488323cb008e03c161d,http://plus.kipris.or.kr/openapi/fileToss.jsp?arg=75a63eed5a438998f9dc3380f5cb642cd56dcb0e0f0995b0cc72ed919b34230099f327e961a5ac512f1a2de92956eab07087fcd83f2414a7,0.8499621152877808,0.8079849481582642,0.8373689651489258,0
1546,3020000018091-09-01,3020000006438-09-01,액체 내용물 포장용 용기,화장품용기,http://plus.kipris.or.kr/openapi/fileToss.jsp?arg=75a63eed5a438998f9dc3380f5cb642cd56dcb0e0f0995b0deac54f8925f4c7db087096564c2a872bf69aa715bc78a4bc3b2e658dd0f379f,http://plus.kipris.or.kr/openapi/fileToss.jsp?arg=75a63eed5a438998f9dc3380f5cb642cd56dcb0e0f0995b0187836737e94fb39d6735824be9a53a7e1edc7ee54fa0b0956812cf1b776e13b,0.9067940711975098,0.8964887857437134,0.9037024974822998,0
1547,3020000025393-09-01,3020000004487-09-01,향수 용기,화장품 용기,http://plus.kipris.or.kr/openapi/fileToss.jsp?arg=75a63eed5a438998f9dc3380f5cb642cd56dcb0e0f0995b07a28099d0ef98e17b4fee342a5c9b755696247e88ba73474bec58c387df6c540,http://plus.kipris.or.kr/openapi/fileToss.jsp?arg=75a63eed5a438998f9dc3380f5cb642cd56dcb0e0f0995b03069a7817908f14f55bc66521fca1f114f22f288a18e06612925a570f1394ba2,0.7586951851844788,0.7609126567840576,0.7593604326248169,0
1548,3020000022160-09-01,3020000002024-09-01,화장품용기,포장용용기,http://plus.kipris.or.kr/openapi/fileToss.jsp?arg=75a63eed5a438998f9dc3380f5cb642cd56dcb0e0f0995b02e6ec20e9488ca6619e7d183ad07870db0828e5b0b145e7422ec436bfdf5964e,http://plus.kipris.or.kr/openapi/fileToss.jsp?arg=75a63eed5a438998f9dc3380f5cb642cd56dcb0e0f0995b0680d52483fc7b07dce8cf928834fb57ddd96de37e6cf724f26f1a39fc9026f04,0.6574131846427917,0.8045241236686707,0.7015464901924133,0
1549,3020000012072-09-01,3020000006436-09-01,샴푸용기,포장용 용기,http://plus.kipris.or.kr/openapi/fileToss.jsp?arg=75a63eed5a438998f9dc3380f5cb642cd56dcb0e0f0995b08964a6c84ce8cbe101428d44c160746ec10ea66642096ecb621c4c1563f13e57,http://plus.kipris.or.kr/openapi/fileToss.jsp?arg=75a63eed5a438998f9dc3380f5cb642cd56dcb0e0f0995b0187836737e94fb39d6735824be9a53a73fc77ea3035de78fbac0bec950bc845e,0.8114298582077026,0.6543982028961182,0.7643203735351562,0
1550,3020000031163-09-01,3020000015190-09-01,화장품용기,음료용기,http://plus.kipris.or.kr/openapi/fileToss.jsp?arg=75a63eed5a438998f9dc3380f5cb642cd56dcb0e0f0995b089d7a621b89857a2bda1ae1f5599e317dbdb5c17e3d29fdad5b08fc58f8b9e32,http://plus.kipris.or.kr/openapi/fileToss.jsp?arg=75a63eed5a438998f9dc3380f5cb642cd56dcb0e0f0995b07ba686bc001e12b7246632b98d0401193c3717f00aa55808fd469d5627915e50,0.8068830966949463,0.5705509185791016,0.7359834313392639,0
1551,3020000002771-09-01,3020000030698-09-01,포장용 음료용기,음료용 병,http://plus.kipris.or.kr/openapi/fileToss.jsp?arg=75a63eed5a438998f9dc3380f5cb642cd56dcb0e0f0995b0680d52483fc7b07df0eaa0514f1b3e00d24794910bd1260bf0607857bbb5685f,http://plus.kipris.or.kr/openapi/fileToss.jsp?arg=75a63eed5a438998f9dc3380f5cb642cd56dcb0e0f0995b0b9420cad9c5990e0fedfec3ce9cb4a02f555a1df4c240a2e9b832ff34c639864,0.8696278929710388,0.8793749809265137,0.8725520372390747,0
1552,3020000022803-09-01,3020000028258-09-01,화장품 용기,화장품 용기,http://plus.kipris.or.kr/openapi/fileToss.jsp?arg=75a63eed5a438998f9dc3380f5cb642cd56dcb0e0f0995b02e6ec20e9488ca6644c75fa6ac71ce2d8057436539fb08fc8b6b1478e1fd4494,http://plus.kipris.or.kr/openapi/fileToss.jsp?arg=75a63eed5a438998f9dc3380f5cb642cd56dcb0e0f0995b0227542a1f24a736184b9181791c18e4f60f4f9fe508209ca861117197b2aab1e,0.8506532907485962,0.9575924873352051,0.8827350735664368,0
1553,3020000015978-09-01,3020000027881-09-01,포장용 용기,겔물질 분배용 포장용기,http://plus.kipris.or.kr/openapi/fileToss.jsp?arg=75a63eed5a438998f9dc3380f5cb642cd56dcb0e0f0995b07ba686bc001e12b71e3601a67abc767856e0f883d6d4243b9ee7bac48912bc94,http://plus.kipris.or.kr/openapi/fileToss.jsp?arg=75a63eed5a438998f9dc3380f5cb642cd56dcb0e0f0995b01b6467bd697fe99cfe4409446e4a704c8be7ac65fc8f18dd45c24bd25e41b744,0.8168755769729614,0.8832314014434814,0.8367823362350464,0
1554,3020000000780-09-01,3020000015457-09-01,포장용 용기,포장용 병,http://plus.kipris.or.kr/openapi/fileToss.jsp?arg=75a63eed5a438998f9dc3380f5cb642cd56dcb0e0f0995b0cc72ed919b34230081a44be0fe209461ad0421485a2c9385fb3cbbe7773a7db4,http://plus.kipris.or.kr/openapi/fileToss.jsp?arg=75a63eed5a438998f9dc3380f5cb642cd56dcb0e0f0995b07ba686bc001e12b739fc00a00738800f11b276c8c1ad430bb75ae3202b38e63a,0.7466698288917542,0.8268376588821411,0.7707201838493347,0
1555,3020000001944-09-01,3020000031168-09-01,포장용 용기,화장품용기,http://plus.kipris.or.kr/openapi/fileToss.jsp?arg=75a63eed5a438998f9dc3380f5cb642cd56dcb0e0f0995b0b700f0235c7824b0b43f28481065a752e5d089eb08c52349daab57fbe67a86cf,http://plus.kipris.or.kr/openapi/fileToss.jsp?arg=75a63eed5a438998f9dc3380f5cb642cd56dcb0e0f0995b089d7a621b89857a2bda1ae1f5599e317e91e86b71eace806e3850b0cabf0659c,0.7845725417137146,0.847108781337738,0.8033334016799927,0
1556,3020000021678-09-01,3020000022438-09-01,포장용 용기,포장용 용기,http://plus.kipris.or.kr/openapi/fileToss.jsp?arg=75a63eed5a438998f9dc3380f5cb642cd56dcb0e0f0995b006449c7f1c85a4a76082ed448bf618402e55be811569258981c5a63ff16eaeda,http://plus.kipris.or.kr/openapi/fileToss.jsp?arg=75a63eed5a438998f9dc3380f5cb642cd56dcb0e0f0995b02e6ec20e9488ca6663752f4fd76355c5c8a13f1ee8f31a924b6d9639883d74af,0.6479550004005432,0.8516523838043213,0.709064245223999,0
1557,3020000029327-09-01,3020000011007-09-01,화장품 용기,화장품 용기,http://plus.kipris.or.kr/openapi/fileToss.jsp?arg=75a63eed5a438998f9dc3380f5cb642cd56dcb0e0f0995b011f68ef22f394dd2cbb6ac3c424ae6349bbb0d951f43b1ab1f521c3d5fd0ee4b,http://plus.kipris.or.kr/openapi/fileToss.jsp?arg=75a63eed5a438998f9dc3380f5cb642cd56dcb0e0f0995b070abdd713d0b290aa6f312245d3a82ee6abff9afa2ecfcfd3e3c91e8685e3e85,0.9127749800682068,0.8761476278305054,0.9017868041992188,0
1558,3020000018766-09-01,3020000019481-09-01,음료병,포장용 용기,http://plus.kipris.or.kr/openapi/fileToss.jsp?arg=75a63eed5a438998f9dc3380f5cb642cd56dcb0e0f0995b0deac54f8925f4c7dff73e655a395ca11482114226fa5828852eccb74d9580c52,http://plus.kipris.or.kr/openapi/fileToss.jsp?arg=75a63eed5a438998f9dc3380f5cb642cd56dcb0e0f0995b0f63a2eefd11079d0ccfa5665d6ade322594940fc7daa731d9f52ce63c92145a0,0.7123557329177856,0.6604354381561279,0.6967796087265015,0
1559,3020000005898-09-01,3020000007016-09-01,화장품 용기,화장품 용기,http://plus.kipris.or.kr/openapi/fileToss.jsp?arg=75a63eed5a438998f9dc3380f5cb642cd56dcb0e0f0995b08fe3e6d10b56cc3d9f98bc4caf4fb052f4fcc92f245ce33587eb731f78aa898d,http://plus.kipris.or.kr/openapi/fileToss.jsp?arg=75a63eed5a438998f9dc3380f5cb642cd56dcb0e0f0995b0fdcd45318d7ff23c36f1af0f6d6ef803f906a7022218d5fff742ad10260dd4c3,0.8195986747741699,0.959051251411438,0.8614344596862793,0
1560,3020000024951-09-01,3020000012111-09-01,크림용기,드링크 병,http://plus.kipris.or.kr/openapi/fileToss.jsp?arg=75a63eed5a438998f9dc3380f5cb642cd56dcb0e0f0995b005b3db6b458aa73be2c5f00e2cd5aa817bedf7b1a2dee2d24183b1c0872d647b,http://plus.kipris.or.kr/openapi/fileToss.jsp?arg=75a63eed5a438998f9dc3380f5cb642cd56dcb0e0f0995b08964a6c84ce8cbe1c4d769ac6125c6604cb8fb2387c071ba529d49a7cfb1e199,0.894226610660553,0.6591600179672241,0.8237066268920898,0
1561,3020000028259-09-01,3020000025308-09-01,화장품 용기,화장품 용기,http://plus.kipris.or.kr/openapi/fileToss.jsp?arg=75a63eed5a438998f9dc3380f5cb642cd56dcb0e0f0995b0227542a1f24a736184b9181791c18e4f8115a673a00f082dbe62dffedc6394f4,http://plus.kipris.or.kr/openapi/fileToss.jsp?arg=75a63eed5a438998f9dc3380f5cb642cd56dcb0e0f0995b07a28099d0ef98e17dfa7a1520a78d28f9f36fbc688be63ac23735125ac09a7b2,0.8452271223068237,0.916355550289154,0.8665655851364136,0
1562,3020000010994-09-01,3020000013583-09-01,포장용 용기,화장품 용기,http://plus.kipris.or.kr/openapi/fileToss.jsp?arg=75a63eed5a438998f9dc3380f5cb642cd56dcb0e0f0995b0ef3ea9b059e1242154c6c6b21c0868739071209d4ac9b295990755ab24101a52,http://plus.kipris.or.kr/openapi/fileToss.jsp?arg=75a63eed5a438998f9dc3380f5cb642cd56dcb0e0f0995b0bdcfae06342df68572d7f7323bc50a0e94b7efa79b355815722f94e983c86196,0.7303230166435242,0.8526439070701599,0.7670192718505859,0
1563,3020000010115-09-01,3020000009604-09-01,포장용병,포장용용기,http://plus.kipris.or.kr/openapi/fileToss.jsp?arg=75a63eed5a438998f9dc3380f5cb642cd56dcb0e0f0995b0ef3ea9b059e12421080b6dad73dec2d96a478d5f45e543b36c377a1e244e49c9,http://plus.kipris.or.kr/openapi/fileToss.jsp?arg=75a63eed5a438998f9dc3380f5cb642cd56dcb0e0f0995b073590199e4f1dc16c4994de40142535603458437661fcfdbc47f8ce473ec65c9,0.782362699508667,0.7942250370979309,0.7859213948249817,0
1564,3020000021170-09-01,3020000018786-09-01,음료캔,향수 용기,http://plus.kipris.or.kr/openapi/fileToss.jsp?arg=75a63eed5a438998f9dc3380f5cb642cd56dcb0e0f0995b006449c7f1c85a4a7bec89f1fb749c251216a46bc23ca63c35d282221f95f1612,http://plus.kipris.or.kr/openapi/fileToss.jsp?arg=75a63eed5a438998f9dc3380f5cb642cd56dcb0e0f0995b0deac54f8925f4c7da5637dae264b15aac834d7a157da3b4d07b4a2f2e5279e7e,0.7863564491271973,0.7647411823272705,0.7798718214035034,0
1565,3020000011558-09-01,3020000000726-09-01,술병,병,http://plus.kipris.or.kr/openapi/fileToss.jsp?arg=75a63eed5a438998f9dc3380f5cb642cd56dcb0e0f0995b070abdd713d0b290a44af382d81afbb12e7c9bd040680775c98dfe82efc4bd337,http://plus.kipris.or.kr/openapi/fileToss.jsp?arg=75a63eed5a438998f9dc3380f5cb642cd56dcb0e0f0995b0cc72ed919b3423000a38f4d03ae02e78859ec8517f932d63f461002f67a0d160,0.7186663746833801,0.8713449835777283,0.7644699811935425,0
1566,3020000002022-09-01,3020000024907-09-01,포장용용기,술병,http://plus.kipris.or.kr/openapi/fileToss.jsp?arg=75a63eed5a438998f9dc3380f5cb642cd56dcb0e0f0995b0680d52483fc7b07dce8cf928834fb57d8b35fe69e56e6a1ffa3ccd13e0986ecd,http://plus.kipris.or.kr/openapi/fileToss.jsp?arg=75a63eed5a438998f9dc3380f5cb642cd56dcb0e0f0995b005b3db6b458aa73bce8ad76632d9cf52708afa12d525eff6d256fe129aaca43a,0.7641781568527222,0.807301938533783,0.7771152853965759,0
1567,3020000027734-09-01,3020000019098-09-01,포장용 용기,향수용기,http://plus.kipris.or.kr/openapi/fileToss.jsp?arg=75a63eed5a438998f9dc3380f5cb642cd56dcb0e0f0995b01b6467bd697fe99c304237b1c4ccf2648bc1a773011b168e12e399c78f6e97f1,http://plus.kipris.or.kr/openapi/fileToss.jsp?arg=75a63eed5a438998f9dc3380f5cb642cd56dcb0e0f0995b0f63a2eefd11079d08493f71a2050ee4298f127c1f171f9c0c620cf5288506a2b,0.8094775676727295,0.8201727271080017,0.8126861453056335,0
1568,3020000034017-09-01,3020000032580-09-01,포장용 용기,화장품 용기,http://plus.kipris.or.kr/openapi/fileToss.jsp?arg=75a63eed5a438998f9dc3380f5cb642cd56dcb0e0f0995b0bfb5e3af4d1caf7e41c1a10938b5a94553cd9bfe72ec18a879a6463f840fb1af,http://plus.kipris.or.kr/openapi/fileToss.jsp?arg=75a63eed5a438998f9dc3380f5cb642cd56dcb0e0f0995b056fef538e42de114c938f9d32b974d970569e2f0bc439dca85a1b271f03fb7ec,0.8336795568466187,0.8087965846061707,0.8262146711349487,0
1569,3020000015289-09-01,3020000031088-09-01,화장품 용기,포장용기,http://plus.kipris.or.kr/openapi/fileToss.jsp?arg=75a63eed5a438998f9dc3380f5cb642cd56dcb0e0f0995b07ba686bc001e12b75d136b4df6d33bb584d7d79f71a4cb7c162dd4525d44a3df,http://plus.kipris.or.kr/openapi/fileToss.jsp?arg=75a63eed5a438998f9dc3380f5cb642cd56dcb0e0f0995b089d7a621b89857a2a6e995ef25b4de530e075e7abc9b8c53f2c7adcba0454e5a,0.8181264400482178,0.7871028780937195,0.8088194131851196,0
1570,3020000006440-09-01,3020000017002-09-01,화장품 용기,포장용 용기,http://plus.kipris.or.kr/openapi/fileToss.jsp?arg=75a63eed5a438998f9dc3380f5cb642cd56dcb0e0f0995b0187836737e94fb39d0891ba1d3de6d9279859d3df70fc181eb6add9b71fceb0a,http://plus.kipris.or.kr/openapi/fileToss.jsp?arg=75a63eed5a438998f9dc3380f5cb642cd56dcb0e0f0995b0d8ee6709638b6fa151acb057bf4b283f9c05647f46a69bf4de799c7490a7edd6,0.8398346900939941,0.8479935526847839,0.8422822952270508,0
1571,3020000022803-09-01,3020000010608-09-01,화장품 용기,향수용기,http://plus.kipris.or.kr/openapi/fileToss.jsp?arg=75a63eed5a438998f9dc3380f5cb642cd56dcb0e0f0995b02e6ec20e9488ca6644c75fa6ac71ce2d8057436539fb08fc6ab75a04f3cbf8dd,http://plus.kipris.or.kr/openapi/fileToss.jsp?arg=75a63eed5a438998f9dc3380f5cb642cd56dcb0e0f0995b0ef3ea9b059e12421ac8898e2abf04f2abfe0c93f850ea7241e05c7085177981d,0.8065918684005737,0.8442218899726868,0.8178808689117432,0
1572,3020000005118-09-01,3020000032390-09-01,에어로졸 용기,화장품 용기,http://plus.kipris.or.kr/openapi/fileToss.jsp?arg=75a63eed5a438998f9dc3380f5cb642cd56dcb0e0f0995b08fe3e6d10b56cc3d6fdd0a060b490f45a9cef516e81b9996f097eb79cd188371,http://plus.kipris.or.kr/openapi/fileToss.jsp?arg=75a63eed5a438998f9dc3380f5cb642cd56dcb0e0f0995b056fef538e42de114992500162809c30904332274da7c875701773b7ed418793b,0.7945050001144409,0.7455484867095947,0.779818058013916,0
1573,3020000001557-09-01,3020000023861-09-01,화장품 용기,화장품 용기,http://plus.kipris.or.kr/openapi/fileToss.jsp?arg=75a63eed5a438998f9dc3380f5cb642cd56dcb0e0f0995b0b700f0235c7824b02742d12238f52e5f07b186765f208389fade1c5d08a99076,http://plus.kipris.or.kr/openapi/fileToss.jsp?arg=75a63eed5a438998f9dc3380f5cb642cd56dcb0e0f0995b09b1f6789fb9751249d50c7f3b7f0515a7da19ff2e6aa31148d5908deb1a01b9f,0.8503698110580444,0.9753269553184509,0.8878569602966309,0
1574,3020000018269-09-01,3020000020333-09-01,화장품 용기,로션 용기,http://plus.kipris.or.kr/openapi/fileToss.jsp?arg=75a63eed5a438998f9dc3380f5cb642cd56dcb0e0f0995b0deac54f8925f4c7dab2df396aedd8dba5e58afd96f1312892522605e10c0278c,http://plus.kipris.or.kr/openapi/fileToss.jsp?arg=75a63eed5a438998f9dc3380f5cb642cd56dcb0e0f0995b0bea0399dd2b7a3e511aac18d04956000da972d1a2c52774ad63aaea2c34fe0dd,0.8907387256622314,0.8905785083770752,0.8906906843185425,0
1575,3020000014156-09-01,3020000000639-09-01,포장용 용기,화장품용기,http://plus.kipris.or.kr/openapi/fileToss.jsp?arg=75a63eed5a438998f9dc3380f5cb642cd56dcb0e0f0995b0606f4df1f99f40811db3d332d4213ea5a0c3abbac09cc95edfcabc6e7cafe9bd,http://plus.kipris.or.kr/openapi/fileToss.jsp?arg=75a63eed5a438998f9dc3380f5cb642cd56dcb0e0f0995b0cc72ed919b34230099f327e961a5ac51ae48af4135c23fab6f670d44b37cad0a,0.8565732836723328,0.7071559429168701,0.8117480278015137,0
1576,3020000018222-09-01,3020000015443-09-01,포장용 용기,음료용 캔용기,http://plus.kipris.or.kr/openapi/fileToss.jsp?arg=75a63eed5a438998f9dc3380f5cb642cd56dcb0e0f0995b0deac54f8925f4c7d4987cce9cfe8722f3db950a0fbab00c9f45f0a4d11cdc3f4,http://plus.kipris.or.kr/openapi/fileToss.jsp?arg=75a63eed5a438998f9dc3380f5cb642cd56dcb0e0f0995b07ba686bc001e12b77655048972b3dba9926fb1f6a70677cc0c040ee8c69a76a3,0.7326201796531677,0.7205866575241089,0.7290101051330566,0
1577,3020000031167-09-01,3020000022365-09-01,화장품용기,화장품용기,http://plus.kipris.or.kr/openapi/fileToss.jsp?arg=75a63eed5a438998f9dc3380f5cb642cd56dcb0e0f0995b089d7a621b89857a2bda1ae1f5599e317c61e99a88bb6420acfe4285d9e7c1474,http://plus.kipris.or.kr/openapi/fileToss.jsp?arg=75a63eed5a438998f9dc3380f5cb642cd56dcb0e0f0995b02e6ec20e9488ca667220594ecf4822650c1479d6f12cd598972b746460d77c2f,0.8766947388648987,0.9392203092575073,0.8954524397850037,0
1578,3020000013861-09-01,3020000028260-09-01,포장용 용기,화장품 용기,http://plus.kipris.or.kr/openapi/fileToss.jsp?arg=75a63eed5a438998f9dc3380f5cb642cd56dcb0e0f0995b0bdcfae06342df685f8cbf1fb50c4736df158b570b2989fbfcb2b4ac14a8d4376,http://plus.kipris.or.kr/openapi/fileToss.jsp?arg=75a63eed5a438998f9dc3380f5cb642cd56dcb0e0f0995b0227542a1f24a736122cfa453f48f4400272b12f6e17da756c7c0effcb888c07e,0.9299603700637817,0.8475797772407532,0.9052461981773376,0
1579,3020000008855-09-01,3020000015433-09-01,화장품 용기,포장용 용기,http://plus.kipris.or.kr/openapi/fileToss.jsp?arg=75a63eed5a438998f9dc3380f5cb642cd56dcb0e0f0995b06226a1b53136408c77446a31574122b0d4ee255adde4503b8c6d2ed99a98617b,http://plus.kipris.or.kr/openapi/fileToss.jsp?arg=75a63eed5a438998f9dc3380f5cb642cd56dcb0e0f0995b07ba686bc001e12b74f814a4956a5cebb3b7e77a65b11d9ab95d8e0448b2235d1,0.7258417010307312,0.8651528358459473,0.7676350474357605,0
1580,3020000030701-09-01,3020000006745-09-01,음료수 병,화장품 용기,http://plus.kipris.or.kr/openapi/fileToss.jsp?arg=75a63eed5a438998f9dc3380f5cb642cd56dcb0e0f0995b0b9420cad9c5990e0b9dddcdc7170a076e2534647fede03ce9b10442af42e7f91,http://plus.kipris.or.kr/openapi/fileToss.jsp?arg=75a63eed5a438998f9dc3380f5cb642cd56dcb0e0f0995b0187836737e94fb396332e3fa732ce845f8c27c7491e8a675156593bc1965605f,0.7794649600982666,0.6668921709060669,0.7456930875778198,0
1581,3020000000414-09-01,3020000015229-09-01,포장용 용기,포장용 용기,http://plus.kipris.or.kr/openapi/fileToss.jsp?arg=75a63eed5a438998f9dc3380f5cb642cd56dcb0e0f0995b0cc72ed919b3423006edf72b06342e35d7d678bd865bf2d85434e5346a844576a,http://plus.kipris.or.kr/openapi/fileToss.jsp?arg=75a63eed5a438998f9dc3380f5cb642cd56dcb0e0f0995b07ba686bc001e12b736b25ce876b15bae0e8aaa9c2ad9adfb49bbf806fa730079,0.7341365814208984,0.9518818855285645,0.7994601726531982,0
1582,3020000015200-09-01,3020000018222-09-01,화장품 용기,포장용 용기,http://plus.kipris.or.kr/openapi/fileToss.jsp?arg=75a63eed5a438998f9dc3380f5cb642cd56dcb0e0f0995b07ba686bc001e12b7ebd23e10645d463a3bdf3df38bb1a275e0f935a00afb8aad,http://plus.kipris.or.kr/openapi/fileToss.jsp?arg=75a63eed5a438998f9dc3380f5cb642cd56dcb0e0f0995b0deac54f8925f4c7d4987cce9cfe8722f3db950a0fbab00c9fcb7b1053c320704,0.7572613954544067,0.8564121127128601,0.7870066165924072,0
1583,3020000017000-09-01,3020000029615-09-01,포장용 용기,스프레이어(SPRAYER),http://plus.kipris.or.kr/openapi/fileToss.jsp?arg=75a63eed5a438998f9dc3380f5cb642cd56dcb0e0f0995b0d8ee6709638b6fa151acb057bf4b283f873778c4a5b9305b9065c340bc56c93a,http://plus.kipris.or.kr/openapi/fileToss.jsp?arg=75a63eed5a438998f9dc3380f5cb642cd56dcb0e0f0995b011f68ef22f394dd21b3c346cdf3ea013a2bcb65128e402059183559b6cff3014,0.8635726571083069,0.7968292236328125,0.8435496091842651,0
1584,3020000014023-09-01,3020000022105-09-01,포장용 병,포장용 용기,http://plus.kipris.or.kr/openapi/fileToss.jsp?arg=75a63eed5a438998f9dc3380f5cb642cd56dcb0e0f0995b0606f4df1f99f40815878d165002789aa5526a362d86a8dbd07a4d44d545b692c,http://plus.kipris.or.kr/openapi/fileToss.jsp?arg=75a63eed5a438998f9dc3380f5cb642cd56dcb0e0f0995b02e6ec20e9488ca666f5fe34b46e8fbf6bc377969b361653074d14680fa378841,0.7952051162719727,0.8734394311904907,0.8186753988265991,0
1585,3020000006745-09-01,3020000029850-09-01,화장품 용기,화장품 용기,http://plus.kipris.or.kr/openapi/fileToss.jsp?arg=75a63eed5a438998f9dc3380f5cb642cd56dcb0e0f0995b0187836737e94fb396332e3fa732ce845f8c27c7491e8a6759be89700787ad0b0,http://plus.kipris.or.kr/openapi/fileToss.jsp?arg=75a63eed5a438998f9dc3380f5cb642cd56dcb0e0f0995b011f68ef22f394dd236632737541405a7ab0a694fe030fe05e522c79585423121,0.8705105781555176,0.9339990615844727,0.8895571231842041,0
1586,3020000025182-09-01,3020000001139-09-01,화장품 용기,화장품 용기,http://plus.kipris.or.kr/openapi/fileToss.jsp?arg=75a63eed5a438998f9dc3380f5cb642cd56dcb0e0f0995b07a28099d0ef98e17b231862f9c4558f7c6d4adbe3a495f9de209f03cef888f60,http://plus.kipris.or.kr/openapi/fileToss.jsp?arg=75a63eed5a438998f9dc3380f5cb642cd56dcb0e0f0995b0b700f0235c7824b0b9d15885ea58921e64b88d6b7f5b4248a4546dce001591a5,0.9025924205780029,0.9314850568771362,0.911260187625885,0
1587,3020000002380-09-01,3020000017678-09-01,화장품 용기,화장품 용기,http://plus.kipris.or.kr/openapi/fileToss.jsp?arg=75a63eed5a438998f9dc3380f5cb642cd56dcb0e0f0995b0680d52483fc7b07d2f56793bce66975801e732f685319c56e12e274d36f6d5e9,http://plus.kipris.or.kr/openapi/fileToss.jsp?arg=75a63eed5a438998f9dc3380f5cb642cd56dcb0e0f0995b0d8ee6709638b6fa1301e6f2c98fb3cd7cb5c72a4760d6b425b18bf91975565e8,0.8223692178726196,0.8980603218078613,0.8450765609741211,0
1588,3020000011989-09-01,3020000031692-09-01,드링크 병,포장용 용기,http://plus.kipris.or.kr/openapi/fileToss.jsp?arg=75a63eed5a438998f9dc3380f5cb642cd56dcb0e0f0995b070abdd713d0b290a22025622b2f6a4c0026452b7351c2cfe8402d63adf43e6d7,http://plus.kipris.or.kr/openapi/fileToss.jsp?arg=75a63eed5a438998f9dc3380f5cb642cd56dcb0e0f0995b089d7a621b89857a2fe66ea06c9f515a9b20945a4ed5906a41975ebf3877648ce,0.7860732078552246,0.6740713119506836,0.7524726390838623,0
1589,3020000025935-09-01,3020000033317-09-01,플라스틱병,포장용 용기,http://plus.kipris.or.kr/openapi/fileToss.jsp?arg=75a63eed5a438998f9dc3380f5cb642cd56dcb0e0f0995b07a28099d0ef98e17823896417f37d3fc4aef395a76d30843424f06f39a0cfd54,http://plus.kipris.or.kr/openapi/fileToss.jsp?arg=75a63eed5a438998f9dc3380f5cb642cd56dcb0e0f0995b0f32787804da8b7ad8e33740856216fb3f7ca4d56add97688a928ee9755185e28,0.7497241497039795,0.9231679439544678,0.8017573356628418,0
1590,3020000028260-09-01,3020000017301-09-01,화장품 용기,포장용 용기,http://plus.kipris.or.kr/openapi/fileToss.jsp?arg=75a63eed5a438998f9dc3380f5cb642cd56dcb0e0f0995b0227542a1f24a736122cfa453f48f4400272b12f6e17da756c7c0effcb888c07e,http://plus.kipris.or.kr/openapi/fileToss.jsp?arg=75a63eed5a438998f9dc3380f5cb642cd56dcb0e0f0995b0d8ee6709638b6fa147789b22cdad698429792590cfe896e3d012088ce5d6ea89,0.898099422454834,0.8196472525596619,0.8745637536048889,0
1591,3020000024484-09-01,3020000009318-09-01,화장품 용기,화장품용기,http://plus.kipris.or.kr/openapi/fileToss.jsp?arg=75a63eed5a438998f9dc3380f5cb642cd56dcb0e0f0995b005b3db6b458aa73b12ac262f8b7ca850ea83ae6d2ac6738da92bbc80c26f40cb,http://plus.kipris.or.kr/openapi/fileToss.jsp?arg=75a63eed5a438998f9dc3380f5cb642cd56dcb0e0f0995b073590199e4f1dc160d6f56a27c91bf2603769c37490c955f69b6f94e3bd74b45,0.7547641396522522,0.8668566942214966,0.7883919477462769,0
1592,3020000032577-09-01,3020000002082-09-01,화장품 용기,화장품 용기,http://plus.kipris.or.kr/openapi/fileToss.jsp?arg=75a63eed5a438998f9dc3380f5cb642cd56dcb0e0f0995b056fef538e42de114a5789ee7e1d70e89bcd4e8929ad70eb437a49cc63a0f8f32,http://plus.kipris.or.kr/openapi/fileToss.jsp?arg=75a63eed5a438998f9dc3380f5cb642cd56dcb0e0f0995b0680d52483fc7b07d3621f255e5f93b215d3d108e5dd08d7c97118f12e7a0059e,0.8506758809089661,0.8978884220123291,0.8648396730422974,0
1593,3020000000638-09-01,3020000031089-09-01,화장품용기,포장용기,http://plus.kipris.or.kr/openapi/fileToss.jsp?arg=75a63eed5a438998f9dc3380f5cb642cd56dcb0e0f0995b0cc72ed919b34230099f327e961a5ac512f1a2de92956eab07087fcd83f2414a7,http://plus.kipris.or.kr/openapi/fileToss.jsp?arg=75a63eed5a438998f9dc3380f5cb642cd56dcb0e0f0995b089d7a621b89857a2a6e995ef25b4de53c3b0a0f3559ebf12ed9b8a6ef9226be7,0.8732569217681885,0.8312737941741943,0.8606619834899902,0
1594,3020000013900-09-01,3020000019482-09-01,포장용 용기,포장용 용기,http://plus.kipris.or.kr/openapi/fileToss.jsp?arg=75a63eed5a438998f9dc3380f5cb642cd56dcb0e0f0995b0bdcfae06342df6850de8b49972379f7ecc0784a9556e8c6243b2fd6a345fb1ae,http://plus.kipris.or.kr/openapi/fileToss.jsp?arg=75a63eed5a438998f9dc3380f5cb642cd56dcb0e0f0995b0f63a2eefd11079d0ccfa5665d6ade3222a6a99be7a6af2972c05449519501d80,0.7965617179870605,0.9510552287101746,0.8429097533226013,0
1595,3020000012836-09-01,3020000030881-09-01,향수병,화장품 용기,http://plus.kipris.or.kr/openapi/fileToss.jsp?arg=75a63eed5a438998f9dc3380f5cb642cd56dcb0e0f0995b08964a6c84ce8cbe136b914a53e58c31f554ac8bf001a4516e200d2ab360cdb8e,http://plus.kipris.or.kr/openapi/fileToss.jsp?arg=75a63eed5a438998f9dc3380f5cb642cd56dcb0e0f0995b0b9420cad9c5990e04c31abfa397402975302087c776b8d55192a6a529b0ed4c5,0.8672082424163818,0.7605562210083008,0.8352126479148865,0
1596,3020000031842-09-01,3020000032577-09-01,포장용 병,화장품 용기,http://plus.kipris.or.kr/openapi/fileToss.jsp?arg=75a63eed5a438998f9dc3380f5cb642cd56dcb0e0f0995b089d7a621b89857a23924c6b693bd0ccfdcc7562a1bfe4ba013dd07a254cf43b0,http://plus.kipris.or.kr/openapi/fileToss.jsp?arg=75a63eed5a438998f9dc3380f5cb642cd56dcb0e0f0995b056fef538e42de114a5789ee7e1d70e89bcd4e8929ad70eb402947fdbce1663dc,0.7868399620056152,0.8425663709640503,0.8035578727722168,0
1597,3020000015504-09-01,3020000004208-09-01,에센스 용기,식음료용 병,http://plus.kipris.or.kr/openapi/fileToss.jsp?arg=75a63eed5a438998f9dc3380f5cb642cd56dcb0e0f0995b07ba686bc001e12b758e859cb1aaaedad479739969bbfd1d43750ef50fddf7453,http://plus.kipris.or.kr/openapi/fileToss.jsp?arg=75a63eed5a438998f9dc3380f5cb642cd56dcb0e0f0995b03069a7817908f14f26c983146bc1b18f48b2122d4f1a6e3bb4267a2e104deb6e,0.6996162533760071,0.809122622013092,0.7324681878089905,0
1598,3020000030008-09-01,3020000005898-09-01,포장용 술병,화장품 용기,http://plus.kipris.or.kr/openapi/fileToss.jsp?arg=75a63eed5a438998f9dc3380f5cb642cd56dcb0e0f0995b0b9420cad9c5990e0672c1f955478a2c8edc8866b796d29a6bb650dbd8e80ec2b,http://plus.kipris.or.kr/openapi/fileToss.jsp?arg=75a63eed5a438998f9dc3380f5cb642cd56dcb0e0f0995b08fe3e6d10b56cc3d9f98bc4caf4fb052f4fcc92f245ce33553a5571dc18a8d9d,0.8410673141479492,0.766024112701416,0.8185543417930603,0
1599,3020000013583-09-01,3020000016041-09-01,화장품 용기,포장용 통,http://plus.kipris.or.kr/openapi/fileToss.jsp?arg=75a63eed5a438998f9dc3380f5cb642cd56dcb0e0f0995b0bdcfae06342df68572d7f7323bc50a0e94b7efa79b3558158a020745e0a94074,http://plus.kipris.or.kr/openapi/fileToss.jsp?arg=75a63eed5a438998f9dc3380f5cb642cd56dcb0e0f0995b0edd65ac4880d0f0c166bfa7c9e52a4a83b203a7f5192e6eba874fbec5d86818b,0.8645025491714478,0.7555249929428101,0.8318092823028564,0
1600,3020000020569-09-01,3020000028257-09-01,액체용기,화장품 용기,http://plus.kipris.or.kr/openapi/fileToss.jsp?arg=75a63eed5a438998f9dc3380f5cb642cd56dcb0e0f0995b0bea0399dd2b7a3e51bd7c881a493e52a791c7538a9639bddd7b2faecdbba07e4,http://plus.kipris.or.kr/openapi/fileToss.jsp?arg=75a63eed5a438998f9dc3380f5cb642cd56dcb0e0f0995b0227542a1f24a736184b9181791c18e4f1c092183231ba9c374a1fea8e9e4b9bc,0.8104366660118103,0.7654863595962524,0.7969515919685364,0
1601,3020000015289-09-01,3020000014023-09-01,화장품 용기,포장용 병,http://plus.kipris.or.kr/openapi/fileToss.jsp?arg=75a63eed5a438998f9dc3380f5cb642cd56dcb0e0f0995b07ba686bc001e12b75d136b4df6d33bb584d7d79f71a4cb7c176ca8c48513d9b3,http://plus.kipris.or.kr/openapi/fileToss.jsp?arg=75a63eed5a438998f9dc3380f5cb642cd56dcb0e0f0995b0606f4df1f99f40815878d165002789aa5526a362d86a8dbdde893e9b41d054e6,0.8424201607704163,0.7225505113601685,0.8064592480659485,0
1602,3020000014030-09-01,3020000033314-09-01,화장품 용기,포장용 용기,http://plus.kipris.or.kr/openapi/fileToss.jsp?arg=75a63eed5a438998f9dc3380f5cb642cd56dcb0e0f0995b0606f4df1f99f4081c635518eb2e9ae224c414ca4a2923d3bcd379b6939d30e0d,http://plus.kipris.or.kr/openapi/fileToss.jsp?arg=75a63eed5a438998f9dc3380f5cb642cd56dcb0e0f0995b0f32787804da8b7ad8e33740856216fb39dc532a3e2d090b29339f1855feb292d,0.6915480494499207,0.8331873416900635,0.734039843082428,0
1603,3020000026844-09-01,3020000023571-09-01,화장품 용기,세제용 용기,http://plus.kipris.or.kr/openapi/fileToss.jsp?arg=75a63eed5a438998f9dc3380f5cb642cd56dcb0e0f0995b035c516d305aed14571243152256c21dad8a464247adf2be4a1c888fff6b56e10,http://plus.kipris.or.kr/openapi/fileToss.jsp?arg=75a63eed5a438998f9dc3380f5cb642cd56dcb0e0f0995b09b1f6789fb9751240005454de4ce8fd1b97260349cdbaaac0946362474245bf2,0.8711687326431274,0.8392875790596008,0.8616043925285339,0
1604,3020000030806-09-01,3020000005311-09-01,화장품 용기,화장품 용기,http://plus.kipris.or.kr/openapi/fileToss.jsp?arg=75a63eed5a438998f9dc3380f5cb642cd56dcb0e0f0995b0b9420cad9c5990e07e891c91ed3c638d5dcbf45ab163ad9afb16b06dadef65ed,http://plus.kipris.or.kr/openapi/fileToss.jsp?arg=75a63eed5a438998f9dc3380f5cb642cd56dcb0e0f0995b08fe3e6d10b56cc3d6a7058d9a96cab40de9720b4b9585ebb265c4d64c7a119f8,0.7216284275054932,0.9304341077804565,0.784270167350769,0
1605,3020000028631-09-01,3020000006745-09-01,술병,화장품 용기,http://plus.kipris.or.kr/openapi/fileToss.jsp?arg=75a63eed5a438998f9dc3380f5cb642cd56dcb0e0f0995b0227542a1f24a7361586c928bcd47470382d4c3ca3458762622224ccc053f6fa9,http://plus.kipris.or.kr/openapi/fileToss.jsp?arg=75a63eed5a438998f9dc3380f5cb642cd56dcb0e0f0995b0187836737e94fb396332e3fa732ce845f8c27c7491e8a675751d7c82102ce4b3,0.7044030427932739,0.7280774712562561,0.7115054130554199,0
1606,3020000012594-09-01,3020000020569-09-01,포장용 병,액체용기,http://plus.kipris.or.kr/openapi/fileToss.jsp?arg=75a63eed5a438998f9dc3380f5cb642cd56dcb0e0f0995b08964a6c84ce8cbe1a2734cd20ff462c98c85951218f53d284b816d8feaa89eb2,http://plus.kipris.or.kr/openapi/fileToss.jsp?arg=75a63eed5a438998f9dc3380f5cb642cd56dcb0e0f0995b0bea0399dd2b7a3e51bd7c881a493e52a791c7538a9639bddd7b2faecdbba07e4,0.7440412640571594,0.8316996097564697,0.770338773727417,0
1607,3020000013862-09-01,3020000023870-09-01,포장용 용기,향수용기,http://plus.kipris.or.kr/openapi/fileToss.jsp?arg=75a63eed5a438998f9dc3380f5cb642cd56dcb0e0f0995b0bdcfae06342df685f8cbf1fb50c4736d33893aee3cc4dc17195a85e4e2e12aee,http://plus.kipris.or.kr/openapi/fileToss.jsp?arg=75a63eed5a438998f9dc3380f5cb642cd56dcb0e0f0995b09b1f6789fb9751245383ec1ea175fde38980f608958d08b24d25b9f5e51856ef,0.7146705985069275,0.8451058864593506,0.7538012266159058,0
1608,3020000024538-09-01,3020000015457-09-01,세제용기,포장용 병,http://plus.kipris.or.kr/openapi/fileToss.jsp?arg=75a63eed5a438998f9dc3380f5cb642cd56dcb0e0f0995b005b3db6b458aa73bad765829c40530d0cdae46fabefe5640124f6532c7dd887e,http://plus.kipris.or.kr/openapi/fileToss.jsp?arg=75a63eed5a438998f9dc3380f5cb642cd56dcb0e0f0995b07ba686bc001e12b739fc00a00738800f11b276c8c1ad430bb75ae3202b38e63a,0.7062906622886658,0.797798752784729,0.7337430715560913,0
1609,3020000001944-09-01,3020000021438-09-01,포장용 용기,포장용용기,http://plus.kipris.or.kr/openapi/fileToss.jsp?arg=75a63eed5a438998f9dc3380f5cb642cd56dcb0e0f0995b0b700f0235c7824b0b43f28481065a752e5d089eb08c52349f4e073b2d6476be6,http://plus.kipris.or.kr/openapi/fileToss.jsp?arg=75a63eed5a438998f9dc3380f5cb642cd56dcb0e0f0995b006449c7f1c85a4a77af12798cb61bd12e9ee25a7f9a1aa6fc2f018d3922184fe,0.8006805777549744,0.8644957542419434,0.8198251724243164,0
1610,3020000002328-09-01,3020000002476-09-01,화장품용 용기,화장품 용기,http://plus.kipris.or.kr/openapi/fileToss.jsp?arg=75a63eed5a438998f9dc3380f5cb642cd56dcb0e0f0995b0680d52483fc7b07d916a4a7b517f831f101577971270299ebf98e6465a61ea3d,http://plus.kipris.or.kr/openapi/fileToss.jsp?arg=75a63eed5a438998f9dc3380f5cb642cd56dcb0e0f0995b0680d52483fc7b07df16a5d956a617ab8f7c6e699c1ad01fcfb58d3fe67145aac,0.8118290901184082,0.9420439004898071,0.850893497467041,0
1611,3020000017002-09-01,3020000004362-09-01,포장용 용기,식음료용 병,http://plus.kipris.or.kr/openapi/fileToss.jsp?arg=75a63eed5a438998f9dc3380f5cb642cd56dcb0e0f0995b0d8ee6709638b6fa151acb057bf4b283f9c05647f46a69bf4f45ad7871cac2a62,http://plus.kipris.or.kr/openapi/fileToss.jsp?arg=75a63eed5a438998f9dc3380f5cb642cd56dcb0e0f0995b03069a7817908f14f862ab5db3dff0eb92fd7fdd29ff88e10e25acfb8517467b6,0.8720877170562744,0.8893042206764221,0.8772526979446411,0
1612,3020000024360-09-01,3020000019759-09-01,포장용 술병,화장품 포장용 병,http://plus.kipris.or.kr/openapi/fileToss.jsp?arg=75a63eed5a438998f9dc3380f5cb642cd56dcb0e0f0995b005b3db6b458aa73b20b29c3eb5bdefd21910298216c726c83ff3ecb47597980a,http://plus.kipris.or.kr/openapi/fileToss.jsp?arg=75a63eed5a438998f9dc3380f5cb642cd56dcb0e0f0995b0f63a2eefd11079d006f4cd70f75e4ac610bfc3abe14df3d3086b3bbca9aa1250,0.7882144451141357,0.8811410665512085,0.8160924911499023,0
1613,3020000014030-09-01,3020000000778-09-01,화장품 용기,포장용 용기,http://plus.kipris.or.kr/openapi/fileToss.jsp?arg=75a63eed5a438998f9dc3380f5cb642cd56dcb0e0f0995b0606f4df1f99f4081c635518eb2e9ae224c414ca4a2923d3bcd379b6939d30e0d,http://plus.kipris.or.kr/openapi/fileToss.jsp?arg=75a63eed5a438998f9dc3380f5cb642cd56dcb0e0f0995b0cc72ed919b3423003267d3a705c3e4d98f27ea2c522497cefecb62532b87ba02,0.7619531750679016,0.8161090612411499,0.7781999111175537,0
1614,3020000001557-09-01,3020000030806-09-01,화장품 용기,화장품 용기,http://plus.kipris.or.kr/openapi/fileToss.jsp?arg=75a63eed5a438998f9dc3380f5cb642cd56dcb0e0f0995b0b700f0235c7824b02742d12238f52e5f07b186765f208389c570a9d328b403be,http://plus.kipris.or.kr/openapi/fileToss.jsp?arg=75a63eed5a438998f9dc3380f5cb642cd56dcb0e0f0995b0b9420cad9c5990e07e891c91ed3c638d5dcbf45ab163ad9a924e0aa3018eddb8,0.7385443449020386,0.9121912121772766,0.7906383872032166,0
1615,3020000025082-09-01,3020000005898-09-01,화장품 용기,화장품 용기,http://plus.kipris.or.kr/openapi/fileToss.jsp?arg=75a63eed5a438998f9dc3380f5cb642cd56dcb0e0f0995b07a28099d0ef98e17803670e82954ba5e12b0a859bd0e152dadcc4d5d7d946fff,http://plus.kipris.or.kr/openapi/fileToss.jsp?arg=75a63eed5a438998f9dc3380f5cb642cd56dcb0e0f0995b08fe3e6d10b56cc3d9f98bc4caf4fb052f4fcc92f245ce3352ce60ba1daa839cc,0.7395443320274353,0.9597456455230713,0.8056046962738037,0
1616,3020000031695-09-01,3020000008383-09-01,화장품 용기,화장품 용기,http://plus.kipris.or.kr/openapi/fileToss.jsp?arg=75a63eed5a438998f9dc3380f5cb642cd56dcb0e0f0995b089d7a621b89857a2fe66ea06c9f515a9617e0f7f5f4b7a6fec3a10e23f6305e0,http://plus.kipris.or.kr/openapi/fileToss.jsp?arg=75a63eed5a438998f9dc3380f5cb642cd56dcb0e0f0995b06226a1b53136408c5412bc4c3b3d3f2df08cd7d4df154938db852a37eede5581,0.8966408371925354,0.8703794479370117,0.8887624740600586,0
1617,3020000014580-09-01,3020000028667-09-01,화장품 용기,포장용 용기,http://plus.kipris.or.kr/openapi/fileToss.jsp?arg=75a63eed5a438998f9dc3380f5cb642cd56dcb0e0f0995b0606f4df1f99f408131dbbf949e2f4252997a391f76667cd85a5b397db849ef57,http://plus.kipris.or.kr/openapi/fileToss.jsp?arg=75a63eed5a438998f9dc3380f5cb642cd56dcb0e0f0995b0227542a1f24a7361e3d4617c23baf4476907d466f34874c96f385e2798a24d8b,0.8545801043510437,0.8191511034965515,0.843951404094696,0
1618,3020000031065-09-01,3020000018258-09-01,화장품 용기,음료용 캔,http://plus.kipris.or.kr/openapi/fileToss.jsp?arg=75a63eed5a438998f9dc3380f5cb642cd56dcb0e0f0995b089d7a621b89857a24e563e71b55eadeece1d1222c27c878b2693578151f9751c,http://plus.kipris.or.kr/openapi/fileToss.jsp?arg=75a63eed5a438998f9dc3380f5cb642cd56dcb0e0f0995b0deac54f8925f4c7d8c19ebbaa9b69594dbe0bf3a992ba5bf2cca05cd3aec32c9,0.939382791519165,0.7124825716018677,0.87131267786026,0
1619,3020000008854-09-01,3020000015281-09-01,화장품 용기,화장품 용기,http://plus.kipris.or.kr/openapi/fileToss.jsp?arg=75a63eed5a438998f9dc3380f5cb642cd56dcb0e0f0995b06226a1b53136408c77446a31574122b0743535ab5bada7b3960f30d1eb9208af,http://plus.kipris.or.kr/openapi/fileToss.jsp?arg=75a63eed5a438998f9dc3380f5cb642cd56dcb0e0f0995b07ba686bc001e12b75d136b4df6d33bb5ee7af5f7920fa4cd8af2edb935f9c2f7,0.8514330387115479,0.9203525185585022,0.8721088767051697,0
1620,3020000026714-09-01,3020000032390-09-01,양념장포장용용기,화장품 용기,http://plus.kipris.or.kr/openapi/fileToss.jsp?arg=75a63eed5a438998f9dc3380f5cb642cd56dcb0e0f0995b035c516d305aed145d03b9d9d2a0fe85b75f03b4602eac21ee86347a45aa5360a,http://plus.kipris.or.kr/openapi/fileToss.jsp?arg=75a63eed5a438998f9dc3380f5cb642cd56dcb0e0f0995b056fef538e42de114992500162809c30904332274da7c8757a1add74474f28413,0.8443396091461182,0.7158762216567993,0.8058005571365356,0
1621,3020000028666-09-01,3020000030698-09-01,포장용 용기,음료용 병,http://plus.kipris.or.kr/openapi/fileToss.jsp?arg=75a63eed5a438998f9dc3380f5cb642cd56dcb0e0f0995b0227542a1f24a7361e3d4617c23baf447860c1fd3c78d389a5b1c2772bbc55477,http://plus.kipris.or.kr/openapi/fileToss.jsp?arg=75a63eed5a438998f9dc3380f5cb642cd56dcb0e0f0995b0b9420cad9c5990e0fedfec3ce9cb4a02f555a1df4c240a2e40b6271a5b6ae615,0.8487130403518677,0.8710214495658875,0.8554055690765381,0
1622,3020000025935-09-01,3020000018764-09-01,플라스틱병,음료병,http://plus.kipris.or.kr/openapi/fileToss.jsp?arg=75a63eed5a438998f9dc3380f5cb642cd56dcb0e0f0995b07a28099d0ef98e17823896417f37d3fc4aef395a76d30843dbd194fc09ef1e40,http://plus.kipris.or.kr/openapi/fileToss.jsp?arg=75a63eed5a438998f9dc3380f5cb642cd56dcb0e0f0995b0deac54f8925f4c7dff73e655a395ca11d4fee4764a23fb70deede27ac4dd8a81,0.6536798477172852,0.6659122109413147,0.6573495864868164,0
1623,3020000018871-09-01,3020000005379-09-01,화장품 용기,포장용 술병,http://plus.kipris.or.kr/openapi/fileToss.jsp?arg=75a63eed5a438998f9dc3380f5cb642cd56dcb0e0f0995b0deac54f8925f4c7d01c27b3b9348c797506af132d8ad44a8cacd636453f46cf0,http://plus.kipris.or.kr/openapi/fileToss.jsp?arg=75a63eed5a438998f9dc3380f5cb642cd56dcb0e0f0995b08fe3e6d10b56cc3d7130e33ba6c2605b9e77521b40d6dd65c5a5ee6338c45597,0.7193933725357056,0.8743424415588379,0.7658780813217163,0
1624,3020000029148-09-01,3020000019759-09-01,술병,화장품 포장용 병,http://plus.kipris.or.kr/openapi/fileToss.jsp?arg=75a63eed5a438998f9dc3380f5cb642cd56dcb0e0f0995b011f68ef22f394dd2b1e8fa62f7dbf6eb93ae353ab0d4ab6795b99ad8acd4dea9,http://plus.kipris.or.kr/openapi/fileToss.jsp?arg=75a63eed5a438998f9dc3380f5cb642cd56dcb0e0f0995b0f63a2eefd11079d006f4cd70f75e4ac610bfc3abe14df3d346e1bfe493c4d703,0.9420260787010193,0.7712786197662354,0.8908017873764038,0
1625,3020000018268-09-01,3020000024008-09-01,화장품 용기,포장용 용기,http://plus.kipris.or.kr/openapi/fileToss.jsp?arg=75a63eed5a438998f9dc3380f5cb642cd56dcb0e0f0995b0deac54f8925f4c7dab2df396aedd8dba048d60148f3f5c10a0f3bc53c402fabf,http://plus.kipris.or.kr/openapi/fileToss.jsp?arg=75a63eed5a438998f9dc3380f5cb642cd56dcb0e0f0995b005b3db6b458aa73b151a4a7d8a9837b37ab1ca3487f1f0672cbdc8178c10501a,0.8264862298965454,0.786439836025238,0.8144723176956177,0
1626,3020000032581-09-01,3020000020571-09-01,화장품 용기,화장품 용기,http://plus.kipris.or.kr/openapi/fileToss.jsp?arg=75a63eed5a438998f9dc3380f5cb642cd56dcb0e0f0995b056fef538e42de114c938f9d32b974d972fd3dc3dcfeadae06875415193f3f4c9,http://plus.kipris.or.kr/openapi/fileToss.jsp?arg=75a63eed5a438998f9dc3380f5cb642cd56dcb0e0f0995b0bea0399dd2b7a3e5b435903018a1a9f590abe6ce4464e1554bdfe385b2fc9af2,0.7973546385765076,0.9729087352752686,0.8500208854675293,0
1627,3020000033636-09-01,3020000029919-09-01,화장품 용기,화장품 용기,http://plus.kipris.or.kr/openapi/fileToss.jsp?arg=75a63eed5a438998f9dc3380f5cb642cd56dcb0e0f0995b0f32787804da8b7adcbf6ebf8d002420f4cdaa1d493e33f0b78fc2fe50f627359,http://plus.kipris.or.kr/openapi/fileToss.jsp?arg=75a63eed5a438998f9dc3380f5cb642cd56dcb0e0f0995b011f68ef22f394dd2f0b8046f71cf13a1b9d33cb8e9020588f74d6fc8da8bb334,0.831364631652832,0.9192238450050354,0.8577224016189575,0
1628,3020000000639-09-01,3020000031825-09-01,화장품용기,포장용 통,http://plus.kipris.or.kr/openapi/fileToss.jsp?arg=75a63eed5a438998f9dc3380f5cb642cd56dcb0e0f0995b0cc72ed919b34230099f327e961a5ac51ae48af4135c23fab99388eb6909d45b8,http://plus.kipris.or.kr/openapi/fileToss.jsp?arg=75a63eed5a438998f9dc3380f5cb642cd56dcb0e0f0995b089d7a621b89857a260d6d19455edef4751e7dff37af5264c99e5ba1aebaabf4d,0.7674548029899597,0.7629260420799255,0.7660961747169495,0
1629,3020000025561-09-01,3020000014871-09-01,세제용기,라이터용 화구,http://plus.kipris.or.kr/openapi/fileToss.jsp?arg=75a63eed5a438998f9dc3380f5cb642cd56dcb0e0f0995b07a28099d0ef98e171a64a952b3c73897cb417e4d393a37502bbb0ce805840f71,http://plus.kipris.or.kr/openapi/fileToss.jsp?arg=75a63eed5a438998f9dc3380f5cb642cd56dcb0e0f0995b0606f4df1f99f408190d3ac87de98d42638b2912400d65d98755a62e0c3b6fae4,0.8439391851425171,0.5818555355072021,0.7653141021728516,0
1630,3020000011000-09-01,3020000026403-09-01,포장용 용기,액체 화장품 용기,http://plus.kipris.or.kr/openapi/fileToss.jsp?arg=75a63eed5a438998f9dc3380f5cb642cd56dcb0e0f0995b070abdd713d0b290aa6f312245d3a82eec8de93ee8500b0db0e009053c317216e,http://plus.kipris.or.kr/openapi/fileToss.jsp?arg=75a63eed5a438998f9dc3380f5cb642cd56dcb0e0f0995b035c516d305aed14500996500c539b991471cdddbac838f411b05b968da0f270f,0.8599315285682678,0.7605879306793213,0.8301284313201904,0
1631,3020000032578-09-01,3020000032162-09-01,화장품 용기,화장품 용기,http://plus.kipris.or.kr/openapi/fileToss.jsp?arg=75a63eed5a438998f9dc3380f5cb642cd56dcb0e0f0995b056fef538e42de114a5789ee7e1d70e892127d09ddd1ea180540d6d56ef37378e,http://plus.kipris.or.kr/openapi/fileToss.jsp?arg=75a63eed5a438998f9dc3380f5cb642cd56dcb0e0f0995b056fef538e42de1141ca79b9eea990224c760b062d4d71d442df6803ed45607c3,0.924452543258667,0.8976656198501587,0.9164164662361145,0
1632,3020000024443-09-01,3020000018091-09-01,화장품 용기,액체 내용물 포장용 용기,http://plus.kipris.or.kr/openapi/fileToss.jsp?arg=75a63eed5a438998f9dc3380f5cb642cd56dcb0e0f0995b005b3db6b458aa73b827884159da4efa3241ff3f1a86abd35f1f74cd0efa63c0b,http://plus.kipris.or.kr/openapi/fileToss.jsp?arg=75a63eed5a438998f9dc3380f5cb642cd56dcb0e0f0995b0deac54f8925f4c7db087096564c2a872bf69aa715bc78a4ba090e8525b2f0ed8,0.89301997423172,0.8930041790008545,0.8930152654647827,0
1633,3020000017500-09-01,3020000016423-09-01,포장용 용기,화장품 용기,http://plus.kipris.or.kr/openapi/fileToss.jsp?arg=75a63eed5a438998f9dc3380f5cb642cd56dcb0e0f0995b0d8ee6709638b6fa11020c731eccb4d075f80d2fe240a7cb0147bb841630606c7,http://plus.kipris.or.kr/openapi/fileToss.jsp?arg=75a63eed5a438998f9dc3380f5cb642cd56dcb0e0f0995b0edd65ac4880d0f0cde88f35c1b19cc9c55a541844b9516d20e124d85b6a93260,0.6996481418609619,0.8192736506462097,0.7355358004570007,0
1634,3020000017679-09-01,3020000002023-09-01,화장품 용기,포장용용기,http://plus.kipris.or.kr/openapi/fileToss.jsp?arg=75a63eed5a438998f9dc3380f5cb642cd56dcb0e0f0995b0d8ee6709638b6fa1301e6f2c98fb3cd7a3bb760df179f32f5e10f3cb4d02e983,http://plus.kipris.or.kr/openapi/fileToss.jsp?arg=75a63eed5a438998f9dc3380f5cb642cd56dcb0e0f0995b0680d52483fc7b07dce8cf928834fb57d19980545f54a8647bc13447dbadeb14d,0.6893410086631775,0.875977635383606,0.7453320026397705,0
1635,3020000005898-09-01,3020000003008-09-01,화장품 용기,포장용 용기,http://plus.kipris.or.kr/openapi/fileToss.jsp?arg=75a63eed5a438998f9dc3380f5cb642cd56dcb0e0f0995b08fe3e6d10b56cc3d9f98bc4caf4fb052f4fcc92f245ce33553a5571dc18a8d9d,http://plus.kipris.or.kr/openapi/fileToss.jsp?arg=75a63eed5a438998f9dc3380f5cb642cd56dcb0e0f0995b00b66daf06c8a830629ab74559564aad1045d3af6b0bf2d75bb926922e4a93f2b,0.7029773592948914,0.7767657041549683,0.7251138687133789,0
1636,3020000009396-09-01,3020000022160-09-01,화장품 용기,화장품용기,http://plus.kipris.or.kr/openapi/fileToss.jsp?arg=75a63eed5a438998f9dc3380f5cb642cd56dcb0e0f0995b073590199e4f1dc1639c043446a843f3470496d74c2a4c07b448ac816fa471485,http://plus.kipris.or.kr/openapi/fileToss.jsp?arg=75a63eed5a438998f9dc3380f5cb642cd56dcb0e0f0995b02e6ec20e9488ca6619e7d183ad07870db0828e5b0b145e74ada932ed5878f2ba,0.7119225263595581,0.9890733957290649,0.7950677871704102,0
1637,3020000020333-09-01,3020000031169-09-01,로션 용기,화장품용기,http://plus.kipris.or.kr/openapi/fileToss.jsp?arg=75a63eed5a438998f9dc3380f5cb642cd56dcb0e0f0995b0bea0399dd2b7a3e511aac18d04956000f64111cca5e9d6f746c622f7e33d1d4f,http://plus.kipris.or.kr/openapi/fileToss.jsp?arg=75a63eed5a438998f9dc3380f5cb642cd56dcb0e0f0995b089d7a621b89857a2bda1ae1f5599e317818da205f7f25c65311581e51a33fd21,0.7327651977539062,0.8610361218452454,0.7712464928627014,0
1638,3020000017679-09-01,3020000031163-09-01,화장품 용기,화장품용기,http://plus.kipris.or.kr/openapi/fileToss.jsp?arg=75a63eed5a438998f9dc3380f5cb642cd56dcb0e0f0995b0d8ee6709638b6fa1301e6f2c98fb3cd7a3bb760df179f32f8124da061a20fb42,http://plus.kipris.or.kr/openapi/fileToss.jsp?arg=75a63eed5a438998f9dc3380f5cb642cd56dcb0e0f0995b089d7a621b89857a2bda1ae1f5599e317dbdb5c17e3d29fda429f15eadf9f1b0c,0.720419704914093,0.8813050389289856,0.7686853408813477,0
1639,3020000028282-09-01,3020000011905-09-01,포장용 용기,포장용 용기,http://plus.kipris.or.kr/openapi/fileToss.jsp?arg=75a63eed5a438998f9dc3380f5cb642cd56dcb0e0f0995b0227542a1f24a7361c5f2b82111502f219a26afd797e95518ff3cc4cf56f0efc8,http://plus.kipris.or.kr/openapi/fileToss.jsp?arg=75a63eed5a438998f9dc3380f5cb642cd56dcb0e0f0995b070abdd713d0b290a0b1bd5557f830a49d15bb8fcee375a0ed8a0149772fc1a22,0.617286205291748,0.8904473781585693,0.6992345452308655,0
1640,3020000012834-09-01,3020000033580-09-01,향수병,화장품 용기,http://plus.kipris.or.kr/openapi/fileToss.jsp?arg=75a63eed5a438998f9dc3380f5cb642cd56dcb0e0f0995b08964a6c84ce8cbe136b914a53e58c31f8da15c97024331bbc4a0ba82921d76bb,http://plus.kipris.or.kr/openapi/fileToss.jsp?arg=75a63eed5a438998f9dc3380f5cb642cd56dcb0e0f0995b0f32787804da8b7ad0513baa27761822424c67937ca6f7b5b71b8dcddec9899e1,0.9021170735359192,0.7318040728569031,0.8510231971740723,0
1641,3020000017908-09-01,3020000021953-09-01,화장품 용기,포장용기,http://plus.kipris.or.kr/openapi/fileToss.jsp?arg=75a63eed5a438998f9dc3380f5cb642cd56dcb0e0f0995b0d8ee6709638b6fa1182d19b659de8ba0b15a67581927d86f3013d7759373a17f,http://plus.kipris.or.kr/openapi/fileToss.jsp?arg=75a63eed5a438998f9dc3380f5cb642cd56dcb0e0f0995b006449c7f1c85a4a78b7c1a7242ae14e9c5900488590f725aa5a1924781f7a4f8,0.6824333667755127,0.7702063322067261,0.7087652683258057,0
1642,3020000018258-09-01,3020000015200-09-01,음료용 캔,화장품 용기,http://plus.kipris.or.kr/openapi/fileToss.jsp?arg=75a63eed5a438998f9dc3380f5cb642cd56dcb0e0f0995b0deac54f8925f4c7d8c19ebbaa9b69594dbe0bf3a992ba5bf2cca05cd3aec32c9,http://plus.kipris.or.kr/openapi/fileToss.jsp?arg=75a63eed5a438998f9dc3380f5cb642cd56dcb0e0f0995b07ba686bc001e12b7ebd23e10645d463a3bdf3df38bb1a275e0f935a00afb8aad,0.6993228793144226,0.7214680314064026,0.7059664130210876,0
1643,3020000023861-09-01,3020000011007-09-01,화장품 용기,화장품 용기,http://plus.kipris.or.kr/openapi/fileToss.jsp?arg=75a63eed5a438998f9dc3380f5cb642cd56dcb0e0f0995b09b1f6789fb9751249d50c7f3b7f0515a7da19ff2e6aa31148d5908deb1a01b9f,http://plus.kipris.or.kr/openapi/fileToss.jsp?arg=75a63eed5a438998f9dc3380f5cb642cd56dcb0e0f0995b070abdd713d0b290aa6f312245d3a82ee6abff9afa2ecfcfd3e3c91e8685e3e85,0.9034655094146729,0.9672569036483765,0.9226028919219971,0
1644,3020000015228-09-01,3020000010608-09-01,포장용 용기,향수용기,http://plus.kipris.or.kr/openapi/fileToss.jsp?arg=75a63eed5a438998f9dc3380f5cb642cd56dcb0e0f0995b07ba686bc001e12b736b25ce876b15baee6fa5b98ab5666b62855bfd6767d6c6a,http://plus.kipris.or.kr/openapi/fileToss.jsp?arg=75a63eed5a438998f9dc3380f5cb642cd56dcb0e0f0995b0ef3ea9b059e12421ac8898e2abf04f2abfe0c93f850ea72404b9de047cf89659,0.7704387903213501,0.864209771156311,0.7985700368881226,0
1645,3020000007581-09-01,3020000011989-09-01,향수병,드링크 병,http://plus.kipris.or.kr/openapi/fileToss.jsp?arg=75a63eed5a438998f9dc3380f5cb642cd56dcb0e0f0995b0fdcd45318d7ff23cbe8f9d6b58b35c17304b4de69f264fbad1e5636d71d12d0a,http://plus.kipris.or.kr/openapi/fileToss.jsp?arg=75a63eed5a438998f9dc3380f5cb642cd56dcb0e0f0995b070abdd713d0b290a22025622b2f6a4c0026452b7351c2cfe99832b67867a1cd9,0.8126748204231262,0.718349277973175,0.7843772172927856,0
1646,3020000005652-09-01,3020000027734-09-01,포장용 용기,포장용 용기,http://plus.kipris.or.kr/openapi/fileToss.jsp?arg=75a63eed5a438998f9dc3380f5cb642cd56dcb0e0f0995b08fe3e6d10b56cc3dd860bdd2e2498e9ae78cdee054c9d58fc542ec1073fa86cf,http://plus.kipris.or.kr/openapi/fileToss.jsp?arg=75a63eed5a438998f9dc3380f5cb642cd56dcb0e0f0995b01b6467bd697fe99c304237b1c4ccf2648bc1a773011b168e12e399c78f6e97f1,0.8206371068954468,0.9969174861907959,0.8735212087631226,0
1647,3020000014720-09-01,3020000021678-09-01,음료수 병,포장용 용기,http://plus.kipris.or.kr/openapi/fileToss.jsp?arg=75a63eed5a438998f9dc3380f5cb642cd56dcb0e0f0995b0606f4df1f99f408147acd64ca7a100af79f950bb027a98d8a9caa90b9b3fd060,http://plus.kipris.or.kr/openapi/fileToss.jsp?arg=75a63eed5a438998f9dc3380f5cb642cd56dcb0e0f0995b006449c7f1c85a4a76082ed448bf618402e55be811569258981c5a63ff16eaeda,0.6701192259788513,0.7661705017089844,0.6989346146583557,0
1648,3020000022812-09-01,3020000032581-09-01,포장용 병,화장품 용기,http://plus.kipris.or.kr/openapi/fileToss.jsp?arg=75a63eed5a438998f9dc3380f5cb642cd56dcb0e0f0995b02e6ec20e9488ca663ad59844fd3ba6d2d1f8ed2d2803d4e407f57426de71ea98,http://plus.kipris.or.kr/openapi/fileToss.jsp?arg=75a63eed5a438998f9dc3380f5cb642cd56dcb0e0f0995b056fef538e42de114c938f9d32b974d972fd3dc3dcfeadae06875415193f3f4c9,0.8399775624275208,0.8359426856040955,0.8387670516967773,0
1649,3020000007445-09-01,3020000023960-09-01,샴푸용기,향수용 분무기,http://plus.kipris.or.kr/openapi/fileToss.jsp?arg=75a63eed5a438998f9dc3380f5cb642cd56dcb0e0f0995b0fdcd45318d7ff23c308bbaa2658dde0908ce1448e4d7f44e2e63d2c4281adb41,http://plus.kipris.or.kr/openapi/fileToss.jsp?arg=75a63eed5a438998f9dc3380f5cb642cd56dcb0e0f0995b09b1f6789fb97512435c6663bfd5ed5613a4a1a91772f1718bf56c98468b8870d,0.854770302772522,0.7082273960113525,0.8108074069023132,0
1650,3020000015229-09-01,3020000024534-09-01,포장용 용기,화장품 용기,http://plus.kipris.or.kr/openapi/fileToss.jsp?arg=75a63eed5a438998f9dc3380f5cb642cd56dcb0e0f0995b07ba686bc001e12b736b25ce876b15bae0e8aaa9c2ad9adfbd6232b2b2e9e98fc,http://plus.kipris.or.kr/openapi/fileToss.jsp?arg=75a63eed5a438998f9dc3380f5cb642cd56dcb0e0f0995b005b3db6b458aa73bad765829c40530d0971c65a9ec7bb854209c98dd8384b9a2,0.7887054681777954,0.7937041521072388,0.7902050614356995,0
1651,3020000031089-09-01,3020000030842-09-01,포장용기,화장품용기,http://plus.kipris.or.kr/openapi/fileToss.jsp?arg=75a63eed5a438998f9dc3380f5cb642cd56dcb0e0f0995b089d7a621b89857a2a6e995ef25b4de53c3b0a0f3559ebf12890b0cc26653ee7b,http://plus.kipris.or.kr/openapi/fileToss.jsp?arg=75a63eed5a438998f9dc3380f5cb642cd56dcb0e0f0995b0b9420cad9c5990e0a4a05627aedca40c6c5b6bb702b107031c99bbc312988895,0.7883477210998535,0.8454048037528992,0.8054648637771606,0
1652,3020000015830-09-01,3020000017908-09-01,화장품용기,화장품 용기,http://plus.kipris.or.kr/openapi/fileToss.jsp?arg=75a63eed5a438998f9dc3380f5cb642cd56dcb0e0f0995b07ba686bc001e12b7d26e09af6146358c38574e668718dd2676b7639687cc77c5,http://plus.kipris.or.kr/openapi/fileToss.jsp?arg=75a63eed5a438998f9dc3380f5cb642cd56dcb0e0f0995b0d8ee6709638b6fa1182d19b659de8ba0b15a67581927d86f6c64e69326177d14,0.840123176574707,0.8803958296775818,0.8522049188613892,0
1653,3020000028282-09-01,3020000012601-09-01,포장용 용기,세제용 용기,http://plus.kipris.or.kr/openapi/fileToss.jsp?arg=75a63eed5a438998f9dc3380f5cb642cd56dcb0e0f0995b0227542a1f24a7361c5f2b82111502f219a26afd797e95518f88ffea539e68cd9,http://plus.kipris.or.kr/openapi/fileToss.jsp?arg=75a63eed5a438998f9dc3380f5cb642cd56dcb0e0f0995b08964a6c84ce8cbe168aabef1f58be13cce1ea850f9b201c5e0e7d054bccb9b4e,0.6532846689224243,0.8205512762069702,0.7034646272659302,0
1654,3020000029019-09-01,3020000032447-09-01,화장품 용기,포장용 용기,http://plus.kipris.or.kr/openapi/fileToss.jsp?arg=75a63eed5a438998f9dc3380f5cb642cd56dcb0e0f0995b011f68ef22f394dd2390c13707ca28de788875746926698e5130eae92fa6dca26,http://plus.kipris.or.kr/openapi/fileToss.jsp?arg=75a63eed5a438998f9dc3380f5cb642cd56dcb0e0f0995b056fef538e42de114adfcf72cc6314c12724d86072dd1e0e1cc370ee64a76f864,0.6785032749176025,0.8764998912811279,0.7379022836685181,0
1655,3020000013863-09-01,3020000031168-09-01,포장용 용기,화장품용기,http://plus.kipris.or.kr/openapi/fileToss.jsp?arg=75a63eed5a438998f9dc3380f5cb642cd56dcb0e0f0995b0bdcfae06342df685f8cbf1fb50c4736d6ca4029587136d1043d9cbecd32574dd,http://plus.kipris.or.kr/openapi/fileToss.jsp?arg=75a63eed5a438998f9dc3380f5cb642cd56dcb0e0f0995b089d7a621b89857a2bda1ae1f5599e317e91e86b71eace806e3850b0cabf0659c,0.8889054656028748,0.8590532541275024,0.8799498081207275,0
1656,3020000033574-09-01,3020000007772-09-01,향수용기,포장용 병,http://plus.kipris.or.kr/openapi/fileToss.jsp?arg=75a63eed5a438998f9dc3380f5cb642cd56dcb0e0f0995b0f32787804da8b7add5c4bca3f493f084fbe15d523da3e9db021a46b5c0632184,http://plus.kipris.or.kr/openapi/fileToss.jsp?arg=75a63eed5a438998f9dc3380f5cb642cd56dcb0e0f0995b0fdcd45318d7ff23cc933b5cab7f8c645d9e46bfbdbc6f3727f63e4f9188936e7,0.8206507563591003,0.7817181348800659,0.8089709281921387,0
1657,3020000013860-09-01,3020000016022-09-01,포장용 용기,향수병,http://plus.kipris.or.kr/openapi/fileToss.jsp?arg=75a63eed5a438998f9dc3380f5cb642cd56dcb0e0f0995b0bdcfae06342df685f8cbf1fb50c4736dd58c5eb7e03827baa345171220d68be4,http://plus.kipris.or.kr/openapi/fileToss.jsp?arg=75a63eed5a438998f9dc3380f5cb642cd56dcb0e0f0995b0edd65ac4880d0f0c6eddf7c16beaabf046cfce850eacb0aa5e146fb383a99d2a,0.8092010617256165,0.8258271217346191,0.8141888976097107,0
1658,3020000003036-09-01,3020000005118-09-01,샴푸 용기,에어로졸 용기,http://plus.kipris.or.kr/openapi/fileToss.jsp?arg=75a63eed5a438998f9dc3380f5cb642cd56dcb0e0f0995b00b66daf06c8a83066ca29919efe34e1eb3799e6ace917d9a2fc98b142c76f295,http://plus.kipris.or.kr/openapi/fileToss.jsp?arg=75a63eed5a438998f9dc3380f5cb642cd56dcb0e0f0995b08fe3e6d10b56cc3d6fdd0a060b490f45a9cef516e81b9996e2638910046b2bfe,0.886649489402771,0.6901164650917053,0.8276895880699158,0
1659,3020000013606-09-01,3020000024463-09-01,화장품 용기,포장용 용기,http://plus.kipris.or.kr/openapi/fileToss.jsp?arg=75a63eed5a438998f9dc3380f5cb642cd56dcb0e0f0995b0bdcfae06342df685b5160b34fe202fbfabfe2536a403a69d2e1bbea21ba73afc,http://plus.kipris.or.kr/openapi/fileToss.jsp?arg=75a63eed5a438998f9dc3380f5cb642cd56dcb0e0f0995b005b3db6b458aa73be969790f4b87eaa5b26fec36e24da5f745ff841745c30725,0.8476365804672241,0.8843452334403992,0.8586491346359253,0
1660,3020000031696-09-01,3020000003007-09-01,화장품 용기,포장용 용기,http://plus.kipris.or.kr/openapi/fileToss.jsp?arg=75a63eed5a438998f9dc3380f5cb642cd56dcb0e0f0995b089d7a621b89857a2fe66ea06c9f515a9004527b3808598c005f394e9dd20bacf,http://plus.kipris.or.kr/openapi/fileToss.jsp?arg=75a63eed5a438998f9dc3380f5cb642cd56dcb0e0f0995b00b66daf06c8a830629ab74559564aad12fba1de06c513337e776af8a0f2e9235,0.828188419342041,0.7649332284927368,0.8092118501663208,0
1661,3020000007444-09-01,3020000011312-09-01,샴푸용기,술병,http://plus.kipris.or.kr/openapi/fileToss.jsp?arg=75a63eed5a438998f9dc3380f5cb642cd56dcb0e0f0995b0fdcd45318d7ff23c308bbaa2658dde09f849964c1ca6ebeb568c090b051122ec,http://plus.kipris.or.kr/openapi/fileToss.jsp?arg=75a63eed5a438998f9dc3380f5cb642cd56dcb0e0f0995b070abdd713d0b290a5ffe1b8eef7e114d8d90f591f2f6baf8d2b23ab6ff513c90,0.6816543340682983,0.6516201496124268,0.6726440787315369,0
1662,3020000021877-09-01,3020000033317-09-01,포장용 병,포장용 용기,http://plus.kipris.or.kr/openapi/fileToss.jsp?arg=75a63eed5a438998f9dc3380f5cb642cd56dcb0e0f0995b006449c7f1c85a4a70414a8256ca494f5043ecd5ebd0c3ee44a010eb500c920cc,http://plus.kipris.or.kr/openapi/fileToss.jsp?arg=75a63eed5a438998f9dc3380f5cb642cd56dcb0e0f0995b0f32787804da8b7ad8e33740856216fb3f7ca4d56add9768899b7f7e5fdf5ef89,0.7873033285140991,0.7557719945907593,0.7778438925743103,0
1663,3020000022161-09-01,3020000031698-09-01,화장품용기,화장품용기,http://plus.kipris.or.kr/openapi/fileToss.jsp?arg=75a63eed5a438998f9dc3380f5cb642cd56dcb0e0f0995b02e6ec20e9488ca6619e7d183ad07870d0e1f720ac109996a074395cad3b98e21,http://plus.kipris.or.kr/openapi/fileToss.jsp?arg=75a63eed5a438998f9dc3380f5cb642cd56dcb0e0f0995b089d7a621b89857a2fe66ea06c9f515a9995802f2cd000e197782e2813c1c9524,0.672426164150238,0.9223916530609131,0.7474157810211182,0
1664,3020000032063-09-01,3020000011001-09-01,화장품 함,포장용 용기,http://plus.kipris.or.kr/openapi/fileToss.jsp?arg=75a63eed5a438998f9dc3380f5cb642cd56dcb0e0f0995b056fef538e42de1141cf4f2c1684983873826053939283218a7e10c30db811d3f,http://plus.kipris.or.kr/openapi/fileToss.jsp?arg=75a63eed5a438998f9dc3380f5cb642cd56dcb0e0f0995b070abdd713d0b290aa6f312245d3a82ee762249b201b11d960e801134591fa1c4,0.7950558662414551,0.8768441081047058,0.8195923566818237,0
1665,3020000023526-09-01,3020000020571-09-01,향수 용기,화장품 용기,http://plus.kipris.or.kr/openapi/fileToss.jsp?arg=75a63eed5a438998f9dc3380f5cb642cd56dcb0e0f0995b09b1f6789fb97512406c585eb35ae35c5391bc9837eac95ab3dd7f8dcc1eb43fa,http://plus.kipris.or.kr/openapi/fileToss.jsp?arg=75a63eed5a438998f9dc3380f5cb642cd56dcb0e0f0995b0bea0399dd2b7a3e5b435903018a1a9f5132e0826c9f45c0b750ed7abfd35ac89,0.8929091691970825,0.8484331369400024,0.8795663714408875,0
1666,3020000000639-09-01,3020000018091-09-01,화장품용기,액체 내용물 포장용 용기,http://plus.kipris.or.kr/openapi/fileToss.jsp?arg=75a63eed5a438998f9dc3380f5cb642cd56dcb0e0f0995b0cc72ed919b34230099f327e961a5ac51ae48af4135c23fab6f670d44b37cad0a,http://plus.kipris.or.kr/openapi/fileToss.jsp?arg=75a63eed5a438998f9dc3380f5cb642cd56dcb0e0f0995b0deac54f8925f4c7db087096564c2a872bf69aa715bc78a4b4a1bc947125da484,0.8810591697692871,0.8584779500961304,0.8742848038673401,0
1667,3020000023374-09-01,3020000020672-09-01,화장품 용기,화장품용기,http://plus.kipris.or.kr/openapi/fileToss.jsp?arg=75a63eed5a438998f9dc3380f5cb642cd56dcb0e0f0995b09b1f6789fb97512449882dd38eee7b7064b74edfc7665664769e8d6c8056652d,http://plus.kipris.or.kr/openapi/fileToss.jsp?arg=75a63eed5a438998f9dc3380f5cb642cd56dcb0e0f0995b0bea0399dd2b7a3e5480d32b373ec1d9434054c8c454dbef02d27a2edf6ae1739,0.9563251733779907,0.9057640433311462,0.9411568641662598,0
1668,3020000022036-09-01,3020000001359-09-01,순간접착제용 용기,포장용병,http://plus.kipris.or.kr/openapi/fileToss.jsp?arg=75a63eed5a438998f9dc3380f5cb642cd56dcb0e0f0995b02e6ec20e9488ca665918ec678ad60b7f45ee3a721ada425d12db8c5c93aa9419,http://plus.kipris.or.kr/openapi/fileToss.jsp?arg=75a63eed5a438998f9dc3380f5cb642cd56dcb0e0f0995b0b700f0235c7824b0bee8638aea77cc447498725a267264019791190141e87603,0.7890797853469849,0.7606872320175171,0.7805619835853577,0
1669,3020000029019-09-01,3020000012831-09-01,화장품 용기,화장품 용기,http://plus.kipris.or.kr/openapi/fileToss.jsp?arg=75a63eed5a438998f9dc3380f5cb642cd56dcb0e0f0995b011f68ef22f394dd2390c13707ca28de788875746926698e5645955361144e050,http://plus.kipris.or.kr/openapi/fileToss.jsp?arg=75a63eed5a438998f9dc3380f5cb642cd56dcb0e0f0995b08964a6c84ce8cbe136b914a53e58c31f34471099fcd13951d4ab0c0d2379b9b6,0.650298535823822,0.9269020557403564,0.7332795858383179,0
1670,3020000033368-09-01,3020000008855-09-01,화장품 용기,화장품 용기,http://plus.kipris.or.kr/openapi/fileToss.jsp?arg=75a63eed5a438998f9dc3380f5cb642cd56dcb0e0f0995b0f32787804da8b7ad040f0c1c9fe98f73f8a44c81d3bee001408d05349c8b9aad,http://plus.kipris.or.kr/openapi/fileToss.jsp?arg=75a63eed5a438998f9dc3380f5cb642cd56dcb0e0f0995b06226a1b53136408c77446a31574122b0d4ee255adde4503be70deabaa7ca82d1,0.7292870879173279,0.9285537004470825,0.7890670895576477,0
1671,3020000015289-09-01,3020000009396-09-01,화장품 용기,화장품 용기,http://plus.kipris.or.kr/openapi/fileToss.jsp?arg=75a63eed5a438998f9dc3380f5cb642cd56dcb0e0f0995b07ba686bc001e12b75d136b4df6d33bb584d7d79f71a4cb7c391c0aa86c93c7e5,http://plus.kipris.or.kr/openapi/fileToss.jsp?arg=75a63eed5a438998f9dc3380f5cb642cd56dcb0e0f0995b073590199e4f1dc1639c043446a843f3470496d74c2a4c07b448ac816fa471485,0.7513793110847473,0.8957743644714355,0.7946978211402893,0
1672,3020000014928-09-01,3020000032940-09-01,음료용기,화장품 용기,http://plus.kipris.or.kr/openapi/fileToss.jsp?arg=75a63eed5a438998f9dc3380f5cb642cd56dcb0e0f0995b0606f4df1f99f408187506cb30276f5d07245a750976a3792ac86176daefa8147,http://plus.kipris.or.kr/openapi/fileToss.jsp?arg=75a63eed5a438998f9dc3380f5cb642cd56dcb0e0f0995b056fef538e42de114e7558e56be909ac7d9ed1a5414fe7bdf6db00d593cef8d6d,0.8806896209716797,0.5840437412261963,0.7916958332061768,0
1673,3020000001557-09-01,3020000011989-09-01,화장품 용기,드링크 병,http://plus.kipris.or.kr/openapi/fileToss.jsp?arg=75a63eed5a438998f9dc3380f5cb642cd56dcb0e0f0995b0b700f0235c7824b02742d12238f52e5f07b186765f2083893cb62b358e8d6860,http://plus.kipris.or.kr/openapi/fileToss.jsp?arg=75a63eed5a438998f9dc3380f5cb642cd56dcb0e0f0995b070abdd713d0b290a22025622b2f6a4c0026452b7351c2cfe0c2130045839a921,0.7665891647338867,0.643851637840271,0.729767918586731,0
1674,3020000006446-09-01,3020000024555-09-01,화장품 용기,화장품 용기,http://plus.kipris.or.kr/openapi/fileToss.jsp?arg=75a63eed5a438998f9dc3380f5cb642cd56dcb0e0f0995b0187836737e94fb39d0891ba1d3de6d92656ddd5ad5eda7389e29180fd6f04b69,http://plus.kipris.or.kr/openapi/fileToss.jsp?arg=75a63eed5a438998f9dc3380f5cb642cd56dcb0e0f0995b005b3db6b458aa73b5f84b5e88bb806fd5a05a0493fbf9dcb685dd282614839b6,0.7928720712661743,0.9572340250015259,0.8421806693077087,0
1675,3020000027388-09-01,3020000012072-09-01,포장용 용기,샴푸용기,http://plus.kipris.or.kr/openapi/fileToss.jsp?arg=75a63eed5a438998f9dc3380f5cb642cd56dcb0e0f0995b01b6467bd697fe99cc883ae80263b6d6f03450d55259062fb45bb864d044353c8,http://plus.kipris.or.kr/openapi/fileToss.jsp?arg=75a63eed5a438998f9dc3380f5cb642cd56dcb0e0f0995b08964a6c84ce8cbe101428d44c160746ec10ea66642096ecbc939f7769ffc7696,0.8604086637496948,0.7548543810844421,0.8287423849105835,0
1676,3020000028254-09-01,3020000004297-09-01,화장품 용기,화장품 용기,http://plus.kipris.or.kr/openapi/fileToss.jsp?arg=75a63eed5a438998f9dc3380f5cb642cd56dcb0e0f0995b0227542a1f24a736184b9181791c18e4fa67ec61a2b27ea41f8f06622e88c7565,http://plus.kipris.or.kr/openapi/fileToss.jsp?arg=75a63eed5a438998f9dc3380f5cb642cd56dcb0e0f0995b03069a7817908f14f5c65ec4818929027916d00649800f5605c0281a196c8d03a,0.9489614367485046,0.9398760795593262,0.9462358951568604,0
1677,3020000006438-09-01,3020000024557-09-01,화장품용기,화장품 용기,http://plus.kipris.or.kr/openapi/fileToss.jsp?arg=75a63eed5a438998f9dc3380f5cb642cd56dcb0e0f0995b0187836737e94fb39d6735824be9a53a7e1edc7ee54fa0b09985db5b11784e3ea,http://plus.kipris.or.kr/openapi/fileToss.jsp?arg=75a63eed5a438998f9dc3380f5cb642cd56dcb0e0f0995b005b3db6b458aa73b5f84b5e88bb806fd701ec43f9850a077439bf010ab6658cf,0.8228965401649475,0.9494156837463379,0.8608523011207581,0
1678,3020000020569-09-01,3020000014871-09-01,액체용기,라이터용 화구,http://plus.kipris.or.kr/openapi/fileToss.jsp?arg=75a63eed5a438998f9dc3380f5cb642cd56dcb0e0f0995b0bea0399dd2b7a3e51bd7c881a493e52a791c7538a9639bdd8061c48c762b6f55,http://plus.kipris.or.kr/openapi/fileToss.jsp?arg=75a63eed5a438998f9dc3380f5cb642cd56dcb0e0f0995b0606f4df1f99f408190d3ac87de98d42638b2912400d65d988e3fbdb47b481e46,0.7490012645721436,0.5859746932983398,0.7000932693481445,0
1679,3020000031165-09-01,3020000024712-09-01,화장품용기,에어컨 세정 스프레이,http://plus.kipris.or.kr/openapi/fileToss.jsp?arg=75a63eed5a438998f9dc3380f5cb642cd56dcb0e0f0995b089d7a621b89857a2bda1ae1f5599e3178632bd153853d7a3766338624889d13c,http://plus.kipris.or.kr/openapi/fileToss.jsp?arg=75a63eed5a438998f9dc3380f5cb642cd56dcb0e0f0995b005b3db6b458aa73b478bbee24fff2a97c1e7346cd4e6d36afe59b46dadbacd4d,0.868097722530365,0.6296270489692688,0.7965565323829651,0
1680,3020000015341-09-01,3020000025393-09-01,포장용용기,향수 용기,http://plus.kipris.or.kr/openapi/fileToss.jsp?arg=75a63eed5a438998f9dc3380f5cb642cd56dcb0e0f0995b07ba686bc001e12b775060f5fe4c5113b2881bebb645c6d6d71b2db1f80d59da5,http://plus.kipris.or.kr/openapi/fileToss.jsp?arg=75a63eed5a438998f9dc3380f5cb642cd56dcb0e0f0995b07a28099d0ef98e17b4fee342a5c9b755696247e88ba73474055f2d37b469ed88,0.7767213582992554,0.7799153327941895,0.7776795625686646,0
1681,3020000016129-09-01,3020000033178-09-01,음료용 병,샴푸용기,http://plus.kipris.or.kr/openapi/fileToss.jsp?arg=75a63eed5a438998f9dc3380f5cb642cd56dcb0e0f0995b0edd65ac4880d0f0c25087b935b4ee47a7a96c2768917e36865cab326eeaabbeb,http://plus.kipris.or.kr/openapi/fileToss.jsp?arg=75a63eed5a438998f9dc3380f5cb642cd56dcb0e0f0995b0f32787804da8b7ad260e51bd8f6e3480046220d68d97e79a855aaac640f526b6,0.7623928189277649,0.7130539417266846,0.7475911378860474,0
1682,3020000032940-09-01,3020000002022-09-01,화장품 용기,포장용용기,http://plus.kipris.or.kr/openapi/fileToss.jsp?arg=75a63eed5a438998f9dc3380f5cb642cd56dcb0e0f0995b056fef538e42de114e7558e56be909ac7d9ed1a5414fe7bdf224343feb4739c3b,http://plus.kipris.or.kr/openapi/fileToss.jsp?arg=75a63eed5a438998f9dc3380f5cb642cd56dcb0e0f0995b0680d52483fc7b07dce8cf928834fb57d8b35fe69e56e6a1ffa3ccd13e0986ecd,0.7535645961761475,0.8215299248695374,0.7739542126655579,0
1683,3020000029877-09-01,3020000015364-09-01,화장품용기,음료 용기,http://plus.kipris.or.kr/openapi/fileToss.jsp?arg=75a63eed5a438998f9dc3380f5cb642cd56dcb0e0f0995b011f68ef22f394dd26a964075748e6c188d7c175d4f7b56695bc3242a882434a9,http://plus.kipris.or.kr/openapi/fileToss.jsp?arg=75a63eed5a438998f9dc3380f5cb642cd56dcb0e0f0995b07ba686bc001e12b7d8b815ff2deb7faa2bd5930109a021222910515023b1159d,0.8412027955055237,0.7038682699203491,0.8000024557113647,0
1684,3020000029032-09-01,3020000030881-09-01,포장용기,화장품 용기,http://plus.kipris.or.kr/openapi/fileToss.jsp?arg=75a63eed5a438998f9dc3380f5cb642cd56dcb0e0f0995b011f68ef22f394dd26e88aba601c1a5ffaffd7513bd7646c28f469c72f768d895,http://plus.kipris.or.kr/openapi/fileToss.jsp?arg=75a63eed5a438998f9dc3380f5cb642cd56dcb0e0f0995b0b9420cad9c5990e04c31abfa397402975302087c776b8d55192a6a529b0ed4c5,0.788834273815155,0.7738302946090698,0.7843331098556519,0
1685,3020000021814-09-01,3020000025182-09-01,화장품 용기,화장품 용기,http://plus.kipris.or.kr/openapi/fileToss.jsp?arg=75a63eed5a438998f9dc3380f5cb642cd56dcb0e0f0995b006449c7f1c85a4a7187d3aa3a76c31b34df56d1f9862991d67cb8383276ad995,http://plus.kipris.or.kr/openapi/fileToss.jsp?arg=75a63eed5a438998f9dc3380f5cb642cd56dcb0e0f0995b07a28099d0ef98e17b231862f9c4558f7c6d4adbe3a495f9df4f1c113b9789e02,0.8455657958984375,0.9380441904067993,0.873309314250946,0
1686,3020000021438-09-01,3020000000039-09-01,포장용용기,포장용 병,http://plus.kipris.or.kr/openapi/fileToss.jsp?arg=75a63eed5a438998f9dc3380f5cb642cd56dcb0e0f0995b006449c7f1c85a4a77af12798cb61bd12e9ee25a7f9a1aa6f42bb8c885dedf999,http://plus.kipris.or.kr/openapi/fileToss.jsp?arg=75a63eed5a438998f9dc3380f5cb642cd56dcb0e0f0995b0cc72ed919b342300e663df0ee35bc8c6f313984ff39eaf8e6f1959c75f61fb10,0.6625182628631592,0.7874022722244263,0.6999834775924683,0
1687,3020000020333-09-01,3020000031694-09-01,로션 용기,화장품 용기,http://plus.kipris.or.kr/openapi/fileToss.jsp?arg=75a63eed5a438998f9dc3380f5cb642cd56dcb0e0f0995b0bea0399dd2b7a3e511aac18d04956000af141d67e972b7a9d8eb7995bc3c43ac,http://plus.kipris.or.kr/openapi/fileToss.jsp?arg=75a63eed5a438998f9dc3380f5cb642cd56dcb0e0f0995b089d7a621b89857a2fe66ea06c9f515a9803d07ec72b7995995e8bdfb634daeaa,0.8361361026763916,0.9188931584358215,0.8609632253646851,0
1688,3020000011558-09-01,3020000001139-09-01,술병,화장품 용기,http://plus.kipris.or.kr/openapi/fileToss.jsp?arg=75a63eed5a438998f9dc3380f5cb642cd56dcb0e0f0995b070abdd713d0b290a44af382d81afbb12e7c9bd040680775c2e03ed438f67356d,http://plus.kipris.or.kr/openapi/fileToss.jsp?arg=75a63eed5a438998f9dc3380f5cb642cd56dcb0e0f0995b0b700f0235c7824b0b9d15885ea58921e4fa81ba1133bfc8dd0e679aec7ff18fe,0.7676408290863037,0.7314718961715698,0.7567901611328125,0
1689,3020000010705-09-01,3020000025496-09-01,화장품용기,화장품용기,http://plus.kipris.or.kr/openapi/fileToss.jsp?arg=75a63eed5a438998f9dc3380f5cb642cd56dcb0e0f0995b0ef3ea9b059e12421eb4ff90610f382b9e11a7aad05f556e0b7888530200074d1,http://plus.kipris.or.kr/openapi/fileToss.jsp?arg=75a63eed5a438998f9dc3380f5cb642cd56dcb0e0f0995b07a28099d0ef98e17fe87dc1610c15d7febbc7abbf82666fc0904266d1fcd1cfb,0.7314049005508423,0.9574114680290222,0.7992068529129028,0
1690,3020000012912-09-01,3020000004208-09-01,포장용 용기,식음료용 병,http://plus.kipris.or.kr/openapi/fileToss.jsp?arg=75a63eed5a438998f9dc3380f5cb642cd56dcb0e0f0995b08964a6c84ce8cbe13965058d78ed76d452689b01fcf4a543eae138a16eec1d0a,http://plus.kipris.or.kr/openapi/fileToss.jsp?arg=75a63eed5a438998f9dc3380f5cb642cd56dcb0e0f0995b03069a7817908f14f26c983146bc1b18f48b2122d4f1a6e3b667dfdb1c941a6a5,0.9042092561721802,0.8658144474029541,0.8926908373832703,0
1691,3020000022802-09-01,3020000015292-09-01,화장품 용기,화장품 용기,http://plus.kipris.or.kr/openapi/fileToss.jsp?arg=75a63eed5a438998f9dc3380f5cb642cd56dcb0e0f0995b02e6ec20e9488ca6644c75fa6ac71ce2ddfb25e1d5721ab15e323c1aa42534011,http://plus.kipris.or.kr/openapi/fileToss.jsp?arg=75a63eed5a438998f9dc3380f5cb642cd56dcb0e0f0995b07ba686bc001e12b76e1758ca08fef1f14f2a37a2d5f23b2715bf4ddfd737eadd,0.7744424939155579,0.9347363114356995,0.8225306272506714,0
1692,3020000025996-09-01,3020000030843-09-01,식용유병,화장품용기,http://plus.kipris.or.kr/openapi/fileToss.jsp?arg=75a63eed5a438998f9dc3380f5cb642cd56dcb0e0f0995b07a28099d0ef98e176c583cef1aca2061f34cb46582ffffa82f51f2ffd141d91a,http://plus.kipris.or.kr/openapi/fileToss.jsp?arg=75a63eed5a438998f9dc3380f5cb642cd56dcb0e0f0995b0b9420cad9c5990e0a4a05627aedca40ca750b1c56ce2af314e324d7f978c4330,0.8712992072105408,0.7526434659957886,0.8357024788856506,0
1693,3020000024484-09-01,3020000009398-09-01,화장품 용기,화장품 용기,http://plus.kipris.or.kr/openapi/fileToss.jsp?arg=75a63eed5a438998f9dc3380f5cb642cd56dcb0e0f0995b005b3db6b458aa73b12ac262f8b7ca850ea83ae6d2ac6738d3d48678b5d7b9029,http://plus.kipris.or.kr/openapi/fileToss.jsp?arg=75a63eed5a438998f9dc3380f5cb642cd56dcb0e0f0995b073590199e4f1dc1639c043446a843f3453d8537be613b7343ea1e0a706e8ade2,0.7807157039642334,0.9193231463432312,0.8222979307174683,0
1694,3020000019784-09-01,3020000002083-09-01,식품포장용기,남성용 화장품 용기,http://plus.kipris.or.kr/openapi/fileToss.jsp?arg=75a63eed5a438998f9dc3380f5cb642cd56dcb0e0f0995b0f63a2eefd11079d0981ed2fff931e701fbc7d790be4e30329b2aaa27282999fa,http://plus.kipris.or.kr/openapi/fileToss.jsp?arg=75a63eed5a438998f9dc3380f5cb642cd56dcb0e0f0995b0680d52483fc7b07d3621f255e5f93b21b9855e12cd06cab9a99711da056e6e46,0.7967454195022583,0.7305933237075806,0.7768998146057129,0
1695,3020000007581-09-01,3020000005939-09-01,향수병,향수용기,http://plus.kipris.or.kr/openapi/fileToss.jsp?arg=75a63eed5a438998f9dc3380f5cb642cd56dcb0e0f0995b0fdcd45318d7ff23cbe8f9d6b58b35c17304b4de69f264fbafa62ba50e9df3fa3,http://plus.kipris.or.kr/openapi/fileToss.jsp?arg=75a63eed5a438998f9dc3380f5cb642cd56dcb0e0f0995b08fe3e6d10b56cc3d1138f71ea34dabcd61d8b10b27079cb4bde98ae10e2d29a2,0.761598527431488,0.7156090140342712,0.747801661491394,0
1696,3020000010913-09-01,3020000006510-09-01,향수병,화장품 용기,http://plus.kipris.or.kr/openapi/fileToss.jsp?arg=75a63eed5a438998f9dc3380f5cb642cd56dcb0e0f0995b0ef3ea9b059e124218e78add106288283ab700c059cc12111d929d405d47bc340,http://plus.kipris.or.kr/openapi/fileToss.jsp?arg=75a63eed5a438998f9dc3380f5cb642cd56dcb0e0f0995b0187836737e94fb39ab7bc0f298779f6fafa27d2d80d6ae4dea64c00106af69d9,0.8611409664154053,0.7362962961196899,0.8236875534057617,0
1697,3020000007581-09-01,3020000023255-09-01,향수병,식품용용기,http://plus.kipris.or.kr/openapi/fileToss.jsp?arg=75a63eed5a438998f9dc3380f5cb642cd56dcb0e0f0995b0fdcd45318d7ff23cbe8f9d6b58b35c17304b4de69f264fba6695b0c7dd5e4842,http://plus.kipris.or.kr/openapi/fileToss.jsp?arg=75a63eed5a438998f9dc3380f5cb642cd56dcb0e0f0995b09b1f6789fb975124ddde99bf437cdce8167068b4ae391de3761bcecc3e81795c,0.8914245963096619,0.7103551030158997,0.8371037244796753,0
1698,3020000014195-09-01,3020000030347-09-01,화장품 용기,포장용 용기,http://plus.kipris.or.kr/openapi/fileToss.jsp?arg=75a63eed5a438998f9dc3380f5cb642cd56dcb0e0f0995b0606f4df1f99f4081938bc2a8e797add1306d232c63241cfcd960e13638ef3eef,http://plus.kipris.or.kr/openapi/fileToss.jsp?arg=75a63eed5a438998f9dc3380f5cb642cd56dcb0e0f0995b0b9420cad9c5990e003a10973d6bdbbe33d0e3feb2ecc5d14feae97bb0b07f519,0.7932871580123901,0.8713459372520447,0.8167048096656799,0
1699,3020000019084-09-01,3020000016998-09-01,화장품 용기,포장용 용기,http://plus.kipris.or.kr/openapi/fileToss.jsp?arg=75a63eed5a438998f9dc3380f5cb642cd56dcb0e0f0995b0f63a2eefd11079d0da75e7bf06c36ac67a89fa829fb35a4c8ed70348cf8408a6,http://plus.kipris.or.kr/openapi/fileToss.jsp?arg=75a63eed5a438998f9dc3380f5cb642cd56dcb0e0f0995b0edd65ac4880d0f0cc2c085a4246e7b663e595944c7ecaccf7e2c01005e849ac9,0.8295033574104309,0.8223546147346497,0.8273587226867676,0
1700,3020000019323-09-01,3020000033444-09-01,포장용 용기,샴푸용기,http://plus.kipris.or.kr/openapi/fileToss.jsp?arg=75a63eed5a438998f9dc3380f5cb642cd56dcb0e0f0995b0f63a2eefd11079d0e31326d6f26acc1537b8431a4c97957c5cb7848199d37a45,http://plus.kipris.or.kr/openapi/fileToss.jsp?arg=75a63eed5a438998f9dc3380f5cb642cd56dcb0e0f0995b0f32787804da8b7ada2d771db11230ee4e87c7e16445051636fd484f9215ba1d6,0.7240756750106812,0.7153717875480652,0.7214645147323608,0
1701,3020000029918-09-01,3020000030583-09-01,화장품 용기,포장용 병,http://plus.kipris.or.kr/openapi/fileToss.jsp?arg=75a63eed5a438998f9dc3380f5cb642cd56dcb0e0f0995b011f68ef22f394dd2f0b8046f71cf13a118ade17c41ebb3b7d90feb50088e375d,http://plus.kipris.or.kr/openapi/fileToss.jsp?arg=75a63eed5a438998f9dc3380f5cb642cd56dcb0e0f0995b0b9420cad9c5990e068550a177cec7d2e16ecd0e8ec6a78db3ce25816fa0176eb,0.7011175155639648,0.786657452583313,0.7267795205116272,0
1702,3020000024712-09-01,3020000018351-09-01,에어컨 세정 스프레이,화장품 용기,http://plus.kipris.or.kr/openapi/fileToss.jsp?arg=75a63eed5a438998f9dc3380f5cb642cd56dcb0e0f0995b005b3db6b458aa73b478bbee24fff2a97c1e7346cd4e6d36aa25487249968ae81,http://plus.kipris.or.kr/openapi/fileToss.jsp?arg=75a63eed5a438998f9dc3380f5cb642cd56dcb0e0f0995b0deac54f8925f4c7d59f6c908e7f385a3ccff19416943de8de05e115dd053f9c8,0.8207284212112427,0.6053164601325989,0.7561048269271851,0
1703,3020000010705-09-01,3020000003577-09-01,화장품용기,양념 포장용기,http://plus.kipris.or.kr/openapi/fileToss.jsp?arg=75a63eed5a438998f9dc3380f5cb642cd56dcb0e0f0995b0ef3ea9b059e12421eb4ff90610f382b9e11a7aad05f556e0b7888530200074d1,http://plus.kipris.or.kr/openapi/fileToss.jsp?arg=75a63eed5a438998f9dc3380f5cb642cd56dcb0e0f0995b00b66daf06c8a8306f40401ae66692a3c7ebf1dbf6e14db621e2a9561eb1eff06,0.7901189923286438,0.8144518136978149,0.7974188327789307,0
1704,3020000030701-09-01,3020000001557-09-01,음료수 병,화장품 용기,http://plus.kipris.or.kr/openapi/fileToss.jsp?arg=75a63eed5a438998f9dc3380f5cb642cd56dcb0e0f0995b0b9420cad9c5990e0b9dddcdc7170a076e2534647fede03ce628e3f7eae6bf573,http://plus.kipris.or.kr/openapi/fileToss.jsp?arg=75a63eed5a438998f9dc3380f5cb642cd56dcb0e0f0995b0b700f0235c7824b02742d12238f52e5f07b186765f20838991c4f761cd8abb4c,0.8196985721588135,0.6329769492149353,0.7636821269989014,0
1705,3020000032578-09-01,3020000012833-09-01,화장품 용기,향수병,http://plus.kipris.or.kr/openapi/fileToss.jsp?arg=75a63eed5a438998f9dc3380f5cb642cd56dcb0e0f0995b056fef538e42de114a5789ee7e1d70e892127d09ddd1ea1809aa14bfd7ab96c51,http://plus.kipris.or.kr/openapi/fileToss.jsp?arg=75a63eed5a438998f9dc3380f5cb642cd56dcb0e0f0995b08964a6c84ce8cbe136b914a53e58c31fb0792085df3a43012a369f225d77da9f,0.9197321534156799,0.7970845699310303,0.8829378485679626,0
1706,3020000022439-09-01,3020000025182-09-01,포장용 용기,화장품 용기,http://plus.kipris.or.kr/openapi/fileToss.jsp?arg=75a63eed5a438998f9dc3380f5cb642cd56dcb0e0f0995b02e6ec20e9488ca6663752f4fd76355c595af55981a9c28ef4c8e099999e0186e,http://plus.kipris.or.kr/openapi/fileToss.jsp?arg=75a63eed5a438998f9dc3380f5cb642cd56dcb0e0f0995b07a28099d0ef98e17b231862f9c4558f7c6d4adbe3a495f9d6d55e1a5a7d01fb7,0.7619986534118652,0.8283902406692505,0.7819161415100098,0
1707,3020000024237-09-01,3020000023372-09-01,화장품 용기,화장품 용기,http://plus.kipris.or.kr/openapi/fileToss.jsp?arg=75a63eed5a438998f9dc3380f5cb642cd56dcb0e0f0995b005b3db6b458aa73bfe66f6f53797fb536dc6f239657d45390a17f28bf3d1d797,http://plus.kipris.or.kr/openapi/fileToss.jsp?arg=75a63eed5a438998f9dc3380f5cb642cd56dcb0e0f0995b09b1f6789fb97512449882dd38eee7b70234d8f05dc016cf4241931a4e9300dd6,0.7252620458602905,0.893034040927887,0.775593638420105,0
1708,3020000006610-09-01,3020000011558-09-01,화장품 용기,술병,http://plus.kipris.or.kr/openapi/fileToss.jsp?arg=75a63eed5a438998f9dc3380f5cb642cd56dcb0e0f0995b0187836737e94fb395ddfdaf352f7ad6a113f739e743d6b3b3d8dda38fd773007,http://plus.kipris.or.kr/openapi/fileToss.jsp?arg=75a63eed5a438998f9dc3380f5cb642cd56dcb0e0f0995b070abdd713d0b290a44af382d81afbb12e7c9bd040680775c0960c67950cd1e2c,0.6276569962501526,0.7111527323722839,0.652705729007721,0
1709,3020000014721-09-01,3020000023871-09-01,음료수병,향수용기,http://plus.kipris.or.kr/openapi/fileToss.jsp?arg=75a63eed5a438998f9dc3380f5cb642cd56dcb0e0f0995b0606f4df1f99f408147acd64ca7a100afd02dddd10af2d0c363b3b63a9604f196,http://plus.kipris.or.kr/openapi/fileToss.jsp?arg=75a63eed5a438998f9dc3380f5cb642cd56dcb0e0f0995b09b1f6789fb9751245383ec1ea175fde304e93e48583e0350dad8c10dd89072f7,0.7359799146652222,0.8221426010131836,0.7618287205696106,0
1710,3020000024957-09-01,3020000022802-09-01,화장품용기,화장품 용기,http://plus.kipris.or.kr/openapi/fileToss.jsp?arg=75a63eed5a438998f9dc3380f5cb642cd56dcb0e0f0995b005b3db6b458aa73be2c5f00e2cd5aa81f6e7b0e86f7ef30858ceee50285aea4d,http://plus.kipris.or.kr/openapi/fileToss.jsp?arg=75a63eed5a438998f9dc3380f5cb642cd56dcb0e0f0995b02e6ec20e9488ca6644c75fa6ac71ce2ddfb25e1d5721ab15f90976519a534a4a,0.863088846206665,0.9615293741226196,0.8926209807395935,0
1711,3020000004298-09-01,3020000030701-09-01,화장품 용기,음료수 병,http://plus.kipris.or.kr/openapi/fileToss.jsp?arg=75a63eed5a438998f9dc3380f5cb642cd56dcb0e0f0995b03069a7817908f14f5c65ec481892902746cda1b0085c286e926235c0431ae084,http://plus.kipris.or.kr/openapi/fileToss.jsp?arg=75a63eed5a438998f9dc3380f5cb642cd56dcb0e0f0995b0b9420cad9c5990e0b9dddcdc7170a076e2534647fede03cee2c631edeb6d7eec,0.8597050905227661,0.6336067914962769,0.7918756008148193,0
1712,3020000009575-09-01,3020000026403-09-01,샴푸용기,액체 화장품 용기,http://plus.kipris.or.kr/openapi/fileToss.jsp?arg=75a63eed5a438998f9dc3380f5cb642cd56dcb0e0f0995b073590199e4f1dc169941cfebbab156c51236626acb6177d44f37c86e5c80b346,http://plus.kipris.or.kr/openapi/fileToss.jsp?arg=75a63eed5a438998f9dc3380f5cb642cd56dcb0e0f0995b035c516d305aed14500996500c539b991471cdddbac838f411806d9f462d046cd,0.7929083704948425,0.6856527924537659,0.7607316970825195,0
1713,3020000015285-09-01,3020000017003-09-01,화장품 용기,포장용 용기,http://plus.kipris.or.kr/openapi/fileToss.jsp?arg=75a63eed5a438998f9dc3380f5cb642cd56dcb0e0f0995b07ba686bc001e12b75d136b4df6d33bb5ac403f7f7879e011ce6dd29b9491387b,http://plus.kipris.or.kr/openapi/fileToss.jsp?arg=75a63eed5a438998f9dc3380f5cb642cd56dcb0e0f0995b0d8ee6709638b6fa151acb057bf4b283fa8e32bcd5b75385da08e5bf3b293f9f0,0.6359355449676514,0.8427177667617798,0.6979702115058899,0
1714,3020000022336-09-01,3020000024700-09-01,포장용 용기,화장품 용기,http://plus.kipris.or.kr/openapi/fileToss.jsp?arg=75a63eed5a438998f9dc3380f5cb642cd56dcb0e0f0995b02e6ec20e9488ca6656c086b0f1da3515796931e901e901fd6a9a383a495ec46b,http://plus.kipris.or.kr/openapi/fileToss.jsp?arg=75a63eed5a438998f9dc3380f5cb642cd56dcb0e0f0995b005b3db6b458aa73bbe736c671d94092b7d1206dcbc128626e26672ea5a9fff39,0.7461531162261963,0.7027561664581299,0.7331340312957764,0
1715,3020000022802-09-01,3020000014928-09-01,화장품 용기,음료용기,http://plus.kipris.or.kr/openapi/fileToss.jsp?arg=75a63eed5a438998f9dc3380f5cb642cd56dcb0e0f0995b02e6ec20e9488ca6644c75fa6ac71ce2ddfb25e1d5721ab15e323c1aa42534011,http://plus.kipris.or.kr/openapi/fileToss.jsp?arg=75a63eed5a438998f9dc3380f5cb642cd56dcb0e0f0995b0606f4df1f99f408187506cb30276f5d07245a750976a37927da4b176b795acec,0.7099719643592834,0.6166375875473022,0.6819716691970825,0
1716,3020000018092-09-01,3020000019759-09-01,액체 내용물 포장용 용기,화장품 포장용 병,http://plus.kipris.or.kr/openapi/fileToss.jsp?arg=75a63eed5a438998f9dc3380f5cb642cd56dcb0e0f0995b0deac54f8925f4c7db087096564c2a8720026cc37eca14da50f33b10980ae5e4b,http://plus.kipris.or.kr/openapi/fileToss.jsp?arg=75a63eed5a438998f9dc3380f5cb642cd56dcb0e0f0995b0f63a2eefd11079d006f4cd70f75e4ac610bfc3abe14df3d3086b3bbca9aa1250,0.8253307342529297,0.8823562264442444,0.8424383401870728,0
1717,3020000032577-09-01,3020000023861-09-01,화장품 용기,화장품 용기,http://plus.kipris.or.kr/openapi/fileToss.jsp?arg=75a63eed5a438998f9dc3380f5cb642cd56dcb0e0f0995b056fef538e42de114a5789ee7e1d70e89bcd4e8929ad70eb437a49cc63a0f8f32,http://plus.kipris.or.kr/openapi/fileToss.jsp?arg=75a63eed5a438998f9dc3380f5cb642cd56dcb0e0f0995b09b1f6789fb9751249d50c7f3b7f0515a7da19ff2e6aa311405a28a267bfd71e1,0.8047477602958679,0.9036603569984436,0.8344215154647827,0
1718,3020000011144-09-01,3020000000962-09-01,향수병,포장용 병,http://plus.kipris.or.kr/openapi/fileToss.jsp?arg=75a63eed5a438998f9dc3380f5cb642cd56dcb0e0f0995b070abdd713d0b290a495f14ebd7c505e21cae541b5885dd24087a21f5413f467b,http://plus.kipris.or.kr/openapi/fileToss.jsp?arg=75a63eed5a438998f9dc3380f5cb642cd56dcb0e0f0995b0cc72ed919b3423001ec5b0b95cb6d97de6848fcad7d2dac24805941dc7022be6,0.8131840825080872,0.7970060110092163,0.8083306550979614,0
1719,3020000004297-09-01,3020000024557-09-01,화장품 용기,화장품 용기,http://plus.kipris.or.kr/openapi/fileToss.jsp?arg=75a63eed5a438998f9dc3380f5cb642cd56dcb0e0f0995b03069a7817908f14f5c65ec4818929027916d00649800f5602f27d934964a4703,http://plus.kipris.or.kr/openapi/fileToss.jsp?arg=75a63eed5a438998f9dc3380f5cb642cd56dcb0e0f0995b005b3db6b458aa73b5f84b5e88bb806fd701ec43f9850a077439bf010ab6658cf,0.8226335048675537,0.9513434171676636,0.8612464666366577,0
1720,3020000028261-09-01,3020000030343-09-01,화장품 용기,화장품 용기,http://plus.kipris.or.kr/openapi/fileToss.jsp?arg=75a63eed5a438998f9dc3380f5cb642cd56dcb0e0f0995b0227542a1f24a736122cfa453f48f4400fb8316e5f351d2cc335ad9983cfb7059,http://plus.kipris.or.kr/openapi/fileToss.jsp?arg=75a63eed5a438998f9dc3380f5cb642cd56dcb0e0f0995b0b9420cad9c5990e003a10973d6bdbbe30c9e2e3fef628cce19d82a5eb6357ffe,0.7721012234687805,0.9131150245666504,0.8144053220748901,0
1721,3020000006446-09-01,3020000026714-09-01,화장품 용기,양념장포장용용기,http://plus.kipris.or.kr/openapi/fileToss.jsp?arg=75a63eed5a438998f9dc3380f5cb642cd56dcb0e0f0995b0187836737e94fb39d0891ba1d3de6d92656ddd5ad5eda738a0d3f8363e32e01c,http://plus.kipris.or.kr/openapi/fileToss.jsp?arg=75a63eed5a438998f9dc3380f5cb642cd56dcb0e0f0995b035c516d305aed145d03b9d9d2a0fe85b75f03b4602eac21e378a7623ba0ee890,0.8195187449455261,0.767719030380249,0.8039788007736206,0
1722,3020000025996-09-01,3020000003008-09-01,식용유병,포장용 용기,http://plus.kipris.or.kr/openapi/fileToss.jsp?arg=75a63eed5a438998f9dc3380f5cb642cd56dcb0e0f0995b07a28099d0ef98e176c583cef1aca2061f34cb46582ffffa8c90c53de4854b751,http://plus.kipris.or.kr/openapi/fileToss.jsp?arg=75a63eed5a438998f9dc3380f5cb642cd56dcb0e0f0995b00b66daf06c8a830629ab74559564aad1045d3af6b0bf2d752e3c382db602f42d,0.851211428642273,0.7578710317611694,0.823209285736084,0
1723,3020000001139-09-01,3020000029616-09-01,화장품 용기,스프레이어(SPRAYER),http://plus.kipris.or.kr/openapi/fileToss.jsp?arg=75a63eed5a438998f9dc3380f5cb642cd56dcb0e0f0995b0b700f0235c7824b0b9d15885ea58921e64b88d6b7f5b424883c696017b3ffffc,http://plus.kipris.or.kr/openapi/fileToss.jsp?arg=75a63eed5a438998f9dc3380f5cb642cd56dcb0e0f0995b011f68ef22f394dd21b3c346cdf3ea013cebac424477325609c839cf81561ea7b,0.7864928841590881,0.7426655888557434,0.7733447551727295,0
1724,3020000004249-09-01,3020000030881-09-01,향수용기,화장품 용기,http://plus.kipris.or.kr/openapi/fileToss.jsp?arg=75a63eed5a438998f9dc3380f5cb642cd56dcb0e0f0995b03069a7817908f14fa773e0122ae173ab13156cf6a3dc80addd529f7883839b22,http://plus.kipris.or.kr/openapi/fileToss.jsp?arg=75a63eed5a438998f9dc3380f5cb642cd56dcb0e0f0995b0b9420cad9c5990e04c31abfa39740297661cfe583bee5c310f424f12d3560a75,0.7503364086151123,0.8470327854156494,0.7793453335762024,0
1725,3020000029879-09-01,3020000016998-09-01,화장품용기,포장용 용기,http://plus.kipris.or.kr/openapi/fileToss.jsp?arg=75a63eed5a438998f9dc3380f5cb642cd56dcb0e0f0995b011f68ef22f394dd26a964075748e6c1809aa21b6b39ae677c1c86e1ca9acc8e8,http://plus.kipris.or.kr/openapi/fileToss.jsp?arg=75a63eed5a438998f9dc3380f5cb642cd56dcb0e0f0995b0edd65ac4880d0f0cc2c085a4246e7b663e595944c7ecaccf7e113258e5f07b05,0.8552058935165405,0.8130967617034912,0.8425731658935547,0
1726,3020000015504-09-01,3020000015227-09-01,에센스 용기,포장용 용기,http://plus.kipris.or.kr/openapi/fileToss.jsp?arg=75a63eed5a438998f9dc3380f5cb642cd56dcb0e0f0995b07ba686bc001e12b758e859cb1aaaedad479739969bbfd1d486ae768a85edb56c,http://plus.kipris.or.kr/openapi/fileToss.jsp?arg=75a63eed5a438998f9dc3380f5cb642cd56dcb0e0f0995b07ba686bc001e12b736b25ce876b15bae7730a44f7e7c3c63098ea1abf86f2e94,0.7467212080955505,0.8621279001235962,0.7813432216644287,0
1727,3020000033180-09-01,3020000006642-09-01,샴푸용기,화장품 용기,http://plus.kipris.or.kr/openapi/fileToss.jsp?arg=75a63eed5a438998f9dc3380f5cb642cd56dcb0e0f0995b0f32787804da8b7ad453014fa1c02db95feda83a3e23f4f974b40a6445bb08084,http://plus.kipris.or.kr/openapi/fileToss.jsp?arg=75a63eed5a438998f9dc3380f5cb642cd56dcb0e0f0995b0187836737e94fb39fa1c5684c736430b65da5e0a57dd1032b2f36154c4ed7c09,0.8123812079429626,0.7493666410446167,0.7934768199920654,0
1728,3020000016998-09-01,3020000024484-09-01,포장용 용기,화장품 용기,http://plus.kipris.or.kr/openapi/fileToss.jsp?arg=75a63eed5a438998f9dc3380f5cb642cd56dcb0e0f0995b0edd65ac4880d0f0cc2c085a4246e7b663e595944c7ecaccf7e113258e5f07b05,http://plus.kipris.or.kr/openapi/fileToss.jsp?arg=75a63eed5a438998f9dc3380f5cb642cd56dcb0e0f0995b005b3db6b458aa73b12ac262f8b7ca850ea83ae6d2ac6738da5189524b9d3a563,0.8003785610198975,0.8456732630729675,0.8139669895172119,0
1729,3020000033313-09-01,3020000012072-09-01,포장용 용기,샴푸용기,http://plus.kipris.or.kr/openapi/fileToss.jsp?arg=75a63eed5a438998f9dc3380f5cb642cd56dcb0e0f0995b0f32787804da8b7ad8e33740856216fb3c0172fd44f657127ebb47edb28c069cc,http://plus.kipris.or.kr/openapi/fileToss.jsp?arg=75a63eed5a438998f9dc3380f5cb642cd56dcb0e0f0995b08964a6c84ce8cbe101428d44c160746ec10ea66642096ecbc939f7769ffc7696,0.7948518991470337,0.7670594453811646,0.786514163017273,0
1730,3020000010912-09-01,3020000015433-09-01,향수병,포장용 용기,http://plus.kipris.or.kr/openapi/fileToss.jsp?arg=75a63eed5a438998f9dc3380f5cb642cd56dcb0e0f0995b0ef3ea9b059e124218e78add10628828341da67d0ed53295de9cb5832d34e6947,http://plus.kipris.or.kr/openapi/fileToss.jsp?arg=75a63eed5a438998f9dc3380f5cb642cd56dcb0e0f0995b07ba686bc001e12b74f814a4956a5cebb3b7e77a65b11d9ab95d8e0448b2235d1,0.8044331073760986,0.7486156225204468,0.7876878380775452,0
1731,3020000029552-09-01,3020000024484-09-01,화장품 포장용 병,화장품 용기,http://plus.kipris.or.kr/openapi/fileToss.jsp?arg=75a63eed5a438998f9dc3380f5cb642cd56dcb0e0f0995b011f68ef22f394dd2daa4eb0629d5f2280ebb26f3fccf2a912820ba808c8f62a7,http://plus.kipris.or.kr/openapi/fileToss.jsp?arg=75a63eed5a438998f9dc3380f5cb642cd56dcb0e0f0995b005b3db6b458aa73b12ac262f8b7ca850ea83ae6d2ac6738d3d48678b5d7b9029,0.7604070901870728,0.8886265754699707,0.7988729476928711,0
1732,3020000014030-09-01,3020000007891-09-01,화장품 용기,화장품 용기,http://plus.kipris.or.kr/openapi/fileToss.jsp?arg=75a63eed5a438998f9dc3380f5cb642cd56dcb0e0f0995b0606f4df1f99f4081c635518eb2e9ae224c414ca4a2923d3b0e0383fc56431fc4,http://plus.kipris.or.kr/openapi/fileToss.jsp?arg=75a63eed5a438998f9dc3380f5cb642cd56dcb0e0f0995b0fdcd45318d7ff23c4c2fcfc79fa0afb05ff3ddcf0d33ac90063092879036b54d,0.8145650625228882,0.9586028456687927,0.857776403427124,0
1733,3020000031087-09-01,3020000015433-09-01,포장용기,포장용 용기,http://plus.kipris.or.kr/openapi/fileToss.jsp?arg=75a63eed5a438998f9dc3380f5cb642cd56dcb0e0f0995b089d7a621b89857a2a6e995ef25b4de53b033069178f77058868af609075f0578,http://plus.kipris.or.kr/openapi/fileToss.jsp?arg=75a63eed5a438998f9dc3380f5cb642cd56dcb0e0f0995b07ba686bc001e12b74f814a4956a5cebb3b7e77a65b11d9ab16f7b9b7daa180a4,0.8218423128128052,0.9433643817901611,0.8582988977432251,0
1734,3020000029211-09-01,3020000008854-09-01,포장용 용기,화장품 용기,http://plus.kipris.or.kr/openapi/fileToss.jsp?arg=75a63eed5a438998f9dc3380f5cb642cd56dcb0e0f0995b011f68ef22f394dd2cbe811d661abacb57f7d34fff32a6abf20b9d442baec733a,http://plus.kipris.or.kr/openapi/fileToss.jsp?arg=75a63eed5a438998f9dc3380f5cb642cd56dcb0e0f0995b06226a1b53136408c77446a31574122b0743535ab5bada7b3e5155b1317a0f52e,0.8835065364837646,0.848534345626831,0.8730149269104004,0
1735,3020000017678-09-01,3020000023255-09-01,화장품 용기,식품용용기,http://plus.kipris.or.kr/openapi/fileToss.jsp?arg=75a63eed5a438998f9dc3380f5cb642cd56dcb0e0f0995b0d8ee6709638b6fa1301e6f2c98fb3cd7cb5c72a4760d6b4294708c5b5d1cc4b6,http://plus.kipris.or.kr/openapi/fileToss.jsp?arg=75a63eed5a438998f9dc3380f5cb642cd56dcb0e0f0995b09b1f6789fb975124ddde99bf437cdce8167068b4ae391de38065d35f4f129750,0.8620821237564087,0.782289445400238,0.8381443023681641,0
1736,3020000007043-09-01,3020000015285-09-01,포장용기,화장품 용기,http://plus.kipris.or.kr/openapi/fileToss.jsp?arg=75a63eed5a438998f9dc3380f5cb642cd56dcb0e0f0995b0fdcd45318d7ff23c26d838b2a3bc7b054db3382f2acfb6b27eeae263af03a446,http://plus.kipris.or.kr/openapi/fileToss.jsp?arg=75a63eed5a438998f9dc3380f5cb642cd56dcb0e0f0995b07ba686bc001e12b75d136b4df6d33bb5ac403f7f7879e0111fe5e82fc910a0f9,0.8626779913902283,0.8544968366622925,0.860223650932312,0
1737,3020000028626-09-01,3020000017373-09-01,포장용 병,포장용간장용기,http://plus.kipris.or.kr/openapi/fileToss.jsp?arg=75a63eed5a438998f9dc3380f5cb642cd56dcb0e0f0995b0227542a1f24a7361a615bd7b9a4da4d25314d588717f4a34cf72b25571ceb4e8,http://plus.kipris.or.kr/openapi/fileToss.jsp?arg=75a63eed5a438998f9dc3380f5cb642cd56dcb0e0f0995b0d8ee6709638b6fa1b9cc41fb9d879150833073c7f50887829cf75d152bc7534c,0.8345777988433838,0.8243691921234131,0.8315151929855347,0
1738,3020000013864-09-01,3020000024555-09-01,포장용 용기,화장품 용기,http://plus.kipris.or.kr/openapi/fileToss.jsp?arg=75a63eed5a438998f9dc3380f5cb642cd56dcb0e0f0995b0bdcfae06342df685f8cbf1fb50c4736d5266c6728b66f1079ad84501bf82ba89,http://plus.kipris.or.kr/openapi/fileToss.jsp?arg=75a63eed5a438998f9dc3380f5cb642cd56dcb0e0f0995b005b3db6b458aa73b5f84b5e88bb806fd5a05a0493fbf9dcb5d5526388ed6bd95,0.7835223078727722,0.8947166204452515,0.8168805837631226,0
1739,3020000007772-09-01,3020000018764-09-01,포장용 병,음료병,http://plus.kipris.or.kr/openapi/fileToss.jsp?arg=75a63eed5a438998f9dc3380f5cb642cd56dcb0e0f0995b0fdcd45318d7ff23cc933b5cab7f8c645d9e46bfbdbc6f3724254640df7f0f9cc,http://plus.kipris.or.kr/openapi/fileToss.jsp?arg=75a63eed5a438998f9dc3380f5cb642cd56dcb0e0f0995b0deac54f8925f4c7dff73e655a395ca11d4fee4764a23fb70a7de36674a987ba0,0.8501956462860107,0.753704845905304,0.8212484121322632,0
1740,3020000029794-09-01,3020000017000-09-01,회전식 지압기가 부설된 약병,포장용 용기,http://plus.kipris.or.kr/openapi/fileToss.jsp?arg=75a63eed5a438998f9dc3380f5cb642cd56dcb0e0f0995b011f68ef22f394dd2b168e780477751b51e99ed8a78b3e519916fc2efb65998c6,http://plus.kipris.or.kr/openapi/fileToss.jsp?arg=75a63eed5a438998f9dc3380f5cb642cd56dcb0e0f0995b0d8ee6709638b6fa151acb057bf4b283f873778c4a5b9305b9065c340bc56c93a,0.8320698738098145,0.7911527156829834,0.8197947144508362,0
1741,3020000013861-09-01,3020000013606-09-01,포장용 용기,화장품 용기,http://plus.kipris.or.kr/openapi/fileToss.jsp?arg=75a63eed5a438998f9dc3380f5cb642cd56dcb0e0f0995b0bdcfae06342df685f8cbf1fb50c4736df158b570b2989fbffa6ef9adcf7d1a3a,http://plus.kipris.or.kr/openapi/fileToss.jsp?arg=75a63eed5a438998f9dc3380f5cb642cd56dcb0e0f0995b0bdcfae06342df685b5160b34fe202fbfabfe2536a403a69d77575689ec9f1064,0.8343219757080078,0.8701398372650146,0.8450673818588257,0
1742,3020000010998-09-01,3020000028348-09-01,포장용 용기,포장용 용기,http://plus.kipris.or.kr/openapi/fileToss.jsp?arg=75a63eed5a438998f9dc3380f5cb642cd56dcb0e0f0995b0ef3ea9b059e1242154c6c6b21c086873fa90fc2cd032beb69e24f178e5f3760b,http://plus.kipris.or.kr/openapi/fileToss.jsp?arg=75a63eed5a438998f9dc3380f5cb642cd56dcb0e0f0995b0227542a1f24a736155db84a290cc09d09a49a855342dcf7ef99274078f3ff32f,0.7094195485115051,0.9050096273422241,0.7680965662002563,0
1743,3020000021170-09-01,3020000031167-09-01,음료캔,화장품용기,http://plus.kipris.or.kr/openapi/fileToss.jsp?arg=75a63eed5a438998f9dc3380f5cb642cd56dcb0e0f0995b006449c7f1c85a4a7bec89f1fb749c251216a46bc23ca63c30237ba9d19da2aca,http://plus.kipris.or.kr/openapi/fileToss.jsp?arg=75a63eed5a438998f9dc3380f5cb642cd56dcb0e0f0995b089d7a621b89857a2bda1ae1f5599e317c61e99a88bb6420abc4d224cb97a021a,0.8443247079849243,0.7500463128089905,0.8160411715507507,0
1744,3020000025182-09-01,3020000000414-09-01,화장품 용기,포장용 용기,http://plus.kipris.or.kr/openapi/fileToss.jsp?arg=75a63eed5a438998f9dc3380f5cb642cd56dcb0e0f0995b07a28099d0ef98e17b231862f9c4558f7c6d4adbe3a495f9df4f1c113b9789e02,http://plus.kipris.or.kr/openapi/fileToss.jsp?arg=75a63eed5a438998f9dc3380f5cb642cd56dcb0e0f0995b0cc72ed919b3423006edf72b06342e35d7d678bd865bf2d858f1a1648a0b707d0,0.6588273048400879,0.8338677883148193,0.7113394737243652,0
1745,3020000015339-09-01,3020000016041-09-01,포장용용기,포장용 통,http://plus.kipris.or.kr/openapi/fileToss.jsp?arg=75a63eed5a438998f9dc3380f5cb642cd56dcb0e0f0995b07ba686bc001e12b728fe4adef1c4451cf9a1474bbf259849280b3cee0fdccfea,http://plus.kipris.or.kr/openapi/fileToss.jsp?arg=75a63eed5a438998f9dc3380f5cb642cd56dcb0e0f0995b0edd65ac4880d0f0c166bfa7c9e52a4a83b203a7f5192e6ebbcd4c009431df69e,0.8088098168373108,0.9414049386978149,0.8485883474349976,0
1746,3020000016430-09-01,3020000027881-09-01,포장용기,겔물질 분배용 포장용기,http://plus.kipris.or.kr/openapi/fileToss.jsp?arg=75a63eed5a438998f9dc3380f5cb642cd56dcb0e0f0995b0edd65ac4880d0f0c232cb6b80bc0e8a33808bf7b0bacd52f529d132d603c7762,http://plus.kipris.or.kr/openapi/fileToss.jsp?arg=75a63eed5a438998f9dc3380f5cb642cd56dcb0e0f0995b01b6467bd697fe99cfe4409446e4a704c8be7ac65fc8f18dd9b3b441ea573abbd,0.7056542634963989,0.7898321151733398,0.7309076189994812,0
1747,3020000031692-09-01,3020000028631-09-01,포장용 용기,술병,http://plus.kipris.or.kr/openapi/fileToss.jsp?arg=75a63eed5a438998f9dc3380f5cb642cd56dcb0e0f0995b089d7a621b89857a2fe66ea06c9f515a9b20945a4ed5906a4e69e961705562680,http://plus.kipris.or.kr/openapi/fileToss.jsp?arg=75a63eed5a438998f9dc3380f5cb642cd56dcb0e0f0995b0227542a1f24a7361586c928bcd47470382d4c3ca34587626c409f01e94d781d7,0.7474740743637085,0.7944674491882324,0.7615721225738525,0
1748,3020000029206-09-01,3020000029148-09-01,음료용캔,술병,http://plus.kipris.or.kr/openapi/fileToss.jsp?arg=75a63eed5a438998f9dc3380f5cb642cd56dcb0e0f0995b011f68ef22f394dd2b6f51bfd28952d99654a7c38e8148a63a916a624462f665e,http://plus.kipris.or.kr/openapi/fileToss.jsp?arg=75a63eed5a438998f9dc3380f5cb642cd56dcb0e0f0995b011f68ef22f394dd2b1e8fa62f7dbf6eb93ae353ab0d4ab675144906ab7c35c8c,0.7131749391555786,0.7566906809806824,0.7262296676635742,0
1749,3020000019098-09-01,3020000011144-09-01,향수용기,향수병,http://plus.kipris.or.kr/openapi/fileToss.jsp?arg=75a63eed5a438998f9dc3380f5cb642cd56dcb0e0f0995b0f63a2eefd11079d08493f71a2050ee4298f127c1f171f9c0c620cf5288506a2b,http://plus.kipris.or.kr/openapi/fileToss.jsp?arg=75a63eed5a438998f9dc3380f5cb642cd56dcb0e0f0995b070abdd713d0b290a495f14ebd7c505e21cae541b5885dd2494263e7e58fe933a,0.823022723197937,0.8917237520217896,0.8436330556869507,0
1750,3020000007445-09-01,3020000002328-09-01,샴푸용기,화장품용 용기,http://plus.kipris.or.kr/openapi/fileToss.jsp?arg=75a63eed5a438998f9dc3380f5cb642cd56dcb0e0f0995b0fdcd45318d7ff23c308bbaa2658dde0908ce1448e4d7f44e45ada4b6455d4f69,http://plus.kipris.or.kr/openapi/fileToss.jsp?arg=75a63eed5a438998f9dc3380f5cb642cd56dcb0e0f0995b0680d52483fc7b07d916a4a7b517f831f101577971270299eca4d7065cca876f7,0.8230794072151184,0.7562387585639954,0.8030272722244263,0
1751,3020000000780-09-01,3020000030342-09-01,포장용 용기,화장품 용기,http://plus.kipris.or.kr/openapi/fileToss.jsp?arg=75a63eed5a438998f9dc3380f5cb642cd56dcb0e0f0995b0cc72ed919b34230081a44be0fe209461ad0421485a2c93852366d67bdc8d8b37,http://plus.kipris.or.kr/openapi/fileToss.jsp?arg=75a63eed5a438998f9dc3380f5cb642cd56dcb0e0f0995b0b9420cad9c5990e003a10973d6bdbbe34aae12fced3042637aa1ff25d78178f1,0.7460588216781616,0.8007442355155945,0.7624644637107849,0
1752,3020000011001-09-01,3020000005653-09-01,포장용 용기,포장용 용기,http://plus.kipris.or.kr/openapi/fileToss.jsp?arg=75a63eed5a438998f9dc3380f5cb642cd56dcb0e0f0995b070abdd713d0b290aa6f312245d3a82ee762249b201b11d960e801134591fa1c4,http://plus.kipris.or.kr/openapi/fileToss.jsp?arg=75a63eed5a438998f9dc3380f5cb642cd56dcb0e0f0995b08fe3e6d10b56cc3dd860bdd2e2498e9a37c831dcdda6cd2fba5503a605d3a24b,0.8268186450004578,0.9645779132843018,0.8681464195251465,0
1753,3020000028831-09-01,3020000017499-09-01,화장품 용기,포장용 용기,http://plus.kipris.or.kr/openapi/fileToss.jsp?arg=75a63eed5a438998f9dc3380f5cb642cd56dcb0e0f0995b0227542a1f24a73618fe1c7a5cc98859de0c23b94fa94bf3e8cc4b4fa3801646e,http://plus.kipris.or.kr/openapi/fileToss.jsp?arg=75a63eed5a438998f9dc3380f5cb642cd56dcb0e0f0995b0d8ee6709638b6fa1ae2fc3835c730b0f7499aab326990e3ed61caa5247633e91,0.782126247882843,0.8061110377311707,0.7893217206001282,0
1754,3020000026844-09-01,3020000005939-09-01,화장품 용기,향수용기,http://plus.kipris.or.kr/openapi/fileToss.jsp?arg=75a63eed5a438998f9dc3380f5cb642cd56dcb0e0f0995b035c516d305aed14571243152256c21dad8a464247adf2be4bf8f8d73dc6bde33,http://plus.kipris.or.kr/openapi/fileToss.jsp?arg=75a63eed5a438998f9dc3380f5cb642cd56dcb0e0f0995b08fe3e6d10b56cc3d1138f71ea34dabcd61d8b10b27079cb4e924ce5cbf5f6480,0.7473207712173462,0.7531792521476746,0.7490782737731934,0
1755,3020000004487-09-01,3020000017722-09-01,화장품 용기,포장용 통,http://plus.kipris.or.kr/openapi/fileToss.jsp?arg=75a63eed5a438998f9dc3380f5cb642cd56dcb0e0f0995b03069a7817908f14f55bc66521fca1f114f22f288a18e06617b825e2eddef4897,http://plus.kipris.or.kr/openapi/fileToss.jsp?arg=75a63eed5a438998f9dc3380f5cb642cd56dcb0e0f0995b0d8ee6709638b6fa1f4bde39beae5710f0933606aa7ecea9c6c9b5aac97d4a412,0.8705857992172241,0.7381377220153809,0.8308513760566711,0
1756,3020000021275-09-01,3020000017722-09-01,화장품 용기,포장용 통,http://plus.kipris.or.kr/openapi/fileToss.jsp?arg=75a63eed5a438998f9dc3380f5cb642cd56dcb0e0f0995b006449c7f1c85a4a7de0ff8d7dc536a1cde2ebc06e6386121e3d92b5123bea794,http://plus.kipris.or.kr/openapi/fileToss.jsp?arg=75a63eed5a438998f9dc3380f5cb642cd56dcb0e0f0995b0d8ee6709638b6fa1f4bde39beae5710fcd253a9a4823a8c0a3fe8bb954fe613b,0.9259451031684875,0.7359240055084229,0.8689388036727905,0
1757,3020000028254-09-01,3020000009397-09-01,화장품 용기,화장품 용기,http://plus.kipris.or.kr/openapi/fileToss.jsp?arg=75a63eed5a438998f9dc3380f5cb642cd56dcb0e0f0995b0227542a1f24a736184b9181791c18e4fa67ec61a2b27ea41d0586db882697d47,http://plus.kipris.or.kr/openapi/fileToss.jsp?arg=75a63eed5a438998f9dc3380f5cb642cd56dcb0e0f0995b073590199e4f1dc1639c043446a843f341fc2934575b22167bdcf27a6e91a05d1,0.8213461637496948,0.9563959836959839,0.8618611097335815,0
1758,3020000015292-09-01,3020000027734-09-01,화장품 용기,포장용 용기,http://plus.kipris.or.kr/openapi/fileToss.jsp?arg=75a63eed5a438998f9dc3380f5cb642cd56dcb0e0f0995b07ba686bc001e12b76e1758ca08fef1f14f2a37a2d5f23b27365bbba84aa76eaa,http://plus.kipris.or.kr/openapi/fileToss.jsp?arg=75a63eed5a438998f9dc3380f5cb642cd56dcb0e0f0995b01b6467bd697fe99c304237b1c4ccf2648bc1a773011b168ebee8dc4b385a5294,0.807450532913208,0.8598464131355286,0.8231692910194397,0
1759,3020000028255-09-01,3020000023870-09-01,화장품 용기,향수용기,http://plus.kipris.or.kr/openapi/fileToss.jsp?arg=75a63eed5a438998f9dc3380f5cb642cd56dcb0e0f0995b0227542a1f24a736184b9181791c18e4f2d2c91fc50ed9a7053b716accab18878,http://plus.kipris.or.kr/openapi/fileToss.jsp?arg=75a63eed5a438998f9dc3380f5cb642cd56dcb0e0f0995b09b1f6789fb9751245383ec1ea175fde38980f608958d08b224040c30dfc7f6bd,0.7947089672088623,0.8258700370788574,0.8040573000907898,0
1760,3020000031164-09-01,3020000032447-09-01,화장품용기,포장용 용기,http://plus.kipris.or.kr/openapi/fileToss.jsp?arg=75a63eed5a438998f9dc3380f5cb642cd56dcb0e0f0995b089d7a621b89857a2bda1ae1f5599e3174f9890943a627800046ffe65d8f6d235,http://plus.kipris.or.kr/openapi/fileToss.jsp?arg=75a63eed5a438998f9dc3380f5cb642cd56dcb0e0f0995b056fef538e42de114adfcf72cc6314c12724d86072dd1e0e107fa13acc2a40bfb,0.8401792049407959,0.8285497426986694,0.8366903066635132,0
1761,3020000015285-09-01,3020000015229-09-01,화장품 용기,포장용 용기,http://plus.kipris.or.kr/openapi/fileToss.jsp?arg=75a63eed5a438998f9dc3380f5cb642cd56dcb0e0f0995b07ba686bc001e12b75d136b4df6d33bb5ac403f7f7879e0111fe5e82fc910a0f9,http://plus.kipris.or.kr/openapi/fileToss.jsp?arg=75a63eed5a438998f9dc3380f5cb642cd56dcb0e0f0995b07ba686bc001e12b736b25ce876b15bae0e8aaa9c2ad9adfbd6232b2b2e9e98fc,0.7527132034301758,0.8649961948394775,0.7863980531692505,0
1762,3020000002988-09-01,3020000011312-09-01,화장품 용기,술병,http://plus.kipris.or.kr/openapi/fileToss.jsp?arg=75a63eed5a438998f9dc3380f5cb642cd56dcb0e0f0995b0680d52483fc7b07d6fe290517ec135e74f9e3dd1bc7c81cbaae8f6f17dd8c577,http://plus.kipris.or.kr/openapi/fileToss.jsp?arg=75a63eed5a438998f9dc3380f5cb642cd56dcb0e0f0995b070abdd713d0b290a5ffe1b8eef7e114d8d90f591f2f6baf89aa60ba3998c33bf,0.6860936880111694,0.7384310960769653,0.7017949223518372,0
1763,3020000031166-09-01,3020000008854-09-01,화장품용기,화장품 용기,http://plus.kipris.or.kr/openapi/fileToss.jsp?arg=75a63eed5a438998f9dc3380f5cb642cd56dcb0e0f0995b089d7a621b89857a2bda1ae1f5599e317e2f2391fc916ba68a8d1201107049865,http://plus.kipris.or.kr/openapi/fileToss.jsp?arg=75a63eed5a438998f9dc3380f5cb642cd56dcb0e0f0995b06226a1b53136408c77446a31574122b0743535ab5bada7b3ce2b0c39e4a63d59,0.8424761295318604,0.9039246439933777,0.8609107136726379,0
1764,3020000004487-09-01,3020000018766-09-01,화장품 용기,음료병,http://plus.kipris.or.kr/openapi/fileToss.jsp?arg=75a63eed5a438998f9dc3380f5cb642cd56dcb0e0f0995b03069a7817908f14f55bc66521fca1f114f22f288a18e0661bbc97c93a0c52d57,http://plus.kipris.or.kr/openapi/fileToss.jsp?arg=75a63eed5a438998f9dc3380f5cb642cd56dcb0e0f0995b0deac54f8925f4c7dff73e655a395ca11482114226fa5828852eccb74d9580c52,0.7078281044960022,0.600197434425354,0.6755388975143433,0
1765,3020000002327-09-01,3020000006435-09-01,화장품용 용기,포장용 용기,http://plus.kipris.or.kr/openapi/fileToss.jsp?arg=75a63eed5a438998f9dc3380f5cb642cd56dcb0e0f0995b0680d52483fc7b07d916a4a7b517f831f5a47b9ac00d31aa5d4c745fcc4bcb7bd,http://plus.kipris.or.kr/openapi/fileToss.jsp?arg=75a63eed5a438998f9dc3380f5cb642cd56dcb0e0f0995b0187836737e94fb39d6735824be9a53a7d1ed3c69c4b0e73d69982cac74462615,0.9591277837753296,0.8669133186340332,0.9314634799957275,0
1766,3020000022200-09-01,3020000020788-09-01,포장용 용기,포장용 용기,http://plus.kipris.or.kr/openapi/fileToss.jsp?arg=75a63eed5a438998f9dc3380f5cb642cd56dcb0e0f0995b02e6ec20e9488ca66a70689f8ed0b359ec2645961d3c02388eb4af0a9723538ba,http://plus.kipris.or.kr/openapi/fileToss.jsp?arg=75a63eed5a438998f9dc3380f5cb642cd56dcb0e0f0995b0bea0399dd2b7a3e5217ce7d5ae936bbd90eef2e869c5b1138241bfc546970dec,0.7300837635993958,0.8191467523574829,0.7568026781082153,0
1767,3020000028283-09-01,3020000015200-09-01,포장용 용기,화장품 용기,http://plus.kipris.or.kr/openapi/fileToss.jsp?arg=75a63eed5a438998f9dc3380f5cb642cd56dcb0e0f0995b0227542a1f24a7361c5f2b82111502f215f83c11efd778e7bbce7a3fb97a9ab7d,http://plus.kipris.or.kr/openapi/fileToss.jsp?arg=75a63eed5a438998f9dc3380f5cb642cd56dcb0e0f0995b07ba686bc001e12b7ebd23e10645d463a3bdf3df38bb1a275a7012039717e4c4d,0.7358037233352661,0.8413264751434326,0.7674605250358582,0
1768,3020000033180-09-01,3020000017303-09-01,샴푸용기,포장용 용기,http://plus.kipris.or.kr/openapi/fileToss.jsp?arg=75a63eed5a438998f9dc3380f5cb642cd56dcb0e0f0995b0f32787804da8b7ad453014fa1c02db95feda83a3e23f4f971d5e5959f89889c7,http://plus.kipris.or.kr/openapi/fileToss.jsp?arg=75a63eed5a438998f9dc3380f5cb642cd56dcb0e0f0995b0d8ee6709638b6fa147789b22cdad6984fdb60cdcfad1b371c5a66727c898b275,0.8535940647125244,0.7605679035186768,0.8256862163543701,0
1769,3020000031842-09-01,3020000022024-09-01,포장용 병,포장용 병,http://plus.kipris.or.kr/openapi/fileToss.jsp?arg=75a63eed5a438998f9dc3380f5cb642cd56dcb0e0f0995b089d7a621b89857a23924c6b693bd0ccfdcc7562a1bfe4ba09b60819edd121ef4,http://plus.kipris.or.kr/openapi/fileToss.jsp?arg=75a63eed5a438998f9dc3380f5cb642cd56dcb0e0f0995b02e6ec20e9488ca66d73e29b516cdfdcc93fa2432a931a6728c42484f3011539d,0.6368502378463745,0.8985059261322021,0.7153469324111938,0
1770,3020000000962-09-01,3020000015436-09-01,포장용 병,포장용 용기,http://plus.kipris.or.kr/openapi/fileToss.jsp?arg=75a63eed5a438998f9dc3380f5cb642cd56dcb0e0f0995b0cc72ed919b3423001ec5b0b95cb6d97de6848fcad7d2dac20897fd5c767b2915,http://plus.kipris.or.kr/openapi/fileToss.jsp?arg=75a63eed5a438998f9dc3380f5cb642cd56dcb0e0f0995b07ba686bc001e12b74f814a4956a5cebbf9ae9e1003c50483cfeb83c7f4a94c2f,0.7074194550514221,0.7286956310272217,0.7138022780418396,0
1771,3020000006446-09-01,3020000019481-09-01,화장품 용기,포장용 용기,http://plus.kipris.or.kr/openapi/fileToss.jsp?arg=75a63eed5a438998f9dc3380f5cb642cd56dcb0e0f0995b0187836737e94fb39d0891ba1d3de6d92656ddd5ad5eda7389e29180fd6f04b69,http://plus.kipris.or.kr/openapi/fileToss.jsp?arg=75a63eed5a438998f9dc3380f5cb642cd56dcb0e0f0995b0f63a2eefd11079d0ccfa5665d6ade322594940fc7daa731d9f52ce63c92145a0,0.7272015810012817,0.8759322166442871,0.7718207836151123,0
1772,3020000009318-09-01,3020000000726-09-01,화장품용기,병,http://plus.kipris.or.kr/openapi/fileToss.jsp?arg=75a63eed5a438998f9dc3380f5cb642cd56dcb0e0f0995b073590199e4f1dc160d6f56a27c91bf2603769c37490c955f3e1866c141c7ce39,http://plus.kipris.or.kr/openapi/fileToss.jsp?arg=75a63eed5a438998f9dc3380f5cb642cd56dcb0e0f0995b0cc72ed919b3423000a38f4d03ae02e78859ec8517f932d63b3cd5abba2e6fa99,0.7488647103309631,0.7632182836532593,0.7531707286834717,0
1773,3020000026714-09-01,3020000006610-09-01,양념장포장용용기,화장품 용기,http://plus.kipris.or.kr/openapi/fileToss.jsp?arg=75a63eed5a438998f9dc3380f5cb642cd56dcb0e0f0995b035c516d305aed145d03b9d9d2a0fe85b75f03b4602eac21ee86347a45aa5360a,http://plus.kipris.or.kr/openapi/fileToss.jsp?arg=75a63eed5a438998f9dc3380f5cb642cd56dcb0e0f0995b0187836737e94fb395ddfdaf352f7ad6a113f739e743d6b3b271ce9368f14da7d,0.8202970623970032,0.7345344424247742,0.7945683002471924,0
1774,3020000011989-09-01,3020000021180-09-01,드링크 병,포장용 용기,http://plus.kipris.or.kr/openapi/fileToss.jsp?arg=75a63eed5a438998f9dc3380f5cb642cd56dcb0e0f0995b070abdd713d0b290a22025622b2f6a4c0026452b7351c2cfe5dddc6dbb7fa4510,http://plus.kipris.or.kr/openapi/fileToss.jsp?arg=75a63eed5a438998f9dc3380f5cb642cd56dcb0e0f0995b006449c7f1c85a4a78954e4e205fc4f34961fdad5abcd6745d74d1de59756538b,0.9121754169464111,0.6839237809181213,0.8436999320983887,0
1775,3020000029878-09-01,3020000006642-09-01,화장품용기,화장품 용기,http://plus.kipris.or.kr/openapi/fileToss.jsp?arg=75a63eed5a438998f9dc3380f5cb642cd56dcb0e0f0995b011f68ef22f394dd26a964075748e6c18658a49f80968cb3e8abde4e68bd3f970,http://plus.kipris.or.kr/openapi/fileToss.jsp?arg=75a63eed5a438998f9dc3380f5cb642cd56dcb0e0f0995b0187836737e94fb39fa1c5684c736430b65da5e0a57dd103281447ecd4e7e0547,0.715018630027771,0.8903307318687439,0.7676122188568115,0
1776,3020000011558-09-01,3020000031468-09-01,술병,화장품 용기,http://plus.kipris.or.kr/openapi/fileToss.jsp?arg=75a63eed5a438998f9dc3380f5cb642cd56dcb0e0f0995b070abdd713d0b290a44af382d81afbb12e7c9bd040680775cea2f9791b1d3a6e0,http://plus.kipris.or.kr/openapi/fileToss.jsp?arg=75a63eed5a438998f9dc3380f5cb642cd56dcb0e0f0995b089d7a621b89857a2e6fd5d03a616b313ad947e8c7453a16ac61c926507480076,0.7027478814125061,0.7368220090866089,0.7129701375961304,0
1777,3020000014636-09-01,3020000024700-09-01,포장용 병,화장품 용기,http://plus.kipris.or.kr/openapi/fileToss.jsp?arg=75a63eed5a438998f9dc3380f5cb642cd56dcb0e0f0995b0606f4df1f99f40812b87e9c8a19dc7be1036d90f246e56e9ad08a1aef377b122,http://plus.kipris.or.kr/openapi/fileToss.jsp?arg=75a63eed5a438998f9dc3380f5cb642cd56dcb0e0f0995b005b3db6b458aa73bbe736c671d94092b7d1206dcbc128626e26672ea5a9fff39,0.861659586429596,0.8657141923904419,0.8628759384155273,0
1778,3020000000638-09-01,3020000011144-09-01,화장품용기,향수병,http://plus.kipris.or.kr/openapi/fileToss.jsp?arg=75a63eed5a438998f9dc3380f5cb642cd56dcb0e0f0995b0cc72ed919b34230099f327e961a5ac512f1a2de92956eab0b7299949995cde22,http://plus.kipris.or.kr/openapi/fileToss.jsp?arg=75a63eed5a438998f9dc3380f5cb642cd56dcb0e0f0995b070abdd713d0b290a495f14ebd7c505e21cae541b5885dd2494263e7e58fe933a,0.8400371670722961,0.8114962577819824,0.8314749002456665,0
1779,3020000029878-09-01,3020000013583-09-01,화장품용기,화장품 용기,http://plus.kipris.or.kr/openapi/fileToss.jsp?arg=75a63eed5a438998f9dc3380f5cb642cd56dcb0e0f0995b011f68ef22f394dd26a964075748e6c18658a49f80968cb3eb46338dec167cf9d,http://plus.kipris.or.kr/openapi/fileToss.jsp?arg=75a63eed5a438998f9dc3380f5cb642cd56dcb0e0f0995b0bdcfae06342df68572d7f7323bc50a0e94b7efa79b3558158a020745e0a94074,0.8880213499069214,0.889695405960083,0.8885235786437988,0
1780,3020000031169-09-01,3020000025496-09-01,화장품용기,화장품용기,http://plus.kipris.or.kr/openapi/fileToss.jsp?arg=75a63eed5a438998f9dc3380f5cb642cd56dcb0e0f0995b089d7a621b89857a2bda1ae1f5599e317818da205f7f25c65311581e51a33fd21,http://plus.kipris.or.kr/openapi/fileToss.jsp?arg=75a63eed5a438998f9dc3380f5cb642cd56dcb0e0f0995b07a28099d0ef98e17fe87dc1610c15d7febbc7abbf82666fce4c69a02de89e40c,0.6944401264190674,0.9390172362327576,0.7678132653236389,0
1781,3020000017302-09-01,3020000003036-09-01,포장용 용기,샴푸 용기,http://plus.kipris.or.kr/openapi/fileToss.jsp?arg=75a63eed5a438998f9dc3380f5cb642cd56dcb0e0f0995b0d8ee6709638b6fa147789b22cdad6984c70901213bff27186907f336bbb2c047,http://plus.kipris.or.kr/openapi/fileToss.jsp?arg=75a63eed5a438998f9dc3380f5cb642cd56dcb0e0f0995b00b66daf06c8a83066ca29919efe34e1eb3799e6ace917d9ab3d34909c7dfb0d6,0.8655698299407959,0.7916428446769714,0.8433917164802551,0
1782,3020000015292-09-01,3020000015339-09-01,화장품 용기,포장용용기,http://plus.kipris.or.kr/openapi/fileToss.jsp?arg=75a63eed5a438998f9dc3380f5cb642cd56dcb0e0f0995b07ba686bc001e12b76e1758ca08fef1f14f2a37a2d5f23b27ea30a7c2b89c1936,http://plus.kipris.or.kr/openapi/fileToss.jsp?arg=75a63eed5a438998f9dc3380f5cb642cd56dcb0e0f0995b07ba686bc001e12b728fe4adef1c4451cf9a1474bbf2598495dc3beaa56717066,0.677869439125061,0.8530738353729248,0.7304307818412781,0
1783,3020000021678-09-01,3020000012831-09-01,포장용 용기,화장품 용기,http://plus.kipris.or.kr/openapi/fileToss.jsp?arg=75a63eed5a438998f9dc3380f5cb642cd56dcb0e0f0995b006449c7f1c85a4a76082ed448bf618402e55be8115692589af433e55f201115d,http://plus.kipris.or.kr/openapi/fileToss.jsp?arg=75a63eed5a438998f9dc3380f5cb642cd56dcb0e0f0995b08964a6c84ce8cbe136b914a53e58c31fc542b7bc32f78b302b13efaf05537665,0.8185317516326904,0.7376322746276855,0.7942619323730469,0
1784,3020000033178-09-01,3020000023571-09-01,샴푸용기,세제용 용기,http://plus.kipris.or.kr/openapi/fileToss.jsp?arg=75a63eed5a438998f9dc3380f5cb642cd56dcb0e0f0995b0f32787804da8b7ad260e51bd8f6e3480046220d68d97e79ae5c38eba020cc6bb,http://plus.kipris.or.kr/openapi/fileToss.jsp?arg=75a63eed5a438998f9dc3380f5cb642cd56dcb0e0f0995b09b1f6789fb9751240005454de4ce8fd157be609d7636893f3dcf652d5d9fafb0,0.8684740662574768,0.8039629459381104,0.8491207361221313,0
1785,3020000031698-09-01,3020000024236-09-01,화장품용기,화장품 용기,http://plus.kipris.or.kr/openapi/fileToss.jsp?arg=75a63eed5a438998f9dc3380f5cb642cd56dcb0e0f0995b089d7a621b89857a2fe66ea06c9f515a9995802f2cd000e19aefe1b01a6925ef5,http://plus.kipris.or.kr/openapi/fileToss.jsp?arg=75a63eed5a438998f9dc3380f5cb642cd56dcb0e0f0995b005b3db6b458aa73bfe66f6f53797fb534a72a454f5be7fe9bffa6016caabd28c,0.7580329179763794,0.8923611640930176,0.7983313798904419,0
1786,3020000013862-09-01,3020000016423-09-01,포장용 용기,화장품 용기,http://plus.kipris.or.kr/openapi/fileToss.jsp?arg=75a63eed5a438998f9dc3380f5cb642cd56dcb0e0f0995b0bdcfae06342df685f8cbf1fb50c4736d33893aee3cc4dc17b3d70a4dd17592d0,http://plus.kipris.or.kr/openapi/fileToss.jsp?arg=75a63eed5a438998f9dc3380f5cb642cd56dcb0e0f0995b0edd65ac4880d0f0cde88f35c1b19cc9c55a541844b9516d2b564aecd9249db00,0.6629805564880371,0.8058488965034485,0.705841064453125,0
1787,3020000029312-09-01,3020000028555-09-01,술병,향수병{PERFUME BOTTLE},http://plus.kipris.or.kr/openapi/fileToss.jsp?arg=75a63eed5a438998f9dc3380f5cb642cd56dcb0e0f0995b011f68ef22f394dd2827ea165d016d0f0e26f05fa79b582de77219fcb7799eeeb,http://plus.kipris.or.kr/openapi/fileToss.jsp?arg=75a63eed5a438998f9dc3380f5cb642cd56dcb0e0f0995b0227542a1f24a73610c8bbe2556fb255ef8db2587fe0aeba6dfce758e6e0e687d,0.7746459245681763,0.84552001953125,0.7959081530570984,0
1788,3020000017303-09-01,3020000027513-09-01,포장용 용기,샴푸 용기,http://plus.kipris.or.kr/openapi/fileToss.jsp?arg=75a63eed5a438998f9dc3380f5cb642cd56dcb0e0f0995b0d8ee6709638b6fa147789b22cdad6984fdb60cdcfad1b3716b0510481a106df6,http://plus.kipris.or.kr/openapi/fileToss.jsp?arg=75a63eed5a438998f9dc3380f5cb642cd56dcb0e0f0995b01b6467bd697fe99c5b52ca7a735e0f06789d15109049a90d86b0893ee9bed646,0.8426733613014221,0.7740747928619385,0.8220937848091125,0
1789,3020000012594-09-01,3020000030843-09-01,포장용 병,화장품용기,http://plus.kipris.or.kr/openapi/fileToss.jsp?arg=75a63eed5a438998f9dc3380f5cb642cd56dcb0e0f0995b08964a6c84ce8cbe1a2734cd20ff462c98c85951218f53d286bdd5719c21039d1,http://plus.kipris.or.kr/openapi/fileToss.jsp?arg=75a63eed5a438998f9dc3380f5cb642cd56dcb0e0f0995b0b9420cad9c5990e0a4a05627aedca40ca750b1c56ce2af311767f8c7d6505829,0.6964980959892273,0.8450895547866821,0.7410755157470703,0
1790,3020000029519-09-01,3020000028348-09-01,화장품용기,포장용 용기,http://plus.kipris.or.kr/openapi/fileToss.jsp?arg=75a63eed5a438998f9dc3380f5cb642cd56dcb0e0f0995b011f68ef22f394dd24829751c8f656ff96ba2fd9af1dcc133481a21c02c5af008,http://plus.kipris.or.kr/openapi/fileToss.jsp?arg=75a63eed5a438998f9dc3380f5cb642cd56dcb0e0f0995b0227542a1f24a736155db84a290cc09d09a49a855342dcf7ef99274078f3ff32f,0.8023064136505127,0.8131564259529114,0.8055614233016968,0
1791,3020000002771-09-01,3020000023190-09-01,포장용 음료용기,포장용 통,http://plus.kipris.or.kr/openapi/fileToss.jsp?arg=75a63eed5a438998f9dc3380f5cb642cd56dcb0e0f0995b0680d52483fc7b07df0eaa0514f1b3e00d24794910bd1260b551cd01aceb6901c,http://plus.kipris.or.kr/openapi/fileToss.jsp?arg=75a63eed5a438998f9dc3380f5cb642cd56dcb0e0f0995b09b1f6789fb975124959c8fec340e8be8b38df9a068b350e08c22948e13d1ee73,0.8339186906814575,0.8831385374069214,0.8486846685409546,0
1792,3020000002022-09-01,3020000010608-09-01,포장용용기,향수용기,http://plus.kipris.or.kr/openapi/fileToss.jsp?arg=75a63eed5a438998f9dc3380f5cb642cd56dcb0e0f0995b0680d52483fc7b07dce8cf928834fb57d8b35fe69e56e6a1ffb0910fd508e1b97,http://plus.kipris.or.kr/openapi/fileToss.jsp?arg=75a63eed5a438998f9dc3380f5cb642cd56dcb0e0f0995b0ef3ea9b059e12421ac8898e2abf04f2abfe0c93f850ea72404b9de047cf89659,0.6824641823768616,0.8230714797973633,0.7246463298797607,0
1793,3020000027874-09-01,3020000024463-09-01,포장용용기,포장용 용기,http://plus.kipris.or.kr/openapi/fileToss.jsp?arg=75a63eed5a438998f9dc3380f5cb642cd56dcb0e0f0995b01b6467bd697fe99c3417ef7c1899dbda805e0d76a677f7ef26abdbe8f19c6981,http://plus.kipris.or.kr/openapi/fileToss.jsp?arg=75a63eed5a438998f9dc3380f5cb642cd56dcb0e0f0995b005b3db6b458aa73be969790f4b87eaa5b26fec36e24da5f709bc452c030f301a,0.9269601106643677,0.944130003452301,0.9321110844612122,0
1794,3020000015434-09-01,3020000029877-09-01,포장용 용기,화장품용기,http://plus.kipris.or.kr/openapi/fileToss.jsp?arg=75a63eed5a438998f9dc3380f5cb642cd56dcb0e0f0995b07ba686bc001e12b74f814a4956a5cebb187f9a678f01cd57911e5c56749c8d8c,http://plus.kipris.or.kr/openapi/fileToss.jsp?arg=75a63eed5a438998f9dc3380f5cb642cd56dcb0e0f0995b011f68ef22f394dd26a964075748e6c188d7c175d4f7b5669dbfc07d81aacda75,0.8973000049591064,0.8166929483413696,0.8731178641319275,0
1795,3020000031692-09-01,3020000026521-09-01,포장용 용기,화장품 용기,http://plus.kipris.or.kr/openapi/fileToss.jsp?arg=75a63eed5a438998f9dc3380f5cb642cd56dcb0e0f0995b089d7a621b89857a2fe66ea06c9f515a9b20945a4ed5906a49e28885c552e49dd,http://plus.kipris.or.kr/openapi/fileToss.jsp?arg=75a63eed5a438998f9dc3380f5cb642cd56dcb0e0f0995b035c516d305aed145b09b91918cd97e08dc085c0d9bf04342508ab31cc1c74e12,0.6920834183692932,0.8781888484954834,0.7479150295257568,0
1796,3020000000778-09-01,3020000000847-09-01,포장용 용기,포장용 병,http://plus.kipris.or.kr/openapi/fileToss.jsp?arg=75a63eed5a438998f9dc3380f5cb642cd56dcb0e0f0995b0cc72ed919b3423003267d3a705c3e4d98f27ea2c522497ce3a6a7e123a759346,http://plus.kipris.or.kr/openapi/fileToss.jsp?arg=75a63eed5a438998f9dc3380f5cb642cd56dcb0e0f0995b0cc72ed919b342300e99b2acfcc6c677b67dc73b104714909a7d00073324062d7,0.7420109510421753,0.7888588905334473,0.756065309047699,0
1797,3020000017424-09-01,3020000024463-09-01,포장용 용기,포장용 용기,http://plus.kipris.or.kr/openapi/fileToss.jsp?arg=75a63eed5a438998f9dc3380f5cb642cd56dcb0e0f0995b0d8ee6709638b6fa14d030d93d9fd28c422622fd25edaa01a38c13aa2d910b2c5,http://plus.kipris.or.kr/openapi/fileToss.jsp?arg=75a63eed5a438998f9dc3380f5cb642cd56dcb0e0f0995b005b3db6b458aa73be969790f4b87eaa5b26fec36e24da5f7702eebaa8e54447a,0.8578681945800781,0.9400919079780579,0.8825353384017944,0
1798,3020000015433-09-01,3020000023372-09-01,포장용 용기,화장품 용기,http://plus.kipris.or.kr/openapi/fileToss.jsp?arg=75a63eed5a438998f9dc3380f5cb642cd56dcb0e0f0995b07ba686bc001e12b74f814a4956a5cebb3b7e77a65b11d9abd7337bc3df426232,http://plus.kipris.or.kr/openapi/fileToss.jsp?arg=75a63eed5a438998f9dc3380f5cb642cd56dcb0e0f0995b09b1f6789fb97512449882dd38eee7b70234d8f05dc016cf4bcc154bdbffa018a,0.702743649482727,0.8699722290039062,0.7529122829437256,0
1799,3020000029032-09-01,3020000018871-09-01,포장용기,화장품 용기,http://plus.kipris.or.kr/openapi/fileToss.jsp?arg=75a63eed5a438998f9dc3380f5cb642cd56dcb0e0f0995b011f68ef22f394dd26e88aba601c1a5ffaffd7513bd7646c2be3023a59e66d8c6,http://plus.kipris.or.kr/openapi/fileToss.jsp?arg=75a63eed5a438998f9dc3380f5cb642cd56dcb0e0f0995b0deac54f8925f4c7d01c27b3b9348c797506af132d8ad44a819784ce2f203fbd4,0.641494631767273,0.7801324129104614,0.6830859780311584,0
1800,3020000028260-09-01,3020000003007-09-01,화장품 용기,포장용 용기,http://plus.kipris.or.kr/openapi/fileToss.jsp?arg=75a63eed5a438998f9dc3380f5cb642cd56dcb0e0f0995b0227542a1f24a736122cfa453f48f4400272b12f6e17da75658db5c6d3257cf6e,http://plus.kipris.or.kr/openapi/fileToss.jsp?arg=75a63eed5a438998f9dc3380f5cb642cd56dcb0e0f0995b00b66daf06c8a830629ab74559564aad12fba1de06c513337da04dc8790b85eb4,0.7060052752494812,0.7909825444221497,0.7314984798431396,0
1801,3020000008383-09-01,3020000014030-09-01,화장품 용기,화장품 용기,http://plus.kipris.or.kr/openapi/fileToss.jsp?arg=75a63eed5a438998f9dc3380f5cb642cd56dcb0e0f0995b06226a1b53136408c5412bc4c3b3d3f2d2ede433e4f304a9083ca6af66c845b91,http://plus.kipris.or.kr/openapi/fileToss.jsp?arg=75a63eed5a438998f9dc3380f5cb642cd56dcb0e0f0995b0606f4df1f99f4081c635518eb2e9ae224c414ca4a2923d3bcd379b6939d30e0d,0.7571820020675659,0.8921313285827637,0.7976667881011963,0
1802,3020000020333-09-01,3020000007018-09-01,로션 용기,화장품 용기,http://plus.kipris.or.kr/openapi/fileToss.jsp?arg=75a63eed5a438998f9dc3380f5cb642cd56dcb0e0f0995b0bea0399dd2b7a3e511aac18d04956000af141d67e972b7a9274c8e0313a4ccef,http://plus.kipris.or.kr/openapi/fileToss.jsp?arg=75a63eed5a438998f9dc3380f5cb642cd56dcb0e0f0995b0fdcd45318d7ff23c36f1af0f6d6ef80329232ca9d0c3573878e85f9deecfad90,0.9492689371109009,0.9119946956634521,0.9380866885185242,0
1803,3020000012594-09-01,3020000029616-09-01,포장용 병,스프레이어(SPRAYER),http://plus.kipris.or.kr/openapi/fileToss.jsp?arg=75a63eed5a438998f9dc3380f5cb642cd56dcb0e0f0995b08964a6c84ce8cbe1a2734cd20ff462c98c85951218f53d28468a26c1effa297c,http://plus.kipris.or.kr/openapi/fileToss.jsp?arg=75a63eed5a438998f9dc3380f5cb642cd56dcb0e0f0995b011f68ef22f394dd21b3c346cdf3ea013cebac42447732560301c84bee0a32cc4,0.6977103352546692,0.7856012582778931,0.7240776419639587,0
1804,3020000018498-09-01,3020000028667-09-01,화장품 용기,포장용 용기,http://plus.kipris.or.kr/openapi/fileToss.jsp?arg=75a63eed5a438998f9dc3380f5cb642cd56dcb0e0f0995b0deac54f8925f4c7d1bc725e43ac88c2028d559bd06e57c377494108532e10742,http://plus.kipris.or.kr/openapi/fileToss.jsp?arg=75a63eed5a438998f9dc3380f5cb642cd56dcb0e0f0995b0227542a1f24a7361e3d4617c23baf4476907d466f34874c9f8f667b399962264,0.7975315451622009,0.8817833065986633,0.8228070735931396,0
1805,3020000013863-09-01,3020000017303-09-01,포장용 용기,포장용 용기,http://plus.kipris.or.kr/openapi/fileToss.jsp?arg=75a63eed5a438998f9dc3380f5cb642cd56dcb0e0f0995b0bdcfae06342df685f8cbf1fb50c4736d6ca4029587136d1043d9cbecd32574dd,http://plus.kipris.or.kr/openapi/fileToss.jsp?arg=75a63eed5a438998f9dc3380f5cb642cd56dcb0e0f0995b0d8ee6709638b6fa147789b22cdad6984fdb60cdcfad1b371465f4e9d5cb95970,0.8361197113990784,0.9348959922790527,0.865752637386322,0
1806,3020000006642-09-01,3020000027874-09-01,화장품 용기,포장용용기,http://plus.kipris.or.kr/openapi/fileToss.jsp?arg=75a63eed5a438998f9dc3380f5cb642cd56dcb0e0f0995b0187836737e94fb39fa1c5684c736430b65da5e0a57dd10321dbf541114cb930c,http://plus.kipris.or.kr/openapi/fileToss.jsp?arg=75a63eed5a438998f9dc3380f5cb642cd56dcb0e0f0995b01b6467bd697fe99c3417ef7c1899dbda805e0d76a677f7ef055a23c875393fec,0.7863820195198059,0.8109737634658813,0.7937595844268799,0
1807,3020000029850-09-01,3020000002082-09-01,화장품 용기,화장품 용기,http://plus.kipris.or.kr/openapi/fileToss.jsp?arg=75a63eed5a438998f9dc3380f5cb642cd56dcb0e0f0995b011f68ef22f394dd236632737541405a7ab0a694fe030fe05e522c79585423121,http://plus.kipris.or.kr/openapi/fileToss.jsp?arg=75a63eed5a438998f9dc3380f5cb642cd56dcb0e0f0995b0680d52483fc7b07d3621f255e5f93b215d3d108e5dd08d7ccc9faa299a61a590,0.9374739527702332,0.9503366351127625,0.9413327574729919,0
1808,3020000025530-09-01,3020000028261-09-01,화장품 용기,화장품 용기,http://plus.kipris.or.kr/openapi/fileToss.jsp?arg=75a63eed5a438998f9dc3380f5cb642cd56dcb0e0f0995b07a28099d0ef98e178c9f3750ac8a36e095e833a158b4e51a6a60993646329a4f,http://plus.kipris.or.kr/openapi/fileToss.jsp?arg=75a63eed5a438998f9dc3380f5cb642cd56dcb0e0f0995b0227542a1f24a736122cfa453f48f4400fb8316e5f351d2ccdbcfd90c6124903b,0.9809673428535461,0.9348114728927612,0.9671206474304199,0
1809,3020000029520-09-01,3020000021438-09-01,화장품용기,포장용용기,http://plus.kipris.or.kr/openapi/fileToss.jsp?arg=75a63eed5a438998f9dc3380f5cb642cd56dcb0e0f0995b011f68ef22f394dd2174e1bc993429f5e33af49a418a5c6f50a1285ac9f403f45,http://plus.kipris.or.kr/openapi/fileToss.jsp?arg=75a63eed5a438998f9dc3380f5cb642cd56dcb0e0f0995b006449c7f1c85a4a77af12798cb61bd12e9ee25a7f9a1aa6f0bfaafad5d3ac288,0.7468916177749634,0.807607889175415,0.7651064991950989,0
1810,3020000022336-09-01,3020000011905-09-01,포장용 용기,포장용 용기,http://plus.kipris.or.kr/openapi/fileToss.jsp?arg=75a63eed5a438998f9dc3380f5cb642cd56dcb0e0f0995b02e6ec20e9488ca6656c086b0f1da3515796931e901e901fde65b3ba0f395f31a,http://plus.kipris.or.kr/openapi/fileToss.jsp?arg=75a63eed5a438998f9dc3380f5cb642cd56dcb0e0f0995b070abdd713d0b290a0b1bd5557f830a49d15bb8fcee375a0ebb1c4581963bcc40,0.7670911550521851,0.9243917465209961,0.8142813444137573,0
1811,3020000022438-09-01,3020000029879-09-01,포장용 용기,화장품용기,http://plus.kipris.or.kr/openapi/fileToss.jsp?arg=75a63eed5a438998f9dc3380f5cb642cd56dcb0e0f0995b02e6ec20e9488ca6663752f4fd76355c5c8a13f1ee8f31a924b6d9639883d74af,http://plus.kipris.or.kr/openapi/fileToss.jsp?arg=75a63eed5a438998f9dc3380f5cb642cd56dcb0e0f0995b011f68ef22f394dd26a964075748e6c1809aa21b6b39ae6774f1763d237ad1420,0.7477918863296509,0.8234453201293945,0.770487904548645,0
1812,3020000018268-09-01,3020000031824-09-01,화장품 용기,포장용 통,http://plus.kipris.or.kr/openapi/fileToss.jsp?arg=75a63eed5a438998f9dc3380f5cb642cd56dcb0e0f0995b0deac54f8925f4c7dab2df396aedd8dba048d60148f3f5c10a0f3bc53c402fabf,http://plus.kipris.or.kr/openapi/fileToss.jsp?arg=75a63eed5a438998f9dc3380f5cb642cd56dcb0e0f0995b089d7a621b89857a260d6d19455edef47705315bb99d3e7959a285987f93eaf36,0.8322800397872925,0.6714393496513367,0.7840278148651123,0
1813,3020000014023-09-01,3020000030604-09-01,포장용 병,화장품 용기,http://plus.kipris.or.kr/openapi/fileToss.jsp?arg=75a63eed5a438998f9dc3380f5cb642cd56dcb0e0f0995b0606f4df1f99f40815878d165002789aa5526a362d86a8dbd07a4d44d545b692c,http://plus.kipris.or.kr/openapi/fileToss.jsp?arg=75a63eed5a438998f9dc3380f5cb642cd56dcb0e0f0995b0b9420cad9c5990e05592e1ba158996cfd96ec4d5b728a44a4f4d0cbf1d95c5d0,0.7883831858634949,0.7795878648757935,0.7857445478439331,0
1814,3020000019481-09-01,3020000020571-09-01,포장용 용기,화장품 용기,http://plus.kipris.or.kr/openapi/fileToss.jsp?arg=75a63eed5a438998f9dc3380f5cb642cd56dcb0e0f0995b0f63a2eefd11079d0ccfa5665d6ade322594940fc7daa731df25e52de4bc63a35,http://plus.kipris.or.kr/openapi/fileToss.jsp?arg=75a63eed5a438998f9dc3380f5cb642cd56dcb0e0f0995b0bea0399dd2b7a3e5b435903018a1a9f5132e0826c9f45c0b29de510ae895cd53,0.9050095081329346,0.8913088440895081,0.9008992910385132,0
1815,3020000027388-09-01,3020000026567-09-01,포장용 용기,화장품 용기,http://plus.kipris.or.kr/openapi/fileToss.jsp?arg=75a63eed5a438998f9dc3380f5cb642cd56dcb0e0f0995b01b6467bd697fe99cc883ae80263b6d6f03450d55259062fb11e308183172503b,http://plus.kipris.or.kr/openapi/fileToss.jsp?arg=75a63eed5a438998f9dc3380f5cb642cd56dcb0e0f0995b035c516d305aed145c7f1101716b813f88495dcf894aa3703d1f565b43744e8cd,0.6884806156158447,0.8667411804199219,0.7419587969779968,0
1816,3020000025935-09-01,3020000010913-09-01,플라스틱병,향수병,http://plus.kipris.or.kr/openapi/fileToss.jsp?arg=75a63eed5a438998f9dc3380f5cb642cd56dcb0e0f0995b07a28099d0ef98e17823896417f37d3fc4aef395a76d308438bea2943712f53d4,http://plus.kipris.or.kr/openapi/fileToss.jsp?arg=75a63eed5a438998f9dc3380f5cb642cd56dcb0e0f0995b0ef3ea9b059e124218e78add106288283ab700c059cc1211179ac2a27b822ff87,0.6452422738075256,0.7576987743377686,0.678979218006134,0
1817,3020000011007-09-01,3020000023257-09-01,화장품 용기,식품용용기,http://plus.kipris.or.kr/openapi/fileToss.jsp?arg=75a63eed5a438998f9dc3380f5cb642cd56dcb0e0f0995b070abdd713d0b290aa6f312245d3a82ee6abff9afa2ecfcfd1640c3370d3ec762,http://plus.kipris.or.kr/openapi/fileToss.jsp?arg=75a63eed5a438998f9dc3380f5cb642cd56dcb0e0f0995b09b1f6789fb975124ddde99bf437cdce8b254f968dabd728de49de1f5b2bf5bdf,0.7835511565208435,0.811866283416748,0.7920457124710083,0
1818,3020000010913-09-01,3020000015364-09-01,향수병,음료 용기,http://plus.kipris.or.kr/openapi/fileToss.jsp?arg=75a63eed5a438998f9dc3380f5cb642cd56dcb0e0f0995b0ef3ea9b059e124218e78add106288283ab700c059cc121119f0ec2c11e908959,http://plus.kipris.or.kr/openapi/fileToss.jsp?arg=75a63eed5a438998f9dc3380f5cb642cd56dcb0e0f0995b07ba686bc001e12b7d8b815ff2deb7faa2bd5930109a021222910515023b1159d,0.8274522423744202,0.7100830078125,0.7922414541244507,0
1819,3020000029153-09-01,3020000025561-09-01,화장품 용기,세제용기,http://plus.kipris.or.kr/openapi/fileToss.jsp?arg=75a63eed5a438998f9dc3380f5cb642cd56dcb0e0f0995b011f68ef22f394dd29eecc76719f91605bd6e2b7afc320865cbd36d60e5259a5a,http://plus.kipris.or.kr/openapi/fileToss.jsp?arg=75a63eed5a438998f9dc3380f5cb642cd56dcb0e0f0995b07a28099d0ef98e171a64a952b3c73897cb417e4d393a375003175eb94a86d7c8,0.7744247913360596,0.8257965445518494,0.7898362874984741,0
1820,3020000025996-09-01,3020000017501-09-01,식용유병,포장용 용기,http://plus.kipris.or.kr/openapi/fileToss.jsp?arg=75a63eed5a438998f9dc3380f5cb642cd56dcb0e0f0995b07a28099d0ef98e176c583cef1aca2061f34cb46582ffffa813211f9369298b54,http://plus.kipris.or.kr/openapi/fileToss.jsp?arg=75a63eed5a438998f9dc3380f5cb642cd56dcb0e0f0995b0d8ee6709638b6fa11020c731eccb4d07fe370b67cf601769a4590fc344a53dc4,0.8010569214820862,0.7708307504653931,0.7919890284538269,0
1821,3020000024236-09-01,3020000019481-09-01,화장품 용기,포장용 용기,http://plus.kipris.or.kr/openapi/fileToss.jsp?arg=75a63eed5a438998f9dc3380f5cb642cd56dcb0e0f0995b005b3db6b458aa73bfe66f6f53797fb534a72a454f5be7fe9245435c1fcfe6b2d,http://plus.kipris.or.kr/openapi/fileToss.jsp?arg=75a63eed5a438998f9dc3380f5cb642cd56dcb0e0f0995b0f63a2eefd11079d0ccfa5665d6ade322594940fc7daa731d62869656bac2e24e,0.775736391544342,0.8365158438682556,0.7939702272415161,0
1822,3020000014023-09-01,3020000010996-09-01,포장용 병,포장용 용기,http://plus.kipris.or.kr/openapi/fileToss.jsp?arg=75a63eed5a438998f9dc3380f5cb642cd56dcb0e0f0995b0606f4df1f99f40815878d165002789aa5526a362d86a8dbddb5321a09ae50ac9,http://plus.kipris.or.kr/openapi/fileToss.jsp?arg=75a63eed5a438998f9dc3380f5cb642cd56dcb0e0f0995b0ef3ea9b059e1242154c6c6b21c086873fec4e762b42098f7edda6e53dbafef9e,0.7685344815254211,0.9092242121696472,0.8107414245605469,0
1823,3020000029327-09-01,3020000018766-09-01,화장품 용기,음료병,http://plus.kipris.or.kr/openapi/fileToss.jsp?arg=75a63eed5a438998f9dc3380f5cb642cd56dcb0e0f0995b011f68ef22f394dd2cbb6ac3c424ae6349bbb0d951f43b1ab761b053693cf37e4,http://plus.kipris.or.kr/openapi/fileToss.jsp?arg=75a63eed5a438998f9dc3380f5cb642cd56dcb0e0f0995b0deac54f8925f4c7dff73e655a395ca11482114226fa582880430bc36bcca3ad0,0.8178802132606506,0.542677104473114,0.7353192567825317,0
1824,3020000017003-09-01,3020000015226-09-01,포장용 용기,포장용 용기,http://plus.kipris.or.kr/openapi/fileToss.jsp?arg=75a63eed5a438998f9dc3380f5cb642cd56dcb0e0f0995b0d8ee6709638b6fa151acb057bf4b283fa8e32bcd5b75385dc40c5b1a1a9ababc,http://plus.kipris.or.kr/openapi/fileToss.jsp?arg=75a63eed5a438998f9dc3380f5cb642cd56dcb0e0f0995b07ba686bc001e12b736b25ce876b15baea2cded5148e590e6009b9b4f991bc68e,0.8850920796394348,0.9348959922790527,0.9000332951545715,0
1825,3020000017498-09-01,3020000007018-09-01,포장용 용기,화장품 용기,http://plus.kipris.or.kr/openapi/fileToss.jsp?arg=75a63eed5a438998f9dc3380f5cb642cd56dcb0e0f0995b0d8ee6709638b6fa1ae2fc3835c730b0f203fa3932e0f70e4711560ab3557fa5e,http://plus.kipris.or.kr/openapi/fileToss.jsp?arg=75a63eed5a438998f9dc3380f5cb642cd56dcb0e0f0995b0fdcd45318d7ff23c36f1af0f6d6ef80329232ca9d0c35738de09f9787e7c587c,0.7478405833244324,0.8487162590026855,0.7781032919883728,0
1826,3020000013900-09-01,3020000029148-09-01,포장용 용기,술병,http://plus.kipris.or.kr/openapi/fileToss.jsp?arg=75a63eed5a438998f9dc3380f5cb642cd56dcb0e0f0995b0bdcfae06342df6850de8b49972379f7ecc0784a9556e8c626ec01dafa2b04614,http://plus.kipris.or.kr/openapi/fileToss.jsp?arg=75a63eed5a438998f9dc3380f5cb642cd56dcb0e0f0995b011f68ef22f394dd2b1e8fa62f7dbf6eb93ae353ab0d4ab675144906ab7c35c8c,0.8453501462936401,0.7446082830429077,0.8151275515556335,0
1827,3020000007043-09-01,3020000031164-09-01,포장용기,화장품용기,http://plus.kipris.or.kr/openapi/fileToss.jsp?arg=75a63eed5a438998f9dc3380f5cb642cd56dcb0e0f0995b0fdcd45318d7ff23c26d838b2a3bc7b054db3382f2acfb6b27eeae263af03a446,http://plus.kipris.or.kr/openapi/fileToss.jsp?arg=75a63eed5a438998f9dc3380f5cb642cd56dcb0e0f0995b089d7a621b89857a2bda1ae1f5599e3174f9890943a627800046ffe65d8f6d235,0.7727745771408081,0.8262991905212402,0.7888319492340088,0
1828,3020000017000-09-01,3020000030604-09-01,포장용 용기,화장품 용기,http://plus.kipris.or.kr/openapi/fileToss.jsp?arg=75a63eed5a438998f9dc3380f5cb642cd56dcb0e0f0995b0d8ee6709638b6fa151acb057bf4b283f873778c4a5b9305b0a16d4ef59b4bba4,http://plus.kipris.or.kr/openapi/fileToss.jsp?arg=75a63eed5a438998f9dc3380f5cb642cd56dcb0e0f0995b0b9420cad9c5990e05592e1ba158996cfd96ec4d5b728a44a4f4d0cbf1d95c5d0,0.797850489616394,0.794394850730896,0.7968137860298157,0
1829,3020000027874-09-01,3020000014720-09-01,포장용용기,음료수 병,http://plus.kipris.or.kr/openapi/fileToss.jsp?arg=75a63eed5a438998f9dc3380f5cb642cd56dcb0e0f0995b01b6467bd697fe99c3417ef7c1899dbda805e0d76a677f7ef26abdbe8f19c6981,http://plus.kipris.or.kr/openapi/fileToss.jsp?arg=75a63eed5a438998f9dc3380f5cb642cd56dcb0e0f0995b0606f4df1f99f408147acd64ca7a100af79f950bb027a98d8a9caa90b9b3fd060,0.6287419199943542,0.8062484264373779,0.681993842124939,0
1830,3020000019758-09-01,3020000030347-09-01,화장품 포장용 병,포장용 용기,http://plus.kipris.or.kr/openapi/fileToss.jsp?arg=75a63eed5a438998f9dc3380f5cb642cd56dcb0e0f0995b0f63a2eefd11079d006f4cd70f75e4ac6265a23764f163fea4a49f6a211c45aa3,http://plus.kipris.or.kr/openapi/fileToss.jsp?arg=75a63eed5a438998f9dc3380f5cb642cd56dcb0e0f0995b0b9420cad9c5990e003a10973d6bdbbe33d0e3feb2ecc5d1454e3d9d5b24538b8,0.7752365469932556,0.8679897785186768,0.8030625581741333,0
1831,3020000004095-09-01,3020000030132-09-01,화장품용기,포장용 용기,http://plus.kipris.or.kr/openapi/fileToss.jsp?arg=75a63eed5a438998f9dc3380f5cb642cd56dcb0e0f0995b03069a7817908f14f4572c71c40a02c1b29a3e9914aba67c627c817f0a732922c,http://plus.kipris.or.kr/openapi/fileToss.jsp?arg=75a63eed5a438998f9dc3380f5cb642cd56dcb0e0f0995b0b9420cad9c5990e09473cab83423dc22cdeb0515d7960d0ed66a95fcedc784b4,0.5827274918556213,0.8501896858215332,0.6629661321640015,0
1832,3020000015443-09-01,3020000002988-09-01,음료용 캔용기,화장품 용기,http://plus.kipris.or.kr/openapi/fileToss.jsp?arg=75a63eed5a438998f9dc3380f5cb642cd56dcb0e0f0995b07ba686bc001e12b77655048972b3dba9926fb1f6a70677cc4dd95a1c4efdc574,http://plus.kipris.or.kr/openapi/fileToss.jsp?arg=75a63eed5a438998f9dc3380f5cb642cd56dcb0e0f0995b0680d52483fc7b07d6fe290517ec135e74f9e3dd1bc7c81cb57d5df466952e806,0.7487902045249939,0.675433337688446,0.7267831563949585,0
1833,3020000016430-09-01,3020000024463-09-01,포장용기,포장용 용기,http://plus.kipris.or.kr/openapi/fileToss.jsp?arg=75a63eed5a438998f9dc3380f5cb642cd56dcb0e0f0995b0edd65ac4880d0f0c232cb6b80bc0e8a33808bf7b0bacd52fbbedf61a51ab81be,http://plus.kipris.or.kr/openapi/fileToss.jsp?arg=75a63eed5a438998f9dc3380f5cb642cd56dcb0e0f0995b005b3db6b458aa73be969790f4b87eaa5b26fec36e24da5f75257777a4b9690b2,0.5727766156196594,0.8376436233520508,0.6522367000579834,0
1834,3020000027112-09-01,3020000013864-09-01,향수 용기,포장용 용기,http://plus.kipris.or.kr/openapi/fileToss.jsp?arg=75a63eed5a438998f9dc3380f5cb642cd56dcb0e0f0995b01b6467bd697fe99c013e9190553069fb58aea5169a494bd3c3be41d8c1073b8d,http://plus.kipris.or.kr/openapi/fileToss.jsp?arg=75a63eed5a438998f9dc3380f5cb642cd56dcb0e0f0995b0bdcfae06342df685f8cbf1fb50c4736d5266c6728b66f107fbb63f1ca531bc31,0.8305867910385132,0.7663711309432983,0.8113220930099487,0
1835,3020000018268-09-01,3020000001944-09-01,화장품 용기,포장용 용기,http://plus.kipris.or.kr/openapi/fileToss.jsp?arg=75a63eed5a438998f9dc3380f5cb642cd56dcb0e0f0995b0deac54f8925f4c7dab2df396aedd8dba048d60148f3f5c108b107f839c8caa38,http://plus.kipris.or.kr/openapi/fileToss.jsp?arg=75a63eed5a438998f9dc3380f5cb642cd56dcb0e0f0995b0b700f0235c7824b0b43f28481065a752e5d089eb08c523492424577b6157605b,0.7706442475318909,0.7829749584197998,0.7743434309959412,0
1836,3020000028831-09-01,3020000012835-09-01,화장품 용기,향수병,http://plus.kipris.or.kr/openapi/fileToss.jsp?arg=75a63eed5a438998f9dc3380f5cb642cd56dcb0e0f0995b0227542a1f24a73618fe1c7a5cc98859de0c23b94fa94bf3e7da7f29e06a0cf37,http://plus.kipris.or.kr/openapi/fileToss.jsp?arg=75a63eed5a438998f9dc3380f5cb642cd56dcb0e0f0995b08964a6c84ce8cbe136b914a53e58c31f5a71b47ce7755bd59479ce6bafb7a5cb,0.9510598182678223,0.8212272524833679,0.9121100306510925,0
1837,3020000018222-09-01,3020000005940-09-01,포장용 용기,화장품 용기,http://plus.kipris.or.kr/openapi/fileToss.jsp?arg=75a63eed5a438998f9dc3380f5cb642cd56dcb0e0f0995b0deac54f8925f4c7d4987cce9cfe8722f3db950a0fbab00c9ce2df673aaa410f7,http://plus.kipris.or.kr/openapi/fileToss.jsp?arg=75a63eed5a438998f9dc3380f5cb642cd56dcb0e0f0995b08fe3e6d10b56cc3d0c2a77a9be3fcd51aa99775730a8a2f54c37f1d4adbd2a81,0.778667688369751,0.828640878200531,0.7936596274375916,0
1838,3020000000847-09-01,3020000030710-09-01,포장용 병,향수 용기,http://plus.kipris.or.kr/openapi/fileToss.jsp?arg=75a63eed5a438998f9dc3380f5cb642cd56dcb0e0f0995b0cc72ed919b342300e99b2acfcc6c677b67dc73b104714909ac33e84854ecc7a2,http://plus.kipris.or.kr/openapi/fileToss.jsp?arg=75a63eed5a438998f9dc3380f5cb642cd56dcb0e0f0995b0b9420cad9c5990e04e6a47733b7591c4ce6c1908f6b3f36c418e3e43bdb5ba51,0.7819088697433472,0.8258192539215088,0.7950819730758667,0
1839,3020000012594-09-01,3020000002988-09-01,포장용 병,화장품 용기,http://plus.kipris.or.kr/openapi/fileToss.jsp?arg=75a63eed5a438998f9dc3380f5cb642cd56dcb0e0f0995b08964a6c84ce8cbe1a2734cd20ff462c98c85951218f53d28d36a5b1bca30e5bd,http://plus.kipris.or.kr/openapi/fileToss.jsp?arg=75a63eed5a438998f9dc3380f5cb642cd56dcb0e0f0995b0680d52483fc7b07d6fe290517ec135e74f9e3dd1bc7c81cb57d5df466952e806,0.6413056254386902,0.7932831048965454,0.6868988871574402,0
1840,3020000006173-09-01,3020000011558-09-01,음료수 용기,술병,http://plus.kipris.or.kr/openapi/fileToss.jsp?arg=75a63eed5a438998f9dc3380f5cb642cd56dcb0e0f0995b0187836737e94fb39845672cd5824903a402d9dab6f5279e6197baa9a902d9990,http://plus.kipris.or.kr/openapi/fileToss.jsp?arg=75a63eed5a438998f9dc3380f5cb642cd56dcb0e0f0995b070abdd713d0b290a44af382d81afbb12e7c9bd040680775c0960c67950cd1e2c,0.6763189435005188,0.869059681892395,0.7341411709785461,0
1841,3020000030604-09-01,3020000031696-09-01,화장품 용기,화장품 용기,http://plus.kipris.or.kr/openapi/fileToss.jsp?arg=75a63eed5a438998f9dc3380f5cb642cd56dcb0e0f0995b0b9420cad9c5990e05592e1ba158996cfd96ec4d5b728a44a4f4d0cbf1d95c5d0,http://plus.kipris.or.kr/openapi/fileToss.jsp?arg=75a63eed5a438998f9dc3380f5cb642cd56dcb0e0f0995b089d7a621b89857a2fe66ea06c9f515a9004527b3808598c0b8e9e5fb4cdc53fb,0.7857649922370911,0.8602654337882996,0.8081151247024536,0
1842,3020000014023-09-01,3020000002025-09-01,포장용 병,포장용용기,http://plus.kipris.or.kr/openapi/fileToss.jsp?arg=75a63eed5a438998f9dc3380f5cb642cd56dcb0e0f0995b0606f4df1f99f40815878d165002789aa5526a362d86a8dbd083ab58616b81dee,http://plus.kipris.or.kr/openapi/fileToss.jsp?arg=75a63eed5a438998f9dc3380f5cb642cd56dcb0e0f0995b0680d52483fc7b07dce8cf928834fb57d961f437f2814cf5fd87e5a90517931a2,0.8131089806556702,0.905441403388977,0.8408086895942688,0
1843,3020000024956-09-01,3020000001557-09-01,화장품용기,화장품 용기,http://plus.kipris.or.kr/openapi/fileToss.jsp?arg=75a63eed5a438998f9dc3380f5cb642cd56dcb0e0f0995b005b3db6b458aa73be2c5f00e2cd5aa81a4f8318a69793afe5214811cd4473918,http://plus.kipris.or.kr/openapi/fileToss.jsp?arg=75a63eed5a438998f9dc3380f5cb642cd56dcb0e0f0995b0b700f0235c7824b02742d12238f52e5f07b186765f208389fade1c5d08a99076,0.8224458694458008,0.9457219243049622,0.8594286441802979,0
1844,3020000029794-09-01,3020000018268-09-01,회전식 지압기가 부설된 약병,화장품 용기,http://plus.kipris.or.kr/openapi/fileToss.jsp?arg=75a63eed5a438998f9dc3380f5cb642cd56dcb0e0f0995b011f68ef22f394dd2b168e780477751b51e99ed8a78b3e519a21802e7eb3b82ca,http://plus.kipris.or.kr/openapi/fileToss.jsp?arg=75a63eed5a438998f9dc3380f5cb642cd56dcb0e0f0995b0deac54f8925f4c7dab2df396aedd8dba048d60148f3f5c10d10df73490bf8624,0.8613673448562622,0.6644188761711121,0.8022828102111816,0
1845,3020000010913-09-01,3020000010608-09-01,향수병,향수용기,http://plus.kipris.or.kr/openapi/fileToss.jsp?arg=75a63eed5a438998f9dc3380f5cb642cd56dcb0e0f0995b0ef3ea9b059e124218e78add106288283ab700c059cc1211112acf0ef34a6b96c,http://plus.kipris.or.kr/openapi/fileToss.jsp?arg=75a63eed5a438998f9dc3380f5cb642cd56dcb0e0f0995b0ef3ea9b059e12421ac8898e2abf04f2abfe0c93f850ea724a8aff022b859a58a,0.7366307377815247,0.8907908201217651,0.7828787565231323,0
1846,3020000026714-09-01,3020000033444-09-01,양념장포장용용기,샴푸용기,http://plus.kipris.or.kr/openapi/fileToss.jsp?arg=75a63eed5a438998f9dc3380f5cb642cd56dcb0e0f0995b035c516d305aed145d03b9d9d2a0fe85b75f03b4602eac21ee5a2d47e4171cf71,http://plus.kipris.or.kr/openapi/fileToss.jsp?arg=75a63eed5a438998f9dc3380f5cb642cd56dcb0e0f0995b0f32787804da8b7ada2d771db11230ee4e87c7e164450516354be1e1435724e63,0.7358253598213196,0.6284404993057251,0.7036099433898926,0
1847,3020000007772-09-01,3020000017424-09-01,포장용 병,포장용 용기,http://plus.kipris.or.kr/openapi/fileToss.jsp?arg=75a63eed5a438998f9dc3380f5cb642cd56dcb0e0f0995b0fdcd45318d7ff23cc933b5cab7f8c645d9e46bfbdbc6f3721766103088f64277,http://plus.kipris.or.kr/openapi/fileToss.jsp?arg=75a63eed5a438998f9dc3380f5cb642cd56dcb0e0f0995b0d8ee6709638b6fa14d030d93d9fd28c422622fd25edaa01a38c13aa2d910b2c5,0.8081320524215698,0.8416725993156433,0.8181942105293274,0
1848,3020000028283-09-01,3020000025817-09-01,포장용 용기,대나무통 속 참소주,http://plus.kipris.or.kr/openapi/fileToss.jsp?arg=75a63eed5a438998f9dc3380f5cb642cd56dcb0e0f0995b0227542a1f24a7361c5f2b82111502f215f83c11efd778e7b3e677bb050ad4dd3,http://plus.kipris.or.kr/openapi/fileToss.jsp?arg=75a63eed5a438998f9dc3380f5cb642cd56dcb0e0f0995b07a28099d0ef98e179bc9ea7c548ba527949e26288637a0b6af8afc33045c976e,0.6736752390861511,0.6674275398254395,0.671800971031189,0
1849,3020000012072-09-01,3020000021602-09-01,샴푸용기,화장품 용기,http://plus.kipris.or.kr/openapi/fileToss.jsp?arg=75a63eed5a438998f9dc3380f5cb642cd56dcb0e0f0995b08964a6c84ce8cbe101428d44c160746ec10ea66642096ecb1a692729bac9e012,http://plus.kipris.or.kr/openapi/fileToss.jsp?arg=75a63eed5a438998f9dc3380f5cb642cd56dcb0e0f0995b006449c7f1c85a4a70cda0132be4db162a639788ec92d3c9be5a8057b3f568543,0.8961524963378906,0.7403597831726074,0.8494147062301636,0
1850,3020000002024-09-01,3020000024463-09-01,포장용용기,포장용 용기,http://plus.kipris.or.kr/openapi/fileToss.jsp?arg=75a63eed5a438998f9dc3380f5cb642cd56dcb0e0f0995b0680d52483fc7b07dce8cf928834fb57ddd96de37e6cf724ffd95dd87a86c28e6,http://plus.kipris.or.kr/openapi/fileToss.jsp?arg=75a63eed5a438998f9dc3380f5cb642cd56dcb0e0f0995b005b3db6b458aa73be969790f4b87eaa5b26fec36e24da5f73144ac8920bfa1ad,0.698715329170227,0.9369691610336304,0.770191490650177,0
1851,3020000015283-09-01,3020000022365-09-01,화장품 용기,화장품용기,http://plus.kipris.or.kr/openapi/fileToss.jsp?arg=75a63eed5a438998f9dc3380f5cb642cd56dcb0e0f0995b07ba686bc001e12b75d136b4df6d33bb5e8005246d5d2fdb91db7e2eb78296ca2,http://plus.kipris.or.kr/openapi/fileToss.jsp?arg=75a63eed5a438998f9dc3380f5cb642cd56dcb0e0f0995b02e6ec20e9488ca667220594ecf4822650c1479d6f12cd598c65a4b12ef933621,0.834293007850647,0.9691447019577026,0.8747485280036926,0
1852,3020000031165-09-01,3020000017002-09-01,화장품용기,포장용 용기,http://plus.kipris.or.kr/openapi/fileToss.jsp?arg=75a63eed5a438998f9dc3380f5cb642cd56dcb0e0f0995b089d7a621b89857a2bda1ae1f5599e3178632bd153853d7a3d0c15757beac41de,http://plus.kipris.or.kr/openapi/fileToss.jsp?arg=75a63eed5a438998f9dc3380f5cb642cd56dcb0e0f0995b0d8ee6709638b6fa151acb057bf4b283f9c05647f46a69bf4e983dc74e4521fb5,0.6841849684715271,0.8284966349601746,0.7274784445762634,0
1853,3020000014928-09-01,3020000015292-09-01,음료용기,화장품 용기,http://plus.kipris.or.kr/openapi/fileToss.jsp?arg=75a63eed5a438998f9dc3380f5cb642cd56dcb0e0f0995b0606f4df1f99f408187506cb30276f5d07245a750976a37928b8b0c66ba939178,http://plus.kipris.or.kr/openapi/fileToss.jsp?arg=75a63eed5a438998f9dc3380f5cb642cd56dcb0e0f0995b07ba686bc001e12b76e1758ca08fef1f14f2a37a2d5f23b27365bbba84aa76eaa,0.8772499561309814,0.5421425104141235,0.7767177224159241,0
1854,3020000004361-09-01,3020000024700-09-01,식음료용 병,화장품 용기,http://plus.kipris.or.kr/openapi/fileToss.jsp?arg=75a63eed5a438998f9dc3380f5cb642cd56dcb0e0f0995b03069a7817908f14f862ab5db3dff0eb9326ff5b66dd75e8c4d91d86ad47a60b5,http://plus.kipris.or.kr/openapi/fileToss.jsp?arg=75a63eed5a438998f9dc3380f5cb642cd56dcb0e0f0995b005b3db6b458aa73bbe736c671d94092b71c05c8cc68ecef6e4905162266cab6c,0.693945586681366,0.7281756401062012,0.7042146325111389,0
1855,3020000012831-09-01,3020000024614-09-01,화장품 용기,병,http://plus.kipris.or.kr/openapi/fileToss.jsp?arg=75a63eed5a438998f9dc3380f5cb642cd56dcb0e0f0995b08964a6c84ce8cbe136b914a53e58c31f34471099fcd13951d4ab0c0d2379b9b6,http://plus.kipris.or.kr/openapi/fileToss.jsp?arg=75a63eed5a438998f9dc3380f5cb642cd56dcb0e0f0995b005b3db6b458aa73b0968031a9516cc9a17434bbd4aa1786cb37e0b1020b0079b,0.7890268564224243,0.7393670678138733,0.7741289138793945,0
1856,3020000029220-09-01,3020000029020-09-01,화장품 용기,화장품 용기,http://plus.kipris.or.kr/openapi/fileToss.jsp?arg=75a63eed5a438998f9dc3380f5cb642cd56dcb0e0f0995b011f68ef22f394dd21733bab7ceb881dd6ea7b591db33d693e00a8ba98c2ab7b6,http://plus.kipris.or.kr/openapi/fileToss.jsp?arg=75a63eed5a438998f9dc3380f5cb642cd56dcb0e0f0995b011f68ef22f394dd23d3e52e393d986e319bf88371b57d9b8a6c9cb86aef2ad5b,0.8746384382247925,0.991249144077301,0.9096215963363647,0
1857,3020000012111-09-01,3020000031842-09-01,드링크 병,포장용 병,http://plus.kipris.or.kr/openapi/fileToss.jsp?arg=75a63eed5a438998f9dc3380f5cb642cd56dcb0e0f0995b08964a6c84ce8cbe1c4d769ac6125c6604cb8fb2387c071ba3df509bd3166361c,http://plus.kipris.or.kr/openapi/fileToss.jsp?arg=75a63eed5a438998f9dc3380f5cb642cd56dcb0e0f0995b089d7a621b89857a23924c6b693bd0ccfdcc7562a1bfe4ba0bc27c1f3525ea46b,0.868130087852478,0.8078550696372986,0.8500475883483887,0
1858,3020000023253-09-01,3020000029020-09-01,식품용용기,화장품 용기,http://plus.kipris.or.kr/openapi/fileToss.jsp?arg=75a63eed5a438998f9dc3380f5cb642cd56dcb0e0f0995b09b1f6789fb975124ddde99bf437cdce86a02344d328de245e3118ac5443f4ce8,http://plus.kipris.or.kr/openapi/fileToss.jsp?arg=75a63eed5a438998f9dc3380f5cb642cd56dcb0e0f0995b011f68ef22f394dd23d3e52e393d986e319bf88371b57d9b8a6c9cb86aef2ad5b,0.7495464086532593,0.8193074464797974,0.7704746723175049,0
1859,3020000028254-09-01,3020000022161-09-01,화장품 용기,화장품용기,http://plus.kipris.or.kr/openapi/fileToss.jsp?arg=75a63eed5a438998f9dc3380f5cb642cd56dcb0e0f0995b0227542a1f24a736184b9181791c18e4fa67ec61a2b27ea41f8f06622e88c7565,http://plus.kipris.or.kr/openapi/fileToss.jsp?arg=75a63eed5a438998f9dc3380f5cb642cd56dcb0e0f0995b02e6ec20e9488ca6619e7d183ad07870d0e1f720ac109996a074395cad3b98e21,0.5989140868186951,0.928662121295929,0.6978384852409363,0
1860,3020000015436-09-01,3020000004361-09-01,포장용 용기,식음료용 병,http://plus.kipris.or.kr/openapi/fileToss.jsp?arg=75a63eed5a438998f9dc3380f5cb642cd56dcb0e0f0995b07ba686bc001e12b74f814a4956a5cebbf9ae9e1003c504835c69b7fc38049aa6,http://plus.kipris.or.kr/openapi/fileToss.jsp?arg=75a63eed5a438998f9dc3380f5cb642cd56dcb0e0f0995b03069a7817908f14f862ab5db3dff0eb9326ff5b66dd75e8cdc92c0d7e34cd740,0.7502461075782776,0.8231385946273804,0.7721138596534729,0
1861,3020000003007-09-01,3020000030806-09-01,포장용 용기,화장품 용기,http://plus.kipris.or.kr/openapi/fileToss.jsp?arg=75a63eed5a438998f9dc3380f5cb642cd56dcb0e0f0995b00b66daf06c8a830629ab74559564aad12fba1de06c513337889997bf2dcbbc1d,http://plus.kipris.or.kr/openapi/fileToss.jsp?arg=75a63eed5a438998f9dc3380f5cb642cd56dcb0e0f0995b0b9420cad9c5990e07e891c91ed3c638d5dcbf45ab163ad9a6d9c39802e280a4a,0.6987040042877197,0.7721774578094482,0.7207460403442383,0
1862,3020000033314-09-01,3020000029518-09-01,포장용 용기,화장품용기,http://plus.kipris.or.kr/openapi/fileToss.jsp?arg=75a63eed5a438998f9dc3380f5cb642cd56dcb0e0f0995b0f32787804da8b7ad8e33740856216fb39dc532a3e2d090b2dc35670d12d38f46,http://plus.kipris.or.kr/openapi/fileToss.jsp?arg=75a63eed5a438998f9dc3380f5cb642cd56dcb0e0f0995b011f68ef22f394dd24829751c8f656ff9534b5bcab2c36d40fc9e73a04d7c0ab9,0.719125509262085,0.8353300094604492,0.7539868950843811,0
1863,3020000030710-09-01,3020000012601-09-01,향수 용기,세제용 용기,http://plus.kipris.or.kr/openapi/fileToss.jsp?arg=75a63eed5a438998f9dc3380f5cb642cd56dcb0e0f0995b0b9420cad9c5990e04e6a47733b7591c4ce6c1908f6b3f36c49ea831e039ee9f5,http://plus.kipris.or.kr/openapi/fileToss.jsp?arg=75a63eed5a438998f9dc3380f5cb642cd56dcb0e0f0995b08964a6c84ce8cbe168aabef1f58be13cce1ea850f9b201c5981c2d9e5d177568,0.7130417227745056,0.8514295816421509,0.7545580863952637,0
1864,3020000006090-09-01,3020000007581-09-01,포장용 병,향수병,http://plus.kipris.or.kr/openapi/fileToss.jsp?arg=75a63eed5a438998f9dc3380f5cb642cd56dcb0e0f0995b0187836737e94fb39b9d0139a39d2cc390be542fc4d85a6fbd671b9de5ef7ca24,http://plus.kipris.or.kr/openapi/fileToss.jsp?arg=75a63eed5a438998f9dc3380f5cb642cd56dcb0e0f0995b0fdcd45318d7ff23cbe8f9d6b58b35c17304b4de69f264fba3baf6d413034c8fe,0.8234575390815735,0.7868154048919678,0.8124648928642273,0
1865,3020000016952-09-01,3020000030347-09-01,화장품 용기,포장용 용기,http://plus.kipris.or.kr/openapi/fileToss.jsp?arg=75a63eed5a438998f9dc3380f5cb642cd56dcb0e0f0995b0edd65ac4880d0f0c46faa16d4d6673f103f15ad5032df09404de48215fdaa820,http://plus.kipris.or.kr/openapi/fileToss.jsp?arg=75a63eed5a438998f9dc3380f5cb642cd56dcb0e0f0995b0b9420cad9c5990e003a10973d6bdbbe33d0e3feb2ecc5d149006f53915ba0971,0.8557260632514954,0.8788084387779236,0.8626508116722107,0
1866,3020000005512-09-01,3020000000039-09-01,화장품 용기,포장용 병,http://plus.kipris.or.kr/openapi/fileToss.jsp?arg=75a63eed5a438998f9dc3380f5cb642cd56dcb0e0f0995b08fe3e6d10b56cc3d22f91fa31f9e4b5d2d45b21b61a48a49bcf743f0b55816a9,http://plus.kipris.or.kr/openapi/fileToss.jsp?arg=75a63eed5a438998f9dc3380f5cb642cd56dcb0e0f0995b0cc72ed919b342300e663df0ee35bc8c6f313984ff39eaf8e3c54bedf18f8dc36,0.7542232275009155,0.728805661201477,0.746597945690155,0
1867,3020000002380-09-01,3020000032578-09-01,화장품 용기,화장품 용기,http://plus.kipris.or.kr/openapi/fileToss.jsp?arg=75a63eed5a438998f9dc3380f5cb642cd56dcb0e0f0995b0680d52483fc7b07d2f56793bce66975801e732f685319c567db101eaecd99304,http://plus.kipris.or.kr/openapi/fileToss.jsp?arg=75a63eed5a438998f9dc3380f5cb642cd56dcb0e0f0995b056fef538e42de114a5789ee7e1d70e892127d09ddd1ea180e6178566e3759621,0.8848705887794495,0.9274712800979614,0.8976507782936096,0
1868,3020000018871-09-01,3020000027388-09-01,화장품 용기,포장용 용기,http://plus.kipris.or.kr/openapi/fileToss.jsp?arg=75a63eed5a438998f9dc3380f5cb642cd56dcb0e0f0995b0deac54f8925f4c7d01c27b3b9348c797506af132d8ad44a8b36e7b4bdf5ae0c5,http://plus.kipris.or.kr/openapi/fileToss.jsp?arg=75a63eed5a438998f9dc3380f5cb642cd56dcb0e0f0995b01b6467bd697fe99cc883ae80263b6d6f03450d55259062fb88ed36c4b503b144,0.6622169613838196,0.8783703446388245,0.727063000202179,0
1869,3020000033574-09-01,3020000009318-09-01,향수용기,화장품용기,http://plus.kipris.or.kr/openapi/fileToss.jsp?arg=75a63eed5a438998f9dc3380f5cb642cd56dcb0e0f0995b0f32787804da8b7add5c4bca3f493f084fbe15d523da3e9db77bc7d8d939349dc,http://plus.kipris.or.kr/openapi/fileToss.jsp?arg=75a63eed5a438998f9dc3380f5cb642cd56dcb0e0f0995b073590199e4f1dc160d6f56a27c91bf2603769c37490c955f47a71f534002e7ef,0.73797607421875,0.7267757058143616,0.7346159815788269,0
1870,3020000005652-09-01,3020000017424-09-01,포장용 용기,포장용 용기,http://plus.kipris.or.kr/openapi/fileToss.jsp?arg=75a63eed5a438998f9dc3380f5cb642cd56dcb0e0f0995b08fe3e6d10b56cc3dd860bdd2e2498e9ae78cdee054c9d58f4d68235d34888835,http://plus.kipris.or.kr/openapi/fileToss.jsp?arg=75a63eed5a438998f9dc3380f5cb642cd56dcb0e0f0995b0d8ee6709638b6fa14d030d93d9fd28c422622fd25edaa01a78e482280cb1f89e,0.7995133399963379,0.9434193968772888,0.8426851034164429,0
1871,3020000020333-09-01,3020000011007-09-01,로션 용기,화장품 용기,http://plus.kipris.or.kr/openapi/fileToss.jsp?arg=75a63eed5a438998f9dc3380f5cb642cd56dcb0e0f0995b0bea0399dd2b7a3e511aac18d04956000af141d67e972b7a9afa1b6af8330d155,http://plus.kipris.or.kr/openapi/fileToss.jsp?arg=75a63eed5a438998f9dc3380f5cb642cd56dcb0e0f0995b070abdd713d0b290aa6f312245d3a82ee6abff9afa2ecfcfda2d9eb4b9a541833,0.8920644521713257,0.8707014322280884,0.8856555223464966,0
1872,3020000017906-09-01,3020000005311-09-01,화장품 용기,화장품 용기,http://plus.kipris.or.kr/openapi/fileToss.jsp?arg=75a63eed5a438998f9dc3380f5cb642cd56dcb0e0f0995b0d8ee6709638b6fa1182d19b659de8ba0d8f8a423c1711cc8baf23d89d9493ad0,http://plus.kipris.or.kr/openapi/fileToss.jsp?arg=75a63eed5a438998f9dc3380f5cb642cd56dcb0e0f0995b08fe3e6d10b56cc3d6a7058d9a96cab40de9720b4b9585ebb035b6a697fc23cb2,0.9183449745178223,0.8774588704109192,0.9060791730880737,0
1873,3020000017501-09-01,3020000022812-09-01,포장용 용기,포장용 병,http://plus.kipris.or.kr/openapi/fileToss.jsp?arg=75a63eed5a438998f9dc3380f5cb642cd56dcb0e0f0995b0d8ee6709638b6fa11020c731eccb4d07fe370b67cf60176967620259b602b3d2,http://plus.kipris.or.kr/openapi/fileToss.jsp?arg=75a63eed5a438998f9dc3380f5cb642cd56dcb0e0f0995b02e6ec20e9488ca663ad59844fd3ba6d2d1f8ed2d2803d4e44918356368c2b8cb,0.9179688096046448,0.9315184354782104,0.9220337271690369,0
1874,3020000019758-09-01,3020000026714-09-01,화장품 포장용 병,양념장포장용용기,http://plus.kipris.or.kr/openapi/fileToss.jsp?arg=75a63eed5a438998f9dc3380f5cb642cd56dcb0e0f0995b0f63a2eefd11079d006f4cd70f75e4ac6265a23764f163fea450cb8ef3b8c4673,http://plus.kipris.or.kr/openapi/fileToss.jsp?arg=75a63eed5a438998f9dc3380f5cb642cd56dcb0e0f0995b035c516d305aed145d03b9d9d2a0fe85b75f03b4602eac21e0760a4fd1189dad1,0.8186523914337158,0.7598250508308411,0.80100417137146,0
1875,3020000005311-09-01,3020000004208-09-01,화장품 용기,식음료용 병,http://plus.kipris.or.kr/openapi/fileToss.jsp?arg=75a63eed5a438998f9dc3380f5cb642cd56dcb0e0f0995b08fe3e6d10b56cc3d6a7058d9a96cab40de9720b4b9585ebbb99a1fd43293b880,http://plus.kipris.or.kr/openapi/fileToss.jsp?arg=75a63eed5a438998f9dc3380f5cb642cd56dcb0e0f0995b03069a7817908f14f26c983146bc1b18f48b2122d4f1a6e3b3748dd80a04dd767,0.8678873777389526,0.7674946784973145,0.8377695679664612,0
1876,3020000006438-09-01,3020000014721-09-01,화장품용기,음료수병,http://plus.kipris.or.kr/openapi/fileToss.jsp?arg=75a63eed5a438998f9dc3380f5cb642cd56dcb0e0f0995b0187836737e94fb39d6735824be9a53a7e1edc7ee54fa0b0956812cf1b776e13b,http://plus.kipris.or.kr/openapi/fileToss.jsp?arg=75a63eed5a438998f9dc3380f5cb642cd56dcb0e0f0995b0606f4df1f99f408147acd64ca7a100afd02dddd10af2d0c37f40daf52c42831a,0.809525728225708,0.7669521570205688,0.7967536449432373,0
1877,3020000029153-09-01,3020000031165-09-01,화장품 용기,화장품용기,http://plus.kipris.or.kr/openapi/fileToss.jsp?arg=75a63eed5a438998f9dc3380f5cb642cd56dcb0e0f0995b011f68ef22f394dd29eecc76719f91605bd6e2b7afc32086565eb68d4a3a7890f,http://plus.kipris.or.kr/openapi/fileToss.jsp?arg=75a63eed5a438998f9dc3380f5cb642cd56dcb0e0f0995b089d7a621b89857a2bda1ae1f5599e3178632bd153853d7a3c09d67410d6c93ac,0.6544257998466492,0.9378109574317932,0.7394413948059082,0
1878,3020000025935-09-01,3020000001139-09-01,플라스틱병,화장품 용기,http://plus.kipris.or.kr/openapi/fileToss.jsp?arg=75a63eed5a438998f9dc3380f5cb642cd56dcb0e0f0995b07a28099d0ef98e17823896417f37d3fc4aef395a76d30843dbd194fc09ef1e40,http://plus.kipris.or.kr/openapi/fileToss.jsp?arg=75a63eed5a438998f9dc3380f5cb642cd56dcb0e0f0995b0b700f0235c7824b0b9d15885ea58921e64b88d6b7f5b4248800f24409baf9838,0.7316908836364746,0.7457286715507507,0.7359021902084351,0
1879,3020000019784-09-01,3020000022439-09-01,식품포장용기,포장용 용기,http://plus.kipris.or.kr/openapi/fileToss.jsp?arg=75a63eed5a438998f9dc3380f5cb642cd56dcb0e0f0995b0f63a2eefd11079d0981ed2fff931e701fbc7d790be4e3032311a79497300098e,http://plus.kipris.or.kr/openapi/fileToss.jsp?arg=75a63eed5a438998f9dc3380f5cb642cd56dcb0e0f0995b02e6ec20e9488ca6663752f4fd76355c595af55981a9c28ef9f55e680eb8ecb5d,0.8179380297660828,0.8830947875976562,0.8374850749969482,0
1880,3020000003577-09-01,3020000015364-09-01,양념 포장용기,음료 용기,http://plus.kipris.or.kr/openapi/fileToss.jsp?arg=75a63eed5a438998f9dc3380f5cb642cd56dcb0e0f0995b00b66daf06c8a8306f40401ae66692a3c7ebf1dbf6e14db623e3ceb38ecbd9b42,http://plus.kipris.or.kr/openapi/fileToss.jsp?arg=75a63eed5a438998f9dc3380f5cb642cd56dcb0e0f0995b07ba686bc001e12b7d8b815ff2deb7faa2bd5930109a02122820f244fa40017f2,0.9361416101455688,0.6663002967834473,0.8551892042160034,0
1881,3020000022161-09-01,3020000012833-09-01,화장품용기,향수병,http://plus.kipris.or.kr/openapi/fileToss.jsp?arg=75a63eed5a438998f9dc3380f5cb642cd56dcb0e0f0995b02e6ec20e9488ca6619e7d183ad07870d0e1f720ac109996af546b07ee7533fab,http://plus.kipris.or.kr/openapi/fileToss.jsp?arg=75a63eed5a438998f9dc3380f5cb642cd56dcb0e0f0995b08964a6c84ce8cbe136b914a53e58c31fb0792085df3a430138fb74adca27e50f,0.6757460236549377,0.7461155652999878,0.6968569159507751,0
1882,3020000018258-09-01,3020000032447-09-01,음료용 캔,포장용 용기,http://plus.kipris.or.kr/openapi/fileToss.jsp?arg=75a63eed5a438998f9dc3380f5cb642cd56dcb0e0f0995b0deac54f8925f4c7d8c19ebbaa9b69594dbe0bf3a992ba5bf3693f821584a805d,http://plus.kipris.or.kr/openapi/fileToss.jsp?arg=75a63eed5a438998f9dc3380f5cb642cd56dcb0e0f0995b056fef538e42de114adfcf72cc6314c12724d86072dd1e0e178094c9d54036299,0.8210356831550598,0.7100733518600464,0.7877469658851624,0
1883,3020000010911-09-01,3020000005379-09-01,향수병,포장용 술병,http://plus.kipris.or.kr/openapi/fileToss.jsp?arg=75a63eed5a438998f9dc3380f5cb642cd56dcb0e0f0995b0ef3ea9b059e124218e78add106288283eeb4410ee4e47e419d5076e14aec105e,http://plus.kipris.or.kr/openapi/fileToss.jsp?arg=75a63eed5a438998f9dc3380f5cb642cd56dcb0e0f0995b08fe3e6d10b56cc3d7130e33ba6c2605b9e77521b40d6dd65f32ed1be600d3930,0.8279001712799072,0.7573033571243286,0.8067211508750916,0
1884,3020000010912-09-01,3020000028259-09-01,향수병,화장품 용기,http://plus.kipris.or.kr/openapi/fileToss.jsp?arg=75a63eed5a438998f9dc3380f5cb642cd56dcb0e0f0995b0ef3ea9b059e124218e78add10628828341da67d0ed53295d26db0d22174ebdb6,http://plus.kipris.or.kr/openapi/fileToss.jsp?arg=75a63eed5a438998f9dc3380f5cb642cd56dcb0e0f0995b0227542a1f24a736184b9181791c18e4f8115a673a00f082d87087eb5972c6d5e,0.8684893846511841,0.7567539811134338,0.8349688053131104,0
1885,3020000028260-09-01,3020000001542-09-01,화장품 용기,포장용 음료용기,http://plus.kipris.or.kr/openapi/fileToss.jsp?arg=75a63eed5a438998f9dc3380f5cb642cd56dcb0e0f0995b0227542a1f24a736122cfa453f48f4400272b12f6e17da75658db5c6d3257cf6e,http://plus.kipris.or.kr/openapi/fileToss.jsp?arg=75a63eed5a438998f9dc3380f5cb642cd56dcb0e0f0995b0b700f0235c7824b0587fd55be5134f032acd59f883b9206c47041ec1b351eb0c,0.8487151265144348,0.8066873550415039,0.8361067771911621,0
1886,3020000002988-09-01,3020000002771-09-01,화장품 용기,포장용 음료용기,http://plus.kipris.or.kr/openapi/fileToss.jsp?arg=75a63eed5a438998f9dc3380f5cb642cd56dcb0e0f0995b0680d52483fc7b07d6fe290517ec135e74f9e3dd1bc7c81cbaae8f6f17dd8c577,http://plus.kipris.or.kr/openapi/fileToss.jsp?arg=75a63eed5a438998f9dc3380f5cb642cd56dcb0e0f0995b0680d52483fc7b07df0eaa0514f1b3e00d24794910bd1260b551cd01aceb6901c,0.8070101737976074,0.796379804611206,0.8038210868835449,0
1887,3020000012594-09-01,3020000018872-09-01,포장용 병,화장품 용기,http://plus.kipris.or.kr/openapi/fileToss.jsp?arg=75a63eed5a438998f9dc3380f5cb642cd56dcb0e0f0995b08964a6c84ce8cbe1a2734cd20ff462c98c85951218f53d286bdd5719c21039d1,http://plus.kipris.or.kr/openapi/fileToss.jsp?arg=75a63eed5a438998f9dc3380f5cb642cd56dcb0e0f0995b0deac54f8925f4c7d01c27b3b9348c7972ae570bc5f1beadcb8b3eacfc72ef144,0.7083999514579773,0.8485722541809082,0.7504516243934631,0
1888,3020000002082-09-01,3020000021952-09-01,화장품 용기,포장용기,http://plus.kipris.or.kr/openapi/fileToss.jsp?arg=75a63eed5a438998f9dc3380f5cb642cd56dcb0e0f0995b0680d52483fc7b07d3621f255e5f93b215d3d108e5dd08d7c1879d24d4e494521,http://plus.kipris.or.kr/openapi/fileToss.jsp?arg=75a63eed5a438998f9dc3380f5cb642cd56dcb0e0f0995b006449c7f1c85a4a78b7c1a7242ae14e9e8b76585bb2195b24a72f5668eb83fe6,0.8225437998771667,0.7856550216674805,0.8114771246910095,0
1889,3020000019759-09-01,3020000014580-09-01,화장품 포장용 병,화장품 용기,http://plus.kipris.or.kr/openapi/fileToss.jsp?arg=75a63eed5a438998f9dc3380f5cb642cd56dcb0e0f0995b0f63a2eefd11079d006f4cd70f75e4ac610bfc3abe14df3d34dfbed5ea6df8e56,http://plus.kipris.or.kr/openapi/fileToss.jsp?arg=75a63eed5a438998f9dc3380f5cb642cd56dcb0e0f0995b0606f4df1f99f408131dbbf949e2f4252997a391f76667cd89b748c38e7c18453,0.884229838848114,0.9120893478393555,0.8925876617431641,0
1890,3020000018872-09-01,3020000010911-09-01,화장품 용기,향수병,http://plus.kipris.or.kr/openapi/fileToss.jsp?arg=75a63eed5a438998f9dc3380f5cb642cd56dcb0e0f0995b0deac54f8925f4c7d01c27b3b9348c7972ae570bc5f1beadce48f7f1283a1d3d5,http://plus.kipris.or.kr/openapi/fileToss.jsp?arg=75a63eed5a438998f9dc3380f5cb642cd56dcb0e0f0995b0ef3ea9b059e124218e78add106288283eeb4410ee4e47e41bc19bb2c06abfeb2,0.6782505512237549,0.7400000691413879,0.6967754364013672,0
1891,3020000008855-09-01,3020000024557-09-01,화장품 용기,화장품 용기,http://plus.kipris.or.kr/openapi/fileToss.jsp?arg=75a63eed5a438998f9dc3380f5cb642cd56dcb0e0f0995b06226a1b53136408c77446a31574122b0d4ee255adde4503b97b95d2f6e9e4cb8,http://plus.kipris.or.kr/openapi/fileToss.jsp?arg=75a63eed5a438998f9dc3380f5cb642cd56dcb0e0f0995b005b3db6b458aa73b5f84b5e88bb806fd701ec43f9850a077b8ff7283ca9a1587,0.7478215098381042,0.9326977729797363,0.8032844066619873,0
1892,3020000028348-09-01,3020000015292-09-01,포장용 용기,화장품 용기,http://plus.kipris.or.kr/openapi/fileToss.jsp?arg=75a63eed5a438998f9dc3380f5cb642cd56dcb0e0f0995b0227542a1f24a736155db84a290cc09d09a49a855342dcf7e239d7a38642f7f87,http://plus.kipris.or.kr/openapi/fileToss.jsp?arg=75a63eed5a438998f9dc3380f5cb642cd56dcb0e0f0995b07ba686bc001e12b76e1758ca08fef1f14f2a37a2d5f23b27dbb444fb783ec779,0.7231378555297852,0.8296746015548706,0.7550988793373108,0
1893,3020000016999-09-01,3020000009605-09-01,포장용 용기,포장용용기,http://plus.kipris.or.kr/openapi/fileToss.jsp?arg=75a63eed5a438998f9dc3380f5cb642cd56dcb0e0f0995b0edd65ac4880d0f0cc2c085a4246e7b661a17b81247c5a3ca098d51f6156b338c,http://plus.kipris.or.kr/openapi/fileToss.jsp?arg=75a63eed5a438998f9dc3380f5cb642cd56dcb0e0f0995b073590199e4f1dc16c4994de40142535656b5c33ac9d6f26d730971f0bb416406,0.6676172018051147,0.7001014947891235,0.6773625016212463,0
1894,3020000030604-09-01,3020000012072-09-01,화장품 용기,샴푸용기,http://plus.kipris.or.kr/openapi/fileToss.jsp?arg=75a63eed5a438998f9dc3380f5cb642cd56dcb0e0f0995b0b9420cad9c5990e05592e1ba158996cfd96ec4d5b728a44a6a498bf3849a53e0,http://plus.kipris.or.kr/openapi/fileToss.jsp?arg=75a63eed5a438998f9dc3380f5cb642cd56dcb0e0f0995b08964a6c84ce8cbe101428d44c160746ec10ea66642096ecb2bdc2c89857a7827,0.8547601103782654,0.6982467174530029,0.8078060746192932,0
1895,3020000023253-09-01,3020000029878-09-01,식품용용기,화장품용기,http://plus.kipris.or.kr/openapi/fileToss.jsp?arg=75a63eed5a438998f9dc3380f5cb642cd56dcb0e0f0995b09b1f6789fb975124ddde99bf437cdce86a02344d328de245f5c3d6df1863187f,http://plus.kipris.or.kr/openapi/fileToss.jsp?arg=75a63eed5a438998f9dc3380f5cb642cd56dcb0e0f0995b011f68ef22f394dd26a964075748e6c18658a49f80968cb3e5e187e874a6ed12d,0.7648230195045471,0.772408127784729,0.7670985460281372,0
1896,3020000017457-09-01,3020000033636-09-01,디스펜서 용기,화장품 용기,http://plus.kipris.or.kr/openapi/fileToss.jsp?arg=75a63eed5a438998f9dc3380f5cb642cd56dcb0e0f0995b0d8ee6709638b6fa1605fd1147d87744ea21948e4c4973be5bc510819308df146,http://plus.kipris.or.kr/openapi/fileToss.jsp?arg=75a63eed5a438998f9dc3380f5cb642cd56dcb0e0f0995b0f32787804da8b7adcbf6ebf8d002420f4cdaa1d493e33f0b679871914ec9c9fa,0.7136026620864868,0.7814320921897888,0.7339515089988708,0
1897,3020000009575-09-01,3020000024443-09-01,샴푸용기,화장품 용기,http://plus.kipris.or.kr/openapi/fileToss.jsp?arg=75a63eed5a438998f9dc3380f5cb642cd56dcb0e0f0995b073590199e4f1dc169941cfebbab156c51236626acb6177d44f37c86e5c80b346,http://plus.kipris.or.kr/openapi/fileToss.jsp?arg=75a63eed5a438998f9dc3380f5cb642cd56dcb0e0f0995b005b3db6b458aa73b827884159da4efa3241ff3f1a86abd35bc06241f19400530,0.8878310918807983,0.7699646949768066,0.8524711728096008,0
1898,3020000029312-09-01,3020000004362-09-01,술병,식음료용 병,http://plus.kipris.or.kr/openapi/fileToss.jsp?arg=75a63eed5a438998f9dc3380f5cb642cd56dcb0e0f0995b011f68ef22f394dd2827ea165d016d0f0e26f05fa79b582dea299e8b3932b712c,http://plus.kipris.or.kr/openapi/fileToss.jsp?arg=75a63eed5a438998f9dc3380f5cb642cd56dcb0e0f0995b03069a7817908f14f862ab5db3dff0eb92fd7fdd29ff88e108e89d348d5fd85ab,0.6919544339179993,0.7960572242736816,0.7231852412223816,0
1899,3020000014721-09-01,3020000028348-09-01,음료수병,포장용 용기,http://plus.kipris.or.kr/openapi/fileToss.jsp?arg=75a63eed5a438998f9dc3380f5cb642cd56dcb0e0f0995b0606f4df1f99f408147acd64ca7a100afd02dddd10af2d0c3d64654900675ad1a,http://plus.kipris.or.kr/openapi/fileToss.jsp?arg=75a63eed5a438998f9dc3380f5cb642cd56dcb0e0f0995b0227542a1f24a736155db84a290cc09d09a49a855342dcf7e00020b6f17fd70a4,0.5741977095603943,0.7923952341079712,0.6396569609642029,0
1900,3020000021275-09-01,3020000029872-09-01,화장품 용기,화장품용기,http://plus.kipris.or.kr/openapi/fileToss.jsp?arg=75a63eed5a438998f9dc3380f5cb642cd56dcb0e0f0995b006449c7f1c85a4a7de0ff8d7dc536a1cde2ebc06e6386121c7d5703b1f8a038a,http://plus.kipris.or.kr/openapi/fileToss.jsp?arg=75a63eed5a438998f9dc3380f5cb642cd56dcb0e0f0995b011f68ef22f394dd26a964075748e6c189291de851176d71cf75220662b40e5c9,0.896842360496521,0.9565526247024536,0.9147554039955139,0
1901,3020000029148-09-01,3020000018221-09-01,술병,포장용 용기,http://plus.kipris.or.kr/openapi/fileToss.jsp?arg=75a63eed5a438998f9dc3380f5cb642cd56dcb0e0f0995b011f68ef22f394dd2b1e8fa62f7dbf6eb93ae353ab0d4ab675144906ab7c35c8c,http://plus.kipris.or.kr/openapi/fileToss.jsp?arg=75a63eed5a438998f9dc3380f5cb642cd56dcb0e0f0995b0deac54f8925f4c7d4987cce9cfe8722f2003dddbc81cfbeac52f541ca91b2e0c,0.7616344690322876,0.7409206628799438,0.7554203271865845,0
1902,3020000001359-09-01,3020000017678-09-01,포장용병,화장품 용기,http://plus.kipris.or.kr/openapi/fileToss.jsp?arg=75a63eed5a438998f9dc3380f5cb642cd56dcb0e0f0995b0b700f0235c7824b0bee8638aea77cc447498725a26726401c7bfe79cda1a5b21,http://plus.kipris.or.kr/openapi/fileToss.jsp?arg=75a63eed5a438998f9dc3380f5cb642cd56dcb0e0f0995b0d8ee6709638b6fa1301e6f2c98fb3cd7cb5c72a4760d6b4294708c5b5d1cc4b6,0.8793510794639587,0.7392242550849915,0.8373130559921265,0
1903,3020000032582-09-01,3020000021180-09-01,화장품 용기,포장용 용기,http://plus.kipris.or.kr/openapi/fileToss.jsp?arg=75a63eed5a438998f9dc3380f5cb642cd56dcb0e0f0995b056fef538e42de114c938f9d32b974d9772fb62244519d1b817ea3e3dfee386a9,http://plus.kipris.or.kr/openapi/fileToss.jsp?arg=75a63eed5a438998f9dc3380f5cb642cd56dcb0e0f0995b006449c7f1c85a4a78954e4e205fc4f347f0d66c64e7e48d783a403de9920177d,0.8162458539009094,0.8628765344619751,0.8302350640296936,0
1904,3020000028831-09-01,3020000029518-09-01,화장품 용기,화장품용기,http://plus.kipris.or.kr/openapi/fileToss.jsp?arg=75a63eed5a438998f9dc3380f5cb642cd56dcb0e0f0995b0227542a1f24a73618fe1c7a5cc98859de0c23b94fa94bf3e7da7f29e06a0cf37,http://plus.kipris.or.kr/openapi/fileToss.jsp?arg=75a63eed5a438998f9dc3380f5cb642cd56dcb0e0f0995b011f68ef22f394dd24829751c8f656ff9534b5bcab2c36d40fc1a69d9e088676c,0.7496932744979858,0.8780332803726196,0.7881952524185181,0
1905,3020000009605-09-01,3020000017001-09-01,포장용용기,포장용 용기,http://plus.kipris.or.kr/openapi/fileToss.jsp?arg=75a63eed5a438998f9dc3380f5cb642cd56dcb0e0f0995b073590199e4f1dc16c4994de40142535656b5c33ac9d6f26d3a580d53311f54ef,http://plus.kipris.or.kr/openapi/fileToss.jsp?arg=75a63eed5a438998f9dc3380f5cb642cd56dcb0e0f0995b0d8ee6709638b6fa151acb057bf4b283f404d1149c740d36482acc860d904c65d,0.8756742477416992,0.7001014947891235,0.8230023980140686,0
1906,3020000012835-09-01,3020000013583-09-01,향수병,화장품 용기,http://plus.kipris.or.kr/openapi/fileToss.jsp?arg=75a63eed5a438998f9dc3380f5cb642cd56dcb0e0f0995b08964a6c84ce8cbe136b914a53e58c31f5a71b47ce7755bd54ba2c56ee99cae72,http://plus.kipris.or.kr/openapi/fileToss.jsp?arg=75a63eed5a438998f9dc3380f5cb642cd56dcb0e0f0995b0bdcfae06342df68572d7f7323bc50a0e94b7efa79b355815b264d43d7c50ce95,0.8064059615135193,0.7801554203033447,0.7985308170318604,0
1907,3020000029918-09-01,3020000032578-09-01,화장품 용기,화장품 용기,http://plus.kipris.or.kr/openapi/fileToss.jsp?arg=75a63eed5a438998f9dc3380f5cb642cd56dcb0e0f0995b011f68ef22f394dd2f0b8046f71cf13a118ade17c41ebb3b7eb089b04ae038ab3,http://plus.kipris.or.kr/openapi/fileToss.jsp?arg=75a63eed5a438998f9dc3380f5cb642cd56dcb0e0f0995b056fef538e42de114a5789ee7e1d70e892127d09ddd1ea180710c402ef90c9ba4,0.721655011177063,0.8883600234985352,0.7716665267944336,0
1908,3020000017000-09-01,3020000028254-09-01,포장용 용기,화장품 용기,http://plus.kipris.or.kr/openapi/fileToss.jsp?arg=75a63eed5a438998f9dc3380f5cb642cd56dcb0e0f0995b0d8ee6709638b6fa151acb057bf4b283f873778c4a5b9305b40ffe06aa9cbe706,http://plus.kipris.or.kr/openapi/fileToss.jsp?arg=75a63eed5a438998f9dc3380f5cb642cd56dcb0e0f0995b0227542a1f24a736184b9181791c18e4fa67ec61a2b27ea41d0586db882697d47,0.7844210863113403,0.8334023952484131,0.7991154789924622,0
1909,3020000025138-09-01,3020000031824-09-01,화장품용기,포장용 통,http://plus.kipris.or.kr/openapi/fileToss.jsp?arg=75a63eed5a438998f9dc3380f5cb642cd56dcb0e0f0995b07a28099d0ef98e17a76fe1c93404a74abf48105e70108918c51f5bfb28890da7,http://plus.kipris.or.kr/openapi/fileToss.jsp?arg=75a63eed5a438998f9dc3380f5cb642cd56dcb0e0f0995b089d7a621b89857a260d6d19455edef47705315bb99d3e7954d9a566dbe3d67bb,0.7440288066864014,0.7058836221694946,0.7325852513313293,0
1910,3020000029919-09-01,3020000033368-09-01,화장품 용기,화장품 용기,http://plus.kipris.or.kr/openapi/fileToss.jsp?arg=75a63eed5a438998f9dc3380f5cb642cd56dcb0e0f0995b011f68ef22f394dd2f0b8046f71cf13a1b9d33cb8e90205880be227493e8963bb,http://plus.kipris.or.kr/openapi/fileToss.jsp?arg=75a63eed5a438998f9dc3380f5cb642cd56dcb0e0f0995b0f32787804da8b7ad040f0c1c9fe98f73f8a44c81d3bee001f227afad0091133f,0.8116616010665894,0.9214695692062378,0.8446040153503418,0
1911,3020000007445-09-01,3020000024464-09-01,샴푸용기,포장용 용기,http://plus.kipris.or.kr/openapi/fileToss.jsp?arg=75a63eed5a438998f9dc3380f5cb642cd56dcb0e0f0995b0fdcd45318d7ff23c308bbaa2658dde0908ce1448e4d7f44e7fca61bce901d051,http://plus.kipris.or.kr/openapi/fileToss.jsp?arg=75a63eed5a438998f9dc3380f5cb642cd56dcb0e0f0995b005b3db6b458aa73be969790f4b87eaa52b93d5c5d55b60d3f5dfa3d21c135149,0.7307839393615723,0.7801913022994995,0.7456061840057373,0
1912,3020000033313-09-01,3020000023960-09-01,포장용 용기,향수용 분무기,http://plus.kipris.or.kr/openapi/fileToss.jsp?arg=75a63eed5a438998f9dc3380f5cb642cd56dcb0e0f0995b0f32787804da8b7ad8e33740856216fb3c0172fd44f657127e5e0ad215e66ebc7,http://plus.kipris.or.kr/openapi/fileToss.jsp?arg=75a63eed5a438998f9dc3380f5cb642cd56dcb0e0f0995b09b1f6789fb97512435c6663bfd5ed5613a4a1a91772f17181056a9b689dc3c21,0.8923482894897461,0.7679547071456909,0.8550302386283875,0
1913,3020000006727-09-01,3020000004296-09-01,세제용 포장용기,화장품 용기,http://plus.kipris.or.kr/openapi/fileToss.jsp?arg=75a63eed5a438998f9dc3380f5cb642cd56dcb0e0f0995b0187836737e94fb3936dc5400ed0040d0d21887e1a0ec86800b1d782cb97c7ac9,http://plus.kipris.or.kr/openapi/fileToss.jsp?arg=75a63eed5a438998f9dc3380f5cb642cd56dcb0e0f0995b03069a7817908f14f5c65ec4818929027a3ece765a81707194f18da0609ded416,0.8866273164749146,0.8311104774475098,0.8699722290039062,0
1914,3020000032162-09-01,3020000021061-09-01,화장품 용기,포장용 용기,http://plus.kipris.or.kr/openapi/fileToss.jsp?arg=75a63eed5a438998f9dc3380f5cb642cd56dcb0e0f0995b056fef538e42de1141ca79b9eea990224c760b062d4d71d44506af43069a6d3af,http://plus.kipris.or.kr/openapi/fileToss.jsp?arg=75a63eed5a438998f9dc3380f5cb642cd56dcb0e0f0995b006449c7f1c85a4a76b1391de425bd9eda841fc0f3812bfa6c75f7b7c6e54ad63,0.755469799041748,0.8254971504211426,0.7764779925346375,0
1915,3020000021180-09-01,3020000010927-09-01,포장용 용기,향수 용기,http://plus.kipris.or.kr/openapi/fileToss.jsp?arg=75a63eed5a438998f9dc3380f5cb642cd56dcb0e0f0995b006449c7f1c85a4a78954e4e205fc4f348a4e84b6df120aa8ab7edf82126d112a,http://plus.kipris.or.kr/openapi/fileToss.jsp?arg=75a63eed5a438998f9dc3380f5cb642cd56dcb0e0f0995b0ef3ea9b059e124212cc6ee9f18a84e3979892ba521ffa996cd63b31e1ff1ee16,0.7842088341712952,0.7507992386817932,0.7741860151290894,0
1916,3020000029850-09-01,3020000024556-09-01,화장품 용기,화장품 용기,http://plus.kipris.or.kr/openapi/fileToss.jsp?arg=75a63eed5a438998f9dc3380f5cb642cd56dcb0e0f0995b011f68ef22f394dd236632737541405a7ab0a694fe030fe0556e67449f1a81461,http://plus.kipris.or.kr/openapi/fileToss.jsp?arg=75a63eed5a438998f9dc3380f5cb642cd56dcb0e0f0995b005b3db6b458aa73b5f84b5e88bb806fd54f16ecd649fa50a9fae3be316470de1,0.9470460414886475,0.9755340814590454,0.9555924534797668,0
1917,3020000020569-09-01,3020000023861-09-01,액체용기,화장품 용기,http://plus.kipris.or.kr/openapi/fileToss.jsp?arg=75a63eed5a438998f9dc3380f5cb642cd56dcb0e0f0995b0bea0399dd2b7a3e51bd7c881a493e52a791c7538a9639bddbbaefa623fa0bb7e,http://plus.kipris.or.kr/openapi/fileToss.jsp?arg=75a63eed5a438998f9dc3380f5cb642cd56dcb0e0f0995b09b1f6789fb9751249d50c7f3b7f0515a7da19ff2e6aa31147e421786944d8d36,0.7877708077430725,0.8068552613258362,0.7934961915016174,0
1918,3020000024614-09-01,3020000023255-09-01,병,식품용용기,http://plus.kipris.or.kr/openapi/fileToss.jsp?arg=75a63eed5a438998f9dc3380f5cb642cd56dcb0e0f0995b005b3db6b458aa73b0968031a9516cc9a17434bbd4aa1786c350f2ad30f1cd59e,http://plus.kipris.or.kr/openapi/fileToss.jsp?arg=75a63eed5a438998f9dc3380f5cb642cd56dcb0e0f0995b09b1f6789fb975124ddde99bf437cdce8167068b4ae391de3a37498211940a5d2,0.8664028644561768,0.7633829116821289,0.8354968428611755,0
1919,3020000014156-09-01,3020000023372-09-01,포장용 용기,화장품 용기,http://plus.kipris.or.kr/openapi/fileToss.jsp?arg=75a63eed5a438998f9dc3380f5cb642cd56dcb0e0f0995b0606f4df1f99f40811db3d332d4213ea5a0c3abbac09cc95ef0d9432b0471a01e,http://plus.kipris.or.kr/openapi/fileToss.jsp?arg=75a63eed5a438998f9dc3380f5cb642cd56dcb0e0f0995b09b1f6789fb97512449882dd38eee7b70234d8f05dc016cf402423e02e84156cf,0.5956665277481079,0.7131638526916504,0.6309157013893127,0
1920,3020000029148-09-01,3020000005652-09-01,술병,포장용 용기,http://plus.kipris.or.kr/openapi/fileToss.jsp?arg=75a63eed5a438998f9dc3380f5cb642cd56dcb0e0f0995b011f68ef22f394dd2b1e8fa62f7dbf6eb93ae353ab0d4ab6744577dfe107c0747,http://plus.kipris.or.kr/openapi/fileToss.jsp?arg=75a63eed5a438998f9dc3380f5cb642cd56dcb0e0f0995b08fe3e6d10b56cc3dd860bdd2e2498e9ae78cdee054c9d58fc542ec1073fa86cf,0.8601991534233093,0.7262955904006958,0.8200280666351318,0
1921,3020000033178-09-01,3020000015434-09-01,샴푸용기,포장용 용기,http://plus.kipris.or.kr/openapi/fileToss.jsp?arg=75a63eed5a438998f9dc3380f5cb642cd56dcb0e0f0995b0f32787804da8b7ad260e51bd8f6e3480046220d68d97e79ae5c38eba020cc6bb,http://plus.kipris.or.kr/openapi/fileToss.jsp?arg=75a63eed5a438998f9dc3380f5cb642cd56dcb0e0f0995b07ba686bc001e12b74f814a4956a5cebb187f9a678f01cd57f4bb07453fcb66b5,0.8453112840652466,0.7708856463432312,0.8229836225509644,0
1922,3020000019758-09-01,3020000024008-09-01,화장품 포장용 병,포장용 용기,http://plus.kipris.or.kr/openapi/fileToss.jsp?arg=75a63eed5a438998f9dc3380f5cb642cd56dcb0e0f0995b0f63a2eefd11079d006f4cd70f75e4ac6265a23764f163feaff0e6cd64f16b8b5,http://plus.kipris.or.kr/openapi/fileToss.jsp?arg=75a63eed5a438998f9dc3380f5cb642cd56dcb0e0f0995b005b3db6b458aa73b151a4a7d8a9837b37ab1ca3487f1f0672cbdc8178c10501a,0.7908849716186523,0.9056480526924133,0.8253138661384583,0
1923,3020000006510-09-01,3020000029220-09-01,화장품 용기,화장품 용기,http://plus.kipris.or.kr/openapi/fileToss.jsp?arg=75a63eed5a438998f9dc3380f5cb642cd56dcb0e0f0995b0187836737e94fb39ab7bc0f298779f6fafa27d2d80d6ae4d647cfb2e9346e404,http://plus.kipris.or.kr/openapi/fileToss.jsp?arg=75a63eed5a438998f9dc3380f5cb642cd56dcb0e0f0995b011f68ef22f394dd21733bab7ceb881dd6ea7b591db33d693e00a8ba98c2ab7b6,0.7304544448852539,0.8938738107681274,0.7794802188873291,0
1924,3020000025138-09-01,3020000015340-09-01,화장품용기,포장용용기,http://plus.kipris.or.kr/openapi/fileToss.jsp?arg=75a63eed5a438998f9dc3380f5cb642cd56dcb0e0f0995b07a28099d0ef98e17a76fe1c93404a74abf48105e701089187cbd9ad1fde4aa20,http://plus.kipris.or.kr/openapi/fileToss.jsp?arg=75a63eed5a438998f9dc3380f5cb642cd56dcb0e0f0995b07ba686bc001e12b775060f5fe4c5113b39bbb333b141abc1f3fced048cd75cc4,0.6932181119918823,0.7992845773696899,0.7250380516052246,0
1925,3020000014579-09-01,3020000024712-09-01,화장품 용기,에어컨 세정 스프레이,http://plus.kipris.or.kr/openapi/fileToss.jsp?arg=75a63eed5a438998f9dc3380f5cb642cd56dcb0e0f0995b0606f4df1f99f4081da884fb4a8264f853de525951de7fb99ddfb49b54061d4ee,http://plus.kipris.or.kr/openapi/fileToss.jsp?arg=75a63eed5a438998f9dc3380f5cb642cd56dcb0e0f0995b005b3db6b458aa73b478bbee24fff2a97c1e7346cd4e6d36a009b31bd2585e29b,0.8314573764801025,0.6347873210906982,0.7724563479423523,0
1926,3020000029211-09-01,3020000002023-09-01,포장용 용기,포장용용기,http://plus.kipris.or.kr/openapi/fileToss.jsp?arg=75a63eed5a438998f9dc3380f5cb642cd56dcb0e0f0995b011f68ef22f394dd2cbe811d661abacb57f7d34fff32a6abf85c6158183c20ff0,http://plus.kipris.or.kr/openapi/fileToss.jsp?arg=75a63eed5a438998f9dc3380f5cb642cd56dcb0e0f0995b0680d52483fc7b07dce8cf928834fb57d19980545f54a864798a2f05d85103ed7,0.7173541784286499,0.8708586692810059,0.7634055614471436,0
1927,3020000012830-09-01,3020000029032-09-01,향수병,포장용기,http://plus.kipris.or.kr/openapi/fileToss.jsp?arg=75a63eed5a438998f9dc3380f5cb642cd56dcb0e0f0995b08964a6c84ce8cbe136b914a53e58c31f9b849f976a23c3598d63b9e8ce1d68cf,http://plus.kipris.or.kr/openapi/fileToss.jsp?arg=75a63eed5a438998f9dc3380f5cb642cd56dcb0e0f0995b011f68ef22f394dd26e88aba601c1a5ffaffd7513bd7646c246f30579db43a0d3,0.8211247324943542,0.7296743988990784,0.7936896681785583,0
1928,3020000030582-09-01,3020000002476-09-01,포장용 병,화장품 용기,http://plus.kipris.or.kr/openapi/fileToss.jsp?arg=75a63eed5a438998f9dc3380f5cb642cd56dcb0e0f0995b0b9420cad9c5990e068550a177cec7d2eb9a298519366ee27a24fa8e8289f8fa9,http://plus.kipris.or.kr/openapi/fileToss.jsp?arg=75a63eed5a438998f9dc3380f5cb642cd56dcb0e0f0995b0680d52483fc7b07df16a5d956a617ab8f7c6e699c1ad01fcb397797554e8394a,0.9126183986663818,0.7823656797409058,0.8735425472259521,0
1929,3020000014580-09-01,3020000015282-09-01,화장품 용기,화장품 용기,http://plus.kipris.or.kr/openapi/fileToss.jsp?arg=75a63eed5a438998f9dc3380f5cb642cd56dcb0e0f0995b0606f4df1f99f408131dbbf949e2f4252997a391f76667cd81bc69f495cf57272,http://plus.kipris.or.kr/openapi/fileToss.jsp?arg=75a63eed5a438998f9dc3380f5cb642cd56dcb0e0f0995b07ba686bc001e12b75d136b4df6d33bb521e75c89274b2b2bb00b74c1f57d260f,0.802801251411438,0.9722416400909424,0.8536334037780762,0
1930,3020000029979-09-01,3020000005653-09-01,포장용 병,포장용 용기,http://plus.kipris.or.kr/openapi/fileToss.jsp?arg=75a63eed5a438998f9dc3380f5cb642cd56dcb0e0f0995b011f68ef22f394dd2aac602e829ef0eb5fcbe91527496863fffc98f42da2fa799,http://plus.kipris.or.kr/openapi/fileToss.jsp?arg=75a63eed5a438998f9dc3380f5cb642cd56dcb0e0f0995b08fe3e6d10b56cc3dd860bdd2e2498e9a37c831dcdda6cd2f80fc2363d6cae736,0.7412370443344116,0.8565150499343872,0.7758204936981201,0
1931,3020000022336-09-01,3020000012601-09-01,포장용 용기,세제용 용기,http://plus.kipris.or.kr/openapi/fileToss.jsp?arg=75a63eed5a438998f9dc3380f5cb642cd56dcb0e0f0995b02e6ec20e9488ca6656c086b0f1da3515796931e901e901fd12a46373ca90d394,http://plus.kipris.or.kr/openapi/fileToss.jsp?arg=75a63eed5a438998f9dc3380f5cb642cd56dcb0e0f0995b08964a6c84ce8cbe168aabef1f58be13cce1ea850f9b201c5377bf6c44b2852f3,0.6218394041061401,0.7901961803436279,0.6723464131355286,0
1932,3020000028631-09-01,3020000001557-09-01,술병,화장품 용기,http://plus.kipris.or.kr/openapi/fileToss.jsp?arg=75a63eed5a438998f9dc3380f5cb642cd56dcb0e0f0995b0227542a1f24a7361586c928bcd47470382d4c3ca3458762622224ccc053f6fa9,http://plus.kipris.or.kr/openapi/fileToss.jsp?arg=75a63eed5a438998f9dc3380f5cb642cd56dcb0e0f0995b0b700f0235c7824b02742d12238f52e5f07b186765f2083893cb62b358e8d6860,0.7482974529266357,0.738681435585022,0.7454125881195068,0
1933,3020000017301-09-01,3020000023372-09-01,포장용 용기,화장품 용기,http://plus.kipris.or.kr/openapi/fileToss.jsp?arg=75a63eed5a438998f9dc3380f5cb642cd56dcb0e0f0995b0d8ee6709638b6fa147789b22cdad698429792590cfe896e3ce3d85e812becdb5,http://plus.kipris.or.kr/openapi/fileToss.jsp?arg=75a63eed5a438998f9dc3380f5cb642cd56dcb0e0f0995b09b1f6789fb97512449882dd38eee7b70234d8f05dc016cf402423e02e84156cf,0.6035959720611572,0.8305887579917908,0.6716938018798828,0
1934,3020000022833-09-01,3020000013605-09-01,화장품 용기,화장품 용기,http://plus.kipris.or.kr/openapi/fileToss.jsp?arg=75a63eed5a438998f9dc3380f5cb642cd56dcb0e0f0995b02e6ec20e9488ca66130eded9a6166686f02a4eb76ba91ba42cc211e7e15b3ffd,http://plus.kipris.or.kr/openapi/fileToss.jsp?arg=75a63eed5a438998f9dc3380f5cb642cd56dcb0e0f0995b0bdcfae06342df685b5160b34fe202fbff398f486934ae14f66e6ad80dedaf6d5,0.8293460011482239,0.921238124370575,0.856913685798645,0
1935,3020000027874-09-01,3020000017908-09-01,포장용용기,화장품 용기,http://plus.kipris.or.kr/openapi/fileToss.jsp?arg=75a63eed5a438998f9dc3380f5cb642cd56dcb0e0f0995b01b6467bd697fe99c3417ef7c1899dbda805e0d76a677f7ef16813942d4db74a2,http://plus.kipris.or.kr/openapi/fileToss.jsp?arg=75a63eed5a438998f9dc3380f5cb642cd56dcb0e0f0995b0d8ee6709638b6fa1182d19b659de8ba0b15a67581927d86f9cacf1185055bfa6,0.8649889230728149,0.7902528047561646,0.8425680994987488,0
1936,3020000025082-09-01,3020000017722-09-01,화장품 용기,포장용 통,http://plus.kipris.or.kr/openapi/fileToss.jsp?arg=75a63eed5a438998f9dc3380f5cb642cd56dcb0e0f0995b07a28099d0ef98e17803670e82954ba5e12b0a859bd0e152d21d7b0690406f7ff,http://plus.kipris.or.kr/openapi/fileToss.jsp?arg=75a63eed5a438998f9dc3380f5cb642cd56dcb0e0f0995b0d8ee6709638b6fa1f4bde39beae5710fcd253a9a4823a8c0c9104bb9dd8e1b5b,0.8697069883346558,0.7414467334747314,0.8312289118766785,0
1937,3020000030701-09-01,3020000006727-09-01,음료수 병,세제용 포장용기,http://plus.kipris.or.kr/openapi/fileToss.jsp?arg=75a63eed5a438998f9dc3380f5cb642cd56dcb0e0f0995b0b9420cad9c5990e0b9dddcdc7170a076e2534647fede03ceaa0d48054294d853,http://plus.kipris.or.kr/openapi/fileToss.jsp?arg=75a63eed5a438998f9dc3380f5cb642cd56dcb0e0f0995b0187836737e94fb3936dc5400ed0040d0d21887e1a0ec868014a5c4c418404460,0.8206366300582886,0.6882966756820679,0.7809346318244934,0
1938,3020000022730-09-01,3020000018766-09-01,화장품 용기,음료병,http://plus.kipris.or.kr/openapi/fileToss.jsp?arg=75a63eed5a438998f9dc3380f5cb642cd56dcb0e0f0995b02e6ec20e9488ca665d75c594757a4c0f008d486e96cdc70fc4de7d574195f291,http://plus.kipris.or.kr/openapi/fileToss.jsp?arg=75a63eed5a438998f9dc3380f5cb642cd56dcb0e0f0995b0deac54f8925f4c7dff73e655a395ca11482114226fa58288637ddbd0b0c17e7f,0.8551497459411621,0.5905989408493042,0.7757844924926758,0
1939,3020000005940-09-01,3020000025308-09-01,화장품 용기,화장품 용기,http://plus.kipris.or.kr/openapi/fileToss.jsp?arg=75a63eed5a438998f9dc3380f5cb642cd56dcb0e0f0995b08fe3e6d10b56cc3d0c2a77a9be3fcd51aa99775730a8a2f5c57367089a35c16d,http://plus.kipris.or.kr/openapi/fileToss.jsp?arg=75a63eed5a438998f9dc3380f5cb642cd56dcb0e0f0995b07a28099d0ef98e17dfa7a1520a78d28f9f36fbc688be63accd21728125e356ee,0.8318127393722534,0.8324958086013794,0.8320176601409912,0
1940,3020000010115-09-01,3020000029148-09-01,포장용병,술병,http://plus.kipris.or.kr/openapi/fileToss.jsp?arg=75a63eed5a438998f9dc3380f5cb642cd56dcb0e0f0995b0ef3ea9b059e12421080b6dad73dec2d96a478d5f45e543b35c98a58d3c938fe2,http://plus.kipris.or.kr/openapi/fileToss.jsp?arg=75a63eed5a438998f9dc3380f5cb642cd56dcb0e0f0995b011f68ef22f394dd2b1e8fa62f7dbf6eb93ae353ab0d4ab675144906ab7c35c8c,0.7583985328674316,0.6640974283218384,0.7301082015037537,0
1941,3020000025395-09-01,3020000028256-09-01,화장품 용기,화장품 용기,http://plus.kipris.or.kr/openapi/fileToss.jsp?arg=75a63eed5a438998f9dc3380f5cb642cd56dcb0e0f0995b07a28099d0ef98e17b4fee342a5c9b755709bd2c213784ebfdce3f4a52cc0589c,http://plus.kipris.or.kr/openapi/fileToss.jsp?arg=75a63eed5a438998f9dc3380f5cb642cd56dcb0e0f0995b0227542a1f24a736184b9181791c18e4f9bbb78984b7019f5fe8f02600e58a26a,0.9484759569168091,0.9300316572189331,0.9429426789283752,0
1942,3020000023526-09-01,3020000009605-09-01,향수 용기,포장용용기,http://plus.kipris.or.kr/openapi/fileToss.jsp?arg=75a63eed5a438998f9dc3380f5cb642cd56dcb0e0f0995b09b1f6789fb97512406c585eb35ae35c5391bc9837eac95ab6dcebb012a784ac8,http://plus.kipris.or.kr/openapi/fileToss.jsp?arg=75a63eed5a438998f9dc3380f5cb642cd56dcb0e0f0995b073590199e4f1dc16c4994de40142535656b5c33ac9d6f26db7a12eaf6805d150,0.8846642374992371,0.6784462928771973,0.8227988481521606,0
1943,3020000016422-09-01,3020000033314-09-01,화장품 용기,포장용 용기,http://plus.kipris.or.kr/openapi/fileToss.jsp?arg=75a63eed5a438998f9dc3380f5cb642cd56dcb0e0f0995b0edd65ac4880d0f0cde88f35c1b19cc9c7da73aaad57b41ba6ad411a873cfd3b1,http://plus.kipris.or.kr/openapi/fileToss.jsp?arg=75a63eed5a438998f9dc3380f5cb642cd56dcb0e0f0995b0f32787804da8b7ad8e33740856216fb39dc532a3e2d090b2f755323b02a16c41,0.6876522302627563,0.77663254737854,0.7143463492393494,0
1944,3020000024614-09-01,3020000028261-09-01,병,화장품 용기,http://plus.kipris.or.kr/openapi/fileToss.jsp?arg=75a63eed5a438998f9dc3380f5cb642cd56dcb0e0f0995b005b3db6b458aa73b0968031a9516cc9a17434bbd4aa1786c350f2ad30f1cd59e,http://plus.kipris.or.kr/openapi/fileToss.jsp?arg=75a63eed5a438998f9dc3380f5cb642cd56dcb0e0f0995b0227542a1f24a736122cfa453f48f4400fb8316e5f351d2ccdbcfd90c6124903b,0.7792766094207764,0.7211900353431702,0.7618505954742432,0
1945,3020000002771-09-01,3020000012831-09-01,포장용 음료용기,화장품 용기,http://plus.kipris.or.kr/openapi/fileToss.jsp?arg=75a63eed5a438998f9dc3380f5cb642cd56dcb0e0f0995b0680d52483fc7b07df0eaa0514f1b3e00d24794910bd1260b3f9bcb30a4aa5b3d,http://plus.kipris.or.kr/openapi/fileToss.jsp?arg=75a63eed5a438998f9dc3380f5cb642cd56dcb0e0f0995b08964a6c84ce8cbe136b914a53e58c31fc542b7bc32f78b301f8c7a577879a08a,0.8396586179733276,0.8018490076065063,0.8283157348632812,0
1946,3020000007584-09-01,3020000018612-09-01,화장품 용기,향수용기,http://plus.kipris.or.kr/openapi/fileToss.jsp?arg=75a63eed5a438998f9dc3380f5cb642cd56dcb0e0f0995b0fdcd45318d7ff23cbe8f9d6b58b35c17b9be175719b4f014088f0e23a368fb3b,http://plus.kipris.or.kr/openapi/fileToss.jsp?arg=75a63eed5a438998f9dc3380f5cb642cd56dcb0e0f0995b0deac54f8925f4c7d00e4ea50e2d4fa2dc07fda179831c63e60be96db26f888bb,0.7034171223640442,0.8240442276000977,0.7396052479743958,0
1947,3020000007584-09-01,3020000006512-09-01,화장품 용기,화장품 용기,http://plus.kipris.or.kr/openapi/fileToss.jsp?arg=75a63eed5a438998f9dc3380f5cb642cd56dcb0e0f0995b0fdcd45318d7ff23cbe8f9d6b58b35c17b9be175719b4f01499a64b2707ac34e2,http://plus.kipris.or.kr/openapi/fileToss.jsp?arg=75a63eed5a438998f9dc3380f5cb642cd56dcb0e0f0995b0187836737e94fb39ab7bc0f298779f6f32570258f056ce60ab154f80b397a193,0.7546641230583191,0.8788629174232483,0.7919237613677979,0
1948,3020000034017-09-01,3020000002742-09-01,포장용 용기,포장용 깡통,http://plus.kipris.or.kr/openapi/fileToss.jsp?arg=75a63eed5a438998f9dc3380f5cb642cd56dcb0e0f0995b0bfb5e3af4d1caf7e41c1a10938b5a94553cd9bfe72ec18a85b2e7c7e141b2e22,http://plus.kipris.or.kr/openapi/fileToss.jsp?arg=75a63eed5a438998f9dc3380f5cb642cd56dcb0e0f0995b0680d52483fc7b07d43e6cf9e73fd83bfdb42ecec732ea784723bc3940a488f82,0.7200424671173096,0.8146183490753174,0.7484152317047119,0
1949,3020000023526-09-01,3020000019759-09-01,향수 용기,화장품 포장용 병,http://plus.kipris.or.kr/openapi/fileToss.jsp?arg=75a63eed5a438998f9dc3380f5cb642cd56dcb0e0f0995b09b1f6789fb97512406c585eb35ae35c5391bc9837eac95ab3dd7f8dcc1eb43fa,http://plus.kipris.or.kr/openapi/fileToss.jsp?arg=75a63eed5a438998f9dc3380f5cb642cd56dcb0e0f0995b0f63a2eefd11079d006f4cd70f75e4ac610bfc3abe14df3d34dfbed5ea6df8e56,0.8514460325241089,0.830387532711029,0.8451285362243652,0
1950,3020000021061-09-01,3020000013860-09-01,포장용 용기,포장용 용기,http://plus.kipris.or.kr/openapi/fileToss.jsp?arg=75a63eed5a438998f9dc3380f5cb642cd56dcb0e0f0995b006449c7f1c85a4a76b1391de425bd9eda841fc0f3812bfa6c4f3d81942e29904,http://plus.kipris.or.kr/openapi/fileToss.jsp?arg=75a63eed5a438998f9dc3380f5cb642cd56dcb0e0f0995b0bdcfae06342df685f8cbf1fb50c4736dd58c5eb7e03827baa345171220d68be4,0.8396806716918945,0.9570309519767761,0.8748857975006104,0
1951,3020000030347-09-01,3020000002081-09-01,포장용 용기,화장품 용기,http://plus.kipris.or.kr/openapi/fileToss.jsp?arg=75a63eed5a438998f9dc3380f5cb642cd56dcb0e0f0995b0b9420cad9c5990e003a10973d6bdbbe33d0e3feb2ecc5d14bf6b37c287e8d1c3,http://plus.kipris.or.kr/openapi/fileToss.jsp?arg=75a63eed5a438998f9dc3380f5cb642cd56dcb0e0f0995b0680d52483fc7b07d3621f255e5f93b217ec3ee563c0508616de0431d07d7b0eb,0.8782408237457275,0.8078196048736572,0.8571144342422485,0
1952,3020000030881-09-01,3020000018764-09-01,화장품 용기,음료병,http://plus.kipris.or.kr/openapi/fileToss.jsp?arg=75a63eed5a438998f9dc3380f5cb642cd56dcb0e0f0995b0b9420cad9c5990e04c31abfa39740297ba4a8f6303c653bf9f8546ad9393c447,http://plus.kipris.or.kr/openapi/fileToss.jsp?arg=75a63eed5a438998f9dc3380f5cb642cd56dcb0e0f0995b0deac54f8925f4c7dff73e655a395ca11d4fee4764a23fb708bbcc1ccb5c7a082,0.8692235350608826,0.627035915851593,0.7965672612190247,0
1953,3020000001115-09-01,3020000002380-09-01,화장품 용기,화장품 용기,http://plus.kipris.or.kr/openapi/fileToss.jsp?arg=75a63eed5a438998f9dc3380f5cb642cd56dcb0e0f0995b0b700f0235c7824b0d0b95c86d388ccdc2cbb49f67d9126e42d0c77fd7d79df37,http://plus.kipris.or.kr/openapi/fileToss.jsp?arg=75a63eed5a438998f9dc3380f5cb642cd56dcb0e0f0995b0680d52483fc7b07d2f56793bce66975801e732f685319c563653ab8c63438634,0.7993916869163513,0.9762179851531982,0.8524395823478699,0
1954,3020000017001-09-01,3020000007444-09-01,포장용 용기,샴푸용기,http://plus.kipris.or.kr/openapi/fileToss.jsp?arg=75a63eed5a438998f9dc3380f5cb642cd56dcb0e0f0995b0d8ee6709638b6fa151acb057bf4b283f404d1149c740d3645b81d7dcb4557a8e,http://plus.kipris.or.kr/openapi/fileToss.jsp?arg=75a63eed5a438998f9dc3380f5cb642cd56dcb0e0f0995b0fdcd45318d7ff23c308bbaa2658dde09f849964c1ca6ebeb73e7a1b38f905a40,0.7984191179275513,0.7541415691375732,0.7851358652114868,0
1955,3020000004249-09-01,3020000009604-09-01,향수용기,포장용용기,http://plus.kipris.or.kr/openapi/fileToss.jsp?arg=75a63eed5a438998f9dc3380f5cb642cd56dcb0e0f0995b03069a7817908f14fa773e0122ae173ab13156cf6a3dc80ad6e6c65799ca44067,http://plus.kipris.or.kr/openapi/fileToss.jsp?arg=75a63eed5a438998f9dc3380f5cb642cd56dcb0e0f0995b073590199e4f1dc16c4994de40142535603458437661fcfdb5f1f413c0ef66858,0.7501680850982666,0.7074717879295349,0.7373591661453247,0
1956,3020000011906-09-01,3020000023254-09-01,포장용 용기,식품용용기,http://plus.kipris.or.kr/openapi/fileToss.jsp?arg=75a63eed5a438998f9dc3380f5cb642cd56dcb0e0f0995b070abdd713d0b290a0b1bd5557f830a499fe53da63e378f7c5900f99ebbc2a1d1,http://plus.kipris.or.kr/openapi/fileToss.jsp?arg=75a63eed5a438998f9dc3380f5cb642cd56dcb0e0f0995b09b1f6789fb975124ddde99bf437cdce816e7c8bd8b35058fcda2e7afa7d1987b,0.8310186266899109,0.8389537334442139,0.8333991765975952,0
1957,3020000027388-09-01,3020000023871-09-01,포장용 용기,향수용기,http://plus.kipris.or.kr/openapi/fileToss.jsp?arg=75a63eed5a438998f9dc3380f5cb642cd56dcb0e0f0995b01b6467bd697fe99cc883ae80263b6d6f03450d55259062fb99f5c4920627a678,http://plus.kipris.or.kr/openapi/fileToss.jsp?arg=75a63eed5a438998f9dc3380f5cb642cd56dcb0e0f0995b09b1f6789fb9751245383ec1ea175fde304e93e48583e0350c37dcff76c32a9dc,0.7369878888130188,0.8345392942428589,0.7662532925605774,0
1958,3020000025777-09-01,3020000021275-09-01,화장품 용기,화장품 용기,http://plus.kipris.or.kr/openapi/fileToss.jsp?arg=75a63eed5a438998f9dc3380f5cb642cd56dcb0e0f0995b07a28099d0ef98e17b856995e50d7dd6b930e7b2715be9f66702705db5fad7709,http://plus.kipris.or.kr/openapi/fileToss.jsp?arg=75a63eed5a438998f9dc3380f5cb642cd56dcb0e0f0995b006449c7f1c85a4a7de0ff8d7dc536a1cde2ebc06e6386121c3b5bc3788306bb9,0.801102340221405,0.9276728630065918,0.8390735387802124,0
1959,3020000015612-09-01,3020000028555-09-01,화장품 용기,향수병{PERFUME BOTTLE},http://plus.kipris.or.kr/openapi/fileToss.jsp?arg=75a63eed5a438998f9dc3380f5cb642cd56dcb0e0f0995b07ba686bc001e12b776336c19178a59c168e3c4951e2c2c0a539db6d0c777b76a,http://plus.kipris.or.kr/openapi/fileToss.jsp?arg=75a63eed5a438998f9dc3380f5cb642cd56dcb0e0f0995b0227542a1f24a73610c8bbe2556fb255ef8db2587fe0aeba6c9d0f0a13491459f,0.8191771507263184,0.7859116196632385,0.8091974854469299,0
1960,3020000024464-09-01,3020000006090-09-01,포장용 용기,포장용 병,http://plus.kipris.or.kr/openapi/fileToss.jsp?arg=75a63eed5a438998f9dc3380f5cb642cd56dcb0e0f0995b005b3db6b458aa73be969790f4b87eaa52b93d5c5d55b60d3f5dfa3d21c135149,http://plus.kipris.or.kr/openapi/fileToss.jsp?arg=75a63eed5a438998f9dc3380f5cb642cd56dcb0e0f0995b0187836737e94fb39b9d0139a39d2cc390be542fc4d85a6fbedf5bfebabe36cf4,0.66294926404953,0.847785472869873,0.7184001207351685,0
1961,3020000030604-09-01,3020000002023-09-01,화장품 용기,포장용용기,http://plus.kipris.or.kr/openapi/fileToss.jsp?arg=75a63eed5a438998f9dc3380f5cb642cd56dcb0e0f0995b0b9420cad9c5990e05592e1ba158996cfd96ec4d5b728a44a645abe8e9ae9c0d3,http://plus.kipris.or.kr/openapi/fileToss.jsp?arg=75a63eed5a438998f9dc3380f5cb642cd56dcb0e0f0995b0680d52483fc7b07dce8cf928834fb57d19980545f54a8647bc13447dbadeb14d,0.7530947327613831,0.8740334510803223,0.7893763780593872,0
1962,3020000003525-09-01,3020000012072-09-01,화장품 용기,샴푸용기,http://plus.kipris.or.kr/openapi/fileToss.jsp?arg=75a63eed5a438998f9dc3380f5cb642cd56dcb0e0f0995b00b66daf06c8a830641a31f57f6fcc65b9864b6b9cf547170d655e17e2f1d68bc,http://plus.kipris.or.kr/openapi/fileToss.jsp?arg=75a63eed5a438998f9dc3380f5cb642cd56dcb0e0f0995b08964a6c84ce8cbe101428d44c160746ec10ea66642096ecbdc11c7932a773aa6,0.7133943438529968,0.7539172172546387,0.725551187992096,0
1963,3020000006436-09-01,3020000006642-09-01,포장용 용기,화장품 용기,http://plus.kipris.or.kr/openapi/fileToss.jsp?arg=75a63eed5a438998f9dc3380f5cb642cd56dcb0e0f0995b0187836737e94fb39d6735824be9a53a73fc77ea3035de78fbac0bec950bc845e,http://plus.kipris.or.kr/openapi/fileToss.jsp?arg=75a63eed5a438998f9dc3380f5cb642cd56dcb0e0f0995b0187836737e94fb39fa1c5684c736430b65da5e0a57dd103299692b13dc63122e,0.8067810535430908,0.7993303537368774,0.8045458793640137,0
1964,3020000002022-09-01,3020000030008-09-01,포장용용기,포장용 술병,http://plus.kipris.or.kr/openapi/fileToss.jsp?arg=75a63eed5a438998f9dc3380f5cb642cd56dcb0e0f0995b0680d52483fc7b07dce8cf928834fb57d8b35fe69e56e6a1f6057a939273179d8,http://plus.kipris.or.kr/openapi/fileToss.jsp?arg=75a63eed5a438998f9dc3380f5cb642cd56dcb0e0f0995b0b9420cad9c5990e0672c1f955478a2c8edc8866b796d29a60074168be9bccff5,0.7042090892791748,0.8520138263702393,0.748550534248352,0
1965,3020000017722-09-01,3020000032582-09-01,포장용 통,화장품 용기,http://plus.kipris.or.kr/openapi/fileToss.jsp?arg=75a63eed5a438998f9dc3380f5cb642cd56dcb0e0f0995b0d8ee6709638b6fa1f4bde39beae5710fcd253a9a4823a8c0a3fe8bb954fe613b,http://plus.kipris.or.kr/openapi/fileToss.jsp?arg=75a63eed5a438998f9dc3380f5cb642cd56dcb0e0f0995b056fef538e42de114c938f9d32b974d9772fb62244519d1b817ea3e3dfee386a9,0.7759476900100708,0.7362037301063538,0.7640244960784912,0
1966,3020000011905-09-01,3020000000638-09-01,포장용 용기,화장품용기,http://plus.kipris.or.kr/openapi/fileToss.jsp?arg=75a63eed5a438998f9dc3380f5cb642cd56dcb0e0f0995b070abdd713d0b290a0b1bd5557f830a49d15bb8fcee375a0ed8a0149772fc1a22,http://plus.kipris.or.kr/openapi/fileToss.jsp?arg=75a63eed5a438998f9dc3380f5cb642cd56dcb0e0f0995b0cc72ed919b34230099f327e961a5ac512f1a2de92956eab0b7299949995cde22,0.598048985004425,0.7543978691101074,0.6449536681175232,0
1967,3020000031088-09-01,3020000011144-09-01,포장용기,향수병,http://plus.kipris.or.kr/openapi/fileToss.jsp?arg=75a63eed5a438998f9dc3380f5cb642cd56dcb0e0f0995b089d7a621b89857a2a6e995ef25b4de530e075e7abc9b8c53d20d4c72af34c330,http://plus.kipris.or.kr/openapi/fileToss.jsp?arg=75a63eed5a438998f9dc3380f5cb642cd56dcb0e0f0995b070abdd713d0b290a495f14ebd7c505e21cae541b5885dd24d0ee186bcfcc0993,0.8434498310089111,0.8100810050964355,0.8334391713142395,0
1968,3020000024348-09-01,3020000005118-09-01,개인용 세제 용기,에어로졸 용기,http://plus.kipris.or.kr/openapi/fileToss.jsp?arg=75a63eed5a438998f9dc3380f5cb642cd56dcb0e0f0995b005b3db6b458aa73bb6f93c107a5863dda9dd3ddeee8bc03657f11156c0aa358f,http://plus.kipris.or.kr/openapi/fileToss.jsp?arg=75a63eed5a438998f9dc3380f5cb642cd56dcb0e0f0995b08fe3e6d10b56cc3d6fdd0a060b490f45a9cef516e81b9996151cccdc6b8adfda,0.9003088474273682,0.7620252370834351,0.8588237762451172,0
1969,3020000009605-09-01,3020000031443-09-01,포장용용기,화장품 용기,http://plus.kipris.or.kr/openapi/fileToss.jsp?arg=75a63eed5a438998f9dc3380f5cb642cd56dcb0e0f0995b073590199e4f1dc16c4994de40142535656b5c33ac9d6f26d730971f0bb416406,http://plus.kipris.or.kr/openapi/fileToss.jsp?arg=75a63eed5a438998f9dc3380f5cb642cd56dcb0e0f0995b089d7a621b89857a21e79e0b1232a9ae9d185a66d28f3c0cdb043fa8ab29866ba,0.7713070511817932,0.5964913368225098,0.7188622951507568,0
1970,3020000033580-09-01,3020000017001-09-01,화장품 용기,포장용 용기,http://plus.kipris.or.kr/openapi/fileToss.jsp?arg=75a63eed5a438998f9dc3380f5cb642cd56dcb0e0f0995b0f32787804da8b7ad0513baa27761822424c67937ca6f7b5b71b8dcddec9899e1,http://plus.kipris.or.kr/openapi/fileToss.jsp?arg=75a63eed5a438998f9dc3380f5cb642cd56dcb0e0f0995b0d8ee6709638b6fa151acb057bf4b283f404d1149c740d3648201fe9ea1123bcc,0.7921041250228882,0.8386481404304504,0.8060673475265503,0
1971,3020000000847-09-01,3020000019323-09-01,포장용 병,포장용 용기,http://plus.kipris.or.kr/openapi/fileToss.jsp?arg=75a63eed5a438998f9dc3380f5cb642cd56dcb0e0f0995b0cc72ed919b342300e99b2acfcc6c677b67dc73b104714909dff371af4dbc2ea5,http://plus.kipris.or.kr/openapi/fileToss.jsp?arg=75a63eed5a438998f9dc3380f5cb642cd56dcb0e0f0995b0f63a2eefd11079d0e31326d6f26acc1537b8431a4c97957ca59e6231a39963db,0.7716982960700989,0.8497542142868042,0.795115053653717,0
1972,3020000016430-09-01,3020000023255-09-01,포장용기,식품용용기,http://plus.kipris.or.kr/openapi/fileToss.jsp?arg=75a63eed5a438998f9dc3380f5cb642cd56dcb0e0f0995b0edd65ac4880d0f0c232cb6b80bc0e8a33808bf7b0bacd52f529d132d603c7762,http://plus.kipris.or.kr/openapi/fileToss.jsp?arg=75a63eed5a438998f9dc3380f5cb642cd56dcb0e0f0995b09b1f6789fb975124ddde99bf437cdce8167068b4ae391de3a37498211940a5d2,0.7236291766166687,0.7785352468490601,0.7401009798049927,0
1973,3020000023374-09-01,3020000019758-09-01,화장품 용기,화장품 포장용 병,http://plus.kipris.or.kr/openapi/fileToss.jsp?arg=75a63eed5a438998f9dc3380f5cb642cd56dcb0e0f0995b09b1f6789fb97512449882dd38eee7b7064b74edfc76656645217283c6777b0d0,http://plus.kipris.or.kr/openapi/fileToss.jsp?arg=75a63eed5a438998f9dc3380f5cb642cd56dcb0e0f0995b0f63a2eefd11079d006f4cd70f75e4ac6265a23764f163feaedc3ceec82e1d60b,0.8052141666412354,0.917572557926178,0.8389216661453247,0
1974,3020000029220-09-01,3020000016952-09-01,화장품 용기,화장품 용기,http://plus.kipris.or.kr/openapi/fileToss.jsp?arg=75a63eed5a438998f9dc3380f5cb642cd56dcb0e0f0995b011f68ef22f394dd21733bab7ceb881dd6ea7b591db33d6934e8f743226ae480f,http://plus.kipris.or.kr/openapi/fileToss.jsp?arg=75a63eed5a438998f9dc3380f5cb642cd56dcb0e0f0995b0edd65ac4880d0f0c46faa16d4d6673f103f15ad5032df0943fe804a4ca9f921c,0.6202505826950073,0.9891535043716431,0.7309215068817139,0
1975,3020000012834-09-01,3020000012835-09-01,향수병,향수병,http://plus.kipris.or.kr/openapi/fileToss.jsp?arg=75a63eed5a438998f9dc3380f5cb642cd56dcb0e0f0995b08964a6c84ce8cbe136b914a53e58c31f8da15c97024331bb5b35b0a920e0bc0c,http://plus.kipris.or.kr/openapi/fileToss.jsp?arg=75a63eed5a438998f9dc3380f5cb642cd56dcb0e0f0995b08964a6c84ce8cbe136b914a53e58c31f5a71b47ce7755bd57ba8fb98a8413d52,0.8084630966186523,0.988898754119873,0.8625937700271606,0
1976,3020000012836-09-01,3020000011029-09-01,향수병,음료 포장용 병,http://plus.kipris.or.kr/openapi/fileToss.jsp?arg=75a63eed5a438998f9dc3380f5cb642cd56dcb0e0f0995b08964a6c84ce8cbe136b914a53e58c31f554ac8bf001a4516e474d75d93384120,http://plus.kipris.or.kr/openapi/fileToss.jsp?arg=75a63eed5a438998f9dc3380f5cb642cd56dcb0e0f0995b070abdd713d0b290ada1a9beb49be1f147b571f7e3467ed9b3182bd1f0da679a7,0.8042317628860474,0.8115260601043701,0.806420087814331,0
1977,3020000023526-09-01,3020000011312-09-01,향수 용기,술병,http://plus.kipris.or.kr/openapi/fileToss.jsp?arg=75a63eed5a438998f9dc3380f5cb642cd56dcb0e0f0995b09b1f6789fb97512406c585eb35ae35c5391bc9837eac95ab8cc87ae3d56c2db4,http://plus.kipris.or.kr/openapi/fileToss.jsp?arg=75a63eed5a438998f9dc3380f5cb642cd56dcb0e0f0995b070abdd713d0b290a5ffe1b8eef7e114d8d90f591f2f6baf87d561f76805cee5d,0.7561818957328796,0.8073770999908447,0.7715404629707336,0
1978,3020000024443-09-01,3020000014156-09-01,화장품 용기,포장용 용기,http://plus.kipris.or.kr/openapi/fileToss.jsp?arg=75a63eed5a438998f9dc3380f5cb642cd56dcb0e0f0995b005b3db6b458aa73b827884159da4efa3241ff3f1a86abd3588bd7f35185fe6a1,http://plus.kipris.or.kr/openapi/fileToss.jsp?arg=75a63eed5a438998f9dc3380f5cb642cd56dcb0e0f0995b0606f4df1f99f40811db3d332d4213ea5a0c3abbac09cc95e228aa9054bebb0db,0.7931419610977173,0.7486231327056885,0.7797863483428955,0
1979,3020000020571-09-01,3020000032584-09-01,화장품 용기,화장품 용기,http://plus.kipris.or.kr/openapi/fileToss.jsp?arg=75a63eed5a438998f9dc3380f5cb642cd56dcb0e0f0995b0bea0399dd2b7a3e5b435903018a1a9f5132e0826c9f45c0b182aaad0f7cb3c73,http://plus.kipris.or.kr/openapi/fileToss.jsp?arg=75a63eed5a438998f9dc3380f5cb642cd56dcb0e0f0995b056fef538e42de114c938f9d32b974d9723be97f20af4fe539f827ccebec3e91a,0.8039062023162842,0.9731594324111938,0.8546821475028992,0
1980,3020000033581-09-01,3020000029148-09-01,화장품 용기,술병,http://plus.kipris.or.kr/openapi/fileToss.jsp?arg=75a63eed5a438998f9dc3380f5cb642cd56dcb0e0f0995b0f32787804da8b7ad0513baa27761822439170e720f5e6e3cb344840b368d48ea,http://plus.kipris.or.kr/openapi/fileToss.jsp?arg=75a63eed5a438998f9dc3380f5cb642cd56dcb0e0f0995b011f68ef22f394dd2b1e8fa62f7dbf6eb93ae353ab0d4ab67e01a5b3515d9bc25,0.836077094078064,0.6296995878219604,0.7741638422012329,0
1981,3020000032447-09-01,3020000014195-09-01,포장용 용기,화장품 용기,http://plus.kipris.or.kr/openapi/fileToss.jsp?arg=75a63eed5a438998f9dc3380f5cb642cd56dcb0e0f0995b056fef538e42de114adfcf72cc6314c12724d86072dd1e0e107fa13acc2a40bfb,http://plus.kipris.or.kr/openapi/fileToss.jsp?arg=75a63eed5a438998f9dc3380f5cb642cd56dcb0e0f0995b0606f4df1f99f4081938bc2a8e797add1306d232c63241cfc0f086b9fe24ea90d,0.8575915098190308,0.8774597644805908,0.8635519742965698,0
1982,3020000009483-09-01,3020000014156-09-01,화장품 용기,포장용 용기,http://plus.kipris.or.kr/openapi/fileToss.jsp?arg=75a63eed5a438998f9dc3380f5cb642cd56dcb0e0f0995b073590199e4f1dc1659189ee3a87a785d8682f802aa79588cd002ac0e3874b7b4,http://plus.kipris.or.kr/openapi/fileToss.jsp?arg=75a63eed5a438998f9dc3380f5cb642cd56dcb0e0f0995b0606f4df1f99f40811db3d332d4213ea5a0c3abbac09cc95ece6c2869e0a90a85,0.8936261534690857,0.7476147413253784,0.8498227000236511,0
1983,3020000024700-09-01,3020000024348-09-01,화장품 용기,개인용 세제 용기,http://plus.kipris.or.kr/openapi/fileToss.jsp?arg=75a63eed5a438998f9dc3380f5cb642cd56dcb0e0f0995b005b3db6b458aa73bbe736c671d94092bcb6164615ec813db99dd03a4e8c66806,http://plus.kipris.or.kr/openapi/fileToss.jsp?arg=75a63eed5a438998f9dc3380f5cb642cd56dcb0e0f0995b005b3db6b458aa73bb6f93c107a5863dda9dd3ddeee8bc036336374ab5d66b6ad,0.9305190443992615,0.8088176250457764,0.8940086364746094,0
1984,3020000024700-09-01,3020000017424-09-01,화장품 용기,포장용 용기,http://plus.kipris.or.kr/openapi/fileToss.jsp?arg=75a63eed5a438998f9dc3380f5cb642cd56dcb0e0f0995b005b3db6b458aa73bbe736c671d94092b71c05c8cc68ecef67d1ebdb654792a3f,http://plus.kipris.or.kr/openapi/fileToss.jsp?arg=75a63eed5a438998f9dc3380f5cb642cd56dcb0e0f0995b0d8ee6709638b6fa14d030d93d9fd28c422622fd25edaa01a38c13aa2d910b2c5,0.8831087946891785,0.8390487432479858,0.8698908090591431,0
1985,3020000010911-09-01,3020000024443-09-01,향수병,화장품 용기,http://plus.kipris.or.kr/openapi/fileToss.jsp?arg=75a63eed5a438998f9dc3380f5cb642cd56dcb0e0f0995b0ef3ea9b059e124218e78add106288283eeb4410ee4e47e41cadd944684d2a46f,http://plus.kipris.or.kr/openapi/fileToss.jsp?arg=75a63eed5a438998f9dc3380f5cb642cd56dcb0e0f0995b005b3db6b458aa73b827884159da4efa3241ff3f1a86abd3518ef23b38fb9a186,0.8579800724983215,0.7460938096046448,0.8244141936302185,0
1986,3020000015282-09-01,3020000017000-09-01,화장품 용기,포장용 용기,http://plus.kipris.or.kr/openapi/fileToss.jsp?arg=75a63eed5a438998f9dc3380f5cb642cd56dcb0e0f0995b07ba686bc001e12b75d136b4df6d33bb521e75c89274b2b2bb00b74c1f57d260f,http://plus.kipris.or.kr/openapi/fileToss.jsp?arg=75a63eed5a438998f9dc3380f5cb642cd56dcb0e0f0995b0d8ee6709638b6fa151acb057bf4b283f873778c4a5b9305b40ffe06aa9cbe706,0.7588534951210022,0.8427177667617798,0.7840127944946289,0
1987,3020000018765-09-01,3020000016422-09-01,음료병,화장품 용기,http://plus.kipris.or.kr/openapi/fileToss.jsp?arg=75a63eed5a438998f9dc3380f5cb642cd56dcb0e0f0995b0deac54f8925f4c7dff73e655a395ca11d5ec212f9f189ae1fdff0f8e04490145,http://plus.kipris.or.kr/openapi/fileToss.jsp?arg=75a63eed5a438998f9dc3380f5cb642cd56dcb0e0f0995b0edd65ac4880d0f0cde88f35c1b19cc9c7da73aaad57b41baf44ca75c4e1327b2,0.7060392498970032,0.5616269707679749,0.6627155542373657,0
1988,3020000016999-09-01,3020000024008-09-01,포장용 용기,포장용 용기,http://plus.kipris.or.kr/openapi/fileToss.jsp?arg=75a63eed5a438998f9dc3380f5cb642cd56dcb0e0f0995b0edd65ac4880d0f0cc2c085a4246e7b661a17b81247c5a3cae7fb03e91db887f4,http://plus.kipris.or.kr/openapi/fileToss.jsp?arg=75a63eed5a438998f9dc3380f5cb642cd56dcb0e0f0995b005b3db6b458aa73b151a4a7d8a9837b37ab1ca3487f1f06713616a65ca8b8dbe,0.6628401279449463,0.9415777921676636,0.7464614510536194,0
1989,3020000003502-09-01,3020000006510-09-01,포장용 용기,화장품 용기,http://plus.kipris.or.kr/openapi/fileToss.jsp?arg=75a63eed5a438998f9dc3380f5cb642cd56dcb0e0f0995b00b66daf06c8a8306785181888731c2c10836289c010b5ff57297bd38de8f6674,http://plus.kipris.or.kr/openapi/fileToss.jsp?arg=75a63eed5a438998f9dc3380f5cb642cd56dcb0e0f0995b0187836737e94fb39ab7bc0f298779f6fafa27d2d80d6ae4d1d2b9a36b1ac246c,0.8562549352645874,0.8413705229759216,0.8517895936965942,0
1990,3020000033574-09-01,3020000001115-09-01,향수용기,화장품 용기,http://plus.kipris.or.kr/openapi/fileToss.jsp?arg=75a63eed5a438998f9dc3380f5cb642cd56dcb0e0f0995b0f32787804da8b7add5c4bca3f493f084fbe15d523da3e9db021a46b5c0632184,http://plus.kipris.or.kr/openapi/fileToss.jsp?arg=75a63eed5a438998f9dc3380f5cb642cd56dcb0e0f0995b0b700f0235c7824b0d0b95c86d388ccdc2cbb49f67d9126e4f1ab56861aaf6000,0.8210359811782837,0.7944576740264893,0.8130624294281006,0
1991,3020000002380-09-01,3020000023870-09-01,화장품 용기,향수용기,http://plus.kipris.or.kr/openapi/fileToss.jsp?arg=75a63eed5a438998f9dc3380f5cb642cd56dcb0e0f0995b0680d52483fc7b07d2f56793bce66975801e732f685319c563653ab8c63438634,http://plus.kipris.or.kr/openapi/fileToss.jsp?arg=75a63eed5a438998f9dc3380f5cb642cd56dcb0e0f0995b09b1f6789fb9751245383ec1ea175fde38980f608958d08b24d25b9f5e51856ef,0.7939859628677368,0.8231422305107117,0.8027328848838806,0
1992,3020000027377-09-01,3020000019084-09-01,향 수 병,화장품 용기,http://plus.kipris.or.kr/openapi/fileToss.jsp?arg=75a63eed5a438998f9dc3380f5cb642cd56dcb0e0f0995b01b6467bd697fe99c825062ac0a4e0cbbf37c817a70113aa45b84a61339af4260,http://plus.kipris.or.kr/openapi/fileToss.jsp?arg=75a63eed5a438998f9dc3380f5cb642cd56dcb0e0f0995b0f63a2eefd11079d0da75e7bf06c36ac655643462b4cdea991fe828f2d84c2420,0.7797551155090332,0.7256195545196533,0.7635144591331482,0
1993,3020000014721-09-01,3020000024951-09-01,음료수병,크림용기,http://plus.kipris.or.kr/openapi/fileToss.jsp?arg=75a63eed5a438998f9dc3380f5cb642cd56dcb0e0f0995b0606f4df1f99f408147acd64ca7a100afd02dddd10af2d0c3e0f964455aceb3e9,http://plus.kipris.or.kr/openapi/fileToss.jsp?arg=75a63eed5a438998f9dc3380f5cb642cd56dcb0e0f0995b005b3db6b458aa73be2c5f00e2cd5aa817bedf7b1a2dee2d268b7eb90426d660c,0.7339766621589661,0.7270619869232178,0.7319022417068481,0
1994,3020000017373-09-01,3020000017001-09-01,포장용간장용기,포장용 용기,http://plus.kipris.or.kr/openapi/fileToss.jsp?arg=75a63eed5a438998f9dc3380f5cb642cd56dcb0e0f0995b0d8ee6709638b6fa1b9cc41fb9d879150833073c7f50887821eef7aa2aadd505c,http://plus.kipris.or.kr/openapi/fileToss.jsp?arg=75a63eed5a438998f9dc3380f5cb642cd56dcb0e0f0995b0d8ee6709638b6fa151acb057bf4b283f404d1149c740d3643f9885c63ddd87f8,0.8457852602005005,0.9239974021911621,0.8692488670349121,0
1995,3020000014156-09-01,3020000025082-09-01,포장용 용기,화장품 용기,http://plus.kipris.or.kr/openapi/fileToss.jsp?arg=75a63eed5a438998f9dc3380f5cb642cd56dcb0e0f0995b0606f4df1f99f40811db3d332d4213ea5a0c3abbac09cc95ef0d9432b0471a01e,http://plus.kipris.or.kr/openapi/fileToss.jsp?arg=75a63eed5a438998f9dc3380f5cb642cd56dcb0e0f0995b07a28099d0ef98e17803670e82954ba5e12b0a859bd0e152dcf512e8750d8003e,0.7904465198516846,0.7205047607421875,0.7694639563560486,0
1996,3020000012831-09-01,3020000030710-09-01,화장품 용기,향수 용기,http://plus.kipris.or.kr/openapi/fileToss.jsp?arg=75a63eed5a438998f9dc3380f5cb642cd56dcb0e0f0995b08964a6c84ce8cbe136b914a53e58c31fc542b7bc32f78b301bc39d3c85299965,http://plus.kipris.or.kr/openapi/fileToss.jsp?arg=75a63eed5a438998f9dc3380f5cb642cd56dcb0e0f0995b0b9420cad9c5990e04e6a47733b7591c4ce6c1908f6b3f36c9485f71127d398c5,0.8580990433692932,0.8433276414871216,0.8536676168441772,0
1997,3020000015289-09-01,3020000016430-09-01,화장품 용기,포장용기,http://plus.kipris.or.kr/openapi/fileToss.jsp?arg=75a63eed5a438998f9dc3380f5cb642cd56dcb0e0f0995b07ba686bc001e12b75d136b4df6d33bb584d7d79f71a4cb7c162dd4525d44a3df,http://plus.kipris.or.kr/openapi/fileToss.jsp?arg=75a63eed5a438998f9dc3380f5cb642cd56dcb0e0f0995b0edd65ac4880d0f0c232cb6b80bc0e8a33808bf7b0bacd52fbef6cfe68bd86be0,0.7459166049957275,0.6894246339797974,0.7289690375328064,0
1998,3020000030008-09-01,3020000033000-09-01,포장용 술병,술병,http://plus.kipris.or.kr/openapi/fileToss.jsp?arg=75a63eed5a438998f9dc3380f5cb642cd56dcb0e0f0995b0b9420cad9c5990e0672c1f955478a2c8edc8866b796d29a6383888db77e3c59f,http://plus.kipris.or.kr/openapi/fileToss.jsp?arg=75a63eed5a438998f9dc3380f5cb642cd56dcb0e0f0995b0f32787804da8b7ad0a83331d496f7b1207a70e4bb04e658918ae1f255a584672,0.8300725221633911,0.7693134546279907,0.8118448257446289,0
1999,3020000010608-09-01,3020000017497-09-01,향수용기,포장용 용기,http://plus.kipris.or.kr/openapi/fileToss.jsp?arg=75a63eed5a438998f9dc3380f5cb642cd56dcb0e0f0995b0ef3ea9b059e12421ac8898e2abf04f2abfe0c93f850ea7241e05c7085177981d,http://plus.kipris.or.kr/openapi/fileToss.jsp?arg=75a63eed5a438998f9dc3380f5cb642cd56dcb0e0f0995b0d8ee6709638b6fa1ae2fc3835c730b0fa1fa6955ae8aa20599a146b98afeb5ac,0.7788130044937134,0.8706767559051514,0.8063721656799316,0
2000,3020000015190-09-01,3020000012072-09-01,음료용기,샴푸용기,http://plus.kipris.or.kr/openapi/fileToss.jsp?arg=75a63eed5a438998f9dc3380f5cb642cd56dcb0e0f0995b07ba686bc001e12b7246632b98d0401193c3717f00aa55808ffeea4fcfbc89edf,http://plus.kipris.or.kr/openapi/fileToss.jsp?arg=75a63eed5a438998f9dc3380f5cb642cd56dcb0e0f0995b08964a6c84ce8cbe101428d44c160746ec10ea66642096ecb621c4c1563f13e57,0.8254842162132263,0.45044153928756714,0.7129714488983154,0
