pair_id,image1_id,image1_path,image2_id,image2_path,cosine_similarity,label,label_desc
1,3020000028667-02,img/3020000028667-09-01__3020000028667-02.JPG,3020000006440-03,img/3020000006440-09-01__3020000006440-03.JPG,0.7110602855682373,1,유사(침해위험 높음)
2,3020000001542-03,img/3020000001542-09-01__3020000001542-03.JPG,3020000031247-07,img/3020000031247-09-01__3020000031247-07.JPG,0.6048897504806519,0,비유사(침해위험 낮음)
3,3020000015227-06,img/3020000015227-09-01__3020000015227-06.JPG,3020000013865-04,img/3020000013865-09-01__3020000013865-04.JPG,0.556718647480011,0,비유사(침해위험 낮음)
4,3020000012834-06,img/3020000012834-09-01__3020000012834-06.JPG,3020000007444-07,img/3020000007444-09-01__3020000007444-07.JPG,0.5720817446708679,0,비유사(침해위험 낮음)
5,3020000031167-07,img/3020000031167-09-01__3020000031167-07.JPG,3020000006096-04,img/3020000006096-09-01__3020000006096-04.JPG,0.5777589082717896,0,비유사(침해위험 낮음)
6,3020000029872-07,img/3020000029872-09-01__3020000029872-07.JPG,3020000031247-03,img/3020000031247-09-01__3020000031247-03.JPG,0.5501784086227417,0,비유사(침해위험 낮음)
7,3020000024535-06,img/3020000024535-09-01__3020000024535-06.JPG,3020000005311-05,img/3020000005311-09-01__3020000005311-05.JPG,0.7227282524108887,1,유사(침해위험 높음)
8,3020000025935-05,img/3020000025935-09-01__3020000025935-05.JPG,3020000019482-03,img/3020000019482-09-01__3020000019482-03.JPG,0.5035487413406372,0,비유사(침해위험 낮음)
9,3020000002022-03,img/3020000002022-09-01__3020000002022-03.JPG,3020000001944-02,img/3020000001944-09-01__3020000001944-02.JPG,0.7305302023887634,1,유사(침해위험 높음)
10,3020000005653-04,img/3020000005653-09-01__3020000005653-04.JPG,3020000012831-04,img/3020000012831-09-01__3020000012831-04.JPG,0.6680873036384583,0,비유사(침해위험 낮음)
11,3020000013606-02,img/3020000013606-09-01__3020000013606-02.JPG,3020000023317-02,img/3020000023317-09-01__3020000023317-02.JPG,0.6841535568237305,0,비유사(침해위험 낮음)
12,3020000027112-02,img/3020000027112-09-01__3020000027112-02.JPG,3020000001557-02,img/3020000001557-09-01__3020000001557-02.JPG,0.696185290813446,0,비유사(침해위험 낮음)
13,3020000024951-06,img/3020000024951-09-01__3020000024951-06.JPG,3020000011312-07,img/3020000011312-09-01__3020000011312-07.JPG,0.4527556598186493,0,비유사(침해위험 낮음)
14,3020000030881-05,img/3020000030881-09-01__3020000030881-05.JPG,3020000029153-02,img/3020000029153-09-01__3020000029153-02.JPG,0.6099851727485657,0,비유사(침해위험 낮음)
15,3020000030604-03,img/3020000030604-09-01__3020000030604-03.JPG,3020000024535-05,img/3020000024535-09-01__3020000024535-05.JPG,0.833699107170105,1,유사(침해위험 높음)
16,3020000019480-07,img/3020000019480-09-01__3020000019480-07.JPG,3020000012833-01,img/3020000012833-09-01__3020000012833-01.JPG,0.6934882402420044,0,비유사(침해위험 낮음)
17,3020000021275-03,img/3020000021275-09-01__3020000021275-03.JPG,3020000025817-07,img/3020000025817-09-01__3020000025817-07.JPG,0.3972513675689697,0,비유사(침해위험 낮음)
18,3020000015229-05,img/3020000015229-09-01__3020000015229-05.JPG,3020000033636-06,img/3020000033636-09-01__3020000033636-06.JPG,0.5010448694229126,0,비유사(침해위험 낮음)
19,3020000000639-06,img/3020000000639-09-01__3020000000639-06.JPG,3020000031824-02,img/3020000031824-09-01__3020000031824-02.JPG,0.6839882135391235,0,비유사(침해위험 낮음)
20,3020000033580-05,img/3020000033580-09-01__3020000033580-05.JPG,3020000009397-02,img/3020000009397-09-01__3020000009397-02.JPG,0.7963210344314575,1,유사(침해위험 높음)
21,3020000030583-04,img/3020000030583-09-01__3020000030583-04.JPG,3020000019482-06,img/3020000019482-09-01__3020000019482-06.JPG,0.6395359039306641,0,비유사(침해위험 낮음)
22,3020000017000-01,img/3020000017000-09-01__3020000017000-01.JPG,3020000015229-04,img/3020000015229-09-01__3020000015229-04.JPG,0.667596697807312,0,비유사(침해위험 낮음)
23,3020000008855-06,img/3020000008855-09-01__3020000008855-06.JPG,3020000012601-04,img/3020000012601-09-01__3020000012601-04.JPG,0.5164139270782471,0,비유사(침해위험 낮음)
24,3020000031842-07,img/3020000031842-09-01__3020000031842-07.JPG,3020000016952-07,img/3020000016952-09-01__3020000016952-07.JPG,0.8914461731910706,1,유사(침해위험 높음)
25,3020000006096-03,img/3020000006096-09-01__3020000006096-03.JPG,3020000005652-07,img/3020000005652-09-01__3020000005652-07.JPG,0.691165566444397,0,비유사(침해위험 낮음)
26,3020000018090-03,img/3020000018090-09-01__3020000018090-03.JPG,3020000005939-02,img/3020000005939-09-01__3020000005939-02.JPG,0.4946213662624359,0,비유사(침해위험 낮음)
27,3020000017497-01,img/3020000017497-09-01__3020000017497-01.JPG,3020000017002-02,img/3020000017002-09-01__3020000017002-02.JPG,0.5054450035095215,0,비유사(침해위험 낮음)
28,3020000027377-02,img/3020000027377-09-01__3020000027377-02.JPG,3020000014721-06,img/3020000014721-09-01__3020000014721-06.JPG,0.5180224776268005,0,비유사(침해위험 낮음)
29,3020000033581-03,img/3020000033581-09-01__3020000033581-03.JPG,3020000002231-01,img/3020000002231-09-01__3020000002231-01.JPG,0.7711924314498901,1,유사(침해위험 높음)
30,3020000031163-07,img/3020000031163-09-01__3020000031163-07.JPG,3020000021814-17,img/3020000021814-09-01__3020000021814-17.JPG,0.59390789270401,0,비유사(침해위험 낮음)
31,3020000024463-04,img/3020000024463-09-01__3020000024463-04.JPG,3020000006727-04,img/3020000006727-09-01__3020000006727-04.JPG,0.6565780639648438,0,비유사(침해위험 낮음)
32,3020000017908-04,img/3020000017908-09-01__3020000017908-04.JPG,3020000004298-06,img/3020000004298-09-01__3020000004298-06.JPG,0.7233684062957764,1,유사(침해위험 높음)
33,3020000024557-06,img/3020000024557-09-01__3020000024557-06.JPG,3020000015339-06,img/3020000015339-09-01__3020000015339-06.JPG,0.6166137456893921,0,비유사(침해위험 낮음)
34,3020000028282-06,img/3020000028282-09-01__3020000028282-06.JPG,3020000028256-07,img/3020000028256-09-01__3020000028256-07.JPG,0.6441128849983215,0,비유사(침해위험 낮음)
35,3020000017498-05,img/3020000017498-09-01__3020000017498-05.JPG,3020000025393-07,img/3020000025393-09-01__3020000025393-07.JPG,0.5417300462722778,0,비유사(침해위험 낮음)
36,3020000011007-02,img/3020000011007-09-01__3020000011007-02.JPG,3020000030701-01,img/3020000030701-09-01__3020000030701-01.JPG,0.7156032919883728,1,유사(침해위험 높음)
37,3020000004095-03,img/3020000004095-09-01__3020000004095-03.JPG,3020000002327-04,img/3020000002327-09-01__3020000002327-04.JPG,0.576625406742096,0,비유사(침해위험 낮음)
38,3020000029518-07,img/3020000029518-09-01__3020000029518-07.JPG,3020000012912-04,img/3020000012912-09-01__3020000012912-04.JPG,0.3662790060043335,0,비유사(침해위험 낮음)
39,3020000032577-04,img/3020000032577-09-01__3020000032577-04.JPG,3020000015289-09,img/3020000015289-09-01__3020000015289-09.JPG,0.6635780334472656,0,비유사(침해위험 낮음)
40,3020000004361-03,img/3020000004361-09-01__3020000004361-03.JPG,3020000013606-03,img/3020000013606-09-01__3020000013606-03.JPG,0.45892468094825745,0,비유사(침해위험 낮음)
41,3020000006090-05,img/3020000006090-09-01__3020000006090-05.JPG,3020000018090-03,img/3020000018090-09-01__3020000018090-03.JPG,0.5255811810493469,0,비유사(침해위험 낮음)
42,3020000015229-04,img/3020000015229-09-01__3020000015229-04.JPG,3020000021438-06,img/3020000021438-09-01__3020000021438-06.JPG,0.5895702838897705,0,비유사(침해위험 낮음)
43,3020000028626-07,img/3020000028626-09-01__3020000028626-07.JPG,3020000017500-04,img/3020000017500-09-01__3020000017500-04.JPG,0.6215500831604004,0,비유사(침해위험 낮음)
44,3020000009483-01,img/3020000009483-09-01__3020000009483-01.JPG,3020000017679-03,img/3020000017679-09-01__3020000017679-03.JPG,0.7897204160690308,1,유사(침해위험 높음)
45,3020000017424-07,img/3020000017424-09-01__3020000017424-07.JPG,3020000012072-02,img/3020000012072-09-01__3020000012072-02.JPG,0.6055100560188293,0,비유사(침해위험 낮음)
46,3020000029756-02,img/3020000029756-09-01__3020000029756-02.JPG,3020000014928-02,img/3020000014928-09-01__3020000014928-02.JPG,0.6275321245193481,0,비유사(침해위험 낮음)
47,3020000030604-05,img/3020000030604-09-01__3020000030604-05.JPG,3020000029918-07,img/3020000029918-09-01__3020000029918-07.JPG,0.4957757592201233,0,비유사(침해위험 낮음)
48,3020000029148-02,img/3020000029148-09-01__3020000029148-02.JPG,3020000004208-04,img/3020000004208-09-01__3020000004208-04.JPG,0.4780340790748596,0,비유사(침해위험 낮음)
49,3020000027734-04,img/3020000027734-09-01__3020000027734-04.JPG,3020000028626-04,img/3020000028626-09-01__3020000028626-04.JPG,0.7553890943527222,1,유사(침해위험 높음)
50,3020000009605-06,img/3020000009605-09-01__3020000009605-06.JPG,3020000024443-03,img/3020000024443-09-01__3020000024443-03.JPG,0.6257007122039795,0,비유사(침해위험 낮음)
51,3020000031163-05,img/3020000031163-09-01__3020000031163-05.JPG,3020000013865-03,img/3020000013865-09-01__3020000013865-03.JPG,0.5653757452964783,0,비유사(침해위험 낮음)
52,3020000009483-04,img/3020000009483-09-01__3020000009483-04.JPG,3020000021877-02,img/3020000021877-09-01__3020000021877-02.JPG,0.4865894019603729,0,비유사(침해위험 낮음)
53,3020000018090-01,img/3020000018090-09-01__3020000018090-01.JPG,3020000015190-07,img/3020000015190-09-01__3020000015190-07.JPG,0.6480636596679688,0,비유사(침해위험 낮음)
54,3020000028667-04,img/3020000028667-09-01__3020000028667-04.JPG,3020000030008-05,img/3020000030008-09-01__3020000030008-05.JPG,0.6885510683059692,0,비유사(침해위험 낮음)
55,3020000024712-02,img/3020000024712-09-01__3020000024712-02.JPG,3020000012831-09,img/3020000012831-09-01__3020000012831-09.JPG,0.6619874238967896,0,비유사(침해위험 낮음)
56,3020000029919-05,img/3020000029919-09-01__3020000029919-05.JPG,3020000016022-07,img/3020000016022-09-01__3020000016022-07.JPG,0.47131627798080444,0,비유사(침해위험 낮음)
57,3020000032279-06,img/3020000032279-09-01__3020000032279-06.JPG,3020000032580-02,img/3020000032580-09-01__3020000032580-02.JPG,0.6427438259124756,0,비유사(침해위험 낮음)
58,3020000002988-04,img/3020000002988-09-01__3020000002988-04.JPG,3020000013583-02,img/3020000013583-09-01__3020000013583-02.JPG,0.8632471561431885,1,유사(침해위험 높음)
59,3020000002022-04,img/3020000002022-09-01__3020000002022-04.JPG,3020000033580-02,img/3020000033580-09-01__3020000033580-02.JPG,0.5554315447807312,0,비유사(침해위험 낮음)
60,3020000015612-06,img/3020000015612-09-01__3020000015612-06.JPG,3020000018765-06,img/3020000018765-09-01__3020000018765-06.JPG,0.828880250453949,1,유사(침해위험 높음)
61,3020000014928-05,img/3020000014928-09-01__3020000014928-05.JPG,3020000003577-04,img/3020000003577-09-01__3020000003577-04.JPG,0.6344057321548462,0,비유사(침해위험 낮음)
62,3020000012111-01,img/3020000012111-09-01__3020000012111-01.JPG,3020000025082-03,img/3020000025082-09-01__3020000025082-03.JPG,0.7098562717437744,1,유사(침해위험 높음)
63,3020000031065-01,img/3020000031065-09-01__3020000031065-01.JPG,3020000015612-02,img/3020000015612-09-01__3020000015612-02.JPG,0.7955278754234314,1,유사(침해위험 높음)
64,3020000012111-07,img/3020000012111-09-01__3020000012111-07.JPG,3020000029220-04,img/3020000029220-09-01__3020000029220-04.JPG,0.4403085708618164,0,비유사(침해위험 낮음)
65,3020000023253-05,img/3020000023253-09-01__3020000023253-05.JPG,3020000018498-04,img/3020000018498-09-01__3020000018498-04.JPG,0.5689342021942139,0,비유사(침해위험 낮음)
66,3020000029019-02,img/3020000029019-09-01__3020000029019-02.JPG,3020000021814-07,img/3020000021814-09-01__3020000021814-07.JPG,0.5823420882225037,0,비유사(침해위험 낮음)
67,3020000007536-07,img/3020000007536-09-01__3020000007536-07.JPG,3020000014721-07,img/3020000014721-09-01__3020000014721-07.JPG,0.5588629245758057,0,비유사(침해위험 낮음)
68,3020000007444-07,img/3020000007444-09-01__3020000007444-07.JPG,3020000013900-04,img/3020000013900-09-01__3020000013900-04.JPG,0.6346800327301025,0,비유사(침해위험 낮음)
69,3020000031444-07,img/3020000031444-09-01__3020000031444-07.JPG,3020000024951-07,img/3020000024951-09-01__3020000024951-07.JPG,0.5275572538375854,0,비유사(침해위험 낮음)
70,3020000024465-01,img/3020000024465-09-01__3020000024465-01.JPG,3020000014720-06,img/3020000014720-09-01__3020000014720-06.JPG,0.34642037749290466,0,비유사(침해위험 낮음)
71,3020000031527-01,img/3020000031527-09-01__3020000031527-01.JPG,3020000025776-02,img/3020000025776-09-01__3020000025776-02.JPG,0.7181732654571533,1,유사(침해위험 높음)
72,3020000020333-01,img/3020000020333-09-01__3020000020333-01.JPG,3020000025561-05,img/3020000025561-09-01__3020000025561-05.JPG,0.764667809009552,1,유사(침해위험 높음)
73,3020000018764-05,img/3020000018764-09-01__3020000018764-05.JPG,3020000017498-06,img/3020000017498-09-01__3020000017498-06.JPG,0.4689769148826599,0,비유사(침해위험 낮음)
74,3020000012831-07,img/3020000012831-09-01__3020000012831-07.JPG,3020000007444-02,img/3020000007444-09-01__3020000007444-02.JPG,0.8246405720710754,1,유사(침해위험 높음)
75,3020000023373-06,img/3020000023373-09-01__3020000023373-06.JPG,3020000022833-03,img/3020000022833-09-01__3020000022833-03.JPG,0.3932875394821167,0,비유사(침해위험 낮음)
76,3020000005512-07,img/3020000005512-09-01__3020000005512-07.JPG,3020000031698-03,img/3020000031698-09-01__3020000031698-03.JPG,0.6098778247833252,0,비유사(침해위험 낮음)
77,3020000002328-02,img/3020000002328-09-01__3020000002328-02.JPG,3020000006438-04,img/3020000006438-09-01__3020000006438-04.JPG,0.7401162981987,1,유사(침해위험 높음)
78,3020000008854-04,img/3020000008854-09-01__3020000008854-04.JPG,3020000028282-02,img/3020000028282-09-01__3020000028282-02.JPG,0.5391541719436646,0,비유사(침해위험 낮음)
79,3020000009397-04,img/3020000009397-09-01__3020000009397-04.JPG,3020000033181-05,img/3020000033181-09-01__3020000033181-05.JPG,0.6955312490463257,0,비유사(침해위험 낮음)
80,3020000029879-02,img/3020000029879-09-01__3020000029879-02.JPG,3020000019482-04,img/3020000019482-09-01__3020000019482-04.JPG,0.4695836901664734,0,비유사(침해위험 낮음)
81,3020000026521-09,img/3020000026521-09-01__3020000026521-09.JPG,3020000003502-07,img/3020000003502-09-01__3020000003502-07.JPG,0.7005776762962341,1,유사(침해위험 높음)
82,3020000018221-02,img/3020000018221-09-01__3020000018221-02.JPG,3020000018091-03,img/3020000018091-09-01__3020000018091-03.JPG,0.5837700366973877,0,비유사(침해위험 낮음)
83,3020000026521-06,img/3020000026521-09-01__3020000026521-06.JPG,3020000022024-05,img/3020000022024-09-01__3020000022024-05.JPG,0.6100754141807556,0,비유사(침해위험 낮음)
84,3020000024348-04,img/3020000024348-09-01__3020000024348-04.JPG,3020000014030-02,img/3020000014030-09-01__3020000014030-02.JPG,0.5438010096549988,0,비유사(침해위험 낮음)
85,3020000024614-04,img/3020000024614-09-01__3020000024614-04.JPG,3020000000780-06,img/3020000000780-09-01__3020000000780-06.JPG,0.6165918111801147,0,비유사(침해위험 낮음)
86,3020000029879-01,img/3020000029879-09-01__3020000029879-01.JPG,3020000031066-06,img/3020000031066-09-01__3020000031066-06.JPG,0.6295675039291382,0,비유사(침해위험 낮음)
87,3020000006442-07,img/3020000006442-09-01__3020000006442-07.JPG,3020000029879-07,img/3020000029879-09-01__3020000029879-07.JPG,0.6265143156051636,0,비유사(침해위험 낮음)
88,3020000024463-07,img/3020000024463-09-01__3020000024463-07.JPG,3020000031694-03,img/3020000031694-09-01__3020000031694-03.JPG,0.6218051910400391,0,비유사(침해위험 낮음)
89,3020000014928-01,img/3020000014928-09-01__3020000014928-01.JPG,3020000032279-07,img/3020000032279-09-01__3020000032279-07.JPG,0.6442060470581055,0,비유사(침해위험 낮음)
90,3020000028831-01,img/3020000028831-09-01__3020000028831-01.JPG,3020000017000-01,img/3020000017000-09-01__3020000017000-01.JPG,0.6730012893676758,0,비유사(침해위험 낮음)
91,3020000006440-03,img/3020000006440-09-01__3020000006440-03.JPG,3020000015340-01,img/3020000015340-09-01__3020000015340-01.JPG,0.5400924682617188,0,비유사(침해위험 낮음)
92,3020000020571-09,img/3020000020571-09-01__3020000020571-09.JPG,3020000009396-03,img/3020000009396-09-01__3020000009396-03.JPG,0.48646634817123413,0,비유사(침해위험 낮음)
93,3020000021438-07,img/3020000021438-09-01__3020000021438-07.JPG,3020000000414-07,img/3020000000414-09-01__3020000000414-07.JPG,0.5639325380325317,0,비유사(침해위험 낮음)
94,3020000031087-04,img/3020000031087-09-01__3020000031087-04.JPG,3020000031066-01,img/3020000031066-09-01__3020000031066-01.JPG,0.6309314966201782,0,비유사(침해위험 낮음)
95,3020000014721-01,img/3020000014721-09-01__3020000014721-01.JPG,3020000023254-04,img/3020000023254-09-01__3020000023254-04.JPG,0.5931828022003174,0,비유사(침해위험 낮음)
96,3020000031825-07,img/3020000031825-09-01__3020000031825-07.JPG,3020000010912-02,img/3020000010912-09-01__3020000010912-02.JPG,0.6147283315658569,0,비유사(침해위험 낮음)
97,3020000023372-05,img/3020000023372-09-01__3020000023372-05.JPG,3020000006435-04,img/3020000006435-09-01__3020000006435-04.JPG,0.3995385468006134,0,비유사(침해위험 낮음)
98,3020000028260-07,img/3020000028260-09-01__3020000028260-07.JPG,3020000015364-07,img/3020000015364-09-01__3020000015364-07.JPG,0.8596439361572266,1,유사(침해위험 높음)
99,3020000028666-07,img/3020000028666-09-01__3020000028666-07.JPG,3020000023372-05,img/3020000023372-09-01__3020000023372-05.JPG,0.4096924066543579,0,비유사(침해위험 낮음)
100,3020000027734-03,img/3020000027734-09-01__3020000027734-03.JPG,3020000011312-07,img/3020000011312-09-01__3020000011312-07.JPG,0.5453753471374512,0,비유사(침해위험 낮음)
101,3020000008854-04,img/3020000008854-09-01__3020000008854-04.JPG,3020000017722-28,img/3020000017722-09-01__3020000017722-28.JPG,0.6809104681015015,0,비유사(침해위험 낮음)
102,3020000031842-03,img/3020000031842-09-01__3020000031842-03.JPG,3020000009398-03,img/3020000009398-09-01__3020000009398-03.JPG,0.4926111102104187,0,비유사(침해위험 낮음)
103,3020000024465-03,img/3020000024465-09-01__3020000024465-03.JPG,3020000032581-06,img/3020000032581-09-01__3020000032581-06.JPG,0.6489918231964111,0,비유사(침해위험 낮음)
104,3020000024360-02,img/3020000024360-09-01__3020000024360-02.JPG,3020000000039-03,img/3020000000039-09-01__3020000000039-03.JPG,0.5261127352714539,0,비유사(침해위험 낮음)
105,3020000026714-04,img/3020000026714-09-01__3020000026714-04.JPG,3020000016022-06,img/3020000016022-09-01__3020000016022-06.JPG,0.545615553855896,0,비유사(침해위험 낮음)
106,3020000022802-04,img/3020000022802-09-01__3020000022802-04.JPG,3020000001139-03,img/3020000001139-09-01__3020000001139-03.JPG,0.7302063703536987,1,유사(침해위험 높음)
107,3020000006440-05,img/3020000006440-09-01__3020000006440-05.JPG,3020000017499-03,img/3020000017499-09-01__3020000017499-03.JPG,0.5327273607254028,0,비유사(침해위험 낮음)
108,3020000033581-02,img/3020000033581-09-01__3020000033581-02.JPG,3020000015457-01,img/3020000015457-09-01__3020000015457-01.JPG,0.7272436618804932,1,유사(침해위험 높음)
109,3020000013862-02,img/3020000013862-09-01__3020000013862-02.JPG,3020000003007-05,img/3020000003007-09-01__3020000003007-05.JPG,0.4145306646823883,0,비유사(침해위험 낮음)
110,3020000013863-01,img/3020000013863-09-01__3020000013863-01.JPG,3020000025082-03,img/3020000025082-09-01__3020000025082-03.JPG,0.5151273012161255,0,비유사(침해위험 낮음)
111,3020000004298-06,img/3020000004298-09-01__3020000004298-06.JPG,3020000005118-06,img/3020000005118-09-01__3020000005118-06.JPG,0.6970351338386536,0,비유사(침해위험 낮음)
112,3020000031165-02,img/3020000031165-09-01__3020000031165-02.JPG,3020000022439-07,img/3020000022439-09-01__3020000022439-07.JPG,0.5527666807174683,0,비유사(침해위험 낮음)
113,3020000004095-02,img/3020000004095-09-01__3020000004095-02.JPG,3020000031825-02,img/3020000031825-09-01__3020000031825-02.JPG,0.5211927890777588,0,비유사(침해위험 낮음)
114,3020000024361-04,img/3020000024361-09-01__3020000024361-04.JPG,3020000032162-02,img/3020000032162-09-01__3020000032162-02.JPG,0.5045791864395142,0,비유사(침해위험 낮음)
115,3020000006745-01,img/3020000006745-09-01__3020000006745-01.JPG,3020000007013-02,img/3020000007013-09-01__3020000007013-02.JPG,0.6853508353233337,0,비유사(침해위험 낮음)
116,3020000029518-01,img/3020000029518-09-01__3020000029518-01.JPG,3020000022160-07,img/3020000022160-09-01__3020000022160-07.JPG,0.4786726236343384,0,비유사(침해위험 낮음)
117,3020000024556-03,img/3020000024556-09-01__3020000024556-03.JPG,3020000009535-03,img/3020000009535-09-01__3020000009535-03.JPG,0.485180526971817,0,비유사(침해위험 낮음)
118,3020000014871-01,img/3020000014871-09-01__3020000014871-01.JPG,3020000024237-05,img/3020000024237-09-01__3020000024237-05.JPG,0.5073678493499756,0,비유사(침해위험 낮음)
119,3020000027388-07,img/3020000027388-09-01__3020000027388-07.JPG,3020000019758-01,img/3020000019758-09-01__3020000019758-01.JPG,0.523167610168457,0,비유사(침해위험 낮음)
120,3020000012111-04,img/3020000012111-09-01__3020000012111-04.JPG,3020000024465-02,img/3020000024465-09-01__3020000024465-02.JPG,0.6763429045677185,0,비유사(침해위험 낮음)
121,3020000031698-01,img/3020000031698-09-01__3020000031698-01.JPG,3020000031164-01,img/3020000031164-09-01__3020000031164-01.JPG,0.7948818206787109,1,유사(침해위험 높음)
122,3020000030132-05,img/3020000030132-09-01__3020000030132-05.JPG,3020000011702-02,img/3020000011702-09-01__3020000011702-02.JPG,0.633320152759552,0,비유사(침해위험 낮음)
123,3020000030842-07,img/3020000030842-09-01__3020000030842-07.JPG,3020000015504-04,img/3020000015504-09-01__3020000015504-04.JPG,0.5898779034614563,0,비유사(침해위험 낮음)
124,3020000018764-04,img/3020000018764-09-01__3020000018764-04.JPG,3020000029794-01,img/3020000029794-09-01__3020000029794-01.JPG,0.602482795715332,0,비유사(침해위험 낮음)
125,3020000029153-02,img/3020000029153-09-01__3020000029153-02.JPG,3020000017722-09,img/3020000017722-09-01__3020000017722-09.JPG,0.7402966618537903,1,유사(침해위험 높음)
126,3020000020788-05,img/3020000020788-09-01__3020000020788-05.JPG,3020000023861-05,img/3020000023861-09-01__3020000023861-05.JPG,0.6805047988891602,0,비유사(침해위험 낮음)
127,3020000021422-06,img/3020000021422-09-01__3020000021422-06.JPG,3020000006610-02,img/3020000006610-09-01__3020000006610-02.JPG,0.38683316111564636,0,비유사(침해위험 낮음)
128,3020000013911-02,img/3020000013911-09-01__3020000013911-02.JPG,3020000012835-05,img/3020000012835-09-01__3020000012835-05.JPG,0.5032814145088196,0,비유사(침해위험 낮음)
129,3020000003525-02,img/3020000003525-09-01__3020000003525-02.JPG,3020000016998-06,img/3020000016998-09-01__3020000016998-06.JPG,0.4543605446815491,0,비유사(침해위험 낮음)
130,3020000001189-01,img/3020000001189-09-01__3020000001189-01.JPG,3020000025817-03,img/3020000025817-09-01__3020000025817-03.JPG,0.41406214237213135,0,비유사(침해위험 낮음)
131,3020000024614-06,img/3020000024614-09-01__3020000024614-06.JPG,3020000013583-06,img/3020000013583-09-01__3020000013583-06.JPG,0.805511474609375,1,유사(침해위험 높음)
132,3020000025817-04,img/3020000025817-09-01__3020000025817-04.JPG,3020000012833-01,img/3020000012833-09-01__3020000012833-01.JPG,0.4676896929740906,0,비유사(침해위험 낮음)
133,3020000000726-02,img/3020000000726-09-01__3020000000726-02.JPG,3020000004208-02,img/3020000004208-09-01__3020000004208-02.JPG,0.75267493724823,1,유사(침해위험 높음)
134,3020000030710-01,img/3020000030710-09-01__3020000030710-01.JPG,3020000028348-02,img/3020000028348-09-01__3020000028348-02.JPG,0.34582120180130005,0,비유사(침해위험 낮음)
135,3020000003008-02,img/3020000003008-09-01__3020000003008-02.JPG,3020000013583-01,img/3020000013583-09-01__3020000013583-01.JPG,0.7194315195083618,1,유사(침해위험 높음)
136,3020000003961-02,img/3020000003961-09-01__3020000003961-02.JPG,3020000002022-01,img/3020000002022-09-01__3020000002022-01.JPG,0.5281692147254944,0,비유사(침해위험 낮음)
137,3020000016422-03,img/3020000016422-09-01__3020000016422-03.JPG,3020000004208-02,img/3020000004208-09-01__3020000004208-02.JPG,0.41128769516944885,0,비유사(침해위험 낮음)
138,3020000023571-03,img/3020000023571-09-01__3020000023571-03.JPG,3020000013861-03,img/3020000013861-09-01__3020000013861-03.JPG,0.5646489262580872,0,비유사(침해위험 낮음)
139,3020000015229-06,img/3020000015229-09-01__3020000015229-06.JPG,3020000029616-04,img/3020000029616-09-01__3020000029616-04.JPG,0.6303759813308716,0,비유사(침해위험 낮음)
140,3020000022439-05,img/3020000022439-09-01__3020000022439-05.JPG,3020000012594-07,img/3020000012594-09-01__3020000012594-07.JPG,0.4143441617488861,0,비유사(침해위험 낮음)
141,3020000024465-02,img/3020000024465-09-01__3020000024465-02.JPG,3020000007016-05,img/3020000007016-09-01__3020000007016-05.JPG,0.590242862701416,0,비유사(침해위험 낮음)
142,3020000031088-02,img/3020000031088-09-01__3020000031088-02.JPG,3020000025158-02,img/3020000025158-09-01__3020000025158-02.JPG,0.45316803455352783,0,비유사(침해위험 낮음)
143,3020000025393-03,img/3020000025393-09-01__3020000025393-03.JPG,3020000022105-05,img/3020000022105-09-01__3020000022105-05.JPG,0.6281042098999023,0,비유사(침해위험 낮음)
144,3020000013864-03,img/3020000013864-09-01__3020000013864-03.JPG,3020000032940-02,img/3020000032940-09-01__3020000032940-02.JPG,0.480408638715744,0,비유사(침해위험 낮음)
145,3020000022105-06,img/3020000022105-09-01__3020000022105-06.JPG,3020000033581-05,img/3020000033581-09-01__3020000033581-05.JPG,0.5706077814102173,0,비유사(침해위험 낮음)
146,3020000018871-02,img/3020000018871-09-01__3020000018871-02.JPG,3020000011001-01,img/3020000011001-09-01__3020000011001-01.JPG,0.43726712465286255,0,비유사(침해위험 낮음)
147,3020000005653-07,img/3020000005653-09-01__3020000005653-07.JPG,3020000005939-03,img/3020000005939-09-01__3020000005939-03.JPG,0.33013156056404114,0,비유사(침해위험 낮음)
148,3020000029327-05,img/3020000029327-09-01__3020000029327-05.JPG,3020000020333-41,img/3020000020333-09-01__3020000020333-41.JPG,0.7605283260345459,1,유사(침해위험 높음)
149,3020000017424-03,img/3020000017424-09-01__3020000017424-03.JPG,3020000019758-02,img/3020000019758-09-01__3020000019758-02.JPG,0.7362099885940552,1,유사(침해위험 높음)
150,3020000018873-04,img/3020000018873-09-01__3020000018873-04.JPG,3020000021953-07,img/3020000021953-09-01__3020000021953-07.JPG,0.5896254777908325,0,비유사(침해위험 낮음)
151,3020000031163-05,img/3020000031163-09-01__3020000031163-05.JPG,3020000002771-03,img/3020000002771-09-01__3020000002771-03.JPG,0.6818469166755676,0,비유사(침해위험 낮음)
152,3020000029850-01,img/3020000029850-09-01__3020000029850-01.JPG,3020000029211-03,img/3020000029211-09-01__3020000029211-03.JPG,0.7011665105819702,1,유사(침해위험 높음)
153,3020000029032-01,img/3020000029032-09-01__3020000029032-01.JPG,3020000005940-02,img/3020000005940-09-01__3020000005940-02.JPG,0.5811856985092163,0,비유사(침해위험 낮음)
154,3020000003036-02,img/3020000003036-09-01__3020000003036-02.JPG,3020000018766-05,img/3020000018766-09-01__3020000018766-05.JPG,0.635963499546051,0,비유사(침해위험 낮음)
155,3020000031163-01,img/3020000031163-09-01__3020000031163-01.JPG,3020000016999-04,img/3020000016999-09-01__3020000016999-04.JPG,0.7230468392372131,1,유사(침해위험 높음)
156,3020000033368-05,img/3020000033368-09-01__3020000033368-05.JPG,3020000006438-02,img/3020000006438-09-01__3020000006438-02.JPG,0.6781426668167114,0,비유사(침해위험 낮음)
157,3020000013911-05,img/3020000013911-09-01__3020000013911-05.JPG,3020000011001-06,img/3020000011001-09-01__3020000011001-06.JPG,0.5430368781089783,0,비유사(침해위험 낮음)
158,3020000011001-01,img/3020000011001-09-01__3020000011001-01.JPG,3020000024463-04,img/3020000024463-09-01__3020000024463-04.JPG,0.5754678249359131,0,비유사(침해위험 낮음)
159,3020000021275-01,img/3020000021275-09-01__3020000021275-01.JPG,3020000007445-03,img/3020000007445-09-01__3020000007445-03.JPG,0.7570623159408569,1,유사(침해위험 높음)
160,3020000019482-03,img/3020000019482-09-01__3020000019482-03.JPG,3020000010994-01,img/3020000010994-09-01__3020000010994-01.JPG,0.605029821395874,0,비유사(침해위험 낮음)
161,3020000015229-06,img/3020000015229-09-01__3020000015229-06.JPG,3020000021877-03,img/3020000021877-09-01__3020000021877-03.JPG,0.5197667479515076,0,비유사(침해위험 낮음)
162,3020000014023-03,img/3020000014023-09-01__3020000014023-03.JPG,3020000004296-06,img/3020000004296-09-01__3020000004296-06.JPG,0.5990444421768188,0,비유사(침해위험 낮음)
163,3020000021061-05,img/3020000021061-09-01__3020000021061-05.JPG,3020000033581-07,img/3020000033581-09-01__3020000033581-07.JPG,0.62912917137146,0,비유사(침해위험 낮음)
164,3020000024556-06,img/3020000024556-09-01__3020000024556-06.JPG,3020000005939-07,img/3020000005939-09-01__3020000005939-07.JPG,0.7470723390579224,1,유사(침해위험 높음)
165,3020000002476-03,img/3020000002476-09-01__3020000002476-03.JPG,3020000029206-05,img/3020000029206-09-01__3020000029206-05.JPG,0.6260780692100525,0,비유사(침해위험 낮음)
166,3020000024484-01,img/3020000024484-09-01__3020000024484-01.JPG,3020000000847-05,img/3020000000847-09-01__3020000000847-05.JPG,0.6502930521965027,0,비유사(침해위험 낮음)
167,3020000005653-03,img/3020000005653-09-01__3020000005653-03.JPG,3020000031696-01,img/3020000031696-09-01__3020000031696-01.JPG,0.7697638273239136,1,유사(침해위험 높음)
168,3020000013860-04,img/3020000013860-09-01__3020000013860-04.JPG,3020000009575-01,img/3020000009575-09-01__3020000009575-01.JPG,0.6902934908866882,0,비유사(침해위험 낮음)
169,3020000018786-06,img/3020000018786-09-01__3020000018786-06.JPG,3020000022439-06,img/3020000022439-09-01__3020000022439-06.JPG,0.6886875033378601,0,비유사(침해위험 낮음)
170,3020000022365-02,img/3020000022365-09-01__3020000022365-02.JPG,3020000012594-05,img/3020000012594-09-01__3020000012594-05.JPG,0.5484615564346313,0,비유사(침해위험 낮음)
171,3020000018765-05,img/3020000018765-09-01__3020000018765-05.JPG,3020000003008-01,img/3020000003008-09-01__3020000003008-01.JPG,0.39749675989151,0,비유사(침해위험 낮음)
172,3020000009535-01,img/3020000009535-09-01__3020000009535-01.JPG,3020000017908-06,img/3020000017908-09-01__3020000017908-06.JPG,0.3861471116542816,0,비유사(침해위험 낮음)
173,3020000000414-02,img/3020000000414-09-01__3020000000414-02.JPG,3020000018268-04,img/3020000018268-09-01__3020000018268-04.JPG,0.6339139938354492,0,비유사(침해위험 낮음)
174,3020000014871-02,img/3020000014871-09-01__3020000014871-02.JPG,3020000032584-07,img/3020000032584-09-01__3020000032584-07.JPG,0.5995680689811707,0,비유사(침해위험 낮음)
175,3020000032940-04,img/3020000032940-09-01__3020000032940-04.JPG,3020000021602-05,img/3020000021602-09-01__3020000021602-05.JPG,0.6956931948661804,0,비유사(침해위험 낮음)
176,3020000015284-05,img/3020000015284-09-01__3020000015284-05.JPG,3020000019482-07,img/3020000019482-09-01__3020000019482-07.JPG,0.8225535154342651,1,유사(침해위험 높음)
177,3020000030582-05,img/3020000030582-09-01__3020000030582-05.JPG,3020000031164-04,img/3020000031164-09-01__3020000031164-04.JPG,0.597787618637085,0,비유사(침해위험 낮음)
178,3020000032584-04,img/3020000032584-09-01__3020000032584-04.JPG,3020000024700-07,img/3020000024700-09-01__3020000024700-07.JPG,0.651887834072113,0,비유사(침해위험 낮음)
179,3020000029519-03,img/3020000029519-09-01__3020000029519-03.JPG,3020000031065-03,img/3020000031065-09-01__3020000031065-03.JPG,0.5308529734611511,0,비유사(침해위험 낮음)
180,3020000022730-03,img/3020000022730-09-01__3020000022730-03.JPG,3020000008855-04,img/3020000008855-09-01__3020000008855-04.JPG,0.5912885665893555,0,비유사(침해위험 낮음)
181,3020000011000-06,img/3020000011000-09-01__3020000011000-06.JPG,3020000015341-07,img/3020000015341-09-01__3020000015341-07.JPG,0.7421495914459229,1,유사(침해위험 높음)
182,3020000012830-07,img/3020000012830-09-01__3020000012830-07.JPG,3020000003007-07,img/3020000003007-09-01__3020000003007-07.JPG,0.6197935342788696,0,비유사(침해위험 낮음)
183,3020000025496-01,img/3020000025496-09-01__3020000025496-01.JPG,3020000031167-04,img/3020000031167-09-01__3020000031167-04.JPG,0.7101030945777893,1,유사(침해위험 높음)
184,3020000024484-07,img/3020000024484-09-01__3020000024484-07.JPG,3020000003036-03,img/3020000003036-09-01__3020000003036-03.JPG,0.6640714406967163,0,비유사(침해위험 낮음)
185,3020000031527-05,img/3020000031527-09-01__3020000031527-05.JPG,3020000015506-05,img/3020000015506-09-01__3020000015506-05.JPG,0.7774746417999268,1,유사(침해위험 높음)
186,3020000003007-02,img/3020000003007-09-01__3020000003007-02.JPG,3020000002476-01,img/3020000002476-09-01__3020000002476-01.JPG,0.6916370391845703,0,비유사(침해위험 낮음)
187,3020000025561-07,img/3020000025561-09-01__3020000025561-07.JPG,3020000022161-05,img/3020000022161-09-01__3020000022161-05.JPG,0.3807757496833801,0,비유사(침해위험 낮음)
188,3020000023255-06,img/3020000023255-09-01__3020000023255-06.JPG,3020000024360-05,img/3020000024360-09-01__3020000024360-05.JPG,0.6192537546157837,0,비유사(침해위험 낮음)
189,3020000009318-07,img/3020000009318-09-01__3020000009318-07.JPG,3020000002988-07,img/3020000002988-09-01__3020000002988-07.JPG,0.594922661781311,0,비유사(침해위험 낮음)
190,3020000023372-06,img/3020000023372-09-01__3020000023372-06.JPG,3020000004361-05,img/3020000004361-09-01__3020000004361-05.JPG,0.3101743757724762,0,비유사(침해위험 낮음)
191,3020000010996-04,img/3020000010996-09-01__3020000010996-04.JPG,3020000003961-06,img/3020000003961-09-01__3020000003961-06.JPG,0.575732946395874,0,비유사(침해위험 낮음)
192,3020000026521-03,img/3020000026521-09-01__3020000026521-03.JPG,3020000003961-04,img/3020000003961-09-01__3020000003961-04.JPG,0.49869000911712646,0,비유사(침해위험 낮음)
193,3020000029872-01,img/3020000029872-09-01__3020000029872-01.JPG,3020000013720-06,img/3020000013720-09-01__3020000013720-06.JPG,0.6454614400863647,0,비유사(침해위험 낮음)
194,3020000018767-02,img/3020000018767-09-01__3020000018767-02.JPG,3020000006512-04,img/3020000006512-09-01__3020000006512-04.JPG,0.6609350442886353,0,비유사(침해위험 낮음)
195,3020000025138-06,img/3020000025138-09-01__3020000025138-06.JPG,3020000013900-02,img/3020000013900-09-01__3020000013900-02.JPG,0.5742179155349731,0,비유사(침해위험 낮음)
196,3020000025395-07,img/3020000025395-09-01__3020000025395-07.JPG,3020000026521-01,img/3020000026521-09-01__3020000026521-01.JPG,0.7158821225166321,1,유사(침해위험 높음)
197,3020000002081-07,img/3020000002081-09-01__3020000002081-07.JPG,3020000028257-03,img/3020000028257-09-01__3020000028257-03.JPG,0.6708405613899231,0,비유사(침해위험 낮음)
198,3020000004362-05,img/3020000004362-09-01__3020000004362-05.JPG,3020000019480-06,img/3020000019480-09-01__3020000019480-06.JPG,0.45154350996017456,0,비유사(침해위험 낮음)
199,3020000029312-05,img/3020000029312-09-01__3020000029312-05.JPG,3020000025561-05,img/3020000025561-09-01__3020000025561-05.JPG,0.6245785355567932,0,비유사(침해위험 낮음)
200,3020000025081-02,img/3020000025081-09-01__3020000025081-02.JPG,3020000023960-06,img/3020000023960-09-01__3020000023960-06.JPG,0.6475690603256226,0,비유사(침해위험 낮음)
201,3020000015613-02,img/3020000015613-09-01__3020000015613-02.JPG,3020000014636-05,img/3020000014636-09-01__3020000014636-05.JPG,0.7312310934066772,1,유사(침해위험 높음)
202,3020000011906-01,img/3020000011906-09-01__3020000011906-01.JPG,3020000029616-07,img/3020000029616-09-01__3020000029616-07.JPG,0.630102813243866,0,비유사(침해위험 낮음)
203,3020000030881-06,img/3020000030881-09-01__3020000030881-06.JPG,3020000015506-07,img/3020000015506-09-01__3020000015506-07.JPG,0.6542941331863403,0,비유사(침해위험 낮음)
204,3020000013861-06,img/3020000013861-09-01__3020000013861-06.JPG,3020000014871-03,img/3020000014871-09-01__3020000014871-03.JPG,0.48107022047042847,0,비유사(침해위험 낮음)
205,3020000018498-05,img/3020000018498-09-01__3020000018498-05.JPG,3020000007014-07,img/3020000007014-09-01__3020000007014-07.JPG,0.5511096119880676,0,비유사(침해위험 낮음)
206,3020000029794-01,img/3020000029794-09-01__3020000029794-01.JPG,3020000029020-05,img/3020000029020-09-01__3020000029020-05.JPG,0.5389271974563599,0,비유사(침해위험 낮음)
207,3020000015388-06,img/3020000015388-09-01__3020000015388-06.JPG,3020000021678-07,img/3020000021678-09-01__3020000021678-07.JPG,0.5090728402137756,0,비유사(침해위험 낮음)
208,3020000015613-02,img/3020000015613-09-01__3020000015613-02.JPG,3020000031695-01,img/3020000031695-09-01__3020000031695-01.JPG,0.6605218052864075,0,비유사(침해위험 낮음)
209,3020000004249-02,img/3020000004249-09-01__3020000004249-02.JPG,3020000000778-04,img/3020000000778-09-01__3020000000778-04.JPG,0.4897530674934387,0,비유사(침해위험 낮음)
210,3020000021814-05,img/3020000021814-09-01__3020000021814-05.JPG,3020000028258-04,img/3020000028258-09-01__3020000028258-04.JPG,0.6168011426925659,0,비유사(침해위험 낮음)
211,3020000024956-07,img/3020000024956-09-01__3020000024956-07.JPG,3020000006090-01,img/3020000006090-09-01__3020000006090-01.JPG,0.656622052192688,0,비유사(침해위험 낮음)
212,3020000004249-05,img/3020000004249-09-01__3020000004249-05.JPG,3020000024464-03,img/3020000024464-09-01__3020000024464-03.JPG,0.4809306561946869,0,비유사(침해위험 낮음)
213,3020000012594-03,img/3020000012594-09-01__3020000012594-03.JPG,3020000023317-05,img/3020000023317-09-01__3020000023317-05.JPG,0.4323081076145172,0,비유사(침해위험 낮음)
214,3020000014871-02,img/3020000014871-09-01__3020000014871-02.JPG,3020000007016-06,img/3020000007016-09-01__3020000007016-06.JPG,0.6750479340553284,0,비유사(침해위험 낮음)
215,3020000017302-02,img/3020000017302-09-01__3020000017302-02.JPG,3020000003961-07,img/3020000003961-09-01__3020000003961-07.JPG,0.735843300819397,1,유사(침해위험 높음)
216,3020000013865-01,img/3020000013865-09-01__3020000013865-01.JPG,3020000017678-17,img/3020000017678-09-01__3020000017678-17.JPG,0.5615993738174438,0,비유사(침해위험 낮음)
217,3020000015284-04,img/3020000015284-09-01__3020000015284-04.JPG,3020000009396-02,img/3020000009396-09-01__3020000009396-02.JPG,0.7011711597442627,1,유사(침해위험 높음)
218,3020000020788-05,img/3020000020788-09-01__3020000020788-05.JPG,3020000024534-05,img/3020000024534-09-01__3020000024534-05.JPG,0.5093350410461426,0,비유사(침해위험 낮음)
219,3020000030698-04,img/3020000030698-09-01__3020000030698-04.JPG,3020000015434-02,img/3020000015434-09-01__3020000015434-02.JPG,0.6415390968322754,0,비유사(침해위험 낮음)
220,3020000027874-07,img/3020000027874-09-01__3020000027874-07.JPG,3020000033581-03,img/3020000033581-09-01__3020000033581-03.JPG,0.6449258923530579,0,비유사(침해위험 낮음)
221,3020000029211-05,img/3020000029211-09-01__3020000029211-05.JPG,3020000024348-03,img/3020000024348-09-01__3020000024348-03.JPG,0.6716827154159546,0,비유사(침해위험 낮음)
222,3020000000726-05,img/3020000000726-09-01__3020000000726-05.JPG,3020000029615-06,img/3020000029615-09-01__3020000029615-06.JPG,0.7379920482635498,1,유사(침해위험 높음)
223,3020000024700-02,img/3020000024700-09-01__3020000024700-02.JPG,3020000015388-04,img/3020000015388-09-01__3020000015388-04.JPG,0.41092702746391296,0,비유사(침해위험 낮음)
224,3020000029520-02,img/3020000029520-09-01__3020000029520-02.JPG,3020000006173-02,img/3020000006173-09-01__3020000006173-02.JPG,0.3671339452266693,0,비유사(침해위험 낮음)
225,3020000007018-07,img/3020000007018-09-01__3020000007018-07.JPG,3020000014721-06,img/3020000014721-09-01__3020000014721-06.JPG,0.5424020886421204,0,비유사(침해위험 낮음)
226,3020000006446-02,img/3020000006446-09-01__3020000006446-02.JPG,3020000006435-07,img/3020000006435-09-01__3020000006435-07.JPG,0.6744484901428223,0,비유사(침해위험 낮음)
227,3020000031443-03,img/3020000031443-09-01__3020000031443-03.JPG,3020000024614-04,img/3020000024614-09-01__3020000024614-04.JPG,0.5545480251312256,0,비유사(침해위험 낮음)
228,3020000008855-06,img/3020000008855-09-01__3020000008855-06.JPG,3020000015226-02,img/3020000015226-09-01__3020000015226-02.JPG,0.42415615916252136,0,비유사(침해위험 낮음)
229,3020000015282-05,img/3020000015282-09-01__3020000015282-05.JPG,3020000027377-07,img/3020000027377-09-01__3020000027377-07.JPG,0.530213475227356,0,비유사(침해위험 낮음)
230,3020000012072-06,img/3020000012072-09-01__3020000012072-06.JPG,3020000030881-41,img/3020000030881-09-01__3020000030881-41.JPG,0.743499219417572,1,유사(침해위험 높음)
231,3020000017001-05,img/3020000017001-09-01__3020000017001-05.JPG,3020000011905-05,img/3020000011905-09-01__3020000011905-05.JPG,0.4898064434528351,0,비유사(침해위험 낮음)
232,3020000030008-02,img/3020000030008-09-01__3020000030008-02.JPG,3020000028626-01,img/3020000028626-09-01__3020000028626-01.JPG,0.6489012241363525,0,비유사(침해위험 낮음)
233,3020000014721-04,img/3020000014721-09-01__3020000014721-04.JPG,3020000023317-03,img/3020000023317-09-01__3020000023317-03.JPG,0.4729011654853821,0,비유사(침해위험 낮음)
234,3020000022802-04,img/3020000022802-09-01__3020000022802-04.JPG,3020000014030-01,img/3020000014030-09-01__3020000014030-01.JPG,0.5398771166801453,0,비유사(침해위험 낮음)
235,3020000002476-04,img/3020000002476-09-01__3020000002476-04.JPG,3020000005652-06,img/3020000005652-09-01__3020000005652-06.JPG,0.5841898322105408,0,비유사(침해위험 낮음)
236,3020000028626-02,img/3020000028626-09-01__3020000028626-02.JPG,3020000019758-02,img/3020000019758-09-01__3020000019758-02.JPG,0.6671912670135498,0,비유사(침해위험 낮음)
237,3020000015228-06,img/3020000015228-09-01__3020000015228-06.JPG,3020000002231-04,img/3020000002231-09-01__3020000002231-04.JPG,0.5962107181549072,0,비유사(침해위험 낮음)
238,3020000000638-01,img/3020000000638-09-01__3020000000638-01.JPG,3020000016430-02,img/3020000016430-09-01__3020000016430-02.JPG,0.45925790071487427,0,비유사(침해위험 낮음)
239,3020000032447-03,img/3020000032447-09-01__3020000032447-03.JPG,3020000007014-06,img/3020000007014-09-01__3020000007014-06.JPG,0.6455230712890625,0,비유사(침해위험 낮음)
240,3020000028631-06,img/3020000028631-09-01__3020000028631-06.JPG,3020000014720-02,img/3020000014720-09-01__3020000014720-02.JPG,0.5776635408401489,0,비유사(침해위험 낮음)
241,3020000009398-03,img/3020000009398-09-01__3020000009398-03.JPG,3020000031247-06,img/3020000031247-09-01__3020000031247-06.JPG,0.48620715737342834,0,비유사(침해위험 낮음)
242,3020000020844-06,img/3020000020844-09-01__3020000020844-06.JPG,3020000024557-04,img/3020000024557-09-01__3020000024557-04.JPG,0.44382980465888977,0,비유사(침해위험 낮음)
243,3020000030701-06,img/3020000030701-09-01__3020000030701-06.JPG,3020000019784-05,img/3020000019784-09-01__3020000019784-05.JPG,0.8745535612106323,1,유사(침해위험 높음)
244,3020000024951-05,img/3020000024951-09-01__3020000024951-05.JPG,3020000000778-05,img/3020000000778-09-01__3020000000778-05.JPG,0.7607519030570984,1,유사(침해위험 높음)
245,3020000006440-05,img/3020000006440-09-01__3020000006440-05.JPG,3020000004296-06,img/3020000004296-09-01__3020000004296-06.JPG,0.7199451923370361,1,유사(침해위험 높음)
246,3020000030342-03,img/3020000030342-09-01__3020000030342-03.JPG,3020000007891-04,img/3020000007891-09-01__3020000007891-04.JPG,0.4944812059402466,0,비유사(침해위험 낮음)
247,3020000024535-07,img/3020000024535-09-01__3020000024535-07.JPG,3020000002024-06,img/3020000002024-09-01__3020000002024-06.JPG,0.6322879791259766,0,비유사(침해위험 낮음)
248,3020000017678-09,img/3020000017678-09-01__3020000017678-09.JPG,3020000025530-07,img/3020000025530-09-01__3020000025530-07.JPG,0.6461046934127808,0,비유사(침해위험 낮음)
249,3020000024614-01,img/3020000024614-09-01__3020000024614-01.JPG,3020000007772-07,img/3020000007772-09-01__3020000007772-07.JPG,0.6437740325927734,0,비유사(침해위험 낮음)
250,3020000020333-07,img/3020000020333-09-01__3020000020333-07.JPG,3020000006745-09,img/3020000006745-09-01__3020000006745-09.JPG,0.44720399379730225,0,비유사(침해위험 낮음)
251,3020000002083-02,img/3020000002083-09-01__3020000002083-02.JPG,3020000015457-04,img/3020000015457-09-01__3020000015457-04.JPG,0.6264842748641968,0,비유사(침해위험 낮음)
252,3020000017500-03,img/3020000017500-09-01__3020000017500-03.JPG,3020000033314-07,img/3020000033314-09-01__3020000033314-07.JPG,0.6397368907928467,0,비유사(침해위험 낮음)
253,3020000002082-01,img/3020000002082-09-01__3020000002082-01.JPG,3020000017457-03,img/3020000017457-09-01__3020000017457-03.JPG,0.7973847985267639,1,유사(침해위험 높음)
254,3020000012072-04,img/3020000012072-09-01__3020000012072-04.JPG,3020000029918-01,img/3020000029918-09-01__3020000029918-01.JPG,0.6430184841156006,0,비유사(침해위험 낮음)
255,3020000014023-02,img/3020000014023-09-01__3020000014023-02.JPG,3020000029615-02,img/3020000029615-09-01__3020000029615-02.JPG,0.6225416660308838,0,비유사(침해위험 낮음)
256,3020000006096-06,img/3020000006096-09-01__3020000006096-06.JPG,3020000017373-07,img/3020000017373-09-01__3020000017373-07.JPG,0.6310212016105652,0,비유사(침해위험 낮음)
257,3020000032582-05,img/3020000032582-09-01__3020000032582-05.JPG,3020000024951-01,img/3020000024951-09-01__3020000024951-01.JPG,0.6269914507865906,0,비유사(침해위험 낮음)
258,3020000018786-06,img/3020000018786-09-01__3020000018786-06.JPG,3020000028258-02,img/3020000028258-09-01__3020000028258-02.JPG,0.5810524225234985,0,비유사(침해위험 낮음)
259,3020000031692-04,img/3020000031692-09-01__3020000031692-04.JPG,3020000008855-03,img/3020000008855-09-01__3020000008855-03.JPG,0.531801700592041,0,비유사(침해위험 낮음)
260,3020000013860-05,img/3020000013860-09-01__3020000013860-05.JPG,3020000009398-07,img/3020000009398-09-01__3020000009398-07.JPG,0.6006814241409302,0,비유사(침해위험 낮음)
261,3020000033368-02,img/3020000033368-09-01__3020000033368-02.JPG,3020000034017-04,img/3020000034017-09-01__3020000034017-04.JPG,0.5530999898910522,0,비유사(침해위험 낮음)
262,3020000010911-03,img/3020000010911-09-01__3020000010911-03.JPG,3020000019084-02,img/3020000019084-09-01__3020000019084-02.JPG,0.58125901222229,0,비유사(침해위험 낮음)
263,3020000001542-02,img/3020000001542-09-01__3020000001542-02.JPG,3020000010912-05,img/3020000010912-09-01__3020000010912-05.JPG,0.753916323184967,1,유사(침해위험 높음)
264,3020000031167-07,img/3020000031167-09-01__3020000031167-07.JPG,3020000016423-03,img/3020000016423-09-01__3020000016423-03.JPG,0.5745041966438293,0,비유사(침해위험 낮음)
265,3020000032583-07,img/3020000032583-09-01__3020000032583-07.JPG,3020000018873-07,img/3020000018873-09-01__3020000018873-07.JPG,0.5699518918991089,0,비유사(침해위험 낮음)
266,3020000033444-04,img/3020000033444-09-01__3020000033444-04.JPG,3020000029616-07,img/3020000029616-09-01__3020000029616-07.JPG,0.5210611820220947,0,비유사(침해위험 낮음)
267,3020000031167-01,img/3020000031167-09-01__3020000031167-01.JPG,3020000034017-04,img/3020000034017-09-01__3020000034017-04.JPG,0.5813807249069214,0,비유사(침해위험 낮음)
268,3020000013911-03,img/3020000013911-09-01__3020000013911-03.JPG,3020000014928-01,img/3020000014928-09-01__3020000014928-01.JPG,0.6659999489784241,0,비유사(침해위험 낮음)
269,3020000009397-01,img/3020000009397-09-01__3020000009397-01.JPG,3020000033000-07,img/3020000033000-09-01__3020000033000-07.JPG,0.601693332195282,0,비유사(침해위험 낮음)
270,3020000030604-03,img/3020000030604-09-01__3020000030604-03.JPG,3020000006436-04,img/3020000006436-09-01__3020000006436-04.JPG,0.6593495607376099,0,비유사(침해위험 낮음)
271,3020000018091-06,img/3020000018091-09-01__3020000018091-06.JPG,3020000002081-03,img/3020000002081-09-01__3020000002081-03.JPG,0.49808549880981445,0,비유사(침해위험 낮음)
272,3020000022036-03,img/3020000022036-09-01__3020000022036-03.JPG,3020000012834-03,img/3020000012834-09-01__3020000012834-03.JPG,0.6159108281135559,0,비유사(침해위험 낮음)
273,3020000011558-03,img/3020000011558-09-01__3020000011558-03.JPG,3020000021829-02,img/3020000021829-09-01__3020000021829-02.JPG,0.5265661478042603,0,비유사(침해위험 낮음)
274,3020000017302-05,img/3020000017302-09-01__3020000017302-05.JPG,3020000015436-06,img/3020000015436-09-01__3020000015436-06.JPG,0.6481584906578064,0,비유사(침해위험 낮음)
275,3020000033314-04,img/3020000033314-09-01__3020000033314-04.JPG,3020000012912-03,img/3020000012912-09-01__3020000012912-03.JPG,0.42825987935066223,0,비유사(침해위험 낮음)
276,3020000012834-05,img/3020000012834-09-01__3020000012834-05.JPG,3020000001359-04,img/3020000001359-09-01__3020000001359-04.JPG,0.6058517098426819,0,비유사(침해위험 낮음)
277,3020000029518-02,img/3020000029518-09-01__3020000029518-02.JPG,3020000011007-06,img/3020000011007-09-01__3020000011007-06.JPG,0.5274022221565247,0,비유사(침해위험 낮음)
278,3020000018764-02,img/3020000018764-09-01__3020000018764-02.JPG,3020000016129-02,img/3020000016129-09-01__3020000016129-02.JPG,0.6210206747055054,0,비유사(침해위험 낮음)
279,3020000015229-07,img/3020000015229-09-01__3020000015229-07.JPG,3020000004095-03,img/3020000004095-09-01__3020000004095-03.JPG,0.4959366023540497,0,비유사(침해위험 낮음)
280,3020000032577-05,img/3020000032577-09-01__3020000032577-05.JPG,3020000015281-02,img/3020000015281-09-01__3020000015281-02.JPG,0.6344439387321472,0,비유사(침해위험 낮음)
281,3020000017303-04,img/3020000017303-09-01__3020000017303-04.JPG,3020000028831-03,img/3020000028831-09-01__3020000028831-03.JPG,0.7597390413284302,1,유사(침해위험 높음)
282,3020000023373-05,img/3020000023373-09-01__3020000023373-05.JPG,3020000018764-07,img/3020000018764-09-01__3020000018764-07.JPG,0.388978511095047,0,비유사(침해위험 낮음)
283,3020000029878-05,img/3020000029878-09-01__3020000029878-05.JPG,3020000024463-04,img/3020000024463-09-01__3020000024463-04.JPG,0.5773674249649048,0,비유사(침해위험 낮음)
284,3020000016422-06,img/3020000016422-09-01__3020000016422-06.JPG,3020000001557-07,img/3020000001557-09-01__3020000001557-07.JPG,0.4991685748100281,0,비유사(침해위험 낮음)
285,3020000006446-02,img/3020000006446-09-01__3020000006446-02.JPG,3020000014636-06,img/3020000014636-09-01__3020000014636-06.JPG,0.6959424018859863,0,비유사(침해위험 낮음)
286,3020000010912-02,img/3020000010912-09-01__3020000010912-02.JPG,3020000025496-07,img/3020000025496-09-01__3020000025496-07.JPG,0.604579508304596,0,비유사(침해위험 낮음)
287,3020000014871-03,img/3020000014871-09-01__3020000014871-03.JPG,3020000002081-01,img/3020000002081-09-01__3020000002081-01.JPG,0.4470406174659729,0,비유사(침해위험 낮음)
288,3020000006436-06,img/3020000006436-09-01__3020000006436-06.JPG,3020000026567-01,img/3020000026567-09-01__3020000026567-01.JPG,0.6934678554534912,0,비유사(침해위험 낮음)
289,3020000020571-07,img/3020000020571-09-01__3020000020571-07.JPG,3020000017003-02,img/3020000017003-09-01__3020000017003-02.JPG,0.6240507364273071,0,비유사(침해위험 낮음)
290,3020000031163-03,img/3020000031163-09-01__3020000031163-03.JPG,3020000033000-03,img/3020000033000-09-01__3020000033000-03.JPG,0.5508155822753906,0,비유사(침해위험 낮음)
291,3020000015506-05,img/3020000015506-09-01__3020000015506-05.JPG,3020000020672-05,img/3020000020672-09-01__3020000020672-05.JPG,0.5994657278060913,0,비유사(침해위험 낮음)
292,3020000027388-06,img/3020000027388-09-01__3020000027388-06.JPG,3020000023374-06,img/3020000023374-09-01__3020000023374-06.JPG,0.7303515672683716,1,유사(침해위험 높음)
293,3020000006446-03,img/3020000006446-09-01__3020000006446-03.JPG,3020000018221-03,img/3020000018221-09-01__3020000018221-03.JPG,0.6633256077766418,0,비유사(침해위험 낮음)
294,3020000025393-04,img/3020000025393-09-01__3020000025393-04.JPG,3020000011000-07,img/3020000011000-09-01__3020000011000-07.JPG,0.4573313295841217,0,비유사(침해위험 낮음)
295,3020000014195-01,img/3020000014195-09-01__3020000014195-01.JPG,3020000002231-05,img/3020000002231-09-01__3020000002231-05.JPG,0.6311501860618591,0,비유사(침해위험 낮음)
296,3020000030710-05,img/3020000030710-09-01__3020000030710-05.JPG,3020000020672-04,img/3020000020672-09-01__3020000020672-04.JPG,0.745481014251709,1,유사(침해위험 높음)
297,3020000000039-07,img/3020000000039-09-01__3020000000039-07.JPG,3020000023871-01,img/3020000023871-09-01__3020000023871-01.JPG,0.5312968492507935,0,비유사(침해위험 낮음)
298,3020000033581-01,img/3020000033581-09-01__3020000033581-01.JPG,3020000024464-06,img/3020000024464-09-01__3020000024464-06.JPG,0.6159005165100098,0,비유사(침해위험 낮음)
299,3020000029979-07,img/3020000029979-09-01__3020000029979-07.JPG,3020000031065-07,img/3020000031065-09-01__3020000031065-07.JPG,0.5724917650222778,0,비유사(침해위험 낮음)
300,3020000031443-02,img/3020000031443-09-01__3020000031443-02.JPG,3020000031168-02,img/3020000031168-09-01__3020000031168-02.JPG,0.5980014801025391,0,비유사(침해위험 낮음)
301,3020000029756-03,img/3020000029756-09-01__3020000029756-03.JPG,3020000011144-08,img/3020000011144-09-01__3020000011144-08.JPG,0.5077396035194397,0,비유사(침해위험 낮음)
302,3020000017500-01,img/3020000017500-09-01__3020000017500-01.JPG,3020000020569-01,img/3020000020569-09-01__3020000020569-01.JPG,0.6403022408485413,0,비유사(침해위험 낮음)
303,3020000004095-05,img/3020000004095-09-01__3020000004095-05.JPG,3020000029520-05,img/3020000029520-09-01__3020000029520-05.JPG,0.2548621892929077,0,비유사(침해위험 낮음)
304,3020000016422-02,img/3020000016422-09-01__3020000016422-02.JPG,3020000028259-05,img/3020000028259-09-01__3020000028259-05.JPG,0.4281647801399231,0,비유사(침해위험 낮음)
305,3020000015506-06,img/3020000015506-09-01__3020000015506-06.JPG,3020000029520-02,img/3020000029520-09-01__3020000029520-02.JPG,0.3503522574901581,0,비유사(침해위험 낮음)
306,3020000006727-03,img/3020000006727-09-01__3020000006727-03.JPG,3020000031066-02,img/3020000031066-09-01__3020000031066-02.JPG,0.7542605400085449,1,유사(침해위험 높음)
307,3020000015388-09,img/3020000015388-09-01__3020000015388-09.JPG,3020000023372-03,img/3020000023372-09-01__3020000023372-03.JPG,0.3554006814956665,0,비유사(침해위험 낮음)
308,3020000015501-01,img/3020000015501-09-01__3020000015501-01.JPG,3020000029615-02,img/3020000029615-09-01__3020000029615-02.JPG,0.7539307475090027,1,유사(침해위험 높음)
309,3020000018871-07,img/3020000018871-09-01__3020000018871-07.JPG,3020000016041-01,img/3020000016041-09-01__3020000016041-01.JPG,0.5057736039161682,0,비유사(침해위험 낮음)
310,3020000018766-04,img/3020000018766-09-01__3020000018766-04.JPG,3020000030582-07,img/3020000030582-09-01__3020000030582-07.JPG,0.6502023935317993,0,비유사(침해위험 낮음)
311,3020000015341-03,img/3020000015341-09-01__3020000015341-03.JPG,3020000024700-01,img/3020000024700-09-01__3020000024700-01.JPG,0.6262600421905518,0,비유사(침해위험 낮음)
312,3020000006745-07,img/3020000006745-09-01__3020000006745-07.JPG,3020000011001-07,img/3020000011001-09-01__3020000011001-07.JPG,0.6398545503616333,0,비유사(침해위험 낮음)
313,3020000019481-04,img/3020000019481-09-01__3020000019481-04.JPG,3020000029552-01,img/3020000029552-09-01__3020000029552-01.JPG,0.6790809631347656,0,비유사(침해위험 낮음)
314,3020000017908-06,img/3020000017908-09-01__3020000017908-06.JPG,3020000029877-03,img/3020000029877-09-01__3020000029877-03.JPG,0.3738272190093994,0,비유사(침해위험 낮음)
315,3020000031527-06,img/3020000031527-09-01__3020000031527-06.JPG,3020000010608-04,img/3020000010608-09-01__3020000010608-04.JPG,0.6793359518051147,0,비유사(침해위험 낮음)
316,3020000028255-02,img/3020000028255-09-01__3020000028255-02.JPG,3020000025138-04,img/3020000025138-09-01__3020000025138-04.JPG,0.729019284248352,1,유사(침해위험 높음)
317,3020000015433-02,img/3020000015433-09-01__3020000015433-02.JPG,3020000018786-05,img/3020000018786-09-01__3020000018786-05.JPG,0.5734511613845825,0,비유사(침해위험 낮음)
318,3020000024555-03,img/3020000024555-09-01__3020000024555-03.JPG,3020000000039-02,img/3020000000039-09-01__3020000000039-02.JPG,0.3582751750946045,0,비유사(침해위험 낮음)
319,3020000015434-07,img/3020000015434-09-01__3020000015434-07.JPG,3020000015285-05,img/3020000015285-09-01__3020000015285-05.JPG,0.8628659248352051,1,유사(침해위험 높음)
320,3020000012072-04,img/3020000012072-09-01__3020000012072-04.JPG,3020000020333-07,img/3020000020333-09-01__3020000020333-07.JPG,0.505820095539093,0,비유사(침해위험 낮음)
321,3020000032940-07,img/3020000032940-09-01__3020000032940-07.JPG,3020000025496-04,img/3020000025496-09-01__3020000025496-04.JPG,0.6724576950073242,0,비유사(침해위험 낮음)
322,3020000027388-07,img/3020000027388-09-01__3020000027388-07.JPG,3020000029220-01,img/3020000029220-09-01__3020000029220-01.JPG,0.38411039113998413,0,비유사(침해위험 낮음)
323,3020000015978-05,img/3020000015978-09-01__3020000015978-05.JPG,3020000021952-06,img/3020000021952-09-01__3020000021952-06.JPG,0.44606778025627136,0,비유사(침해위험 낮음)
324,3020000020844-06,img/3020000020844-09-01__3020000020844-06.JPG,3020000021061-01,img/3020000021061-09-01__3020000021061-01.JPG,0.4306921362876892,0,비유사(침해위험 낮음)
325,3020000029872-03,img/3020000029872-09-01__3020000029872-03.JPG,3020000012594-05,img/3020000012594-09-01__3020000012594-05.JPG,0.49339836835861206,0,비유사(침해위험 낮음)
326,3020000023374-05,img/3020000023374-09-01__3020000023374-05.JPG,3020000022105-07,img/3020000022105-09-01__3020000022105-07.JPG,0.5278002023696899,0,비유사(침해위험 낮음)
327,3020000033313-05,img/3020000033313-09-01__3020000033313-05.JPG,3020000033314-07,img/3020000033314-09-01__3020000033314-07.JPG,0.5718733072280884,0,비유사(침해위험 낮음)
328,3020000031167-05,img/3020000031167-09-01__3020000031167-05.JPG,3020000009605-01,img/3020000009605-09-01__3020000009605-01.JPG,0.6351261138916016,0,비유사(침해위험 낮음)
329,3020000029327-04,img/3020000029327-09-01__3020000029327-04.JPG,3020000005118-03,img/3020000005118-09-01__3020000005118-03.JPG,0.750461220741272,1,유사(침해위험 높음)
330,3020000015283-06,img/3020000015283-09-01__3020000015283-06.JPG,3020000023571-17,img/3020000023571-09-01__3020000023571-17.JPG,0.6386587619781494,0,비유사(침해위험 낮음)
331,3020000029520-04,img/3020000029520-09-01__3020000029520-04.JPG,3020000028555-03,img/3020000028555-09-01__3020000028555-03.JPG,0.40185800194740295,0,비유사(침해위험 낮음)
332,3020000028257-03,img/3020000028257-09-01__3020000028257-03.JPG,3020000016952-01,img/3020000016952-09-01__3020000016952-01.JPG,0.7625643610954285,1,유사(침해위험 높음)
333,3020000005653-03,img/3020000005653-09-01__3020000005653-03.JPG,3020000031694-04,img/3020000031694-09-01__3020000031694-04.JPG,0.7007924318313599,1,유사(침해위험 높음)
334,3020000013720-05,img/3020000013720-09-01__3020000013720-05.JPG,3020000029794-05,img/3020000029794-09-01__3020000029794-05.JPG,0.6363850235939026,0,비유사(침해위험 낮음)
335,3020000015501-06,img/3020000015501-09-01__3020000015501-06.JPG,3020000012835-05,img/3020000012835-09-01__3020000012835-05.JPG,0.5557701587677002,0,비유사(침해위험 낮음)
336,3020000033581-01,img/3020000033581-09-01__3020000033581-01.JPG,3020000011558-01,img/3020000011558-09-01__3020000011558-01.JPG,0.5869074463844299,0,비유사(침해위험 낮음)
337,3020000007772-04,img/3020000007772-09-01__3020000007772-04.JPG,3020000001542-01,img/3020000001542-09-01__3020000001542-01.JPG,0.6837921738624573,0,비유사(침해위험 낮음)
338,3020000002327-06,img/3020000002327-09-01__3020000002327-06.JPG,3020000013865-03,img/3020000013865-09-01__3020000013865-03.JPG,0.6501971483230591,0,비유사(침해위험 낮음)
339,3020000022160-07,img/3020000022160-09-01__3020000022160-07.JPG,3020000027874-05,img/3020000027874-09-01__3020000027874-05.JPG,0.4671552777290344,0,비유사(침해위험 낮음)
340,3020000032279-06,img/3020000032279-09-01__3020000032279-06.JPG,3020000004249-03,img/3020000004249-09-01__3020000004249-03.JPG,0.47197362780570984,0,비유사(침해위험 낮음)
341,3020000021602-07,img/3020000021602-09-01__3020000021602-07.JPG,3020000019084-33,img/3020000019084-09-01__3020000019084-33.JPG,0.6219548583030701,0,비유사(침해위험 낮음)
342,3020000028283-04,img/3020000028283-09-01__3020000028283-04.JPG,3020000025308-07,img/3020000025308-09-01__3020000025308-07.JPG,0.627317488193512,0,비유사(침해위험 낮음)
343,3020000011029-04,img/3020000011029-09-01__3020000011029-04.JPG,3020000031065-03,img/3020000031065-09-01__3020000031065-03.JPG,0.5579448342323303,0,비유사(침해위험 낮음)
344,3020000030582-04,img/3020000030582-09-01__3020000030582-04.JPG,3020000018092-05,img/3020000018092-09-01__3020000018092-05.JPG,0.60956209897995,0,비유사(침해위험 낮음)
345,3020000022833-06,img/3020000022833-09-01__3020000022833-06.JPG,3020000018764-06,img/3020000018764-09-01__3020000018764-06.JPG,0.8818434476852417,1,유사(침해위험 높음)
346,3020000013864-07,img/3020000013864-09-01__3020000013864-07.JPG,3020000007772-05,img/3020000007772-09-01__3020000007772-05.JPG,0.6706262826919556,0,비유사(침해위험 낮음)
347,3020000029220-07,img/3020000029220-09-01__3020000029220-07.JPG,3020000030008-03,img/3020000030008-09-01__3020000030008-03.JPG,0.5185032486915588,0,비유사(침해위험 낮음)
348,3020000000639-02,img/3020000000639-09-01__3020000000639-02.JPG,3020000031694-03,img/3020000031694-09-01__3020000031694-03.JPG,0.7066031694412231,1,유사(침해위험 높음)
349,3020000032390-06,img/3020000032390-09-01__3020000032390-06.JPG,3020000006435-05,img/3020000006435-09-01__3020000006435-05.JPG,0.6162898540496826,0,비유사(침해위험 낮음)
350,3020000032581-05,img/3020000032581-09-01__3020000032581-05.JPG,3020000019759-02,img/3020000019759-09-01__3020000019759-02.JPG,0.6660804748535156,0,비유사(침해위험 낮음)
351,3020000012831-05,img/3020000012831-09-01__3020000012831-05.JPG,3020000010705-05,img/3020000010705-09-01__3020000010705-05.JPG,0.4401003122329712,0,비유사(침해위험 낮음)
352,3020000033574-05,img/3020000033574-09-01__3020000033574-05.JPG,3020000030582-02,img/3020000030582-09-01__3020000030582-02.JPG,0.7354123592376709,1,유사(침해위험 높음)
353,3020000023861-07,img/3020000023861-09-01__3020000023861-07.JPG,3020000021952-04,img/3020000021952-09-01__3020000021952-04.JPG,0.6004270315170288,0,비유사(침해위험 낮음)
354,3020000002476-01,img/3020000002476-09-01__3020000002476-01.JPG,3020000024712-04,img/3020000024712-09-01__3020000024712-04.JPG,0.6844549179077148,0,비유사(침해위험 낮음)
355,3020000013911-07,img/3020000013911-09-01__3020000013911-07.JPG,3020000006610-04,img/3020000006610-09-01__3020000006610-04.JPG,0.5694955587387085,0,비유사(침해위험 낮음)
356,3020000021678-04,img/3020000021678-09-01__3020000021678-04.JPG,3020000007018-03,img/3020000007018-09-01__3020000007018-03.JPG,0.5173964500427246,0,비유사(침해위험 낮음)
357,3020000033444-01,img/3020000033444-09-01__3020000033444-01.JPG,3020000021952-05,img/3020000021952-09-01__3020000021952-05.JPG,0.450184166431427,0,비유사(침해위험 낮음)
358,3020000029615-05,img/3020000029615-09-01__3020000029615-05.JPG,3020000024360-05,img/3020000024360-09-01__3020000024360-05.JPG,0.6245991587638855,0,비유사(침해위험 낮음)
359,3020000024907-03,img/3020000024907-09-01__3020000024907-03.JPG,3020000026521-04,img/3020000026521-09-01__3020000026521-04.JPG,0.6746079921722412,0,비유사(침해위험 낮음)
360,3020000015613-06,img/3020000015613-09-01__3020000015613-06.JPG,3020000031698-01,img/3020000031698-09-01__3020000031698-01.JPG,0.6792304515838623,0,비유사(침해위험 낮음)
361,3020000021061-02,img/3020000021061-09-01__3020000021061-02.JPG,3020000027881-04,img/3020000027881-09-01__3020000027881-04.JPG,0.5190715193748474,0,비유사(침해위험 낮음)
362,3020000031065-07,img/3020000031065-09-01__3020000031065-07.JPG,3020000023257-07,img/3020000023257-09-01__3020000023257-07.JPG,0.7089107036590576,1,유사(침해위험 높음)
363,3020000019784-01,img/3020000019784-09-01__3020000019784-01.JPG,3020000024555-03,img/3020000024555-09-01__3020000024555-03.JPG,0.4351819157600403,0,비유사(침해위험 낮음)
364,3020000021180-02,img/3020000021180-09-01__3020000021180-02.JPG,3020000009396-07,img/3020000009396-09-01__3020000009396-07.JPG,0.6749441623687744,0,비유사(침해위험 낮음)
365,3020000031444-02,img/3020000031444-09-01__3020000031444-02.JPG,3020000022160-05,img/3020000022160-09-01__3020000022160-05.JPG,0.4822186529636383,0,비유사(침해위험 낮음)
366,3020000021275-07,img/3020000021275-09-01__3020000021275-07.JPG,3020000014580-05,img/3020000014580-09-01__3020000014580-05.JPG,0.6740525960922241,0,비유사(침해위험 낮음)
367,3020000031695-01,img/3020000031695-09-01__3020000031695-01.JPG,3020000013900-06,img/3020000013900-09-01__3020000013900-06.JPG,0.580209493637085,0,비유사(침해위험 낮음)
368,3020000028666-01,img/3020000028666-09-01__3020000028666-01.JPG,3020000015229-01,img/3020000015229-09-01__3020000015229-01.JPG,0.5839599967002869,0,비유사(침해위험 낮음)
369,3020000032162-02,img/3020000032162-09-01__3020000032162-02.JPG,3020000032581-02,img/3020000032581-09-01__3020000032581-02.JPG,0.533360481262207,0,비유사(침해위험 낮음)
370,3020000023871-07,img/3020000023871-09-01__3020000023871-07.JPG,3020000022439-01,img/3020000022439-09-01__3020000022439-01.JPG,0.48435884714126587,0,비유사(침해위험 낮음)
371,3020000028261-06,img/3020000028261-09-01__3020000028261-06.JPG,3020000013862-01,img/3020000013862-09-01__3020000013862-01.JPG,0.49115580320358276,0,비유사(침해위험 낮음)
372,3020000015227-04,img/3020000015227-09-01__3020000015227-04.JPG,3020000020789-05,img/3020000020789-09-01__3020000020789-05.JPG,0.4984932541847229,0,비유사(침해위험 낮음)
373,3020000004298-01,img/3020000004298-09-01__3020000004298-01.JPG,3020000030843-02,img/3020000030843-09-01__3020000030843-02.JPG,0.7499862909317017,1,유사(침해위험 높음)
374,3020000015284-07,img/3020000015284-09-01__3020000015284-07.JPG,3020000013720-03,img/3020000013720-09-01__3020000013720-03.JPG,0.6442610025405884,0,비유사(침해위험 낮음)
375,3020000015200-07,img/3020000015200-09-01__3020000015200-07.JPG,3020000016952-04,img/3020000016952-09-01__3020000016952-04.JPG,0.6241291165351868,0,비유사(침해위험 낮음)
376,3020000015830-02,img/3020000015830-09-01__3020000015830-02.JPG,3020000024465-06,img/3020000024465-09-01__3020000024465-06.JPG,0.6040773391723633,0,비유사(침해위험 낮음)
377,3020000004361-07,img/3020000004361-09-01__3020000004361-07.JPG,3020000007444-02,img/3020000007444-09-01__3020000007444-02.JPG,0.741093635559082,1,유사(침해위험 높음)
378,3020000008383-04,img/3020000008383-09-01__3020000008383-04.JPG,3020000013605-04,img/3020000013605-09-01__3020000013605-04.JPG,0.8848040699958801,1,유사(침해위험 높음)
379,3020000018092-01,img/3020000018092-09-01__3020000018092-01.JPG,3020000030347-01,img/3020000030347-09-01__3020000030347-01.JPG,0.600068211555481,0,비유사(침해위험 낮음)
380,3020000008854-03,img/3020000008854-09-01__3020000008854-03.JPG,3020000030702-02,img/3020000030702-09-01__3020000030702-02.JPG,0.6058691143989563,0,비유사(침해위험 낮음)
381,3020000012594-06,img/3020000012594-09-01__3020000012594-06.JPG,3020000003525-03,img/3020000003525-09-01__3020000003525-03.JPG,0.5151886940002441,0,비유사(침해위험 낮음)
382,3020000019098-02,img/3020000019098-09-01__3020000019098-02.JPG,3020000018871-04,img/3020000018871-09-01__3020000018871-04.JPG,0.5883045196533203,0,비유사(침해위험 낮음)
383,3020000016422-05,img/3020000016422-09-01__3020000016422-05.JPG,3020000024534-02,img/3020000024534-09-01__3020000024534-02.JPG,0.4616476595401764,0,비유사(침해위험 낮음)
384,3020000021953-03,img/3020000021953-09-01__3020000021953-03.JPG,3020000019098-06,img/3020000019098-09-01__3020000019098-06.JPG,0.41873663663864136,0,비유사(침해위험 낮음)
385,3020000003502-02,img/3020000003502-09-01__3020000003502-02.JPG,3020000011907-05,img/3020000011907-09-01__3020000011907-05.JPG,0.4602383077144623,0,비유사(침해위험 낮음)
386,3020000019481-02,img/3020000019481-09-01__3020000019481-02.JPG,3020000018258-07,img/3020000018258-09-01__3020000018258-07.JPG,0.45297926664352417,0,비유사(침해위험 낮음)
387,3020000032390-05,img/3020000032390-09-01__3020000032390-05.JPG,3020000025561-07,img/3020000025561-09-01__3020000025561-07.JPG,0.6671992540359497,0,비유사(침해위험 낮음)
388,3020000030347-07,img/3020000030347-09-01__3020000030347-07.JPG,3020000001139-04,img/3020000001139-09-01__3020000001139-04.JPG,0.6261934041976929,0,비유사(침해위험 낮음)
389,3020000032162-01,img/3020000032162-09-01__3020000032162-01.JPG,3020000025393-01,img/3020000025393-09-01__3020000025393-01.JPG,0.6403616070747375,0,비유사(침해위험 낮음)
390,3020000018090-05,img/3020000018090-09-01__3020000018090-05.JPG,3020000022161-06,img/3020000022161-09-01__3020000022161-06.JPG,0.44555285573005676,0,비유사(침해위험 낮음)
391,3020000000639-04,img/3020000000639-09-01__3020000000639-04.JPG,3020000017303-06,img/3020000017303-09-01__3020000017303-06.JPG,0.5903910398483276,0,비유사(침해위험 낮음)
392,3020000015388-01,img/3020000015388-09-01__3020000015388-01.JPG,3020000031696-01,img/3020000031696-09-01__3020000031696-01.JPG,0.37875837087631226,0,비유사(침해위험 낮음)
393,3020000018268-02,img/3020000018268-09-01__3020000018268-02.JPG,3020000019480-05,img/3020000019480-09-01__3020000019480-05.JPG,0.6363281011581421,0,비유사(침해위험 낮음)
394,3020000024464-05,img/3020000024464-09-01__3020000024464-05.JPG,3020000031527-03,img/3020000031527-09-01__3020000031527-03.JPG,0.5504822134971619,0,비유사(침해위험 낮음)
395,3020000031166-07,img/3020000031166-09-01__3020000031166-07.JPG,3020000024538-02,img/3020000024538-09-01__3020000024538-02.JPG,0.6024644374847412,0,비유사(침해위험 낮음)
396,3020000033368-02,img/3020000033368-09-01__3020000033368-02.JPG,3020000027112-07,img/3020000027112-09-01__3020000027112-07.JPG,0.49928897619247437,0,비유사(침해위험 낮음)
397,3020000012833-02,img/3020000012833-09-01__3020000012833-02.JPG,3020000022802-02,img/3020000022802-09-01__3020000022802-02.JPG,0.7315644025802612,1,유사(침해위험 높음)
398,3020000012831-07,img/3020000012831-09-01__3020000012831-07.JPG,3020000015226-04,img/3020000015226-09-01__3020000015226-04.JPG,0.5435965061187744,0,비유사(침해위험 낮음)
399,3020000020672-03,img/3020000020672-09-01__3020000020672-03.JPG,3020000022439-06,img/3020000022439-09-01__3020000022439-06.JPG,0.573051929473877,0,비유사(침해위험 낮음)
400,3020000001717-05,img/3020000001717-09-01__3020000001717-05.JPG,3020000018258-04,img/3020000018258-09-01__3020000018258-04.JPG,0.6148949861526489,0,비유사(침해위험 낮음)
401,3020000016952-05,img/3020000016952-09-01__3020000016952-05.JPG,3020000029616-03,img/3020000029616-09-01__3020000029616-03.JPG,0.6218166947364807,0,비유사(침해위험 낮음)
402,3020000029878-03,img/3020000029878-09-01__3020000029878-03.JPG,3020000033317-02,img/3020000033317-09-01__3020000033317-02.JPG,0.47757387161254883,0,비유사(침해위험 낮음)
403,3020000018767-05,img/3020000018767-09-01__3020000018767-05.JPG,3020000031088-06,img/3020000031088-09-01__3020000031088-06.JPG,0.41481703519821167,0,비유사(침해위험 낮음)
404,3020000009535-03,img/3020000009535-09-01__3020000009535-03.JPG,3020000022024-02,img/3020000022024-09-01__3020000022024-02.JPG,0.513860821723938,0,비유사(침해위험 낮음)
405,3020000006745-09,img/3020000006745-09-01__3020000006745-09.JPG,3020000028259-01,img/3020000028259-09-01__3020000028259-01.JPG,0.8154929280281067,1,유사(침해위험 높음)
406,3020000024443-03,img/3020000024443-09-01__3020000024443-03.JPG,3020000001557-04,img/3020000001557-09-01__3020000001557-04.JPG,0.7223139405250549,1,유사(침해위험 높음)
407,3020000018351-04,img/3020000018351-09-01__3020000018351-04.JPG,3020000025996-04,img/3020000025996-09-01__3020000025996-04.JPG,0.6194419860839844,0,비유사(침해위험 낮음)
408,3020000024957-05,img/3020000024957-09-01__3020000024957-05.JPG,3020000029519-07,img/3020000029519-09-01__3020000029519-07.JPG,0.4997437596321106,0,비유사(침해위험 낮음)
409,3020000001557-05,img/3020000001557-09-01__3020000001557-05.JPG,3020000004487-06,img/3020000004487-09-01__3020000004487-06.JPG,0.662266731262207,0,비유사(침해위험 낮음)
410,3020000029019-01,img/3020000029019-09-01__3020000029019-01.JPG,3020000020333-02,img/3020000020333-09-01__3020000020333-02.JPG,0.24482467770576477,0,비유사(침해위험 낮음)
411,3020000007043-05,img/3020000007043-09-01__3020000007043-05.JPG,3020000021829-09,img/3020000021829-09-01__3020000021829-09.JPG,0.37434738874435425,0,비유사(침해위험 낮음)
412,3020000010927-01,img/3020000010927-09-01__3020000010927-01.JPG,3020000002476-01,img/3020000002476-09-01__3020000002476-01.JPG,0.7005762457847595,1,유사(침해위험 높음)
413,3020000014636-02,img/3020000014636-09-01__3020000014636-02.JPG,3020000017908-06,img/3020000017908-09-01__3020000017908-06.JPG,0.6165947914123535,0,비유사(침해위험 낮음)
414,3020000016041-05,img/3020000016041-09-01__3020000016041-05.JPG,3020000012111-03,img/3020000012111-09-01__3020000012111-03.JPG,0.647838830947876,0,비유사(침해위험 낮음)
415,3020000021602-04,img/3020000021602-09-01__3020000021602-04.JPG,3020000016041-03,img/3020000016041-09-01__3020000016041-03.JPG,0.7866426110267639,1,유사(침해위험 높음)
416,3020000016998-04,img/3020000016998-09-01__3020000016998-04.JPG,3020000031825-04,img/3020000031825-09-01__3020000031825-04.JPG,0.7597030401229858,1,유사(침해위험 높음)
417,3020000017908-06,img/3020000017908-09-01__3020000017908-06.JPG,3020000015229-05,img/3020000015229-09-01__3020000015229-05.JPG,0.6179720163345337,0,비유사(침해위험 낮음)
418,3020000031695-02,img/3020000031695-09-01__3020000031695-02.JPG,3020000019482-01,img/3020000019482-09-01__3020000019482-01.JPG,0.4780591130256653,0,비유사(침해위험 낮음)
419,3020000014030-06,img/3020000014030-09-01__3020000014030-06.JPG,3020000004362-05,img/3020000004362-09-01__3020000004362-05.JPG,0.3777811527252197,0,비유사(침해위험 낮음)
420,3020000022036-02,img/3020000022036-09-01__3020000022036-02.JPG,3020000001139-03,img/3020000001139-09-01__3020000001139-03.JPG,0.842200517654419,1,유사(침해위험 높음)
421,3020000031692-03,img/3020000031692-09-01__3020000031692-03.JPG,3020000024465-03,img/3020000024465-09-01__3020000024465-03.JPG,0.5507320761680603,0,비유사(침해위험 낮음)
422,3020000002742-02,img/3020000002742-09-01__3020000002742-02.JPG,3020000017302-06,img/3020000017302-09-01__3020000017302-06.JPG,0.412041038274765,0,비유사(침해위험 낮음)
423,3020000012835-03,img/3020000012835-09-01__3020000012835-03.JPG,3020000029153-03,img/3020000029153-09-01__3020000029153-03.JPG,0.686221718788147,0,비유사(침해위험 낮음)
424,3020000003961-07,img/3020000003961-09-01__3020000003961-07.JPG,3020000032583-02,img/3020000032583-09-01__3020000032583-02.JPG,0.7385811805725098,1,유사(침해위험 높음)
425,3020000029206-03,img/3020000029206-09-01__3020000029206-03.JPG,3020000002082-02,img/3020000002082-09-01__3020000002082-02.JPG,0.6632462739944458,0,비유사(침해위험 낮음)
426,3020000031696-04,img/3020000031696-09-01__3020000031696-04.JPG,3020000001944-07,img/3020000001944-09-01__3020000001944-07.JPG,0.5782202482223511,0,비유사(침해위험 낮음)
427,3020000013900-06,img/3020000013900-09-01__3020000013900-06.JPG,3020000011558-02,img/3020000011558-09-01__3020000011558-02.JPG,0.48646998405456543,0,비유사(침해위험 낮음)
428,3020000001139-07,img/3020000001139-09-01__3020000001139-07.JPG,3020000028258-04,img/3020000028258-09-01__3020000028258-04.JPG,0.6415401697158813,0,비유사(침해위험 낮음)
429,3020000008854-02,img/3020000008854-09-01__3020000008854-02.JPG,3020000013861-06,img/3020000013861-09-01__3020000013861-06.JPG,0.6942670345306396,0,비유사(침해위험 낮음)
430,3020000006745-03,img/3020000006745-09-01__3020000006745-03.JPG,3020000022105-09,img/3020000022105-09-01__3020000022105-09.JPG,0.6241202354431152,0,비유사(침해위험 낮음)
431,3020000029616-06,img/3020000029616-09-01__3020000029616-06.JPG,3020000006442-06,img/3020000006442-09-01__3020000006442-06.JPG,0.6498832702636719,0,비유사(침해위험 낮음)
432,3020000024957-04,img/3020000024957-09-01__3020000024957-04.JPG,3020000012831-01,img/3020000012831-09-01__3020000012831-01.JPG,0.7071181535720825,1,유사(침해위험 높음)
433,3020000021952-06,img/3020000021952-09-01__3020000021952-06.JPG,3020000030584-03,img/3020000030584-09-01__3020000030584-03.JPG,0.6111524701118469,0,비유사(침해위험 낮음)
434,3020000014195-07,img/3020000014195-09-01__3020000014195-07.JPG,3020000032162-07,img/3020000032162-09-01__3020000032162-07.JPG,0.9228424429893494,1,유사(침해위험 높음)
435,3020000017678-06,img/3020000017678-09-01__3020000017678-06.JPG,3020000009575-07,img/3020000009575-09-01__3020000009575-07.JPG,0.683678925037384,0,비유사(침해위험 낮음)
436,3020000027388-04,img/3020000027388-09-01__3020000027388-04.JPG,3020000027513-03,img/3020000027513-09-01__3020000027513-03.JPG,0.546148419380188,0,비유사(침해위험 낮음)
437,3020000031527-05,img/3020000031527-09-01__3020000031527-05.JPG,3020000031065-03,img/3020000031065-09-01__3020000031065-03.JPG,0.6471738219261169,0,비유사(침해위험 낮음)
438,3020000006442-07,img/3020000006442-09-01__3020000006442-07.JPG,3020000032581-02,img/3020000032581-09-01__3020000032581-02.JPG,0.7378127574920654,1,유사(침해위험 높음)
439,3020000009483-05,img/3020000009483-09-01__3020000009483-05.JPG,3020000015504-02,img/3020000015504-09-01__3020000015504-02.JPG,0.5998247861862183,0,비유사(침해위험 낮음)
440,3020000006436-04,img/3020000006436-09-01__3020000006436-04.JPG,3020000025395-06,img/3020000025395-09-01__3020000025395-06.JPG,0.6395929455757141,0,비유사(침해위험 낮음)
441,3020000001542-06,img/3020000001542-09-01__3020000001542-06.JPG,3020000015504-05,img/3020000015504-09-01__3020000015504-05.JPG,0.6441609263420105,0,비유사(침해위험 낮음)
442,3020000025393-01,img/3020000025393-09-01__3020000025393-01.JPG,3020000029877-03,img/3020000029877-09-01__3020000029877-03.JPG,0.3915099799633026,0,비유사(침해위험 낮음)
443,3020000017832-05,img/3020000017832-09-01__3020000017832-05.JPG,3020000018612-01,img/3020000018612-09-01__3020000018612-01.JPG,0.3701625466346741,0,비유사(침해위험 낮음)
444,3020000030881-01,img/3020000030881-09-01__3020000030881-01.JPG,3020000011312-05,img/3020000011312-09-01__3020000011312-05.JPG,0.5227078795433044,0,비유사(침해위험 낮음)
445,3020000004297-02,img/3020000004297-09-01__3020000004297-02.JPG,3020000025996-05,img/3020000025996-09-01__3020000025996-05.JPG,0.6904032826423645,0,비유사(침해위험 낮음)
446,3020000030342-01,img/3020000030342-09-01__3020000030342-01.JPG,3020000028282-01,img/3020000028282-09-01__3020000028282-01.JPG,0.39314550161361694,0,비유사(침해위험 낮음)
447,3020000013864-02,img/3020000013864-09-01__3020000013864-02.JPG,3020000006096-02,img/3020000006096-09-01__3020000006096-02.JPG,0.5120905637741089,0,비유사(침해위험 낮음)
448,3020000030582-07,img/3020000030582-09-01__3020000030582-07.JPG,3020000032577-02,img/3020000032577-09-01__3020000032577-02.JPG,0.4768269658088684,0,비유사(침해위험 낮음)
449,3020000015433-05,img/3020000015433-09-01__3020000015433-05.JPG,3020000029919-03,img/3020000029919-09-01__3020000029919-03.JPG,0.4916580319404602,0,비유사(침해위험 낮음)
450,3020000026844-03,img/3020000026844-09-01__3020000026844-03.JPG,3020000033580-04,img/3020000033580-09-01__3020000033580-04.JPG,0.6911499500274658,0,비유사(침해위험 낮음)
451,3020000006610-02,img/3020000006610-09-01__3020000006610-02.JPG,3020000033316-01,img/3020000033316-09-01__3020000033316-01.JPG,0.5517752766609192,0,비유사(침해위험 낮음)
452,3020000025081-05,img/3020000025081-09-01__3020000025081-05.JPG,3020000032584-01,img/3020000032584-09-01__3020000032584-01.JPG,0.596758246421814,0,비유사(침해위험 낮음)
453,3020000002082-06,img/3020000002082-09-01__3020000002082-06.JPG,3020000017301-02,img/3020000017301-09-01__3020000017301-02.JPG,0.7088262438774109,1,유사(침해위험 높음)
454,3020000024361-05,img/3020000024361-09-01__3020000024361-05.JPG,3020000020333-01,img/3020000020333-09-01__3020000020333-01.JPG,0.6996133923530579,0,비유사(침해위험 낮음)
455,3020000029519-01,img/3020000029519-09-01__3020000029519-01.JPG,3020000017679-04,img/3020000017679-09-01__3020000017679-04.JPG,0.5693529844284058,0,비유사(침해위험 낮음)
456,3020000004095-01,img/3020000004095-09-01__3020000004095-01.JPG,3020000023317-05,img/3020000023317-09-01__3020000023317-05.JPG,0.45761263370513916,0,비유사(침해위험 낮음)
457,3020000029032-07,img/3020000029032-09-01__3020000029032-07.JPG,3020000017000-05,img/3020000017000-09-01__3020000017000-05.JPG,0.6816484928131104,0,비유사(침해위험 낮음)
458,3020000000843-03,img/3020000000843-09-01__3020000000843-03.JPG,3020000019481-02,img/3020000019481-09-01__3020000019481-02.JPG,0.5564858317375183,0,비유사(침해위험 낮음)
459,3020000022803-03,img/3020000022803-09-01__3020000022803-03.JPG,3020000006435-01,img/3020000006435-09-01__3020000006435-01.JPG,0.7229121923446655,1,유사(침해위험 높음)
460,3020000020571-03,img/3020000020571-09-01__3020000020571-03.JPG,3020000017498-07,img/3020000017498-09-01__3020000017498-07.JPG,0.6247270107269287,0,비유사(침해위험 낮음)
461,3020000028626-07,img/3020000028626-09-01__3020000028626-07.JPG,3020000021814-33,img/3020000021814-09-01__3020000021814-33.JPG,0.45675429701805115,0,비유사(침해위험 낮음)
462,3020000030702-06,img/3020000030702-09-01__3020000030702-06.JPG,3020000008854-04,img/3020000008854-09-01__3020000008854-04.JPG,0.6493018865585327,0,비유사(침해위험 낮음)
463,3020000020672-01,img/3020000020672-09-01__3020000020672-01.JPG,3020000010705-06,img/3020000010705-09-01__3020000010705-06.JPG,0.4113672375679016,0,비유사(침해위험 낮음)
464,3020000031166-03,img/3020000031166-09-01__3020000031166-03.JPG,3020000023960-02,img/3020000023960-09-01__3020000023960-02.JPG,0.708116888999939,1,유사(침해위험 높음)
465,3020000029153-05,img/3020000029153-09-01__3020000029153-05.JPG,3020000015200-01,img/3020000015200-09-01__3020000015200-01.JPG,0.47758376598358154,0,비유사(침해위험 낮음)
466,3020000028255-03,img/3020000028255-09-01__3020000028255-03.JPG,3020000033636-01,img/3020000033636-09-01__3020000033636-01.JPG,0.5682156085968018,0,비유사(침해위험 낮음)
467,3020000024464-05,img/3020000024464-09-01__3020000024464-05.JPG,3020000032578-03,img/3020000032578-09-01__3020000032578-03.JPG,0.5387827157974243,0,비유사(침해위험 낮음)
468,3020000022438-04,img/3020000022438-09-01__3020000022438-04.JPG,3020000021952-06,img/3020000021952-09-01__3020000021952-06.JPG,0.64320969581604,0,비유사(침해위험 낮음)
469,3020000020672-02,img/3020000020672-09-01__3020000020672-02.JPG,3020000031164-06,img/3020000031164-09-01__3020000031164-06.JPG,0.6526147127151489,0,비유사(침해위험 낮음)
470,3020000025996-06,img/3020000025996-09-01__3020000025996-06.JPG,3020000015190-01,img/3020000015190-09-01__3020000015190-01.JPG,0.5911192893981934,0,비유사(침해위험 낮음)
471,3020000015978-06,img/3020000015978-09-01__3020000015978-06.JPG,3020000013865-06,img/3020000013865-09-01__3020000013865-06.JPG,0.6746203899383545,0,비유사(침해위험 낮음)
472,3020000005311-03,img/3020000005311-09-01__3020000005311-03.JPG,3020000015281-01,img/3020000015281-09-01__3020000015281-01.JPG,0.6700499057769775,0,비유사(침해위험 낮음)
473,3020000021422-03,img/3020000021422-09-01__3020000021422-03.JPG,3020000013864-06,img/3020000013864-09-01__3020000013864-06.JPG,0.268929123878479,0,비유사(침해위험 낮음)
474,3020000031694-01,img/3020000031694-09-01__3020000031694-01.JPG,3020000021952-05,img/3020000021952-09-01__3020000021952-05.JPG,0.6472792029380798,0,비유사(침해위험 낮음)
475,3020000025138-07,img/3020000025138-09-01__3020000025138-07.JPG,3020000027874-01,img/3020000027874-09-01__3020000027874-01.JPG,0.43068641424179077,0,비유사(침해위험 낮음)
476,3020000029615-07,img/3020000029615-09-01__3020000029615-07.JPG,3020000017908-06,img/3020000017908-09-01__3020000017908-06.JPG,0.7391806840896606,1,유사(침해위험 높음)
477,3020000016952-06,img/3020000016952-09-01__3020000016952-06.JPG,3020000001717-04,img/3020000001717-09-01__3020000001717-04.JPG,0.6248159408569336,0,비유사(침해위험 낮음)
478,3020000022833-06,img/3020000022833-09-01__3020000022833-06.JPG,3020000016040-03,img/3020000016040-09-01__3020000016040-03.JPG,0.6537894010543823,0,비유사(침해위험 낮음)
479,3020000010927-01,img/3020000010927-09-01__3020000010927-01.JPG,3020000022730-07,img/3020000022730-09-01__3020000022730-07.JPG,0.5815785527229309,0,비유사(침해위험 낮음)
480,3020000012111-05,img/3020000012111-09-01__3020000012111-05.JPG,3020000017424-05,img/3020000017424-09-01__3020000017424-05.JPG,0.7854792475700378,1,유사(침해위험 높음)
481,3020000033316-07,img/3020000033316-09-01__3020000033316-07.JPG,3020000014580-02,img/3020000014580-09-01__3020000014580-02.JPG,0.6229518055915833,0,비유사(침해위험 낮음)
482,3020000017000-02,img/3020000017000-09-01__3020000017000-02.JPG,3020000015281-04,img/3020000015281-09-01__3020000015281-04.JPG,0.6409364342689514,0,비유사(침해위험 낮음)
483,3020000026521-07,img/3020000026521-09-01__3020000026521-07.JPG,3020000030604-03,img/3020000030604-09-01__3020000030604-03.JPG,0.7227935194969177,1,유사(침해위험 높음)
484,3020000015228-04,img/3020000015228-09-01__3020000015228-04.JPG,3020000024700-07,img/3020000024700-09-01__3020000024700-07.JPG,0.6018131971359253,0,비유사(침해위험 낮음)
485,3020000000778-07,img/3020000000778-09-01__3020000000778-07.JPG,3020000023861-02,img/3020000023861-09-01__3020000023861-02.JPG,0.6515963673591614,0,비유사(침해위험 낮음)
486,3020000011001-04,img/3020000011001-09-01__3020000011001-04.JPG,3020000005118-06,img/3020000005118-09-01__3020000005118-06.JPG,0.5830577611923218,0,비유사(침해위험 낮음)
487,3020000013863-03,img/3020000013863-09-01__3020000013863-03.JPG,3020000031066-03,img/3020000031066-09-01__3020000031066-03.JPG,0.5939722061157227,0,비유사(침해위험 낮음)
488,3020000018786-06,img/3020000018786-09-01__3020000018786-06.JPG,3020000022802-04,img/3020000022802-09-01__3020000022802-04.JPG,0.5590529441833496,0,비유사(침해위험 낮음)
489,3020000024700-05,img/3020000024700-09-01__3020000024700-05.JPG,3020000031742-06,img/3020000031742-09-01__3020000031742-06.JPG,0.7527782917022705,1,유사(침해위험 높음)
490,3020000013862-06,img/3020000013862-09-01__3020000013862-06.JPG,3020000030342-01,img/3020000030342-09-01__3020000030342-01.JPG,0.4295200705528259,0,비유사(침해위험 낮음)
491,3020000022161-03,img/3020000022161-09-01__3020000022161-03.JPG,3020000029020-07,img/3020000029020-09-01__3020000029020-07.JPG,0.41135334968566895,0,비유사(침해위험 낮음)
492,3020000030842-02,img/3020000030842-09-01__3020000030842-02.JPG,3020000022803-06,img/3020000022803-09-01__3020000022803-06.JPG,0.5729318857192993,0,비유사(침해위험 낮음)
493,3020000021180-33,img/3020000021180-09-01__3020000021180-33.JPG,3020000033313-01,img/3020000033313-09-01__3020000033313-01.JPG,0.5524993538856506,0,비유사(침해위험 낮음)
494,3020000001115-01,img/3020000001115-09-01__3020000001115-01.JPG,3020000005653-02,img/3020000005653-09-01__3020000005653-02.JPG,0.7928973436355591,1,유사(침해위험 높음)
495,3020000015340-04,img/3020000015340-09-01__3020000015340-04.JPG,3020000012833-06,img/3020000012833-09-01__3020000012833-06.JPG,0.6588659882545471,0,비유사(침해위험 낮음)
496,3020000018767-05,img/3020000018767-09-01__3020000018767-05.JPG,3020000030342-06,img/3020000030342-09-01__3020000030342-06.JPG,0.5471909642219543,0,비유사(침해위험 낮음)
497,3020000013864-04,img/3020000013864-09-01__3020000013864-04.JPG,3020000015443-03,img/3020000015443-09-01__3020000015443-03.JPG,0.4596760869026184,0,비유사(침해위험 낮음)
498,3020000029520-04,img/3020000029520-09-01__3020000029520-04.JPG,3020000025530-04,img/3020000025530-09-01__3020000025530-04.JPG,0.41239461302757263,0,비유사(침해위험 낮음)
499,3020000017678-07,img/3020000017678-09-01__3020000017678-07.JPG,3020000022105-07,img/3020000022105-09-01__3020000022105-07.JPG,0.5888162851333618,0,비유사(침해위험 낮음)
500,3020000024614-05,img/3020000024614-09-01__3020000024614-05.JPG,3020000024360-04,img/3020000024360-09-01__3020000024360-04.JPG,0.8414264917373657,1,유사(침해위험 높음)
501,3020000017002-02,img/3020000017002-09-01__3020000017002-02.JPG,3020000019759-03,img/3020000019759-09-01__3020000019759-03.JPG,0.7626935839653015,1,유사(침해위험 높음)
502,3020000031468-04,img/3020000031468-09-01__3020000031468-04.JPG,3020000024556-06,img/3020000024556-09-01__3020000024556-06.JPG,0.6787354946136475,0,비유사(침해위험 낮음)
503,3020000016422-04,img/3020000016422-09-01__3020000016422-04.JPG,3020000017303-07,img/3020000017303-09-01__3020000017303-07.JPG,0.40560343861579895,0,비유사(침해위험 낮음)
504,3020000030698-01,img/3020000030698-09-01__3020000030698-01.JPG,3020000021438-07,img/3020000021438-09-01__3020000021438-07.JPG,0.6515018939971924,0,비유사(침해위험 낮음)
505,3020000015200-04,img/3020000015200-09-01__3020000015200-04.JPG,3020000015443-04,img/3020000015443-09-01__3020000015443-04.JPG,0.3598429262638092,0,비유사(침해위험 낮음)
506,3020000014030-02,img/3020000014030-09-01__3020000014030-02.JPG,3020000013605-01,img/3020000013605-09-01__3020000013605-01.JPG,0.6234179139137268,0,비유사(침해위험 낮음)
507,3020000006610-01,img/3020000006610-09-01__3020000006610-01.JPG,3020000031087-01,img/3020000031087-09-01__3020000031087-01.JPG,0.6226375102996826,0,비유사(침해위험 낮음)
508,3020000011007-03,img/3020000011007-09-01__3020000011007-03.JPG,3020000015612-06,img/3020000015612-09-01__3020000015612-06.JPG,0.6625843048095703,0,비유사(침해위험 낮음)
509,3020000006512-02,img/3020000006512-09-01__3020000006512-02.JPG,3020000031443-05,img/3020000031443-09-01__3020000031443-05.JPG,0.49047142267227173,0,비유사(침해위험 낮음)
510,3020000024463-02,img/3020000024463-09-01__3020000024463-02.JPG,3020000031842-01,img/3020000031842-09-01__3020000031842-01.JPG,0.6340510845184326,0,비유사(침해위험 낮음)
511,3020000030132-06,img/3020000030132-09-01__3020000030132-06.JPG,3020000010996-01,img/3020000010996-09-01__3020000010996-01.JPG,0.5498881936073303,0,비유사(침해위험 낮음)
512,3020000011001-06,img/3020000011001-09-01__3020000011001-06.JPG,3020000012830-02,img/3020000012830-09-01__3020000012830-02.JPG,0.573935866355896,0,비유사(침해위험 낮음)
513,3020000031169-02,img/3020000031169-09-01__3020000031169-02.JPG,3020000022438-07,img/3020000022438-09-01__3020000022438-07.JPG,0.6405808329582214,0,비유사(침해위험 낮음)
514,3020000015228-05,img/3020000015228-09-01__3020000015228-05.JPG,3020000031088-07,img/3020000031088-09-01__3020000031088-07.JPG,0.5672082304954529,0,비유사(침해위험 낮음)
515,3020000025935-01,img/3020000025935-09-01__3020000025935-01.JPG,3020000031824-07,img/3020000031824-09-01__3020000031824-07.JPG,0.4763581454753876,0,비유사(침해위험 낮음)
516,3020000024008-06,img/3020000024008-09-01__3020000024008-06.JPG,3020000026567-02,img/3020000026567-09-01__3020000026567-02.JPG,0.682300329208374,0,비유사(침해위험 낮음)
517,3020000015283-03,img/3020000015283-09-01__3020000015283-03.JPG,3020000006090-03,img/3020000006090-09-01__3020000006090-03.JPG,0.7578359842300415,1,유사(침해위험 높음)
518,3020000011029-03,img/3020000011029-09-01__3020000011029-03.JPG,3020000015341-05,img/3020000015341-09-01__3020000015341-05.JPG,0.6636903882026672,0,비유사(침해위험 낮음)
519,3020000012912-02,img/3020000012912-09-01__3020000012912-02.JPG,3020000017498-02,img/3020000017498-09-01__3020000017498-02.JPG,0.5736708641052246,0,비유사(침해위험 낮음)
520,3020000010912-05,img/3020000010912-09-01__3020000010912-05.JPG,3020000015434-01,img/3020000015434-09-01__3020000015434-01.JPG,0.7009575366973877,1,유사(침해위험 높음)
521,3020000000847-02,img/3020000000847-09-01__3020000000847-02.JPG,3020000030710-02,img/3020000030710-09-01__3020000030710-02.JPG,0.6789469122886658,0,비유사(침해위험 낮음)
522,3020000024443-03,img/3020000024443-09-01__3020000024443-03.JPG,3020000006745-04,img/3020000006745-09-01__3020000006745-04.JPG,0.6926881670951843,0,비유사(침해위험 낮음)
523,3020000015227-03,img/3020000015227-09-01__3020000015227-03.JPG,3020000002327-03,img/3020000002327-09-01__3020000002327-03.JPG,0.5847530364990234,0,비유사(침해위험 낮음)
524,3020000002771-05,img/3020000002771-09-01__3020000002771-05.JPG,3020000024614-04,img/3020000024614-09-01__3020000024614-04.JPG,0.7117394804954529,1,유사(침해위험 높음)
525,3020000015339-02,img/3020000015339-09-01__3020000015339-02.JPG,3020000030583-01,img/3020000030583-09-01__3020000030583-01.JPG,0.6090386509895325,0,비유사(침해위험 낮음)
526,3020000006745-03,img/3020000006745-09-01__3020000006745-03.JPG,3020000028666-02,img/3020000028666-09-01__3020000028666-02.JPG,0.7565387487411499,1,유사(침해위험 높음)
527,3020000031695-05,img/3020000031695-09-01__3020000031695-05.JPG,3020000022803-06,img/3020000022803-09-01__3020000022803-06.JPG,0.6151126623153687,0,비유사(침해위험 낮음)
528,3020000006096-05,img/3020000006096-09-01__3020000006096-05.JPG,3020000000843-02,img/3020000000843-09-01__3020000000843-02.JPG,0.6090915203094482,0,비유사(침해위험 낮음)
529,3020000025308-01,img/3020000025308-09-01__3020000025308-01.JPG,3020000015284-01,img/3020000015284-09-01__3020000015284-01.JPG,0.7785792946815491,1,유사(침해위험 높음)
530,3020000022024-31,img/3020000022024-09-01__3020000022024-31.JPG,3020000022200-05,img/3020000022200-09-01__3020000022200-05.JPG,0.4026804268360138,0,비유사(침해위험 낮음)
531,3020000020844-01,img/3020000020844-09-01__3020000020844-01.JPG,3020000017000-03,img/3020000017000-09-01__3020000017000-03.JPG,0.43661442399024963,0,비유사(침해위험 낮음)
532,3020000010994-05,img/3020000010994-09-01__3020000010994-05.JPG,3020000002476-06,img/3020000002476-09-01__3020000002476-06.JPG,0.5424265265464783,0,비유사(침해위험 낮음)
533,3020000014030-07,img/3020000014030-09-01__3020000014030-07.JPG,3020000022200-01,img/3020000022200-09-01__3020000022200-01.JPG,0.2921622097492218,0,비유사(침해위험 낮음)
534,3020000006442-05,img/3020000006442-09-01__3020000006442-05.JPG,3020000003525-07,img/3020000003525-09-01__3020000003525-07.JPG,0.6062227487564087,0,비유사(침해위험 낮음)
535,3020000018765-04,img/3020000018765-09-01__3020000018765-04.JPG,3020000022812-03,img/3020000022812-09-01__3020000022812-03.JPG,0.605172872543335,0,비유사(침해위험 낮음)
536,3020000004296-01,img/3020000004296-09-01__3020000004296-01.JPG,3020000025393-06,img/3020000025393-09-01__3020000025393-06.JPG,0.496777206659317,0,비유사(침해위험 낮음)
537,3020000028283-03,img/3020000028283-09-01__3020000028283-03.JPG,3020000029979-05,img/3020000029979-09-01__3020000029979-05.JPG,0.5827699303627014,0,비유사(침해위험 낮음)
538,3020000002771-01,img/3020000002771-09-01__3020000002771-01.JPG,3020000008383-09,img/3020000008383-09-01__3020000008383-09.JPG,0.7400956153869629,1,유사(침해위험 높음)
539,3020000007891-05,img/3020000007891-09-01__3020000007891-05.JPG,3020000034017-06,img/3020000034017-09-01__3020000034017-06.JPG,0.4022528827190399,0,비유사(침해위험 낮음)
540,3020000024956-06,img/3020000024956-09-01__3020000024956-06.JPG,3020000015434-07,img/3020000015434-09-01__3020000015434-07.JPG,0.8188543319702148,1,유사(침해위험 높음)
541,3020000005118-04,img/3020000005118-09-01__3020000005118-04.JPG,3020000013911-03,img/3020000013911-09-01__3020000013911-03.JPG,0.7907664179801941,1,유사(침해위험 높음)
542,3020000006510-07,img/3020000006510-09-01__3020000006510-07.JPG,3020000024712-06,img/3020000024712-09-01__3020000024712-06.JPG,0.7382439970970154,1,유사(침해위험 높음)
543,3020000032063-04,img/3020000032063-09-01__3020000032063-04.JPG,3020000019098-07,img/3020000019098-09-01__3020000019098-07.JPG,0.6136705279350281,0,비유사(침해위험 낮음)
544,3020000027388-06,img/3020000027388-09-01__3020000027388-06.JPG,3020000026521-07,img/3020000026521-09-01__3020000026521-07.JPG,0.6739950180053711,0,비유사(침해위험 낮음)
545,3020000033180-06,img/3020000033180-09-01__3020000033180-06.JPG,3020000028256-07,img/3020000028256-09-01__3020000028256-07.JPG,0.6813434958457947,0,비유사(침해위험 낮음)
546,3020000012836-02,img/3020000012836-09-01__3020000012836-02.JPG,3020000032580-01,img/3020000032580-09-01__3020000032580-01.JPG,0.6871636509895325,0,비유사(침해위험 낮음)
547,3020000023960-05,img/3020000023960-09-01__3020000023960-05.JPG,3020000018090-05,img/3020000018090-09-01__3020000018090-05.JPG,0.6234102249145508,0,비유사(침해위험 낮음)
548,3020000021422-02,img/3020000021422-09-01__3020000021422-02.JPG,3020000021061-03,img/3020000021061-09-01__3020000021061-03.JPG,0.2399851232767105,0,비유사(침해위험 낮음)
549,3020000015364-02,img/3020000015364-09-01__3020000015364-02.JPG,3020000025817-04,img/3020000025817-09-01__3020000025817-04.JPG,0.5608005523681641,0,비유사(침해위험 낮음)
550,3020000020333-03,img/3020000020333-09-01__3020000020333-03.JPG,3020000015436-06,img/3020000015436-09-01__3020000015436-06.JPG,0.6433576345443726,0,비유사(침해위험 낮음)
551,3020000025138-02,img/3020000025138-09-01__3020000025138-02.JPG,3020000028258-03,img/3020000028258-09-01__3020000028258-03.JPG,0.49695926904678345,0,비유사(침해위험 낮음)
552,3020000003008-07,img/3020000003008-09-01__3020000003008-07.JPG,3020000027734-06,img/3020000027734-09-01__3020000027734-06.JPG,0.6457455158233643,0,비유사(침해위험 낮음)
553,3020000031247-01,img/3020000031247-09-01__3020000031247-01.JPG,3020000005940-05,img/3020000005940-09-01__3020000005940-05.JPG,0.4773462414741516,0,비유사(침해위험 낮음)
554,3020000031842-04,img/3020000031842-09-01__3020000031842-04.JPG,3020000011989-02,img/3020000011989-09-01__3020000011989-02.JPG,0.7140597105026245,1,유사(침해위험 높음)
555,3020000028261-01,img/3020000028261-09-01__3020000028261-01.JPG,3020000012111-01,img/3020000012111-09-01__3020000012111-01.JPG,0.7590190172195435,1,유사(침해위험 높음)
556,3020000014721-06,img/3020000014721-09-01__3020000014721-06.JPG,3020000029518-04,img/3020000029518-09-01__3020000029518-04.JPG,0.5631376504898071,0,비유사(침해위험 낮음)
557,3020000004362-02,img/3020000004362-09-01__3020000004362-02.JPG,3020000009318-06,img/3020000009318-09-01__3020000009318-06.JPG,0.5082308053970337,0,비유사(침해위험 낮음)
558,3020000013862-04,img/3020000013862-09-01__3020000013862-04.JPG,3020000010608-03,img/3020000010608-09-01__3020000010608-03.JPG,0.5967229604721069,0,비유사(침해위험 낮음)
559,3020000024557-05,img/3020000024557-09-01__3020000024557-05.JPG,3020000004296-05,img/3020000004296-09-01__3020000004296-05.JPG,0.5266368985176086,0,비유사(침해위험 낮음)
560,3020000009318-04,img/3020000009318-09-01__3020000009318-04.JPG,3020000000414-04,img/3020000000414-09-01__3020000000414-04.JPG,0.672519862651825,0,비유사(침해위험 낮음)
561,3020000018872-01,img/3020000018872-09-01__3020000018872-01.JPG,3020000021422-02,img/3020000021422-09-01__3020000021422-02.JPG,0.5068183541297913,0,비유사(침해위험 낮음)
562,3020000030132-03,img/3020000030132-09-01__3020000030132-03.JPG,3020000026403-05,img/3020000026403-09-01__3020000026403-05.JPG,0.6257113218307495,0,비유사(침해위험 낮음)
563,3020000022024-41,img/3020000022024-09-01__3020000022024-41.JPG,3020000015292-05,img/3020000015292-09-01__3020000015292-05.JPG,0.4619494378566742,0,비유사(침해위험 낮음)
564,3020000002022-06,img/3020000002022-09-01__3020000002022-06.JPG,3020000013605-05,img/3020000013605-09-01__3020000013605-05.JPG,0.5022753477096558,0,비유사(침해위험 낮음)
565,3020000015289-03,img/3020000015289-09-01__3020000015289-03.JPG,3020000030702-04,img/3020000030702-09-01__3020000030702-04.JPG,0.6481298208236694,0,비유사(침해위험 낮음)
566,3020000015283-02,img/3020000015283-09-01__3020000015283-02.JPG,3020000030698-02,img/3020000030698-09-01__3020000030698-02.JPG,0.580921471118927,0,비유사(침해위험 낮음)
567,3020000021602-01,img/3020000021602-09-01__3020000021602-01.JPG,3020000004208-03,img/3020000004208-09-01__3020000004208-03.JPG,0.44141578674316406,0,비유사(침해위험 낮음)
568,3020000030008-02,img/3020000030008-09-01__3020000030008-02.JPG,3020000013606-06,img/3020000013606-09-01__3020000013606-06.JPG,0.6289524435997009,0,비유사(침해위험 낮음)
569,3020000014721-06,img/3020000014721-09-01__3020000014721-06.JPG,3020000033178-01,img/3020000033178-09-01__3020000033178-01.JPG,0.5105230808258057,0,비유사(침해위험 낮음)
570,3020000033181-01,img/3020000033181-09-01__3020000033181-01.JPG,3020000028260-06,img/3020000028260-09-01__3020000028260-06.JPG,0.6190930604934692,0,비유사(침해위험 낮음)
571,3020000025935-02,img/3020000025935-09-01__3020000025935-02.JPG,3020000029518-07,img/3020000029518-09-01__3020000029518-07.JPG,0.6036393046379089,0,비유사(침해위험 낮음)
572,3020000033574-04,img/3020000033574-09-01__3020000033574-04.JPG,3020000011312-03,img/3020000011312-09-01__3020000011312-03.JPG,0.40591031312942505,0,비유사(침해위험 낮음)
573,3020000019759-02,img/3020000019759-09-01__3020000019759-02.JPG,3020000006442-09,img/3020000006442-09-01__3020000006442-09.JPG,0.8227408528327942,1,유사(침해위험 높음)
574,3020000024535-03,img/3020000024535-09-01__3020000024535-03.JPG,3020000012835-05,img/3020000012835-09-01__3020000012835-05.JPG,0.6800819635391235,0,비유사(침해위험 낮음)
575,3020000029032-07,img/3020000029032-09-01__3020000029032-07.JPG,3020000007891-04,img/3020000007891-09-01__3020000007891-04.JPG,0.42110222578048706,0,비유사(침해위험 낮음)
576,3020000014871-04,img/3020000014871-09-01__3020000014871-04.JPG,3020000007536-04,img/3020000007536-09-01__3020000007536-04.JPG,0.7324066162109375,1,유사(침해위험 높음)
577,3020000004208-04,img/3020000004208-09-01__3020000004208-04.JPG,3020000003008-05,img/3020000003008-09-01__3020000003008-05.JPG,0.8996358513832092,1,유사(침해위험 높음)
578,3020000009535-06,img/3020000009535-09-01__3020000009535-06.JPG,3020000033181-07,img/3020000033181-09-01__3020000033181-07.JPG,0.4056779444217682,0,비유사(침해위험 낮음)
579,3020000015457-01,img/3020000015457-09-01__3020000015457-01.JPG,3020000026521-03,img/3020000026521-09-01__3020000026521-03.JPG,0.7390347123146057,1,유사(침해위험 높음)
580,3020000031692-02,img/3020000031692-09-01__3020000031692-02.JPG,3020000025138-04,img/3020000025138-09-01__3020000025138-04.JPG,0.43784597516059875,0,비유사(침해위험 낮음)
581,3020000015289-05,img/3020000015289-09-01__3020000015289-05.JPG,3020000020789-02,img/3020000020789-09-01__3020000020789-02.JPG,0.6446384191513062,0,비유사(침해위험 낮음)
582,3020000006727-02,img/3020000006727-09-01__3020000006727-02.JPG,3020000022024-07,img/3020000022024-09-01__3020000022024-07.JPG,0.5759649276733398,0,비유사(침해위험 낮음)
583,3020000030008-07,img/3020000030008-09-01__3020000030008-07.JPG,3020000015436-01,img/3020000015436-09-01__3020000015436-01.JPG,0.5973069667816162,0,비유사(침해위험 낮음)
584,3020000030584-04,img/3020000030584-09-01__3020000030584-04.JPG,3020000018766-04,img/3020000018766-09-01__3020000018766-04.JPG,0.6916781663894653,0,비유사(침해위험 낮음)
585,3020000015226-02,img/3020000015226-09-01__3020000015226-02.JPG,3020000023254-03,img/3020000023254-09-01__3020000023254-03.JPG,0.5585106611251831,0,비유사(침해위험 낮음)
586,3020000024465-05,img/3020000024465-09-01__3020000024465-05.JPG,3020000022833-04,img/3020000022833-09-01__3020000022833-04.JPG,0.7364169955253601,1,유사(침해위험 높음)
587,3020000020788-04,img/3020000020788-09-01__3020000020788-04.JPG,3020000004361-06,img/3020000004361-09-01__3020000004361-06.JPG,0.6817301511764526,0,비유사(침해위험 낮음)
588,3020000026567-07,img/3020000026567-09-01__3020000026567-07.JPG,3020000002082-01,img/3020000002082-09-01__3020000002082-01.JPG,0.685390830039978,0,비유사(침해위험 낮음)
589,3020000020569-04,img/3020000020569-09-01__3020000020569-04.JPG,3020000031166-06,img/3020000031166-09-01__3020000031166-06.JPG,0.657150149345398,0,비유사(침해위험 낮음)
590,3020000015978-06,img/3020000015978-09-01__3020000015978-06.JPG,3020000027377-02,img/3020000027377-09-01__3020000027377-02.JPG,0.3065825402736664,0,비유사(침해위험 낮음)
591,3020000014023-05,img/3020000014023-09-01__3020000014023-05.JPG,3020000001542-06,img/3020000001542-09-01__3020000001542-06.JPG,0.5918681025505066,0,비유사(침해위험 낮음)
592,3020000005652-02,img/3020000005652-09-01__3020000005652-02.JPG,3020000013583-01,img/3020000013583-09-01__3020000013583-01.JPG,0.7827552556991577,1,유사(침해위험 높음)
593,3020000029850-04,img/3020000029850-09-01__3020000029850-04.JPG,3020000025308-06,img/3020000025308-09-01__3020000025308-06.JPG,0.6063027381896973,0,비유사(침해위험 낮음)
594,3020000025777-05,img/3020000025777-09-01__3020000025777-05.JPG,3020000001139-09,img/3020000001139-09-01__3020000001139-09.JPG,0.5978661775588989,0,비유사(침해위험 낮음)
595,3020000032063-05,img/3020000032063-09-01__3020000032063-05.JPG,3020000029794-03,img/3020000029794-09-01__3020000029794-03.JPG,0.482693076133728,0,비유사(침해위험 낮음)
596,3020000015190-05,img/3020000015190-09-01__3020000015190-05.JPG,3020000025393-03,img/3020000025393-09-01__3020000025393-03.JPG,0.5161536335945129,0,비유사(침해위험 낮음)
597,3020000002082-02,img/3020000002082-09-01__3020000002082-02.JPG,3020000031842-05,img/3020000031842-09-01__3020000031842-05.JPG,0.785497784614563,1,유사(침해위험 높음)
598,3020000031698-05,img/3020000031698-09-01__3020000031698-05.JPG,3020000010705-02,img/3020000010705-09-01__3020000010705-02.JPG,0.469834566116333,0,비유사(침해위험 낮음)
599,3020000022036-03,img/3020000022036-09-01__3020000022036-03.JPG,3020000023870-04,img/3020000023870-09-01__3020000023870-04.JPG,0.5669422745704651,0,비유사(침해위험 낮음)
600,3020000029206-02,img/3020000029206-09-01__3020000029206-02.JPG,3020000021061-01,img/3020000021061-09-01__3020000021061-01.JPG,0.5485572814941406,0,비유사(침해위험 낮음)
601,3020000015229-05,img/3020000015229-09-01__3020000015229-05.JPG,3020000010913-07,img/3020000010913-09-01__3020000010913-07.JPG,0.6368632316589355,0,비유사(침해위험 낮음)
602,3020000025776-05,img/3020000025776-09-01__3020000025776-05.JPG,3020000020672-03,img/3020000020672-09-01__3020000020672-03.JPG,0.6365309357643127,0,비유사(침해위험 낮음)
603,3020000028626-04,img/3020000028626-09-01__3020000028626-04.JPG,3020000022812-03,img/3020000022812-09-01__3020000022812-03.JPG,0.6326192617416382,0,비유사(침해위험 낮음)
604,3020000005652-01,img/3020000005652-09-01__3020000005652-01.JPG,3020000022036-01,img/3020000022036-09-01__3020000022036-01.JPG,0.6727632880210876,0,비유사(침해위험 낮음)
605,3020000017301-05,img/3020000017301-09-01__3020000017301-05.JPG,3020000018871-07,img/3020000018871-09-01__3020000018871-07.JPG,0.35864588618278503,0,비유사(침해위험 낮음)
606,3020000016430-01,img/3020000016430-09-01__3020000016430-01.JPG,3020000015978-01,img/3020000015978-09-01__3020000015978-01.JPG,0.5290848016738892,0,비유사(침해위험 낮음)
607,3020000029756-01,img/3020000029756-09-01__3020000029756-01.JPG,3020000006173-06,img/3020000006173-09-01__3020000006173-06.JPG,0.48756909370422363,0,비유사(침해위험 낮음)
608,3020000009397-07,img/3020000009397-09-01__3020000009397-07.JPG,3020000016129-09,img/3020000016129-09-01__3020000016129-09.JPG,0.5995315909385681,0,비유사(침해위험 낮음)
609,3020000018873-07,img/3020000018873-09-01__3020000018873-07.JPG,3020000030343-07,img/3020000030343-09-01__3020000030343-07.JPG,0.5135809779167175,0,비유사(침해위험 낮음)
610,3020000023185-04,img/3020000023185-09-01__3020000023185-04.JPG,3020000015289-03,img/3020000015289-09-01__3020000015289-03.JPG,0.3654823303222656,0,비유사(침해위험 낮음)
611,3020000029519-05,img/3020000029519-09-01__3020000029519-05.JPG,3020000018765-03,img/3020000018765-09-01__3020000018765-03.JPG,0.5869921445846558,0,비유사(침해위험 낮음)
612,3020000031825-02,img/3020000031825-09-01__3020000031825-02.JPG,3020000024556-05,img/3020000024556-09-01__3020000024556-05.JPG,0.6627349257469177,0,비유사(침해위험 낮음)
613,3020000002025-02,img/3020000002025-09-01__3020000002025-02.JPG,3020000021602-04,img/3020000021602-09-01__3020000021602-04.JPG,0.6524674892425537,0,비유사(침해위험 낮음)
614,3020000005379-02,img/3020000005379-09-01__3020000005379-02.JPG,3020000015612-02,img/3020000015612-09-01__3020000015612-02.JPG,0.7466086745262146,1,유사(침해위험 높음)
615,3020000014030-06,img/3020000014030-09-01__3020000014030-06.JPG,3020000016022-03,img/3020000016022-09-01__3020000016022-03.JPG,0.4745570421218872,0,비유사(침해위험 낮음)
616,3020000006446-04,img/3020000006446-09-01__3020000006446-04.JPG,3020000032577-02,img/3020000032577-09-01__3020000032577-02.JPG,0.5108301043510437,0,비유사(침해위험 낮음)
617,3020000018767-04,img/3020000018767-09-01__3020000018767-04.JPG,3020000023571-05,img/3020000023571-09-01__3020000023571-05.JPG,0.6494208574295044,0,비유사(침해위험 낮음)
618,3020000000039-05,img/3020000000039-09-01__3020000000039-05.JPG,3020000029312-06,img/3020000029312-09-01__3020000029312-06.JPG,0.7441391944885254,1,유사(침해위험 높음)
619,3020000024534-02,img/3020000024534-09-01__3020000024534-02.JPG,3020000021877-01,img/3020000021877-09-01__3020000021877-01.JPG,0.5302079319953918,0,비유사(침해위험 낮음)
620,3020000019084-06,img/3020000019084-09-01__3020000019084-06.JPG,3020000002771-04,img/3020000002771-09-01__3020000002771-04.JPG,0.6317778825759888,0,비유사(침해위험 낮음)
621,3020000010998-04,img/3020000010998-09-01__3020000010998-04.JPG,3020000023870-02,img/3020000023870-09-01__3020000023870-02.JPG,0.6233941316604614,0,비유사(침해위험 낮음)
622,3020000017498-05,img/3020000017498-09-01__3020000017498-05.JPG,3020000028259-03,img/3020000028259-09-01__3020000028259-03.JPG,0.6590765714645386,0,비유사(침해위험 낮음)
623,3020000031698-06,img/3020000031698-09-01__3020000031698-06.JPG,3020000023253-02,img/3020000023253-09-01__3020000023253-02.JPG,0.6303231120109558,0,비유사(침해위험 낮음)
624,3020000028260-07,img/3020000028260-09-01__3020000028260-07.JPG,3020000020844-07,img/3020000020844-09-01__3020000020844-07.JPG,0.4868995249271393,0,비유사(침해위험 낮음)
625,3020000031824-06,img/3020000031824-09-01__3020000031824-06.JPG,3020000002476-07,img/3020000002476-09-01__3020000002476-07.JPG,0.6991941928863525,0,비유사(침해위험 낮음)
626,3020000011905-05,img/3020000011905-09-01__3020000011905-05.JPG,3020000014928-02,img/3020000014928-09-01__3020000014928-02.JPG,0.49113571643829346,0,비유사(침해위험 낮음)
627,3020000024556-01,img/3020000024556-09-01__3020000024556-01.JPG,3020000007014-07,img/3020000007014-09-01__3020000007014-07.JPG,0.5540884733200073,0,비유사(침해위험 낮음)
628,3020000015289-02,img/3020000015289-09-01__3020000015289-02.JPG,3020000020788-05,img/3020000020788-09-01__3020000020788-05.JPG,0.6480340361595154,0,비유사(침해위험 낮음)
629,3020000030583-05,img/3020000030583-09-01__3020000030583-05.JPG,3020000022439-02,img/3020000022439-09-01__3020000022439-02.JPG,0.5938405990600586,0,비유사(침해위험 낮음)
630,3020000006610-04,img/3020000006610-09-01__3020000006610-04.JPG,3020000001717-05,img/3020000001717-09-01__3020000001717-05.JPG,0.671519935131073,0,비유사(침해위험 낮음)
631,3020000028283-05,img/3020000028283-09-01__3020000028283-05.JPG,3020000027734-02,img/3020000027734-09-01__3020000027734-02.JPG,0.7215071320533752,1,유사(침해위험 높음)
632,3020000033317-06,img/3020000033317-09-01__3020000033317-06.JPG,3020000013862-02,img/3020000013862-09-01__3020000013862-02.JPG,0.4741719961166382,0,비유사(침해위험 낮음)
633,3020000030806-02,img/3020000030806-09-01__3020000030806-02.JPG,3020000009396-04,img/3020000009396-09-01__3020000009396-04.JPG,0.6329523324966431,0,비유사(침해위험 낮음)
634,3020000015501-07,img/3020000015501-09-01__3020000015501-07.JPG,3020000024557-01,img/3020000024557-09-01__3020000024557-01.JPG,0.5949035286903381,0,비유사(침해위험 낮음)
635,3020000000847-01,img/3020000000847-09-01__3020000000847-01.JPG,3020000024557-07,img/3020000024557-09-01__3020000024557-07.JPG,0.6195864677429199,0,비유사(침해위험 낮음)
636,3020000018871-06,img/3020000018871-09-01__3020000018871-06.JPG,3020000005653-02,img/3020000005653-09-01__3020000005653-02.JPG,0.49723708629608154,0,비유사(침해위험 낮음)
637,3020000012835-05,img/3020000012835-09-01__3020000012835-05.JPG,3020000006442-02,img/3020000006442-09-01__3020000006442-02.JPG,0.5812344551086426,0,비유사(침해위험 낮음)
638,3020000021829-07,img/3020000021829-09-01__3020000021829-07.JPG,3020000006510-03,img/3020000006510-09-01__3020000006510-03.JPG,0.615247368812561,0,비유사(침해위험 낮음)
639,3020000029148-01,img/3020000029148-09-01__3020000029148-01.JPG,3020000008854-09,img/3020000008854-09-01__3020000008854-09.JPG,0.6742042899131775,0,비유사(침해위험 낮음)
640,3020000023253-02,img/3020000023253-09-01__3020000023253-02.JPG,3020000030881-09,img/3020000030881-09-01__3020000030881-09.JPG,0.7519932985305786,1,유사(침해위험 높음)
641,3020000015339-01,img/3020000015339-09-01__3020000015339-01.JPG,3020000023373-03,img/3020000023373-09-01__3020000023373-03.JPG,0.33415451645851135,0,비유사(침해위험 낮음)
642,3020000030701-05,img/3020000030701-09-01__3020000030701-05.JPG,3020000015226-06,img/3020000015226-09-01__3020000015226-06.JPG,0.8385446071624756,1,유사(침해위험 높음)
643,3020000019098-04,img/3020000019098-09-01__3020000019098-04.JPG,3020000022365-07,img/3020000022365-09-01__3020000022365-07.JPG,0.6429411172866821,0,비유사(침해위험 낮음)
644,3020000022105-03,img/3020000022105-09-01__3020000022105-03.JPG,3020000013864-06,img/3020000013864-09-01__3020000013864-06.JPG,0.4164809584617615,0,비유사(침해위험 낮음)
645,3020000021678-05,img/3020000021678-09-01__3020000021678-05.JPG,3020000024557-02,img/3020000024557-09-01__3020000024557-02.JPG,0.7363412380218506,1,유사(침해위험 높음)
646,3020000007581-07,img/3020000007581-09-01__3020000007581-07.JPG,3020000018092-04,img/3020000018092-09-01__3020000018092-04.JPG,0.6417769193649292,0,비유사(침해위험 낮음)
647,3020000011001-02,img/3020000011001-09-01__3020000011001-02.JPG,3020000026714-06,img/3020000026714-09-01__3020000026714-06.JPG,0.46789535880088806,0,비유사(침해위험 낮음)
648,3020000023372-07,img/3020000023372-09-01__3020000023372-07.JPG,3020000031468-05,img/3020000031468-09-01__3020000031468-05.JPG,0.32989805936813354,0,비유사(침해위험 낮음)
649,3020000007443-02,img/3020000007443-09-01__3020000007443-02.JPG,3020000004095-04,img/3020000004095-09-01__3020000004095-04.JPG,0.6316603422164917,0,비유사(침해위험 낮음)
650,3020000015228-04,img/3020000015228-09-01__3020000015228-04.JPG,3020000032577-02,img/3020000032577-09-01__3020000032577-02.JPG,0.49740445613861084,0,비유사(침해위험 낮음)
651,3020000033180-03,img/3020000033180-09-01__3020000033180-03.JPG,3020000019098-02,img/3020000019098-09-01__3020000019098-02.JPG,0.7025824785232544,1,유사(침해위험 높음)
652,3020000016999-07,img/3020000016999-09-01__3020000016999-07.JPG,3020000033178-01,img/3020000033178-09-01__3020000033178-01.JPG,0.6385248303413391,0,비유사(침해위험 낮음)
653,3020000023372-05,img/3020000023372-09-01__3020000023372-05.JPG,3020000014928-03,img/3020000014928-09-01__3020000014928-03.JPG,0.50642991065979,0,비유사(침해위험 낮음)
654,3020000000414-04,img/3020000000414-09-01__3020000000414-04.JPG,3020000015283-02,img/3020000015283-09-01__3020000015283-02.JPG,0.6589210033416748,0,비유사(침해위험 낮음)
655,3020000031089-06,img/3020000031089-09-01__3020000031089-06.JPG,3020000015364-07,img/3020000015364-09-01__3020000015364-07.JPG,0.5649445056915283,0,비유사(침해위험 낮음)
656,3020000025777-05,img/3020000025777-09-01__3020000025777-05.JPG,3020000025496-04,img/3020000025496-09-01__3020000025496-04.JPG,0.5855240225791931,0,비유사(침해위험 낮음)
657,3020000029518-02,img/3020000029518-09-01__3020000029518-02.JPG,3020000022803-01,img/3020000022803-09-01__3020000022803-01.JPG,0.45340627431869507,0,비유사(침해위험 낮음)
658,3020000007891-02,img/3020000007891-09-01__3020000007891-02.JPG,3020000021180-05,img/3020000021180-09-01__3020000021180-05.JPG,0.49507713317871094,0,비유사(침해위험 낮음)
659,3020000024464-07,img/3020000024464-09-01__3020000024464-07.JPG,3020000022438-07,img/3020000022438-09-01__3020000022438-07.JPG,0.6786715984344482,0,비유사(침해위험 낮음)
660,3020000017002-07,img/3020000017002-09-01__3020000017002-07.JPG,3020000016423-04,img/3020000016423-09-01__3020000016423-04.JPG,0.4421774744987488,0,비유사(침해위험 낮음)
661,3020000024557-05,img/3020000024557-09-01__3020000024557-05.JPG,3020000031842-04,img/3020000031842-09-01__3020000031842-04.JPG,0.6117045879364014,0,비유사(침해위험 낮음)
662,3020000024534-05,img/3020000024534-09-01__3020000024534-05.JPG,3020000017906-06,img/3020000017906-09-01__3020000017906-06.JPG,0.5827029943466187,0,비유사(침해위험 낮음)
663,3020000021602-07,img/3020000021602-09-01__3020000021602-07.JPG,3020000015978-04,img/3020000015978-09-01__3020000015978-04.JPG,0.6936536431312561,0,비유사(침해위험 낮음)
664,3020000011000-01,img/3020000011000-09-01__3020000011000-01.JPG,3020000030583-01,img/3020000030583-09-01__3020000030583-01.JPG,0.641798734664917,0,비유사(침해위험 낮음)
665,3020000013861-07,img/3020000013861-09-01__3020000013861-07.JPG,3020000025158-06,img/3020000025158-09-01__3020000025158-06.JPG,0.6066153049468994,0,비유사(침해위험 낮음)
666,3020000018092-01,img/3020000018092-09-01__3020000018092-01.JPG,3020000013606-06,img/3020000013606-09-01__3020000013606-06.JPG,0.6059843301773071,0,비유사(침해위험 낮음)
667,3020000032578-07,img/3020000032578-09-01__3020000032578-07.JPG,3020000018873-03,img/3020000018873-09-01__3020000018873-03.JPG,0.43031519651412964,0,비유사(침해위험 낮음)
668,3020000002231-02,img/3020000002231-09-01__3020000002231-02.JPG,3020000015673-03,img/3020000015673-09-01__3020000015673-03.JPG,0.6647637486457825,0,비유사(침해위험 낮음)
669,3020000031444-06,img/3020000031444-09-01__3020000031444-06.JPG,3020000022105-06,img/3020000022105-09-01__3020000022105-06.JPG,0.4965428411960602,0,비유사(침해위험 낮음)
670,3020000030701-04,img/3020000030701-09-01__3020000030701-04.JPG,3020000034017-07,img/3020000034017-09-01__3020000034017-07.JPG,0.5812081098556519,0,비유사(침해위험 낮음)
671,3020000018091-01,img/3020000018091-09-01__3020000018091-01.JPG,3020000018221-07,img/3020000018221-09-01__3020000018221-07.JPG,0.5939298868179321,0,비유사(침해위험 낮음)
672,3020000029520-03,img/3020000029520-09-01__3020000029520-03.JPG,3020000033181-06,img/3020000033181-09-01__3020000033181-06.JPG,0.4645330607891083,0,비유사(침해위험 낮음)
673,3020000029206-04,img/3020000029206-09-01__3020000029206-04.JPG,3020000008854-01,img/3020000008854-09-01__3020000008854-01.JPG,0.5700101852416992,0,비유사(침해위험 낮음)
674,3020000023185-03,img/3020000023185-09-01__3020000023185-03.JPG,3020000002025-03,img/3020000002025-09-01__3020000002025-03.JPG,0.5363200306892395,0,비유사(침해위험 낮음)
675,3020000006745-03,img/3020000006745-09-01__3020000006745-03.JPG,3020000023255-04,img/3020000023255-09-01__3020000023255-04.JPG,0.6596194505691528,0,비유사(침해위험 낮음)
676,3020000025935-04,img/3020000025935-09-01__3020000025935-04.JPG,3020000016423-02,img/3020000016423-09-01__3020000016423-02.JPG,0.5882554650306702,0,비유사(침해위험 낮음)
677,3020000006090-03,img/3020000006090-09-01__3020000006090-03.JPG,3020000020789-07,img/3020000020789-09-01__3020000020789-07.JPG,0.5492506623268127,0,비유사(침해위험 낮음)
678,3020000005940-07,img/3020000005940-09-01__3020000005940-07.JPG,3020000024236-05,img/3020000024236-09-01__3020000024236-05.JPG,0.5870397090911865,0,비유사(침해위험 낮음)
679,3020000021678-06,img/3020000021678-09-01__3020000021678-06.JPG,3020000000847-07,img/3020000000847-09-01__3020000000847-07.JPG,0.6221810579299927,0,비유사(침해위험 낮음)
680,3020000031087-06,img/3020000031087-09-01__3020000031087-06.JPG,3020000007581-05,img/3020000007581-09-01__3020000007581-05.JPG,0.5516709685325623,0,비유사(침해위험 낮음)
681,3020000018872-07,img/3020000018872-09-01__3020000018872-07.JPG,3020000029220-01,img/3020000029220-09-01__3020000029220-01.JPG,0.673011302947998,0,비유사(침해위험 낮음)
682,3020000008855-02,img/3020000008855-09-01__3020000008855-02.JPG,3020000004296-04,img/3020000004296-09-01__3020000004296-04.JPG,0.6153096556663513,0,비유사(침해위험 낮음)
683,3020000022024-33,img/3020000022024-09-01__3020000022024-33.JPG,3020000032583-04,img/3020000032583-09-01__3020000032583-04.JPG,0.47711125016212463,0,비유사(침해위험 낮음)
684,3020000014871-01,img/3020000014871-09-01__3020000014871-01.JPG,3020000016999-01,img/3020000016999-09-01__3020000016999-01.JPG,0.6958346366882324,0,비유사(침해위험 낮음)
685,3020000028259-05,img/3020000028259-09-01__3020000028259-05.JPG,3020000030343-03,img/3020000030343-09-01__3020000030343-03.JPG,0.510994017124176,0,비유사(침해위험 낮음)
686,3020000018612-05,img/3020000018612-09-01__3020000018612-05.JPG,3020000029153-02,img/3020000029153-09-01__3020000029153-02.JPG,0.6002498865127563,0,비유사(침해위험 낮음)
687,3020000004361-05,img/3020000004361-09-01__3020000004361-05.JPG,3020000016129-03,img/3020000016129-09-01__3020000016129-03.JPG,0.4716112017631531,0,비유사(침해위험 낮음)
688,3020000029850-05,img/3020000029850-09-01__3020000029850-05.JPG,3020000024443-01,img/3020000024443-09-01__3020000024443-01.JPG,0.6706123352050781,0,비유사(침해위험 낮음)
689,3020000018090-03,img/3020000018090-09-01__3020000018090-03.JPG,3020000015613-04,img/3020000015613-09-01__3020000015613-04.JPG,0.6493240594863892,0,비유사(침해위험 낮음)
690,3020000028261-06,img/3020000028261-09-01__3020000028261-06.JPG,3020000031065-04,img/3020000031065-09-01__3020000031065-04.JPG,0.6340078711509705,0,비유사(침해위험 낮음)
691,3020000031824-04,img/3020000031824-09-01__3020000031824-04.JPG,3020000022802-01,img/3020000022802-09-01__3020000022802-01.JPG,0.7375359535217285,1,유사(침해위험 높음)
692,3020000024484-03,img/3020000024484-09-01__3020000024484-03.JPG,3020000002024-06,img/3020000002024-09-01__3020000002024-06.JPG,0.4835585057735443,0,비유사(침해위험 낮음)
693,3020000028256-03,img/3020000028256-09-01__3020000028256-03.JPG,3020000003961-06,img/3020000003961-09-01__3020000003961-06.JPG,0.5991761684417725,0,비유사(침해위험 낮음)
694,3020000013720-04,img/3020000013720-09-01__3020000013720-04.JPG,3020000028348-03,img/3020000028348-09-01__3020000028348-03.JPG,0.4477401375770569,0,비유사(침해위험 낮음)
695,3020000029919-04,img/3020000029919-09-01__3020000029919-04.JPG,3020000015285-07,img/3020000015285-09-01__3020000015285-07.JPG,0.4575597643852234,0,비유사(침해위험 낮음)
696,3020000012912-02,img/3020000012912-09-01__3020000012912-02.JPG,3020000031468-07,img/3020000031468-09-01__3020000031468-07.JPG,0.7203055620193481,1,유사(침해위험 높음)
697,3020000005512-05,img/3020000005512-09-01__3020000005512-05.JPG,3020000020571-05,img/3020000020571-09-01__3020000020571-05.JPG,0.7351856827735901,1,유사(침해위험 높음)
698,3020000005940-02,img/3020000005940-09-01__3020000005940-02.JPG,3020000031825-01,img/3020000031825-09-01__3020000031825-01.JPG,0.5536026954650879,0,비유사(침해위험 낮음)
699,3020000028555-06,img/3020000028555-09-01__3020000028555-06.JPG,3020000030698-06,img/3020000030698-09-01__3020000030698-06.JPG,0.6736263632774353,0,비유사(침해위험 낮음)
700,3020000006090-03,img/3020000006090-09-01__3020000006090-03.JPG,3020000021061-07,img/3020000021061-09-01__3020000021061-07.JPG,0.5987917184829712,0,비유사(침해위험 낮음)
701,3020000009575-01,img/3020000009575-09-01__3020000009575-01.JPG,3020000030347-01,img/3020000030347-09-01__3020000030347-01.JPG,0.6547611951828003,0,비유사(침해위험 낮음)
702,3020000015388-04,img/3020000015388-09-01__3020000015388-04.JPG,3020000001717-05,img/3020000001717-09-01__3020000001717-05.JPG,0.41106146574020386,0,비유사(침해위험 낮음)
703,3020000002327-05,img/3020000002327-09-01__3020000002327-05.JPG,3020000016022-07,img/3020000016022-09-01__3020000016022-07.JPG,0.5410460233688354,0,비유사(침해위험 낮음)
704,3020000033316-01,img/3020000033316-09-01__3020000033316-01.JPG,3020000002988-04,img/3020000002988-09-01__3020000002988-04.JPG,0.5660527348518372,0,비유사(침해위험 낮음)
705,3020000015339-07,img/3020000015339-09-01__3020000015339-07.JPG,3020000017457-06,img/3020000017457-09-01__3020000017457-06.JPG,0.6073547601699829,0,비유사(침해위험 낮음)
706,3020000017832-03,img/3020000017832-09-01__3020000017832-03.JPG,3020000020333-33,img/3020000020333-09-01__3020000020333-33.JPG,0.7210197448730469,1,유사(침해위험 높음)
707,3020000007584-04,img/3020000007584-09-01__3020000007584-04.JPG,3020000013865-01,img/3020000013865-09-01__3020000013865-01.JPG,0.5568893551826477,0,비유사(침해위험 낮음)
708,3020000024360-05,img/3020000024360-09-01__3020000024360-05.JPG,3020000019084-01,img/3020000019084-09-01__3020000019084-01.JPG,0.6526158452033997,0,비유사(침해위험 낮음)
709,3020000025081-05,img/3020000025081-09-01__3020000025081-05.JPG,3020000029879-07,img/3020000029879-09-01__3020000029879-07.JPG,0.6355065703392029,0,비유사(침해위험 낮음)
710,3020000033181-07,img/3020000033181-09-01__3020000033181-07.JPG,3020000010913-01,img/3020000010913-09-01__3020000010913-01.JPG,0.58528071641922,0,비유사(침해위험 낮음)
711,3020000009605-02,img/3020000009605-09-01__3020000009605-02.JPG,3020000010705-02,img/3020000010705-09-01__3020000010705-02.JPG,0.5378937721252441,0,비유사(침해위험 낮음)
712,3020000004298-07,img/3020000004298-09-01__3020000004298-07.JPG,3020000027734-05,img/3020000027734-09-01__3020000027734-05.JPG,0.5209555625915527,0,비유사(침해위험 낮음)
713,3020000018091-06,img/3020000018091-09-01__3020000018091-06.JPG,3020000028257-05,img/3020000028257-09-01__3020000028257-05.JPG,0.8968352675437927,1,유사(침해위험 높음)
714,3020000029918-06,img/3020000029918-09-01__3020000029918-06.JPG,3020000013863-01,img/3020000013863-09-01__3020000013863-01.JPG,0.4221009612083435,0,비유사(침해위험 낮음)
715,3020000023190-06,img/3020000023190-09-01__3020000023190-06.JPG,3020000025561-03,img/3020000025561-09-01__3020000025561-03.JPG,0.49370938539505005,0,비유사(침해위험 낮음)
716,3020000007581-01,img/3020000007581-09-01__3020000007581-01.JPG,3020000013606-01,img/3020000013606-09-01__3020000013606-01.JPG,0.6687095761299133,0,비유사(침해위험 낮음)
717,3020000021829-05,img/3020000021829-09-01__3020000021829-05.JPG,3020000028666-02,img/3020000028666-09-01__3020000028666-02.JPG,0.4732606112957001,0,비유사(침해위험 낮음)
718,3020000014156-05,img/3020000014156-09-01__3020000014156-05.JPG,3020000021814-25,img/3020000021814-09-01__3020000021814-25.JPG,0.6859362125396729,0,비유사(침해위험 낮음)
719,3020000014195-03,img/3020000014195-09-01__3020000014195-03.JPG,3020000029615-02,img/3020000029615-09-01__3020000029615-02.JPG,0.7768099308013916,1,유사(침해위험 높음)
720,3020000000778-04,img/3020000000778-09-01__3020000000778-04.JPG,3020000033574-07,img/3020000033574-09-01__3020000033574-07.JPG,0.7501150369644165,1,유사(침해위험 높음)
721,3020000021952-07,img/3020000021952-09-01__3020000021952-07.JPG,3020000015289-01,img/3020000015289-09-01__3020000015289-01.JPG,0.7088179588317871,1,유사(침해위험 높음)
722,3020000029877-04,img/3020000029877-09-01__3020000029877-04.JPG,3020000024538-04,img/3020000024538-09-01__3020000024538-04.JPG,0.36880064010620117,0,비유사(침해위험 낮음)
723,3020000009396-03,img/3020000009396-09-01__3020000009396-03.JPG,3020000004249-07,img/3020000004249-09-01__3020000004249-07.JPG,0.46376994252204895,0,비유사(침해위험 낮음)
724,3020000020844-06,img/3020000020844-09-01__3020000020844-06.JPG,3020000017003-02,img/3020000017003-09-01__3020000017003-02.JPG,0.4822825789451599,0,비유사(침해위험 낮음)
725,3020000025777-07,img/3020000025777-09-01__3020000025777-07.JPG,3020000015388-03,img/3020000015388-09-01__3020000015388-03.JPG,0.39518600702285767,0,비유사(침해위험 낮음)
726,3020000028666-07,img/3020000028666-09-01__3020000028666-07.JPG,3020000019758-05,img/3020000019758-09-01__3020000019758-05.JPG,0.7527884244918823,1,유사(침해위험 높음)
727,3020000030132-07,img/3020000030132-09-01__3020000030132-07.JPG,3020000014023-04,img/3020000014023-09-01__3020000014023-04.JPG,0.5735901594161987,0,비유사(침해위험 낮음)
728,3020000021678-06,img/3020000021678-09-01__3020000021678-06.JPG,3020000015433-07,img/3020000015433-09-01__3020000015433-07.JPG,0.6763318777084351,0,비유사(침해위험 낮음)
729,3020000011558-01,img/3020000011558-09-01__3020000011558-01.JPG,3020000018221-01,img/3020000018221-09-01__3020000018221-01.JPG,0.43717533349990845,0,비유사(침해위험 낮음)
730,3020000022438-03,img/3020000022438-09-01__3020000022438-03.JPG,3020000006435-05,img/3020000006435-09-01__3020000006435-05.JPG,0.5575994253158569,0,비유사(침해위험 낮음)
731,3020000013860-07,img/3020000013860-09-01__3020000013860-07.JPG,3020000018091-02,img/3020000018091-09-01__3020000018091-02.JPG,0.5880296230316162,0,비유사(침해위험 낮음)
732,3020000025158-06,img/3020000025158-09-01__3020000025158-06.JPG,3020000017497-01,img/3020000017497-09-01__3020000017497-01.JPG,0.3013005256652832,0,비유사(침해위험 낮음)
733,3020000025308-04,img/3020000025308-09-01__3020000025308-04.JPG,3020000015341-03,img/3020000015341-09-01__3020000015341-03.JPG,0.7154203653335571,1,유사(침해위험 높음)
734,3020000030584-02,img/3020000030584-09-01__3020000030584-02.JPG,3020000015341-01,img/3020000015341-09-01__3020000015341-01.JPG,0.602336585521698,0,비유사(침해위험 낮음)
735,3020000001189-04,img/3020000001189-09-01__3020000001189-04.JPG,3020000029327-02,img/3020000029327-09-01__3020000029327-02.JPG,0.6542167663574219,0,비유사(침해위험 낮음)
736,3020000018498-05,img/3020000018498-09-01__3020000018498-05.JPG,3020000015227-04,img/3020000015227-09-01__3020000015227-04.JPG,0.4912202060222626,0,비유사(침해위험 낮음)
737,3020000000726-06,img/3020000000726-09-01__3020000000726-06.JPG,3020000025081-05,img/3020000025081-09-01__3020000025081-05.JPG,0.744773805141449,1,유사(침해위험 높음)
738,3020000029979-03,img/3020000029979-09-01__3020000029979-03.JPG,3020000032581-04,img/3020000032581-09-01__3020000032581-04.JPG,0.5680670738220215,0,비유사(침해위험 낮음)
739,3020000031444-06,img/3020000031444-09-01__3020000031444-06.JPG,3020000002380-03,img/3020000002380-09-01__3020000002380-03.JPG,0.36629438400268555,0,비유사(침해위험 낮음)
740,3020000027388-06,img/3020000027388-09-01__3020000027388-06.JPG,3020000031468-01,img/3020000031468-09-01__3020000031468-01.JPG,0.6048786640167236,0,비유사(침해위험 낮음)
741,3020000023190-02,img/3020000023190-09-01__3020000023190-02.JPG,3020000015285-02,img/3020000015285-09-01__3020000015285-02.JPG,0.6442131400108337,0,비유사(침해위험 낮음)
742,3020000032580-01,img/3020000032580-09-01__3020000032580-01.JPG,3020000033317-05,img/3020000033317-09-01__3020000033317-05.JPG,0.7164435386657715,1,유사(침해위험 높음)
743,3020000013583-06,img/3020000013583-09-01__3020000013583-06.JPG,3020000027513-02,img/3020000027513-09-01__3020000027513-02.JPG,0.6056146025657654,0,비유사(침해위험 낮음)
744,3020000033444-03,img/3020000033444-09-01__3020000033444-03.JPG,3020000017373-02,img/3020000017373-09-01__3020000017373-02.JPG,0.6486698389053345,0,비유사(침해위험 낮음)
745,3020000012831-06,img/3020000012831-09-01__3020000012831-06.JPG,3020000028631-04,img/3020000028631-09-01__3020000028631-04.JPG,0.49846798181533813,0,비유사(침해위험 낮음)
746,3020000011000-07,img/3020000011000-09-01__3020000011000-07.JPG,3020000028258-03,img/3020000028258-09-01__3020000028258-03.JPG,0.6180996298789978,0,비유사(침해위험 낮음)
747,3020000014023-06,img/3020000014023-09-01__3020000014023-06.JPG,3020000029877-05,img/3020000029877-09-01__3020000029877-05.JPG,0.7251249551773071,1,유사(침해위험 높음)
748,3020000031698-02,img/3020000031698-09-01__3020000031698-02.JPG,3020000031066-06,img/3020000031066-09-01__3020000031066-06.JPG,0.736205518245697,1,유사(침해위험 높음)
749,3020000032279-02,img/3020000032279-09-01__3020000032279-02.JPG,3020000029327-06,img/3020000029327-09-01__3020000029327-06.JPG,0.5501232147216797,0,비유사(침해위험 낮음)
750,3020000029879-03,img/3020000029879-09-01__3020000029879-03.JPG,3020000007443-03,img/3020000007443-09-01__3020000007443-03.JPG,0.6624466776847839,0,비유사(침해위험 낮음)
751,3020000028282-05,img/3020000028282-09-01__3020000028282-05.JPG,3020000005939-03,img/3020000005939-09-01__3020000005939-03.JPG,0.29062533378601074,0,비유사(침해위험 낮음)
752,3020000028282-02,img/3020000028282-09-01__3020000028282-02.JPG,3020000029032-02,img/3020000029032-09-01__3020000029032-02.JPG,0.5226178169250488,0,비유사(침해위험 낮음)
753,3020000002081-06,img/3020000002081-09-01__3020000002081-06.JPG,3020000015457-07,img/3020000015457-09-01__3020000015457-07.JPG,0.847235918045044,1,유사(침해위험 높음)
754,3020000033178-05,img/3020000033178-09-01__3020000033178-05.JPG,3020000020844-02,img/3020000020844-09-01__3020000020844-02.JPG,0.49373313784599304,0,비유사(침해위험 낮음)
755,3020000002023-02,img/3020000002023-09-01__3020000002023-02.JPG,3020000025496-02,img/3020000025496-09-01__3020000025496-02.JPG,0.5755013227462769,0,비유사(침해위험 낮음)
756,3020000017500-04,img/3020000017500-09-01__3020000017500-04.JPG,3020000031165-04,img/3020000031165-09-01__3020000031165-04.JPG,0.6608757972717285,0,비유사(침해위험 낮음)
757,3020000007016-02,img/3020000007016-09-01__3020000007016-02.JPG,3020000005512-04,img/3020000005512-09-01__3020000005512-04.JPG,0.6684583425521851,0,비유사(침해위험 낮음)
758,3020000015340-07,img/3020000015340-09-01__3020000015340-07.JPG,3020000016041-03,img/3020000016041-09-01__3020000016041-03.JPG,0.6648121476173401,0,비유사(침해위험 낮음)
759,3020000031527-03,img/3020000031527-09-01__3020000031527-03.JPG,3020000019098-04,img/3020000019098-09-01__3020000019098-04.JPG,0.7045211791992188,1,유사(침해위험 높음)
760,3020000010705-04,img/3020000010705-09-01__3020000010705-04.JPG,3020000011702-01,img/3020000011702-09-01__3020000011702-01.JPG,0.384213387966156,0,비유사(침해위험 낮음)
761,3020000007016-05,img/3020000007016-09-01__3020000007016-05.JPG,3020000033000-03,img/3020000033000-09-01__3020000033000-03.JPG,0.5458588004112244,0,비유사(침해위험 낮음)
762,3020000024465-03,img/3020000024465-09-01__3020000024465-03.JPG,3020000017501-01,img/3020000017501-09-01__3020000017501-01.JPG,0.5784081220626831,0,비유사(침해위험 낮음)
763,3020000024360-04,img/3020000024360-09-01__3020000024360-04.JPG,3020000023255-02,img/3020000023255-09-01__3020000023255-02.JPG,0.7235629558563232,1,유사(침해위험 높음)
764,3020000015226-03,img/3020000015226-09-01__3020000015226-03.JPG,3020000009483-09,img/3020000009483-09-01__3020000009483-09.JPG,0.718669056892395,1,유사(침해위험 높음)
765,3020000014579-03,img/3020000014579-09-01__3020000014579-03.JPG,3020000022365-04,img/3020000022365-09-01__3020000022365-04.JPG,0.7853357791900635,1,유사(침해위험 높음)
766,3020000033581-01,img/3020000033581-09-01__3020000033581-01.JPG,3020000015340-07,img/3020000015340-09-01__3020000015340-07.JPG,0.6646256446838379,0,비유사(침해위험 낮음)
767,3020000031468-06,img/3020000031468-09-01__3020000031468-06.JPG,3020000016999-02,img/3020000016999-09-01__3020000016999-02.JPG,0.6682052612304688,0,비유사(침해위험 낮음)
768,3020000033574-06,img/3020000033574-09-01__3020000033574-06.JPG,3020000006446-01,img/3020000006446-09-01__3020000006446-01.JPG,0.6169836521148682,0,비유사(침해위험 낮음)
769,3020000022024-06,img/3020000022024-09-01__3020000022024-06.JPG,3020000004296-06,img/3020000004296-09-01__3020000004296-06.JPG,0.528846263885498,0,비유사(침해위험 낮음)
770,3020000007445-05,img/3020000007445-09-01__3020000007445-05.JPG,3020000031696-04,img/3020000031696-09-01__3020000031696-04.JPG,0.6735868453979492,0,비유사(침해위험 낮음)
771,3020000012836-02,img/3020000012836-09-01__3020000012836-02.JPG,3020000029872-06,img/3020000029872-09-01__3020000029872-06.JPG,0.6091870665550232,0,비유사(침해위험 낮음)
772,3020000031088-06,img/3020000031088-09-01__3020000031088-06.JPG,3020000029850-05,img/3020000029850-09-01__3020000029850-05.JPG,0.614319384098053,0,비유사(침해위험 낮음)
773,3020000018612-04,img/3020000018612-09-01__3020000018612-04.JPG,3020000033574-07,img/3020000033574-09-01__3020000033574-07.JPG,0.6249309182167053,0,비유사(침해위험 낮음)
774,3020000024712-03,img/3020000024712-09-01__3020000024712-03.JPG,3020000017501-01,img/3020000017501-09-01__3020000017501-01.JPG,0.46757835149765015,0,비유사(침해위험 낮음)
775,3020000005512-04,img/3020000005512-09-01__3020000005512-04.JPG,3020000033180-06,img/3020000033180-09-01__3020000033180-06.JPG,0.6725413799285889,0,비유사(침해위험 낮음)
776,3020000018351-07,img/3020000018351-09-01__3020000018351-07.JPG,3020000000847-02,img/3020000000847-09-01__3020000000847-02.JPG,0.5268477201461792,0,비유사(침해위험 낮음)
777,3020000014721-06,img/3020000014721-09-01__3020000014721-06.JPG,3020000024463-05,img/3020000024463-09-01__3020000024463-05.JPG,0.4158042073249817,0,비유사(침해위험 낮음)
778,3020000006642-06,img/3020000006642-09-01__3020000006642-06.JPG,3020000021602-04,img/3020000021602-09-01__3020000021602-04.JPG,0.6588950753211975,0,비유사(침해위험 낮음)
779,3020000017678-05,img/3020000017678-09-01__3020000017678-05.JPG,3020000029794-05,img/3020000029794-09-01__3020000029794-05.JPG,0.6628975868225098,0,비유사(침해위험 낮음)
780,3020000031692-02,img/3020000031692-09-01__3020000031692-02.JPG,3020000029794-03,img/3020000029794-09-01__3020000029794-03.JPG,0.48251277208328247,0,비유사(침해위험 낮음)
781,3020000014720-03,img/3020000014720-09-01__3020000014720-03.JPG,3020000025776-02,img/3020000025776-09-01__3020000025776-02.JPG,0.48415398597717285,0,비유사(침해위험 낮음)
782,3020000018090-07,img/3020000018090-09-01__3020000018090-07.JPG,3020000028666-05,img/3020000028666-09-01__3020000028666-05.JPG,0.5441725254058838,0,비유사(침해위험 낮음)
783,3020000017679-09,img/3020000017679-09-01__3020000017679-09.JPG,3020000006436-05,img/3020000006436-09-01__3020000006436-05.JPG,0.5838613510131836,0,비유사(침해위험 낮음)
784,3020000029850-07,img/3020000029850-09-01__3020000029850-07.JPG,3020000013606-07,img/3020000013606-09-01__3020000013606-07.JPG,0.7181692719459534,1,유사(침해위험 높음)
785,3020000022036-07,img/3020000022036-09-01__3020000022036-07.JPG,3020000001542-03,img/3020000001542-09-01__3020000001542-03.JPG,0.6912625432014465,0,비유사(침해위험 낮음)
786,3020000028257-04,img/3020000028257-09-01__3020000028257-04.JPG,3020000024951-07,img/3020000024951-09-01__3020000024951-07.JPG,0.6508482694625854,0,비유사(침해위험 낮음)
787,3020000016129-01,img/3020000016129-09-01__3020000016129-01.JPG,3020000027734-07,img/3020000027734-09-01__3020000027734-07.JPG,0.6159102916717529,0,비유사(침해위험 낮음)
788,3020000012833-05,img/3020000012833-09-01__3020000012833-05.JPG,3020000029032-07,img/3020000029032-09-01__3020000029032-07.JPG,0.6838516592979431,0,비유사(침해위험 낮음)
789,3020000003502-05,img/3020000003502-09-01__3020000003502-05.JPG,3020000028626-06,img/3020000028626-09-01__3020000028626-06.JPG,0.6468299031257629,0,비유사(침해위험 낮음)
790,3020000021952-03,img/3020000021952-09-01__3020000021952-03.JPG,3020000030604-02,img/3020000030604-09-01__3020000030604-02.JPG,0.6652460694313049,0,비유사(침해위험 낮음)
791,3020000015433-07,img/3020000015433-09-01__3020000015433-07.JPG,3020000029148-07,img/3020000029148-09-01__3020000029148-07.JPG,0.861884355545044,1,유사(침해위험 높음)
792,3020000018871-07,img/3020000018871-09-01__3020000018871-07.JPG,3020000006446-07,img/3020000006446-09-01__3020000006446-07.JPG,0.5889095067977905,0,비유사(침해위험 낮음)
793,3020000007445-01,img/3020000007445-09-01__3020000007445-01.JPG,3020000002327-02,img/3020000002327-09-01__3020000002327-02.JPG,0.7070626020431519,1,유사(침해위험 높음)
794,3020000002025-04,img/3020000002025-09-01__3020000002025-04.JPG,3020000015436-02,img/3020000015436-09-01__3020000015436-02.JPG,0.6031671762466431,0,비유사(침해위험 낮음)
795,3020000022812-06,img/3020000022812-09-01__3020000022812-06.JPG,3020000006446-05,img/3020000006446-09-01__3020000006446-05.JPG,0.7851271629333496,1,유사(침해위험 높음)
796,3020000005939-04,img/3020000005939-09-01__3020000005939-04.JPG,3020000013720-04,img/3020000013720-09-01__3020000013720-04.JPG,0.7689667344093323,1,유사(침해위험 높음)
797,3020000024464-02,img/3020000024464-09-01__3020000024464-02.JPG,3020000007043-05,img/3020000007043-09-01__3020000007043-05.JPG,0.5300777554512024,0,비유사(침해위험 낮음)
798,3020000018258-03,img/3020000018258-09-01__3020000018258-03.JPG,3020000021438-07,img/3020000021438-09-01__3020000021438-07.JPG,0.6545221209526062,0,비유사(침해위험 낮음)
799,3020000017679-06,img/3020000017679-09-01__3020000017679-06.JPG,3020000029756-03,img/3020000029756-09-01__3020000029756-03.JPG,0.45878347754478455,0,비유사(침해위험 낮음)
800,3020000031443-06,img/3020000031443-09-01__3020000031443-06.JPG,3020000030582-04,img/3020000030582-09-01__3020000030582-04.JPG,0.44358882308006287,0,비유사(침해위험 낮음)
801,3020000024465-06,img/3020000024465-09-01__3020000024465-06.JPG,3020000019480-05,img/3020000019480-09-01__3020000019480-05.JPG,0.8857230544090271,1,유사(침해위험 높음)
802,3020000025777-06,img/3020000025777-09-01__3020000025777-06.JPG,3020000031443-03,img/3020000031443-09-01__3020000031443-03.JPG,0.4393400251865387,0,비유사(침해위험 낮음)
803,3020000031162-02,img/3020000031162-09-01__3020000031162-02.JPG,3020000008855-02,img/3020000008855-09-01__3020000008855-02.JPG,0.5644875168800354,0,비유사(침해위험 낮음)
804,3020000019098-02,img/3020000019098-09-01__3020000019098-02.JPG,3020000029220-02,img/3020000029220-09-01__3020000029220-02.JPG,0.5113277435302734,0,비유사(침해위험 낮음)
805,3020000005940-04,img/3020000005940-09-01__3020000005940-04.JPG,3020000022802-07,img/3020000022802-09-01__3020000022802-07.JPG,0.5899800062179565,0,비유사(침해위험 낮음)
806,3020000028255-02,img/3020000028255-09-01__3020000028255-02.JPG,3020000018871-06,img/3020000018871-09-01__3020000018871-06.JPG,0.4252323806285858,0,비유사(침해위험 낮음)
807,3020000015281-04,img/3020000015281-09-01__3020000015281-04.JPG,3020000002022-07,img/3020000002022-09-01__3020000002022-07.JPG,0.5046639442443848,0,비유사(침해위험 낮음)
808,3020000030132-07,img/3020000030132-09-01__3020000030132-07.JPG,3020000017679-04,img/3020000017679-09-01__3020000017679-04.JPG,0.5679141283035278,0,비유사(침해위험 낮음)
809,3020000012830-05,img/3020000012830-09-01__3020000012830-05.JPG,3020000021061-06,img/3020000021061-09-01__3020000021061-06.JPG,0.6922701597213745,0,비유사(침해위험 낮음)
810,3020000021170-04,img/3020000021170-09-01__3020000021170-04.JPG,3020000013860-03,img/3020000013860-09-01__3020000013860-03.JPG,0.7303347587585449,1,유사(침해위험 높음)
811,3020000017499-02,img/3020000017499-09-01__3020000017499-02.JPG,3020000005940-05,img/3020000005940-09-01__3020000005940-05.JPG,0.3103766441345215,0,비유사(침해위험 낮음)
812,3020000029979-02,img/3020000029979-09-01__3020000029979-02.JPG,3020000017501-07,img/3020000017501-09-01__3020000017501-07.JPG,0.4256674349308014,0,비유사(침해위험 낮음)
813,3020000024535-03,img/3020000024535-09-01__3020000024535-03.JPG,3020000029020-03,img/3020000029020-09-01__3020000029020-03.JPG,0.617483377456665,0,비유사(침해위험 낮음)
814,3020000017457-07,img/3020000017457-09-01__3020000017457-07.JPG,3020000003036-02,img/3020000003036-09-01__3020000003036-02.JPG,0.6182378530502319,0,비유사(침해위험 낮음)
815,3020000018612-07,img/3020000018612-09-01__3020000018612-07.JPG,3020000015228-03,img/3020000015228-09-01__3020000015228-03.JPG,0.5760695934295654,0,비유사(침해위험 낮음)
816,3020000011000-06,img/3020000011000-09-01__3020000011000-06.JPG,3020000006610-07,img/3020000006610-09-01__3020000006610-07.JPG,0.7425421476364136,1,유사(침해위험 높음)
817,3020000021602-04,img/3020000021602-09-01__3020000021602-04.JPG,3020000005652-03,img/3020000005652-09-01__3020000005652-03.JPG,0.6474399566650391,0,비유사(침해위험 낮음)
818,3020000029519-06,img/3020000029519-09-01__3020000029519-06.JPG,3020000012111-05,img/3020000012111-09-01__3020000012111-05.JPG,0.4895787239074707,0,비유사(침해위험 낮음)
819,3020000028831-04,img/3020000028831-09-01__3020000028831-04.JPG,3020000028667-02,img/3020000028667-09-01__3020000028667-02.JPG,0.7842615842819214,1,유사(침해위험 높음)
820,3020000026567-03,img/3020000026567-09-01__3020000026567-03.JPG,3020000001189-02,img/3020000001189-09-01__3020000001189-02.JPG,0.36917638778686523,0,비유사(침해위험 낮음)
821,3020000002476-03,img/3020000002476-09-01__3020000002476-03.JPG,3020000033000-04,img/3020000033000-09-01__3020000033000-04.JPG,0.5477479696273804,0,비유사(침해위험 낮음)
822,3020000016430-02,img/3020000016430-09-01__3020000016430-02.JPG,3020000013864-05,img/3020000013864-09-01__3020000013864-05.JPG,0.44554316997528076,0,비유사(침해위험 낮음)
823,3020000006745-01,img/3020000006745-09-01__3020000006745-01.JPG,3020000033000-05,img/3020000033000-09-01__3020000033000-05.JPG,0.6175861954689026,0,비유사(침해위험 낮음)
824,3020000024957-06,img/3020000024957-09-01__3020000024957-06.JPG,3020000011906-05,img/3020000011906-09-01__3020000011906-05.JPG,0.46742749214172363,0,비유사(침해위험 낮음)
825,3020000003961-07,img/3020000003961-09-01__3020000003961-07.JPG,3020000032063-07,img/3020000032063-09-01__3020000032063-07.JPG,0.7181965112686157,1,유사(침해위험 높음)
826,3020000024700-01,img/3020000024700-09-01__3020000024700-01.JPG,3020000011907-06,img/3020000011907-09-01__3020000011907-06.JPG,0.6246967315673828,0,비유사(침해위험 낮음)
827,3020000025777-02,img/3020000025777-09-01__3020000025777-02.JPG,3020000012601-07,img/3020000012601-09-01__3020000012601-07.JPG,0.4765155017375946,0,비유사(침해위험 낮음)
828,3020000013606-04,img/3020000013606-09-01__3020000013606-04.JPG,3020000016129-03,img/3020000016129-09-01__3020000016129-03.JPG,0.6537495851516724,0,비유사(침해위험 낮음)
829,3020000032578-02,img/3020000032578-09-01__3020000032578-02.JPG,3020000007772-05,img/3020000007772-09-01__3020000007772-05.JPG,0.691632866859436,0,비유사(침해위험 낮음)
830,3020000033178-05,img/3020000033178-09-01__3020000033178-05.JPG,3020000026521-07,img/3020000026521-09-01__3020000026521-07.JPG,0.7036927342414856,1,유사(침해위험 높음)
831,3020000000414-05,img/3020000000414-09-01__3020000000414-05.JPG,3020000015229-01,img/3020000015229-09-01__3020000015229-01.JPG,0.44628262519836426,0,비유사(침해위험 낮음)
832,3020000007581-07,img/3020000007581-09-01__3020000007581-07.JPG,3020000007014-03,img/3020000007014-09-01__3020000007014-03.JPG,0.6653132438659668,0,비유사(침해위험 낮음)
833,3020000024465-06,img/3020000024465-09-01__3020000024465-06.JPG,3020000014023-06,img/3020000014023-09-01__3020000014023-06.JPG,0.7866456508636475,1,유사(침해위험 높음)
834,3020000033317-03,img/3020000033317-09-01__3020000033317-03.JPG,3020000010608-06,img/3020000010608-09-01__3020000010608-06.JPG,0.5933982133865356,0,비유사(침해위험 낮음)
835,3020000006438-05,img/3020000006438-09-01__3020000006438-05.JPG,3020000029518-06,img/3020000029518-09-01__3020000029518-06.JPG,0.76650071144104,1,유사(침해위험 높음)
836,3020000001542-06,img/3020000001542-09-01__3020000001542-06.JPG,3020000007016-03,img/3020000007016-09-01__3020000007016-03.JPG,0.5924964547157288,0,비유사(침해위험 낮음)
837,3020000000847-05,img/3020000000847-09-01__3020000000847-05.JPG,3020000017457-05,img/3020000017457-09-01__3020000017457-05.JPG,0.7282075881958008,1,유사(침해위험 높음)
838,3020000033180-03,img/3020000033180-09-01__3020000033180-03.JPG,3020000033178-04,img/3020000033178-09-01__3020000033178-04.JPG,0.9299073815345764,1,유사(침해위험 높음)
839,3020000013861-03,img/3020000013861-09-01__3020000013861-03.JPG,3020000025817-05,img/3020000025817-09-01__3020000025817-05.JPG,0.39550185203552246,0,비유사(침해위험 낮음)
840,3020000016022-05,img/3020000016022-09-01__3020000016022-05.JPG,3020000000962-02,img/3020000000962-09-01__3020000000962-02.JPG,0.6458334922790527,0,비유사(침해위험 낮음)
841,3020000010608-05,img/3020000010608-09-01__3020000010608-05.JPG,3020000014871-02,img/3020000014871-09-01__3020000014871-02.JPG,0.7025635838508606,1,유사(침해위험 높음)
842,3020000002742-03,img/3020000002742-09-01__3020000002742-03.JPG,3020000006745-05,img/3020000006745-09-01__3020000006745-05.JPG,0.40723052620887756,0,비유사(침해위험 낮음)
843,3020000031443-01,img/3020000031443-09-01__3020000031443-01.JPG,3020000019481-06,img/3020000019481-09-01__3020000019481-06.JPG,0.48334529995918274,0,비유사(침해위험 낮음)
844,3020000024236-05,img/3020000024236-09-01__3020000024236-05.JPG,3020000006442-03,img/3020000006442-09-01__3020000006442-03.JPG,0.596480131149292,0,비유사(침해위험 낮음)
845,3020000031468-03,img/3020000031468-09-01__3020000031468-03.JPG,3020000003502-07,img/3020000003502-09-01__3020000003502-07.JPG,0.57906574010849,0,비유사(침해위험 낮음)
846,3020000022161-03,img/3020000022161-09-01__3020000022161-03.JPG,3020000021180-41,img/3020000021180-09-01__3020000021180-41.JPG,0.4662057161331177,0,비유사(침해위험 낮음)
847,3020000032581-03,img/3020000032581-09-01__3020000032581-03.JPG,3020000017498-06,img/3020000017498-09-01__3020000017498-06.JPG,0.6236595511436462,0,비유사(침해위험 낮음)
848,3020000023526-07,img/3020000023526-09-01__3020000023526-07.JPG,3020000026403-04,img/3020000026403-09-01__3020000026403-04.JPG,0.6850091218948364,0,비유사(침해위험 낮음)
849,3020000006438-01,img/3020000006438-09-01__3020000006438-01.JPG,3020000021422-09,img/3020000021422-09-01__3020000021422-09.JPG,0.288927286863327,0,비유사(침해위험 낮음)
850,3020000023257-03,img/3020000023257-09-01__3020000023257-03.JPG,3020000012833-06,img/3020000012833-09-01__3020000012833-06.JPG,0.6864596009254456,0,비유사(침해위험 낮음)
851,3020000028254-07,img/3020000028254-09-01__3020000028254-07.JPG,3020000002231-01,img/3020000002231-09-01__3020000002231-01.JPG,0.6371454000473022,0,비유사(침해위험 낮음)
852,3020000031162-04,img/3020000031162-09-01__3020000031162-04.JPG,3020000032584-04,img/3020000032584-09-01__3020000032584-04.JPG,0.736744225025177,1,유사(침해위험 높음)
853,3020000029327-04,img/3020000029327-09-01__3020000029327-04.JPG,3020000023871-07,img/3020000023871-09-01__3020000023871-07.JPG,0.619023323059082,0,비유사(침해위험 낮음)
854,3020000015433-05,img/3020000015433-09-01__3020000015433-05.JPG,3020000021814-04,img/3020000021814-09-01__3020000021814-04.JPG,0.5387266874313354,0,비유사(침해위험 낮음)
855,3020000029019-04,img/3020000029019-09-01__3020000029019-04.JPG,3020000001944-07,img/3020000001944-09-01__3020000001944-07.JPG,0.6205214858055115,0,비유사(침해위험 낮음)
856,3020000003036-03,img/3020000003036-09-01__3020000003036-03.JPG,3020000022200-06,img/3020000022200-09-01__3020000022200-06.JPG,0.5267886519432068,0,비유사(침해위험 낮음)
857,3020000018766-01,img/3020000018766-09-01__3020000018766-01.JPG,3020000019759-07,img/3020000019759-09-01__3020000019759-07.JPG,0.6205874681472778,0,비유사(침해위험 낮음)
858,3020000029979-04,img/3020000029979-09-01__3020000029979-04.JPG,3020000006436-04,img/3020000006436-09-01__3020000006436-04.JPG,0.4167667329311371,0,비유사(침해위험 낮음)
859,3020000022803-04,img/3020000022803-09-01__3020000022803-04.JPG,3020000030842-04,img/3020000030842-09-01__3020000030842-04.JPG,0.7119678854942322,1,유사(침해위험 높음)
860,3020000021061-06,img/3020000021061-09-01__3020000021061-06.JPG,3020000004249-06,img/3020000004249-09-01__3020000004249-06.JPG,0.6326967477798462,0,비유사(침해위험 낮음)
861,3020000004361-07,img/3020000004361-09-01__3020000004361-07.JPG,3020000015978-05,img/3020000015978-09-01__3020000015978-05.JPG,0.4508596658706665,0,비유사(침해위험 낮음)
862,3020000027513-07,img/3020000027513-09-01__3020000027513-07.JPG,3020000007891-01,img/3020000007891-09-01__3020000007891-01.JPG,0.4088793396949768,0,비유사(침해위험 낮음)
863,3020000003577-02,img/3020000003577-09-01__3020000003577-02.JPG,3020000006745-02,img/3020000006745-09-01__3020000006745-02.JPG,0.6901474595069885,0,비유사(침해위험 낮음)
864,3020000015227-06,img/3020000015227-09-01__3020000015227-06.JPG,3020000028260-03,img/3020000028260-09-01__3020000028260-03.JPG,0.49900245666503906,0,비유사(침해위험 낮음)
865,3020000028555-04,img/3020000028555-09-01__3020000028555-04.JPG,3020000025776-05,img/3020000025776-09-01__3020000025776-05.JPG,0.6102011203765869,0,비유사(침해위험 낮음)
866,3020000024555-05,img/3020000024555-09-01__3020000024555-05.JPG,3020000030842-03,img/3020000030842-09-01__3020000030842-03.JPG,0.6072585582733154,0,비유사(침해위험 낮음)
867,3020000016040-03,img/3020000016040-09-01__3020000016040-03.JPG,3020000018090-07,img/3020000018090-09-01__3020000018090-07.JPG,0.5450416207313538,0,비유사(침해위험 낮음)
868,3020000026567-04,img/3020000026567-09-01__3020000026567-04.JPG,3020000024360-03,img/3020000024360-09-01__3020000024360-03.JPG,0.5975139141082764,0,비유사(침해위험 낮음)
869,3020000015340-06,img/3020000015340-09-01__3020000015340-06.JPG,3020000021438-07,img/3020000021438-09-01__3020000021438-07.JPG,0.7331445813179016,1,유사(침해위험 높음)
870,3020000023317-03,img/3020000023317-09-01__3020000023317-03.JPG,3020000027388-02,img/3020000027388-09-01__3020000027388-02.JPG,0.43121272325515747,0,비유사(침해위험 낮음)
871,3020000020333-17,img/3020000020333-09-01__3020000020333-17.JPG,3020000005940-05,img/3020000005940-09-01__3020000005940-05.JPG,0.480118066072464,0,비유사(침해위험 낮음)
872,3020000033313-02,img/3020000033313-09-01__3020000033313-02.JPG,3020000030604-05,img/3020000030604-09-01__3020000030604-05.JPG,0.6293085813522339,0,비유사(침해위험 낮음)
873,3020000006442-06,img/3020000006442-09-01__3020000006442-06.JPG,3020000029220-01,img/3020000029220-09-01__3020000029220-01.JPG,0.5248014330863953,0,비유사(침해위험 낮음)
874,3020000029153-07,img/3020000029153-09-01__3020000029153-07.JPG,3020000032390-01,img/3020000032390-09-01__3020000032390-01.JPG,0.6113282442092896,0,비유사(침해위험 낮음)
875,3020000024557-03,img/3020000024557-09-01__3020000024557-03.JPG,3020000031066-06,img/3020000031066-09-01__3020000031066-06.JPG,0.666170597076416,0,비유사(침해위험 낮음)
876,3020000012601-03,img/3020000012601-09-01__3020000012601-03.JPG,3020000020333-09,img/3020000020333-09-01__3020000020333-09.JPG,0.37455111742019653,0,비유사(침해위험 낮음)
877,3020000021422-06,img/3020000021422-09-01__3020000021422-06.JPG,3020000012912-06,img/3020000012912-09-01__3020000012912-06.JPG,0.4626249670982361,0,비유사(침해위험 낮음)
878,3020000019084-09,img/3020000019084-09-01__3020000019084-09.JPG,3020000016999-03,img/3020000016999-09-01__3020000016999-03.JPG,0.3993033766746521,0,비유사(침해위험 낮음)
879,3020000021438-06,img/3020000021438-09-01__3020000021438-06.JPG,3020000018764-03,img/3020000018764-09-01__3020000018764-03.JPG,0.4796796143054962,0,비유사(침해위험 낮음)
880,3020000019098-06,img/3020000019098-09-01__3020000019098-06.JPG,3020000031163-07,img/3020000031163-09-01__3020000031163-07.JPG,0.533011257648468,0,비유사(침해위험 낮음)
881,3020000005898-03,img/3020000005898-09-01__3020000005898-03.JPG,3020000015506-01,img/3020000015506-09-01__3020000015506-01.JPG,0.5994861125946045,0,비유사(침해위험 낮음)
882,3020000019784-02,img/3020000019784-09-01__3020000019784-02.JPG,3020000015506-01,img/3020000015506-09-01__3020000015506-01.JPG,0.6028770804405212,0,비유사(침해위험 낮음)
883,3020000029552-02,img/3020000029552-09-01__3020000029552-02.JPG,3020000014195-02,img/3020000014195-09-01__3020000014195-02.JPG,0.7222749590873718,1,유사(침해위험 높음)
884,3020000017832-01,img/3020000017832-09-01__3020000017832-01.JPG,3020000008854-03,img/3020000008854-09-01__3020000008854-03.JPG,0.7083399891853333,1,유사(침해위험 높음)
885,3020000029979-07,img/3020000029979-09-01__3020000029979-07.JPG,3020000022160-03,img/3020000022160-09-01__3020000022160-03.JPG,0.5048276782035828,0,비유사(침해위험 낮음)
886,3020000003577-07,img/3020000003577-09-01__3020000003577-07.JPG,3020000005652-01,img/3020000005652-09-01__3020000005652-01.JPG,0.6563481688499451,0,비유사(침해위험 낮음)
887,3020000005118-05,img/3020000005118-09-01__3020000005118-05.JPG,3020000005653-02,img/3020000005653-09-01__3020000005653-02.JPG,0.6991128921508789,0,비유사(침해위험 낮음)
888,3020000020569-03,img/3020000020569-09-01__3020000020569-03.JPG,3020000005939-01,img/3020000005939-09-01__3020000005939-01.JPG,0.5819116234779358,0,비유사(침해위험 낮음)
889,3020000031444-05,img/3020000031444-09-01__3020000031444-05.JPG,3020000031169-03,img/3020000031169-09-01__3020000031169-03.JPG,0.5702574253082275,0,비유사(침해위험 낮음)
890,3020000017722-05,img/3020000017722-09-01__3020000017722-05.JPG,3020000007014-03,img/3020000007014-09-01__3020000007014-03.JPG,0.6397963762283325,0,비유사(침해위험 낮음)
891,3020000024700-23,img/3020000024700-09-01__3020000024700-23.JPG,3020000003008-06,img/3020000003008-09-01__3020000003008-06.JPG,0.6350623965263367,0,비유사(침해위험 낮음)
892,3020000025777-03,img/3020000025777-09-01__3020000025777-03.JPG,3020000024956-01,img/3020000024956-09-01__3020000024956-01.JPG,0.5882737636566162,0,비유사(침해위험 낮음)
893,3020000024956-01,img/3020000024956-09-01__3020000024956-01.JPG,3020000016129-09,img/3020000016129-09-01__3020000016129-09.JPG,0.6011048555374146,0,비유사(침해위험 낮음)
894,3020000029756-01,img/3020000029756-09-01__3020000029756-01.JPG,3020000006610-07,img/3020000006610-09-01__3020000006610-07.JPG,0.49847522377967834,0,비유사(침해위험 낮음)
895,3020000018873-03,img/3020000018873-09-01__3020000018873-03.JPG,3020000017373-07,img/3020000017373-09-01__3020000017373-07.JPG,0.4168485999107361,0,비유사(침해위험 낮음)
896,3020000029552-03,img/3020000029552-09-01__3020000029552-03.JPG,3020000031694-01,img/3020000031694-09-01__3020000031694-01.JPG,0.6686195731163025,0,비유사(침해위험 낮음)
897,3020000019482-07,img/3020000019482-09-01__3020000019482-07.JPG,3020000031066-07,img/3020000031066-09-01__3020000031066-07.JPG,0.6371935606002808,0,비유사(침해위험 낮음)
898,3020000002476-06,img/3020000002476-09-01__3020000002476-06.JPG,3020000015289-01,img/3020000015289-09-01__3020000015289-01.JPG,0.5785612463951111,0,비유사(침해위험 낮음)
899,3020000026844-03,img/3020000026844-09-01__3020000026844-03.JPG,3020000015504-07,img/3020000015504-09-01__3020000015504-07.JPG,0.6814457178115845,0,비유사(침해위험 낮음)
900,3020000017303-06,img/3020000017303-09-01__3020000017303-06.JPG,3020000006173-02,img/3020000006173-09-01__3020000006173-02.JPG,0.6281026601791382,0,비유사(침해위험 낮음)
901,3020000025395-03,img/3020000025395-09-01__3020000025395-03.JPG,3020000023372-04,img/3020000023372-09-01__3020000023372-04.JPG,0.48469752073287964,0,비유사(침해위험 낮음)
902,3020000012594-01,img/3020000012594-09-01__3020000012594-01.JPG,3020000008855-03,img/3020000008855-09-01__3020000008855-03.JPG,0.582459568977356,0,비유사(침해위험 낮음)
903,3020000029312-02,img/3020000029312-09-01__3020000029312-02.JPG,3020000022365-06,img/3020000022365-09-01__3020000022365-06.JPG,0.5798970460891724,0,비유사(침해위험 낮음)
904,3020000012835-03,img/3020000012835-09-01__3020000012835-03.JPG,3020000006436-05,img/3020000006436-09-01__3020000006436-05.JPG,0.8603695631027222,1,유사(침해위험 높음)
905,3020000017302-07,img/3020000017302-09-01__3020000017302-07.JPG,3020000024700-23,img/3020000024700-09-01__3020000024700-23.JPG,0.6172379851341248,0,비유사(침해위험 낮음)
906,3020000017678-01,img/3020000017678-09-01__3020000017678-01.JPG,3020000006442-09,img/3020000006442-09-01__3020000006442-09.JPG,0.7159501314163208,1,유사(침해위험 높음)
907,3020000031842-03,img/3020000031842-09-01__3020000031842-03.JPG,3020000015229-07,img/3020000015229-09-01__3020000015229-07.JPG,0.6606811285018921,0,비유사(침해위험 낮음)
908,3020000025308-01,img/3020000025308-09-01__3020000025308-01.JPG,3020000012836-04,img/3020000012836-09-01__3020000012836-04.JPG,0.614264965057373,0,비유사(침해위험 낮음)
909,3020000033581-04,img/3020000033581-09-01__3020000033581-04.JPG,3020000020333-04,img/3020000020333-09-01__3020000020333-04.JPG,0.8671526312828064,1,유사(침해위험 높음)
910,3020000024951-05,img/3020000024951-09-01__3020000024951-05.JPG,3020000032279-02,img/3020000032279-09-01__3020000032279-02.JPG,0.6308094263076782,0,비유사(침해위험 낮음)
911,3020000028258-06,img/3020000028258-09-01__3020000028258-06.JPG,3020000028254-01,img/3020000028254-09-01__3020000028254-01.JPG,0.6637399196624756,0,비유사(침해위험 낮음)
912,3020000029850-07,img/3020000029850-09-01__3020000029850-07.JPG,3020000029019-01,img/3020000029019-09-01__3020000029019-01.JPG,0.5379625558853149,0,비유사(침해위험 낮음)
913,3020000024712-01,img/3020000024712-09-01__3020000024712-01.JPG,3020000001557-01,img/3020000001557-09-01__3020000001557-01.JPG,0.7176434993743896,1,유사(침해위험 높음)
914,3020000027734-03,img/3020000027734-09-01__3020000027734-03.JPG,3020000029312-07,img/3020000029312-09-01__3020000029312-07.JPG,0.5451024770736694,0,비유사(침해위험 낮음)
915,3020000030343-06,img/3020000030343-09-01__3020000030343-06.JPG,3020000014928-04,img/3020000014928-09-01__3020000014928-04.JPG,0.6158626675605774,0,비유사(침해위험 낮음)
916,3020000001717-05,img/3020000001717-09-01__3020000001717-05.JPG,3020000010913-02,img/3020000010913-09-01__3020000010913-02.JPG,0.592085063457489,0,비유사(침해위험 낮음)
917,3020000015226-06,img/3020000015226-09-01__3020000015226-06.JPG,3020000030698-01,img/3020000030698-09-01__3020000030698-01.JPG,0.6731600165367126,0,비유사(침해위험 낮음)
918,3020000031842-02,img/3020000031842-09-01__3020000031842-02.JPG,3020000015457-07,img/3020000015457-09-01__3020000015457-07.JPG,0.6471412181854248,0,비유사(침해위험 낮음)
919,3020000016999-06,img/3020000016999-09-01__3020000016999-06.JPG,3020000017303-03,img/3020000017303-09-01__3020000017303-03.JPG,0.7181168794631958,1,유사(침해위험 높음)
920,3020000000639-05,img/3020000000639-09-01__3020000000639-05.JPG,3020000010913-07,img/3020000010913-09-01__3020000010913-07.JPG,0.7472732067108154,1,유사(침해위험 높음)
921,3020000007581-01,img/3020000007581-09-01__3020000007581-01.JPG,3020000025081-06,img/3020000025081-09-01__3020000025081-06.JPG,0.5458195209503174,0,비유사(침해위험 낮음)
922,3020000029312-05,img/3020000029312-09-01__3020000029312-05.JPG,3020000018765-04,img/3020000018765-09-01__3020000018765-04.JPG,0.5810822248458862,0,비유사(침해위험 낮음)
923,3020000004095-04,img/3020000004095-09-01__3020000004095-04.JPG,3020000007536-03,img/3020000007536-09-01__3020000007536-03.JPG,0.5635615587234497,0,비유사(침해위험 낮음)
924,3020000031247-05,img/3020000031247-09-01__3020000031247-05.JPG,3020000028555-04,img/3020000028555-09-01__3020000028555-04.JPG,0.5987644195556641,0,비유사(침해위험 낮음)
925,3020000001944-05,img/3020000001944-09-01__3020000001944-05.JPG,3020000005652-03,img/3020000005652-09-01__3020000005652-03.JPG,0.5664543509483337,0,비유사(침해위험 낮음)
926,3020000031468-05,img/3020000031468-09-01__3020000031468-05.JPG,3020000024360-02,img/3020000024360-09-01__3020000024360-02.JPG,0.6814100742340088,0,비유사(침해위험 낮음)
927,3020000012601-04,img/3020000012601-09-01__3020000012601-04.JPG,3020000017906-01,img/3020000017906-09-01__3020000017906-01.JPG,0.46063804626464844,0,비유사(침해위험 낮음)
928,3020000019481-01,img/3020000019481-09-01__3020000019481-01.JPG,3020000021438-07,img/3020000021438-09-01__3020000021438-07.JPG,0.48415493965148926,0,비유사(침해위험 낮음)
929,3020000017000-04,img/3020000017000-09-01__3020000017000-04.JPG,3020000009318-07,img/3020000009318-09-01__3020000009318-07.JPG,0.5873124003410339,0,비유사(침해위험 낮음)
930,3020000017679-02,img/3020000017679-09-01__3020000017679-02.JPG,3020000015504-04,img/3020000015504-09-01__3020000015504-04.JPG,0.5852407217025757,0,비유사(침해위험 낮음)
931,3020000031087-02,img/3020000031087-09-01__3020000031087-02.JPG,3020000016022-07,img/3020000016022-09-01__3020000016022-07.JPG,0.4558311104774475,0,비유사(침해위험 낮음)
932,3020000032580-05,img/3020000032580-09-01__3020000032580-05.JPG,3020000025082-04,img/3020000025082-09-01__3020000025082-04.JPG,0.7340749502182007,1,유사(침해위험 높음)
933,3020000026521-09,img/3020000026521-09-01__3020000026521-09.JPG,3020000005118-03,img/3020000005118-09-01__3020000005118-03.JPG,0.6974641680717468,0,비유사(침해위험 낮음)
934,3020000002742-04,img/3020000002742-09-01__3020000002742-04.JPG,3020000008855-07,img/3020000008855-09-01__3020000008855-07.JPG,0.497636616230011,0,비유사(침해위험 낮음)
935,3020000009318-07,img/3020000009318-09-01__3020000009318-07.JPG,3020000031696-05,img/3020000031696-09-01__3020000031696-05.JPG,0.5553971529006958,0,비유사(침해위험 낮음)
936,3020000028256-04,img/3020000028256-09-01__3020000028256-04.JPG,3020000002380-06,img/3020000002380-09-01__3020000002380-06.JPG,0.785214900970459,1,유사(침해위험 높음)
937,3020000029850-03,img/3020000029850-09-01__3020000029850-03.JPG,3020000004362-04,img/3020000004362-09-01__3020000004362-04.JPG,0.7100086808204651,1,유사(침해위험 높음)
938,3020000015226-01,img/3020000015226-09-01__3020000015226-01.JPG,3020000021061-04,img/3020000021061-09-01__3020000021061-04.JPG,0.6676946878433228,0,비유사(침해위험 낮음)
939,3020000029519-03,img/3020000029519-09-01__3020000029519-03.JPG,3020000019758-04,img/3020000019758-09-01__3020000019758-04.JPG,0.5850496888160706,0,비유사(침해위험 낮음)
940,3020000022439-06,img/3020000022439-09-01__3020000022439-06.JPG,3020000027513-02,img/3020000027513-09-01__3020000027513-02.JPG,0.5388067960739136,0,비유사(침해위험 낮음)
941,3020000020844-07,img/3020000020844-09-01__3020000020844-07.JPG,3020000019084-25,img/3020000019084-09-01__3020000019084-25.JPG,0.47296103835105896,0,비유사(침해위험 낮음)
942,3020000015226-05,img/3020000015226-09-01__3020000015226-05.JPG,3020000012601-05,img/3020000012601-09-01__3020000012601-05.JPG,0.5417217016220093,0,비유사(침해위험 낮음)
943,3020000031696-07,img/3020000031696-09-01__3020000031696-07.JPG,3020000023526-03,img/3020000023526-09-01__3020000023526-03.JPG,0.6252188086509705,0,비유사(침해위험 낮음)
944,3020000006442-04,img/3020000006442-09-01__3020000006442-04.JPG,3020000017002-07,img/3020000017002-09-01__3020000017002-07.JPG,0.6750344038009644,0,비유사(침해위험 낮음)
945,3020000020333-07,img/3020000020333-09-01__3020000020333-07.JPG,3020000006440-01,img/3020000006440-09-01__3020000006440-01.JPG,0.34620171785354614,0,비유사(침해위험 낮음)
946,3020000015283-04,img/3020000015283-09-01__3020000015283-04.JPG,3020000029877-06,img/3020000029877-09-01__3020000029877-06.JPG,0.5904784202575684,0,비유사(침해위험 낮음)
947,3020000029878-01,img/3020000029878-09-01__3020000029878-01.JPG,3020000026403-02,img/3020000026403-09-01__3020000026403-02.JPG,0.8016252517700195,1,유사(침해위험 높음)
948,3020000022730-03,img/3020000022730-09-01__3020000022730-03.JPG,3020000024237-02,img/3020000024237-09-01__3020000024237-02.JPG,0.3805541694164276,0,비유사(침해위험 낮음)
949,3020000029615-03,img/3020000029615-09-01__3020000029615-03.JPG,3020000015457-05,img/3020000015457-09-01__3020000015457-05.JPG,0.6015987396240234,0,비유사(침해위험 낮음)
950,3020000002327-03,img/3020000002327-09-01__3020000002327-03.JPG,3020000012833-02,img/3020000012833-09-01__3020000012833-02.JPG,0.8151986002922058,1,유사(침해위험 높음)
951,3020000018498-02,img/3020000018498-09-01__3020000018498-02.JPG,3020000026714-05,img/3020000026714-09-01__3020000026714-05.JPG,0.6086528301239014,0,비유사(침해위험 낮음)
952,3020000002771-06,img/3020000002771-09-01__3020000002771-06.JPG,3020000000726-04,img/3020000000726-09-01__3020000000726-04.JPG,0.6256991028785706,0,비유사(침해위험 낮음)
953,3020000011906-02,img/3020000011906-09-01__3020000011906-02.JPG,3020000015433-04,img/3020000015433-09-01__3020000015433-04.JPG,0.6878759860992432,0,비유사(침해위험 낮음)
954,3020000012111-02,img/3020000012111-09-01__3020000012111-02.JPG,3020000032279-02,img/3020000032279-09-01__3020000032279-02.JPG,0.627093493938446,0,비유사(침해위험 낮음)
955,3020000007443-05,img/3020000007443-09-01__3020000007443-05.JPG,3020000032063-03,img/3020000032063-09-01__3020000032063-03.JPG,0.7044827938079834,1,유사(침해위험 높음)
956,3020000014195-04,img/3020000014195-09-01__3020000014195-04.JPG,3020000015289-09,img/3020000015289-09-01__3020000015289-09.JPG,0.7000380754470825,1,유사(침해위험 높음)
957,3020000016129-01,img/3020000016129-09-01__3020000016129-01.JPG,3020000006512-04,img/3020000006512-09-01__3020000006512-04.JPG,0.6540126800537109,0,비유사(침해위험 낮음)
958,3020000000726-04,img/3020000000726-09-01__3020000000726-04.JPG,3020000023190-05,img/3020000023190-09-01__3020000023190-05.JPG,0.6942415833473206,0,비유사(침해위험 낮음)
959,3020000031527-01,img/3020000031527-09-01__3020000031527-01.JPG,3020000020333-25,img/3020000020333-09-01__3020000020333-25.JPG,0.7806527614593506,1,유사(침해위험 높음)
960,3020000010705-04,img/3020000010705-09-01__3020000010705-04.JPG,3020000007013-06,img/3020000007013-09-01__3020000007013-06.JPG,0.5010366439819336,0,비유사(침해위험 낮음)
961,3020000018090-04,img/3020000018090-09-01__3020000018090-04.JPG,3020000024361-04,img/3020000024361-09-01__3020000024361-04.JPG,0.7601954340934753,1,유사(침해위험 높음)
962,3020000030698-05,img/3020000030698-09-01__3020000030698-05.JPG,3020000013583-06,img/3020000013583-09-01__3020000013583-06.JPG,0.6532169580459595,0,비유사(침해위험 낮음)
963,3020000023254-03,img/3020000023254-09-01__3020000023254-03.JPG,3020000024907-02,img/3020000024907-09-01__3020000024907-02.JPG,0.7083393335342407,1,유사(침해위험 높음)
964,3020000029615-07,img/3020000029615-09-01__3020000029615-07.JPG,3020000033580-07,img/3020000033580-09-01__3020000033580-07.JPG,0.72549968957901,1,유사(침해위험 높음)
965,3020000017424-02,img/3020000017424-09-01__3020000017424-02.JPG,3020000004208-07,img/3020000004208-09-01__3020000004208-07.JPG,0.7420775890350342,1,유사(침해위험 높음)
966,3020000018612-03,img/3020000018612-09-01__3020000018612-03.JPG,3020000031443-02,img/3020000031443-09-01__3020000031443-02.JPG,0.5094778537750244,0,비유사(침해위험 낮음)
967,3020000002083-04,img/3020000002083-09-01__3020000002083-04.JPG,3020000020672-04,img/3020000020672-09-01__3020000020672-04.JPG,0.8068403005599976,1,유사(침해위험 높음)
968,3020000001115-07,img/3020000001115-09-01__3020000001115-07.JPG,3020000021814-33,img/3020000021814-09-01__3020000021814-33.JPG,0.42001450061798096,0,비유사(침해위험 낮음)
969,3020000004298-02,img/3020000004298-09-01__3020000004298-02.JPG,3020000015506-03,img/3020000015506-09-01__3020000015506-03.JPG,0.5658853054046631,0,비유사(침해위험 낮음)
970,3020000025393-01,img/3020000025393-09-01__3020000025393-01.JPG,3020000020333-05,img/3020000020333-09-01__3020000020333-05.JPG,0.5052224397659302,0,비유사(침해위험 낮음)
971,3020000025182-05,img/3020000025182-09-01__3020000025182-05.JPG,3020000018767-05,img/3020000018767-09-01__3020000018767-05.JPG,0.5803307294845581,0,비유사(침해위험 낮음)
972,3020000030806-01,img/3020000030806-09-01__3020000030806-01.JPG,3020000028667-05,img/3020000028667-09-01__3020000028667-05.JPG,0.4796995520591736,0,비유사(침해위험 낮음)
973,3020000019323-06,img/3020000019323-09-01__3020000019323-06.JPG,3020000015289-09,img/3020000015289-09-01__3020000015289-09.JPG,0.6337370872497559,0,비유사(침해위험 낮음)
974,3020000006446-01,img/3020000006446-09-01__3020000006446-01.JPG,3020000018786-01,img/3020000018786-09-01__3020000018786-01.JPG,0.6697394251823425,0,비유사(침해위험 낮음)
975,3020000001139-17,img/3020000001139-09-01__3020000001139-17.JPG,3020000016040-02,img/3020000016040-09-01__3020000016040-02.JPG,0.7739956974983215,1,유사(침해위험 높음)
976,3020000010115-02,img/3020000010115-09-01__3020000010115-02.JPG,3020000033444-01,img/3020000033444-09-01__3020000033444-01.JPG,0.506851077079773,0,비유사(침해위험 낮음)
977,3020000028256-05,img/3020000028256-09-01__3020000028256-05.JPG,3020000021829-01,img/3020000021829-09-01__3020000021829-01.JPG,0.40863120555877686,0,비유사(침해위험 낮음)
978,3020000030132-04,img/3020000030132-09-01__3020000030132-04.JPG,3020000017498-06,img/3020000017498-09-01__3020000017498-06.JPG,0.5921525955200195,0,비유사(침해위험 낮음)
979,3020000005379-02,img/3020000005379-09-01__3020000005379-02.JPG,3020000020672-06,img/3020000020672-09-01__3020000020672-06.JPG,0.6876669526100159,0,비유사(침해위험 낮음)
980,3020000006435-02,img/3020000006435-09-01__3020000006435-02.JPG,3020000013864-04,img/3020000013864-09-01__3020000013864-04.JPG,0.6478511095046997,0,비유사(침해위험 낮음)
981,3020000020672-02,img/3020000020672-09-01__3020000020672-02.JPG,3020000025817-06,img/3020000025817-09-01__3020000025817-06.JPG,0.5083740949630737,0,비유사(침해위험 낮음)
982,3020000018765-03,img/3020000018765-09-01__3020000018765-03.JPG,3020000024008-04,img/3020000024008-09-01__3020000024008-04.JPG,0.3859214186668396,0,비유사(침해위험 낮음)
983,3020000004298-06,img/3020000004298-09-01__3020000004298-06.JPG,3020000018498-05,img/3020000018498-09-01__3020000018498-05.JPG,0.6056385040283203,0,비유사(침해위험 낮음)
984,3020000015501-05,img/3020000015501-09-01__3020000015501-05.JPG,3020000031468-03,img/3020000031468-09-01__3020000031468-03.JPG,0.7216963768005371,1,유사(침해위험 높음)
985,3020000016999-05,img/3020000016999-09-01__3020000016999-05.JPG,3020000012833-06,img/3020000012833-09-01__3020000012833-06.JPG,0.44594886898994446,0,비유사(침해위험 낮음)
986,3020000016423-07,img/3020000016423-09-01__3020000016423-07.JPG,3020000032582-01,img/3020000032582-09-01__3020000032582-01.JPG,0.5444373488426208,0,비유사(침해위험 낮음)
987,3020000009604-01,img/3020000009604-09-01__3020000009604-01.JPG,3020000004297-03,img/3020000004297-09-01__3020000004297-03.JPG,0.6833925843238831,0,비유사(침해위험 낮음)
988,3020000023374-02,img/3020000023374-09-01__3020000023374-02.JPG,3020000028555-04,img/3020000028555-09-01__3020000028555-04.JPG,0.6834907531738281,0,비유사(침해위험 낮음)
989,3020000006442-05,img/3020000006442-09-01__3020000006442-05.JPG,3020000024360-03,img/3020000024360-09-01__3020000024360-03.JPG,0.6725160479545593,0,비유사(침해위험 낮음)
990,3020000023373-07,img/3020000023373-09-01__3020000023373-07.JPG,3020000011029-02,img/3020000011029-09-01__3020000011029-02.JPG,0.41952699422836304,0,비유사(침해위험 낮음)
991,3020000032580-03,img/3020000032580-09-01__3020000032580-03.JPG,3020000017302-04,img/3020000017302-09-01__3020000017302-04.JPG,0.7480794191360474,1,유사(침해위험 높음)
992,3020000017303-04,img/3020000017303-09-01__3020000017303-04.JPG,3020000031162-05,img/3020000031162-09-01__3020000031162-05.JPG,0.7413650155067444,1,유사(침해위험 높음)
993,3020000029020-05,img/3020000029020-09-01__3020000029020-05.JPG,3020000007772-05,img/3020000007772-09-01__3020000007772-05.JPG,0.5806503295898438,0,비유사(침해위험 낮음)
994,3020000013860-03,img/3020000013860-09-01__3020000013860-03.JPG,3020000006096-06,img/3020000006096-09-01__3020000006096-06.JPG,0.7302463054656982,1,유사(침해위험 높음)
995,3020000007584-07,img/3020000007584-09-01__3020000007584-07.JPG,3020000014195-06,img/3020000014195-09-01__3020000014195-06.JPG,0.5387872457504272,0,비유사(침해위험 낮음)
996,3020000011312-01,img/3020000011312-09-01__3020000011312-01.JPG,3020000010608-02,img/3020000010608-09-01__3020000010608-02.JPG,0.46686694025993347,0,비유사(침해위험 낮음)
997,3020000027112-04,img/3020000027112-09-01__3020000027112-04.JPG,3020000008854-04,img/3020000008854-09-01__3020000008854-04.JPG,0.6099470853805542,0,비유사(침해위험 낮음)
998,3020000031824-07,img/3020000031824-09-01__3020000031824-07.JPG,3020000031824-03,img/3020000031824-09-01__3020000031824-03.JPG,0.7033549547195435,1,유사(침해위험 높음)
999,3020000029220-04,img/3020000029220-09-01__3020000029220-04.JPG,3020000004296-06,img/3020000004296-09-01__3020000004296-06.JPG,0.5005900859832764,0,비유사(침해위험 낮음)
1000,3020000010911-03,img/3020000010911-09-01__3020000010911-03.JPG,3020000032577-03,img/3020000032577-09-01__3020000032577-03.JPG,0.4730984568595886,0,비유사(침해위험 낮음)
1001,3020000028282-04,img/3020000028282-09-01__3020000028282-04.JPG,3020000022833-05,img/3020000022833-09-01__3020000022833-05.JPG,0.7145094275474548,1,유사(침해위험 높음)
1002,3020000021952-02,img/3020000021952-09-01__3020000021952-02.JPG,3020000031696-05,img/3020000031696-09-01__3020000031696-05.JPG,0.7261618375778198,1,유사(침해위험 높음)
1003,3020000024957-03,img/3020000024957-09-01__3020000024957-03.JPG,3020000031824-06,img/3020000031824-09-01__3020000031824-06.JPG,0.661139965057373,0,비유사(침해위험 낮음)
1004,3020000025496-02,img/3020000025496-09-01__3020000025496-02.JPG,3020000021275-02,img/3020000021275-09-01__3020000021275-02.JPG,0.5328481793403625,0,비유사(침해위험 낮음)
1005,3020000029879-04,img/3020000029879-09-01__3020000029879-04.JPG,3020000024957-06,img/3020000024957-09-01__3020000024957-06.JPG,0.37753307819366455,0,비유사(침해위험 낮음)
1006,3020000029019-02,img/3020000029019-09-01__3020000029019-02.JPG,3020000028626-06,img/3020000028626-09-01__3020000028626-06.JPG,0.503183901309967,0,비유사(침해위험 낮음)
1007,3020000028260-04,img/3020000028260-09-01__3020000028260-04.JPG,3020000016022-02,img/3020000016022-09-01__3020000016022-02.JPG,0.6949772834777832,0,비유사(침해위험 낮음)
1008,3020000028282-01,img/3020000028282-09-01__3020000028282-01.JPG,3020000015613-01,img/3020000015613-09-01__3020000015613-01.JPG,0.6187448501586914,0,비유사(침해위험 낮음)
1009,3020000008383-05,img/3020000008383-09-01__3020000008383-05.JPG,3020000020789-05,img/3020000020789-09-01__3020000020789-05.JPG,0.6864962577819824,0,비유사(침해위험 낮음)
1010,3020000003961-05,img/3020000003961-09-01__3020000003961-05.JPG,3020000022024-09,img/3020000022024-09-01__3020000022024-09.JPG,0.3773951530456543,0,비유사(침해위험 낮음)
1011,3020000021061-01,img/3020000021061-09-01__3020000021061-01.JPG,3020000028348-04,img/3020000028348-09-01__3020000028348-04.JPG,0.3837471306324005,0,비유사(침해위험 낮음)
1012,3020000015434-03,img/3020000015434-09-01__3020000015434-03.JPG,3020000033316-01,img/3020000033316-09-01__3020000033316-01.JPG,0.5778675079345703,0,비유사(침해위험 낮음)
1013,3020000015227-05,img/3020000015227-09-01__3020000015227-05.JPG,3020000025996-02,img/3020000025996-09-01__3020000025996-02.JPG,0.6159749627113342,0,비유사(침해위험 낮음)
1014,3020000002988-05,img/3020000002988-09-01__3020000002988-05.JPG,3020000017303-07,img/3020000017303-09-01__3020000017303-07.JPG,0.692264974117279,0,비유사(침해위험 낮음)
1015,3020000023372-04,img/3020000023372-09-01__3020000023372-04.JPG,3020000004296-01,img/3020000004296-09-01__3020000004296-01.JPG,0.4610123038291931,0,비유사(침해위험 낮음)
1016,3020000015501-06,img/3020000015501-09-01__3020000015501-06.JPG,3020000021829-09,img/3020000021829-09-01__3020000021829-09.JPG,0.3973280191421509,0,비유사(침해위험 낮음)
1017,3020000021422-09,img/3020000021422-09-01__3020000021422-09.JPG,3020000002025-06,img/3020000002025-09-01__3020000002025-06.JPG,0.3740305006504059,0,비유사(침해위험 낮음)
1018,3020000003007-01,img/3020000003007-09-01__3020000003007-01.JPG,3020000017678-06,img/3020000017678-09-01__3020000017678-06.JPG,0.5517873764038086,0,비유사(침해위험 낮음)
1019,3020000015285-05,img/3020000015285-09-01__3020000015285-05.JPG,3020000004297-05,img/3020000004297-09-01__3020000004297-05.JPG,0.7570105791091919,1,유사(침해위험 높음)
1020,3020000029020-02,img/3020000029020-09-01__3020000029020-02.JPG,3020000005512-04,img/3020000005512-09-01__3020000005512-04.JPG,0.5328323245048523,0,비유사(침해위험 낮음)
1021,3020000028254-07,img/3020000028254-09-01__3020000028254-07.JPG,3020000026403-06,img/3020000026403-09-01__3020000026403-06.JPG,0.7064094543457031,1,유사(침해위험 높음)
1022,3020000023372-02,img/3020000023372-09-01__3020000023372-02.JPG,3020000018092-07,img/3020000018092-09-01__3020000018092-07.JPG,0.36226582527160645,0,비유사(침해위험 낮음)
1023,3020000021877-04,img/3020000021877-09-01__3020000021877-04.JPG,3020000025496-06,img/3020000025496-09-01__3020000025496-06.JPG,0.4229362905025482,0,비유사(침해위험 낮음)
1024,3020000024700-01,img/3020000024700-09-01__3020000024700-01.JPG,3020000033181-04,img/3020000033181-09-01__3020000033181-04.JPG,0.7285076379776001,1,유사(침해위험 높음)
1025,3020000031169-03,img/3020000031169-09-01__3020000031169-03.JPG,3020000002082-06,img/3020000002082-09-01__3020000002082-06.JPG,0.7232113480567932,1,유사(침해위험 높음)
1026,3020000021275-06,img/3020000021275-09-01__3020000021275-06.JPG,3020000034017-01,img/3020000034017-09-01__3020000034017-01.JPG,0.528476357460022,0,비유사(침해위험 낮음)
1027,3020000025158-05,img/3020000025158-09-01__3020000025158-05.JPG,3020000029206-03,img/3020000029206-09-01__3020000029206-03.JPG,0.44312262535095215,0,비유사(침해위험 낮음)
1028,3020000010998-07,img/3020000010998-09-01__3020000010998-07.JPG,3020000015978-02,img/3020000015978-09-01__3020000015978-02.JPG,0.6108922362327576,0,비유사(침해위험 낮음)
1029,3020000027388-01,img/3020000027388-09-01__3020000027388-01.JPG,3020000022161-01,img/3020000022161-09-01__3020000022161-01.JPG,0.34700384736061096,0,비유사(침해위험 낮음)
1030,3020000023254-07,img/3020000023254-09-01__3020000023254-07.JPG,3020000008383-04,img/3020000008383-09-01__3020000008383-04.JPG,0.6120022535324097,0,비유사(침해위험 낮음)
1031,3020000003036-07,img/3020000003036-09-01__3020000003036-07.JPG,3020000021422-02,img/3020000021422-09-01__3020000021422-02.JPG,0.3117942214012146,0,비유사(침해위험 낮음)
1032,3020000006173-01,img/3020000006173-09-01__3020000006173-01.JPG,3020000034017-05,img/3020000034017-09-01__3020000034017-05.JPG,0.6148817539215088,0,비유사(침해위험 낮음)
1033,3020000017001-07,img/3020000017001-09-01__3020000017001-07.JPG,3020000030843-05,img/3020000030843-09-01__3020000030843-05.JPG,0.6556724309921265,0,비유사(침해위험 낮음)
1034,3020000005118-01,img/3020000005118-09-01__3020000005118-01.JPG,3020000023257-06,img/3020000023257-09-01__3020000023257-06.JPG,0.6440247893333435,0,비유사(침해위험 낮음)
1035,3020000029032-01,img/3020000029032-09-01__3020000029032-01.JPG,3020000010115-05,img/3020000010115-09-01__3020000010115-05.JPG,0.6668764352798462,0,비유사(침해위험 낮음)
1036,3020000002081-05,img/3020000002081-09-01__3020000002081-05.JPG,3020000013911-01,img/3020000013911-09-01__3020000013911-01.JPG,0.7234542965888977,1,유사(침해위험 높음)
1037,3020000030702-07,img/3020000030702-09-01__3020000030702-07.JPG,3020000020788-04,img/3020000020788-09-01__3020000020788-04.JPG,0.6079262495040894,0,비유사(침해위험 낮음)
1038,3020000020789-03,img/3020000020789-09-01__3020000020789-03.JPG,3020000024008-04,img/3020000024008-09-01__3020000024008-04.JPG,0.40849971771240234,0,비유사(침해위험 낮음)
1039,3020000023960-06,img/3020000023960-09-01__3020000023960-06.JPG,3020000027734-06,img/3020000027734-09-01__3020000027734-06.JPG,0.6748664379119873,0,비유사(침해위험 낮음)
1040,3020000009396-06,img/3020000009396-09-01__3020000009396-06.JPG,3020000017499-07,img/3020000017499-09-01__3020000017499-07.JPG,0.8534287810325623,1,유사(침해위험 높음)
1041,3020000017722-06,img/3020000017722-09-01__3020000017722-06.JPG,3020000015283-02,img/3020000015283-09-01__3020000015283-02.JPG,0.6506326198577881,0,비유사(침해위험 낮음)
1042,3020000018222-05,img/3020000018222-09-01__3020000018222-05.JPG,3020000018872-02,img/3020000018872-09-01__3020000018872-02.JPG,0.406238317489624,0,비유사(침해위험 낮음)
1043,3020000032578-03,img/3020000032578-09-01__3020000032578-03.JPG,3020000016998-07,img/3020000016998-09-01__3020000016998-07.JPG,0.6393100023269653,0,비유사(침해위험 낮음)
1044,3020000029878-02,img/3020000029878-09-01__3020000029878-02.JPG,3020000026567-06,img/3020000026567-09-01__3020000026567-06.JPG,0.5539880394935608,0,비유사(침해위험 낮음)
1045,3020000002742-03,img/3020000002742-09-01__3020000002742-03.JPG,3020000033178-07,img/3020000033178-09-01__3020000033178-07.JPG,0.36990246176719666,0,비유사(침해위험 낮음)
1046,3020000028348-02,img/3020000028348-09-01__3020000028348-02.JPG,3020000029032-06,img/3020000029032-09-01__3020000029032-06.JPG,0.26984333992004395,0,비유사(침해위험 낮음)
1047,3020000016430-06,img/3020000016430-09-01__3020000016430-06.JPG,3020000003577-02,img/3020000003577-09-01__3020000003577-02.JPG,0.3956700563430786,0,비유사(침해위험 낮음)
1048,3020000016129-09,img/3020000016129-09-01__3020000016129-09.JPG,3020000005898-01,img/3020000005898-09-01__3020000005898-01.JPG,0.6045491695404053,0,비유사(침해위험 낮음)
1049,3020000024712-06,img/3020000024712-09-01__3020000024712-06.JPG,3020000029877-07,img/3020000029877-09-01__3020000029877-07.JPG,0.4837590456008911,0,비유사(침해위험 낮음)
1050,3020000018222-02,img/3020000018222-09-01__3020000018222-02.JPG,3020000015283-07,img/3020000015283-09-01__3020000015283-07.JPG,0.5674320459365845,0,비유사(침해위험 낮음)
1051,3020000014030-05,img/3020000014030-09-01__3020000014030-05.JPG,3020000031088-04,img/3020000031088-09-01__3020000031088-04.JPG,0.4163910448551178,0,비유사(침해위험 낮음)
1052,3020000029312-02,img/3020000029312-09-01__3020000029312-02.JPG,3020000027112-05,img/3020000027112-09-01__3020000027112-05.JPG,0.5570535063743591,0,비유사(침해위험 낮음)
1053,3020000008383-02,img/3020000008383-09-01__3020000008383-02.JPG,3020000016430-01,img/3020000016430-09-01__3020000016430-01.JPG,0.547844409942627,0,비유사(침해위험 낮음)
1054,3020000004362-03,img/3020000004362-09-01__3020000004362-03.JPG,3020000025561-01,img/3020000025561-09-01__3020000025561-01.JPG,0.446094274520874,0,비유사(침해위험 낮음)
1055,3020000029520-03,img/3020000029520-09-01__3020000029520-03.JPG,3020000007536-01,img/3020000007536-09-01__3020000007536-01.JPG,0.3820744454860687,0,비유사(침해위험 낮음)
1056,3020000017302-05,img/3020000017302-09-01__3020000017302-05.JPG,3020000015501-05,img/3020000015501-09-01__3020000015501-05.JPG,0.6371979713439941,0,비유사(침해위험 낮음)
1057,3020000029220-07,img/3020000029220-09-01__3020000029220-07.JPG,3020000030583-05,img/3020000030583-09-01__3020000030583-05.JPG,0.44418078660964966,0,비유사(침해위험 낮음)
1058,3020000029519-04,img/3020000029519-09-01__3020000029519-04.JPG,3020000018269-03,img/3020000018269-09-01__3020000018269-03.JPG,0.6441839933395386,0,비유사(침해위험 낮음)
1059,3020000007013-05,img/3020000007013-09-01__3020000007013-05.JPG,3020000026521-03,img/3020000026521-09-01__3020000026521-03.JPG,0.6808516979217529,0,비유사(침해위험 낮음)
1060,3020000030710-05,img/3020000030710-09-01__3020000030710-05.JPG,3020000005118-03,img/3020000005118-09-01__3020000005118-03.JPG,0.7513052821159363,1,유사(침해위험 높음)
1061,3020000015501-03,img/3020000015501-09-01__3020000015501-03.JPG,3020000024907-03,img/3020000024907-09-01__3020000024907-03.JPG,0.5144578218460083,0,비유사(침해위험 낮음)
1062,3020000017906-03,img/3020000017906-09-01__3020000017906-03.JPG,3020000029019-04,img/3020000029019-09-01__3020000029019-04.JPG,0.5330567955970764,0,비유사(침해위험 낮음)
1063,3020000033181-03,img/3020000033181-09-01__3020000033181-03.JPG,3020000016129-03,img/3020000016129-09-01__3020000016129-03.JPG,0.6371191740036011,0,비유사(침해위험 낮음)
1064,3020000006745-17,img/3020000006745-09-01__3020000006745-17.JPG,3020000029756-01,img/3020000029756-09-01__3020000029756-01.JPG,0.6921312808990479,0,비유사(침해위험 낮음)
1065,3020000030698-01,img/3020000030698-09-01__3020000030698-01.JPG,3020000031169-03,img/3020000031169-09-01__3020000031169-03.JPG,0.688220739364624,0,비유사(침해위험 낮음)
1066,3020000029979-01,img/3020000029979-09-01__3020000029979-01.JPG,3020000024236-07,img/3020000024236-09-01__3020000024236-07.JPG,0.522308349609375,0,비유사(침해위험 낮음)
1067,3020000005653-03,img/3020000005653-09-01__3020000005653-03.JPG,3020000029032-01,img/3020000029032-09-01__3020000029032-01.JPG,0.6733323335647583,0,비유사(침해위험 낮음)
1068,3020000029756-03,img/3020000029756-09-01__3020000029756-03.JPG,3020000019758-02,img/3020000019758-09-01__3020000019758-02.JPG,0.527615487575531,0,비유사(침해위험 낮음)
1069,3020000023373-01,img/3020000023373-09-01__3020000023373-01.JPG,3020000017498-06,img/3020000017498-09-01__3020000017498-06.JPG,0.38340872526168823,0,비유사(침해위험 낮음)
1070,3020000001115-05,img/3020000001115-09-01__3020000001115-05.JPG,3020000017499-02,img/3020000017499-09-01__3020000017499-02.JPG,0.454108864068985,0,비유사(침해위험 낮음)
1071,3020000015457-07,img/3020000015457-09-01__3020000015457-07.JPG,3020000010913-02,img/3020000010913-09-01__3020000010913-02.JPG,0.6234694719314575,0,비유사(침해위험 낮음)
1072,3020000012594-07,img/3020000012594-09-01__3020000012594-07.JPG,3020000017000-07,img/3020000017000-09-01__3020000017000-07.JPG,0.5180489420890808,0,비유사(침해위험 낮음)
1073,3020000032162-04,img/3020000032162-09-01__3020000032162-04.JPG,3020000022730-01,img/3020000022730-09-01__3020000022730-01.JPG,0.5874267220497131,0,비유사(침해위험 낮음)
1074,3020000011007-01,img/3020000011007-09-01__3020000011007-01.JPG,3020000012836-05,img/3020000012836-09-01__3020000012836-05.JPG,0.6771893501281738,0,비유사(침해위험 낮음)
1075,3020000007443-06,img/3020000007443-09-01__3020000007443-06.JPG,3020000008855-04,img/3020000008855-09-01__3020000008855-04.JPG,0.5174834728240967,0,비유사(침해위험 낮음)
1076,3020000004297-07,img/3020000004297-09-01__3020000004297-07.JPG,3020000015341-03,img/3020000015341-09-01__3020000015341-03.JPG,0.592134952545166,0,비유사(침해위험 낮음)
1077,3020000033178-03,img/3020000033178-09-01__3020000033178-03.JPG,3020000006090-06,img/3020000006090-09-01__3020000006090-06.JPG,0.504874587059021,0,비유사(침해위험 낮음)
1078,3020000023372-05,img/3020000023372-09-01__3020000023372-05.JPG,3020000032447-02,img/3020000032447-09-01__3020000032447-02.JPG,0.4461140036582947,0,비유사(침해위험 낮음)
1079,3020000024465-04,img/3020000024465-09-01__3020000024465-04.JPG,3020000031169-02,img/3020000031169-09-01__3020000031169-02.JPG,0.6294776797294617,0,비유사(침해위험 낮음)
1080,3020000024236-07,img/3020000024236-09-01__3020000024236-07.JPG,3020000002025-06,img/3020000002025-09-01__3020000002025-06.JPG,0.5933371782302856,0,비유사(침해위험 낮음)
1081,3020000029519-03,img/3020000029519-09-01__3020000029519-03.JPG,3020000016998-01,img/3020000016998-09-01__3020000016998-01.JPG,0.5984307527542114,0,비유사(침해위험 낮음)
1082,3020000032162-04,img/3020000032162-09-01__3020000032162-04.JPG,3020000028256-05,img/3020000028256-09-01__3020000028256-05.JPG,0.46748965978622437,0,비유사(침해위험 낮음)
1083,3020000007014-07,img/3020000007014-09-01__3020000007014-07.JPG,3020000026567-04,img/3020000026567-09-01__3020000026567-04.JPG,0.6432081460952759,0,비유사(침해위험 낮음)
1084,3020000017906-04,img/3020000017906-09-01__3020000017906-04.JPG,3020000008855-01,img/3020000008855-09-01__3020000008855-01.JPG,0.5958411693572998,0,비유사(침해위험 낮음)
1085,3020000009398-06,img/3020000009398-09-01__3020000009398-06.JPG,3020000010913-04,img/3020000010913-09-01__3020000010913-04.JPG,0.6042091846466064,0,비유사(침해위험 낮음)
1086,3020000030343-03,img/3020000030343-09-01__3020000030343-03.JPG,3020000032447-03,img/3020000032447-09-01__3020000032447-03.JPG,0.5585551261901855,0,비유사(침해위험 낮음)
1087,3020000028260-04,img/3020000028260-09-01__3020000028260-04.JPG,3020000033636-04,img/3020000033636-09-01__3020000033636-04.JPG,0.60511314868927,0,비유사(침해위험 낮음)
1088,3020000009535-05,img/3020000009535-09-01__3020000009535-05.JPG,3020000031066-07,img/3020000031066-09-01__3020000031066-07.JPG,0.4295458197593689,0,비유사(침해위험 낮음)
1089,3020000020788-03,img/3020000020788-09-01__3020000020788-03.JPG,3020000002231-02,img/3020000002231-09-01__3020000002231-02.JPG,0.585455060005188,0,비유사(침해위험 낮음)
1090,3020000018873-03,img/3020000018873-09-01__3020000018873-03.JPG,3020000017500-02,img/3020000017500-09-01__3020000017500-02.JPG,0.2838626503944397,0,비유사(침해위험 낮음)
1091,3020000029872-06,img/3020000029872-09-01__3020000029872-06.JPG,3020000031066-01,img/3020000031066-09-01__3020000031066-01.JPG,0.5141469240188599,0,비유사(침해위험 낮음)
1092,3020000013861-01,img/3020000013861-09-01__3020000013861-01.JPG,3020000021170-02,img/3020000021170-09-01__3020000021170-02.JPG,0.47797274589538574,0,비유사(침해위험 낮음)
1093,3020000027874-02,img/3020000027874-09-01__3020000027874-02.JPG,3020000015284-04,img/3020000015284-09-01__3020000015284-04.JPG,0.6267702579498291,0,비유사(침해위험 낮음)
1094,3020000031695-03,img/3020000031695-09-01__3020000031695-03.JPG,3020000031692-01,img/3020000031692-09-01__3020000031692-01.JPG,0.5440967679023743,0,비유사(침해위험 낮음)
1095,3020000032584-06,img/3020000032584-09-01__3020000032584-06.JPG,3020000021275-02,img/3020000021275-09-01__3020000021275-02.JPG,0.44095391035079956,0,비유사(침해위험 낮음)
1096,3020000013720-01,img/3020000013720-09-01__3020000013720-01.JPG,3020000024443-03,img/3020000024443-09-01__3020000024443-03.JPG,0.5695782899856567,0,비유사(침해위험 낮음)
1097,3020000013862-01,img/3020000013862-09-01__3020000013862-01.JPG,3020000015501-02,img/3020000015501-09-01__3020000015501-02.JPG,0.44811922311782837,0,비유사(침해위험 낮음)
1098,3020000033636-03,img/3020000033636-09-01__3020000033636-03.JPG,3020000032940-01,img/3020000032940-09-01__3020000032940-01.JPG,0.5656331777572632,0,비유사(침해위험 낮음)
1099,3020000022024-17,img/3020000022024-09-01__3020000022024-17.JPG,3020000011029-02,img/3020000011029-09-01__3020000011029-02.JPG,0.48233023285865784,0,비유사(침해위험 낮음)
1100,3020000017678-02,img/3020000017678-09-01__3020000017678-02.JPG,3020000029877-07,img/3020000029877-09-01__3020000029877-07.JPG,0.5125537514686584,0,비유사(침해위험 낮음)
1101,3020000025138-17,img/3020000025138-09-01__3020000025138-17.JPG,3020000020844-01,img/3020000020844-09-01__3020000020844-01.JPG,0.4824658930301666,0,비유사(침해위험 낮음)
1102,3020000021829-09,img/3020000021829-09-01__3020000021829-09.JPG,3020000032390-03,img/3020000032390-09-01__3020000032390-03.JPG,0.5327713489532471,0,비유사(침해위험 낮음)
1103,3020000015282-05,img/3020000015282-09-01__3020000015282-05.JPG,3020000032581-04,img/3020000032581-09-01__3020000032581-04.JPG,0.6174512505531311,0,비유사(침해위험 낮음)
1104,3020000018091-04,img/3020000018091-09-01__3020000018091-04.JPG,3020000023255-06,img/3020000023255-09-01__3020000023255-06.JPG,0.5183905363082886,0,비유사(침해위험 낮음)
1105,3020000024237-04,img/3020000024237-09-01__3020000024237-04.JPG,3020000019480-03,img/3020000019480-09-01__3020000019480-03.JPG,0.4039239287376404,0,비유사(침해위험 낮음)
1106,3020000009398-05,img/3020000009398-09-01__3020000009398-05.JPG,3020000011558-03,img/3020000011558-09-01__3020000011558-03.JPG,0.4061128795146942,0,비유사(침해위험 낮음)
1107,3020000033368-07,img/3020000033368-09-01__3020000033368-07.JPG,3020000027377-06,img/3020000027377-09-01__3020000027377-06.JPG,0.5382480621337891,0,비유사(침해위험 낮음)
1108,3020000007444-02,img/3020000007444-09-01__3020000007444-02.JPG,3020000014023-04,img/3020000014023-09-01__3020000014023-04.JPG,0.8027769923210144,1,유사(침해위험 높음)
1109,3020000002742-02,img/3020000002742-09-01__3020000002742-02.JPG,3020000028831-02,img/3020000028831-09-01__3020000028831-02.JPG,0.4809357523918152,0,비유사(침해위험 낮음)
1110,3020000022336-06,img/3020000022336-09-01__3020000022336-06.JPG,3020000017679-07,img/3020000017679-09-01__3020000017679-07.JPG,0.6759886145591736,0,비유사(침해위험 낮음)
1111,3020000024700-02,img/3020000024700-09-01__3020000024700-02.JPG,3020000006096-05,img/3020000006096-09-01__3020000006096-05.JPG,0.7662364840507507,1,유사(침해위험 높음)
1112,3020000030806-09,img/3020000030806-09-01__3020000030806-09.JPG,3020000023571-37,img/3020000023571-09-01__3020000023571-37.JPG,0.6205799579620361,0,비유사(침해위험 낮음)
1113,3020000006727-03,img/3020000006727-09-01__3020000006727-03.JPG,3020000015284-04,img/3020000015284-09-01__3020000015284-04.JPG,0.6109616160392761,0,비유사(침해위험 낮음)
1114,3020000004487-06,img/3020000004487-09-01__3020000004487-06.JPG,3020000031842-05,img/3020000031842-09-01__3020000031842-05.JPG,0.6624864935874939,0,비유사(침해위험 낮음)
1115,3020000009397-05,img/3020000009397-09-01__3020000009397-05.JPG,3020000015226-04,img/3020000015226-09-01__3020000015226-04.JPG,0.49940216541290283,0,비유사(침해위험 낮음)
1116,3020000021275-04,img/3020000021275-09-01__3020000021275-04.JPG,3020000023526-07,img/3020000023526-09-01__3020000023526-07.JPG,0.6757276058197021,0,비유사(침해위험 낮음)
1117,3020000007772-04,img/3020000007772-09-01__3020000007772-04.JPG,3020000020788-02,img/3020000020788-09-01__3020000020788-02.JPG,0.7769204378128052,1,유사(침해위험 높음)
1118,3020000005652-03,img/3020000005652-09-01__3020000005652-03.JPG,3020000012834-01,img/3020000012834-09-01__3020000012834-01.JPG,0.4937606155872345,0,비유사(침해위험 낮음)
1119,3020000021422-04,img/3020000021422-09-01__3020000021422-04.JPG,3020000017302-04,img/3020000017302-09-01__3020000017302-04.JPG,0.31734833121299744,0,비유사(침해위험 낮음)
1120,3020000001557-03,img/3020000001557-09-01__3020000001557-03.JPG,3020000019098-02,img/3020000019098-09-01__3020000019098-02.JPG,0.7151949405670166,1,유사(침해위험 높음)
1121,3020000002742-07,img/3020000002742-09-01__3020000002742-07.JPG,3020000018498-07,img/3020000018498-09-01__3020000018498-07.JPG,0.5322102308273315,0,비유사(침해위험 낮음)
1122,3020000023255-03,img/3020000023255-09-01__3020000023255-03.JPG,3020000017722-28,img/3020000017722-09-01__3020000017722-28.JPG,0.6943942904472351,0,비유사(침해위험 낮음)
1123,3020000013860-01,img/3020000013860-09-01__3020000013860-01.JPG,3020000018221-07,img/3020000018221-09-01__3020000018221-07.JPG,0.47027674317359924,0,비유사(침해위험 낮음)
1124,3020000004362-04,img/3020000004362-09-01__3020000004362-04.JPG,3020000017832-03,img/3020000017832-09-01__3020000017832-03.JPG,0.7192440629005432,1,유사(침해위험 높음)
1125,3020000012835-04,img/3020000012835-09-01__3020000012835-04.JPG,3020000001717-02,img/3020000001717-09-01__3020000001717-02.JPG,0.6101212501525879,0,비유사(침해위험 낮음)
1126,3020000015673-05,img/3020000015673-09-01__3020000015673-05.JPG,3020000005940-04,img/3020000005940-09-01__3020000005940-04.JPG,0.600765585899353,0,비유사(침해위험 낮음)
1127,3020000030843-07,img/3020000030843-09-01__3020000030843-07.JPG,3020000029153-03,img/3020000029153-09-01__3020000029153-03.JPG,0.6194558143615723,0,비유사(침해위험 낮음)
1128,3020000016952-02,img/3020000016952-09-01__3020000016952-02.JPG,3020000033181-02,img/3020000033181-09-01__3020000033181-02.JPG,0.7662863731384277,1,유사(침해위험 높음)
1129,3020000007584-06,img/3020000007584-09-01__3020000007584-06.JPG,3020000007443-06,img/3020000007443-09-01__3020000007443-06.JPG,0.36678817868232727,0,비유사(침해위험 낮음)
1130,3020000002081-01,img/3020000002081-09-01__3020000002081-01.JPG,3020000015285-05,img/3020000015285-09-01__3020000015285-05.JPG,0.6624057292938232,0,비유사(침해위험 낮음)
1131,3020000022105-04,img/3020000022105-09-01__3020000022105-04.JPG,3020000030582-03,img/3020000030582-09-01__3020000030582-03.JPG,0.6027795076370239,0,비유사(침해위험 낮음)
1132,3020000007444-04,img/3020000007444-09-01__3020000007444-04.JPG,3020000031824-02,img/3020000031824-09-01__3020000031824-02.JPG,0.6784688234329224,0,비유사(침해위험 낮음)
1133,3020000030701-05,img/3020000030701-09-01__3020000030701-05.JPG,3020000022024-17,img/3020000022024-09-01__3020000022024-17.JPG,0.4782758951187134,0,비유사(침해위험 낮음)
1134,3020000021275-01,img/3020000021275-09-01__3020000021275-01.JPG,3020000028255-01,img/3020000028255-09-01__3020000028255-01.JPG,0.6793222427368164,0,비유사(침해위험 낮음)
1135,3020000000639-01,img/3020000000639-09-01__3020000000639-01.JPG,3020000004361-01,img/3020000004361-09-01__3020000004361-01.JPG,0.7599377036094666,1,유사(침해위험 높음)
1136,3020000001139-01,img/3020000001139-09-01__3020000001139-01.JPG,3020000014195-06,img/3020000014195-09-01__3020000014195-06.JPG,0.7184212803840637,1,유사(침해위험 높음)
1137,3020000012601-06,img/3020000012601-09-01__3020000012601-06.JPG,3020000007891-06,img/3020000007891-09-01__3020000007891-06.JPG,0.6471206545829773,0,비유사(침해위험 낮음)
1138,3020000024555-06,img/3020000024555-09-01__3020000024555-06.JPG,3020000031162-04,img/3020000031162-09-01__3020000031162-04.JPG,0.6187199354171753,0,비유사(침해위험 낮음)
1139,3020000027734-02,img/3020000027734-09-01__3020000027734-02.JPG,3020000024237-05,img/3020000024237-09-01__3020000024237-05.JPG,0.43024203181266785,0,비유사(침해위험 낮음)
1140,3020000019758-01,img/3020000019758-09-01__3020000019758-01.JPG,3020000006440-02,img/3020000006440-09-01__3020000006440-02.JPG,0.6654703617095947,0,비유사(침해위험 낮음)
1141,3020000032580-03,img/3020000032580-09-01__3020000032580-03.JPG,3020000015289-03,img/3020000015289-09-01__3020000015289-03.JPG,0.7616725564002991,1,유사(침해위험 높음)
1142,3020000013861-02,img/3020000013861-09-01__3020000013861-02.JPG,3020000015433-03,img/3020000015433-09-01__3020000015433-03.JPG,0.4867972135543823,0,비유사(침해위험 낮음)
1143,3020000006610-06,img/3020000006610-09-01__3020000006610-06.JPG,3020000002328-05,img/3020000002328-09-01__3020000002328-05.JPG,0.7096431255340576,1,유사(침해위험 높음)
1144,3020000013861-05,img/3020000013861-09-01__3020000013861-05.JPG,3020000019481-01,img/3020000019481-09-01__3020000019481-01.JPG,0.7498257756233215,1,유사(침해위험 높음)
1145,3020000028666-07,img/3020000028666-09-01__3020000028666-07.JPG,3020000033313-05,img/3020000033313-09-01__3020000033313-05.JPG,0.5538994073867798,0,비유사(침해위험 낮음)
1146,3020000028259-04,img/3020000028259-09-01__3020000028259-04.JPG,3020000021678-07,img/3020000021678-09-01__3020000021678-07.JPG,0.7224568128585815,1,유사(침해위험 높음)
1147,3020000003502-04,img/3020000003502-09-01__3020000003502-04.JPG,3020000006440-01,img/3020000006440-09-01__3020000006440-01.JPG,0.6335957050323486,0,비유사(침해위험 낮음)
1148,3020000023254-01,img/3020000023254-09-01__3020000023254-01.JPG,3020000026567-02,img/3020000026567-09-01__3020000026567-02.JPG,0.7204325199127197,1,유사(침해위험 높음)
1149,3020000024463-03,img/3020000024463-09-01__3020000024463-03.JPG,3020000000962-05,img/3020000000962-09-01__3020000000962-05.JPG,0.5848573446273804,0,비유사(침해위험 낮음)
1150,3020000028348-06,img/3020000028348-09-01__3020000028348-06.JPG,3020000023571-09,img/3020000023571-09-01__3020000023571-09.JPG,0.3749781847000122,0,비유사(침해위험 낮음)
1151,3020000025308-05,img/3020000025308-09-01__3020000025308-05.JPG,3020000013863-05,img/3020000013863-09-01__3020000013863-05.JPG,0.6267805695533752,0,비유사(침해위험 낮음)
1152,3020000031065-04,img/3020000031065-09-01__3020000031065-04.JPG,3020000007581-03,img/3020000007581-09-01__3020000007581-03.JPG,0.7531068325042725,1,유사(침해위험 높음)
1153,3020000015292-06,img/3020000015292-09-01__3020000015292-06.JPG,3020000020333-05,img/3020000020333-09-01__3020000020333-05.JPG,0.7655659914016724,1,유사(침해위험 높음)
1154,3020000000039-07,img/3020000000039-09-01__3020000000039-07.JPG,3020000028254-06,img/3020000028254-09-01__3020000028254-06.JPG,0.6083685159683228,0,비유사(침해위험 낮음)
1155,3020000017373-04,img/3020000017373-09-01__3020000017373-04.JPG,3020000013862-07,img/3020000013862-09-01__3020000013862-07.JPG,0.6079789996147156,0,비유사(침해위험 낮음)
1156,3020000025158-01,img/3020000025158-09-01__3020000025158-01.JPG,3020000019323-02,img/3020000019323-09-01__3020000019323-02.JPG,0.37752264738082886,0,비유사(침해위험 낮음)
1157,3020000010998-03,img/3020000010998-09-01__3020000010998-03.JPG,3020000029520-06,img/3020000029520-09-01__3020000029520-06.JPG,0.5216735601425171,0,비유사(침해위험 낮음)
1158,3020000029616-01,img/3020000029616-09-01__3020000029616-01.JPG,3020000005118-06,img/3020000005118-09-01__3020000005118-06.JPG,0.5875486135482788,0,비유사(침해위험 낮음)
1159,3020000024008-02,img/3020000024008-09-01__3020000024008-02.JPG,3020000017498-01,img/3020000017498-09-01__3020000017498-01.JPG,0.6396573781967163,0,비유사(침해위험 낮음)
1160,3020000003961-03,img/3020000003961-09-01__3020000003961-03.JPG,3020000024236-05,img/3020000024236-09-01__3020000024236-05.JPG,0.43115687370300293,0,비유사(침해위험 낮음)
1161,3020000024535-01,img/3020000024535-09-01__3020000024535-01.JPG,3020000023372-04,img/3020000023372-09-01__3020000023372-04.JPG,0.3943646550178528,0,비유사(침해위험 낮음)
1162,3020000033000-03,img/3020000033000-09-01__3020000033000-03.JPG,3020000023372-05,img/3020000023372-09-01__3020000023372-05.JPG,0.45323646068573,0,비유사(침해위험 낮음)
1163,3020000024614-07,img/3020000024614-09-01__3020000024614-07.JPG,3020000001139-07,img/3020000001139-09-01__3020000001139-07.JPG,0.8223714232444763,1,유사(침해위험 높음)
1164,3020000018268-04,img/3020000018268-09-01__3020000018268-04.JPG,3020000022036-01,img/3020000022036-09-01__3020000022036-01.JPG,0.5889962911605835,0,비유사(침해위험 낮음)
1165,3020000002231-02,img/3020000002231-09-01__3020000002231-02.JPG,3020000028626-07,img/3020000028626-09-01__3020000028626-07.JPG,0.6130740642547607,0,비유사(침해위험 낮음)
1166,3020000018222-03,img/3020000018222-09-01__3020000018222-03.JPG,3020000017722-09,img/3020000017722-09-01__3020000017722-09.JPG,0.7331656217575073,1,유사(침해위험 높음)
1167,3020000014156-03,img/3020000014156-09-01__3020000014156-03.JPG,3020000031527-03,img/3020000031527-09-01__3020000031527-03.JPG,0.6528173089027405,0,비유사(침해위험 낮음)
1168,3020000000962-04,img/3020000000962-09-01__3020000000962-04.JPG,3020000017455-07,img/3020000017455-09-01__3020000017455-07.JPG,0.6424040794372559,0,비유사(침해위험 낮음)
1169,3020000033178-04,img/3020000033178-09-01__3020000033178-04.JPG,3020000003961-02,img/3020000003961-09-01__3020000003961-02.JPG,0.6978133916854858,0,비유사(침해위험 낮음)
1170,3020000017002-06,img/3020000017002-09-01__3020000017002-06.JPG,3020000013863-02,img/3020000013863-09-01__3020000013863-02.JPG,0.477459579706192,0,비유사(침해위험 낮음)
1171,3020000031165-07,img/3020000031165-09-01__3020000031165-07.JPG,3020000029312-04,img/3020000029312-09-01__3020000029312-04.JPG,0.571140468120575,0,비유사(침해위험 낮음)
1172,3020000028282-05,img/3020000028282-09-01__3020000028282-05.JPG,3020000006173-02,img/3020000006173-09-01__3020000006173-02.JPG,0.688073992729187,0,비유사(침해위험 낮음)
1173,3020000032447-05,img/3020000032447-09-01__3020000032447-05.JPG,3020000025530-05,img/3020000025530-09-01__3020000025530-05.JPG,0.5826355218887329,0,비유사(침해위험 낮음)
1174,3020000031167-02,img/3020000031167-09-01__3020000031167-02.JPG,3020000031698-07,img/3020000031698-09-01__3020000031698-07.JPG,0.651979923248291,0,비유사(침해위험 낮음)
1175,3020000016423-04,img/3020000016423-09-01__3020000016423-04.JPG,3020000007018-03,img/3020000007018-09-01__3020000007018-03.JPG,0.6124516725540161,0,비유사(침해위험 낮음)
1176,3020000002231-05,img/3020000002231-09-01__3020000002231-05.JPG,3020000017373-02,img/3020000017373-09-01__3020000017373-02.JPG,0.7126923203468323,1,유사(침해위험 높음)
1177,3020000024538-02,img/3020000024538-09-01__3020000024538-02.JPG,3020000016999-01,img/3020000016999-09-01__3020000016999-01.JPG,0.7059091329574585,1,유사(침해위험 높음)
1178,3020000029019-01,img/3020000029019-09-01__3020000029019-01.JPG,3020000010705-02,img/3020000010705-09-01__3020000010705-02.JPG,0.4734985828399658,0,비유사(침해위험 낮음)
1179,3020000032582-01,img/3020000032582-09-01__3020000032582-01.JPG,3020000029919-05,img/3020000029919-09-01__3020000029919-05.JPG,0.6406957507133484,0,비유사(침해위험 낮음)
1180,3020000021952-05,img/3020000021952-09-01__3020000021952-05.JPG,3020000030347-07,img/3020000030347-09-01__3020000030347-07.JPG,0.5666731595993042,0,비유사(침해위험 낮음)
1181,3020000022200-05,img/3020000022200-09-01__3020000022200-05.JPG,3020000028348-05,img/3020000028348-09-01__3020000028348-05.JPG,0.4236321449279785,0,비유사(침해위험 낮음)
1182,3020000010927-03,img/3020000010927-09-01__3020000010927-03.JPG,3020000034017-07,img/3020000034017-09-01__3020000034017-07.JPG,0.6276792287826538,0,비유사(침해위험 낮음)
1183,3020000007043-02,img/3020000007043-09-01__3020000007043-02.JPG,3020000003502-05,img/3020000003502-09-01__3020000003502-05.JPG,0.7284038066864014,1,유사(침해위험 높음)
1184,3020000030881-05,img/3020000030881-09-01__3020000030881-05.JPG,3020000032580-03,img/3020000032580-09-01__3020000032580-03.JPG,0.6482536792755127,0,비유사(침해위험 낮음)
1185,3020000021814-02,img/3020000021814-09-01__3020000021814-02.JPG,3020000002025-03,img/3020000002025-09-01__3020000002025-03.JPG,0.509673535823822,0,비유사(침해위험 낮음)
1186,3020000015339-07,img/3020000015339-09-01__3020000015339-07.JPG,3020000011702-04,img/3020000011702-09-01__3020000011702-04.JPG,0.5659603476524353,0,비유사(침해위험 낮음)
1187,3020000002231-03,img/3020000002231-09-01__3020000002231-03.JPG,3020000033181-01,img/3020000033181-09-01__3020000033181-01.JPG,0.6862125992774963,0,비유사(침해위험 낮음)
1188,3020000011558-03,img/3020000011558-09-01__3020000011558-03.JPG,3020000002083-02,img/3020000002083-09-01__3020000002083-02.JPG,0.5507945418357849,0,비유사(침해위험 낮음)
1189,3020000015612-06,img/3020000015612-09-01__3020000015612-06.JPG,3020000015501-05,img/3020000015501-09-01__3020000015501-05.JPG,0.6928034424781799,0,비유사(침해위험 낮음)
1190,3020000023571-17,img/3020000023571-09-01__3020000023571-17.JPG,3020000018764-01,img/3020000018764-09-01__3020000018764-01.JPG,0.6484939455986023,0,비유사(침해위험 낮음)
1191,3020000024534-04,img/3020000024534-09-01__3020000024534-04.JPG,3020000022105-09,img/3020000022105-09-01__3020000022105-09.JPG,0.5018937587738037,0,비유사(침해위험 낮음)
1192,3020000014156-02,img/3020000014156-09-01__3020000014156-02.JPG,3020000002025-01,img/3020000002025-09-01__3020000002025-01.JPG,0.5148934125900269,0,비유사(침해위험 낮음)
1193,3020000031695-07,img/3020000031695-09-01__3020000031695-07.JPG,3020000029032-04,img/3020000029032-09-01__3020000029032-04.JPG,0.7073273658752441,1,유사(침해위험 높음)
1194,3020000011001-04,img/3020000011001-09-01__3020000011001-04.JPG,3020000015285-01,img/3020000015285-09-01__3020000015285-01.JPG,0.5039629340171814,0,비유사(침해위험 낮음)
1195,3020000017455-07,img/3020000017455-09-01__3020000017455-07.JPG,3020000032583-01,img/3020000032583-09-01__3020000032583-01.JPG,0.7306568026542664,1,유사(침해위험 높음)
1196,3020000002328-05,img/3020000002328-09-01__3020000002328-05.JPG,3020000029220-05,img/3020000029220-09-01__3020000029220-05.JPG,0.513146162033081,0,비유사(침해위험 낮음)
1197,3020000016423-02,img/3020000016423-09-01__3020000016423-02.JPG,3020000015226-06,img/3020000015226-09-01__3020000015226-06.JPG,0.497148334980011,0,비유사(침해위험 낮음)
1198,3020000006727-02,img/3020000006727-09-01__3020000006727-02.JPG,3020000033317-07,img/3020000033317-09-01__3020000033317-07.JPG,0.5797632932662964,0,비유사(침해위험 낮음)
1199,3020000017678-03,img/3020000017678-09-01__3020000017678-03.JPG,3020000020672-07,img/3020000020672-09-01__3020000020672-07.JPG,0.6177595853805542,0,비유사(침해위험 낮음)
1200,3020000018765-01,img/3020000018765-09-01__3020000018765-01.JPG,3020000031443-07,img/3020000031443-09-01__3020000031443-07.JPG,0.5169743299484253,0,비유사(침해위험 낮음)
1201,3020000020789-05,img/3020000020789-09-01__3020000020789-05.JPG,3020000018222-02,img/3020000018222-09-01__3020000018222-02.JPG,0.542776346206665,0,비유사(침해위험 낮음)
1202,3020000016999-03,img/3020000016999-09-01__3020000016999-03.JPG,3020000010998-01,img/3020000010998-09-01__3020000010998-01.JPG,0.3527803421020508,0,비유사(침해위험 낮음)
1203,3020000023185-07,img/3020000023185-09-01__3020000023185-07.JPG,3020000030342-07,img/3020000030342-09-01__3020000030342-07.JPG,0.5175166726112366,0,비유사(침해위험 낮음)
1204,3020000023190-05,img/3020000023190-09-01__3020000023190-05.JPG,3020000017501-07,img/3020000017501-09-01__3020000017501-07.JPG,0.5561187267303467,0,비유사(침해위험 낮음)
1205,3020000033316-05,img/3020000033316-09-01__3020000033316-05.JPG,3020000023870-05,img/3020000023870-09-01__3020000023870-05.JPG,0.7063212394714355,1,유사(침해위험 높음)
1206,3020000014928-01,img/3020000014928-09-01__3020000014928-01.JPG,3020000033368-07,img/3020000033368-09-01__3020000033368-07.JPG,0.6357632875442505,0,비유사(침해위험 낮음)
1207,3020000004487-01,img/3020000004487-09-01__3020000004487-01.JPG,3020000031162-04,img/3020000031162-09-01__3020000031162-04.JPG,0.7270480394363403,1,유사(침해위험 높음)
1208,3020000019758-06,img/3020000019758-09-01__3020000019758-06.JPG,3020000004298-07,img/3020000004298-09-01__3020000004298-07.JPG,0.5110397934913635,0,비유사(침해위험 낮음)
1209,3020000020333-25,img/3020000020333-09-01__3020000020333-25.JPG,3020000027112-04,img/3020000027112-09-01__3020000027112-04.JPG,0.6274663209915161,0,비유사(침해위험 낮음)
1210,3020000010913-03,img/3020000010913-09-01__3020000010913-03.JPG,3020000024535-07,img/3020000024535-09-01__3020000024535-07.JPG,0.5777771472930908,0,비유사(침해위험 낮음)
1211,3020000015340-02,img/3020000015340-09-01__3020000015340-02.JPG,3020000015978-01,img/3020000015978-09-01__3020000015978-01.JPG,0.556157112121582,0,비유사(침해위험 낮음)
1212,3020000006096-05,img/3020000006096-09-01__3020000006096-05.JPG,3020000004361-04,img/3020000004361-09-01__3020000004361-04.JPG,0.5542628169059753,0,비유사(침해위험 낮음)
1213,3020000016129-01,img/3020000016129-09-01__3020000016129-01.JPG,3020000029518-06,img/3020000029518-09-01__3020000029518-06.JPG,0.5629758834838867,0,비유사(침해위험 낮음)
1214,3020000015341-02,img/3020000015341-09-01__3020000015341-02.JPG,3020000015443-04,img/3020000015443-09-01__3020000015443-04.JPG,0.4697237014770508,0,비유사(침해위험 낮음)
1215,3020000021180-02,img/3020000021180-09-01__3020000021180-02.JPG,3020000027112-05,img/3020000027112-09-01__3020000027112-05.JPG,0.5453794002532959,0,비유사(침해위험 낮음)
1216,3020000030881-41,img/3020000030881-09-01__3020000030881-41.JPG,3020000019759-06,img/3020000019759-09-01__3020000019759-06.JPG,0.6473370790481567,0,비유사(침해위험 낮음)
1217,3020000009575-02,img/3020000009575-09-01__3020000009575-02.JPG,3020000030132-05,img/3020000030132-09-01__3020000030132-05.JPG,0.62898188829422,0,비유사(침해위험 낮음)
1218,3020000021170-01,img/3020000021170-09-01__3020000021170-01.JPG,3020000017303-05,img/3020000017303-09-01__3020000017303-05.JPG,0.8076528906822205,1,유사(침해위험 높음)
1219,3020000021180-07,img/3020000021180-09-01__3020000021180-07.JPG,3020000002083-04,img/3020000002083-09-01__3020000002083-04.JPG,0.6124141812324524,0,비유사(침해위험 낮음)
1220,3020000031162-03,img/3020000031162-09-01__3020000031162-03.JPG,3020000017373-03,img/3020000017373-09-01__3020000017373-03.JPG,0.7925418615341187,1,유사(침해위험 높음)
1221,3020000028254-06,img/3020000028254-09-01__3020000028254-06.JPG,3020000020571-17,img/3020000020571-09-01__3020000020571-17.JPG,0.671813428401947,0,비유사(침해위험 낮음)
1222,3020000015227-04,img/3020000015227-09-01__3020000015227-04.JPG,3020000028667-02,img/3020000028667-09-01__3020000028667-02.JPG,0.5969805717468262,0,비유사(침해위험 낮음)
1223,3020000033181-02,img/3020000033181-09-01__3020000033181-02.JPG,3020000003007-02,img/3020000003007-09-01__3020000003007-02.JPG,0.6919111013412476,0,비유사(침해위험 낮음)
1224,3020000004296-05,img/3020000004296-09-01__3020000004296-05.JPG,3020000029756-06,img/3020000029756-09-01__3020000029756-06.JPG,0.6239784955978394,0,비유사(침해위험 낮음)
1225,3020000028666-01,img/3020000028666-09-01__3020000028666-01.JPG,3020000018786-05,img/3020000018786-09-01__3020000018786-05.JPG,0.5910249352455139,0,비유사(침해위험 낮음)
1226,3020000017499-05,img/3020000017499-09-01__3020000017499-05.JPG,3020000023526-06,img/3020000023526-09-01__3020000023526-06.JPG,0.6892490386962891,0,비유사(침해위험 낮음)
1227,3020000033368-07,img/3020000033368-09-01__3020000033368-07.JPG,3020000031692-06,img/3020000031692-09-01__3020000031692-06.JPG,0.6723117828369141,0,비유사(침해위험 낮음)
1228,3020000029878-04,img/3020000029878-09-01__3020000029878-04.JPG,3020000009397-04,img/3020000009397-09-01__3020000009397-04.JPG,0.6766026020050049,0,비유사(침해위험 낮음)
1229,3020000001944-07,img/3020000001944-09-01__3020000001944-07.JPG,3020000007536-06,img/3020000007536-09-01__3020000007536-06.JPG,0.5634839534759521,0,비유사(침해위험 낮음)
1230,3020000027513-04,img/3020000027513-09-01__3020000027513-04.JPG,3020000029877-06,img/3020000029877-09-01__3020000029877-06.JPG,0.6256351470947266,0,비유사(침해위험 낮음)
1231,3020000032583-03,img/3020000032583-09-01__3020000032583-03.JPG,3020000020788-05,img/3020000020788-09-01__3020000020788-05.JPG,0.6637063026428223,0,비유사(침해위험 낮음)
1232,3020000002024-01,img/3020000002024-09-01__3020000002024-01.JPG,3020000006745-03,img/3020000006745-09-01__3020000006745-03.JPG,0.5635664463043213,0,비유사(침해위험 낮음)
1233,3020000003961-01,img/3020000003961-09-01__3020000003961-01.JPG,3020000013860-02,img/3020000013860-09-01__3020000013860-02.JPG,0.6395017504692078,0,비유사(침해위험 낮음)
1234,3020000032581-05,img/3020000032581-09-01__3020000032581-05.JPG,3020000029020-04,img/3020000029020-09-01__3020000029020-04.JPG,0.5714311599731445,0,비유사(침해위험 낮음)
1235,3020000017501-03,img/3020000017501-09-01__3020000017501-03.JPG,3020000017498-07,img/3020000017498-09-01__3020000017498-07.JPG,0.542784571647644,0,비유사(침해위험 낮음)
1236,3020000018092-01,img/3020000018092-09-01__3020000018092-01.JPG,3020000025082-03,img/3020000025082-09-01__3020000025082-03.JPG,0.7222068309783936,1,유사(침해위험 높음)
1237,3020000002022-05,img/3020000002022-09-01__3020000002022-05.JPG,3020000027388-01,img/3020000027388-09-01__3020000027388-01.JPG,0.3675534725189209,0,비유사(침해위험 낮음)
1238,3020000008854-06,img/3020000008854-09-01__3020000008854-06.JPG,3020000029878-03,img/3020000029878-09-01__3020000029878-03.JPG,0.48498523235321045,0,비유사(침해위험 낮음)
1239,3020000021275-06,img/3020000021275-09-01__3020000021275-06.JPG,3020000017679-06,img/3020000017679-09-01__3020000017679-06.JPG,0.6805493831634521,0,비유사(침해위험 낮음)
1240,3020000017722-02,img/3020000017722-09-01__3020000017722-02.JPG,3020000021170-01,img/3020000021170-09-01__3020000021170-01.JPG,0.701569676399231,1,유사(침해위험 높음)
1241,3020000031842-05,img/3020000031842-09-01__3020000031842-05.JPG,3020000004297-05,img/3020000004297-09-01__3020000004297-05.JPG,0.6026099324226379,0,비유사(침해위험 낮음)
1242,3020000025182-07,img/3020000025182-09-01__3020000025182-07.JPG,3020000007443-06,img/3020000007443-09-01__3020000007443-06.JPG,0.7393947839736938,1,유사(침해위험 높음)
1243,3020000024348-05,img/3020000024348-09-01__3020000024348-05.JPG,3020000017501-06,img/3020000017501-09-01__3020000017501-06.JPG,0.5309650897979736,0,비유사(침해위험 낮음)
1244,3020000018612-07,img/3020000018612-09-01__3020000018612-07.JPG,3020000015612-01,img/3020000015612-09-01__3020000015612-01.JPG,0.5679051280021667,0,비유사(침해위험 낮음)
1245,3020000029153-01,img/3020000029153-09-01__3020000029153-01.JPG,3020000015229-07,img/3020000015229-09-01__3020000015229-07.JPG,0.5639627575874329,0,비유사(침해위험 낮음)
1246,3020000014023-02,img/3020000014023-09-01__3020000014023-02.JPG,3020000006442-02,img/3020000006442-09-01__3020000006442-02.JPG,0.6328406929969788,0,비유사(침해위험 낮음)
1247,3020000001542-07,img/3020000001542-09-01__3020000001542-07.JPG,3020000031167-04,img/3020000031167-09-01__3020000031167-04.JPG,0.7328702807426453,1,유사(침해위험 높음)
1248,3020000010996-05,img/3020000010996-09-01__3020000010996-05.JPG,3020000023253-05,img/3020000023253-09-01__3020000023253-05.JPG,0.5905675292015076,0,비유사(침해위험 낮음)
1249,3020000023861-06,img/3020000023861-09-01__3020000023861-06.JPG,3020000018222-04,img/3020000018222-09-01__3020000018222-04.JPG,0.6584796905517578,0,비유사(침해위험 낮음)
1250,3020000024956-01,img/3020000024956-09-01__3020000024956-01.JPG,3020000006510-04,img/3020000006510-09-01__3020000006510-04.JPG,0.6933239698410034,0,비유사(침해위험 낮음)
1251,3020000014720-02,img/3020000014720-09-01__3020000014720-02.JPG,3020000032578-05,img/3020000032578-09-01__3020000032578-05.JPG,0.5633445382118225,0,비유사(침해위험 낮음)
1252,3020000014636-03,img/3020000014636-09-01__3020000014636-03.JPG,3020000030698-06,img/3020000030698-09-01__3020000030698-06.JPG,0.7855695486068726,1,유사(침해위험 높음)
1253,3020000021180-03,img/3020000021180-09-01__3020000021180-03.JPG,3020000012601-01,img/3020000012601-09-01__3020000012601-01.JPG,0.4364479184150696,0,비유사(침해위험 낮음)
1254,3020000027881-01,img/3020000027881-09-01__3020000027881-01.JPG,3020000015284-06,img/3020000015284-09-01__3020000015284-06.JPG,0.6012383699417114,0,비유사(침해위험 낮음)
1255,3020000030347-01,img/3020000030347-09-01__3020000030347-01.JPG,3020000022803-07,img/3020000022803-09-01__3020000022803-07.JPG,0.5752236843109131,0,비유사(침해위험 낮음)
1256,3020000011558-05,img/3020000011558-09-01__3020000011558-05.JPG,3020000006642-02,img/3020000006642-09-01__3020000006642-02.JPG,0.4660600423812866,0,비유사(침해위험 낮음)
1257,3020000007043-05,img/3020000007043-09-01__3020000007043-05.JPG,3020000004296-01,img/3020000004296-09-01__3020000004296-01.JPG,0.6368489265441895,0,비유사(침해위험 낮음)
1258,3020000021422-09,img/3020000021422-09-01__3020000021422-09.JPG,3020000010115-06,img/3020000010115-09-01__3020000010115-06.JPG,0.29437747597694397,0,비유사(침해위험 낮음)
1259,3020000030843-01,img/3020000030843-09-01__3020000030843-01.JPG,3020000021170-06,img/3020000021170-09-01__3020000021170-06.JPG,0.6294724345207214,0,비유사(침해위험 낮음)
1260,3020000005379-01,img/3020000005379-09-01__3020000005379-01.JPG,3020000034017-03,img/3020000034017-09-01__3020000034017-03.JPG,0.6703090667724609,0,비유사(침해위험 낮음)
1261,3020000029918-01,img/3020000029918-09-01__3020000029918-01.JPG,3020000015830-02,img/3020000015830-09-01__3020000015830-02.JPG,0.5417683124542236,0,비유사(침해위험 낮음)
1262,3020000029615-06,img/3020000029615-09-01__3020000029615-06.JPG,3020000017301-03,img/3020000017301-09-01__3020000017301-03.JPG,0.4323069453239441,0,비유사(침해위험 낮음)
1263,3020000030806-01,img/3020000030806-09-01__3020000030806-01.JPG,3020000003525-05,img/3020000003525-09-01__3020000003525-05.JPG,0.7782492637634277,1,유사(침해위험 높음)
1264,3020000024556-04,img/3020000024556-09-01__3020000024556-04.JPG,3020000024484-07,img/3020000024484-09-01__3020000024484-07.JPG,0.6175604462623596,0,비유사(침해위험 낮음)
1265,3020000015292-02,img/3020000015292-09-01__3020000015292-02.JPG,3020000015388-06,img/3020000015388-09-01__3020000015388-06.JPG,0.4565069377422333,0,비유사(침해위험 낮음)
1266,3020000009396-01,img/3020000009396-09-01__3020000009396-01.JPG,3020000030842-02,img/3020000030842-09-01__3020000030842-02.JPG,0.6644269824028015,0,비유사(침해위험 낮음)
1267,3020000030806-01,img/3020000030806-09-01__3020000030806-01.JPG,3020000030584-06,img/3020000030584-09-01__3020000030584-06.JPG,0.49858421087265015,0,비유사(침해위험 낮음)
1268,3020000028666-02,img/3020000028666-09-01__3020000028666-02.JPG,3020000010608-05,img/3020000010608-09-01__3020000010608-05.JPG,0.7269701957702637,1,유사(침해위험 높음)
1269,3020000033313-04,img/3020000033313-09-01__3020000033313-04.JPG,3020000017498-04,img/3020000017498-09-01__3020000017498-04.JPG,0.6831609010696411,0,비유사(침해위험 낮음)
1270,3020000023373-02,img/3020000023373-09-01__3020000023373-02.JPG,3020000012835-03,img/3020000012835-09-01__3020000012835-03.JPG,0.4398302733898163,0,비유사(침해위험 낮음)
1271,3020000006610-04,img/3020000006610-09-01__3020000006610-04.JPG,3020000011702-02,img/3020000011702-09-01__3020000011702-02.JPG,0.468863844871521,0,비유사(침해위험 낮음)
1272,3020000033181-05,img/3020000033181-09-01__3020000033181-05.JPG,3020000007444-04,img/3020000007444-09-01__3020000007444-04.JPG,0.6452751159667969,0,비유사(침해위험 낮음)
1273,3020000013860-05,img/3020000013860-09-01__3020000013860-05.JPG,3020000033180-05,img/3020000033180-09-01__3020000033180-05.JPG,0.5315492153167725,0,비유사(침해위험 낮음)
1274,3020000022833-05,img/3020000022833-09-01__3020000022833-05.JPG,3020000001557-01,img/3020000001557-09-01__3020000001557-01.JPG,0.8934895992279053,1,유사(침해위험 높음)
1275,3020000017498-02,img/3020000017498-09-01__3020000017498-02.JPG,3020000024614-07,img/3020000024614-09-01__3020000024614-07.JPG,0.5183132886886597,0,비유사(침해위험 낮음)
1276,3020000025182-01,img/3020000025182-09-01__3020000025182-01.JPG,3020000017678-07,img/3020000017678-09-01__3020000017678-07.JPG,0.7383237481117249,1,유사(침해위험 높음)
1277,3020000022024-02,img/3020000022024-09-01__3020000022024-02.JPG,3020000033574-03,img/3020000033574-09-01__3020000033574-03.JPG,0.5275579690933228,0,비유사(침해위험 낮음)
1278,3020000024557-04,img/3020000024557-09-01__3020000024557-04.JPG,3020000007014-02,img/3020000007014-09-01__3020000007014-02.JPG,0.7744765281677246,1,유사(침해위험 높음)
1279,3020000027881-01,img/3020000027881-09-01__3020000027881-01.JPG,3020000005311-02,img/3020000005311-09-01__3020000005311-02.JPG,0.5938715934753418,0,비유사(침해위험 낮음)
1280,3020000003577-02,img/3020000003577-09-01__3020000003577-02.JPG,3020000015501-01,img/3020000015501-09-01__3020000015501-01.JPG,0.5975266695022583,0,비유사(침해위험 낮음)
1281,3020000018612-07,img/3020000018612-09-01__3020000018612-07.JPG,3020000030881-17,img/3020000030881-09-01__3020000030881-17.JPG,0.5551260709762573,0,비유사(침해위험 낮음)
1282,3020000031065-05,img/3020000031065-09-01__3020000031065-05.JPG,3020000022200-05,img/3020000022200-09-01__3020000022200-05.JPG,0.5680403709411621,0,비유사(침해위험 낮음)
1283,3020000024236-04,img/3020000024236-09-01__3020000024236-04.JPG,3020000018873-03,img/3020000018873-09-01__3020000018873-03.JPG,0.5037534236907959,0,비유사(침해위험 낮음)
1284,3020000032390-02,img/3020000032390-09-01__3020000032390-02.JPG,3020000018872-05,img/3020000018872-09-01__3020000018872-05.JPG,0.6031111478805542,0,비유사(침해위험 낮음)
1285,3020000025308-04,img/3020000025308-09-01__3020000025308-04.JPG,3020000004249-07,img/3020000004249-09-01__3020000004249-07.JPG,0.596328616142273,0,비유사(침해위험 낮음)
1286,3020000006727-06,img/3020000006727-09-01__3020000006727-06.JPG,3020000015613-05,img/3020000015613-09-01__3020000015613-05.JPG,0.7088148593902588,1,유사(침해위험 높음)
1287,3020000028831-07,img/3020000028831-09-01__3020000028831-07.JPG,3020000004296-01,img/3020000004296-09-01__3020000004296-01.JPG,0.7341815233230591,1,유사(침해위험 높음)
1288,3020000021275-07,img/3020000021275-09-01__3020000021275-07.JPG,3020000021953-03,img/3020000021953-09-01__3020000021953-03.JPG,0.46992939710617065,0,비유사(침해위험 낮음)
1289,3020000029878-07,img/3020000029878-09-01__3020000029878-07.JPG,3020000023861-05,img/3020000023861-09-01__3020000023861-05.JPG,0.5447396636009216,0,비유사(침해위험 낮음)
1290,3020000017002-05,img/3020000017002-09-01__3020000017002-05.JPG,3020000007013-02,img/3020000007013-09-01__3020000007013-02.JPG,0.715995192527771,1,유사(침해위험 높음)
1291,3020000032582-05,img/3020000032582-09-01__3020000032582-05.JPG,3020000024557-03,img/3020000024557-09-01__3020000024557-03.JPG,0.6136752367019653,0,비유사(침해위험 낮음)
1292,3020000028667-03,img/3020000028667-09-01__3020000028667-03.JPG,3020000025817-01,img/3020000025817-09-01__3020000025817-01.JPG,0.49477285146713257,0,비유사(침해위험 낮음)
1293,3020000010927-02,img/3020000010927-09-01__3020000010927-02.JPG,3020000032279-03,img/3020000032279-09-01__3020000032279-03.JPG,0.36246782541275024,0,비유사(침해위험 낮음)
1294,3020000007013-05,img/3020000007013-09-01__3020000007013-05.JPG,3020000020569-07,img/3020000020569-09-01__3020000020569-07.JPG,0.7714433670043945,1,유사(침해위험 높음)
1295,3020000023255-06,img/3020000023255-09-01__3020000023255-06.JPG,3020000002988-01,img/3020000002988-09-01__3020000002988-01.JPG,0.5852845311164856,0,비유사(침해위험 낮음)
1296,3020000006727-01,img/3020000006727-09-01__3020000006727-01.JPG,3020000023870-01,img/3020000023870-09-01__3020000023870-01.JPG,0.7349890470504761,1,유사(침해위험 높음)
1297,3020000008854-04,img/3020000008854-09-01__3020000008854-04.JPG,3020000015436-01,img/3020000015436-09-01__3020000015436-01.JPG,0.6451173424720764,0,비유사(침해위험 낮음)
1298,3020000009535-01,img/3020000009535-09-01__3020000009535-01.JPG,3020000009398-05,img/3020000009398-09-01__3020000009398-05.JPG,0.3413442373275757,0,비유사(침해위험 낮음)
1299,3020000015978-07,img/3020000015978-09-01__3020000015978-07.JPG,3020000030710-07,img/3020000030710-09-01__3020000030710-07.JPG,0.7436596155166626,1,유사(침해위험 높음)
1300,3020000012836-01,img/3020000012836-09-01__3020000012836-01.JPG,3020000017003-04,img/3020000017003-09-01__3020000017003-04.JPG,0.6747056245803833,0,비유사(침해위험 낮음)
1301,3020000023870-04,img/3020000023870-09-01__3020000023870-04.JPG,3020000015283-07,img/3020000015283-09-01__3020000015283-07.JPG,0.6014430522918701,0,비유사(침해위험 낮음)
1302,3020000004298-07,img/3020000004298-09-01__3020000004298-07.JPG,3020000014023-06,img/3020000014023-09-01__3020000014023-06.JPG,0.4772034287452698,0,비유사(침해위험 낮음)
1303,3020000011144-05,img/3020000011144-09-01__3020000011144-05.JPG,3020000028626-05,img/3020000028626-09-01__3020000028626-05.JPG,0.6989681720733643,0,비유사(침해위험 낮음)
1304,3020000024557-01,img/3020000024557-09-01__3020000024557-01.JPG,3020000015227-04,img/3020000015227-09-01__3020000015227-04.JPG,0.6757103204727173,0,비유사(침해위험 낮음)
1305,3020000006727-05,img/3020000006727-09-01__3020000006727-05.JPG,3020000028260-06,img/3020000028260-09-01__3020000028260-06.JPG,0.6406824588775635,0,비유사(침해위험 낮음)
1306,3020000015434-03,img/3020000015434-09-01__3020000015434-03.JPG,3020000028254-04,img/3020000028254-09-01__3020000028254-04.JPG,0.8004190325737,1,유사(침해위험 높음)
1307,3020000024443-01,img/3020000024443-09-01__3020000024443-01.JPG,3020000005653-03,img/3020000005653-09-01__3020000005653-03.JPG,0.7683296203613281,1,유사(침해위험 높음)
1308,3020000023255-05,img/3020000023255-09-01__3020000023255-05.JPG,3020000028831-01,img/3020000028831-09-01__3020000028831-01.JPG,0.6458009481430054,0,비유사(침해위험 낮음)
1309,3020000009604-03,img/3020000009604-09-01__3020000009604-03.JPG,3020000025996-04,img/3020000025996-09-01__3020000025996-04.JPG,0.6341671347618103,0,비유사(침해위험 낮음)
1310,3020000025496-07,img/3020000025496-09-01__3020000025496-07.JPG,3020000008855-01,img/3020000008855-09-01__3020000008855-01.JPG,0.5300124287605286,0,비유사(침해위험 낮음)
1311,3020000009605-07,img/3020000009605-09-01__3020000009605-07.JPG,3020000029327-04,img/3020000029327-09-01__3020000029327-04.JPG,0.6270647048950195,0,비유사(침해위험 낮음)
1312,3020000028260-03,img/3020000028260-09-01__3020000028260-03.JPG,3020000031066-05,img/3020000031066-09-01__3020000031066-05.JPG,0.7698557376861572,1,유사(침해위험 높음)
1313,3020000027388-01,img/3020000027388-09-01__3020000027388-01.JPG,3020000016998-04,img/3020000016998-09-01__3020000016998-04.JPG,0.5159051418304443,0,비유사(침해위험 낮음)
1314,3020000024957-02,img/3020000024957-09-01__3020000024957-02.JPG,3020000002082-06,img/3020000002082-09-01__3020000002082-06.JPG,0.6616344451904297,0,비유사(침해위험 낮음)
1315,3020000001717-03,img/3020000001717-09-01__3020000001717-03.JPG,3020000004362-02,img/3020000004362-09-01__3020000004362-02.JPG,0.7564326524734497,1,유사(침해위험 높음)
1316,3020000002327-03,img/3020000002327-09-01__3020000002327-03.JPG,3020000028831-03,img/3020000028831-09-01__3020000028831-03.JPG,0.7704482078552246,1,유사(침해위험 높음)
1317,3020000032447-03,img/3020000032447-09-01__3020000032447-03.JPG,3020000025393-05,img/3020000025393-09-01__3020000025393-05.JPG,0.5665116310119629,0,비유사(침해위험 낮음)
1318,3020000014721-07,img/3020000014721-09-01__3020000014721-07.JPG,3020000029206-01,img/3020000029206-09-01__3020000029206-01.JPG,0.4560006260871887,0,비유사(침해위험 낮음)
1319,3020000012072-07,img/3020000012072-09-01__3020000012072-07.JPG,3020000032162-07,img/3020000032162-09-01__3020000032162-07.JPG,0.7397171854972839,1,유사(침해위험 높음)
1320,3020000025158-07,img/3020000025158-09-01__3020000025158-07.JPG,3020000019323-02,img/3020000019323-09-01__3020000019323-02.JPG,0.3644172251224518,0,비유사(침해위험 낮음)
1321,3020000028256-05,img/3020000028256-09-01__3020000028256-05.JPG,3020000028666-07,img/3020000028666-09-01__3020000028666-07.JPG,0.6804654598236084,0,비유사(침해위험 낮음)
1322,3020000001944-04,img/3020000001944-09-01__3020000001944-04.JPG,3020000023190-07,img/3020000023190-09-01__3020000023190-07.JPG,0.48646795749664307,0,비유사(침해위험 낮음)
1323,3020000028261-07,img/3020000028261-09-01__3020000028261-07.JPG,3020000024535-07,img/3020000024535-09-01__3020000024535-07.JPG,0.8857160806655884,1,유사(침해위험 높음)
1324,3020000015289-17,img/3020000015289-09-01__3020000015289-17.JPG,3020000028831-05,img/3020000028831-09-01__3020000028831-05.JPG,0.6621431708335876,0,비유사(침해위험 낮음)
1325,3020000015433-07,img/3020000015433-09-01__3020000015433-07.JPG,3020000022438-02,img/3020000022438-09-01__3020000022438-02.JPG,0.5209945440292358,0,비유사(침해위험 낮음)
1326,3020000013865-04,img/3020000013865-09-01__3020000013865-04.JPG,3020000033580-01,img/3020000033580-09-01__3020000033580-01.JPG,0.6131871938705444,0,비유사(침해위험 낮음)
1327,3020000033581-04,img/3020000033581-09-01__3020000033581-04.JPG,3020000029919-06,img/3020000029919-09-01__3020000029919-06.JPG,0.5769997835159302,0,비유사(침해위험 낮음)
1328,3020000018786-05,img/3020000018786-09-01__3020000018786-05.JPG,3020000015364-03,img/3020000015364-09-01__3020000015364-03.JPG,0.6034087538719177,0,비유사(침해위험 낮음)
1329,3020000021438-06,img/3020000021438-09-01__3020000021438-06.JPG,3020000004249-03,img/3020000004249-09-01__3020000004249-03.JPG,0.4729563593864441,0,비유사(침해위험 낮음)
1330,3020000030008-07,img/3020000030008-09-01__3020000030008-07.JPG,3020000003008-06,img/3020000003008-09-01__3020000003008-06.JPG,0.793494701385498,1,유사(침해위험 높음)
1331,3020000009396-03,img/3020000009396-09-01__3020000009396-03.JPG,3020000020789-04,img/3020000020789-09-01__3020000020789-04.JPG,0.5793068408966064,0,비유사(침해위험 낮음)
1332,3020000019098-05,img/3020000019098-09-01__3020000019098-05.JPG,3020000022438-07,img/3020000022438-09-01__3020000022438-07.JPG,0.7330408096313477,1,유사(침해위험 높음)
1333,3020000021952-04,img/3020000021952-09-01__3020000021952-04.JPG,3020000011905-07,img/3020000011905-09-01__3020000011905-07.JPG,0.696113646030426,0,비유사(침해위험 낮음)
1334,3020000017000-01,img/3020000017000-09-01__3020000017000-01.JPG,3020000027388-07,img/3020000027388-09-01__3020000027388-07.JPG,0.6080030798912048,0,비유사(침해위험 낮음)
1335,3020000007581-03,img/3020000007581-09-01__3020000007581-03.JPG,3020000015506-01,img/3020000015506-09-01__3020000015506-01.JPG,0.6076264977455139,0,비유사(침해위험 낮음)
1336,3020000031065-03,img/3020000031065-09-01__3020000031065-03.JPG,3020000015673-07,img/3020000015673-09-01__3020000015673-07.JPG,0.5119615793228149,0,비유사(침해위험 낮음)
1337,3020000031166-05,img/3020000031166-09-01__3020000031166-05.JPG,3020000017003-01,img/3020000017003-09-01__3020000017003-01.JPG,0.7233102321624756,1,유사(침해위험 높음)
1338,3020000018764-03,img/3020000018764-09-01__3020000018764-03.JPG,3020000007014-06,img/3020000007014-09-01__3020000007014-06.JPG,0.4756239950656891,0,비유사(침해위험 낮음)
1339,3020000031825-02,img/3020000031825-09-01__3020000031825-02.JPG,3020000017679-04,img/3020000017679-09-01__3020000017679-04.JPG,0.6084296703338623,0,비유사(침해위험 낮음)
1340,3020000023571-07,img/3020000023571-09-01__3020000023571-07.JPG,3020000024956-01,img/3020000024956-09-01__3020000024956-01.JPG,0.7008941173553467,1,유사(침해위험 높음)
1341,3020000006435-03,img/3020000006435-09-01__3020000006435-03.JPG,3020000015673-07,img/3020000015673-09-01__3020000015673-07.JPG,0.622299075126648,0,비유사(침해위험 낮음)
1342,3020000013863-05,img/3020000013863-09-01__3020000013863-05.JPG,3020000021953-05,img/3020000021953-09-01__3020000021953-05.JPG,0.4888215661048889,0,비유사(침해위험 낮음)
1343,3020000006642-01,img/3020000006642-09-01__3020000006642-01.JPG,3020000014928-04,img/3020000014928-09-01__3020000014928-04.JPG,0.6995487213134766,0,비유사(침해위험 낮음)
1344,3020000021275-05,img/3020000021275-09-01__3020000021275-05.JPG,3020000013911-02,img/3020000013911-09-01__3020000013911-02.JPG,0.7725252509117126,1,유사(침해위험 높음)
1345,3020000007445-06,img/3020000007445-09-01__3020000007445-06.JPG,3020000005939-02,img/3020000005939-09-01__3020000005939-02.JPG,0.48493802547454834,0,비유사(침해위험 낮음)
1346,3020000002476-03,img/3020000002476-09-01__3020000002476-03.JPG,3020000015292-01,img/3020000015292-09-01__3020000015292-01.JPG,0.6737552881240845,0,비유사(침해위험 낮음)
1347,3020000018092-06,img/3020000018092-09-01__3020000018092-06.JPG,3020000028255-01,img/3020000028255-09-01__3020000028255-01.JPG,0.6543699502944946,0,비유사(침해위험 낮음)
1348,3020000019480-01,img/3020000019480-09-01__3020000019480-01.JPG,3020000013911-03,img/3020000013911-09-01__3020000013911-03.JPG,0.41965267062187195,0,비유사(침해위험 낮음)
1349,3020000009397-03,img/3020000009397-09-01__3020000009397-03.JPG,3020000016041-06,img/3020000016041-09-01__3020000016041-06.JPG,0.6478710174560547,0,비유사(침해위험 낮음)
1350,3020000025395-02,img/3020000025395-09-01__3020000025395-02.JPG,3020000031066-07,img/3020000031066-09-01__3020000031066-07.JPG,0.7073417901992798,1,유사(침해위험 높음)
1351,3020000015506-01,img/3020000015506-09-01__3020000015506-01.JPG,3020000011000-06,img/3020000011000-09-01__3020000011000-06.JPG,0.5303022265434265,0,비유사(침해위험 낮음)
1352,3020000031842-05,img/3020000031842-09-01__3020000031842-05.JPG,3020000009397-01,img/3020000009397-09-01__3020000009397-01.JPG,0.6730717420578003,0,비유사(침해위험 낮음)
1353,3020000023253-01,img/3020000023253-09-01__3020000023253-01.JPG,3020000023571-06,img/3020000023571-09-01__3020000023571-06.JPG,0.6618869304656982,0,비유사(침해위험 낮음)
1354,3020000021953-07,img/3020000021953-09-01__3020000021953-07.JPG,3020000023253-03,img/3020000023253-09-01__3020000023253-03.JPG,0.5065857172012329,0,비유사(침해위험 낮음)
1355,3020000015457-05,img/3020000015457-09-01__3020000015457-05.JPG,3020000023190-05,img/3020000023190-09-01__3020000023190-05.JPG,0.5252453684806824,0,비유사(침해위험 낮음)
1356,3020000001359-02,img/3020000001359-09-01__3020000001359-02.JPG,3020000005512-03,img/3020000005512-09-01__3020000005512-03.JPG,0.6467002630233765,0,비유사(침해위험 낮음)
1357,3020000018351-01,img/3020000018351-09-01__3020000018351-01.JPG,3020000023317-03,img/3020000023317-09-01__3020000023317-03.JPG,0.5823854207992554,0,비유사(침해위험 낮음)
1358,3020000021678-07,img/3020000021678-09-01__3020000021678-07.JPG,3020000013863-01,img/3020000013863-09-01__3020000013863-01.JPG,0.49698033928871155,0,비유사(침해위험 낮음)
1359,3020000012601-04,img/3020000012601-09-01__3020000012601-04.JPG,3020000025561-04,img/3020000025561-09-01__3020000025561-04.JPG,0.4115137755870819,0,비유사(침해위험 낮음)
1360,3020000017373-04,img/3020000017373-09-01__3020000017373-04.JPG,3020000002380-02,img/3020000002380-09-01__3020000002380-02.JPG,0.5772497653961182,0,비유사(침해위험 낮음)
1361,3020000002476-03,img/3020000002476-09-01__3020000002476-03.JPG,3020000015282-03,img/3020000015282-09-01__3020000015282-03.JPG,0.6012939810752869,0,비유사(침해위험 낮음)
1362,3020000023185-02,img/3020000023185-09-01__3020000023185-02.JPG,3020000026567-05,img/3020000026567-09-01__3020000026567-05.JPG,0.3508514165878296,0,비유사(침해위험 낮음)
1363,3020000029211-06,img/3020000029211-09-01__3020000029211-06.JPG,3020000029794-04,img/3020000029794-09-01__3020000029794-04.JPG,0.6179201006889343,0,비유사(침해위험 낮음)
1364,3020000022036-03,img/3020000022036-09-01__3020000022036-03.JPG,3020000015284-07,img/3020000015284-09-01__3020000015284-07.JPG,0.4532998204231262,0,비유사(침해위험 낮음)
1365,3020000024463-06,img/3020000024463-09-01__3020000024463-06.JPG,3020000000726-06,img/3020000000726-09-01__3020000000726-06.JPG,0.749408483505249,1,유사(침해위험 높음)
1366,3020000006436-02,img/3020000006436-09-01__3020000006436-02.JPG,3020000020333-41,img/3020000020333-09-01__3020000020333-41.JPG,0.7562305331230164,1,유사(침해위험 높음)
1367,3020000007018-05,img/3020000007018-09-01__3020000007018-05.JPG,3020000014721-06,img/3020000014721-09-01__3020000014721-06.JPG,0.4780879318714142,0,비유사(침해위험 낮음)
1368,3020000031162-05,img/3020000031162-09-01__3020000031162-05.JPG,3020000017501-01,img/3020000017501-09-01__3020000017501-01.JPG,0.46203261613845825,0,비유사(침해위험 낮음)
1369,3020000032063-01,img/3020000032063-09-01__3020000032063-01.JPG,3020000018766-07,img/3020000018766-09-01__3020000018766-07.JPG,0.6814696788787842,0,비유사(침해위험 낮음)
1370,3020000017501-01,img/3020000017501-09-01__3020000017501-01.JPG,3020000002327-02,img/3020000002327-09-01__3020000002327-02.JPG,0.48142439126968384,0,비유사(침해위험 낮음)
1371,3020000018765-03,img/3020000018765-09-01__3020000018765-03.JPG,3020000002476-05,img/3020000002476-09-01__3020000002476-05.JPG,0.406622052192688,0,비유사(침해위험 낮음)
1372,3020000025138-09,img/3020000025138-09-01__3020000025138-09.JPG,3020000024956-02,img/3020000024956-09-01__3020000024956-02.JPG,0.6905949115753174,0,비유사(침해위험 낮음)
1373,3020000011029-05,img/3020000011029-09-01__3020000011029-05.JPG,3020000017499-01,img/3020000017499-09-01__3020000017499-01.JPG,0.537451982498169,0,비유사(침해위험 낮음)
1374,3020000024614-04,img/3020000024614-09-01__3020000024614-04.JPG,3020000015289-05,img/3020000015289-09-01__3020000015289-05.JPG,0.6335254907608032,0,비유사(침해위험 낮음)
1375,3020000004249-06,img/3020000004249-09-01__3020000004249-06.JPG,3020000018222-01,img/3020000018222-09-01__3020000018222-01.JPG,0.4749273657798767,0,비유사(침해위험 낮음)
1376,3020000023257-05,img/3020000023257-09-01__3020000023257-05.JPG,3020000021422-01,img/3020000021422-09-01__3020000021422-01.JPG,0.3217683732509613,0,비유사(침해위험 낮음)
1377,3020000032063-03,img/3020000032063-09-01__3020000032063-03.JPG,3020000024556-04,img/3020000024556-09-01__3020000024556-04.JPG,0.6511571407318115,0,비유사(침해위험 낮음)
1378,3020000015281-04,img/3020000015281-09-01__3020000015281-04.JPG,3020000028259-05,img/3020000028259-09-01__3020000028259-05.JPG,0.6060594320297241,0,비유사(침해위험 낮음)
1379,3020000029879-01,img/3020000029879-09-01__3020000029879-01.JPG,3020000027874-04,img/3020000027874-09-01__3020000027874-04.JPG,0.5380885601043701,0,비유사(침해위험 낮음)
1380,3020000006510-09,img/3020000006510-09-01__3020000006510-09.JPG,3020000007013-04,img/3020000007013-09-01__3020000007013-04.JPG,0.7179409861564636,1,유사(침해위험 높음)
1381,3020000005939-02,img/3020000005939-09-01__3020000005939-02.JPG,3020000018351-04,img/3020000018351-09-01__3020000018351-04.JPG,0.42618632316589355,0,비유사(침해위험 낮음)
1382,3020000017722-07,img/3020000017722-09-01__3020000017722-07.JPG,3020000033314-02,img/3020000033314-09-01__3020000033314-02.JPG,0.5540940761566162,0,비유사(침해위험 낮음)
1383,3020000016999-03,img/3020000016999-09-01__3020000016999-03.JPG,3020000024712-05,img/3020000024712-09-01__3020000024712-05.JPG,0.5375402569770813,0,비유사(침해위험 낮음)
1384,3020000017500-07,img/3020000017500-09-01__3020000017500-07.JPG,3020000031696-07,img/3020000031696-09-01__3020000031696-07.JPG,0.726729154586792,1,유사(침해위험 높음)
1385,3020000007581-05,img/3020000007581-09-01__3020000007581-05.JPG,3020000011558-01,img/3020000011558-09-01__3020000011558-01.JPG,0.3791327476501465,0,비유사(침해위험 낮음)
1386,3020000027112-04,img/3020000027112-09-01__3020000027112-04.JPG,3020000023373-04,img/3020000023373-09-01__3020000023373-04.JPG,0.4161977171897888,0,비유사(침해위험 낮음)
1387,3020000018765-07,img/3020000018765-09-01__3020000018765-07.JPG,3020000023254-02,img/3020000023254-09-01__3020000023254-02.JPG,0.6744096875190735,0,비유사(침해위험 낮음)
1388,3020000002082-02,img/3020000002082-09-01__3020000002082-02.JPG,3020000002327-02,img/3020000002327-09-01__3020000002327-02.JPG,0.8144069910049438,1,유사(침해위험 높음)
1389,3020000002081-04,img/3020000002081-09-01__3020000002081-04.JPG,3020000007443-04,img/3020000007443-09-01__3020000007443-04.JPG,0.6500600576400757,0,비유사(침해위험 낮음)
1390,3020000030843-02,img/3020000030843-09-01__3020000030843-02.JPG,3020000016423-07,img/3020000016423-09-01__3020000016423-07.JPG,0.5163463354110718,0,비유사(침해위험 낮음)
1391,3020000033574-05,img/3020000033574-09-01__3020000033574-05.JPG,3020000022160-01,img/3020000022160-09-01__3020000022160-01.JPG,0.5836259722709656,0,비유사(침해위험 낮음)
1392,3020000023870-06,img/3020000023870-09-01__3020000023870-06.JPG,3020000021678-06,img/3020000021678-09-01__3020000021678-06.JPG,0.6760920286178589,0,비유사(침해위험 낮음)
1393,3020000007891-04,img/3020000007891-09-01__3020000007891-04.JPG,3020000027388-06,img/3020000027388-09-01__3020000027388-06.JPG,0.40898486971855164,0,비유사(침해위험 낮음)
1394,3020000023571-17,img/3020000023571-09-01__3020000023571-17.JPG,3020000007445-01,img/3020000007445-09-01__3020000007445-01.JPG,0.7452061176300049,1,유사(침해위험 높음)
1395,3020000016129-01,img/3020000016129-09-01__3020000016129-01.JPG,3020000027881-06,img/3020000027881-09-01__3020000027881-06.JPG,0.5990751385688782,0,비유사(침해위험 낮음)
1396,3020000015673-04,img/3020000015673-09-01__3020000015673-04.JPG,3020000009398-07,img/3020000009398-09-01__3020000009398-07.JPG,0.5416948795318604,0,비유사(침해위험 낮음)
1397,3020000018269-07,img/3020000018269-09-01__3020000018269-07.JPG,3020000028255-06,img/3020000028255-09-01__3020000028255-06.JPG,0.7964818477630615,1,유사(침해위험 높음)
1398,3020000031169-05,img/3020000031169-09-01__3020000031169-05.JPG,3020000015388-03,img/3020000015388-09-01__3020000015388-03.JPG,0.3547072410583496,0,비유사(침해위험 낮음)
1399,3020000026403-04,img/3020000026403-09-01__3020000026403-04.JPG,3020000016952-06,img/3020000016952-09-01__3020000016952-06.JPG,0.5887649655342102,0,비유사(침해위험 낮음)
1400,3020000023372-03,img/3020000023372-09-01__3020000023372-03.JPG,3020000023373-06,img/3020000023373-09-01__3020000023373-06.JPG,0.6785660982131958,0,비유사(침해위험 낮음)
1401,3020000024361-03,img/3020000024361-09-01__3020000024361-03.JPG,3020000022803-02,img/3020000022803-09-01__3020000022803-02.JPG,0.7765893936157227,1,유사(침해위험 높음)
1402,3020000030710-04,img/3020000030710-09-01__3020000030710-04.JPG,3020000024956-06,img/3020000024956-09-01__3020000024956-06.JPG,0.6042704582214355,0,비유사(침해위험 낮음)
1403,3020000015388-05,img/3020000015388-09-01__3020000015388-05.JPG,3020000022160-06,img/3020000022160-09-01__3020000022160-06.JPG,0.5319591760635376,0,비유사(침해위험 낮음)
1404,3020000000962-06,img/3020000000962-09-01__3020000000962-06.JPG,3020000017678-04,img/3020000017678-09-01__3020000017678-04.JPG,0.5697954893112183,0,비유사(침해위험 낮음)
1405,3020000016422-06,img/3020000016422-09-01__3020000016422-06.JPG,3020000029850-02,img/3020000029850-09-01__3020000029850-02.JPG,0.40182626247406006,0,비유사(침해위험 낮음)
1406,3020000006438-03,img/3020000006438-09-01__3020000006438-03.JPG,3020000019323-02,img/3020000019323-09-01__3020000019323-02.JPG,0.5731068849563599,0,비유사(침해위험 낮음)
1407,3020000025561-05,img/3020000025561-09-01__3020000025561-05.JPG,3020000015457-02,img/3020000015457-09-01__3020000015457-02.JPG,0.7168094515800476,1,유사(침해위험 높음)
1408,3020000033316-03,img/3020000033316-09-01__3020000033316-03.JPG,3020000031089-03,img/3020000031089-09-01__3020000031089-03.JPG,0.6776493787765503,0,비유사(침해위험 낮음)
1409,3020000030008-05,img/3020000030008-09-01__3020000030008-05.JPG,3020000028283-02,img/3020000028283-09-01__3020000028283-02.JPG,0.7089983224868774,1,유사(침해위험 높음)
1410,3020000001557-03,img/3020000001557-09-01__3020000001557-03.JPG,3020000026567-02,img/3020000026567-09-01__3020000026567-02.JPG,0.691705584526062,0,비유사(침해위험 낮음)
1411,3020000022160-04,img/3020000022160-09-01__3020000022160-04.JPG,3020000014871-03,img/3020000014871-09-01__3020000014871-03.JPG,0.49220606684684753,0,비유사(침해위험 낮음)
1412,3020000029220-05,img/3020000029220-09-01__3020000029220-05.JPG,3020000032584-02,img/3020000032584-09-01__3020000032584-02.JPG,0.4672797918319702,0,비유사(침해위험 낮음)
1413,3020000032580-03,img/3020000032580-09-01__3020000032580-03.JPG,3020000025395-05,img/3020000025395-09-01__3020000025395-05.JPG,0.6941293478012085,0,비유사(침해위험 낮음)
1414,3020000025395-01,img/3020000025395-09-01__3020000025395-01.JPG,3020000012912-03,img/3020000012912-09-01__3020000012912-03.JPG,0.4962523579597473,0,비유사(침해위험 낮음)
1415,3020000031087-01,img/3020000031087-09-01__3020000031087-01.JPG,3020000002476-06,img/3020000002476-09-01__3020000002476-06.JPG,0.5979641079902649,0,비유사(침해위험 낮음)
1416,3020000025561-05,img/3020000025561-09-01__3020000025561-05.JPG,3020000022336-05,img/3020000022336-09-01__3020000022336-05.JPG,0.6630501747131348,0,비유사(침해위험 낮음)
1417,3020000009605-04,img/3020000009605-09-01__3020000009605-04.JPG,3020000024008-05,img/3020000024008-09-01__3020000024008-05.JPG,0.5678694248199463,0,비유사(침해위험 낮음)
1418,3020000028283-01,img/3020000028283-09-01__3020000028283-01.JPG,3020000031066-07,img/3020000031066-09-01__3020000031066-07.JPG,0.6654005646705627,0,비유사(침해위험 낮음)
1419,3020000028257-05,img/3020000028257-09-01__3020000028257-05.JPG,3020000032578-03,img/3020000032578-09-01__3020000032578-03.JPG,0.6052744388580322,0,비유사(침해위험 낮음)
1420,3020000018090-04,img/3020000018090-09-01__3020000018090-04.JPG,3020000007772-06,img/3020000007772-09-01__3020000007772-06.JPG,0.5997740626335144,0,비유사(침해위험 낮음)
1421,3020000029879-03,img/3020000029879-09-01__3020000029879-03.JPG,3020000013863-07,img/3020000013863-09-01__3020000013863-07.JPG,0.4751828908920288,0,비유사(침해위험 낮음)
1422,3020000002022-02,img/3020000002022-09-01__3020000002022-02.JPG,3020000025182-02,img/3020000025182-09-01__3020000025182-02.JPG,0.5351632833480835,0,비유사(침해위험 낮음)
1423,3020000030584-07,img/3020000030584-09-01__3020000030584-07.JPG,3020000006438-05,img/3020000006438-09-01__3020000006438-05.JPG,0.708587646484375,1,유사(침해위험 높음)
1424,3020000011001-03,img/3020000011001-09-01__3020000011001-03.JPG,3020000001139-01,img/3020000001139-09-01__3020000001139-01.JPG,0.5919368863105774,0,비유사(침해위험 낮음)
1425,3020000020844-03,img/3020000020844-09-01__3020000020844-03.JPG,3020000015506-05,img/3020000015506-09-01__3020000015506-05.JPG,0.4257848262786865,0,비유사(침해위험 낮음)
1426,3020000019480-04,img/3020000019480-09-01__3020000019480-04.JPG,3020000008383-07,img/3020000008383-09-01__3020000008383-07.JPG,0.586948037147522,0,비유사(침해위험 낮음)
1427,3020000019084-05,img/3020000019084-09-01__3020000019084-05.JPG,3020000030342-01,img/3020000030342-09-01__3020000030342-01.JPG,0.4258979558944702,0,비유사(침해위험 낮음)
1428,3020000011905-07,img/3020000011905-09-01__3020000011905-07.JPG,3020000018873-01,img/3020000018873-09-01__3020000018873-01.JPG,0.3402040898799896,0,비유사(침해위험 낮음)
1429,3020000023255-02,img/3020000023255-09-01__3020000023255-02.JPG,3020000032578-05,img/3020000032578-09-01__3020000032578-05.JPG,0.7144302725791931,1,유사(침해위험 높음)
1430,3020000027874-06,img/3020000027874-09-01__3020000027874-06.JPG,3020000022036-07,img/3020000022036-09-01__3020000022036-07.JPG,0.7463790774345398,1,유사(침해위험 높음)
1431,3020000031167-04,img/3020000031167-09-01__3020000031167-04.JPG,3020000031162-05,img/3020000031162-09-01__3020000031162-05.JPG,0.7600575685501099,1,유사(침해위험 높음)
1432,3020000003502-02,img/3020000003502-09-01__3020000003502-02.JPG,3020000030701-06,img/3020000030701-09-01__3020000030701-06.JPG,0.5771539211273193,0,비유사(침해위험 낮음)
1433,3020000007444-01,img/3020000007444-09-01__3020000007444-01.JPG,3020000023870-03,img/3020000023870-09-01__3020000023870-03.JPG,0.6510041952133179,0,비유사(침해위험 낮음)
1434,3020000011907-07,img/3020000011907-09-01__3020000011907-07.JPG,3020000024951-05,img/3020000024951-09-01__3020000024951-05.JPG,0.6554533243179321,0,비유사(침해위험 낮음)
1435,3020000016040-03,img/3020000016040-09-01__3020000016040-03.JPG,3020000029519-04,img/3020000029519-09-01__3020000029519-04.JPG,0.6173239946365356,0,비유사(침해위험 낮음)
1436,3020000022200-04,img/3020000022200-09-01__3020000022200-04.JPG,3020000024236-03,img/3020000024236-09-01__3020000024236-03.JPG,0.3397342264652252,0,비유사(침해위험 낮음)
1437,3020000017906-04,img/3020000017906-09-01__3020000017906-04.JPG,3020000015506-06,img/3020000015506-09-01__3020000015506-06.JPG,0.6760990023612976,0,비유사(침해위험 낮음)
1438,3020000010608-01,img/3020000010608-09-01__3020000010608-01.JPG,3020000021814-25,img/3020000021814-09-01__3020000021814-25.JPG,0.5691233277320862,0,비유사(침해위험 낮음)
1439,3020000024361-06,img/3020000024361-09-01__3020000024361-06.JPG,3020000017001-03,img/3020000017001-09-01__3020000017001-03.JPG,0.7105686664581299,1,유사(침해위험 높음)
1440,3020000024538-03,img/3020000024538-09-01__3020000024538-03.JPG,3020000017424-03,img/3020000017424-09-01__3020000017424-03.JPG,0.6726571917533875,0,비유사(침해위험 낮음)
1441,3020000029872-04,img/3020000029872-09-01__3020000029872-04.JPG,3020000032447-07,img/3020000032447-09-01__3020000032447-07.JPG,0.5173537135124207,0,비유사(침해위험 낮음)
1442,3020000031066-06,img/3020000031066-09-01__3020000031066-06.JPG,3020000029879-03,img/3020000029879-09-01__3020000029879-03.JPG,0.609204888343811,0,비유사(침해위험 낮음)
1443,3020000029019-03,img/3020000029019-09-01__3020000029019-03.JPG,3020000033574-03,img/3020000033574-09-01__3020000033574-03.JPG,0.47707948088645935,0,비유사(침해위험 낮음)
1444,3020000030343-05,img/3020000030343-09-01__3020000030343-05.JPG,3020000014721-05,img/3020000014721-09-01__3020000014721-05.JPG,0.5565915107727051,0,비유사(침해위험 낮음)
1445,3020000027734-07,img/3020000027734-09-01__3020000027734-07.JPG,3020000022438-07,img/3020000022438-09-01__3020000022438-07.JPG,0.6619686484336853,0,비유사(침해위험 낮음)
1446,3020000011007-02,img/3020000011007-09-01__3020000011007-02.JPG,3020000013900-03,img/3020000013900-09-01__3020000013900-03.JPG,0.8080968856811523,1,유사(침해위험 높음)
1447,3020000015281-01,img/3020000015281-09-01__3020000015281-01.JPG,3020000024712-06,img/3020000024712-09-01__3020000024712-06.JPG,0.6558250188827515,0,비유사(침해위험 낮음)
1448,3020000015364-07,img/3020000015364-09-01__3020000015364-07.JPG,3020000012835-06,img/3020000012835-09-01__3020000012835-06.JPG,0.6540952920913696,0,비유사(침해위험 낮음)
1449,3020000015364-04,img/3020000015364-09-01__3020000015364-04.JPG,3020000032447-03,img/3020000032447-09-01__3020000032447-03.JPG,0.7784911394119263,1,유사(침해위험 높음)
1450,3020000015289-06,img/3020000015289-09-01__3020000015289-06.JPG,3020000030701-03,img/3020000030701-09-01__3020000030701-03.JPG,0.6581465601921082,0,비유사(침해위험 낮음)
1451,3020000011907-07,img/3020000011907-09-01__3020000011907-07.JPG,3020000030132-07,img/3020000030132-09-01__3020000030132-07.JPG,0.6193053722381592,0,비유사(침해위험 낮음)
1452,3020000030701-03,img/3020000030701-09-01__3020000030701-03.JPG,3020000022802-05,img/3020000022802-09-01__3020000022802-05.JPG,0.7562521696090698,1,유사(침해위험 높음)
1453,3020000015613-05,img/3020000015613-09-01__3020000015613-05.JPG,3020000022336-03,img/3020000022336-09-01__3020000022336-03.JPG,0.6541473865509033,0,비유사(침해위험 낮음)
1454,3020000017302-01,img/3020000017302-09-01__3020000017302-01.JPG,3020000024951-03,img/3020000024951-09-01__3020000024951-03.JPG,0.7076916098594666,1,유사(침해위험 높음)
1455,3020000033314-04,img/3020000033314-09-01__3020000033314-04.JPG,3020000031087-02,img/3020000031087-09-01__3020000031087-02.JPG,0.643832266330719,0,비유사(침해위험 낮음)
1456,3020000015226-07,img/3020000015226-09-01__3020000015226-07.JPG,3020000015289-01,img/3020000015289-09-01__3020000015289-01.JPG,0.645154595375061,0,비유사(침해위험 낮음)
1457,3020000006610-06,img/3020000006610-09-01__3020000006610-06.JPG,3020000025182-05,img/3020000025182-09-01__3020000025182-05.JPG,0.6176878213882446,0,비유사(침해위험 낮음)
1458,3020000029872-07,img/3020000029872-09-01__3020000029872-07.JPG,3020000024534-04,img/3020000024534-09-01__3020000024534-04.JPG,0.40906822681427,0,비유사(침해위험 낮음)
1459,3020000018090-02,img/3020000018090-09-01__3020000018090-02.JPG,3020000018351-07,img/3020000018351-09-01__3020000018351-07.JPG,0.41399481892585754,0,비유사(침해위험 낮음)
1460,3020000017002-07,img/3020000017002-09-01__3020000017002-07.JPG,3020000032577-04,img/3020000032577-09-01__3020000032577-04.JPG,0.6445272564888,0,비유사(침해위험 낮음)
1461,3020000033574-07,img/3020000033574-09-01__3020000033574-07.JPG,3020000007584-07,img/3020000007584-09-01__3020000007584-07.JPG,0.6044557094573975,0,비유사(침해위험 낮음)
1462,3020000015292-02,img/3020000015292-09-01__3020000015292-02.JPG,3020000002083-03,img/3020000002083-09-01__3020000002083-03.JPG,0.547886312007904,0,비유사(침해위험 낮음)
1463,3020000015289-01,img/3020000015289-09-01__3020000015289-01.JPG,3020000030843-05,img/3020000030843-09-01__3020000030843-05.JPG,0.687213659286499,0,비유사(침해위험 낮음)
1464,3020000004298-07,img/3020000004298-09-01__3020000004298-07.JPG,3020000017003-05,img/3020000017003-09-01__3020000017003-05.JPG,0.5155500769615173,0,비유사(침해위험 낮음)
1465,3020000021061-01,img/3020000021061-09-01__3020000021061-01.JPG,3020000029220-06,img/3020000029220-09-01__3020000029220-06.JPG,0.4201993942260742,0,비유사(침해위험 낮음)
1466,3020000014579-01,img/3020000014579-09-01__3020000014579-01.JPG,3020000031527-03,img/3020000031527-09-01__3020000031527-03.JPG,0.7975225448608398,1,유사(침해위험 높음)
1467,3020000022200-07,img/3020000022200-09-01__3020000022200-07.JPG,3020000012594-06,img/3020000012594-09-01__3020000012594-06.JPG,0.49991559982299805,0,비유사(침해위험 낮음)
1468,3020000011702-06,img/3020000011702-09-01__3020000011702-06.JPG,3020000024464-07,img/3020000024464-09-01__3020000024464-07.JPG,0.7242333292961121,1,유사(침해위험 높음)
1469,3020000015200-05,img/3020000015200-09-01__3020000015200-05.JPG,3020000024956-03,img/3020000024956-09-01__3020000024956-03.JPG,0.5515062808990479,0,비유사(침해위험 낮음)
1470,3020000030582-03,img/3020000030582-09-01__3020000030582-03.JPG,3020000015200-07,img/3020000015200-09-01__3020000015200-07.JPG,0.5485634207725525,0,비유사(침해위험 낮음)
1471,3020000007443-05,img/3020000007443-09-01__3020000007443-05.JPG,3020000006438-02,img/3020000006438-09-01__3020000006438-02.JPG,0.6475677490234375,0,비유사(침해위험 낮음)
1472,3020000028255-02,img/3020000028255-09-01__3020000028255-02.JPG,3020000031247-04,img/3020000031247-09-01__3020000031247-04.JPG,0.7315033674240112,1,유사(침해위험 높음)
1473,3020000025777-04,img/3020000025777-09-01__3020000025777-04.JPG,3020000013862-02,img/3020000013862-09-01__3020000013862-02.JPG,0.5018048882484436,0,비유사(침해위험 낮음)
1474,3020000013864-01,img/3020000013864-09-01__3020000013864-01.JPG,3020000002476-03,img/3020000002476-09-01__3020000002476-03.JPG,0.45640644431114197,0,비유사(침해위험 낮음)
1475,3020000029616-07,img/3020000029616-09-01__3020000029616-07.JPG,3020000024360-05,img/3020000024360-09-01__3020000024360-05.JPG,0.7261627912521362,1,유사(침해위험 높음)
1476,3020000012836-02,img/3020000012836-09-01__3020000012836-02.JPG,3020000028666-03,img/3020000028666-09-01__3020000028666-03.JPG,0.8614436388015747,1,유사(침해위험 높음)
1477,3020000013606-03,img/3020000013606-09-01__3020000013606-03.JPG,3020000002742-04,img/3020000002742-09-01__3020000002742-04.JPG,0.5098717212677002,0,비유사(침해위험 낮음)
1478,3020000006090-02,img/3020000006090-09-01__3020000006090-02.JPG,3020000019084-06,img/3020000019084-09-01__3020000019084-06.JPG,0.5791544318199158,0,비유사(침해위험 낮음)
1479,3020000016422-02,img/3020000016422-09-01__3020000016422-02.JPG,3020000030881-33,img/3020000030881-09-01__3020000030881-33.JPG,0.49791109561920166,0,비유사(침해위험 낮음)
1480,3020000022105-03,img/3020000022105-09-01__3020000022105-03.JPG,3020000006090-03,img/3020000006090-09-01__3020000006090-03.JPG,0.5182366967201233,0,비유사(침해위험 낮음)
1481,3020000029879-05,img/3020000029879-09-01__3020000029879-05.JPG,3020000032447-02,img/3020000032447-09-01__3020000032447-02.JPG,0.5376119613647461,0,비유사(침해위험 낮음)
1482,3020000007443-06,img/3020000007443-09-01__3020000007443-06.JPG,3020000000639-01,img/3020000000639-09-01__3020000000639-01.JPG,0.6459442973136902,0,비유사(침해위험 낮음)
1483,3020000024556-06,img/3020000024556-09-01__3020000024556-06.JPG,3020000009396-02,img/3020000009396-09-01__3020000009396-02.JPG,0.6645489931106567,0,비유사(침해위험 낮음)
1484,3020000018871-01,img/3020000018871-09-01__3020000018871-01.JPG,3020000029211-01,img/3020000029211-09-01__3020000029211-01.JPG,0.5314992666244507,0,비유사(침해위험 낮음)
1485,3020000022161-01,img/3020000022161-09-01__3020000022161-01.JPG,3020000022161-08,img/3020000022161-09-01__3020000022161-08.JPG,1.0000001192092896,1,유사(침해위험 높음)
1486,3020000029153-05,img/3020000029153-09-01__3020000029153-05.JPG,3020000011558-02,img/3020000011558-09-01__3020000011558-02.JPG,0.5359545350074768,0,비유사(침해위험 낮음)
1487,3020000031698-04,img/3020000031698-09-01__3020000031698-04.JPG,3020000015285-06,img/3020000015285-09-01__3020000015285-06.JPG,0.5907776355743408,0,비유사(침해위험 낮음)
1488,3020000015978-01,img/3020000015978-09-01__3020000015978-01.JPG,3020000015284-06,img/3020000015284-09-01__3020000015284-06.JPG,0.6055968403816223,0,비유사(침해위험 낮음)
1489,3020000029020-07,img/3020000029020-09-01__3020000029020-07.JPG,3020000003008-03,img/3020000003008-09-01__3020000003008-03.JPG,0.3491802215576172,0,비유사(침해위험 낮음)
1490,3020000032279-07,img/3020000032279-09-01__3020000032279-07.JPG,3020000005512-01,img/3020000005512-09-01__3020000005512-01.JPG,0.5314247608184814,0,비유사(침해위험 낮음)
1491,3020000029206-05,img/3020000029206-09-01__3020000029206-05.JPG,3020000025308-01,img/3020000025308-09-01__3020000025308-01.JPG,0.6899086236953735,0,비유사(침해위험 낮음)
1492,3020000013606-01,img/3020000013606-09-01__3020000013606-01.JPG,3020000024443-07,img/3020000024443-09-01__3020000024443-07.JPG,0.730044960975647,1,유사(침해위험 높음)
1493,3020000031169-02,img/3020000031169-09-01__3020000031169-02.JPG,3020000031088-01,img/3020000031088-09-01__3020000031088-01.JPG,0.6216062307357788,0,비유사(침해위험 낮음)
1494,3020000002025-04,img/3020000002025-09-01__3020000002025-04.JPG,3020000010705-02,img/3020000010705-09-01__3020000010705-02.JPG,0.6271480917930603,0,비유사(침해위험 낮음)
1495,3020000019323-07,img/3020000019323-09-01__3020000019323-07.JPG,3020000010705-05,img/3020000010705-09-01__3020000010705-05.JPG,0.4715479016304016,0,비유사(침해위험 낮음)
1496,3020000002024-07,img/3020000002024-09-01__3020000002024-07.JPG,3020000018612-03,img/3020000018612-09-01__3020000018612-03.JPG,0.654491662979126,0,비유사(침해위험 낮음)
1497,3020000033178-02,img/3020000033178-09-01__3020000033178-02.JPG,3020000023185-04,img/3020000023185-09-01__3020000023185-04.JPG,0.37139827013015747,0,비유사(침해위험 낮음)
1498,3020000010996-06,img/3020000010996-09-01__3020000010996-06.JPG,3020000031692-02,img/3020000031692-09-01__3020000031692-02.JPG,0.7111221551895142,1,유사(침해위험 높음)
1499,3020000015289-09,img/3020000015289-09-01__3020000015289-09.JPG,3020000002025-05,img/3020000002025-09-01__3020000002025-05.JPG,0.5371459722518921,0,비유사(침해위험 낮음)
1500,3020000000778-03,img/3020000000778-09-01__3020000000778-03.JPG,3020000015364-07,img/3020000015364-09-01__3020000015364-07.JPG,0.6741409301757812,0,비유사(침해위험 낮음)
1501,3020000025082-06,img/3020000025082-09-01__3020000025082-06.JPG,3020000027112-05,img/3020000027112-09-01__3020000027112-05.JPG,0.5424830913543701,0,비유사(침해위험 낮음)
1502,3020000006436-01,img/3020000006436-09-01__3020000006436-01.JPG,3020000016952-01,img/3020000016952-09-01__3020000016952-01.JPG,0.7890211939811707,1,유사(침해위험 높음)
1503,3020000015284-02,img/3020000015284-09-01__3020000015284-02.JPG,3020000021602-03,img/3020000021602-09-01__3020000021602-03.JPG,0.7207290530204773,1,유사(침해위험 높음)
1504,3020000028831-02,img/3020000028831-09-01__3020000028831-02.JPG,3020000024534-05,img/3020000024534-09-01__3020000024534-05.JPG,0.6197402477264404,0,비유사(침해위험 낮음)
1505,3020000024008-05,img/3020000024008-09-01__3020000024008-05.JPG,3020000022833-05,img/3020000022833-09-01__3020000022833-05.JPG,0.6376928091049194,0,비유사(침해위험 낮음)
1506,3020000007018-06,img/3020000007018-09-01__3020000007018-06.JPG,3020000023257-05,img/3020000023257-09-01__3020000023257-05.JPG,0.6936146020889282,0,비유사(침해위험 낮음)
1507,3020000022024-05,img/3020000022024-09-01__3020000022024-05.JPG,3020000015226-04,img/3020000015226-09-01__3020000015226-04.JPG,0.626542866230011,0,비유사(침해위험 낮음)
1508,3020000011007-04,img/3020000011007-09-01__3020000011007-04.JPG,3020000033636-03,img/3020000033636-09-01__3020000033636-03.JPG,0.5224161148071289,0,비유사(침해위험 낮음)
1509,3020000006440-09,img/3020000006440-09-01__3020000006440-09.JPG,3020000016422-04,img/3020000016422-09-01__3020000016422-04.JPG,0.46100014448165894,0,비유사(침해위험 낮음)
1510,3020000009398-07,img/3020000009398-09-01__3020000009398-07.JPG,3020000031164-06,img/3020000031164-09-01__3020000031164-06.JPG,0.701665997505188,1,유사(침해위험 높음)
1511,3020000021814-07,img/3020000021814-09-01__3020000021814-07.JPG,3020000029148-03,img/3020000029148-09-01__3020000029148-03.JPG,0.581817626953125,0,비유사(침해위험 낮음)
1512,3020000014579-04,img/3020000014579-09-01__3020000014579-04.JPG,3020000031065-04,img/3020000031065-09-01__3020000031065-04.JPG,0.8415213823318481,1,유사(침해위험 높음)
1513,3020000010996-05,img/3020000010996-09-01__3020000010996-05.JPG,3020000000847-02,img/3020000000847-09-01__3020000000847-02.JPG,0.5828633904457092,0,비유사(침해위험 낮음)
1514,3020000031168-01,img/3020000031168-09-01__3020000031168-01.JPG,3020000016998-02,img/3020000016998-09-01__3020000016998-02.JPG,0.7626504898071289,1,유사(침해위험 높음)
1515,3020000033180-06,img/3020000033180-09-01__3020000033180-06.JPG,3020000015340-07,img/3020000015340-09-01__3020000015340-07.JPG,0.5921335816383362,0,비유사(침해위험 낮음)
1516,3020000025082-05,img/3020000025082-09-01__3020000025082-05.JPG,3020000029850-05,img/3020000029850-09-01__3020000029850-05.JPG,0.7453711032867432,1,유사(침해위험 높음)
1517,3020000031742-02,img/3020000031742-09-01__3020000031742-02.JPG,3020000011007-06,img/3020000011007-09-01__3020000011007-06.JPG,0.585422158241272,0,비유사(침해위험 낮음)
1518,3020000010705-03,img/3020000010705-09-01__3020000010705-03.JPG,3020000027874-04,img/3020000027874-09-01__3020000027874-04.JPG,0.5129302740097046,0,비유사(침해위험 낮음)
1519,3020000028666-06,img/3020000028666-09-01__3020000028666-06.JPG,3020000018786-02,img/3020000018786-09-01__3020000018786-02.JPG,0.7252269983291626,1,유사(침해위험 높음)
1520,3020000019784-05,img/3020000019784-09-01__3020000019784-05.JPG,3020000023571-09,img/3020000023571-09-01__3020000023571-09.JPG,0.6663784980773926,0,비유사(침해위험 낮음)
1521,3020000016129-01,img/3020000016129-09-01__3020000016129-01.JPG,3020000005311-04,img/3020000005311-09-01__3020000005311-04.JPG,0.6569997072219849,0,비유사(침해위험 낮음)
1522,3020000018765-04,img/3020000018765-09-01__3020000018765-04.JPG,3020000029616-05,img/3020000029616-09-01__3020000029616-05.JPG,0.6247042417526245,0,비유사(침해위험 낮음)
1523,3020000005898-04,img/3020000005898-09-01__3020000005898-04.JPG,3020000010994-06,img/3020000010994-09-01__3020000010994-06.JPG,0.5961935520172119,0,비유사(침해위험 낮음)
1524,3020000007445-04,img/3020000007445-09-01__3020000007445-04.JPG,3020000022161-08,img/3020000022161-09-01__3020000022161-08.JPG,0.3974635601043701,0,비유사(침해위험 낮음)
1525,3020000016022-04,img/3020000016022-09-01__3020000016022-04.JPG,3020000013911-03,img/3020000013911-09-01__3020000013911-03.JPG,0.6469283103942871,0,비유사(침해위험 낮음)
1526,3020000000639-07,img/3020000000639-09-01__3020000000639-07.JPG,3020000014636-05,img/3020000014636-09-01__3020000014636-05.JPG,0.7427010536193848,1,유사(침해위험 높음)
1527,3020000018092-04,img/3020000018092-09-01__3020000018092-04.JPG,3020000013720-07,img/3020000013720-09-01__3020000013720-07.JPG,0.6627306938171387,0,비유사(침해위험 낮음)
1528,3020000021180-05,img/3020000021180-09-01__3020000021180-05.JPG,3020000031696-02,img/3020000031696-09-01__3020000031696-02.JPG,0.7213833332061768,1,유사(침해위험 높음)
1529,3020000014928-02,img/3020000014928-09-01__3020000014928-02.JPG,3020000016129-09,img/3020000016129-09-01__3020000016129-09.JPG,0.6839381456375122,0,비유사(침해위험 낮음)
1530,3020000015433-06,img/3020000015433-09-01__3020000015433-06.JPG,3020000025530-07,img/3020000025530-09-01__3020000025530-07.JPG,0.6895481944084167,0,비유사(침해위험 낮음)
1531,3020000031087-07,img/3020000031087-09-01__3020000031087-07.JPG,3020000025182-03,img/3020000025182-09-01__3020000025182-03.JPG,0.5919920206069946,0,비유사(침해위험 낮음)
1532,3020000000780-05,img/3020000000780-09-01__3020000000780-05.JPG,3020000014720-01,img/3020000014720-09-01__3020000014720-01.JPG,0.6965717077255249,0,비유사(침해위험 낮음)
1533,3020000029211-04,img/3020000029211-09-01__3020000029211-04.JPG,3020000017497-03,img/3020000017497-09-01__3020000017497-03.JPG,0.5700011849403381,0,비유사(침해위험 낮음)
1534,3020000030343-03,img/3020000030343-09-01__3020000030343-03.JPG,3020000013860-03,img/3020000013860-09-01__3020000013860-03.JPG,0.5957151055335999,0,비유사(침해위험 낮음)
1535,3020000003502-01,img/3020000003502-09-01__3020000003502-01.JPG,3020000029615-06,img/3020000029615-09-01__3020000029615-06.JPG,0.5337523221969604,0,비유사(침해위험 낮음)
1536,3020000006510-06,img/3020000006510-09-01__3020000006510-06.JPG,3020000021953-01,img/3020000021953-09-01__3020000021953-01.JPG,0.3641969561576843,0,비유사(침해위험 낮음)
1537,3020000015443-05,img/3020000015443-09-01__3020000015443-05.JPG,3020000009397-03,img/3020000009397-09-01__3020000009397-03.JPG,0.5366573929786682,0,비유사(침해위험 낮음)
1538,3020000018786-02,img/3020000018786-09-01__3020000018786-02.JPG,3020000029979-04,img/3020000029979-09-01__3020000029979-04.JPG,0.5312422513961792,0,비유사(침해위험 낮음)
1539,3020000023255-05,img/3020000023255-09-01__3020000023255-05.JPG,3020000030698-04,img/3020000030698-09-01__3020000030698-04.JPG,0.7592321634292603,1,유사(침해위험 높음)
1540,3020000032390-05,img/3020000032390-09-01__3020000032390-05.JPG,3020000015504-01,img/3020000015504-09-01__3020000015504-01.JPG,0.7325392365455627,1,유사(침해위험 높음)
1541,3020000030132-07,img/3020000030132-09-01__3020000030132-07.JPG,3020000006510-02,img/3020000006510-09-01__3020000006510-02.JPG,0.5638395547866821,0,비유사(침해위험 낮음)
1542,3020000028666-06,img/3020000028666-09-01__3020000028666-06.JPG,3020000015340-07,img/3020000015340-09-01__3020000015340-07.JPG,0.6688880324363708,0,비유사(침해위험 낮음)
1543,3020000017678-01,img/3020000017678-09-01__3020000017678-01.JPG,3020000028254-05,img/3020000028254-09-01__3020000028254-05.JPG,0.6624225974082947,0,비유사(침해위험 낮음)
1544,3020000012833-03,img/3020000012833-09-01__3020000012833-03.JPG,3020000012831-06,img/3020000012831-09-01__3020000012831-06.JPG,0.8008630275726318,1,유사(침해위험 높음)
1545,3020000007018-04,img/3020000007018-09-01__3020000007018-04.JPG,3020000022200-03,img/3020000022200-09-01__3020000022200-03.JPG,0.5409629344940186,0,비유사(침해위험 낮음)
1546,3020000008854-05,img/3020000008854-09-01__3020000008854-05.JPG,3020000021602-05,img/3020000021602-09-01__3020000021602-05.JPG,0.8166691064834595,1,유사(침해위험 높음)
1547,3020000031527-04,img/3020000031527-09-01__3020000031527-04.JPG,3020000027388-04,img/3020000027388-09-01__3020000027388-04.JPG,0.53331458568573,0,비유사(침해위험 낮음)
1548,3020000017722-17,img/3020000017722-09-01__3020000017722-17.JPG,3020000019098-06,img/3020000019098-09-01__3020000019098-06.JPG,0.6096522212028503,0,비유사(침해위험 낮음)
1549,3020000030604-06,img/3020000030604-09-01__3020000030604-06.JPG,3020000024556-01,img/3020000024556-09-01__3020000024556-01.JPG,0.5256328582763672,0,비유사(침해위험 낮음)
1550,3020000022036-04,img/3020000022036-09-01__3020000022036-04.JPG,3020000031742-03,img/3020000031742-09-01__3020000031742-03.JPG,0.6817440986633301,0,비유사(침해위험 낮음)
1551,3020000024464-02,img/3020000024464-09-01__3020000024464-02.JPG,3020000033444-03,img/3020000033444-09-01__3020000033444-03.JPG,0.3956690728664398,0,비유사(침해위험 낮음)
1552,3020000029520-05,img/3020000029520-09-01__3020000029520-05.JPG,3020000012831-03,img/3020000012831-09-01__3020000012831-03.JPG,0.4117791950702667,0,비유사(침해위험 낮음)
1553,3020000031825-07,img/3020000031825-09-01__3020000031825-07.JPG,3020000013900-07,img/3020000013900-09-01__3020000013900-07.JPG,0.759282648563385,1,유사(침해위험 높음)
1554,3020000029879-01,img/3020000029879-09-01__3020000029879-01.JPG,3020000031696-06,img/3020000031696-09-01__3020000031696-06.JPG,0.4530954957008362,0,비유사(침해위험 낮음)
1555,3020000026521-06,img/3020000026521-09-01__3020000026521-06.JPG,3020000033000-07,img/3020000033000-09-01__3020000033000-07.JPG,0.680050253868103,0,비유사(침해위험 낮음)
1556,3020000004362-05,img/3020000004362-09-01__3020000004362-05.JPG,3020000024236-03,img/3020000024236-09-01__3020000024236-03.JPG,0.373495489358902,0,비유사(침해위험 낮음)
1557,3020000021180-05,img/3020000021180-09-01__3020000021180-05.JPG,3020000024237-07,img/3020000024237-09-01__3020000024237-07.JPG,0.500641942024231,0,비유사(침해위험 낮음)
1558,3020000030698-05,img/3020000030698-09-01__3020000030698-05.JPG,3020000017498-05,img/3020000017498-09-01__3020000017498-05.JPG,0.7019134759902954,1,유사(침해위험 높음)
1559,3020000004298-03,img/3020000004298-09-01__3020000004298-03.JPG,3020000024957-04,img/3020000024957-09-01__3020000024957-04.JPG,0.6416646838188171,0,비유사(침해위험 낮음)
1560,3020000006440-06,img/3020000006440-09-01__3020000006440-06.JPG,3020000003036-06,img/3020000003036-09-01__3020000003036-06.JPG,0.6322845816612244,0,비유사(침해위험 낮음)
1561,3020000024555-02,img/3020000024555-09-01__3020000024555-02.JPG,3020000023317-03,img/3020000023317-09-01__3020000023317-03.JPG,0.6497167348861694,0,비유사(침해위험 낮음)
1562,3020000011702-07,img/3020000011702-09-01__3020000011702-07.JPG,3020000025182-02,img/3020000025182-09-01__3020000025182-02.JPG,0.49476420879364014,0,비유사(침해위험 낮음)
1563,3020000024463-06,img/3020000024463-09-01__3020000024463-06.JPG,3020000007891-07,img/3020000007891-09-01__3020000007891-07.JPG,0.5143959522247314,0,비유사(침해위험 낮음)
1564,3020000009483-09,img/3020000009483-09-01__3020000009483-09.JPG,3020000016129-01,img/3020000016129-09-01__3020000016129-01.JPG,0.6166439652442932,0,비유사(침해위험 낮음)
1565,3020000023871-03,img/3020000023871-09-01__3020000023871-03.JPG,3020000020844-06,img/3020000020844-09-01__3020000020844-06.JPG,0.5439904928207397,0,비유사(침해위험 낮음)
1566,3020000006446-06,img/3020000006446-09-01__3020000006446-06.JPG,3020000029879-01,img/3020000029879-09-01__3020000029879-01.JPG,0.46124589443206787,0,비유사(침해위험 낮음)
1567,3020000011906-06,img/3020000011906-09-01__3020000011906-06.JPG,3020000030881-17,img/3020000030881-09-01__3020000030881-17.JPG,0.6705312132835388,0,비유사(침해위험 낮음)
1568,3020000025561-03,img/3020000025561-09-01__3020000025561-03.JPG,3020000022802-05,img/3020000022802-09-01__3020000022802-05.JPG,0.7609272003173828,1,유사(침해위험 높음)
1569,3020000005512-07,img/3020000005512-09-01__3020000005512-07.JPG,3020000023374-02,img/3020000023374-09-01__3020000023374-02.JPG,0.6306696534156799,0,비유사(침해위험 낮음)
1570,3020000021170-07,img/3020000021170-09-01__3020000021170-07.JPG,3020000033636-03,img/3020000033636-09-01__3020000033636-03.JPG,0.5087435245513916,0,비유사(침해위험 낮음)
1571,3020000002988-02,img/3020000002988-09-01__3020000002988-02.JPG,3020000021438-06,img/3020000021438-09-01__3020000021438-06.JPG,0.6531459093093872,0,비유사(침해위험 낮음)
1572,3020000007016-04,img/3020000007016-09-01__3020000007016-04.JPG,3020000023526-07,img/3020000023526-09-01__3020000023526-07.JPG,0.6516361236572266,0,비유사(침해위험 낮음)
1573,3020000019098-04,img/3020000019098-09-01__3020000019098-04.JPG,3020000021678-06,img/3020000021678-09-01__3020000021678-06.JPG,0.6804851293563843,0,비유사(침해위험 낮음)
1574,3020000024957-03,img/3020000024957-09-01__3020000024957-03.JPG,3020000003007-04,img/3020000003007-09-01__3020000003007-04.JPG,0.48474979400634766,0,비유사(침해위험 낮음)
1575,3020000024907-02,img/3020000024907-09-01__3020000024907-02.JPG,3020000021877-02,img/3020000021877-09-01__3020000021877-02.JPG,0.4987350106239319,0,비유사(침해위험 낮음)
1576,3020000029794-05,img/3020000029794-09-01__3020000029794-05.JPG,3020000033581-03,img/3020000033581-09-01__3020000033581-03.JPG,0.6254578232765198,0,비유사(침해위험 낮음)
1577,3020000015457-04,img/3020000015457-09-01__3020000015457-04.JPG,3020000031088-02,img/3020000031088-09-01__3020000031088-02.JPG,0.5654475092887878,0,비유사(침해위험 낮음)
1578,3020000001189-04,img/3020000001189-09-01__3020000001189-04.JPG,3020000018498-05,img/3020000018498-09-01__3020000018498-05.JPG,0.5741044282913208,0,비유사(침해위험 낮음)
1579,3020000014156-07,img/3020000014156-09-01__3020000014156-07.JPG,3020000000414-06,img/3020000000414-09-01__3020000000414-06.JPG,0.5109463930130005,0,비유사(침해위험 낮음)
1580,3020000031468-03,img/3020000031468-09-01__3020000031468-03.JPG,3020000012831-01,img/3020000012831-09-01__3020000012831-01.JPG,0.6605350971221924,0,비유사(침해위험 낮음)
1581,3020000025395-04,img/3020000025395-09-01__3020000025395-04.JPG,3020000004249-04,img/3020000004249-09-01__3020000004249-04.JPG,0.6198098063468933,0,비유사(침해위험 낮음)
1582,3020000002327-02,img/3020000002327-09-01__3020000002327-02.JPG,3020000019758-03,img/3020000019758-09-01__3020000019758-03.JPG,0.7219561338424683,1,유사(침해위험 높음)
1583,3020000017002-05,img/3020000017002-09-01__3020000017002-05.JPG,3020000030584-06,img/3020000030584-09-01__3020000030584-06.JPG,0.7420969605445862,1,유사(침해위험 높음)
1584,3020000003525-01,img/3020000003525-09-01__3020000003525-01.JPG,3020000024484-03,img/3020000024484-09-01__3020000024484-03.JPG,0.5336741805076599,0,비유사(침해위험 낮음)
1585,3020000003008-07,img/3020000003008-09-01__3020000003008-07.JPG,3020000004095-01,img/3020000004095-09-01__3020000004095-01.JPG,0.42950117588043213,0,비유사(침해위험 낮음)
1586,3020000022105-02,img/3020000022105-09-01__3020000022105-02.JPG,3020000002022-02,img/3020000002022-09-01__3020000002022-02.JPG,0.6472054719924927,0,비유사(침해위험 낮음)
1587,3020000015285-05,img/3020000015285-09-01__3020000015285-05.JPG,3020000018872-02,img/3020000018872-09-01__3020000018872-02.JPG,0.38131529092788696,0,비유사(침해위험 낮음)
1588,3020000010913-01,img/3020000010913-09-01__3020000010913-01.JPG,3020000032390-01,img/3020000032390-09-01__3020000032390-01.JPG,0.6409829258918762,0,비유사(침해위험 낮음)
1589,3020000007043-04,img/3020000007043-09-01__3020000007043-04.JPG,3020000032162-02,img/3020000032162-09-01__3020000032162-02.JPG,0.49259889125823975,0,비유사(침해위험 낮음)
1590,3020000028831-03,img/3020000028831-09-01__3020000028831-03.JPG,3020000031163-06,img/3020000031163-09-01__3020000031163-06.JPG,0.6726962327957153,0,비유사(침해위험 낮음)
1591,3020000029020-07,img/3020000029020-09-01__3020000029020-07.JPG,3020000019481-03,img/3020000019481-09-01__3020000019481-03.JPG,0.4956958591938019,0,비유사(침해위험 낮음)
1592,3020000017832-01,img/3020000017832-09-01__3020000017832-01.JPG,3020000018091-06,img/3020000018091-09-01__3020000018091-06.JPG,0.6834179162979126,0,비유사(침해위험 낮음)
1593,3020000021275-01,img/3020000021275-09-01__3020000021275-01.JPG,3020000017906-07,img/3020000017906-09-01__3020000017906-07.JPG,0.7164157629013062,1,유사(침해위험 높음)
1594,3020000017832-06,img/3020000017832-09-01__3020000017832-06.JPG,3020000004361-05,img/3020000004361-09-01__3020000004361-05.JPG,0.5074977278709412,0,비유사(침해위험 낮음)
1595,3020000029918-04,img/3020000029918-09-01__3020000029918-04.JPG,3020000029519-02,img/3020000029519-09-01__3020000029519-02.JPG,0.6917146444320679,0,비유사(침해위험 낮음)
1596,3020000024465-02,img/3020000024465-09-01__3020000024465-02.JPG,3020000007018-01,img/3020000007018-09-01__3020000007018-01.JPG,0.6075261831283569,0,비유사(침해위험 낮음)
1597,3020000029211-03,img/3020000029211-09-01__3020000029211-03.JPG,3020000017301-04,img/3020000017301-09-01__3020000017301-04.JPG,0.7691164016723633,1,유사(침해위험 높음)
1598,3020000006510-07,img/3020000006510-09-01__3020000006510-07.JPG,3020000010912-02,img/3020000010912-09-01__3020000010912-02.JPG,0.6338661909103394,0,비유사(침해위험 낮음)
1599,3020000024464-01,img/3020000024464-09-01__3020000024464-01.JPG,3020000018269-07,img/3020000018269-09-01__3020000018269-07.JPG,0.520578920841217,0,비유사(침해위험 낮음)
1600,3020000024348-03,img/3020000024348-09-01__3020000024348-03.JPG,3020000006745-07,img/3020000006745-09-01__3020000006745-07.JPG,0.7476091384887695,1,유사(침해위험 높음)
1601,3020000031162-07,img/3020000031162-09-01__3020000031162-07.JPG,3020000012834-04,img/3020000012834-09-01__3020000012834-04.JPG,0.5883458852767944,0,비유사(침해위험 낮음)
1602,3020000000638-01,img/3020000000638-09-01__3020000000638-01.JPG,3020000031698-05,img/3020000031698-09-01__3020000031698-05.JPG,0.694939136505127,0,비유사(침해위험 낮음)
1603,3020000001359-01,img/3020000001359-09-01__3020000001359-01.JPG,3020000015364-07,img/3020000015364-09-01__3020000015364-07.JPG,0.6318409442901611,0,비유사(침해위험 낮음)
1604,3020000021877-05,img/3020000021877-09-01__3020000021877-05.JPG,3020000029850-01,img/3020000029850-09-01__3020000029850-01.JPG,0.5379073619842529,0,비유사(침해위험 낮음)
1605,3020000031065-06,img/3020000031065-09-01__3020000031065-06.JPG,3020000024535-03,img/3020000024535-09-01__3020000024535-03.JPG,0.6846328377723694,0,비유사(침해위험 낮음)
1606,3020000019758-05,img/3020000019758-09-01__3020000019758-05.JPG,3020000024361-01,img/3020000024361-09-01__3020000024361-01.JPG,0.7070453763008118,1,유사(침해위험 높음)
1607,3020000017908-07,img/3020000017908-09-01__3020000017908-07.JPG,3020000013583-04,img/3020000013583-09-01__3020000013583-04.JPG,0.6907274723052979,0,비유사(침해위험 낮음)
1608,3020000013900-07,img/3020000013900-09-01__3020000013900-07.JPG,3020000021829-03,img/3020000021829-09-01__3020000021829-03.JPG,0.47669392824172974,0,비유사(침해위험 낮음)
1609,3020000017003-04,img/3020000017003-09-01__3020000017003-04.JPG,3020000008855-05,img/3020000008855-09-01__3020000008855-05.JPG,0.5457351207733154,0,비유사(침해위험 낮음)
1610,3020000015228-02,img/3020000015228-09-01__3020000015228-02.JPG,3020000011000-01,img/3020000011000-09-01__3020000011000-01.JPG,0.8021544814109802,1,유사(침해위험 높음)
1611,3020000031089-02,img/3020000031089-09-01__3020000031089-02.JPG,3020000032162-01,img/3020000032162-09-01__3020000032162-01.JPG,0.6349865198135376,0,비유사(침해위험 낮음)
1612,3020000006440-17,img/3020000006440-09-01__3020000006440-17.JPG,3020000002022-04,img/3020000002022-09-01__3020000002022-04.JPG,0.5252503156661987,0,비유사(침해위험 낮음)
1613,3020000033636-06,img/3020000033636-09-01__3020000033636-06.JPG,3020000029518-03,img/3020000029518-09-01__3020000029518-03.JPG,0.5252786874771118,0,비유사(침해위험 낮음)
1614,3020000019480-06,img/3020000019480-09-01__3020000019480-06.JPG,3020000028254-06,img/3020000028254-09-01__3020000028254-06.JPG,0.7557655572891235,1,유사(침해위험 높음)
1615,3020000032162-03,img/3020000032162-09-01__3020000032162-03.JPG,3020000000962-02,img/3020000000962-09-01__3020000000962-02.JPG,0.4758700132369995,0,비유사(침해위험 낮음)
1616,3020000013862-07,img/3020000013862-09-01__3020000013862-07.JPG,3020000011907-02,img/3020000011907-09-01__3020000011907-02.JPG,0.6456354856491089,0,비유사(침해위험 낮음)
1617,3020000003961-01,img/3020000003961-09-01__3020000003961-01.JPG,3020000006090-05,img/3020000006090-09-01__3020000006090-05.JPG,0.6264547109603882,0,비유사(침해위험 낮음)
1618,3020000026403-05,img/3020000026403-09-01__3020000026403-05.JPG,3020000002023-03,img/3020000002023-09-01__3020000002023-03.JPG,0.5128942131996155,0,비유사(침해위험 낮음)
1619,3020000021180-04,img/3020000021180-09-01__3020000021180-04.JPG,3020000026567-06,img/3020000026567-09-01__3020000026567-06.JPG,0.6996118426322937,0,비유사(침해위험 낮음)
1620,3020000029794-02,img/3020000029794-09-01__3020000029794-02.JPG,3020000030698-03,img/3020000030698-09-01__3020000030698-03.JPG,0.6932812929153442,0,비유사(침해위험 낮음)
1621,3020000002380-02,img/3020000002380-09-01__3020000002380-02.JPG,3020000013865-03,img/3020000013865-09-01__3020000013865-03.JPG,0.5434150695800781,0,비유사(침해위험 낮음)
1622,3020000031247-03,img/3020000031247-09-01__3020000031247-03.JPG,3020000002231-05,img/3020000002231-09-01__3020000002231-05.JPG,0.678277313709259,0,비유사(침해위험 낮음)
1623,3020000018766-03,img/3020000018766-09-01__3020000018766-03.JPG,3020000020789-01,img/3020000020789-09-01__3020000020789-01.JPG,0.5389610528945923,0,비유사(침해위험 낮음)
1624,3020000013720-02,img/3020000013720-09-01__3020000013720-02.JPG,3020000024465-04,img/3020000024465-09-01__3020000024465-04.JPG,0.5210713744163513,0,비유사(침해위험 낮음)
1625,3020000012830-05,img/3020000012830-09-01__3020000012830-05.JPG,3020000031696-04,img/3020000031696-09-01__3020000031696-04.JPG,0.7783946990966797,1,유사(침해위험 높음)
1626,3020000032580-02,img/3020000032580-09-01__3020000032580-02.JPG,3020000002988-06,img/3020000002988-09-01__3020000002988-06.JPG,0.6400888562202454,0,비유사(침해위험 낮음)
1627,3020000007445-02,img/3020000007445-09-01__3020000007445-02.JPG,3020000023257-03,img/3020000023257-09-01__3020000023257-03.JPG,0.6673608422279358,0,비유사(침해위험 낮음)
1628,3020000015289-07,img/3020000015289-09-01__3020000015289-07.JPG,3020000013720-02,img/3020000013720-09-01__3020000013720-02.JPG,0.5836338996887207,0,비유사(침해위험 낮음)
1629,3020000031165-01,img/3020000031165-09-01__3020000031165-01.JPG,3020000025393-02,img/3020000025393-09-01__3020000025393-02.JPG,0.45087623596191406,0,비유사(침해위험 낮음)
1630,3020000015673-06,img/3020000015673-09-01__3020000015673-06.JPG,3020000025395-01,img/3020000025395-09-01__3020000025395-01.JPG,0.7240097522735596,1,유사(침해위험 높음)
1631,3020000026567-07,img/3020000026567-09-01__3020000026567-07.JPG,3020000032577-02,img/3020000032577-09-01__3020000032577-02.JPG,0.558163583278656,0,비유사(침해위험 낮음)
1632,3020000029794-04,img/3020000029794-09-01__3020000029794-04.JPG,3020000015830-06,img/3020000015830-09-01__3020000015830-06.JPG,0.7569748163223267,1,유사(침해위험 높음)
1633,3020000013860-06,img/3020000013860-09-01__3020000013860-06.JPG,3020000015433-06,img/3020000015433-09-01__3020000015433-06.JPG,0.6608648896217346,0,비유사(침해위험 낮음)
1634,3020000007581-01,img/3020000007581-09-01__3020000007581-01.JPG,3020000029518-03,img/3020000029518-09-01__3020000029518-03.JPG,0.5659940838813782,0,비유사(침해위험 낮음)
1635,3020000023871-07,img/3020000023871-09-01__3020000023871-07.JPG,3020000012833-04,img/3020000012833-09-01__3020000012833-04.JPG,0.7182271480560303,1,유사(침해위험 높음)
1636,3020000019084-07,img/3020000019084-09-01__3020000019084-07.JPG,3020000015388-09,img/3020000015388-09-01__3020000015388-09.JPG,0.4787214696407318,0,비유사(침해위험 낮음)
1637,3020000015227-07,img/3020000015227-09-01__3020000015227-07.JPG,3020000003036-03,img/3020000003036-09-01__3020000003036-03.JPG,0.6116991639137268,0,비유사(침해위험 낮음)
1638,3020000024712-01,img/3020000024712-09-01__3020000024712-01.JPG,3020000025996-03,img/3020000025996-09-01__3020000025996-03.JPG,0.6609146595001221,0,비유사(침해위험 낮음)
1639,3020000031167-02,img/3020000031167-09-01__3020000031167-02.JPG,3020000010705-02,img/3020000010705-09-01__3020000010705-02.JPG,0.5591329336166382,0,비유사(침해위험 낮음)
1640,3020000028261-03,img/3020000028261-09-01__3020000028261-03.JPG,3020000029878-02,img/3020000029878-09-01__3020000029878-02.JPG,0.7539507150650024,1,유사(침해위험 높음)
1641,3020000019784-03,img/3020000019784-09-01__3020000019784-03.JPG,3020000024700-07,img/3020000024700-09-01__3020000024700-07.JPG,0.6354625225067139,0,비유사(침해위험 낮음)
1642,3020000023185-05,img/3020000023185-09-01__3020000023185-05.JPG,3020000002328-02,img/3020000002328-09-01__3020000002328-02.JPG,0.37832963466644287,0,비유사(침해위험 낮음)
1643,3020000017002-04,img/3020000017002-09-01__3020000017002-04.JPG,3020000029019-04,img/3020000029019-09-01__3020000029019-04.JPG,0.48893117904663086,0,비유사(침해위험 낮음)
1644,3020000029756-06,img/3020000029756-09-01__3020000029756-06.JPG,3020000018091-01,img/3020000018091-09-01__3020000018091-01.JPG,0.575911819934845,0,비유사(침해위험 낮음)
1645,3020000032940-07,img/3020000032940-09-01__3020000032940-07.JPG,3020000024008-06,img/3020000024008-09-01__3020000024008-06.JPG,0.7311998605728149,1,유사(침해위험 높음)
1646,3020000015673-05,img/3020000015673-09-01__3020000015673-05.JPG,3020000030582-04,img/3020000030582-09-01__3020000030582-04.JPG,0.7345736622810364,1,유사(침해위험 높음)
1647,3020000019323-01,img/3020000019323-09-01__3020000019323-01.JPG,3020000018871-07,img/3020000018871-09-01__3020000018871-07.JPG,0.34337496757507324,0,비유사(침해위험 낮음)
1648,3020000007891-05,img/3020000007891-09-01__3020000007891-05.JPG,3020000015388-06,img/3020000015388-09-01__3020000015388-06.JPG,0.5001663565635681,0,비유사(침해위험 낮음)
1649,3020000017906-02,img/3020000017906-09-01__3020000017906-02.JPG,3020000010994-03,img/3020000010994-09-01__3020000010994-03.JPG,0.6322543621063232,0,비유사(침해위험 낮음)
1650,3020000031696-05,img/3020000031696-09-01__3020000031696-05.JPG,3020000024464-04,img/3020000024464-09-01__3020000024464-04.JPG,0.5706946849822998,0,비유사(침해위험 낮음)
1651,3020000022105-09,img/3020000022105-09-01__3020000022105-09.JPG,3020000013863-02,img/3020000013863-09-01__3020000013863-02.JPG,0.4315519332885742,0,비유사(침해위험 낮음)
1652,3020000012836-01,img/3020000012836-09-01__3020000012836-01.JPG,3020000015433-01,img/3020000015433-09-01__3020000015433-01.JPG,0.6344764828681946,0,비유사(침해위험 낮음)
1653,3020000030702-07,img/3020000030702-09-01__3020000030702-07.JPG,3020000007581-06,img/3020000007581-09-01__3020000007581-06.JPG,0.5742068290710449,0,비유사(침해위험 낮음)
1654,3020000033580-05,img/3020000033580-09-01__3020000033580-05.JPG,3020000021877-05,img/3020000021877-09-01__3020000021877-05.JPG,0.4971921145915985,0,비유사(침해위험 낮음)
1655,3020000003007-04,img/3020000003007-09-01__3020000003007-04.JPG,3020000024956-04,img/3020000024956-09-01__3020000024956-04.JPG,0.4438309967517853,0,비유사(침해위험 낮음)
1656,3020000019084-04,img/3020000019084-09-01__3020000019084-04.JPG,3020000019323-02,img/3020000019323-09-01__3020000019323-02.JPG,0.5389697551727295,0,비유사(침해위험 낮음)
1657,3020000024712-03,img/3020000024712-09-01__3020000024712-03.JPG,3020000024348-07,img/3020000024348-09-01__3020000024348-07.JPG,0.6443207859992981,0,비유사(침해위험 낮음)
1658,3020000007018-06,img/3020000007018-09-01__3020000007018-06.JPG,3020000018258-02,img/3020000018258-09-01__3020000018258-02.JPG,0.6052994132041931,0,비유사(침해위험 낮음)
1659,3020000013864-02,img/3020000013864-09-01__3020000013864-02.JPG,3020000014195-02,img/3020000014195-09-01__3020000014195-02.JPG,0.5746749639511108,0,비유사(침해위험 낮음)
1660,3020000011905-04,img/3020000011905-09-01__3020000011905-04.JPG,3020000016422-02,img/3020000016422-09-01__3020000016422-02.JPG,0.5069113373756409,0,비유사(침해위험 낮음)
1661,3020000029032-03,img/3020000029032-09-01__3020000029032-03.JPG,3020000004298-07,img/3020000004298-09-01__3020000004298-07.JPG,0.7074854373931885,1,유사(침해위험 높음)
1662,3020000021275-06,img/3020000021275-09-01__3020000021275-06.JPG,3020000017679-06,img/3020000017679-09-01__3020000017679-06.JPG,0.6805493831634521,0,비유사(침해위험 낮음)
1663,3020000005652-06,img/3020000005652-09-01__3020000005652-06.JPG,3020000024463-01,img/3020000024463-09-01__3020000024463-01.JPG,0.6286435127258301,0,비유사(침해위험 낮음)
1664,3020000031088-07,img/3020000031088-09-01__3020000031088-07.JPG,3020000011001-02,img/3020000011001-09-01__3020000011001-02.JPG,0.5429803133010864,0,비유사(침해위험 낮음)
1665,3020000002476-07,img/3020000002476-09-01__3020000002476-07.JPG,3020000015190-01,img/3020000015190-09-01__3020000015190-01.JPG,0.5240767002105713,0,비유사(침해위험 낮음)
1666,3020000017906-05,img/3020000017906-09-01__3020000017906-05.JPG,3020000029850-02,img/3020000029850-09-01__3020000029850-02.JPG,0.45013588666915894,0,비유사(침해위험 낮음)
1667,3020000027377-07,img/3020000027377-09-01__3020000027377-07.JPG,3020000027112-06,img/3020000027112-09-01__3020000027112-06.JPG,0.48932361602783203,0,비유사(침해위험 낮음)
1668,3020000002081-06,img/3020000002081-09-01__3020000002081-06.JPG,3020000004249-03,img/3020000004249-09-01__3020000004249-03.JPG,0.48645660281181335,0,비유사(침해위험 낮음)
1669,3020000010998-06,img/3020000010998-09-01__3020000010998-06.JPG,3020000033574-07,img/3020000033574-09-01__3020000033574-07.JPG,0.7097750306129456,1,유사(침해위험 높음)
1670,3020000031825-06,img/3020000031825-09-01__3020000031825-06.JPG,3020000025777-07,img/3020000025777-09-01__3020000025777-07.JPG,0.7843923568725586,1,유사(침해위험 높음)
1671,3020000031088-06,img/3020000031088-09-01__3020000031088-06.JPG,3020000029756-07,img/3020000029756-09-01__3020000029756-07.JPG,0.512978732585907,0,비유사(침해위험 낮음)
1672,3020000024907-03,img/3020000024907-09-01__3020000024907-03.JPG,3020000012830-04,img/3020000012830-09-01__3020000012830-04.JPG,0.6207501888275146,0,비유사(침해위험 낮음)
1673,3020000022336-01,img/3020000022336-09-01__3020000022336-01.JPG,3020000011989-06,img/3020000011989-09-01__3020000011989-06.JPG,0.6715285778045654,0,비유사(침해위험 낮음)
1674,3020000016423-06,img/3020000016423-09-01__3020000016423-06.JPG,3020000015434-04,img/3020000015434-09-01__3020000015434-04.JPG,0.5275821089744568,0,비유사(침해위험 낮음)
1675,3020000000847-07,img/3020000000847-09-01__3020000000847-07.JPG,3020000012111-04,img/3020000012111-09-01__3020000012111-04.JPG,0.5451028943061829,0,비유사(침해위험 낮음)
1676,3020000011000-07,img/3020000011000-09-01__3020000011000-07.JPG,3020000031247-07,img/3020000031247-09-01__3020000031247-07.JPG,0.752831220626831,1,유사(침해위험 높음)
1677,3020000006510-02,img/3020000006510-09-01__3020000006510-02.JPG,3020000031527-01,img/3020000031527-09-01__3020000031527-01.JPG,0.7566497921943665,1,유사(침해위험 높음)
1678,3020000031696-04,img/3020000031696-09-01__3020000031696-04.JPG,3020000022200-06,img/3020000022200-09-01__3020000022200-06.JPG,0.5948669910430908,0,비유사(침해위험 낮음)
1679,3020000013864-01,img/3020000013864-09-01__3020000013864-01.JPG,3020000030582-01,img/3020000030582-09-01__3020000030582-01.JPG,0.6760890483856201,0,비유사(침해위험 낮음)
1680,3020000027377-05,img/3020000027377-09-01__3020000027377-05.JPG,3020000030698-05,img/3020000030698-09-01__3020000030698-05.JPG,0.43794888257980347,0,비유사(침해위험 낮음)
1681,3020000011906-02,img/3020000011906-09-01__3020000011906-02.JPG,3020000018612-01,img/3020000018612-09-01__3020000018612-01.JPG,0.49818605184555054,0,비유사(침해위험 낮음)
1682,3020000013862-02,img/3020000013862-09-01__3020000013862-02.JPG,3020000024557-06,img/3020000024557-09-01__3020000024557-06.JPG,0.4505903422832489,0,비유사(침해위험 낮음)
1683,3020000015978-03,img/3020000015978-09-01__3020000015978-03.JPG,3020000032578-07,img/3020000032578-09-01__3020000032578-07.JPG,0.48510515689849854,0,비유사(침해위험 낮음)
1684,3020000015283-03,img/3020000015283-09-01__3020000015283-03.JPG,3020000018090-06,img/3020000018090-09-01__3020000018090-06.JPG,0.589809775352478,0,비유사(침해위험 낮음)
1685,3020000021953-04,img/3020000021953-09-01__3020000021953-04.JPG,3020000024443-01,img/3020000024443-09-01__3020000024443-01.JPG,0.4017089605331421,0,비유사(침해위험 낮음)
1686,3020000029148-05,img/3020000029148-09-01__3020000029148-05.JPG,3020000017497-02,img/3020000017497-09-01__3020000017497-02.JPG,0.5869075655937195,0,비유사(침해위험 낮음)
1687,3020000015457-05,img/3020000015457-09-01__3020000015457-05.JPG,3020000014720-01,img/3020000014720-09-01__3020000014720-01.JPG,0.41059860587120056,0,비유사(침해위험 낮음)
1688,3020000017497-04,img/3020000017497-09-01__3020000017497-04.JPG,3020000023526-05,img/3020000023526-09-01__3020000023526-05.JPG,0.48519212007522583,0,비유사(침해위험 낮음)
1689,3020000023190-04,img/3020000023190-09-01__3020000023190-04.JPG,3020000021953-03,img/3020000021953-09-01__3020000021953-03.JPG,0.4667782783508301,0,비유사(침해위험 낮음)
1690,3020000005940-02,img/3020000005940-09-01__3020000005940-02.JPG,3020000033444-07,img/3020000033444-09-01__3020000033444-07.JPG,0.4745316505432129,0,비유사(침해위험 낮음)
1691,3020000031087-06,img/3020000031087-09-01__3020000031087-06.JPG,3020000022024-33,img/3020000022024-09-01__3020000022024-33.JPG,0.5197149515151978,0,비유사(침해위험 낮음)
1692,3020000031825-06,img/3020000031825-09-01__3020000031825-06.JPG,3020000015830-04,img/3020000015830-09-01__3020000015830-04.JPG,0.6174637079238892,0,비유사(침해위험 낮음)
1693,3020000011905-04,img/3020000011905-09-01__3020000011905-04.JPG,3020000017679-05,img/3020000017679-09-01__3020000017679-05.JPG,0.614284873008728,0,비유사(침해위험 낮음)
1694,3020000015506-02,img/3020000015506-09-01__3020000015506-02.JPG,3020000019084-17,img/3020000019084-09-01__3020000019084-17.JPG,0.4896292984485626,0,비유사(침해위험 낮음)
1695,3020000002327-04,img/3020000002327-09-01__3020000002327-04.JPG,3020000024956-05,img/3020000024956-09-01__3020000024956-05.JPG,0.5982328653335571,0,비유사(침해위험 낮음)
1696,3020000012833-05,img/3020000012833-09-01__3020000012833-05.JPG,3020000031247-06,img/3020000031247-09-01__3020000031247-06.JPG,0.643924355506897,0,비유사(침해위험 낮음)
1697,3020000007584-05,img/3020000007584-09-01__3020000007584-05.JPG,3020000000962-04,img/3020000000962-09-01__3020000000962-04.JPG,0.46952372789382935,0,비유사(침해위험 낮음)
1698,3020000014636-05,img/3020000014636-09-01__3020000014636-05.JPG,3020000024614-04,img/3020000024614-09-01__3020000024614-04.JPG,0.6310447454452515,0,비유사(침해위험 낮음)
1699,3020000025561-07,img/3020000025561-09-01__3020000025561-07.JPG,3020000025496-01,img/3020000025496-09-01__3020000025496-01.JPG,0.6178168058395386,0,비유사(침해위험 낮음)
1700,3020000031066-03,img/3020000031066-09-01__3020000031066-03.JPG,3020000019323-06,img/3020000019323-09-01__3020000019323-06.JPG,0.5903786420822144,0,비유사(침해위험 낮음)
1701,3020000015341-01,img/3020000015341-09-01__3020000015341-01.JPG,3020000008854-02,img/3020000008854-09-01__3020000008854-02.JPG,0.4857178330421448,0,비유사(침해위험 낮음)
1702,3020000011144-04,img/3020000011144-09-01__3020000011144-04.JPG,3020000016422-01,img/3020000016422-09-01__3020000016422-01.JPG,0.4061241149902344,0,비유사(침해위험 낮음)
1703,3020000013583-06,img/3020000013583-09-01__3020000013583-06.JPG,3020000018090-02,img/3020000018090-09-01__3020000018090-02.JPG,0.6070511341094971,0,비유사(침해위험 낮음)
1704,3020000025138-06,img/3020000025138-09-01__3020000025138-06.JPG,3020000013865-07,img/3020000013865-09-01__3020000013865-07.JPG,0.529758095741272,0,비유사(침해위험 낮음)
1705,3020000023253-06,img/3020000023253-09-01__3020000023253-06.JPG,3020000024556-07,img/3020000024556-09-01__3020000024556-07.JPG,0.6748640537261963,0,비유사(침해위험 낮음)
1706,3020000029220-01,img/3020000029220-09-01__3020000029220-01.JPG,3020000029919-06,img/3020000029919-09-01__3020000029919-06.JPG,0.6132243275642395,0,비유사(침해위험 낮음)
1707,3020000016998-04,img/3020000016998-09-01__3020000016998-04.JPG,3020000014579-05,img/3020000014579-09-01__3020000014579-05.JPG,0.7137562036514282,1,유사(침해위험 높음)
1708,3020000031842-06,img/3020000031842-09-01__3020000031842-06.JPG,3020000022802-04,img/3020000022802-09-01__3020000022802-04.JPG,0.6297515630722046,0,비유사(침해위험 낮음)
1709,3020000031088-03,img/3020000031088-09-01__3020000031088-03.JPG,3020000028831-04,img/3020000028831-09-01__3020000028831-04.JPG,0.6531124114990234,0,비유사(침해위험 낮음)
1710,3020000031169-06,img/3020000031169-09-01__3020000031169-06.JPG,3020000022803-05,img/3020000022803-09-01__3020000022803-05.JPG,0.632739782333374,0,비유사(침해위험 낮음)
1711,3020000021829-04,img/3020000021829-09-01__3020000021829-04.JPG,3020000009604-02,img/3020000009604-09-01__3020000009604-02.JPG,0.5442531108856201,0,비유사(침해위험 낮음)
1712,3020000031165-06,img/3020000031165-09-01__3020000031165-06.JPG,3020000033314-03,img/3020000033314-09-01__3020000033314-03.JPG,0.47692883014678955,0,비유사(침해위험 낮음)
1713,3020000017373-01,img/3020000017373-09-01__3020000017373-01.JPG,3020000009604-06,img/3020000009604-09-01__3020000009604-06.JPG,0.5757672786712646,0,비유사(침해위험 낮음)
1714,3020000007445-02,img/3020000007445-09-01__3020000007445-02.JPG,3020000031066-04,img/3020000031066-09-01__3020000031066-04.JPG,0.8308442234992981,1,유사(침해위험 높음)
1715,3020000024538-04,img/3020000024538-09-01__3020000024538-04.JPG,3020000022802-03,img/3020000022802-09-01__3020000022802-03.JPG,0.6926637887954712,0,비유사(침해위험 낮음)
1716,3020000010994-03,img/3020000010994-09-01__3020000010994-03.JPG,3020000024484-07,img/3020000024484-09-01__3020000024484-07.JPG,0.6454315185546875,0,비유사(침해위험 낮음)
1717,3020000028831-04,img/3020000028831-09-01__3020000028831-04.JPG,3020000003008-01,img/3020000003008-09-01__3020000003008-01.JPG,0.6071240901947021,0,비유사(침해위험 낮음)
1718,3020000024008-04,img/3020000024008-09-01__3020000024008-04.JPG,3020000002023-04,img/3020000002023-09-01__3020000002023-04.JPG,0.506852924823761,0,비유사(침해위험 낮음)
1719,3020000004296-02,img/3020000004296-09-01__3020000004296-02.JPG,3020000029616-01,img/3020000029616-09-01__3020000029616-01.JPG,0.6172715425491333,0,비유사(침해위험 낮음)
1720,3020000002380-01,img/3020000002380-09-01__3020000002380-01.JPG,3020000032063-03,img/3020000032063-09-01__3020000032063-03.JPG,0.7016655206680298,1,유사(침해위험 높음)
1721,3020000000639-06,img/3020000000639-09-01__3020000000639-06.JPG,3020000019084-03,img/3020000019084-09-01__3020000019084-03.JPG,0.6914533376693726,0,비유사(침해위험 낮음)
1722,3020000007443-06,img/3020000007443-09-01__3020000007443-06.JPG,3020000028348-01,img/3020000028348-09-01__3020000028348-01.JPG,0.2898072898387909,0,비유사(침해위험 낮음)
1723,3020000013605-04,img/3020000013605-09-01__3020000013605-04.JPG,3020000003961-04,img/3020000003961-09-01__3020000003961-04.JPG,0.502724289894104,0,비유사(침해위험 낮음)
1724,3020000030702-05,img/3020000030702-09-01__3020000030702-05.JPG,3020000008383-05,img/3020000008383-09-01__3020000008383-05.JPG,0.5292484760284424,0,비유사(침해위험 낮음)
1725,3020000000778-03,img/3020000000778-09-01__3020000000778-03.JPG,3020000012831-04,img/3020000012831-09-01__3020000012831-04.JPG,0.7314027547836304,1,유사(침해위험 높음)
1726,3020000023317-04,img/3020000023317-09-01__3020000023317-04.JPG,3020000021678-02,img/3020000021678-09-01__3020000021678-02.JPG,0.8526946306228638,1,유사(침해위험 높음)
1727,3020000017722-07,img/3020000017722-09-01__3020000017722-07.JPG,3020000003036-01,img/3020000003036-09-01__3020000003036-01.JPG,0.6649370193481445,0,비유사(침해위험 낮음)
1728,3020000028256-04,img/3020000028256-09-01__3020000028256-04.JPG,3020000028666-02,img/3020000028666-09-01__3020000028666-02.JPG,0.8894314765930176,1,유사(침해위험 높음)
1729,3020000029615-02,img/3020000029615-09-01__3020000029615-02.JPG,3020000028255-06,img/3020000028255-09-01__3020000028255-06.JPG,0.6254974603652954,0,비유사(침해위험 낮음)
1730,3020000022438-03,img/3020000022438-09-01__3020000022438-03.JPG,3020000029327-06,img/3020000029327-09-01__3020000029327-06.JPG,0.5795344114303589,0,비유사(침해위험 낮음)
1731,3020000022802-01,img/3020000022802-09-01__3020000022802-01.JPG,3020000000962-02,img/3020000000962-09-01__3020000000962-02.JPG,0.6283106207847595,0,비유사(침해위험 낮음)
1732,3020000000639-07,img/3020000000639-09-01__3020000000639-07.JPG,3020000024361-02,img/3020000024361-09-01__3020000024361-02.JPG,0.615677535533905,0,비유사(침해위험 낮음)
1733,3020000024557-04,img/3020000024557-09-01__3020000024557-04.JPG,3020000018873-05,img/3020000018873-09-01__3020000018873-05.JPG,0.34990647435188293,0,비유사(침해위험 낮음)
1734,3020000000780-07,img/3020000000780-09-01__3020000000780-07.JPG,3020000000962-06,img/3020000000962-09-01__3020000000962-06.JPG,0.6422431468963623,0,비유사(침해위험 낮음)
1735,3020000024348-05,img/3020000024348-09-01__3020000024348-05.JPG,3020000031087-05,img/3020000031087-09-01__3020000031087-05.JPG,0.5916072130203247,0,비유사(침해위험 낮음)
1736,3020000015227-05,img/3020000015227-09-01__3020000015227-05.JPG,3020000024463-02,img/3020000024463-09-01__3020000024463-02.JPG,0.6471501588821411,0,비유사(침해위험 낮음)
1737,3020000015285-04,img/3020000015285-09-01__3020000015285-04.JPG,3020000001115-01,img/3020000001115-09-01__3020000001115-01.JPG,0.7366857528686523,1,유사(침해위험 높음)
1738,3020000023255-04,img/3020000023255-09-01__3020000023255-04.JPG,3020000030583-03,img/3020000030583-09-01__3020000030583-03.JPG,0.6885942816734314,0,비유사(침해위험 낮음)
1739,3020000029850-03,img/3020000029850-09-01__3020000029850-03.JPG,3020000020333-25,img/3020000020333-09-01__3020000020333-25.JPG,0.7153791189193726,1,유사(침해위험 높음)
1740,3020000033580-07,img/3020000033580-09-01__3020000033580-07.JPG,3020000010912-05,img/3020000010912-09-01__3020000010912-05.JPG,0.6199420690536499,0,비유사(침해위험 낮음)
1741,3020000006435-07,img/3020000006435-09-01__3020000006435-07.JPG,3020000005898-09,img/3020000005898-09-01__3020000005898-09.JPG,0.6830233931541443,0,비유사(침해위험 낮음)
1742,3020000024008-05,img/3020000024008-09-01__3020000024008-05.JPG,3020000007891-03,img/3020000007891-09-01__3020000007891-03.JPG,0.37705978751182556,0,비유사(침해위험 낮음)
1743,3020000013863-02,img/3020000013863-09-01__3020000013863-02.JPG,3020000011007-01,img/3020000011007-09-01__3020000011007-01.JPG,0.5030104517936707,0,비유사(침해위험 낮음)
1744,3020000028257-05,img/3020000028257-09-01__3020000028257-05.JPG,3020000024236-07,img/3020000024236-09-01__3020000024236-07.JPG,0.5901451110839844,0,비유사(침해위험 낮음)
1745,3020000014030-06,img/3020000014030-09-01__3020000014030-06.JPG,3020000017424-03,img/3020000017424-09-01__3020000017424-03.JPG,0.5157557129859924,0,비유사(침해위험 낮음)
1746,3020000014928-03,img/3020000014928-09-01__3020000014928-03.JPG,3020000033314-03,img/3020000033314-09-01__3020000033314-03.JPG,0.5939888954162598,0,비유사(침해위험 낮음)
1747,3020000018612-02,img/3020000018612-09-01__3020000018612-02.JPG,3020000004298-07,img/3020000004298-09-01__3020000004298-07.JPG,0.34655487537384033,0,비유사(침해위험 낮음)
1748,3020000017722-07,img/3020000017722-09-01__3020000017722-07.JPG,3020000018786-05,img/3020000018786-09-01__3020000018786-05.JPG,0.6500322222709656,0,비유사(침해위험 낮음)
1749,3020000021814-09,img/3020000021814-09-01__3020000021814-09.JPG,3020000025081-01,img/3020000025081-09-01__3020000025081-01.JPG,0.5204775929450989,0,비유사(침해위험 낮음)
1750,3020000013864-04,img/3020000013864-09-01__3020000013864-04.JPG,3020000030582-07,img/3020000030582-09-01__3020000030582-07.JPG,0.5676282048225403,0,비유사(침해위험 낮음)
1751,3020000012836-03,img/3020000012836-09-01__3020000012836-03.JPG,3020000015388-06,img/3020000015388-09-01__3020000015388-06.JPG,0.4585259258747101,0,비유사(침해위험 낮음)
1752,3020000029919-02,img/3020000029919-09-01__3020000029919-02.JPG,3020000004361-07,img/3020000004361-09-01__3020000004361-07.JPG,0.46951591968536377,0,비유사(침해위험 낮음)
1753,3020000029211-04,img/3020000029211-09-01__3020000029211-04.JPG,3020000029153-02,img/3020000029153-09-01__3020000029153-02.JPG,0.6766996383666992,0,비유사(침해위험 낮음)
1754,3020000031824-05,img/3020000031824-09-01__3020000031824-05.JPG,3020000002022-02,img/3020000002022-09-01__3020000002022-02.JPG,0.524387538433075,0,비유사(침해위험 낮음)
1755,3020000005653-03,img/3020000005653-09-01__3020000005653-03.JPG,3020000018786-02,img/3020000018786-09-01__3020000018786-02.JPG,0.7501493692398071,1,유사(침해위험 높음)
1756,3020000017908-07,img/3020000017908-09-01__3020000017908-07.JPG,3020000017906-05,img/3020000017906-09-01__3020000017906-05.JPG,0.5520609021186829,0,비유사(침해위험 낮음)
1757,3020000024614-01,img/3020000024614-09-01__3020000024614-01.JPG,3020000022161-02,img/3020000022161-09-01__3020000022161-02.JPG,0.44848349690437317,0,비유사(침해위험 낮음)
1758,3020000002988-04,img/3020000002988-09-01__3020000002988-04.JPG,3020000028631-05,img/3020000028631-09-01__3020000028631-05.JPG,0.5029181241989136,0,비유사(침해위험 낮음)
1759,3020000000778-04,img/3020000000778-09-01__3020000000778-04.JPG,3020000030698-01,img/3020000030698-09-01__3020000030698-01.JPG,0.6643295288085938,0,비유사(침해위험 낮음)
1760,3020000009605-07,img/3020000009605-09-01__3020000009605-07.JPG,3020000004487-01,img/3020000004487-09-01__3020000004487-01.JPG,0.5281801223754883,0,비유사(침해위험 낮음)
1761,3020000023254-01,img/3020000023254-09-01__3020000023254-01.JPG,3020000020571-05,img/3020000020571-09-01__3020000020571-05.JPG,0.6724993586540222,0,비유사(침해위험 낮음)
1762,3020000029020-03,img/3020000029020-09-01__3020000029020-03.JPG,3020000032940-01,img/3020000032940-09-01__3020000032940-01.JPG,0.5940530300140381,0,비유사(침해위험 낮음)
1763,3020000016422-06,img/3020000016422-09-01__3020000016422-06.JPG,3020000025081-04,img/3020000025081-09-01__3020000025081-04.JPG,0.39783960580825806,0,비유사(침해위험 낮음)
1764,3020000005898-04,img/3020000005898-09-01__3020000005898-04.JPG,3020000024237-07,img/3020000024237-09-01__3020000024237-07.JPG,0.43351125717163086,0,비유사(침해위험 낮음)
1765,3020000002083-05,img/3020000002083-09-01__3020000002083-05.JPG,3020000013583-05,img/3020000013583-09-01__3020000013583-05.JPG,0.3871764838695526,0,비유사(침해위험 낮음)
1766,3020000012111-02,img/3020000012111-09-01__3020000012111-02.JPG,3020000030343-01,img/3020000030343-09-01__3020000030343-01.JPG,0.5203205347061157,0,비유사(침해위험 낮음)
1767,3020000025082-01,img/3020000025082-09-01__3020000025082-01.JPG,3020000022160-08,img/3020000022160-09-01__3020000022160-08.JPG,0.4781996011734009,0,비유사(침해위험 낮음)
1768,3020000015200-05,img/3020000015200-09-01__3020000015200-05.JPG,3020000002327-07,img/3020000002327-09-01__3020000002327-07.JPG,0.5224467515945435,0,비유사(침해위험 낮음)
1769,3020000004296-02,img/3020000004296-09-01__3020000004296-02.JPG,3020000029919-04,img/3020000029919-09-01__3020000029919-04.JPG,0.5423840284347534,0,비유사(침해위험 낮음)
1770,3020000015281-07,img/3020000015281-09-01__3020000015281-07.JPG,3020000024534-04,img/3020000024534-09-01__3020000024534-04.JPG,0.3299024999141693,0,비유사(침해위험 낮음)
1771,3020000024957-02,img/3020000024957-09-01__3020000024957-02.JPG,3020000029327-01,img/3020000029327-09-01__3020000029327-01.JPG,0.6831254363059998,0,비유사(침해위험 낮음)
1772,3020000002022-07,img/3020000002022-09-01__3020000002022-07.JPG,3020000010912-05,img/3020000010912-09-01__3020000010912-05.JPG,0.4810972213745117,0,비유사(침해위험 낮음)
1773,3020000015612-02,img/3020000015612-09-01__3020000015612-02.JPG,3020000000962-02,img/3020000000962-09-01__3020000000962-02.JPG,0.6626518964767456,0,비유사(침해위험 낮음)
1774,3020000011907-06,img/3020000011907-09-01__3020000011907-06.JPG,3020000025777-05,img/3020000025777-09-01__3020000025777-05.JPG,0.6616357564926147,0,비유사(침해위험 낮음)
1775,3020000007581-05,img/3020000007581-09-01__3020000007581-05.JPG,3020000031695-03,img/3020000031695-09-01__3020000031695-03.JPG,0.4922874867916107,0,비유사(침해위험 낮음)
1776,3020000030842-06,img/3020000030842-09-01__3020000030842-06.JPG,3020000018764-01,img/3020000018764-09-01__3020000018764-01.JPG,0.5475521087646484,0,비유사(침해위험 낮음)
1777,3020000004297-06,img/3020000004297-09-01__3020000004297-06.JPG,3020000015388-03,img/3020000015388-09-01__3020000015388-03.JPG,0.391304075717926,0,비유사(침해위험 낮음)
1778,3020000009398-07,img/3020000009398-09-01__3020000009398-07.JPG,3020000024957-03,img/3020000024957-09-01__3020000024957-03.JPG,0.5700218677520752,0,비유사(침해위험 낮음)
1779,3020000013862-06,img/3020000013862-09-01__3020000013862-06.JPG,3020000025082-01,img/3020000025082-09-01__3020000025082-01.JPG,0.6106446981430054,0,비유사(침해위험 낮음)
1780,3020000018258-05,img/3020000018258-09-01__3020000018258-05.JPG,3020000029877-02,img/3020000029877-09-01__3020000029877-02.JPG,0.7216987013816833,1,유사(침해위험 높음)
1781,3020000024484-01,img/3020000024484-09-01__3020000024484-01.JPG,3020000016423-01,img/3020000016423-09-01__3020000016423-01.JPG,0.5920984745025635,0,비유사(침해위험 낮음)
1782,3020000018092-05,img/3020000018092-09-01__3020000018092-05.JPG,3020000031698-02,img/3020000031698-09-01__3020000031698-02.JPG,0.596336841583252,0,비유사(침해위험 낮음)
1783,3020000031169-06,img/3020000031169-09-01__3020000031169-06.JPG,3020000007445-02,img/3020000007445-09-01__3020000007445-02.JPG,0.6459435224533081,0,비유사(침해위험 낮음)
1784,3020000033180-05,img/3020000033180-09-01__3020000033180-05.JPG,3020000030132-03,img/3020000030132-09-01__3020000030132-03.JPG,0.5149809718132019,0,비유사(침해위험 낮음)
1785,3020000031088-06,img/3020000031088-09-01__3020000031088-06.JPG,3020000004298-05,img/3020000004298-09-01__3020000004298-05.JPG,0.5863651037216187,0,비유사(침해위험 낮음)
1786,3020000023254-05,img/3020000023254-09-01__3020000023254-05.JPG,3020000031468-02,img/3020000031468-09-01__3020000031468-02.JPG,0.549213171005249,0,비유사(침해위험 낮음)
1787,3020000017003-03,img/3020000017003-09-01__3020000017003-03.JPG,3020000002771-01,img/3020000002771-09-01__3020000002771-01.JPG,0.3967475891113281,0,비유사(침해위험 낮음)
1788,3020000005939-06,img/3020000005939-09-01__3020000005939-06.JPG,3020000020788-01,img/3020000020788-09-01__3020000020788-01.JPG,0.6424908638000488,0,비유사(침해위험 낮음)
1789,3020000013605-07,img/3020000013605-09-01__3020000013605-07.JPG,3020000004297-02,img/3020000004297-09-01__3020000004297-02.JPG,0.6773095726966858,0,비유사(침해위험 낮음)
1790,3020000017000-03,img/3020000017000-09-01__3020000017000-03.JPG,3020000027388-01,img/3020000027388-09-01__3020000027388-01.JPG,0.5023555159568787,0,비유사(침해위험 낮음)
1791,3020000032390-01,img/3020000032390-09-01__3020000032390-01.JPG,3020000028254-02,img/3020000028254-09-01__3020000028254-02.JPG,0.6818225383758545,0,비유사(침해위험 낮음)
1792,3020000026521-05,img/3020000026521-09-01__3020000026521-05.JPG,3020000018612-01,img/3020000018612-09-01__3020000018612-01.JPG,0.3827000856399536,0,비유사(침해위험 낮음)
1793,3020000032577-06,img/3020000032577-09-01__3020000032577-06.JPG,3020000016041-01,img/3020000016041-09-01__3020000016041-01.JPG,0.6057305932044983,0,비유사(침해위험 낮음)
1794,3020000001944-01,img/3020000001944-09-01__3020000001944-01.JPG,3020000028626-01,img/3020000028626-09-01__3020000028626-01.JPG,0.6064683794975281,0,비유사(침해위험 낮음)
1795,3020000015226-06,img/3020000015226-09-01__3020000015226-06.JPG,3020000032584-05,img/3020000032584-09-01__3020000032584-05.JPG,0.7409495115280151,1,유사(침해위험 높음)
1796,3020000021422-02,img/3020000021422-09-01__3020000021422-02.JPG,3020000022803-05,img/3020000022803-09-01__3020000022803-05.JPG,0.36975640058517456,0,비유사(침해위험 낮음)
1797,3020000012912-05,img/3020000012912-09-01__3020000012912-05.JPG,3020000017455-02,img/3020000017455-09-01__3020000017455-02.JPG,0.5498673319816589,0,비유사(침해위험 낮음)
1798,3020000024614-03,img/3020000024614-09-01__3020000024614-03.JPG,3020000017832-05,img/3020000017832-09-01__3020000017832-05.JPG,0.6451585292816162,0,비유사(침해위험 낮음)
1799,3020000020569-03,img/3020000020569-09-01__3020000020569-03.JPG,3020000010996-03,img/3020000010996-09-01__3020000010996-03.JPG,0.6967990398406982,0,비유사(침해위험 낮음)
1800,3020000029878-06,img/3020000029878-09-01__3020000029878-06.JPG,3020000025776-07,img/3020000025776-09-01__3020000025776-07.JPG,0.6906666159629822,0,비유사(침해위험 낮음)
1801,3020000029518-05,img/3020000029518-09-01__3020000029518-05.JPG,3020000018090-03,img/3020000018090-09-01__3020000018090-03.JPG,0.6184440851211548,0,비유사(침해위험 낮음)
1802,3020000005118-07,img/3020000005118-09-01__3020000005118-07.JPG,3020000032447-07,img/3020000032447-09-01__3020000032447-07.JPG,0.7165223956108093,1,유사(침해위험 높음)
1803,3020000028256-07,img/3020000028256-09-01__3020000028256-07.JPG,3020000015341-01,img/3020000015341-09-01__3020000015341-01.JPG,0.5231084227561951,0,비유사(침해위험 낮음)
1804,3020000033317-01,img/3020000033317-09-01__3020000033317-01.JPG,3020000013900-03,img/3020000013900-09-01__3020000013900-03.JPG,0.5649933815002441,0,비유사(침해위험 낮음)
1805,3020000030842-07,img/3020000030842-09-01__3020000030842-07.JPG,3020000004249-06,img/3020000004249-09-01__3020000004249-06.JPG,0.5853003859519958,0,비유사(침해위험 낮음)
1806,3020000004362-06,img/3020000004362-09-01__3020000004362-06.JPG,3020000014928-06,img/3020000014928-09-01__3020000014928-06.JPG,0.7081178426742554,1,유사(침해위험 높음)
1807,3020000008855-01,img/3020000008855-09-01__3020000008855-01.JPG,3020000018090-03,img/3020000018090-09-01__3020000018090-03.JPG,0.5877386331558228,0,비유사(침해위험 낮음)
1808,3020000030842-02,img/3020000030842-09-01__3020000030842-02.JPG,3020000032584-06,img/3020000032584-09-01__3020000032584-06.JPG,0.6342202425003052,0,비유사(침해위험 낮음)
1809,3020000028555-07,img/3020000028555-09-01__3020000028555-07.JPG,3020000008855-01,img/3020000008855-09-01__3020000008855-01.JPG,0.5331218838691711,0,비유사(침해위험 낮음)
1810,3020000031169-06,img/3020000031169-09-01__3020000031169-06.JPG,3020000018258-07,img/3020000018258-09-01__3020000018258-07.JPG,0.8456768989562988,1,유사(침해위험 높음)
1811,3020000015613-04,img/3020000015613-09-01__3020000015613-04.JPG,3020000017498-01,img/3020000017498-09-01__3020000017498-01.JPG,0.45812925696372986,0,비유사(침해위험 낮음)
1812,3020000006435-05,img/3020000006435-09-01__3020000006435-05.JPG,3020000005652-02,img/3020000005652-09-01__3020000005652-02.JPG,0.8532878756523132,1,유사(침해위험 높음)
1813,3020000000639-01,img/3020000000639-09-01__3020000000639-01.JPG,3020000015457-04,img/3020000015457-09-01__3020000015457-04.JPG,0.6894329786300659,0,비유사(침해위험 낮음)
1814,3020000021170-04,img/3020000021170-09-01__3020000021170-04.JPG,3020000017497-05,img/3020000017497-09-01__3020000017497-05.JPG,0.6051562428474426,0,비유사(침해위험 낮음)
1815,3020000031825-05,img/3020000031825-09-01__3020000031825-05.JPG,3020000015190-06,img/3020000015190-09-01__3020000015190-06.JPG,0.6323821544647217,0,비유사(침해위험 낮음)
1816,3020000006096-03,img/3020000006096-09-01__3020000006096-03.JPG,3020000007016-06,img/3020000007016-09-01__3020000007016-06.JPG,0.78047114610672,1,유사(침해위험 높음)
1817,3020000005311-06,img/3020000005311-09-01__3020000005311-06.JPG,3020000010998-03,img/3020000010998-09-01__3020000010998-03.JPG,0.6044022440910339,0,비유사(침해위험 낮음)
1818,3020000020333-41,img/3020000020333-09-01__3020000020333-41.JPG,3020000021275-02,img/3020000021275-09-01__3020000021275-02.JPG,0.5657255053520203,0,비유사(침해위험 낮음)
1819,3020000024712-02,img/3020000024712-09-01__3020000024712-02.JPG,3020000024700-03,img/3020000024700-09-01__3020000024700-03.JPG,0.8359633088111877,1,유사(침해위험 높음)
1820,3020000023526-03,img/3020000023526-09-01__3020000023526-03.JPG,3020000018871-06,img/3020000018871-09-01__3020000018871-06.JPG,0.44164857268333435,0,비유사(침해위험 낮음)
1821,3020000006173-01,img/3020000006173-09-01__3020000006173-01.JPG,3020000001557-01,img/3020000001557-09-01__3020000001557-01.JPG,0.6798053979873657,0,비유사(침해위험 낮음)
1822,3020000005512-02,img/3020000005512-09-01__3020000005512-02.JPG,3020000017424-01,img/3020000017424-09-01__3020000017424-01.JPG,0.7746832370758057,1,유사(침해위험 높음)
1823,3020000024700-01,img/3020000024700-09-01__3020000024700-01.JPG,3020000005653-02,img/3020000005653-09-01__3020000005653-02.JPG,0.7384457588195801,1,유사(침해위험 높음)
1824,3020000026567-03,img/3020000026567-09-01__3020000026567-03.JPG,3020000026567-07,img/3020000026567-09-01__3020000026567-07.JPG,0.47220855951309204,0,비유사(침해위험 낮음)
1825,3020000032940-02,img/3020000032940-09-01__3020000032940-02.JPG,3020000016022-07,img/3020000016022-09-01__3020000016022-07.JPG,0.6987259984016418,0,비유사(침해위험 낮음)
1826,3020000018221-03,img/3020000018221-09-01__3020000018221-03.JPG,3020000000843-02,img/3020000000843-09-01__3020000000843-02.JPG,0.607768177986145,0,비유사(침해위험 낮음)
1827,3020000015339-01,img/3020000015339-09-01__3020000015339-01.JPG,3020000019084-09,img/3020000019084-09-01__3020000019084-09.JPG,0.5154697895050049,0,비유사(침해위험 낮음)
1828,3020000018222-07,img/3020000018222-09-01__3020000018222-07.JPG,3020000032582-01,img/3020000032582-09-01__3020000032582-01.JPG,0.644700288772583,0,비유사(침해위험 낮음)
1829,3020000005118-02,img/3020000005118-09-01__3020000005118-02.JPG,3020000031089-01,img/3020000031089-09-01__3020000031089-01.JPG,0.7229743003845215,1,유사(침해위험 높음)
1830,3020000024907-05,img/3020000024907-09-01__3020000024907-05.JPG,3020000013864-02,img/3020000013864-09-01__3020000013864-02.JPG,0.6459580659866333,0,비유사(침해위험 낮음)
1831,3020000025158-06,img/3020000025158-09-01__3020000025158-06.JPG,3020000023871-06,img/3020000023871-09-01__3020000023871-06.JPG,0.4976133704185486,0,비유사(침해위험 낮음)
1832,3020000009604-07,img/3020000009604-09-01__3020000009604-07.JPG,3020000029979-01,img/3020000029979-09-01__3020000029979-01.JPG,0.4551321268081665,0,비유사(침해위험 낮음)
1833,3020000018090-06,img/3020000018090-09-01__3020000018090-06.JPG,3020000009604-07,img/3020000009604-09-01__3020000009604-07.JPG,0.803078293800354,1,유사(침해위험 높음)
1834,3020000007444-04,img/3020000007444-09-01__3020000007444-04.JPG,3020000015190-03,img/3020000015190-09-01__3020000015190-03.JPG,0.8168987035751343,1,유사(침해위험 높음)
1835,3020000015433-03,img/3020000015433-09-01__3020000015433-03.JPG,3020000015190-01,img/3020000015190-09-01__3020000015190-01.JPG,0.7023690342903137,1,유사(침해위험 높음)
1836,3020000022833-01,img/3020000022833-09-01__3020000022833-01.JPG,3020000007584-05,img/3020000007584-09-01__3020000007584-05.JPG,0.5521429777145386,0,비유사(침해위험 낮음)
1837,3020000003502-06,img/3020000003502-09-01__3020000003502-06.JPG,3020000009575-04,img/3020000009575-09-01__3020000009575-04.JPG,0.6395337581634521,0,비유사(침해위험 낮음)
1838,3020000020571-09,img/3020000020571-09-01__3020000020571-09.JPG,3020000015228-03,img/3020000015228-09-01__3020000015228-03.JPG,0.646988034248352,0,비유사(침해위험 낮음)
1839,3020000019481-06,img/3020000019481-09-01__3020000019481-06.JPG,3020000015388-05,img/3020000015388-09-01__3020000015388-05.JPG,0.558081865310669,0,비유사(침해위험 낮음)
1840,3020000022438-07,img/3020000022438-09-01__3020000022438-07.JPG,3020000032584-01,img/3020000032584-09-01__3020000032584-01.JPG,0.6247447729110718,0,비유사(침해위험 낮음)
1841,3020000004297-06,img/3020000004297-09-01__3020000004297-06.JPG,3020000017498-03,img/3020000017498-09-01__3020000017498-03.JPG,0.5292224287986755,0,비유사(침해위험 낮음)
1842,3020000014030-03,img/3020000014030-09-01__3020000014030-03.JPG,3020000013900-04,img/3020000013900-09-01__3020000013900-04.JPG,0.5837655663490295,0,비유사(침해위험 낮음)
1843,3020000031066-06,img/3020000031066-09-01__3020000031066-06.JPG,3020000028260-06,img/3020000028260-09-01__3020000028260-06.JPG,0.5835031270980835,0,비유사(침해위험 낮음)
1844,3020000023185-05,img/3020000023185-09-01__3020000023185-05.JPG,3020000026403-05,img/3020000026403-09-01__3020000026403-05.JPG,0.34970298409461975,0,비유사(침해위험 낮음)
1845,3020000028255-06,img/3020000028255-09-01__3020000028255-06.JPG,3020000011144-01,img/3020000011144-09-01__3020000011144-01.JPG,0.5920125246047974,0,비유사(침해위험 낮음)
1846,3020000021814-03,img/3020000021814-09-01__3020000021814-03.JPG,3020000006435-07,img/3020000006435-09-01__3020000006435-07.JPG,0.5738834142684937,0,비유사(침해위험 낮음)
1847,3020000007043-04,img/3020000007043-09-01__3020000007043-04.JPG,3020000015436-03,img/3020000015436-09-01__3020000015436-03.JPG,0.6429688930511475,0,비유사(침해위험 낮음)
1848,3020000000639-07,img/3020000000639-09-01__3020000000639-07.JPG,3020000018498-04,img/3020000018498-09-01__3020000018498-04.JPG,0.51382976770401,0,비유사(침해위험 낮음)
1849,3020000016423-03,img/3020000016423-09-01__3020000016423-03.JPG,3020000028257-07,img/3020000028257-09-01__3020000028257-07.JPG,0.5534745454788208,0,비유사(침해위험 낮음)
1850,3020000018090-03,img/3020000018090-09-01__3020000018090-03.JPG,3020000033574-05,img/3020000033574-09-01__3020000033574-05.JPG,0.6854437589645386,0,비유사(침해위험 낮음)
1851,3020000016129-07,img/3020000016129-09-01__3020000016129-07.JPG,3020000020789-07,img/3020000020789-09-01__3020000020789-07.JPG,0.7047845125198364,1,유사(침해위험 높음)
1852,3020000016430-07,img/3020000016430-09-01__3020000016430-07.JPG,3020000020333-25,img/3020000020333-09-01__3020000020333-25.JPG,0.40121912956237793,0,비유사(침해위험 낮음)
1853,3020000029153-07,img/3020000029153-09-01__3020000029153-07.JPG,3020000026403-07,img/3020000026403-09-01__3020000026403-07.JPG,0.6719783544540405,0,비유사(침해위험 낮음)
1854,3020000007043-07,img/3020000007043-09-01__3020000007043-07.JPG,3020000015388-09,img/3020000015388-09-01__3020000015388-09.JPG,0.3937872648239136,0,비유사(침해위험 낮음)
1855,3020000015830-06,img/3020000015830-09-01__3020000015830-06.JPG,3020000027112-07,img/3020000027112-09-01__3020000027112-07.JPG,0.650168776512146,0,비유사(침해위험 낮음)
1856,3020000030347-06,img/3020000030347-09-01__3020000030347-06.JPG,3020000011702-01,img/3020000011702-09-01__3020000011702-01.JPG,0.5115428566932678,0,비유사(침해위험 낮음)
1857,3020000022200-07,img/3020000022200-09-01__3020000022200-07.JPG,3020000015506-07,img/3020000015506-09-01__3020000015506-07.JPG,0.6166599988937378,0,비유사(침해위험 낮음)
1858,3020000010911-05,img/3020000010911-09-01__3020000010911-05.JPG,3020000018764-01,img/3020000018764-09-01__3020000018764-01.JPG,0.6462384462356567,0,비유사(침해위험 낮음)
1859,3020000015673-07,img/3020000015673-09-01__3020000015673-07.JPG,3020000015292-06,img/3020000015292-09-01__3020000015292-06.JPG,0.6499802470207214,0,비유사(침해위험 낮음)
1860,3020000031167-01,img/3020000031167-09-01__3020000031167-01.JPG,3020000030347-05,img/3020000030347-09-01__3020000030347-05.JPG,0.6418403387069702,0,비유사(침해위험 낮음)
1861,3020000028555-03,img/3020000028555-09-01__3020000028555-03.JPG,3020000022803-07,img/3020000022803-09-01__3020000022803-07.JPG,0.6954792737960815,0,비유사(침해위험 낮음)
1862,3020000025393-01,img/3020000025393-09-01__3020000025393-01.JPG,3020000032583-05,img/3020000032583-09-01__3020000032583-05.JPG,0.45649421215057373,0,비유사(침해위험 낮음)
1863,3020000013863-07,img/3020000013863-09-01__3020000013863-07.JPG,3020000016040-06,img/3020000016040-09-01__3020000016040-06.JPG,0.8333712816238403,1,유사(침해위험 높음)
1864,3020000017906-01,img/3020000017906-09-01__3020000017906-01.JPG,3020000015281-07,img/3020000015281-09-01__3020000015281-07.JPG,0.43766242265701294,0,비유사(침해위험 낮음)
1865,3020000032940-07,img/3020000032940-09-01__3020000032940-07.JPG,3020000018269-07,img/3020000018269-09-01__3020000018269-07.JPG,0.7635690569877625,1,유사(침해위험 높음)
1866,3020000017500-05,img/3020000017500-09-01__3020000017500-05.JPG,3020000006442-04,img/3020000006442-09-01__3020000006442-04.JPG,0.6867551207542419,0,비유사(침해위험 낮음)
1867,3020000024957-03,img/3020000024957-09-01__3020000024957-03.JPG,3020000011558-04,img/3020000011558-09-01__3020000011558-04.JPG,0.41636258363723755,0,비유사(침해위험 낮음)
1868,3020000025996-05,img/3020000025996-09-01__3020000025996-05.JPG,3020000024535-07,img/3020000024535-09-01__3020000024535-07.JPG,0.6829110383987427,0,비유사(침해위험 낮음)
1869,3020000010912-07,img/3020000010912-09-01__3020000010912-07.JPG,3020000029879-07,img/3020000029879-09-01__3020000029879-07.JPG,0.6780799627304077,0,비유사(침해위험 낮음)
1870,3020000032279-03,img/3020000032279-09-01__3020000032279-03.JPG,3020000024556-05,img/3020000024556-09-01__3020000024556-05.JPG,0.45952290296554565,0,비유사(침해위험 낮음)
1871,3020000001557-04,img/3020000001557-09-01__3020000001557-04.JPG,3020000031162-04,img/3020000031162-09-01__3020000031162-04.JPG,0.7251965999603271,1,유사(침해위험 높음)
1872,3020000021829-07,img/3020000021829-09-01__3020000021829-07.JPG,3020000030710-03,img/3020000030710-09-01__3020000030710-03.JPG,0.506007969379425,0,비유사(침해위험 낮음)
1873,3020000012072-02,img/3020000012072-09-01__3020000012072-02.JPG,3020000020788-06,img/3020000020788-09-01__3020000020788-06.JPG,0.6322829723358154,0,비유사(침해위험 낮음)
1874,3020000033316-07,img/3020000033316-09-01__3020000033316-07.JPG,3020000015292-06,img/3020000015292-09-01__3020000015292-06.JPG,0.684722900390625,0,비유사(침해위험 낮음)
1875,3020000030343-03,img/3020000030343-09-01__3020000030343-03.JPG,3020000004095-02,img/3020000004095-09-01__3020000004095-02.JPG,0.6651343107223511,0,비유사(침해위험 낮음)
1876,3020000033314-06,img/3020000033314-09-01__3020000033314-06.JPG,3020000033314-03,img/3020000033314-09-01__3020000033314-03.JPG,0.588782012462616,0,비유사(침해위험 낮음)
1877,3020000018872-03,img/3020000018872-09-01__3020000018872-03.JPG,3020000029794-06,img/3020000029794-09-01__3020000029794-06.JPG,0.4414823353290558,0,비유사(침해위험 낮음)
1878,3020000023253-06,img/3020000023253-09-01__3020000023253-06.JPG,3020000007444-06,img/3020000007444-09-01__3020000007444-06.JPG,0.667646050453186,0,비유사(침해위험 낮음)
1879,3020000028555-05,img/3020000028555-09-01__3020000028555-05.JPG,3020000015434-03,img/3020000015434-09-01__3020000015434-03.JPG,0.6251166462898254,0,비유사(침해위험 낮음)
1880,3020000013863-06,img/3020000013863-09-01__3020000013863-06.JPG,3020000014030-07,img/3020000014030-09-01__3020000014030-07.JPG,0.5458465814590454,0,비유사(침해위험 낮음)
1881,3020000029327-03,img/3020000029327-09-01__3020000029327-03.JPG,3020000008855-01,img/3020000008855-09-01__3020000008855-01.JPG,0.6024294495582581,0,비유사(침해위험 낮음)
1882,3020000030881-02,img/3020000030881-09-01__3020000030881-02.JPG,3020000019758-01,img/3020000019758-09-01__3020000019758-01.JPG,0.5797746181488037,0,비유사(침해위험 낮음)
1883,3020000033178-07,img/3020000033178-09-01__3020000033178-07.JPG,3020000017906-05,img/3020000017906-09-01__3020000017906-05.JPG,0.5726124048233032,0,비유사(침해위험 낮음)
1884,3020000004249-07,img/3020000004249-09-01__3020000004249-07.JPG,3020000021275-03,img/3020000021275-09-01__3020000021275-03.JPG,0.3985154628753662,0,비유사(침해위험 낮음)
1885,3020000026567-07,img/3020000026567-09-01__3020000026567-07.JPG,3020000022200-07,img/3020000022200-09-01__3020000022200-07.JPG,0.6893566250801086,0,비유사(침해위험 낮음)
1886,3020000025530-06,img/3020000025530-09-01__3020000025530-06.JPG,3020000018765-04,img/3020000018765-09-01__3020000018765-04.JPG,0.64163738489151,0,비유사(침해위험 낮음)
1887,3020000024443-04,img/3020000024443-09-01__3020000024443-04.JPG,3020000023372-01,img/3020000023372-09-01__3020000023372-01.JPG,0.47026532888412476,0,비유사(침해위험 낮음)
1888,3020000030342-06,img/3020000030342-09-01__3020000030342-06.JPG,3020000019480-02,img/3020000019480-09-01__3020000019480-02.JPG,0.45979073643684387,0,비유사(침해위험 낮음)
1889,3020000024534-06,img/3020000024534-09-01__3020000024534-06.JPG,3020000002025-02,img/3020000002025-09-01__3020000002025-02.JPG,0.5638941526412964,0,비유사(침해위험 낮음)
1890,3020000033180-06,img/3020000033180-09-01__3020000033180-06.JPG,3020000017497-03,img/3020000017497-09-01__3020000017497-03.JPG,0.5634130239486694,0,비유사(침해위험 낮음)
1891,3020000030604-04,img/3020000030604-09-01__3020000030604-04.JPG,3020000024463-07,img/3020000024463-09-01__3020000024463-07.JPG,0.6465467810630798,0,비유사(침해위험 낮음)
1892,3020000026403-05,img/3020000026403-09-01__3020000026403-05.JPG,3020000028666-03,img/3020000028666-09-01__3020000028666-03.JPG,0.6722207069396973,0,비유사(침해위험 낮음)
1893,3020000005118-04,img/3020000005118-09-01__3020000005118-04.JPG,3020000006438-02,img/3020000006438-09-01__3020000006438-02.JPG,0.6485640406608582,0,비유사(침해위험 낮음)
1894,3020000032390-01,img/3020000032390-09-01__3020000032390-01.JPG,3020000013911-03,img/3020000013911-09-01__3020000013911-03.JPG,0.61295485496521,0,비유사(침해위험 낮음)
1895,3020000029312-06,img/3020000029312-09-01__3020000029312-06.JPG,3020000029520-07,img/3020000029520-09-01__3020000029520-07.JPG,0.5680698156356812,0,비유사(침해위험 낮음)
1896,3020000017424-06,img/3020000017424-09-01__3020000017424-06.JPG,3020000009575-01,img/3020000009575-09-01__3020000009575-01.JPG,0.6206146478652954,0,비유사(침해위험 낮음)
1897,3020000029032-05,img/3020000029032-09-01__3020000029032-05.JPG,3020000027881-04,img/3020000027881-09-01__3020000027881-04.JPG,0.7364023923873901,1,유사(침해위험 높음)
1898,3020000002231-05,img/3020000002231-09-01__3020000002231-05.JPG,3020000024956-07,img/3020000024956-09-01__3020000024956-07.JPG,0.6257562041282654,0,비유사(침해위험 낮음)
1899,3020000029020-04,img/3020000029020-09-01__3020000029020-04.JPG,3020000029877-03,img/3020000029877-09-01__3020000029877-03.JPG,0.4436589181423187,0,비유사(침해위험 낮음)
1900,3020000029032-04,img/3020000029032-09-01__3020000029032-04.JPG,3020000018764-06,img/3020000018764-09-01__3020000018764-06.JPG,0.6221349239349365,0,비유사(침해위험 낮음)
1901,3020000031695-04,img/3020000031695-09-01__3020000031695-04.JPG,3020000016423-01,img/3020000016423-09-01__3020000016423-01.JPG,0.6895164251327515,0,비유사(침해위험 낮음)
1902,3020000033316-01,img/3020000033316-09-01__3020000033316-01.JPG,3020000020333-25,img/3020000020333-09-01__3020000020333-25.JPG,0.5692622661590576,0,비유사(침해위험 낮음)
1903,3020000006435-02,img/3020000006435-09-01__3020000006435-02.JPG,3020000000780-02,img/3020000000780-09-01__3020000000780-02.JPG,0.8116776943206787,1,유사(침해위험 높음)
1904,3020000005940-02,img/3020000005940-09-01__3020000005940-02.JPG,3020000014580-03,img/3020000014580-09-01__3020000014580-03.JPG,0.6846277117729187,0,비유사(침해위험 낮음)
1905,3020000012834-01,img/3020000012834-09-01__3020000012834-01.JPG,3020000023374-03,img/3020000023374-09-01__3020000023374-03.JPG,0.5033398866653442,0,비유사(침해위험 낮음)
1906,3020000031527-01,img/3020000031527-09-01__3020000031527-01.JPG,3020000023870-03,img/3020000023870-09-01__3020000023870-03.JPG,0.7276039719581604,1,유사(침해위험 높음)
1907,3020000024712-06,img/3020000024712-09-01__3020000024712-06.JPG,3020000025496-06,img/3020000025496-09-01__3020000025496-06.JPG,0.6684830188751221,0,비유사(침해위험 낮음)
1908,3020000030008-03,img/3020000030008-09-01__3020000030008-03.JPG,3020000025308-06,img/3020000025308-09-01__3020000025308-06.JPG,0.6924848556518555,0,비유사(침해위험 낮음)
1909,3020000012833-04,img/3020000012833-09-01__3020000012833-04.JPG,3020000021180-01,img/3020000021180-09-01__3020000021180-01.JPG,0.7609434127807617,1,유사(침해위험 높음)
1910,3020000017722-32,img/3020000017722-09-01__3020000017722-32.JPG,3020000018268-07,img/3020000018268-09-01__3020000018268-07.JPG,0.6575456261634827,0,비유사(침해위험 낮음)
1911,3020000021877-05,img/3020000021877-09-01__3020000021877-05.JPG,3020000032577-01,img/3020000032577-09-01__3020000032577-01.JPG,0.575833261013031,0,비유사(침해위험 낮음)
1912,3020000029878-05,img/3020000029878-09-01__3020000029878-05.JPG,3020000025817-04,img/3020000025817-09-01__3020000025817-04.JPG,0.42427748441696167,0,비유사(침해위험 낮음)
1913,3020000030342-01,img/3020000030342-09-01__3020000030342-01.JPG,3020000023254-03,img/3020000023254-09-01__3020000023254-03.JPG,0.4811018407344818,0,비유사(침해위험 낮음)
1914,3020000008383-04,img/3020000008383-09-01__3020000008383-04.JPG,3020000017002-06,img/3020000017002-09-01__3020000017002-06.JPG,0.675023078918457,0,비유사(침해위험 낮음)
1915,3020000001542-01,img/3020000001542-09-01__3020000001542-01.JPG,3020000022438-01,img/3020000022438-09-01__3020000022438-01.JPG,0.5437856316566467,0,비유사(침해위험 낮음)
1916,3020000006173-06,img/3020000006173-09-01__3020000006173-06.JPG,3020000015341-02,img/3020000015341-09-01__3020000015341-02.JPG,0.4828544855117798,0,비유사(침해위험 낮음)
1917,3020000019098-06,img/3020000019098-09-01__3020000019098-06.JPG,3020000005118-07,img/3020000005118-09-01__3020000005118-07.JPG,0.7052196264266968,1,유사(침해위험 높음)
1918,3020000006446-05,img/3020000006446-09-01__3020000006446-05.JPG,3020000031164-02,img/3020000031164-09-01__3020000031164-02.JPG,0.6301980018615723,0,비유사(침해위험 낮음)
1919,3020000007536-02,img/3020000007536-09-01__3020000007536-02.JPG,3020000017301-06,img/3020000017301-09-01__3020000017301-06.JPG,0.5780735015869141,0,비유사(침해위험 낮음)
1920,3020000015504-05,img/3020000015504-09-01__3020000015504-05.JPG,3020000017001-06,img/3020000017001-09-01__3020000017001-06.JPG,0.6359751224517822,0,비유사(침해위험 낮음)
1921,3020000021602-07,img/3020000021602-09-01__3020000021602-07.JPG,3020000032940-01,img/3020000032940-09-01__3020000032940-01.JPG,0.7214169502258301,1,유사(침해위험 높음)
1922,3020000011907-05,img/3020000011907-09-01__3020000011907-05.JPG,3020000023871-06,img/3020000023871-09-01__3020000023871-06.JPG,0.5326682925224304,0,비유사(침해위험 낮음)
1923,3020000022438-02,img/3020000022438-09-01__3020000022438-02.JPG,3020000017301-06,img/3020000017301-09-01__3020000017301-06.JPG,0.4538082778453827,0,비유사(침해위험 낮음)
1924,3020000022161-03,img/3020000022161-09-01__3020000022161-03.JPG,3020000005939-05,img/3020000005939-09-01__3020000005939-05.JPG,0.3137792646884918,0,비유사(침해위험 낮음)
1925,3020000020788-05,img/3020000020788-09-01__3020000020788-05.JPG,3020000031087-04,img/3020000031087-09-01__3020000031087-04.JPG,0.5226920247077942,0,비유사(침해위험 낮음)
1926,3020000030582-05,img/3020000030582-09-01__3020000030582-05.JPG,3020000021438-02,img/3020000021438-09-01__3020000021438-02.JPG,0.6706451177597046,0,비유사(침해위험 낮음)
1927,3020000015673-06,img/3020000015673-09-01__3020000015673-06.JPG,3020000003961-01,img/3020000003961-09-01__3020000003961-01.JPG,0.7369645237922668,1,유사(침해위험 높음)
1928,3020000015388-07,img/3020000015388-09-01__3020000015388-07.JPG,3020000002231-07,img/3020000002231-09-01__3020000002231-07.JPG,0.6282137036323547,0,비유사(침해위험 낮음)
1929,3020000034017-02,img/3020000034017-09-01__3020000034017-02.JPG,3020000030806-06,img/3020000030806-09-01__3020000030806-06.JPG,0.500585675239563,0,비유사(침해위험 낮음)
1930,3020000006446-01,img/3020000006446-09-01__3020000006446-01.JPG,3020000001189-07,img/3020000001189-09-01__3020000001189-07.JPG,0.6050500273704529,0,비유사(침해위험 낮음)
1931,3020000017001-06,img/3020000017001-09-01__3020000017001-06.JPG,3020000029148-02,img/3020000029148-09-01__3020000029148-02.JPG,0.6293905973434448,0,비유사(침해위험 낮음)
1932,3020000006438-02,img/3020000006438-09-01__3020000006438-02.JPG,3020000029877-02,img/3020000029877-09-01__3020000029877-02.JPG,0.7157877683639526,1,유사(침해위험 높음)
1933,3020000033368-03,img/3020000033368-09-01__3020000033368-03.JPG,3020000009483-09,img/3020000009483-09-01__3020000009483-09.JPG,0.5912242531776428,0,비유사(침해위험 낮음)
1934,3020000031247-03,img/3020000031247-09-01__3020000031247-03.JPG,3020000013864-07,img/3020000013864-09-01__3020000013864-07.JPG,0.6187922954559326,0,비유사(침해위험 낮음)
1935,3020000023571-37,img/3020000023571-09-01__3020000023571-37.JPG,3020000010608-06,img/3020000010608-09-01__3020000010608-06.JPG,0.6683563590049744,0,비유사(침해위험 낮음)
1936,3020000024557-05,img/3020000024557-09-01__3020000024557-05.JPG,3020000009397-04,img/3020000009397-09-01__3020000009397-04.JPG,0.7387734651565552,1,유사(침해위험 높음)
1937,3020000016422-05,img/3020000016422-09-01__3020000016422-05.JPG,3020000024951-01,img/3020000024951-09-01__3020000024951-01.JPG,0.4688534736633301,0,비유사(침해위험 낮음)
1938,3020000019759-07,img/3020000019759-09-01__3020000019759-07.JPG,3020000021877-01,img/3020000021877-09-01__3020000021877-01.JPG,0.4505680799484253,0,비유사(침해위험 낮음)
1939,3020000013605-06,img/3020000013605-09-01__3020000013605-06.JPG,3020000033316-07,img/3020000033316-09-01__3020000033316-07.JPG,0.750469446182251,1,유사(침해위험 높음)
1940,3020000018786-01,img/3020000018786-09-01__3020000018786-01.JPG,3020000028283-04,img/3020000028283-09-01__3020000028283-04.JPG,0.7540717124938965,1,유사(침해위험 높음)
1941,3020000010994-05,img/3020000010994-09-01__3020000010994-05.JPG,3020000010996-06,img/3020000010996-09-01__3020000010996-06.JPG,0.6906402707099915,0,비유사(침해위험 낮음)
1942,3020000028667-06,img/3020000028667-09-01__3020000028667-06.JPG,3020000029312-05,img/3020000029312-09-01__3020000029312-05.JPG,0.48957234621047974,0,비유사(침해위험 낮음)
1943,3020000020569-05,img/3020000020569-09-01__3020000020569-05.JPG,3020000018498-04,img/3020000018498-09-01__3020000018498-04.JPG,0.5230501890182495,0,비유사(침해위험 낮음)
1944,3020000001717-06,img/3020000001717-09-01__3020000001717-06.JPG,3020000031168-04,img/3020000031168-09-01__3020000031168-04.JPG,0.6193863153457642,0,비유사(침해위험 낮음)
1945,3020000028254-03,img/3020000028254-09-01__3020000028254-03.JPG,3020000011312-01,img/3020000011312-09-01__3020000011312-01.JPG,0.3824652135372162,0,비유사(침해위험 낮음)
1946,3020000021275-05,img/3020000021275-09-01__3020000021275-05.JPG,3020000025996-05,img/3020000025996-09-01__3020000025996-05.JPG,0.6020908355712891,0,비유사(침해위험 낮음)
1947,3020000020333-06,img/3020000020333-09-01__3020000020333-06.JPG,3020000018258-04,img/3020000018258-09-01__3020000018258-04.JPG,0.6535491943359375,0,비유사(침해위험 낮음)
1948,3020000000638-05,img/3020000000638-09-01__3020000000638-05.JPG,3020000030701-02,img/3020000030701-09-01__3020000030701-02.JPG,0.6682953834533691,0,비유사(침해위험 낮음)
1949,3020000012601-02,img/3020000012601-09-01__3020000012601-02.JPG,3020000011906-07,img/3020000011906-09-01__3020000011906-07.JPG,0.29707303643226624,0,비유사(침해위험 낮음)
1950,3020000015229-06,img/3020000015229-09-01__3020000015229-06.JPG,3020000031695-03,img/3020000031695-09-01__3020000031695-03.JPG,0.6178452372550964,0,비유사(침해위험 낮음)
1951,3020000030698-05,img/3020000030698-09-01__3020000030698-05.JPG,3020000033636-03,img/3020000033636-09-01__3020000033636-03.JPG,0.5797632932662964,0,비유사(침해위험 낮음)
1952,3020000033314-07,img/3020000033314-09-01__3020000033314-07.JPG,3020000003502-03,img/3020000003502-09-01__3020000003502-03.JPG,0.6087625026702881,0,비유사(침해위험 낮음)
1953,3020000025393-07,img/3020000025393-09-01__3020000025393-07.JPG,3020000006096-01,img/3020000006096-09-01__3020000006096-01.JPG,0.5669125318527222,0,비유사(침해위험 낮음)
1954,3020000033317-07,img/3020000033317-09-01__3020000033317-07.JPG,3020000024463-07,img/3020000024463-09-01__3020000024463-07.JPG,0.7746226787567139,1,유사(침해위험 높음)
1955,3020000010998-01,img/3020000010998-09-01__3020000010998-01.JPG,3020000017501-01,img/3020000017501-09-01__3020000017501-01.JPG,0.6835500001907349,0,비유사(침해위험 낮음)
1956,3020000016040-07,img/3020000016040-09-01__3020000016040-07.JPG,3020000011144-08,img/3020000011144-09-01__3020000011144-08.JPG,0.5534267425537109,0,비유사(침해위험 낮음)
1957,3020000021814-02,img/3020000021814-09-01__3020000021814-02.JPG,3020000006442-04,img/3020000006442-09-01__3020000006442-04.JPG,0.48780712485313416,0,비유사(침해위험 낮음)
1958,3020000014720-04,img/3020000014720-09-01__3020000014720-04.JPG,3020000029756-04,img/3020000029756-09-01__3020000029756-04.JPG,0.6503254175186157,0,비유사(침해위험 낮음)
1959,3020000022802-07,img/3020000022802-09-01__3020000022802-07.JPG,3020000024237-05,img/3020000024237-09-01__3020000024237-05.JPG,0.41579899191856384,0,비유사(침해위험 낮음)
1960,3020000028666-07,img/3020000028666-09-01__3020000028666-07.JPG,3020000015506-04,img/3020000015506-09-01__3020000015506-04.JPG,0.5767941474914551,0,비유사(침해위험 낮음)
1961,3020000026567-03,img/3020000026567-09-01__3020000026567-03.JPG,3020000018258-03,img/3020000018258-09-01__3020000018258-03.JPG,0.5357357859611511,0,비유사(침해위험 낮음)
1962,3020000027874-05,img/3020000027874-09-01__3020000027874-05.JPG,3020000018269-05,img/3020000018269-09-01__3020000018269-05.JPG,0.595463216304779,0,비유사(침해위험 낮음)
1963,3020000025777-05,img/3020000025777-09-01__3020000025777-05.JPG,3020000006442-05,img/3020000006442-09-01__3020000006442-05.JPG,0.5931379795074463,0,비유사(침해위험 낮음)
1964,3020000017301-05,img/3020000017301-09-01__3020000017301-05.JPG,3020000017303-07,img/3020000017303-09-01__3020000017303-07.JPG,0.40583914518356323,0,비유사(침해위험 낮음)
1965,3020000021814-03,img/3020000021814-09-01__3020000021814-03.JPG,3020000028256-02,img/3020000028256-09-01__3020000028256-02.JPG,0.5930371880531311,0,비유사(침해위험 낮음)
1966,3020000010115-05,img/3020000010115-09-01__3020000010115-05.JPG,3020000029850-02,img/3020000029850-09-01__3020000029850-02.JPG,0.5906867384910583,0,비유사(침해위험 낮음)
1967,3020000030701-07,img/3020000030701-09-01__3020000030701-07.JPG,3020000033368-05,img/3020000033368-09-01__3020000033368-05.JPG,0.6781194806098938,0,비유사(침해위험 낮음)
1968,3020000015364-03,img/3020000015364-09-01__3020000015364-03.JPG,3020000028254-04,img/3020000028254-09-01__3020000028254-04.JPG,0.7992817759513855,1,유사(침해위험 높음)
1969,3020000025935-04,img/3020000025935-09-01__3020000025935-04.JPG,3020000005118-03,img/3020000005118-09-01__3020000005118-03.JPG,0.6334978342056274,0,비유사(침해위험 낮음)
1970,3020000029794-02,img/3020000029794-09-01__3020000029794-02.JPG,3020000007018-05,img/3020000007018-09-01__3020000007018-05.JPG,0.6036020517349243,0,비유사(침해위험 낮음)
1971,3020000015506-03,img/3020000015506-09-01__3020000015506-03.JPG,3020000006510-04,img/3020000006510-09-01__3020000006510-04.JPG,0.6413661241531372,0,비유사(침해위험 낮음)
1972,3020000013861-06,img/3020000013861-09-01__3020000013861-06.JPG,3020000015436-06,img/3020000015436-09-01__3020000015436-06.JPG,0.7097242474555969,1,유사(침해위험 높음)
1973,3020000006510-01,img/3020000006510-09-01__3020000006510-01.JPG,3020000010927-06,img/3020000010927-09-01__3020000010927-06.JPG,0.6083784699440002,0,비유사(침해위험 낮음)
1974,3020000017722-09,img/3020000017722-09-01__3020000017722-09.JPG,3020000030343-06,img/3020000030343-09-01__3020000030343-06.JPG,0.6212868690490723,0,비유사(침해위험 낮음)
1975,3020000007536-01,img/3020000007536-09-01__3020000007536-01.JPG,3020000023374-04,img/3020000023374-09-01__3020000023374-04.JPG,0.6606857776641846,0,비유사(침해위험 낮음)
1976,3020000018258-03,img/3020000018258-09-01__3020000018258-03.JPG,3020000019480-02,img/3020000019480-09-01__3020000019480-02.JPG,0.45306915044784546,0,비유사(침해위험 낮음)
1977,3020000026521-09,img/3020000026521-09-01__3020000026521-09.JPG,3020000007443-07,img/3020000007443-09-01__3020000007443-07.JPG,0.6785762310028076,0,비유사(침해위험 낮음)
1978,3020000025308-04,img/3020000025308-09-01__3020000025308-04.JPG,3020000018092-04,img/3020000018092-09-01__3020000018092-04.JPG,0.5499354004859924,0,비유사(침해위험 낮음)
1979,3020000019482-07,img/3020000019482-09-01__3020000019482-07.JPG,3020000010996-03,img/3020000010996-09-01__3020000010996-03.JPG,0.7229347229003906,1,유사(침해위험 높음)
1980,3020000022730-03,img/3020000022730-09-01__3020000022730-03.JPG,3020000028626-07,img/3020000028626-09-01__3020000028626-07.JPG,0.5139924883842468,0,비유사(침해위험 낮음)
1981,3020000024464-02,img/3020000024464-09-01__3020000024464-02.JPG,3020000030343-06,img/3020000030343-09-01__3020000030343-06.JPG,0.43658706545829773,0,비유사(침해위험 낮음)
1982,3020000029020-04,img/3020000029020-09-01__3020000029020-04.JPG,3020000010608-01,img/3020000010608-09-01__3020000010608-01.JPG,0.4393196403980255,0,비유사(침해위험 낮음)
1983,3020000024700-03,img/3020000024700-09-01__3020000024700-03.JPG,3020000009575-03,img/3020000009575-09-01__3020000009575-03.JPG,0.8116630911827087,1,유사(침해위험 높음)
1984,3020000022803-01,img/3020000022803-09-01__3020000022803-01.JPG,3020000015289-06,img/3020000015289-09-01__3020000015289-06.JPG,0.6701234579086304,0,비유사(침해위험 낮음)
1985,3020000007445-03,img/3020000007445-09-01__3020000007445-03.JPG,3020000010998-02,img/3020000010998-09-01__3020000010998-02.JPG,0.6040471792221069,0,비유사(침해위험 낮음)
1986,3020000015612-02,img/3020000015612-09-01__3020000015612-02.JPG,3020000021422-04,img/3020000021422-09-01__3020000021422-04.JPG,0.286013662815094,0,비유사(침해위험 낮음)
1987,3020000028257-04,img/3020000028257-09-01__3020000028257-04.JPG,3020000002771-01,img/3020000002771-09-01__3020000002771-01.JPG,0.6847435832023621,0,비유사(침해위험 낮음)
1988,3020000017497-01,img/3020000017497-09-01__3020000017497-01.JPG,3020000000778-05,img/3020000000778-09-01__3020000000778-05.JPG,0.5112354755401611,0,비유사(침해위험 낮음)
1989,3020000022439-01,img/3020000022439-09-01__3020000022439-01.JPG,3020000007443-02,img/3020000007443-09-01__3020000007443-02.JPG,0.5358717441558838,0,비유사(침해위험 낮음)
1990,3020000011029-07,img/3020000011029-09-01__3020000011029-07.JPG,3020000018092-05,img/3020000018092-09-01__3020000018092-05.JPG,0.6700377464294434,0,비유사(침해위험 낮음)
1991,3020000024956-01,img/3020000024956-09-01__3020000024956-01.JPG,3020000023317-03,img/3020000023317-09-01__3020000023317-03.JPG,0.4246480166912079,0,비유사(침해위험 낮음)
1992,3020000029211-01,img/3020000029211-09-01__3020000029211-01.JPG,3020000023185-02,img/3020000023185-09-01__3020000023185-02.JPG,0.4502370059490204,0,비유사(침해위험 낮음)
1993,3020000018872-03,img/3020000018872-09-01__3020000018872-03.JPG,3020000029919-05,img/3020000029919-09-01__3020000029919-05.JPG,0.5761940479278564,0,비유사(침해위험 낮음)
1994,3020000022812-03,img/3020000022812-09-01__3020000022812-03.JPG,3020000019098-05,img/3020000019098-09-01__3020000019098-05.JPG,0.5328023433685303,0,비유사(침해위험 낮음)
1995,3020000030806-03,img/3020000030806-09-01__3020000030806-03.JPG,3020000021170-01,img/3020000021170-09-01__3020000021170-01.JPG,0.586181640625,0,비유사(침해위험 낮음)
1996,3020000022802-04,img/3020000022802-09-01__3020000022802-04.JPG,3020000009575-05,img/3020000009575-09-01__3020000009575-05.JPG,0.7818535566329956,1,유사(침해위험 높음)
1997,3020000004487-01,img/3020000004487-09-01__3020000004487-01.JPG,3020000025081-02,img/3020000025081-09-01__3020000025081-02.JPG,0.7285957336425781,1,유사(침해위험 높음)
1998,3020000001944-06,img/3020000001944-09-01__3020000001944-06.JPG,3020000033314-06,img/3020000033314-09-01__3020000033314-06.JPG,0.4356248378753662,0,비유사(침해위험 낮음)
1999,3020000031825-04,img/3020000031825-09-01__3020000031825-04.JPG,3020000012833-02,img/3020000012833-09-01__3020000012833-02.JPG,0.6259657144546509,0,비유사(침해위험 낮음)
2000,3020000015339-02,img/3020000015339-09-01__3020000015339-02.JPG,3020000002022-06,img/3020000002022-09-01__3020000002022-06.JPG,0.4240270256996155,0,비유사(침해위험 낮음)
